met_name,year,real_rent_growth_next_year,rdi_lag1,delta_rdi,supply_lag1,delta_supply,real_rent_growth,bedroom_density_rented,forecast_rent_ardl
"Akron, OH",2007,0.0138511157898593,2.0876896734958965,0.00491928506031547,0.002640347017036525,0.02557458808861273,-0.0197184457871284,0.6754243077084756,-0.01111127116354775
"Akron, OH",2008,-0.0505163415368137,2.092608958556212,0.013226781152336997,0.028214935105649257,-0.028214935105649257,0.0138511157898593,0.6886797632512326,-0.002502552901723666
"Akron, OH",2009,-0.012297787269153,2.105835739708549,0.09738484722291663,0.0,0.015336300993963046,-0.0505163415368137,0.6975228939335462,-0.01624978427651897
"Akron, OH",2010,-0.020224256357567798,2.2032205869314656,0.029697352807855015,0.015336300993963046,-0.009030184060537624,-0.012297787269153,0.7259982438646883,-0.006521798879224612
"Akron, OH",2011,-0.007404311634945902,2.2329179397393206,0.08988056302507097,0.0063061169334254225,-0.010662895304706495,-0.020224256357567798,0.730331942889843,-0.0037499265346191413
"Akron, OH",2012,-0.0018447671368089,2.3227985027643916,-0.15248053450770538,-0.004356778371281072,0.007923390090148148,-0.007404311634945902,0.6838193638889638,0.0001213535006165875
"Akron, OH",2013,0.018366286872612,2.170317968256686,0.0754330364318605,0.0035666117188670765,0.0061395165812165465,-0.0018447671368089,0.7242724738252587,-0.00238168288622935
"Akron, OH",2014,0.0262900410985012,2.2457510046885467,-0.0813581698624688,0.009706128300083623,-0.00920330360843347,0.018366286872612,0.6860948796672279,0.004829748724802789
"Akron, OH",2015,-0.0090981363462582,2.164392834826078,0.03553928698441844,0.0005028246916501523,0.01235710553953296,0.0262900410985012,0.7206201404142355,0.00430629720473473
"Akron, OH",2016,-0.004422868367392498,2.1999321218104964,-0.03804658198712474,0.012859930231183113,0.002580366315911251,-0.0090981363462582,0.6966217576896031,-0.006152100899437914
"Akron, OH",2017,0.004846769199625001,2.1618855398233716,0.008054797401012337,0.015440296547094364,-0.010208908217114485,-0.004422868367392498,0.7002749157003318,-0.004690629957691858
"Akron, OH",2018,0.009443386563396501,2.169940337224384,0.0037055205948846037,0.005231388329979879,-0.004659502249687073,0.004846769199625001,0.7130341229129871,-0.0013853980452933345
"Akron, OH",2019,0.0178043114684668,2.1736458578192686,0.03376592052282801,0.0005718860802928057,0.00562953138655676,0.009443386563396501,0.7029299653719163,0.001984432112094772
"Akron, OH",2020,0.0018631523460884009,2.2074117783420966,-0.1997241370251608,0.006201417466849566,0.0006150215118206608,0.0178043114684668,0.633025098156501,0.0031390427273900665
"Akron, OH",2021,-0.0120443713191433,2.007687641316936,0.006455922776077649,0.006816438978670227,0.012817401186073489,0.0018631523460884009,0.6630523129528161,-0.007301071712142393
"Akron, OH",2022,0.0009836917515735968,2.0141435640930134,0.02217581378146294,0.019633840164743715,-0.007571314227546316,-0.0120443713191433,0.6459987699036425,-0.009690220417911219
"Akron, OH",2023,0.007028964998590497,2.0363193778744764,0.038950461383703505,0.012062525937197399,-0.0007725119955336937,0.0009836917515735968,0.6618378640547796,-0.004836737812638207
"Akron, OH",2024,-0.0006221775281429025,2.07526983925818,-0.11942573724675998,0.011290013941663705,-0.0016938632145187624,0.007028964998590497,0.637943971985993,-0.004501481560483467
"Albany-Schenectady-Troy, NY",2007,0.00798022917717576,2.037961856259419,-0.01829789075499555,0.0253592561284869,-0.005767577742375653,-0.009017247656282396,0.6719391540934949,-0.01261119212499176
"Albany-Schenectady-Troy, NY",2008,-0.058368888407522204,2.0196639655044235,-0.0068634516486700825,0.019591678386111245,-0.008557195627490556,0.00798022917717576,0.6969248316902147,-0.008970403110987249
"Albany-Schenectady-Troy, NY",2009,0.003041076675481799,2.0128005138557534,0.06869148072690745,0.011034482758620689,9.126405419391387e-05,-0.058368888407522204,0.6827701623332167,-0.023358493191503543
"Albany-Schenectady-Troy, NY",2010,-0.02124595168085623,2.081491994582661,0.013026931869038805,0.011125746812814603,-0.007520005542197904,0.003041076675481799,0.7039387185057698,-0.005823578549533956
"Albany-Schenectady-Troy, NY",2011,-0.00949968591367006,2.0945189264516997,0.030114775599568766,0.003605741270616698,-0.0005228985651324829,-0.02124595168085623,0.7227440908111215,-0.012230703204421836
"Albany-Schenectady-Troy, NY",2012,-0.0002077758594717996,2.1246337020512684,0.03663093257030692,0.003082842705484215,0.030077180402545825,-0.00949968591367006,0.718702549207968,-0.009564868417852333
"Albany-Schenectady-Troy, NY",2013,0.003472113392041701,2.1612646346215754,-0.031069634333478646,0.03316002310803004,-0.010145037646164687,-0.0002077758594717996,0.701577791633909,-0.008507108164106436
"Albany-Schenectady-Troy, NY",2014,0.019993756601716997,2.1301950002880967,-0.07461104002222863,0.023014985461865353,-0.003928429131381521,0.003472113392041701,0.6872490177776813,-0.007725508644933619
"Albany-Schenectady-Troy, NY",2015,0.0049622733933554,2.055583960265868,0.04139286560551003,0.019086556330483832,0.0006079429400902697,0.019993756601716997,0.7173226630304181,-0.004687152412385105
"Albany-Schenectady-Troy, NY",2016,-0.0099100859352536,2.096976825871378,0.025255138157225243,0.019694499270574102,0.025266577943816808,0.0049622733933554,0.7173116920190857,-0.00989700033908715
"Albany-Schenectady-Troy, NY",2017,0.0004026971765908986,2.1222319640286034,-0.016323795271099062,0.04496107721439091,-0.004713025187894446,-0.0099100859352536,0.7252609365197057,-0.01739016510763538
"Albany-Schenectady-Troy, NY",2018,0.009637712606525399,2.1059081687575043,-0.039777461307195505,0.040248052026496464,-0.021589746758041387,0.0004026971765908986,0.6956374342999154,-0.011085693800905398
"Albany-Schenectady-Troy, NY",2019,0.022768720864519098,2.066130707450309,-0.04616476883929144,0.018658305268455078,-0.0065739427375791516,0.009637712606525399,0.6918800638713112,-0.007261506382028639
"Albany-Schenectady-Troy, NY",2020,-0.021200403013751992,2.0199659386110174,-0.24856842629829634,0.012084362530875926,0.021351600372289316,0.022768720864519098,0.6251735585505642,-0.008172283299563765
"Albany-Schenectady-Troy, NY",2021,-0.001967427534191095,1.771397512312721,0.15058032948804256,0.033435962903165244,-0.019992905152515797,-0.021200403013751992,0.662572773592371,-0.0221629503521317
"Albany-Schenectady-Troy, NY",2022,-0.001407288968946499,1.9219778418007636,-0.06240522950246441,0.013443057750649445,0.005611560708848289,-0.001967427534191095,0.6502957111543075,-0.014319297564809173
"Albany-Schenectady-Troy, NY",2023,0.0020123568348760987,1.8595726122982992,0.01192107120259478,0.019054618459497734,-0.0022032552229102227,-0.001407288968946499,0.6401282266574098,-0.014060014421719773
"Albany-Schenectady-Troy, NY",2024,0.007384346766471896,1.871493683500894,-0.09749728526490742,0.01685136323658751,0.004097294388654669,0.0020123568348760987,0.6464070270619389,-0.016950562691089195
"Albuquerque, NM",2007,0.015876536567358997,2.282702812057455,0.04436202922432608,0.01021355617455896,-0.004249978883177291,-0.003604512611326195,0.7870073572060934,-0.004439288989944938
"Albuquerque, NM",2008,-0.055518819674426095,2.327064841281781,-0.05273049778968142,0.005963577291381669,0.011374883920185805,0.015876536567358997,0.7662608282442993,0.0010074689185883001
"Albuquerque, NM",2009,-0.007779573354445701,2.2743343434920997,0.0661590793966198,0.017338461211567475,-0.005537880581228496,-0.055518819674426095,0.765310685311537,-0.018248894664075477
"Albuquerque, NM",2010,-0.014849457806366002,2.3404934228887195,0.023117156420647156,0.011800580630338979,-0.007816599125921506,-0.007779573354445701,0.7677814630550949,-0.0020447950874529774
"Albuquerque, NM",2011,-0.0051348219442844,2.3636105793093667,-0.05766120346649517,0.0039839815044174715,-0.00026253486913980226,-0.014849457806366002,0.7652340802749464,-0.004653428990659521
"Albuquerque, NM",2012,-0.0108794883176055,2.3059493758428715,0.13177291814258307,0.0037214466352776692,-0.0024514232832353895,-0.0051348219442844,0.8056598477139548,-0.0012409398179970416
"Albuquerque, NM",2013,0.011917230083333001,2.4377222939854546,0.08705453320048884,0.0012700233520422796,0.01861541036317867,-0.0108794883176055,0.8080512625933708,0.0001117675847803895
"Albuquerque, NM",2014,0.010776235425974801,2.5247768271859434,-0.06101437026524348,0.01988543371522095,-0.0135867897290218,0.011917230083333001,0.7918794744194168,0.006054857357009127
"Albuquerque, NM",2015,0.007273240466199898,2.4637624569207,0.10162088639436817,0.00629864398619915,0.018897704138028416,0.010776235425974801,0.8389690040546427,0.004313005955398311
"Albuquerque, NM",2016,0.0027053181565218007,2.565383343315068,-0.11556240780562277,0.025196348124227566,-0.01893541092803857,0.007273240466199898,0.8024188734210463,0.0032779890065914447
"Albuquerque, NM",2017,0.014729018137708699,2.4498209355094454,-0.18109481467754573,0.006260937196188995,-0.007922708721927131,0.0027053181565218007,0.7370987578227353,0.0026846849387832106
"Albuquerque, NM",2018,0.0343090250280857,2.2687261208318996,0.01803404080347004,-0.0016617715257381358,0.010042524825780717,0.014729018137708699,0.745759733749522,0.0037767358413265395
"Albuquerque, NM",2019,0.0503005942993011,2.2867601616353697,0.14223986491494767,0.00838075330004258,-0.0035438082531126973,0.0343090250280857,0.7891498366839951,0.00996805515839047
"Albuquerque, NM",2020,0.066029273530914,2.4290000265503173,-0.3890512958085477,0.004836945046929883,0.002841991363071836,0.0503005942993011,0.717666106798614,0.009026483603405806
"Albuquerque, NM",2021,0.010757143395813004,2.0399487307417696,0.15710101196835025,0.007678936410001719,-0.0028640443659473528,0.066029273530914,0.7343063852230644,0.012740537148530837
"Albuquerque, NM",2022,-0.020754174352075598,2.19704974271012,-0.16050873741911476,0.004814892044054366,-0.004324390789503081,0.010757143395813004,0.6954195145055504,-0.0025513168467680286
"Albuquerque, NM",2023,-0.0011804609574203005,2.036541005291005,0.0836002781736278,0.0004905012545512857,0.02502191554253732,-0.020754174352075598,0.7067098084070462,-0.013242484846645163
"Albuquerque, NM",2024,-0.03087209307953715,2.120141283464633,0.074188649458788,0.025512416797088606,0.0020498234853370163,-0.0011804609574203005,0.7347847195007107,-0.009448587394067169
"Allentown-Bethlehem-Easton, PA-NJ",2007,0.00624599664717793,2.2366449147706127,-0.001338348431185299,0.009489829698017435,-0.008833972529134215,-0.008881177702840796,0.741657889604057,-0.005250386983552048
"Allentown-Bethlehem-Easton, PA-NJ",2008,-0.055964418410831496,2.2353065663394274,0.034281240220210396,0.000655857168883221,0.014491796037248665,0.00624599664717793,0.7486760238478158,-0.0007205269365282985
"Allentown-Bethlehem-Easton, PA-NJ",2009,-0.0001246219347644014,2.2695878065596378,0.023929379025647624,0.015147653206131886,-0.0020553615170469126,-0.055964418410831496,0.7385554308307059,-0.017657387764807075
"Allentown-Bethlehem-Easton, PA-NJ",2010,-0.02161692912729311,2.2935171855852854,0.017710163564724102,0.013092291689084974,0.007726289248459283,-0.0001246219347644014,0.7736851979238322,-0.004380259199458794
"Allentown-Bethlehem-Easton, PA-NJ",2011,-0.0032819137725711017,2.3112273491500095,-0.008134890961306596,0.020818580937544257,-0.010448159183937154,-0.02161692912729311,0.7498247970030197,-0.008432973239823179
"Allentown-Bethlehem-Easton, PA-NJ",2012,-0.006440604692634581,2.303092458188703,0.03363783121932151,0.010370421753607103,-0.01201815097677143,-0.0032819137725711017,0.7715160657925837,-0.0018002747794858415
"Allentown-Bethlehem-Easton, PA-NJ",2013,0.013639973818050398,2.3367302894080244,-0.0181811949340549,-0.0016477292231643268,0.009074748444014995,-0.006440604692634581,0.7473630288495122,-0.0003630883522739853
"Allentown-Bethlehem-Easton, PA-NJ",2014,0.0225713110362549,2.3185490944739695,0.09219900162566441,0.0074270192208506685,-0.0074270192208506685,0.013639973818050398,0.7923641794760097,0.004132702815284703
"Allentown-Bethlehem-Easton, PA-NJ",2015,0.007435687337599799,2.410748096099634,-0.015452576364652248,0.0,0.035700877163043106,0.0225713110362549,0.7693478014046357,0.0068191551461313366
"Allentown-Bethlehem-Easton, PA-NJ",2016,0.012918624330204003,2.3952955197349817,0.07256876345918517,0.035700877163043106,-0.0128305525626147,0.007435687337599799,0.7931080097890072,5.67171101450159e-05
"Allentown-Bethlehem-Easton, PA-NJ",2017,0.011531135813251502,2.467864283194167,-0.13892219618573787,0.022870324600428406,-0.003733110128312681,0.012918624330204003,0.7545062918036504,0.0027149079988297714
"Allentown-Bethlehem-Easton, PA-NJ",2018,0.012951302447652802,2.328942087008429,0.11354459857217947,0.019137214472115725,0.0044141401259306205,0.011531135813251502,0.8003000799125854,0.0006963554629242086
"Allentown-Bethlehem-Easton, PA-NJ",2019,0.0359361952833977,2.4424866855806084,-0.01402731484762576,0.023551354598046345,-0.005421760429166242,0.012951302447652802,0.7824922927145871,0.003485106613935543
"Allentown-Bethlehem-Easton, PA-NJ",2020,0.026013404688312508,2.4284593707329827,-0.2216326338267347,0.018129594168880103,-0.0016272431905697757,0.0359361952833977,0.7263969046817982,0.0076995264566036906
"Allentown-Bethlehem-Easton, PA-NJ",2021,-0.0107752766731663,2.206826736906248,0.13913242819640814,0.016502350978310328,-0.001222873822919239,0.026013404688312508,0.7588744469280938,0.00454636406067474
"Allentown-Bethlehem-Easton, PA-NJ",2022,-0.009764843643095,2.345959165102656,-0.15769116661038307,0.015279477155391089,0.0355420742393357,-0.0107752766731663,0.739249605256456,-0.010990131099903488
"Allentown-Bethlehem-Easton, PA-NJ",2023,0.008525801541673702,2.188267998492273,0.06904183042355205,0.050821551394726786,-0.03451385908703448,-0.009764843643095,0.7269108304939187,-0.010006684243478316
"Allentown-Bethlehem-Easton, PA-NJ",2024,-0.008985457973480201,2.257309828915825,0.030442834825948673,0.016307692307692308,0.0049402090492008735,0.008525801541673702,0.7619474741676234,-0.0025693787405060287
"Ann Arbor, MI",2007,0.0124775155751395,2.0750782064650677,0.13678236392877574,0.00035403242937053034,0.0004599539805954946,-0.0176058224829998,0.7359806045303915,-0.00899850666024514
"Ann Arbor, MI",2008,-0.052031681596809404,2.2118605703938434,-0.1386811743014813,0.0008139864099660249,-0.0010261579860472159,0.0124775155751395,0.6623538758370219,0.002669521997093603
"Ann Arbor, MI",2009,-0.00819367150174856,2.073179396092362,0.02422784661369537,-0.00021217157608119098,0.0010256685519946067,-0.052031681596809404,0.7254197845406946,-0.021746532313545168
"Ann Arbor, MI",2010,-0.011356217703240402,2.0974072427060575,0.01306794974890213,0.0008134969759134157,0.0007414931286950096,-0.00819367150174856,0.6986996870976135,-0.006509736449224791
"Ann Arbor, MI",2011,0.028327307589006402,2.1104751924549596,-0.01068305441989903,0.0015549901046084252,-0.006918434000162413,-0.011356217703240402,0.7149093140938925,-0.008451114885775636
"Ann Arbor, MI",2012,0.011228350335422499,2.0997921380350606,0.18044558750972728,-0.005363443895553988,0.003483211172409387,0.028327307589006402,0.7245773525625393,0.008487153003286063
"Ann Arbor, MI",2013,0.0228855948585138,2.280237725544788,-0.16934735169613324,-0.0018802327231446005,0.0018802327231446005,0.011228350335422499,0.6872019802329479,0.0026070039133209016
"Ann Arbor, MI",2014,0.0174109942113419,2.1108903738486546,0.1350951339254416,0.0,0.009418873289497068,0.0228855948585138,0.7643071775967287,0.0009483208096835033
"Ann Arbor, MI",2015,0.0231253788662777,2.2459855077740962,-0.08715377281332914,0.009418873289497068,-0.0008977465289336881,0.0174109942113419,0.7301867207681147,-4.046091388816564e-05
"Ann Arbor, MI",2016,0.032104461688440306,2.158831734960767,-0.013454921861449254,0.00852112676056338,0.006875842724807754,0.0231253788662777,0.7408578498762717,-0.001347031429247067
"Ann Arbor, MI",2017,0.007647593320265801,2.145376813099318,0.1189313339540723,0.015396969485371134,-0.014915588609945627,0.032104461688440306,0.7327932560086093,0.006375087540162715
"Ann Arbor, MI",2018,0.0204074747053146,2.26430814705339,-0.005193494078759464,0.0004813808754255063,0.01457171738212682,0.007647593320265801,0.743891700226603,9.72013711628833e-05
"Ann Arbor, MI",2019,-0.0003448800451908013,2.2591146529746307,-0.008061262461699581,0.015053098257552326,0.005160207989273474,0.0204074747053146,0.7438688557053833,0.0013159234904300404
"Ann Arbor, MI",2020,0.014548689684345209,2.251053390512931,-0.18241387284467692,0.0202133062468258,-0.0202133062468258,-0.0003448800451908013,0.6871156193342735,-0.004888057730195107
"Ann Arbor, MI",2021,-0.021960501772491495,2.068639517668254,-0.0873511011911936,0.0,0.02396123722288597,0.014548689684345209,0.6975073226134257,-0.006656089732306865
"Ann Arbor, MI",2022,-0.0106981853250523,1.9812884164770606,0.02900017424110013,0.02396123722288597,-0.021854541170510264,-0.021960501772491495,0.6562683899048444,-0.01424321814608738
"Ann Arbor, MI",2023,0.004344062598812103,2.0102885907181607,-0.03974703669356838,0.002106696052375705,0.0017097275059541248,-0.0106981853250523,0.6659102697095436,-0.010640691165482975
"Ann Arbor, MI",2024,-0.03327492115452886,1.9705415540245923,-0.009770697738356926,0.0038164235583298296,0.02978862847633847,0.004344062598812103,0.6700199965438073,-0.0103820517894588
"Atlanta-Sandy Springs-Roswell, GA",2007,-0.017468093584628103,2.60620840006797,0.08125666004220955,0.014983516483516484,-0.0024731633678376722,-0.026612196067270298,0.8536480383328343,-0.0014376219554184805
"Atlanta-Sandy Springs-Roswell, GA",2008,-0.061944354980760605,2.6874650601101795,-0.05434560026267432,0.012510353115678812,0.014230202279481529,-0.017468093584628103,0.8423982697191488,0.0002166220871594321
"Atlanta-Sandy Springs-Roswell, GA",2009,-0.018989843114786152,2.633119459847505,0.13270509116003648,0.02674055539516034,-0.013378720980886194,-0.061944354980760605,0.8619026121367924,-0.0104942276175721
"Atlanta-Sandy Springs-Roswell, GA",2010,-0.016168333506601303,2.7658245510075417,-0.09696118474806825,0.013361834414274147,-0.006306535360547505,-0.018989843114786152,0.8410443618428289,0.0037287838461616957
"Atlanta-Sandy Springs-Roswell, GA",2011,0.008919409401369097,2.6688633662594734,0.032262360826097236,0.007055299053726642,-0.005384197376756975,-0.016168333506601303,0.8350910946062373,0.006146314610450912
"Atlanta-Sandy Springs-Roswell, GA",2012,0.019349002623621,2.7011257270855706,-0.03797270423338661,0.0016711016769696675,-0.005654678337896995,0.008919409401369097,0.8183566059052392,0.01484480673974288
"Atlanta-Sandy Springs-Roswell, GA",2013,0.026896490125642797,2.663153022852184,0.0031914713557053,-0.003983576660927328,0.015800540307333907,0.019349002623621,0.8163586842477164,0.016833869459021877
"Atlanta-Sandy Springs-Roswell, GA",2014,0.053383585700895304,2.6663444942078893,0.04380749649564475,0.011816963646406579,0.0014289565545694896,0.026896490125642797,0.8197575749114383,0.018366343716667927
"Atlanta-Sandy Springs-Roswell, GA",2015,0.018586019505344397,2.710151990703534,-0.01655709551222051,0.013245920200976069,0.004411409374240316,0.053383585700895304,0.8259273528886064,0.02475418453313033
"Atlanta-Sandy Springs-Roswell, GA",2016,0.0091074307001047,2.6935948951913136,-0.04712898515272412,0.017657329575216384,0.0013137701358052374,0.018586019505344397,0.8042902824078145,0.014310296239110551
"Atlanta-Sandy Springs-Roswell, GA",2017,0.030632748083129897,2.6464659100385894,-0.0385239017617951,0.018971099711021622,0.010331643181583899,0.0091074307001047,0.7926198373960797,0.009659327103759482
"Atlanta-Sandy Springs-Roswell, GA",2018,0.019163611450529097,2.6079420082767943,-0.028653906507078997,0.02930274289260552,-0.012481488005491145,0.030632748083129897,0.7908347861163864,0.014439118876121801
"Atlanta-Sandy Springs-Roswell, GA",2019,0.022434152542814303,2.5792881017697153,-0.09230341836005795,0.016821254887114376,0.00889873711488972,0.019163611450529097,0.7721500228270665,0.009833440478861546
"Atlanta-Sandy Springs-Roswell, GA",2020,0.08588673975177,2.4869846834096574,-0.12620359123427072,0.025719992002004095,0.006787290095239908,0.022434152542814303,0.7630521048819233,0.004506457759845622
"Atlanta-Sandy Springs-Roswell, GA",2021,-0.0464191317829771,2.3607810921753867,0.021737616011499483,0.032507282097244,-0.01447808121531487,0.08588673975177,0.7359193576101282,0.02454889182078103
"Atlanta-Sandy Springs-Roswell, GA",2022,-0.0568306586001177,2.382518708186886,0.02602192735321962,0.018029200881929133,0.011694790625501866,-0.0464191317829771,0.7567687073586967,-0.012986183299922682
"Atlanta-Sandy Springs-Roswell, GA",2023,-0.0444824698395853,2.408540635540106,-0.04957580873204215,0.029723991507430998,0.01513586027081601,-0.0568306586001177,0.7446082280286913,-0.01892770762330659
"Atlanta-Sandy Springs-Roswell, GA",2024,-0.02967283994324505,2.3589648268080636,0.008095329334791401,0.04485985177824701,0.005713722211807083,-0.0444824698395853,0.7457251331207668,-0.018011294824030487
"Augusta-Richmond County, GA-SC",2007,-0.0134474175678205,2.3303943541963807,-0.02646908697281125,0.008804754567466431,0.0042871066588045705,-0.0155155825856295,0.7034842899771809,-0.0014521036343710311
"Augusta-Richmond County, GA-SC",2008,-0.0652807473238049,2.3039252672235695,0.15614534177907835,0.013091861226271002,0.002199975947969791,-0.0134474175678205,0.7591983264874759,-0.00120012657426391
"Augusta-Richmond County, GA-SC",2009,-0.0024403713490295,2.460070609002648,0.10381218609284026,0.015291837174240793,0.04171919379733324,-0.0652807473238049,0.7811687167742671,-0.016257104233251392
"Augusta-Richmond County, GA-SC",2010,-0.018015152691321798,2.563882795095488,-0.051409195298749655,0.057011030971574034,-0.03854733120738759,-0.0024403713490295,0.7492801666982383,0.002577251880427192
"Augusta-Richmond County, GA-SC",2011,-0.00011706080322270232,2.5124735997967385,0.13765522569185595,0.018463699764186443,-0.015360098601567595,-0.018015152691321798,0.7856201418611475,0.004798868825184571
"Augusta-Richmond County, GA-SC",2012,0.0038694342315826,2.6501288254885944,-0.013420955045784222,0.003103601162618848,0.01526394622958231,-0.00011706080322270232,0.7695630928296441,0.012742864064552925
"Augusta-Richmond County, GA-SC",2013,0.0143600128280983,2.63670787044281,0.01725907850070696,0.01836754739220116,-0.007999106034176468,0.0038694342315826,0.7898803930780675,0.011623761614983616
"Augusta-Richmond County, GA-SC",2014,0.0090056841095347,2.653966948943517,0.04996274028540393,0.01036844135802469,0.011348899103051152,0.0143600128280983,0.7710122194727281,0.017979721280953445
"Augusta-Richmond County, GA-SC",2015,-0.004660482998408301,2.703929689228921,0.07958097414784104,0.021717340461075842,0.033687686166972375,0.0090056841095347,0.8250277164444693,0.010981947006893394
"Augusta-Richmond County, GA-SC",2016,0.009760006565492599,2.783510663376762,-0.1354455314933749,0.055405026628048214,-0.025659984135130365,-0.004660482998408301,0.7920337714802271,0.0047972213050519324
"Augusta-Richmond County, GA-SC",2017,0.010826465488329901,2.648065131883387,0.09806087284844933,0.029745042492917848,-0.010917669728131053,0.009760006565492599,0.8101489336131424,0.012877541034942666
"Augusta-Richmond County, GA-SC",2018,0.0291110902217388,2.7461260047318365,-0.021880153129028912,0.018827372764786795,-0.005663926642096726,0.010826465488329901,0.8108453347721225,0.015248918862771854
"Augusta-Richmond County, GA-SC",2019,0.0367977841489162,2.7242458516028076,-0.01968609796858134,0.013163446122690069,0.021024943983081565,0.0291110902217388,0.8005822416302766,0.019104912903210744
"Augusta-Richmond County, GA-SC",2020,0.012954898735954304,2.7045597536342263,-0.16823201283910727,0.034188390105771634,-0.020538299507825188,0.0367977841489162,0.7694413332929725,0.017425986698899346
"Augusta-Richmond County, GA-SC",2021,-0.030516826761094996,2.536327740795119,-0.14530740917562213,0.013650090597946446,0.0346934384399498,0.012954898735954304,0.7320281138909223,0.005989078779533842
"Augusta-Richmond County, GA-SC",2022,-0.02851913033464146,2.391020331619497,0.14959429830403526,0.048343529037896245,0.018497439474096482,-0.030516826761094996,0.7445246215858161,-0.009441238045323513
"Augusta-Richmond County, GA-SC",2023,0.010133636834489802,2.540614629923532,-0.0921374891161233,0.06684096851199273,-0.04208515249352354,-0.02851913033464146,0.7226242950358979,-0.006670439108929921
"Augusta-Richmond County, GA-SC",2024,-0.02175704067006707,2.448477140807409,-0.08696904983259923,0.024755816018469188,0.03104620810464186,0.010133636834489802,0.718601276719955,0.002374621930962363
"Austin-Round Rock, TX",2007,0.00502454706713438,2.3195828727117624,0.05810325979787212,0.022839724652022855,-0.003991520139470333,0.004706867089572901,0.802725948299335,-0.003766214488185815
"Austin-Round Rock, TX",2008,-0.0711069486136971,2.3776861325096346,-0.019628602069166945,0.01884820451255252,0.04934842135212164,0.00502454706713438,0.8003003669302389,-0.007406140078922284
"Austin-Round Rock, TX",2009,-0.0026755619640875007,2.3580575304404676,0.11589526894528834,0.06819662586467416,-0.03934766438835484,-0.0711069486136971,0.8400294415454967,-0.030491519072656514
"Austin-Round Rock, TX",2010,-0.008488075724261301,2.473952799385756,-0.07246452327025565,0.028848961476319324,-0.01746518635160234,-0.0026755619640875007,0.8144563759836929,-0.004172275015337346
"Austin-Round Rock, TX",2011,0.0111096789311886,2.4014882761155003,-0.0010078880106956234,0.011383775124716982,-0.009600332456786523,-0.008488075724261301,0.8197491129408253,-0.0043999322523312345
"Austin-Round Rock, TX",2012,0.018398040318552,2.4004803881048047,0.11514614270738299,0.0017834426679304582,0.018179209059427152,0.0111096789311886,0.8453124614207057,0.002364095493917945
"Austin-Round Rock, TX",2013,0.018488070337759,2.5156265308121877,-0.07043688048747443,0.01996265172735761,0.022861274012769453,0.018398040318552,0.8352630167247036,0.0002114797338778479
"Austin-Round Rock, TX",2014,0.0391768111681004,2.4451896503247132,0.010116193199034118,0.04282392574012706,0.00415220872152304,0.018488070337759,0.8410294466006011,-0.003626457729428517
"Austin-Round Rock, TX",2015,-0.0039425897555723025,2.4553058435237474,-0.01953447726390367,0.0469761344616501,0.0007709435312062834,0.0391768111681004,0.8470780816292642,0.0006482296352251504
"Austin-Round Rock, TX",2016,-0.0090010201075263,2.4357713662598437,0.03591667130406373,0.047747077992856386,0.006440061564235634,-0.0039425897555723025,0.8349058919716257,-0.010194552548079931
"Austin-Round Rock, TX",2017,0.0201160561301861,2.4716880375639074,-0.04177188356820949,0.05418713955709202,0.0009596215765112215,-0.0090010201075263,0.8391716831102058,-0.013782928537287034
"Austin-Round Rock, TX",2018,0.02405979029212,2.429916153995698,0.004524366099006638,0.05514676113360324,-0.02152997048433731,0.0201160561301861,0.8298961900903887,-0.0032851524508027002
"Austin-Round Rock, TX",2019,-0.02012856409771776,2.4344405200947046,-0.07671905606422191,0.03361679064926593,0.012446892032422746,0.02405979029212,0.8140238731080404,-0.002153450358673717
"Austin-Round Rock, TX",2020,0.08090444709964001,2.3577214640304827,-0.16380252419086894,0.04606368268168868,0.00900811248583338,-0.02012856409771776,0.7788024004748192,-0.020403890203043472
"Austin-Round Rock, TX",2021,-0.0371935639801903,2.1939189398396137,-0.13468022040427208,0.05507179516752206,-0.006847719287127858,0.08090444709964001,0.7386723790422849,0.004635495732524843
"Austin-Round Rock, TX",2022,-0.07911198681631279,2.0592387194353416,-0.042970779163372,0.0482240758803942,0.011386541884869442,-0.0371935639801903,0.7038811206503955,-0.029226980454673805
"Austin-Round Rock, TX",2023,-0.0785236044801598,2.0162679402719696,-0.05412230520035055,0.05961061776526364,0.013937720488956966,-0.07911198681631279,0.6867253913361046,-0.04451367905240505
"Austin-Round Rock, TX",2024,-0.0690170247423649,1.962145635071619,0.07291909999072987,0.07354833825422061,0.04111969178703323,-0.0785236044801598,0.7155232437981076,-0.050120404377290415
"Bakersfield, CA",2007,0.00802989754140258,3.126618831906006,-0.02684413312393863,0.027066812289282493,0.004696098617370612,0.002711519649330099,0.9511052334532242,0.015992401774497844
"Bakersfield, CA",2008,-0.0888555540736256,3.0997746987820674,-0.07228610123231594,0.031762910906653105,-0.011508385005954056,0.00802989754140258,0.9424164769923759,0.01593918454405481
"Bakersfield, CA",2009,-0.006385649352841381,3.0274885975497514,0.29723533837227656,0.02025452590069905,-0.015203577200769324,-0.0888555540736256,1.0029934687953557,-0.004668802087678683
"Bakersfield, CA",2010,-0.013992348602431301,3.324723935922028,-0.00589119845947117,0.005050948699929726,-0.0021667114932697597,-0.006385649352841381,0.9889890293414726,0.02510055514947805
"Bakersfield, CA",2011,0.004857043660831499,3.318832737462557,0.05616040758816965,0.002884237206659966,0.007965908769199549,-0.013992348602431301,1.0040405468605549,0.023058962523648224
"Bakersfield, CA",2012,0.0006442716062698018,3.3749931450507265,-0.0505449357232286,0.010850145975859515,-0.01028975283852009,0.004857043660831499,0.9724915128704257,0.030047311478157326
"Bakersfield, CA",2013,0.0041746407437191,3.324448209327498,-0.00574652731646319,0.0005603931373394258,0.010813524401758416,0.0006442716062698018,0.9755301030506035,0.027958150685132174
"Bakersfield, CA",2014,0.010141811037566199,3.3187016820110347,0.07502251864662979,0.011373917539097842,0.004004144228740283,0.0041746407437191,1.0001030895951672,0.027844373910592204
"Bakersfield, CA",2015,0.0051829856676683,3.3937242006576644,-0.08306157207430065,0.015378061767838125,-0.013448207765488737,0.010141811037566199,0.9775034046817587,0.030253170998455425
"Bakersfield, CA",2016,0.0120938823110275,3.310662628583364,-0.0929893063187972,0.0019298540023493876,0.011720594033828486,0.0051829856676683,0.9715091649112599,0.025595982342545162
"Bakersfield, CA",2017,0.021385340765968302,3.2176733222645666,0.11856229387776818,0.013650448036177874,-0.011006693905312046,0.0120938823110275,0.9901923842661258,0.028623077587071027
"Bakersfield, CA",2018,0.017569537380075502,3.3362356161423348,-0.16215566882818688,0.0026437541308658294,-0.0026437541308658294,0.021385340765968302,0.965567781017203,0.03063533856616016
"Bakersfield, CA",2019,0.034875959038003904,3.174079947314148,0.016554705003293257,0.0,0.00988793671720501,0.017569537380075502,0.9612167685617463,0.02795296310964218
"Bakersfield, CA",2020,0.057209455034210016,3.190634652317441,0.028085737321700055,0.00988793671720501,0.009245548922481674,0.034875959038003904,0.9730888880559854,0.031105609427333328
"Bakersfield, CA",2021,-0.009797231507627499,3.218720389639141,-0.16749637598869027,0.019133485639686684,0.012450518203233937,0.057209455034210016,0.9250218397084168,0.03395829427978307
"Bakersfield, CA",2022,-0.0053326944116611,3.051224013650451,-0.06097082770507223,0.03158400384292062,-0.03158400384292062,-0.009797231507627499,0.9146238629934282,0.013202901471795342
"Bakersfield, CA",2023,-0.0148228726364498,2.9902531859453787,0.0042805314738418865,0.0,0.0022118742724097787,-0.0053326944116611,0.9134618947546729,0.017247655770414427
"Bakersfield, CA",2024,-0.02024200980916619,2.9945337174192206,0.07673411298683286,0.0022118742724097787,0.01482456046642942,-0.0148228726364498,0.9138881330067923,0.015646714425344405
"Baltimore-Columbia-Towson, MD",2007,0.01011340909883261,2.3013796925403063,-0.01411257626108453,0.004193494737342298,0.007991384182817168,-0.0132271479311552,0.7600164678073918,-0.005918465083043167
"Baltimore-Columbia-Towson, MD",2008,-0.03374984786244607,2.2872671162792217,0.07909323878367758,0.012184878920159467,-0.006101499810518393,0.01011340909883261,0.7846376264485712,0.0008236457589413937
"Baltimore-Columbia-Towson, MD",2009,0.0169450931404305,2.3663603550628993,-0.01118100435785685,0.006083379109641075,0.00260025210031693,-0.03374984786244607,0.7810193714879636,-0.01029028427223528
"Baltimore-Columbia-Towson, MD",2010,-0.013303654184954602,2.3551793507050425,0.04133409984732639,0.008683631209958005,-0.0061268817368557,0.0169450931404305,0.7776153178957937,0.005901484691670372
"Baltimore-Columbia-Towson, MD",2011,-0.003901601843881601,2.396513450552369,-0.0034012367144340416,0.0025567494731023044,0.005708520311276968,-0.013303654184954602,0.7957332938359377,-0.003654971926842998
"Baltimore-Columbia-Towson, MD",2012,0.006339603447977101,2.393112213837935,0.0019430414657675144,0.008265269784379272,0.004677575476841753,-0.003901601843881601,0.7885889361056306,-0.0014048607757049664
"Baltimore-Columbia-Towson, MD",2013,0.007696531123207601,2.3950552553037023,-0.019745355101587148,0.012942845261221025,0.006257100749475605,0.006339603447977101,0.7809424846604113,0.0004171667951990976
"Baltimore-Columbia-Towson, MD",2014,0.014913621062542902,2.375309900202115,0.05788116166894364,0.01919994601069663,-0.004389790790999786,0.007696531123207601,0.7967844368303814,0.000917042078149799
"Baltimore-Columbia-Towson, MD",2015,-0.012135401848174571,2.433191061871059,0.026358796663191963,0.014810155219696844,0.0005994722631617131,0.014913621062542902,0.8131201815672535,0.0036078723517246197
"Baltimore-Columbia-Towson, MD",2016,-0.0048817179613895,2.459549858534251,-0.04659623481516029,0.015409627482858557,-0.0010049580137964677,-0.012135401848174571,0.7913585548342019,-0.0034726005658931164
"Baltimore-Columbia-Towson, MD",2017,0.009154054150834999,2.4129536237190905,-0.0658927236062965,0.01440466946906209,0.006969416629071835,-0.0048817179613895,0.780943067753928,-0.0038701992982934086
"Baltimore-Columbia-Towson, MD",2018,0.010560273298358902,2.347060900112794,-0.06646558493913624,0.021374086098133925,-0.0028040751411555695,0.009154054150834999,0.7696816750494578,-0.002530685758130119
"Baltimore-Columbia-Towson, MD",2019,0.022192042201026902,2.2805953151736578,0.06437003245507755,0.018570010956978356,-0.004905301224234302,0.010560273298358902,0.7775368514012457,-0.0006398473069745975
"Baltimore-Columbia-Towson, MD",2020,0.032591045460178006,2.3449653476287353,-0.22612723158295145,0.013664709732744054,0.00559744174145127,0.022192042201026902,0.7181501184718437,0.0007241210166508624
"Baltimore-Columbia-Towson, MD",2021,-0.034975572702614796,2.118838116045784,0.04997342647042169,0.019262151474195324,-0.010500647088531974,0.032591045460178006,0.7276786890180805,0.0021859471626385282
"Baltimore-Columbia-Towson, MD",2022,-0.0214072419557829,2.1688115425162056,-0.009882427321196374,0.00876150438566335,-0.0030069352967547706,-0.034975572702614796,0.7338952893056776,-0.015796114767676527
"Baltimore-Columbia-Towson, MD",2023,-0.0010070952601556986,2.158929115195009,-0.013598842470931682,0.0057545690889085795,0.01220906797882174,-0.0214072419557829,0.7189980273346002,-0.012036933673669134
"Baltimore-Columbia-Towson, MD",2024,-0.0179641759338975,2.1453302727240775,-0.016683438181770427,0.01796363706773032,0.0013568413078848887,-0.0010070952601556986,0.7175430682648107,-0.0083321880038036
"Baton Rouge, LA",2007,-0.017070724319071803,2.3603120646419615,-0.1187595480953445,0.010141108182940254,0.02879419778449807,-0.017884086767133697,0.7318521018762428,-0.008753384431687584
"Baton Rouge, LA",2008,-0.0553010950829325,2.241552516546617,0.12691797123222814,0.03893530596743833,0.04650652492893802,-0.017070724319071803,0.751527425931696,-0.014556251363686462
"Baton Rouge, LA",2009,-0.00617882309811592,2.368470487778845,0.09196207284995239,0.08544183089637634,-0.07595372031889011,-0.0553010950829325,0.7648734084303037,-0.020165103576881796
"Baton Rouge, LA",2010,-0.0253291739247911,2.4604325606287976,0.037546502238582136,0.009488110577486237,0.0007230753125114422,-0.00617882309811592,0.8046851330880762,0.0010407979665084943
"Baton Rouge, LA",2011,-0.005805661045360601,2.4979790628673797,-0.00919743836671394,0.010211185889997679,0.002337631017881944,-0.0253291739247911,0.7833234379911291,-0.0027291845748704663
"Baton Rouge, LA",2012,0.005267762923303601,2.4887816245006658,0.08644309758858482,0.012548816907879623,-0.012407017185807077,-0.005805661045360601,0.8114420556549954,0.0041293494348390025
"Baton Rouge, LA",2013,0.0133558515149221,2.5752247220892506,-0.10157218553221092,0.00014179972207254473,0.0033176229513239277,0.005267762923303601,0.7981658252083206,0.007003772111841375
"Baton Rouge, LA",2014,0.016396612564231902,2.4736525365570396,0.07608916998734605,0.0034594226733964725,0.001966145315752392,0.0133558515149221,0.7943820524448475,0.010468598982673105
"Baton Rouge, LA",2015,0.0291833751691208,2.5497417065443857,0.08354400155623365,0.0054255679891488644,0.0009263150912333729,0.016396612564231902,0.8372329918336023,0.011190328077978956
"Baton Rouge, LA",2016,-0.0335837246366925,2.6332857081006193,0.052643034893776086,0.006351883080382237,0.01775022271194307,0.0291833751691208,0.8470805834098736,0.015106962200932425
"Baton Rouge, LA",2017,-0.02256497549739444,2.6859287429943954,-0.075148921681651,0.024102105792325308,-0.007085006880437884,-0.0335837246366925,0.7934969586548765,-0.0014030773918418948
"Baton Rouge, LA",2018,-0.0252071347894907,2.6107798213127444,-0.08513323539218609,0.017017098911887425,0.03607597485530749,-0.02256497549739444,0.7922685116055281,-0.00444100037289992
"Baton Rouge, LA",2019,0.0159714742295589,2.5256465859205584,0.031244491640511907,0.053093073767194916,-0.033868670232960196,-0.0252071347894907,0.8063585586812887,-0.00726972562006567
"Baton Rouge, LA",2020,0.004928671380950905,2.5568910775610703,-0.2467068845475464,0.019224403534234717,-0.007082902584899251,0.0159714742295589,0.7637554210622485,0.004245424448826432
"Baton Rouge, LA",2021,-0.0429603915933056,2.310184193013524,0.07149386427890025,0.012141500949335466,-0.00086144960905803,0.004928671380950905,0.7722959018480505,0.0007418166468459025
"Baton Rouge, LA",2022,-0.017834615916397102,2.381678057292424,-0.08548745799046609,0.011280051340277436,-0.0029082761822388226,-0.0429603915933056,0.7393044319014948,-0.01175514773732371
"Baton Rouge, LA",2023,-0.02763673796000081,2.296190599301958,0.0007051210114839002,0.008371775158038613,0.019488030234806428,-0.017834615916397102,0.7343090590253021,-0.006635913192536008
"Baton Rouge, LA",2024,-0.0158374384361506,2.296895720313442,-0.04789746544608153,0.02785980539284504,0.004496252537215011,-0.02763673796000081,0.7085023848939314,-0.011404088045295767
"Birmingham-Hoover, AL",2007,-0.0135435868681979,2.2757718858874956,0.012016476825510658,0.00381657538690533,0.02637181691011195,-0.016771458038982397,0.7177789760918282,-0.005202662954362038
"Birmingham-Hoover, AL",2008,-0.0603588006492195,2.2877883627130062,0.07026332714782857,0.03018839229701728,-0.029745514328350896,-0.0135435868681979,0.750729256103736,-0.004760361560067823
"Birmingham-Hoover, AL",2009,-0.00856482217418432,2.358051689860835,-0.08574814716232693,0.0004428779686663837,0.010255268300816231,-0.0603588006492195,0.7034258314330777,-0.013771299353848805
"Birmingham-Hoover, AL",2010,-0.023594992151873592,2.272303542698508,0.16369538615385792,0.010698146269482615,0.0019854927486759755,-0.00856482217418432,0.7682017665392035,-0.0012899894956305974
"Birmingham-Hoover, AL",2011,-0.0060616536814451,2.435998928852366,0.055366420301807384,0.012683639018158591,-0.00637619623567526,-0.023594992151873592,0.7663102448262936,-0.0011699303634402358
"Birmingham-Hoover, AL",2012,0.011171550834241898,2.491365349154173,-0.1078521623901918,0.006307442782483331,0.001572213377975122,-0.0060616536814451,0.7480256316573453,0.002862880686873806
"Birmingham-Hoover, AL",2013,-6.095937760019002e-05,2.3835131867639814,0.0679513657502655,0.007879656160458453,0.0012532507336424706,0.011171550834241898,0.758159295752783,0.007641021794252106
"Birmingham-Hoover, AL",2014,0.018290445843841603,2.451464552514247,0.03284112859276922,0.009132906894100923,0.009865578861436632,-6.095937760019002e-05,0.7645285199173987,0.0048482992988851115
"Birmingham-Hoover, AL",2015,-0.0002660169409884998,2.484305681107016,-0.18127069941395524,0.018998485755537555,-0.007248619669452507,0.018290445843841603,0.7329391504555643,0.006450822884067509
"Birmingham-Hoover, AL",2016,-0.0016989025735444988,2.303034981693061,0.04689245375472284,0.011749866086085048,0.01540501923149048,-0.0002660169409884998,0.7176815234278512,0.0013415896463729524
"Birmingham-Hoover, AL",2017,0.0366138022401485,2.3499274354477837,-0.035746506352429375,0.02715488531757553,-0.022432806272632642,-0.0016989025735444988,0.7282234796806155,-0.00031123552139739746
"Birmingham-Hoover, AL",2018,0.015865842917299297,2.3141809290953543,0.06509956412586515,0.004722079044942886,-0.004722079044942886,0.0366138022401485,0.754955751155486,0.012966667005052196
"Birmingham-Hoover, AL",2019,0.018859524159893,2.3792804932212195,-0.10035610483671586,0.0,0.00039717344895493737,0.015865842917299297,0.722131084538437,0.007684302411438172
"Birmingham-Hoover, AL",2020,0.01690974887318801,2.2789243883845036,-0.09538101037337121,0.00039717344895493737,0.016459454232969267,0.018859524159893,0.70941688781725,0.0036171861354540036
"Birmingham-Hoover, AL",2021,-0.0288652267578526,2.1835433780111324,0.0686137268381275,0.016856627681924204,-0.0011253766651680638,0.01690974887318801,0.712470849734596,0.0023124336796619127
"Birmingham-Hoover, AL",2022,-0.02619637318366361,2.25215710484926,-0.06039660028456195,0.01573125101675614,-0.005144579652020486,-0.0288652267578526,0.6814392650561415,-0.008696329278050752
"Birmingham-Hoover, AL",2023,-0.02096300972772884,2.191760504564698,-0.08183874439129335,0.010586671364735654,0.014675619040665468,-0.02619637318366361,0.6617403289191857,-0.010553190526726729
"Birmingham-Hoover, AL",2024,-0.02976609629943967,2.1099217601734046,0.07989585020978085,0.025262290405401122,-0.010561863768413551,-0.02096300972772884,0.6672452472157197,-0.008444375981074073
"Boise City, ID",2007,0.00866499574169397,2.321414772926838,0.07379602997797319,0.029438001784121322,0.011694291687860195,0.005763296088281598,0.7395566944804735,-0.00021031424530718046
"Boise City, ID",2008,-0.0912511653299866,2.395210802904811,0.11822525306131304,0.04113229347198152,-0.017383541946068743,0.00866499574169397,0.7569448148453448,0.0043529006632269385
"Boise City, ID",2009,-0.007459296177648311,2.513436055966124,0.11376376033998836,0.023748751525912774,-0.014480458842985945,-0.0912511653299866,0.7794641466832762,-0.017327633419972593
"Boise City, ID",2010,-0.0189633256852798,2.6271998163061125,-0.12470922109102922,0.009268292682926829,-0.009268292682926829,-0.007459296177648311,0.7553622642017531,0.007940366285814668
"Boise City, ID",2011,0.004188374541354199,2.5024905952150833,0.1019417694096294,0.0,0.0,-0.0189633256852798,0.7873413561207463,0.00499739602822713
"Boise City, ID",2012,0.0101939229012165,2.6044323646247127,0.05555573799650748,0.0,0.023307018957091457,0.004188374541354199,0.7970169177851013,0.011791677646575044
"Boise City, ID",2013,0.014844140379415501,2.65998810262122,0.1557451277122417,0.023307018957091457,-0.011866452176718851,0.0101939229012165,0.8412043910732282,0.014271798854395307
"Boise City, ID",2014,0.013135968411471402,2.815733230333462,-0.20524550122504293,0.011440566780372606,0.013360969046950593,0.014844140379415501,0.7810876831612488,0.015606220877572949
"Boise City, ID",2015,0.022795251090608596,2.610487729108419,-0.1061937634601442,0.0248015358273232,0.05590323861447721,0.013135968411471402,0.7542057358225694,0.004838793475262421
"Boise City, ID",2016,0.0180694789177589,2.5042939656482748,0.0021529538781148716,0.08070477444180041,-0.03783759243196204,0.022795251090608596,0.7718668041730882,0.002119246278192738
"Boise City, ID",2017,0.0229924123742733,2.5064469195263896,0.03291475765392127,0.04286718200983837,0.018768038115947794,0.0180694789177589,0.7598777582462308,0.005428771086204209
"Boise City, ID",2018,0.015072214522695498,2.539361677180311,-0.022861015656059358,0.061635220125786164,0.028115964708337063,0.0229924123742733,0.7786003367471461,0.00028662439840793086
"Boise City, ID",2019,0.0418531036667671,2.5165006615242516,-0.03014391569302388,0.08975118483412323,0.003519502076139658,0.015072214522695498,0.7555586266199865,-0.0047150153643330805
"Boise City, ID",2020,0.026684515735580408,2.4863567458312277,-0.2369552689123009,0.09327068691026288,0.010973674659618127,0.0418531036667671,0.7001878811415616,-0.0023097397412081416
"Boise City, ID",2021,-0.0398780361089392,2.249401476918927,0.13490092643417428,0.10424436156988101,-0.02746726282430366,0.026684515735580408,0.7328246628659139,-0.00633537120094816
"Boise City, ID",2022,-0.0617933729890842,2.384302403353101,0.0811364137741073,0.07677709874557735,-0.0062809372018308995,-0.0398780361089392,0.7465583759235795,-0.018370933362484576
"Boise City, ID",2023,-0.0149877921692853,2.4654388171272084,-0.19530133634555114,0.07049616154374645,0.02485222141241618,-0.0617933729890842,0.6921062463910873,-0.027230416952250112
"Boise City, ID",2024,-0.01923844500809908,2.2701374807816572,0.07975117000198928,0.09534838295616263,-0.01240142213688307,-0.0149877921692853,0.7176127906379921,-0.01735835744338457
"Boston-Cambridge-Newton, MA-NH",2007,0.017233197887091597,2.1710733465754433,0.0315936607814753,0.03959506098860893,-0.018927651647538485,-0.009354606220420801,0.7697289192428316,-0.014751300506914831
"Boston-Cambridge-Newton, MA-NH",2008,-0.0687526620026169,2.2026670073569186,-0.01276886751554418,0.020667409341070447,0.0036378068319983317,0.017233197887091597,0.7599111357466487,-0.004697841870965072
"Boston-Cambridge-Newton, MA-NH",2009,0.0066680491123866995,2.1898981398413744,0.058097746243560344,0.02430521617306878,-0.009620694824849476,-0.0687526620026169,0.7833181811685892,-0.028731021472461177
"Boston-Cambridge-Newton, MA-NH",2010,-0.014282992026227001,2.2479958860849347,-0.056282905695382635,0.014684521348219303,-0.007354475999114791,0.0066680491123866995,0.7635260637575748,-0.005220723329417046
"Boston-Cambridge-Newton, MA-NH",2011,-0.0006442378092289015,2.191712980389552,-0.0012784850264675462,0.007330045349104512,-0.0045293171597752865,-0.014282992026227001,0.7629770242519831,-0.010617739376372365
"Boston-Cambridge-Newton, MA-NH",2012,0.0084840779841576,2.1904344953630845,0.04478373948888814,0.0028007281893292256,0.011567221662491595,-0.0006442378092289015,0.767759315743231,-0.006170599426827697
"Boston-Cambridge-Newton, MA-NH",2013,0.015310291542397499,2.2352182348519727,0.021591041853289195,0.01436794985182082,0.0036052815057317604,0.0084840779841576,0.7808926746507485,-0.005006617243408527
"Boston-Cambridge-Newton, MA-NH",2014,0.041399259755518,2.256809276705262,0.04138097730333845,0.01797323135755258,0.007701699771924003,0.015310291542397499,0.7932545254601577,-0.003520017060611655
"Boston-Cambridge-Newton, MA-NH",2015,-0.00393488399259,2.2981902540086003,0.012648870176264815,0.025674931129476584,0.01809484657884861,0.041399259755518,0.8019608849648375,0.0016072260322510107
"Boston-Cambridge-Newton, MA-NH",2016,0.004197064090412102,2.310839124184865,-0.05249784134055169,0.04376977770832519,-0.014739043962962859,-0.00393488399259,0.794192850555888,-0.012898083154710173
"Boston-Cambridge-Newton, MA-NH",2017,0.014782628790393802,2.2583412828443135,0.02376071138836844,0.029030733745362334,0.012193396033126736,0.004197064090412102,0.7981569823401249,-0.010214306021143357
"Boston-Cambridge-Newton, MA-NH",2018,0.015018842288589497,2.282101994232682,-0.040364483849717914,0.04122412977848907,-0.0034835845645037125,0.014782628790393802,0.7937153175372148,-0.008968354302055295
"Boston-Cambridge-Newton, MA-NH",2019,-0.052045975000396705,2.241737510382964,-0.012265117710789308,0.03774054521398536,-0.004663045992427971,0.015018842288589497,0.7831814685550481,-0.008118970990183688
"Boston-Cambridge-Newton, MA-NH",2020,0.03424342032380301,2.2294723926721747,-0.08631489849912599,0.03307749922155739,0.013705793041644453,-0.052045975000396705,0.7571119104455254,-0.02872972610989105
"Boston-Cambridge-Newton, MA-NH",2021,-0.0173206974092407,2.1431574941730487,-0.0010286455569845643,0.04678329226320184,-0.014791198847222915,0.03424342032380301,0.7438210372614839,-0.004423566119953912
"Boston-Cambridge-Newton, MA-NH",2022,-0.007867624074604,2.142128848616064,-0.04407713968873672,0.031992093415978924,-0.006858526568458159,-0.0173206974092407,0.7369961253025145,-0.017743283311114695
"Boston-Cambridge-Newton, MA-NH",2023,-0.005428079796565101,2.0980517089273274,-0.01839008895147831,0.025133566847520765,0.006062987628754481,-0.007867624074604,0.7362648271315202,-0.015952715718636254
"Boston-Cambridge-Newton, MA-NH",2024,-0.02512473930504173,2.079661619975849,0.06459048201547013,0.031196554476275246,-0.0035439085178844004,-0.005428079796565101,0.750132898414983,-0.014786701862075924
"Bridgeport-Stamford-Norwalk, CT",2007,-0.00579866596251845,2.2810634604800812,0.021229366247727643,0.00027440864936062784,0.021507660921581982,-0.0193351208659973,0.8140420094426665,-0.012370269299500511
"Bridgeport-Stamford-Norwalk, CT",2008,-0.0835218436117706,2.302292826727809,0.17212325869560496,0.02178206957094261,-0.009861326403891115,-0.00579866596251845,0.8374535169957577,-0.005831320960387312
"Bridgeport-Stamford-Norwalk, CT",2009,-0.001392775944941001,2.474416085423414,-0.148779240100406,0.011920743167051495,0.007978434333611811,-0.0835218436117706,0.804882091357598,-0.027761427172402903
"Bridgeport-Stamford-Norwalk, CT",2010,-0.02467779248060513,2.325636845323008,0.16701461702125897,0.019899177500663306,0.02109978191661037,-0.001392775944941001,0.8420748897217339,-0.006451868378313436
"Bridgeport-Stamford-Norwalk, CT",2011,-0.005056283511567101,2.492651462344267,-0.04305918565479283,0.040998959417273675,0.03492067272986747,-0.02467779248060513,0.850603256642007,-0.018666532601941538
"Bridgeport-Stamford-Norwalk, CT",2012,0.007529395976725599,2.449592276689474,0.1272738158193918,0.07591963214714115,-0.04981288248392751,-0.005056283511567101,0.8257719864119364,-0.0065483040867308495
"Bridgeport-Stamford-Norwalk, CT",2013,0.010357825427042,2.576866092508866,0.035170688134508854,0.02610674966321364,0.043113224079373166,0.007529395976725599,0.8712945710509133,-0.0024748132014238283
"Bridgeport-Stamford-Norwalk, CT",2014,0.0179089463149567,2.6120367806433746,-0.09538309320099803,0.0692199737425868,0.023082507415851675,0.010357825427042,0.8270835723510221,-0.007573148490505041
"Bridgeport-Stamford-Norwalk, CT",2015,-0.005190560142911901,2.5166536874423766,0.10548125976339229,0.09230248115843848,-0.03644543797679649,0.0179089463149567,0.8865617429649186,-0.007272338335967507
"Bridgeport-Stamford-Norwalk, CT",2016,-0.0018899168335980987,2.622134947205769,-0.09194521745288853,0.05585704318164199,-0.007250266134026434,-0.005190560142911901,0.8480967228835409,-0.007809248166216642
"Bridgeport-Stamford-Norwalk, CT",2017,0.0046400770553503,2.5301897297528804,0.12191785251776244,0.048606777047615554,-0.02560499152088517,-0.0018899168335980987,0.8819726926807431,-0.0035803629888452593
"Bridgeport-Stamford-Norwalk, CT",2018,0.0012550233987330996,2.652107582270643,-0.12676721769391186,0.023001785526730385,0.052494449928437305,0.0046400770553503,0.8580991052045165,-0.004469396522221281
"Bridgeport-Stamford-Norwalk, CT",2019,0.005934733777507799,2.525340364576731,-0.02346100957485575,0.07549623545516769,-0.01341388326271558,0.0012550233987330996,0.8374214414777321,-0.010569930517650025
"Bridgeport-Stamford-Norwalk, CT",2020,-0.014128490725086193,2.501879355001875,-0.2323134913125835,0.06208235219245211,-0.03541728343252761,0.005934733777507799,0.799488,-0.009668973931356004
"Bridgeport-Stamford-Norwalk, CT",2021,-0.0203681785884781,2.2695658636892917,0.09628403877811209,0.0266650687599245,0.03029935765616095,-0.014128490725086193,0.8152513590962157,-0.014982503005567673
"Bridgeport-Stamford-Norwalk, CT",2022,-0.013622342631604202,2.365849902467404,-0.07467154900404349,0.05696442641608545,-0.026786895286015598,-0.0203681785884781,0.7969117860991779,-0.01754363674556779
"Bridgeport-Stamford-Norwalk, CT",2023,0.006933511885273001,2.2911783534633603,0.03788809514138425,0.03017753113006985,0.005387434564612825,-0.013622342631604202,0.7988462814285829,-0.012934168952589059
"Bridgeport-Stamford-Norwalk, CT",2024,-0.02552702921342105,2.3290664486047445,0.00032046108871019996,0.035564965694682676,0.022148743252236237,0.006933511885273001,0.8195396234554766,-0.010960346933681211
"Buffalo-Cheektowaga-Niagara Falls, NY",2007,0.007837447647600169,2.0860167247477883,-0.05148252279339083,0.003024614100959533,-0.0028426446718236276,-0.008474376002248797,0.6471526823698601,-0.00509478264003585
"Buffalo-Cheektowaga-Niagara Falls, NY",2008,-0.058994258477860495,2.0345342019543975,-0.08236609997353783,0.00018196942913590517,0.0008056848918517492,0.007837447647600169,0.6206647036774978,-0.001441338604693733
"Buffalo-Cheektowaga-Niagara Falls, NY",2009,0.0028118390743207995,1.9521681019808597,0.03234487441345335,0.0009876543209876543,0.004127501600389543,-0.058994258477860495,0.6462599666698688,-0.022868797083296276
"Buffalo-Cheektowaga-Niagara Falls, NY",2010,-0.0199732863441281,1.984512976394313,0.12141662909110362,0.005115155921377197,-0.004417661733828761,0.0028118390743207995,0.6687035396296281,-0.0027631267320993164
"Buffalo-Cheektowaga-Niagara Falls, NY",2011,-0.005001302883374701,2.1059296054854166,-0.06508804463105156,0.0006974941875484371,0.010325558707616393,-0.0199732863441281,0.6582697474040947,-0.009546613565486667
"Buffalo-Cheektowaga-Niagara Falls, NY",2012,0.0018613425732288014,2.040841560854365,0.03471393862199523,0.01102305289516483,-0.009056961586820431,-0.005001302883374701,0.6545084144204008,-0.004903234481685843
"Buffalo-Cheektowaga-Niagara Falls, NY",2013,0.0009296185958252,2.0755554994763603,-0.006761358749182822,0.001966091308344398,0.00448124693481964,0.0018613425732288014,0.6523322126563187,-0.0019967125375460887
"Buffalo-Cheektowaga-Niagara Falls, NY",2014,0.0165366443639059,2.0687941407271775,0.062432860922359446,0.006447338243164038,0.002769251618587114,0.0009296185958252,0.6756437666812151,-0.0029075383127104212
"Buffalo-Cheektowaga-Niagara Falls, NY",2015,-0.006032011020399601,2.131227001649537,-0.05574525210419079,0.009216589861751152,0.007091303158470634,0.0165366443639059,0.6687059677670738,-5.425927561003574e-07
"Buffalo-Cheektowaga-Niagara Falls, NY",2016,0.0015583068615608008,2.075481749545346,-0.02182035970780216,0.016307893020221786,0.008156410327265131,-0.006032011020399601,0.6605091482841278,-0.008622508980060853
"Buffalo-Cheektowaga-Niagara Falls, NY",2017,0.0044888880112324,2.053661389837544,-0.03944018322285947,0.024464303347486917,0.0003796687964201656,0.0015583068615608008,0.6462964696338591,-0.007815573388822668
"Buffalo-Cheektowaga-Niagara Falls, NY",2018,-0.0016510401728392007,2.0142212066146845,-0.003335275873580734,0.024843972143907083,-0.009607668358343951,0.0044888880112324,0.6569846317215478,-0.007663200652659838
"Buffalo-Cheektowaga-Niagara Falls, NY",2019,0.018789298712476702,2.0108859307411038,-0.06887510862883173,0.015236303785563132,0.009544834757213284,-0.0016510401728392007,0.6367607592323542,-0.00989361460696618
"Buffalo-Cheektowaga-Niagara Falls, NY",2020,-0.025635521301553693,1.942010822112272,-0.12227926760671903,0.024781138542776415,-0.00588762923162111,0.018789298712476702,0.6043584950653467,-0.006912479068942906
"Buffalo-Cheektowaga-Niagara Falls, NY",2021,-0.020070282024471295,1.819731554505553,0.11275302287788636,0.018893509311155306,0.004729061889270567,-0.025635521301553693,0.634326582145724,-0.019401138529732444
"Buffalo-Cheektowaga-Niagara Falls, NY",2022,0.0023785112198334013,1.9324845773834394,0.0022855492252684684,0.023622571200425872,-0.007804243609362143,-0.020070282024471295,0.6273695969428438,-0.01562763010582406
"Buffalo-Cheektowaga-Niagara Falls, NY",2023,0.006388148012029599,1.9347701266087078,0.004987127954598769,0.01581832759106373,0.0040413110531053,0.0023785112198334013,0.6260705054045489,-0.008465034204034445
"Buffalo-Cheektowaga-Niagara Falls, NY",2024,-0.006447887079715702,1.9397572545633066,-0.023592125660615526,0.01985963864416903,-0.0016626087341083742,0.006388148012029599,0.6276787140491144,-0.008510760546704875
"Charleston-North Charleston, SC",2007,-0.022851618628354102,2.383722761243747,-0.023174699939982446,0.027871416159860992,-0.0010938525124322453,-0.011582428539093997,0.7047771674380845,-0.0011733306875063299
"Charleston-North Charleston, SC",2008,-0.05949567696409799,2.3605480613037644,0.18441505240775946,0.026777563647428747,0.040593768961481654,-0.022851618628354102,0.7718018546234435,-0.007475390916313995
"Charleston-North Charleston, SC",2009,-0.003519241496496201,2.544963113711524,-0.08706702690531021,0.0673713326089104,-0.03238752881437083,-0.05949567696409799,0.7523587803978863,-0.018552091804603772
"Charleston-North Charleston, SC",2010,-0.012526269918697399,2.4578960868062136,0.09844324458945186,0.03498380379453957,-0.019186015484902917,-0.003519241496496201,0.775807330811543,0.002915530076964268
"Charleston-North Charleston, SC",2011,0.004309353343796698,2.5563393313956655,0.01668457175460203,0.01579778830963665,-0.01579778830963665,-0.012526269918697399,0.7795126978974598,0.005317926575391568
"Charleston-North Charleston, SC",2012,0.005546315917435601,2.5730239031502675,-0.026117153955231842,0.0,0.02012969864139206,0.004309353343796698,0.7705395564382654,0.01008793544495458
"Charleston-North Charleston, SC",2013,0.0291405863749847,2.5469067491950357,-0.02663376645717941,0.02012969864139206,0.029690522845735798,0.005546315917435601,0.764400292220564,0.004876273367459799
"Charleston-North Charleston, SC",2014,0.0340699895118732,2.5202729827378563,-0.12812983300411407,0.04982022148712786,0.024240660229177598,0.0291405863749847,0.730236090312703,0.004312233729008026
"Charleston-North Charleston, SC",2015,0.0047620241386517985,2.392143149733742,0.22452667329931542,0.07406088171630545,-0.027734351104060556,0.0340699895118732,0.8052790747372442,0.005345748807709438
"Charleston-North Charleston, SC",2016,-0.0087263106816597,2.6166698230330576,-0.19273735335000985,0.0463265306122449,-0.005976423337035221,0.0047620241386517985,0.7662272582189594,-4.571075915976719e-07
"Charleston-North Charleston, SC",2017,0.0011682424702797005,2.4239324696830478,0.008238943058275883,0.04035010727520968,0.05320289124837777,-0.0087263106816597,0.7491878626663999,-0.008495538835980351
"Charleston-North Charleston, SC",2018,0.0151047661093235,2.4321714127413236,0.06442179005788518,0.09355299852358745,-0.012075168122627378,0.0011682424702797005,0.778624222302464,-0.010630992590372416
"Charleston-North Charleston, SC",2019,0.0099187380366173,2.496593202799209,-0.0621795528939999,0.08147783040096007,-0.04049893413622214,0.0151047661093235,0.7552232117851342,-0.0011339536136614758
"Charleston-North Charleston, SC",2020,0.062783592006638,2.434413649905209,0.07184311380871344,0.040978896264737934,0.029871807102669214,0.0099187380366173,0.771478285618184,-0.0004763530815389966
"Charleston-North Charleston, SC",2021,0.013076971071632401,2.5062567637139224,-0.19976865016644263,0.07085070336740715,0.0056047228169320285,0.062783592006638,0.7360308217617343,0.007721266189932838
"Charleston-North Charleston, SC",2022,-0.0204660995159407,2.3064881135474797,-0.2221604917658344,0.07645542618433918,-0.028020919281637545,0.013076971071632401,0.6667474435704241,-0.008643656192746249
"Charleston-North Charleston, SC",2023,-0.02757977082075673,2.0843276217816453,0.10908852141960157,0.04843450690270163,-0.004789151014280013,-0.0204660995159407,0.6978559965378581,-0.016196308381847012
"Charleston-North Charleston, SC",2024,-0.026368002817193047,2.193416143201247,-0.0363631804325002,0.04364535588842162,0.03662931963225451,-0.02757977082075673,0.7137266809397957,-0.022230015895876122
"Charlotte-Concord-Gastonia, NC-SC",2007,-0.0139181266234827,2.3364473250576734,0.017810779602375426,0.020844106392380667,0.012127582163312011,-0.013014258766468997,0.7383711259461251,-0.004984474318616129
"Charlotte-Concord-Gastonia, NC-SC",2008,-0.092724689006382,2.354258104660049,0.017656455778414237,0.03297168855569268,-0.005804656333292135,-0.0139181266234827,0.752491898557392,-0.00642748704181112
"Charlotte-Concord-Gastonia, NC-SC",2009,-0.0310118894870806,2.371914560438463,-0.020025984134445896,0.027167032222400543,0.014515186431303721,-0.092724689006382,0.7344475728924382,-0.02835384699055995
"Charlotte-Concord-Gastonia, NC-SC",2010,-0.014903265899437,2.351888576304017,0.12609009052947773,0.041682218653704264,-0.021325072820544532,-0.0310118894870806,0.7720433539496462,-0.009657372294213588
"Charlotte-Concord-Gastonia, NC-SC",2011,0.0129862603914261,2.477978666833495,0.06657877685365943,0.020357145833159732,-0.01749066972046067,-0.014903265899437,0.7850253702405017,0.0015046526602891797
"Charlotte-Concord-Gastonia, NC-SC",2012,0.010236936965647701,2.5445574436871543,-0.004493341123051664,0.0028664761126990608,0.00879466671187077,0.0129862603914261,0.7831068395404595,0.011346001768152772
"Charlotte-Concord-Gastonia, NC-SC",2013,0.0158307984161243,2.5400641025641026,0.035459576926860414,0.011661142824569832,0.028811195443040224,0.010236936965647701,0.7895519123509938,0.00765452620139874
"Charlotte-Concord-Gastonia, NC-SC",2014,0.0357469289397259,2.575523679490963,-0.056939387344890235,0.040472338267610056,-0.0008702927937238869,0.0158307984161243,0.7827244513454741,0.005204278270596344
"Charlotte-Concord-Gastonia, NC-SC",2015,0.0059462659848557,2.518584292146073,0.03578521218632291,0.03960204547388617,0.0165372609705252,0.0357469289397259,0.7913696702689456,0.009281212121955235
"Charlotte-Concord-Gastonia, NC-SC",2016,-0.0012374490016289,2.5543695043323957,0.006426829618015439,0.05613930644441137,-0.012418723597253732,0.0059462659848557,0.7974181964230869,0.0002722961190056439
"Charlotte-Concord-Gastonia, NC-SC",2017,0.024618568644777298,2.560796333950411,-0.03336436837673995,0.04372058284715764,0.014687966457840033,-0.0012374490016289,0.7911336329642018,-0.0022458212148655232
"Charlotte-Concord-Gastonia, NC-SC",2018,0.0246747798410416,2.5274319655736712,-0.03425265283012768,0.05840854930499767,-0.00396317646007386,0.024618568644777298,0.7768012365032965,0.0034546050978443016
"Charlotte-Concord-Gastonia, NC-SC",2019,0.008635451897248299,2.4931793127435435,-0.06293948682567718,0.05444537284492381,-0.01589519349252811,0.0246747798410416,0.7663582443653618,0.003631926762667298
"Charlotte-Concord-Gastonia, NC-SC",2020,0.06315932478614,2.4302398259178664,-0.08327045654849696,0.0385501793523957,0.016904419051704714,0.008635451897248299,0.75162746982568,-0.003042844030254052
"Charlotte-Concord-Gastonia, NC-SC",2021,-0.017066457522241597,2.3469693693693694,-0.08454905891438269,0.055454598404100414,0.004315503852385119,0.06315932478614,0.7202015622508023,0.008915617406879128
"Charlotte-Concord-Gastonia, NC-SC",2022,-0.0441614529345293,2.2624203104549867,-0.04874404288050016,0.05977010225648553,-0.01921126616854644,-0.017066457522241597,0.7136383394068965,-0.014702259769224409
"Charlotte-Concord-Gastonia, NC-SC",2023,-0.0355741733699863,2.2136762675744865,0.03568684097464603,0.040558836087939094,0.030771437993659854,-0.0441614529345293,0.7154002985190386,-0.022519486704921127
"Charlotte-Concord-Gastonia, NC-SC",2024,-0.040870082596242405,2.2493631085491326,0.0048286199096501115,0.07133027408159895,0.006961058800200343,-0.0355741733699863,0.7222902673299427,-0.024070912593066866
"Chattanooga, TN-GA",2007,-0.0156648612277222,2.09976274811201,0.17824548067525603,0.006046235921754594,-0.005692712471365718,-0.014727499285635,0.7472233898980066,-0.0071495568168513796
"Chattanooga, TN-GA",2008,-0.058699437140995,2.278008228787266,-0.03225336068004303,0.0003535234503888758,0.02202838254560594,-0.0156648612277222,0.7385158390110276,-0.006984052657529202
"Chattanooga, TN-GA",2009,-0.008646705451928381,2.245754868107223,0.08958466928572362,0.02238190599599482,-0.0067118979305494895,-0.058699437140995,0.7531207185264119,-0.019536928862055873
"Chattanooga, TN-GA",2010,-0.018654687246697402,2.3353395373929464,0.053408052880668855,0.01567000806544533,0.020688471798423078,-0.008646705451928381,0.7754708149924533,-0.005448043794900048
"Chattanooga, TN-GA",2011,0.003763393424105598,2.3887475902736153,-0.00685989377530527,0.036358479863868406,-0.020157943494758888,-0.018654687246697402,0.7740055454836302,-0.00822618650246934
"Chattanooga, TN-GA",2012,0.0022670248240861997,2.38188769649831,0.07758389993908255,0.01620053636910952,-0.015769664391945732,0.003763393424105598,0.7650775764123005,0.005075832826000812
"Chattanooga, TN-GA",2013,0.0145073089438543,2.4594715964373925,0.006549297405462617,0.0004308719771637852,0.021641806353926388,0.0022670248240861997,0.773573115176378,0.004891637846435107
"Chattanooga, TN-GA",2014,0.020062905440237,2.466020893842855,-0.08949026684599248,0.022072678331090174,0.020645256880919303,0.0145073089438543,0.7565571167555676,0.002590072297522908
"Chattanooga, TN-GA",2015,0.002673592869721398,2.3765306269968627,0.08562353782041798,0.04271793521200948,0.021385924153518907,0.020062905440237,0.7786428481193298,-8.224693114039505e-06
"Chattanooga, TN-GA",2016,0.0009796109533720017,2.4621541648172807,-0.04002611880547491,0.06410385936552838,-0.0565083217438811,0.002673592869721398,0.793350982083544,-0.003834729858378308
"Chattanooga, TN-GA",2017,0.016248061136261,2.4221280460118058,-0.23059355809331183,0.0075955376216472826,0.04635028098848228,0.0009796109533720017,0.6984138831871618,-0.002616319907188795
"Chattanooga, TN-GA",2018,0.009310620942449596,2.191534487918494,0.0708772733556442,0.053945818610129564,-0.03002985973663828,0.016248061136261,0.7219820063019832,-0.0030284078512030285
"Chattanooga, TN-GA",2019,0.027912922083600997,2.262411761274138,0.04589555002122081,0.023915958873491284,0.009832131063203759,0.009310620942449596,0.7422003141945842,-0.0018582350876083717
"Chattanooga, TN-GA",2020,0.035752066037132005,2.308307311295359,0.04121744317309961,0.03374808993669504,0.0193391640543515,0.027912922083600997,0.7759557391841193,-0.00027903135244282395
"Chattanooga, TN-GA",2021,-0.0033162135902327985,2.3495247544684585,-0.054808335718634194,0.053087253991046544,-0.03528095762048308,0.035752066037132005,0.7427697656744199,0.004382564678864054
"Chattanooga, TN-GA",2022,-0.0397334289964397,2.2947164187498243,-0.06339111754500504,0.017806296370563465,0.026088262122678983,-0.0033162135902327985,0.7216094582879908,-0.006182578186298242
"Chattanooga, TN-GA",2023,-0.0496374818511133,2.2313253012048193,0.04277993291696536,0.04389455849324245,-0.009357133513059002,-0.0397334289964397,0.7221871824520831,-0.01786573360874842
"Chattanooga, TN-GA",2024,-0.014829507129192402,2.2741052341217847,-0.07599336312246718,0.034537424980183445,0.04697162347282298,-0.0496374818511133,0.7211100501111233,-0.0258339608088632
"Chicago-Naperville-Elgin, IL-IN-WI",2007,0.0214304396255302,2.446730027253325,-0.023843851818983186,0.0065026269471669795,0.0009413632408951629,0.013105671903196302,0.8335644164580726,0.0018913880768183927
"Chicago-Naperville-Elgin, IL-IN-WI",2008,-0.0508994746054945,2.422886175434342,0.039086368468180144,0.007443990188062142,-0.0015743558065488931,0.0214304396255302,0.8497806614970723,0.00397071001119792
"Chicago-Naperville-Elgin, IL-IN-WI",2009,0.0016475536082458005,2.461972543902522,0.016660537107188844,0.005869634381513249,-0.001624350347697292,-0.0508994746054945,0.8553571868380868,-0.01562783487340029
"Chicago-Naperville-Elgin, IL-IN-WI",2010,-0.0155808691963725,2.478633081009711,0.03545770639159018,0.004245284033815957,0.001974666086597821,0.0016475536082458005,0.8574110486516675,0.0005010569096516038
"Chicago-Naperville-Elgin, IL-IN-WI",2011,0.000673578045916598,2.514090787401301,0.013708478809220104,0.006219950120413778,-0.005076489459080422,-0.0155808691963725,0.8669366426172764,-0.004051866696290832
"Chicago-Naperville-Elgin, IL-IN-WI",2012,0.001514715486827899,2.527799266210521,0.004222303499400226,0.0011434606613333561,-0.00013317488870933552,0.000673578045916598,0.8595972224434216,0.0020507486362575378
"Chicago-Naperville-Elgin, IL-IN-WI",2013,0.013506289913044898,2.5320215697099213,-0.03516771523498807,0.0010102857726240206,0.010055520503523941,0.001514715486827899,0.8464180735339907,0.0013653403886030174
"Chicago-Naperville-Elgin, IL-IN-WI",2014,0.033695247659589804,2.4968538544749332,0.022877970277778825,0.011065806276147961,-0.0009722257765335893,0.013506289913044898,0.8471713699790224,0.004044992061677605
"Chicago-Naperville-Elgin, IL-IN-WI",2015,-0.004298386644043001,2.519731824752712,-0.006545802676502177,0.010093580499614372,-0.00021945171567595498,0.033695247659589804,0.8532302993335931,0.009426795468940805
"Chicago-Naperville-Elgin, IL-IN-WI",2016,-0.0072622511052675,2.51318602207621,-0.08068204880740293,0.009874128783938417,0.007979335191866905,-0.004298386644043001,0.8291411583156889,-0.0028328038198114497
"Chicago-Naperville-Elgin, IL-IN-WI",2017,0.007932883501902601,2.432503973268807,0.023864369560227416,0.017853463975805322,-0.0019607217693615973,-0.0072622511052675,0.8385179306757936,-0.0053150428830417845
"Chicago-Naperville-Elgin, IL-IN-WI",2018,0.0053015827325344,2.4563683428290344,-0.06496662194781022,0.015892742206443725,0.003240017589059091,0.007932883501902601,0.8212474079242076,-0.0015687644096091524
"Chicago-Naperville-Elgin, IL-IN-WI",2019,-0.0241956674761925,2.391401720881224,-0.10536741776348757,0.019132759795502816,-0.0016885692798405787,0.0053015827325344,0.7959208389038039,-0.004775417436211168
"Chicago-Naperville-Elgin, IL-IN-WI",2020,0.005979449114276905,2.2860343031177366,-0.0883774637965713,0.017444190515662237,0.001897136054163296,-0.0241956674761925,0.762446369025996,-0.014582784304053964
"Chicago-Naperville-Elgin, IL-IN-WI",2021,-0.015830123079149196,2.1976568393211653,0.00859209782528536,0.019341326569825533,-0.0015677292872311802,0.005979449114276905,0.76779935207324,-0.007323627067252106
"Chicago-Naperville-Elgin, IL-IN-WI",2022,-0.0035295142088194002,2.2062489371464507,-0.08768594560191056,0.017773597282594353,-0.007605706703172756,-0.015830123079149196,0.7473380197383989,-0.013828620003497147
"Chicago-Naperville-Elgin, IL-IN-WI",2023,-9.906692577649895e-05,2.11856299154454,-0.016937580879399672,0.010167890579421596,0.009737687639398591,-0.0035295142088194002,0.7450996635257959,-0.011823295859911126
"Chicago-Naperville-Elgin, IL-IN-WI",2024,0.010289842231273699,2.1016254106651404,0.014494554644278068,0.019905578218820188,-0.003838187938350928,-9.906692577649895e-05,0.7555210824855614,-0.012164757878809468
"Cincinnati, OH-KY-IN",2007,0.0147991211457539,2.1841761398030366,0.009112174452089672,0.008383465615152588,-0.009219020130906969,-0.023584170216616598,0.7381618223795257,-0.010937657202273833
"Cincinnati, OH-KY-IN",2008,-0.0459181617047129,2.1932883142551263,0.07276484369593028,-0.0008355545157543804,0.0011700558161281856,0.0147991211457539,0.7547784365468316,0.0020432798360821985
"Cincinnati, OH-KY-IN",2009,-0.00811872704284668,2.2660531579510566,0.05409270583605785,0.0003345013003738052,0.0005014723162988525,-0.0459181617047129,0.7746848463855738,-0.014278724277985447
"Cincinnati, OH-KY-IN",2010,-0.020534666171687102,2.3201458637871144,0.0021916452098369454,0.0008359736166726578,0.0017700854707054965,-0.00811872704284668,0.7596810632635461,-0.0017920252723196556
"Cincinnati, OH-KY-IN",2011,-0.00011433016543390198,2.3223375089969513,0.041959425791786575,0.002606059087378154,0.002050993556478119,-0.020534666171687102,0.7927780944174475,-0.007017166866302278
"Cincinnati, OH-KY-IN",2012,0.008722066292229701,2.364296934788738,-0.061268409453253625,0.004657052643856273,0.0003681563252295704,-0.00011433016543390198,0.7602209516801333,-0.00033813793962345073
"Cincinnati, OH-KY-IN",2013,0.0089238466384873,2.3030285253354843,0.011658769343316333,0.0050252089690858434,0.0007174600518550962,0.008722066292229701,0.7677684089614741,0.0010866714695777352
"Cincinnati, OH-KY-IN",2014,0.025219914207365003,2.3146872946788006,-0.02677969456372198,0.00574266902094094,0.0011731758934929127,0.0089238466384873,0.7615848716373566,0.0007039503730258828
"Cincinnati, OH-KY-IN",2015,0.0030684661907777987,2.2879076001150787,0.0007197067837143578,0.006915844914433852,0.0026982078976765956,0.025219914207365003,0.7624851846751575,0.004577393768963059
"Cincinnati, OH-KY-IN",2016,0.0018895559496098016,2.288627306898793,-0.04626494027821071,0.009614052812110448,0.015128315063160902,0.0030684661907777987,0.7501328197635808,-0.0038756585161981924
"Cincinnati, OH-KY-IN",2017,0.014918154851451901,2.2423623666205823,0.028238651676729898,0.02474236787527135,-0.01088224486667965,0.0018895559496098016,0.7453131715882175,-0.004077641124575704
"Cincinnati, OH-KY-IN",2018,0.0124824858394623,2.270601018297312,-0.057480491321931115,0.0138601230085917,-0.002240073763195835,0.014918154851451901,0.7378724256529967,9.536710399160597e-08
"Cincinnati, OH-KY-IN",2019,0.012735364838704098,2.213120526975381,-0.07404374706482786,0.011620049245395865,-0.004909309758759758,0.0124824858394623,0.7180403803520518,-0.0015623028653010684
"Cincinnati, OH-KY-IN",2020,0.002670750579311404,2.1390767799105532,-0.05358264255711953,0.0067107394866361076,0.011319509230119668,0.012735364838704098,0.7105316907077275,-0.004054719946696227
"Cincinnati, OH-KY-IN",2021,0.0005033340033607087,2.0854941373534337,0.02727943918308462,0.018030248716755775,-0.011549731474084753,0.002670750579311404,0.7197968395627186,-0.007608043662960438
"Cincinnati, OH-KY-IN",2022,0.002068101405714,2.1127735765365183,-0.05704585344012125,0.006480517242671022,0.010639966299333713,0.0005033340033607087,0.6984402979264527,-0.007728304192908694
"Cincinnati, OH-KY-IN",2023,-0.0004486165024166003,2.055727723096397,-0.009522535830857937,0.017120483542004735,0.012767837764767708,0.002068101405714,0.7110208542496004,-0.01166547789725575
"Cincinnati, OH-KY-IN",2024,-0.004699049549102802,2.046205187265539,0.01852606896264053,0.029888321306772443,-0.002544404759723569,-0.0004486165024166003,0.7006726709256941,-0.01215508882761835
"Colorado Springs, CO",2007,0.00412854769512892,2.2705796466637467,0.126388398476728,0.007482727154217181,-0.013926493004846031,-0.0071681215855445984,0.7589457725947522,0.0005841293578208867
"Colorado Springs, CO",2008,-0.0618126808698711,2.3969680451404747,0.011254345699009516,-0.006443765850628849,0.01889395208249403,0.00412854769512892,0.7402412908423976,0.007113684044561863
"Colorado Springs, CO",2009,-0.0024469818766642004,2.408222390839484,-0.028035696124785403,0.012450186231865184,-0.01214147279511285,-0.0618126808698711,0.7464396744373984,-0.013905010492601802
"Colorado Springs, CO",2010,-0.0086565128624611,2.380186694714699,0.0915161538233864,0.00030871343675233467,0.00041139560833163523,-0.0024469818766642004,0.759619396208687,0.005895314316088515
"Colorado Springs, CO",2011,0.009054076783013298,2.471702848538085,0.016067553913488464,0.0007201090450839699,-0.0005145116561708091,-0.0086565128624611,0.7655936804008908,0.0052827196981136
"Colorado Springs, CO",2012,0.017769814813199995,2.4877704024515737,0.09578320824613185,0.0002055973889131608,0.005832584475985732,0.009054076783013298,0.7860043926338909,0.011591551474533224
"Colorado Springs, CO",2013,0.0276761039781437,2.5835536106977055,0.07532176890827191,0.006038181864898892,0.02448232689538103,0.017769814813199995,0.788752366022935,0.014743358051581723
"Colorado Springs, CO",2014,0.0469664453362484,2.6588753796059774,-0.14648857494879763,0.03052050876027992,-0.03052050876027992,0.0276761039781437,0.7650331882373796,0.015463009255665516
"Colorado Springs, CO",2015,0.0393812008989677,2.51238680465718,-0.032805191223925334,0.0,0.014250662965624923,0.0469664453362484,0.7468503022201032,0.021656708823123177
"Colorado Springs, CO",2016,0.0191611715144329,2.4795816134332545,0.03351247979952365,0.014250662965624923,-0.0025460397616370433,0.0393812008989677,0.7682970986460348,0.017115338671052693
"Colorado Springs, CO",2017,0.0236189726748619,2.513094093232778,-0.052416990786695816,0.01170462320398788,0.015129181109709195,0.0191611715144329,0.7671077059854091,0.009022945178303945
"Colorado Springs, CO",2018,0.035537055799102796,2.4606771024460823,0.03355404498743386,0.026833804313697075,-0.01968321862427712,0.0236189726748619,0.7700509686059024,0.010653595971600857
"Colorado Springs, CO",2019,0.024827118843063403,2.494231147433516,-0.07219205908398152,0.007150585689419956,0.014756089073530206,0.035537055799102796,0.7476243037846204,0.014693861553437798
"Colorado Springs, CO",2020,0.02080326583094791,2.4220390883495346,0.05615405806791074,0.021906674762950162,0.023915612466229835,0.024827118843063403,0.7994645087017336,0.004588865859703126
"Colorado Springs, CO",2021,-0.021007587415306096,2.4781931464174454,-0.16957616419685495,0.04582228722918,-0.04086173129727291,0.02080326583094791,0.7095004303577933,0.006925686920077542
"Colorado Springs, CO",2022,-0.0463990988437195,2.3086169822205904,-0.09445792265534436,0.004960555931907082,0.02398177685055791,-0.021007587415306096,0.6872397425817536,-0.00596825199848789
"Colorado Springs, CO",2023,-0.0543303958155041,2.214159059565246,-0.002118569421399652,0.02894233278246499,0.04096616063455565,-0.0463990988437195,0.6945251562780728,-0.021262935815259974
"Colorado Springs, CO",2024,-0.056494293766021705,2.2120404901438464,-0.08775159575848912,0.06990849341702064,0.04982998605045719,-0.0543303958155041,0.6714280529038779,-0.033527382721577174
"Columbus, OH",2007,0.0201361769182968,2.2082578605604923,0.0654417762510957,0.005434524496068281,0.0006251818308589492,-0.013936132142242399,0.7431565998755998,-0.005867973646094975
"Columbus, OH",2008,-0.03170677968631065,2.273699636811588,-0.010331916791173512,0.00605970632692723,0.0031696182421250205,0.0201361769182968,0.7414728071317468,0.004004673593220293
"Columbus, OH",2009,-0.00475301014589548,2.2633677200204145,0.06939517552181318,0.00922932456905225,0.0013378467520435457,-0.03170677968631065,0.7610028108304608,-0.010538208793727584
"Columbus, OH",2010,-0.017650703816132998,2.3327628955422277,0.08992129912985591,0.010567171321095796,-0.0030304743147297206,-0.00475301014589548,0.7905289011040249,-0.0013568148876312303
"Columbus, OH",2011,0.0007842452448129991,2.4226841946720836,-0.05709283610170379,0.007536697006366075,0.0010206325324127923,-0.017650703816132998,0.7646799737385284,-0.0034631318447872206
"Columbus, OH",2012,8.815561390260011e-05,2.36559135857038,-0.007106554724543912,0.008557329538778868,4.3888481711317276e-05,0.0007842452448129991,0.7584244348471089,0.0012417195936916259
"Columbus, OH",2013,0.007333061068044701,2.358484803845836,0.026088324354844428,0.008601218020490185,0.013164416404119356,8.815561390260011e-05,0.7706617579211338,-0.00035743503881438543
"Columbus, OH",2014,0.028088603804018,2.3845731282006803,-0.04234904276149187,0.02176563442460954,0.01064578524706862,0.007333061068044701,0.7507605412895167,-0.00015579802052810565
"Columbus, OH",2015,0.011918610413156502,2.3422240854391885,0.05750735921270422,0.03241141967167816,-0.00040314691399088304,0.028088603804018,0.7803800406086457,0.0035523980342062195
"Columbus, OH",2016,0.010717894185226399,2.3997314446518927,0.017513120764911516,0.03200827275768728,-0.018681383799377276,0.011918610413156502,0.7881463677247095,0.0013163032866919944
"Columbus, OH",2017,0.006410837919369701,2.417244565416804,-0.048614193472209966,0.013326888958310003,0.018659290499338413,0.010717894185226399,0.7735316204144346,0.0011397395745695454
"Columbus, OH",2018,0.013734585711097702,2.3686303719445942,-0.02319935173223442,0.031986179457648416,-0.00441272257358432,0.006410837919369701,0.7673409478251836,-0.002590433471625825
"Columbus, OH",2019,0.0173800344310846,2.34543102021236,-0.030828755518196527,0.027573456884064096,-0.006943647055695775,0.013734585711097702,0.7630554761072447,-0.00038830841001849525
"Columbus, OH",2020,-0.0020205074935416983,2.3146022646941633,-0.08412210181953172,0.02062980982836832,0.015211540201190445,0.0173800344310846,0.7431487050620352,-0.0015247855202975419
"Columbus, OH",2021,-0.0090351004424973,2.2304801628746316,0.004295349891559663,0.035841350029558766,-0.004550329530334428,-0.0020205074935416983,0.7205542748544285,-0.007234474772806587
"Columbus, OH",2022,-0.009768935874487902,2.2347755127661912,-0.07788921900791701,0.03129102049922434,-0.007283373469994574,-0.0090351004424973,0.7246856768976261,-0.011045601112602416
"Columbus, OH",2023,0.0011040975324984013,2.1568862937582742,-0.003060100901994822,0.024007647029229764,0.018091772255242236,-0.009768935874487902,0.7130012231323316,-0.012118630729406735
"Columbus, OH",2024,-0.026275114420726896,2.1538261928562794,-0.01143874485040719,0.042099419284472,-0.008824388758002372,0.0011040975324984013,0.7242933880665692,-0.011621724209454974
"Corpus Christi, TX",2007,0.0112571803225565,2.5568533924245553,-0.04491926657377343,0.03288159152115368,-0.015639487143341322,0.001707859387699101,0.8342993711001743,-0.0007850905619009585
"Corpus Christi, TX",2008,-0.061941791981035194,2.511934125850782,0.03297127647426956,0.017242104377812355,-0.003351492942862584,0.0112571803225565,0.8455872607123246,0.003571728762583007
"Corpus Christi, TX",2009,-0.0133345576781261,2.5449054023250515,-0.031548138013696825,0.013890611434949771,0.0008698370869666405,-0.061941791981035194,0.8358539052633563,-0.016734383634341002
"Corpus Christi, TX",2010,-0.0184724274188452,2.5133572643113546,0.13338851182835576,0.014760448521916412,-0.013836271240604884,-0.0133345576781261,0.8712102315245244,-0.0006186488975264692
"Corpus Christi, TX",2011,0.017201504595232002,2.6467457761397104,0.026693826889462535,0.0009241772813115281,0.0003203028471509368,-0.0184724274188452,0.8840739807272591,0.0008456775010193956
"Corpus Christi, TX",2012,0.0341418062985573,2.673439603029173,-0.05360451159244173,0.001244480128462465,-0.001244480128462465,0.017201504595232002,0.8619754171655477,0.011373858411948101
"Corpus Christi, TX",2013,0.0238259773391352,2.619835091436731,-0.008494597439052676,0.0,0.009382141854777275,0.0341418062985573,0.8527135502382244,0.015320331111089242
"Corpus Christi, TX",2014,0.0206475375985165,2.6113404939976785,-0.0032390027891318063,0.009382141854777275,0.014172972345818555,0.0238259773391352,0.8354825676735509,0.01135080603014929
"Corpus Christi, TX",2015,-0.029967668946303372,2.6081014912085467,0.015363927955201806,0.02355511420059583,-0.010515685451760065,0.0206475375985165,0.8728977471586199,0.007157556769642345
"Corpus Christi, TX",2016,-0.004502606343585999,2.6234654191637485,0.009080896072064526,0.013039428748835765,0.03986434078839991,-0.029967668946303372,0.8656145660685547,-0.008463982942091969
"Corpus Christi, TX",2017,-0.001129643245681801,2.632546315235813,-0.07391847201139301,0.052903769537235676,-0.00473203950267137,-0.004502606343585999,0.8217559322679205,-0.003922667752004311
"Corpus Christi, TX",2018,0.013123675355052898,2.55862784322442,0.04293055014622382,0.048171730034564306,-0.032794590946085014,-0.001129643245681801,0.8526160051073661,-0.001549762224242232
"Corpus Christi, TX",2019,0.0103376115404215,2.601558393370644,-0.013326703801576745,0.015377139088479295,0.005544507294673994,0.013123675355052898,0.8495044825349577,0.0059111759992460655
"Corpus Christi, TX",2020,-0.008526324668453197,2.588231689569067,-0.12786296817946408,0.02092164638315329,0.012463030820168433,0.0103376115404215,0.8308557270821422,0.0004300509433305122
"Corpus Christi, TX",2021,-0.0333861887726469,2.460368721389603,0.04394196311872678,0.03338467720332172,-0.02201109890060956,-0.008526324668453197,0.81427861282933,-0.002943287121975127
"Corpus Christi, TX",2022,-0.03031836638637972,2.50431068450833,-0.15844613970367982,0.011373578302712161,0.011085732218882096,-0.0333861887726469,0.7771959633405416,-0.010334891360967782
"Corpus Christi, TX",2023,-0.018173027133179198,2.34586454480465,0.02284432812585102,0.022459310521594257,-0.004159558069615439,-0.03031836638637972,0.7848062200718773,-0.01207300968591999
"Corpus Christi, TX",2024,-0.0418182909804583,2.368708872930501,-0.06537082248515036,0.018299752451978818,0.012318458459797652,-0.018173027133179198,0.7536326619547602,-0.00860855659708605
"Dallas-Fort Worth-Arlington, TX",2007,0.019156734768896098,2.529415347298904,0.05436407074601268,0.015265192055049906,-0.002341424564741389,-0.0175140611323681,0.8903647572360576,-0.006515958405731784
"Dallas-Fort Worth-Arlington, TX",2008,-0.0502917866255579,2.5837794180449167,0.006959369510127544,0.012923767490308517,0.011003760828880682,0.019156734768896098,0.8886352834547323,0.004184683186835403
"Dallas-Fort Worth-Arlington, TX",2009,-0.0117068034909147,2.5907387875550443,0.030077379407335236,0.0239275283191892,-0.003570358961414149,-0.0502917866255579,0.9057835448595147,-0.01670762175292266
"Dallas-Fort Worth-Arlington, TX",2010,-0.011622495865839001,2.6208161669623795,-0.09710317480512387,0.02035716935777505,-0.01682764617318792,-0.0117068034909147,0.8646274673125091,-0.0033813301591879147
"Dallas-Fort Worth-Arlington, TX",2011,0.0076044620197535,2.5237129921572556,0.048178915539861755,0.0035295231845871287,-0.0006393254209092467,-0.011622495865839001,0.8711970219211229,-0.001521955306927683
"Dallas-Fort Worth-Arlington, TX",2012,0.014617991977993001,2.5718919076971174,0.012889022007517514,0.002890197763677882,0.011403198304209867,0.0076044620197535,0.8687107594700718,0.004209189185325507
"Dallas-Fort Worth-Arlington, TX",2013,0.0222159012842045,2.584780929704635,-0.007239842071509628,0.014293396067887749,0.004541738109042235,0.014617991977993001,0.8723346857164016,0.004139960482585969
"Dallas-Fort Worth-Arlington, TX",2014,0.050079320261385,2.5775410876331253,-0.010330904462718227,0.018835134176929984,0.0017283033611813214,0.0222159012842045,0.8676299136624366,0.005595954802677522
"Dallas-Fort Worth-Arlington, TX",2015,0.010790786225877796,2.567210183170407,0.02829989728468263,0.020563437538111306,0.003893997761217429,0.050079320261385,0.8740666336124032,0.013254536951321352
"Dallas-Fort Worth-Arlington, TX",2016,0.00033653644089029836,2.5955100804550897,-0.013104333989749861,0.024457435299328735,0.009317027312515345,0.010790786225877796,0.8786049813835168,0.00037584853852805356
"Dallas-Fort Worth-Arlington, TX",2017,0.007169554755941401,2.58240574646534,-0.014666831705266947,0.03377446261184408,0.006710758251509651,0.00033653644089029836,0.8731473659960067,-0.004404309949756158
"Dallas-Fort Worth-Arlington, TX",2018,0.015659506538248096,2.567738914760073,-0.003505782216293607,0.04048522086335373,-0.006598434194238625,0.007169554755941401,0.8674512967297635,-0.002432008551885259
"Dallas-Fort Worth-Arlington, TX",2019,0.0028901303850259984,2.5642331325437793,-0.008799655825396435,0.033886786669115106,0.0021842757853450384,0.015659506538248096,0.8773251482378548,-0.000677543386125315
"Dallas-Fort Worth-Arlington, TX",2020,0.06009472217269102,2.555433476718383,-0.15864366948407316,0.036071062454460144,-0.0016837240142077228,0.0028901303850259984,0.8417686831536264,-0.0069300951584935905
"Dallas-Fort Worth-Arlington, TX",2021,-0.0202926930311604,2.3967898072343097,-0.039431823301218305,0.03438733844025242,0.0004580223844898451,0.06009472217269102,0.8209158069422383,0.007920151719357518
"Dallas-Fort Worth-Arlington, TX",2022,-0.03978806456961823,2.3573579839330914,-0.041068347932744054,0.034845360824742266,-0.0040345936387830884,-0.0202926930311604,0.8135043973730177,-0.015795464361303496
"Dallas-Fort Worth-Arlington, TX",2023,-0.04398154774828,2.3162896360003473,0.005555747288529922,0.030810767185959178,0.007357405206952796,-0.03978806456961823,0.8047214894036335,-0.02108965652991974
"Dallas-Fort Worth-Arlington, TX",2024,-0.041866047339439404,2.3218453832888772,0.03249891008182271,0.038168172392911974,0.010362703660986343,-0.04398154774828,0.818786601825862,-0.024014318528657694
"Denver-Aurora-Lakewood, CO",2007,0.016736391310243598,2.236760547075264,0.098401076368416,0.0062648237507156295,0.005737083550128568,-0.004493862340148896,0.7942583784906235,-0.005682842723352455
"Denver-Aurora-Lakewood, CO",2008,-0.0708506672676144,2.33516162344368,0.00456350540217354,0.012001907300844198,0.0029095608764229085,0.016736391310243598,0.7994755283939364,0.00033873376161590307
"Denver-Aurora-Lakewood, CO",2009,0.0292422764156532,2.3397251288458536,0.05232157355396616,0.014911468177267106,0.005299131440783688,-0.0708506672676144,0.790407599075417,-0.02264124938025057
"Denver-Aurora-Lakewood, CO",2010,-0.0037636774689130993,2.3920467023998198,-0.05966811789194937,0.020210599618050794,-0.01558769711785688,0.0292422764156532,0.7925556357907175,0.004912974934655548
"Denver-Aurora-Lakewood, CO",2011,0.0214599770676613,2.3323785845078704,0.046180659333860063,0.004622902500193914,-0.004648638683723786,-0.0037636774689130993,0.8034251452737778,-0.0023612528891044787
"Denver-Aurora-Lakewood, CO",2012,0.026746326470437995,2.3785592438417305,0.06184250005936276,-2.5736183529871987e-05,0.008863769064924192,0.0214599770676613,0.810416496236911,0.0065898074608723295
"Denver-Aurora-Lakewood, CO",2013,0.0349834657895432,2.440401743901093,-0.008703715168946857,0.00883803288139432,0.00939749834197818,0.026746326470437995,0.8097874940946503,0.00677451681777505
"Denver-Aurora-Lakewood, CO",2014,0.046744190791751905,2.4316980287321464,-0.015080526273935746,0.0182355312233725,0.025619854240010356,0.0349834657895432,0.8054758065573341,0.005536541204712878
"Denver-Aurora-Lakewood, CO",2015,-0.0017486936556472994,2.4166175024582106,0.003615078600230248,0.04385538546338286,-5.675165049192493e-05,0.046744190791751905,0.8155646752806834,0.005152399102456698
"Denver-Aurora-Lakewood, CO",2016,0.0043094188458138,2.420232581058441,0.002919842011670948,0.04379863381289093,-0.01594280165612197,-0.0017486936556472994,0.8278339428933708,-0.008049399458826142
"Denver-Aurora-Lakewood, CO",2017,0.015621314571157497,2.423152423070112,-0.06485752079006257,0.027855832156768963,0.015142315477661768,0.0043094188458138,0.8091484866214114,-0.006545865000026227
"Denver-Aurora-Lakewood, CO",2018,0.0055718879339457,2.3582949022800492,-0.034938325774397594,0.04299814763443073,0.002277003797523554,0.015621314571157497,0.8030681464779972,-0.006670042015138031
"Denver-Aurora-Lakewood, CO",2019,-0.00805925729571319,2.3233565765056516,-0.031346082825709054,0.045275151431954284,-0.005966601063000572,0.0055718879339457,0.7940143230586704,-0.009964737855561033
"Denver-Aurora-Lakewood, CO",2020,0.03714498188205001,2.2920104936799426,-0.04577947930749726,0.03930855036895371,-0.009846380095695145,-0.00805925729571319,0.8077003830713332,-0.01539954071822077
"Denver-Aurora-Lakewood, CO",2021,-0.0284525912526531,2.2462310143724453,-0.07774251792619635,0.029462170273258568,0.008220845902360243,0.03714498188205001,0.7594666507566774,-0.0013892369262281934
"Denver-Aurora-Lakewood, CO",2022,-0.0218782657984753,2.168488496446249,-0.07901565336047467,0.03768301617561881,-0.00783734572002321,-0.0284525912526531,0.7360229940335501,-0.02183590674591656
"Denver-Aurora-Lakewood, CO",2023,-0.0584789517350321,2.0894728430857743,-0.014593512398227482,0.0298456704555956,0.010840046291413538,-0.0218782657984753,0.7278265024700974,-0.020836770267780545
"Denver-Aurora-Lakewood, CO",2024,-0.06141657944202421,2.074879330687547,0.014171629271870767,0.04068571674700914,0.02130425338412415,-0.0584789517350321,0.7362257601938048,-0.03468893120647605
"Detroit-Warren-Dearborn, MI",2007,-0.000289417260662913,2.2869740113415213,0.06352978309640234,0.0007084439775032893,0.002706053913117196,-0.04754709447353745,0.7808532587125757,-0.014238809531357532
"Detroit-Warren-Dearborn, MI",2008,-0.0513543101991949,2.3505037944379237,0.05202339089424424,0.003414497890620485,-0.0008803371153976664,-0.000289417260662913,0.7904323942672734,0.0006666237366862449
"Detroit-Warren-Dearborn, MI",2009,-0.02430067098098278,2.402527185332168,0.011386255194886008,0.002534160775222819,0.0014729054490867166,-0.0513543101991949,0.7871696861020886,-0.012539424869361361
"Detroit-Warren-Dearborn, MI",2010,-0.02281823233740258,2.413913440527054,-0.05443563155006226,0.0040070662243095355,-0.0025622689250791404,-0.02430067098098278,0.767517760082451,-0.004881006937297337
"Detroit-Warren-Dearborn, MI",2011,0.0009939306598425006,2.3594778089769917,0.04309246004395595,0.001444797299230395,-0.0020542601624678808,-0.02281823233740258,0.7770443196621658,-0.0039766293559706165
"Detroit-Warren-Dearborn, MI",2012,0.0043541168511543,2.4025702690209476,-0.03477011648075745,-0.0006094628632374858,0.002648597088771448,0.0009939306598425006,0.7560005085417943,0.0038600398512283057
"Detroit-Warren-Dearborn, MI",2013,0.008461774668382202,2.36780015254019,0.007899835137288314,0.0020391342255339623,-0.0021104537799293867,0.0043541168511543,0.7643576892773265,0.0038562861303005347
"Detroit-Warren-Dearborn, MI",2014,0.033453133592512105,2.3756999876774785,-0.02959695696769238,-7.131955439542414e-05,0.003946625061608723,0.008461774668382202,0.759201309060853,0.004414159887057498
"Detroit-Warren-Dearborn, MI",2015,0.0163802825702057,2.346103030709786,-0.015943992990568034,0.0038753055072132986,-0.004997884502197218,0.033453133592512105,0.757645272688753,0.010733489498383708
"Detroit-Warren-Dearborn, MI",2016,0.006727199304740899,2.330159037719218,-0.027148832306884252,-0.0011225789949839192,0.013878406843469342,0.0163802825702057,0.7365275847215015,0.005871878307542468
"Detroit-Warren-Dearborn, MI",2017,0.013080137596384,2.303010205412334,-0.007378802451387223,0.012755827848485423,-0.002941899186756936,0.006727199304740899,0.7428048168156758,0.0007675463050383774
"Detroit-Warren-Dearborn, MI",2018,0.0107831201640129,2.2956314029609466,-0.014487696913465964,0.009813928661728488,-0.008130801662145791,0.013080137596384,0.742217038428775,0.00307754464799484
"Detroit-Warren-Dearborn, MI",2019,0.029606405525669097,2.2811437060474806,-0.0944011833532441,0.0016831269995826958,0.008676401405799814,0.0107831201640129,0.7101719586478905,0.001840164684221171
"Detroit-Warren-Dearborn, MI",2020,0.006790757736637107,2.1867425226942365,-0.1225851248206844,0.01035952840538251,0.0002694603288057231,0.029606405525669097,0.6933308249578295,0.0022770747461037383
"Detroit-Warren-Dearborn, MI",2021,-0.030410804999200798,2.064157397873552,0.11587861093574592,0.010628988734188233,0.006094268334323173,0.006790757736637107,0.7149725980814703,-0.004080459776262958
"Detroit-Warren-Dearborn, MI",2022,-0.015470814913894699,2.180036008809298,-0.0899514045851566,0.016723257068511407,-0.00790838280419894,-0.030410804999200798,0.6910024824979043,-0.014251118565841402
"Detroit-Warren-Dearborn, MI",2023,0.006221489699947399,2.0900846042241414,-0.02150635383172883,0.008814874264312466,0.005544902449778148,-0.015470814913894699,0.694679323117461,-0.011775822531757144
"Detroit-Warren-Dearborn, MI",2024,-0.0144686438459158,2.0685782503924126,0.03307669663689161,0.014359776714090614,-0.003780532598468365,0.006221489699947399,0.6987811739199286,-0.0053726622808887015
"El Paso, TX",2007,0.0144108723221707,3.0219995170248732,-0.15573901128112144,0.019005550550696,0.004122925137311988,-0.002567671189006797,0.9069902484157063,0.010606544422565617
"El Paso, TX",2008,-0.062305354237133,2.866260505743752,-0.05387820819196287,0.023128475688007986,-0.015240193828268885,0.0144108723221707,0.8827809624553734,0.014648022880374728
"El Paso, TX",2009,-0.01058666806998134,2.812382297551789,0.07357310244176896,0.007888281859739102,0.018827058719369835,-0.062305354237133,0.9219800988540205,-0.008521294658292947
"El Paso, TX",2010,-0.02075789487959671,2.885955399993558,0.11813365043806412,0.026715340579108935,-0.01596786583163419,-0.01058666806998134,0.9409771518993776,0.008817863539505172
"El Paso, TX",2011,-0.00906099572812319,3.004089050431622,-0.028660765439042724,0.010747474747474747,0.026135586759827245,-0.02075789487959671,0.9271916471925048,0.006960162036905401
"El Paso, TX",2012,-0.004788417956170099,2.9754282849925793,0.0352009667081008,0.036883061507301994,-0.007737384525704379,-0.00906099572812319,0.9401947191764114,0.007860745601288785
"El Paso, TX",2013,-0.00015933032454394994,3.01062925170068,-0.05522880215613979,0.029145676981597615,0.0017718596049864713,-0.004788417956170099,0.9148597882709814,0.010430332358245822
"El Paso, TX",2014,-0.0119391212406199,2.9554004495445403,-0.048712022004195,0.030917536586584086,-0.017933040462553076,-0.00015933032454394994,0.9259621656881931,0.009870015559482276
"El Paso, TX",2015,-0.014072032194055561,2.9066884275403453,-0.0796766563556548,0.012984496124031008,-0.0020317507634034972,-0.0119391212406199,0.8918796497955486,0.008242945497323642
"El Paso, TX",2016,-0.0036794904136248016,2.8270117711846905,0.08628800914509283,0.01095274536062751,0.007356380816218779,-0.014072032194055561,0.9000197578093457,0.00852419125614115
"El Paso, TX",2017,0.0076828699567471,2.9132997803297833,-0.10031206496240319,0.01830912617684629,-0.0025592655561438166,-0.0036794904136248016,0.8644403817845102,0.01148914431420335
"El Paso, TX",2018,0.017050637969112402,2.81298771536738,-0.021936699128461967,0.015749860620702473,-0.01007817786902155,0.0076828699567471,0.8628978005481738,0.014058528983010271
"El Paso, TX",2019,0.020438972740634897,2.791051016238918,0.1190577216619757,0.005671682751680922,0.004993710435202236,0.017050637969112402,0.8931196210670872,0.01864133197967384
"El Paso, TX",2020,0.03845030870146901,2.910108737900894,-0.34714633344484636,0.010665393186883159,-0.005962740350665982,0.020438972740634897,0.8274370076464092,0.014648198964833978
"El Paso, TX",2021,0.006664301055343602,2.5629624044560475,0.04712084295679109,0.004702652836217177,0.005196119895127443,0.03845030870146901,0.8161418780149974,0.01834542442286674
"El Paso, TX",2022,-0.008402940839912401,2.6100832474128386,0.006419036593730887,0.00989877273134462,-0.00023008066588136623,0.006664301055343602,0.8244114860948126,0.008880247608555006
"El Paso, TX",2023,-0.0132422151990061,2.6165022840065695,-0.05289587285166952,0.009668692065463254,0.005749713381494796,-0.008402940839912401,0.7864711745998062,0.005594960719206066
"El Paso, TX",2024,-0.008876066686511003,2.5636064111549,-0.07823399723474367,0.01541840544695805,0.0010420548402888773,-0.0132422151990061,0.8080288691902252,-0.0016437342071446703
"Eugene, OR",2007,0.0104489385454345,2.152133859748073,-0.01769427310260374,0.017817495559502666,-0.014818095439526661,0.006867870738807701,0.7249502210522764,-0.004977483180692258
"Eugene, OR",2008,-0.0896558879907665,2.134439586645469,0.03930655223002866,0.002999400119976005,0.005754405882633825,0.0104489385454345,0.7161681225918409,-0.0009706988153019638
"Eugene, OR",2009,-0.0056786004300642,2.1737461388754977,0.2048622346479525,0.00875380600260983,-0.004711333087178363,-0.0896558879907665,0.7690956037312632,-0.026503766268693316
"Eugene, OR",2010,-0.02071507453026104,2.3786083735234502,-0.12803920705500094,0.004042472915431467,-0.0023246288097840545,-0.0056786004300642,0.7191430913641373,0.00029223302107611593
"Eugene, OR",2011,-0.0010965495187521025,2.2505691664684493,0.15204558234909982,0.0017178441056474125,-0.0013427101292272626,-0.02071507453026104,0.7607305799762178,-0.0034252417317184036
"Eugene, OR",2012,0.006729140290680899,2.402614748817549,-0.049948237794636086,0.00037513397642015007,0.014196034395573208,-0.0010965495187521025,0.7311056755524232,0.003629597580663349
"Eugene, OR",2013,0.0113577585357294,2.352666511022913,-0.007221439377233629,0.014571168371993357,-0.004802965193367242,0.006729140290680899,0.7603119193739091,0.0013993236683735588
"Eugene, OR",2014,0.0533065727745552,2.3454450716456794,0.049390569227504955,0.009768203178626115,0.007016988203929835,0.0113577585357294,0.773097446078082,0.003139979836393733
"Eugene, OR",2015,0.0411549866987095,2.3948356408731843,-0.07088399138196655,0.01678519138255595,-0.003671280351442553,0.0533065727745552,0.7349361782806311,0.015964613900773056
"Eugene, OR",2016,0.020898028511446,2.323951649491218,0.19314492123546945,0.013113911031113397,0.01495715495873432,0.0411549866987095,0.805157638763526,0.01143587659946034
"Eugene, OR",2017,0.022768820450559602,2.5170965707266872,-0.2811204929474882,0.028071065989847717,-0.020269752604176457,0.020898028511446,0.7374286060848975,0.0042574427036896345
"Eugene, OR",2018,0.013483214297628401,2.235976077779199,0.05595426469838527,0.007801313385671259,-0.0005013280836282429,0.022768820450559602,0.7458544337756974,0.004888459823699301
"Eugene, OR",2019,0.0175238827906694,2.2919303424775843,-0.10956634779405183,0.007299985302043016,0.03136732987305426,0.013483214297628401,0.7407708941563257,-0.0031415720935770233
"Eugene, OR",2020,0.009592399558498402,2.1823639946835325,-0.01643140479817351,0.03866731517509728,-0.022511848071374498,0.0175238827906694,0.7162165651807895,-0.0032353763056111803
"Eugene, OR",2021,0.007203685837657903,2.165932589885359,0.04077450848759101,0.01615546710372278,-0.015878969407870244,0.009592399558498402,0.7306928234417681,-0.0016193437179897602
"Eugene, OR",2022,-0.015284937829162602,2.20670709837295,-0.011024517246504661,0.00027649769585253456,0.04754438132377337,0.007203685837657903,0.7507692144181869,-0.0063767503631433076
"Eugene, OR",2023,-0.0033673479236487995,2.1956825811264453,-0.12102472507697648,0.04782087901962591,0.0008952658977149294,-0.015284937829162602,0.6957211179271894,-0.017673631128589717
"Eugene, OR",2024,-0.0140428189504147,2.074657856049469,0.05885181080612645,0.04871614491734084,-0.028298569871223114,-0.0033673479236487995,0.6879200763498284,-0.010647947075180339
"Fayetteville, NC",2007,-0.0124331309156132,2.413370918882531,0.12601973491775098,0.06614044637996734,0.031766114763765105,-0.0150830782446232,0.7304527904090021,-0.00837330219386407
"Fayetteville, NC",2008,-0.060359780400568,2.539390653800282,-0.10869039491286658,0.09790656114373245,-0.07878087808362316,-0.0124331309156132,0.7131256869743489,-0.004842061747841561
"Fayetteville, NC",2009,-0.00799687419416785,2.4307002588874154,0.09166486744993962,0.01912568306010929,0.02935985684063796,-0.060359780400568,0.7308478712528443,-0.012047211434674132
"Fayetteville, NC",2010,-0.028977760961668972,2.522365126337355,0.06299439257260042,0.04848553990074725,0.00983555253165578,-0.00799687419416785,0.764592577711865,-0.0009029860404280027
"Fayetteville, NC",2011,-0.0042856280509114015,2.5853595189099554,0.033039653330538155,0.05832109243240303,0.008403834314114213,-0.028977760961668972,0.7763777111833059,-0.007778511047991286
"Fayetteville, NC",2012,-0.011369609162521,2.6183991722404936,-0.01305420456465356,0.06672492674651724,-0.015257527585031044,-0.0042856280509114015,0.7434425403225806,0.0023861703592776423
"Fayetteville, NC",2013,-0.01165848656864309,2.60534496767584,-0.19444437910855772,0.051467399161486196,-0.014985433901850101,-0.011369609162521,0.7076151261299636,-0.0004155203245892955
"Fayetteville, NC",2014,-0.00827509240979362,2.4109005885672823,0.15719273161922453,0.036481965259636095,0.0026955717733066417,-0.01165848656864309,0.7452580834460918,0.0007857629668733268
"Fayetteville, NC",2015,0.011706328470788997,2.568093320186507,-0.07650100432069262,0.03917753703294274,-0.03917753703294274,-0.00827509240979362,0.7211076616682287,0.006241615569620253
"Fayetteville, NC",2016,-0.0104362273105569,2.491592315865814,-0.04069742157995515,0.0,0.0,0.011706328470788997,0.7321650358971252,0.012946822547377355
"Fayetteville, NC",2017,0.040745905415073405,2.450894894285859,-0.15655404934578243,0.0,0.0,-0.0104362273105569,0.6780426656942292,0.005387882336617883
"Fayetteville, NC",2018,0.027117687383031802,2.2943408449400766,0.07271080521961615,0.0,0.0,0.040745905415073405,0.6875817054713966,0.01969429628783643
"Fayetteville, NC",2019,0.0717260128550377,2.3670516501596928,0.060874093885598946,0.0,0.0,0.027117687383031802,0.7132408343287696,0.01662792404085177
"Fayetteville, NC",2020,0.051257201096489,2.4279257440452917,-0.09210710120539778,0.0,0.004084932556061445,0.0717260128550377,0.7014930785339365,0.027459884612764246
"Fayetteville, NC",2021,0.0234533350643234,2.335818642839894,-0.008241323252264898,0.004084932556061445,-0.007432815761553668,0.051257201096489,0.7007361570468367,0.020551754382567095
"Fayetteville, NC",2022,-0.03694853444994581,2.327577319587629,-0.057131096883166865,-0.0033478832054922238,0.004028213165522839,0.0234533350643234,0.6775373500559049,0.013034403248868648
"Fayetteville, NC",2023,-0.0051442685551767,2.270446222704462,0.0298975886904298,0.0006803299600306148,0.04164141729925382,-0.03694853444994581,0.6848151900320637,-0.008499548108188947
"Fayetteville, NC",2024,-0.01697149037748575,2.300343811394892,-0.07795463032802497,0.04232174725928444,-0.023365367316357414,-0.0051442685551767,0.6768220481989737,-0.0036192807227046764
"Fayetteville-Springdale-Rogers, AR-MO",2007,-0.0133210473389935,2.381547405575794,0.059662044217346555,0.06717578843162211,0.009067695975127604,-0.0155067331585255,0.7857894049048831,-0.015109935822218104
"Fayetteville-Springdale-Rogers, AR-MO",2008,-0.062208980977111805,2.4412094497931407,-0.10311669703441728,0.07624348440674972,-0.02510245666089518,-0.0133210473389935,0.7630223065739609,-0.014148193409432935
"Fayetteville-Springdale-Rogers, AR-MO",2009,-0.0057333296011614805,2.3380927527587234,0.2746978180150408,0.051141027745854536,-0.007056685691969336,-0.062208980977111805,0.8305829565297839,-0.02213145293465857
"Fayetteville-Springdale-Rogers, AR-MO",2010,-0.018040169878321202,2.612790570773764,-0.1638454521857886,0.0440843420538852,-0.03735260189905518,-0.0057333296011614805,0.7710818526196963,0.000669765620533988
"Fayetteville-Springdale-Rogers, AR-MO",2011,0.0030721099298716,2.4489451185879756,0.06300495460718603,0.006731740154830024,-0.00279400101147403,-0.018040169878321202,0.7962262860715472,-0.00040029384991520367
"Fayetteville-Springdale-Rogers, AR-MO",2012,-0.0024260893746581007,2.5119500731951616,-0.05528096505883395,0.003937739143355994,-0.0027536503366954942,0.0030721099298716,0.7982520102894411,0.004818027052560694
"Fayetteville-Springdale-Rogers, AR-MO",2013,0.012626869945512799,2.4566691081363277,0.21274462511151837,0.0011840888066604995,0.002437894413947846,-0.0024260893746581007,0.8162708071326444,0.008463332939808665
"Fayetteville-Springdale-Rogers, AR-MO",2014,0.0186635858212967,2.669413733247846,-0.049985039875490855,0.0036219832206083455,-0.0028854706078298518,0.012626869945512799,0.7982246706675833,0.015080637415901876
"Fayetteville-Springdale-Rogers, AR-MO",2015,0.003741614971838999,2.619428693372355,-0.0729009556825786,0.0007365126127784938,0.024139292355022796,0.0186635858212967,0.7785960437892433,0.01351271579643383
"Fayetteville-Springdale-Rogers, AR-MO",2016,-0.015159890752393719,2.5465277376897766,-0.15134242008758392,0.02487580496780129,0.0145123678087597,0.003741614971838999,0.7725344984432457,-0.00021374255831248246
"Fayetteville-Springdale-Rogers, AR-MO",2017,0.0139156978585873,2.3951853176021927,0.14859985368816186,0.03938817277656099,0.021479590108612424,-0.015159890752393719,0.7993104273489122,-0.008051454429105008
"Fayetteville-Springdale-Rogers, AR-MO",2018,-0.008400087139272702,2.5437851712903545,-0.1981635934640802,0.06086776288517341,-0.02270429821568465,0.0139156978585873,0.7284895613493945,0.0008190974471661214
"Fayetteville-Springdale-Rogers, AR-MO",2019,0.0054361465118971004,2.3456215778262743,0.09038460070063481,0.038163464669488764,0.029680459801999848,-0.008400087139272702,0.7610579385606583,-0.007685311051655423
"Fayetteville-Springdale-Rogers, AR-MO",2020,-0.007572166064308189,2.436006178526909,-0.022288675718718842,0.06784392447148861,-0.025165117010774854,0.0054361465118971004,0.7841475156849728,-0.006412590822832465
"Fayetteville-Springdale-Rogers, AR-MO",2021,0.027566361027629896,2.4137175028081903,0.0499735859657231,0.04267880746071376,0.035494610760031076,-0.007572166064308189,0.764031827919381,-0.007349508770348637
"Fayetteville-Springdale-Rogers, AR-MO",2022,-0.0082741147134562,2.4636910887739134,-0.08171169445608628,0.07817341822074483,-0.031090618335708385,0.027566361027629896,0.746562447404369,0.000750969524774131
"Fayetteville-Springdale-Rogers, AR-MO",2023,-0.008166337666643101,2.381979394317827,-0.05331064936920704,0.04708279988503645,-0.007581864139559219,-0.0082741147134562,0.7027190879696733,-0.004418573590835841
"Fayetteville-Springdale-Rogers, AR-MO",2024,-0.01697783827215433,2.32866874494862,-0.03809993675386636,0.03950093574547723,0.021423736586367793,-0.008166337666643101,0.7224251868949345,-0.009079982104607767
"Fort Wayne, IN",2007,0.0152386597661662,2.1004353775345193,0.048037606020688184,0.004142011834319527,-0.004142011834319527,-0.0174436978492107,0.7122472114294615,-0.00916065372279512
"Fort Wayne, IN",2008,-0.0436057194169102,2.1484729835552074,-0.011086009370958827,0.0,0.004910626595953644,0.0152386597661662,0.6823978311075409,0.0028330537383013665
"Fort Wayne, IN",2009,-0.014077402566135228,2.1373869741842486,0.08461500797630661,0.004910626595953644,-0.004910626595953644,-0.0436057194169102,0.7277803025384665,-0.014999758818431866
"Fort Wayne, IN",2010,-0.0246499687530272,2.2220019821605552,0.20395833452403078,0.0,0.004251368256450352,-0.014077402566135228,0.7834225020911257,-0.0031625267266881946
"Fort Wayne, IN",2011,3.068421001430066e-05,2.425960316684586,-0.14438257480354366,0.004251368256450352,0.005675156000276815,-0.0246499687530272,0.7265712574666401,-0.004830006406874768
"Fort Wayne, IN",2012,-0.0023342917024459994,2.2815777418810423,0.06357476736723022,0.009926524256727166,0.003034208096922557,3.068421001430066e-05,0.7527388411360123,-0.0004960760193573194
"Fort Wayne, IN",2013,0.0019030900362000504,2.3451525092482726,-0.06659441519546805,0.012960732353649723,-0.00040365472807894764,-0.0023342917024459994,0.7304658834258355,-0.0011025675947314295
"Fort Wayne, IN",2014,0.036949560681488004,2.2785580940528045,-0.07131950670764509,0.012557077625570776,-0.0049941313647665665,0.0019030900362000504,0.7376576521015141,-0.003270018719591379
"Fort Wayne, IN",2015,0.010424444903217298,2.2072385873451594,0.13613542619574348,0.007562946260804209,0.013836652788102501,0.036949560681488004,0.7559891485809683,0.008239196417034939
"Fort Wayne, IN",2016,0.0038931306934767013,2.343374013540903,-0.04338919495884719,0.02139959904890671,-0.011083732698715,0.010424444903217298,0.7512378955421593,0.0007429322251801262
"Fort Wayne, IN",2017,0.0186708893635426,2.2999848185820557,0.09488344768212187,0.01031586635019171,0.006264959528546882,0.0038931306934767013,0.7473367780902379,0.0026176552165513706
"Fort Wayne, IN",2018,0.014485566982364702,2.3948682662641776,-0.24771661199441786,0.016580825878738593,0.0024405509489579535,0.0186708893635426,0.7092571395242019,0.0017519289954791711
"Fort Wayne, IN",2019,0.0164566746644821,2.1471516542697597,0.06734109935342847,0.019021376827696546,-0.019021376827696546,0.014485566982364702,0.7362109578145554,-0.0009479838935989096
"Fort Wayne, IN",2020,0.05091808047003901,2.214492753623188,-0.009967785171772992,0.0,0.01317109337520171,0.0164566746644821,0.7312657442498449,0.0014076871855781894
"Fort Wayne, IN",2021,-0.004971982193319298,2.204524968451415,-0.03104402207513024,0.01317109337520171,-0.005422825973884504,0.05091808047003901,0.7219374716038165,0.009809743451117167
"Fort Wayne, IN",2022,-0.0192978382337947,2.173480946376285,-0.05400329013953442,0.007748267401317206,0.023775375330731832,-0.004971982193319298,0.6842180902390452,-0.006580583406542773
"Fort Wayne, IN",2023,-0.0006873740829352985,2.1194776562367506,-0.05981465084326221,0.03152364273204904,-0.008665553370170699,-0.0192978382337947,0.6863922016242243,-0.01535999185075778
"Fort Wayne, IN",2024,-0.0028977636563778005,2.0596630053934883,-0.02282619372640271,0.022858089361878338,0.0205814474989775,-0.0006873740829352985,0.6944525808180032,-0.013155836369244188
"Fresno, CA",2007,0.01007111029013872,3.0819167842143433,0.07267423049665878,0.014620575352196045,-0.0002495740492771178,-0.0001024305316771959,0.9845781025734328,0.016624880193898656
"Fresno, CA",2008,-0.0791215679641304,3.154591014711002,0.06973614362524394,0.014371001302918927,-0.010670989800292494,0.01007111029013872,0.9925662024030127,0.023076096010323746
"Fresno, CA",2009,-0.00805749537753344,3.224327158336246,0.06068888669916239,0.003700011502626433,0.005372665414573452,-0.0791215679641304,1.0245935573110978,-0.0012810170099973733
"Fresno, CA",2010,-0.02455072469116974,3.2850160450354084,0.019274894104873486,0.009072676917199885,-0.005741236447769638,-0.00805749537753344,1.0329213776080097,0.019454791513110234
"Fresno, CA",2011,-0.008768113404858112,3.304290939140282,0.03860309387641081,0.003331440469430248,0.002573551418280577,-0.02455072469116974,1.041366002212188,0.016026776080621835
"Fresno, CA",2012,0.0014554442555341999,3.3428940330166927,0.01616713503508116,0.005904991887710825,-0.001872658198031724,-0.008768113404858112,1.0177293860795167,0.023398924473347696
"Fresno, CA",2013,0.0077269844400749,3.359061168051774,-0.07966683907527239,0.004032333689679101,-0.0007073439635237604,0.0014554442555341999,1.0047705747448399,0.025117306125966424
"Fresno, CA",2014,0.0328837527727146,3.2793943289765015,0.008471930985561205,0.0033249897261553407,0.00017515921635285125,0.0077269844400749,0.98584750388553,0.027890101982717297
"Fresno, CA",2015,0.032557452548824306,3.2878662599620627,-0.06379420188291807,0.003500148942508192,0.0015276803710354073,0.0328837527727146,0.9920015361146965,0.03225059101521992
"Fresno, CA",2016,0.024383957732360798,3.2240720580791447,-0.023332146811798626,0.005027829313543599,-0.0019819191402036204,0.032557452548824306,0.9829471131976503,0.03136568242227791
"Fresno, CA",2017,0.032160810009494806,3.200739911267346,-0.07074792213426129,0.003045910173339979,0.00529110396093564,0.024383957732360798,0.9851415140878267,0.025901631134802178
"Fresno, CA",2018,0.028800691583490398,3.1299919891330847,0.01445594584495824,0.008337014134275619,-0.008318762295402852,0.032160810009494806,0.9908360450299603,0.027430352146819922
"Fresno, CA",2019,0.044752161829933204,3.144447934978043,-0.08640789456650522,1.8251838872766433e-05,0.011115166668154063,0.028800691583490398,0.9911610480217053,0.023579839687294143
"Fresno, CA",2020,0.03327661063380401,3.0580400404115378,-0.09447138297659885,0.01113341850702683,0.0008882421427926657,0.044752161829933204,0.9736723970702139,0.023996871222604632
"Fresno, CA",2021,-0.016263135922281298,2.963568657434939,0.07085431197079783,0.012021660649819495,-0.003924061391802158,0.03327661063380401,0.9958356558900037,0.0204232514958948
"Fresno, CA",2022,0.00010774561724469917,3.0344229694057367,-0.08205008575226858,0.008097599258017337,0.013204594655641545,-0.016263135922281298,0.9476712817522822,0.007752634831062019
"Fresno, CA",2023,0.0007450223885651017,2.952372883653468,-0.023835349250886928,0.02130219391365888,-0.015030972238099322,0.00010774561724469917,0.9445207043749132,0.010742870587461095
"Fresno, CA",2024,-0.0078627262580395,2.9285375344025812,-0.031973858083891304,0.006271221675559559,0.006881689525073983,0.0007450223885651017,0.9400010798455821,0.010956972260836306
"Gainesville, FL",2007,-0.0142972075076413,2.0046623794212217,0.10596178117819877,0.010163133560150047,0.020710392930631073,-0.0157607569786873,0.7005482258909649,-0.013555280094718895
"Gainesville, FL",2008,-0.059539627939039205,2.1106241605994205,-0.05202670267799814,0.030873526490781122,-0.015710587728948164,-0.0142972075076413,0.6931207857504774,-0.013898710556781844
"Gainesville, FL",2009,-0.00790706070470095,2.0585974579214223,0.26515513961762815,0.015162938761832957,-0.006993273800618234,-0.059539627939039205,0.7569573848295165,-0.0212845173985777
"Gainesville, FL",2010,-0.021516076205688,2.3237525975390505,0.006554848532471791,0.008169664961214722,-0.008169664961214722,-0.00790706070470095,0.7376050086577796,-0.00012041752199584005
"Gainesville, FL",2011,0.001306801028203998,2.3303074460715223,-0.02581973434784235,0.0,0.0,-0.021516076205688,0.701244315310763,-0.0008118243616237822
"Gainesville, FL",2012,0.0107198985011015,2.30448771172368,0.3199905598206363,0.0,0.0,0.001306801028203998,0.8193699218151157,0.006340739660899208
"Gainesville, FL",2013,0.005964134230004301,2.6244782715443162,-0.32607039959026407,0.0,0.0006957518212327086,0.0107198985011015,0.7362852929637296,0.008616523408760408
"Gainesville, FL",2014,0.0374677709137459,2.298407871954052,0.0611755689616893,0.0006957518212327086,-0.0006957518212327086,0.005964134230004301,0.7354274524531238,0.005513136014947656
"Gainesville, FL",2015,0.0261219204259739,2.3595834409157415,-0.0049300600050385945,0.0,-0.015418592286614045,0.0374677709137459,0.7424986554193677,0.015853077508215116
"Gainesville, FL",2016,0.0215103284007721,2.354653380910703,0.3022994579685747,-0.015418592286614045,0.02779709191276674,0.0261219204259739,0.8474791271007274,0.013297795540157573
"Gainesville, FL",2017,0.018060247228399297,2.6569528388792776,-0.24847388641489454,0.012378499626152695,-0.013158082754332574,0.0215103284007721,0.7552209459508302,0.013014683509886785
"Gainesville, FL",2018,0.029193624028301196,2.408478952464383,0.16893148712470785,-0.0007795831281798785,0.009525938813311074,0.018060247228399297,0.8067870201096892,0.011088588584702741
"Gainesville, FL",2019,0.006698971494301799,2.577410439589091,-0.39747288250904056,0.008746355685131196,0.0013081912496567226,0.029193624028301196,0.7230777901455483,0.008539352976190316
"Gainesville, FL",2020,0.038087145051434,2.1799375570800503,0.004759012840794163,0.010054546934787918,0.011667937246891042,0.006698971494301799,0.7078272648960026,-0.0023343149717079473
"Gainesville, FL",2021,5.4622786910998866e-05,2.1846965699208445,0.12383879330651659,0.02172248418167896,-0.0023551758825309625,0.038087145051434,0.7422988584553152,0.006880159338414613
"Gainesville, FL",2022,-0.0124825826142092,2.308535363227361,-0.17917324051771288,0.019367308299147998,-0.0014514316594389856,5.4622786910998866e-05,0.6784598241321673,-0.002770949524169196
"Gainesville, FL",2023,-0.02102356199322391,2.129362122709648,-0.17395287536564097,0.017915876639709012,-0.011377444342894597,-0.0124825826142092,0.6557566253724322,-0.011353755329111773
"Gainesville, FL",2024,-0.012848520683050202,1.9554092473440072,-0.12588701494318988,0.006538432296814415,0.0193698689343964,-0.02102356199322391,0.6200985221674877,-0.017646598590332796
"Grand Rapids-Wyoming, MI",2007,0.0120673266543436,2.273235158158885,-0.0224859439201599,0.028385885695441516,-0.027991213766482465,-0.0167435612025824,0.7414400603570053,-0.008538460660498425
"Grand Rapids-Wyoming, MI",2008,-0.04816469429391,2.2507492142387253,0.033792838054806484,0.0003946719289590528,0.006016216718836588,0.0120673266543436,0.7298147684403551,0.004029186167010312
"Grand Rapids-Wyoming, MI",2009,-0.012436255494639581,2.284542052293532,0.072630557362511,0.006410888647795641,-0.0062148870797830965,-0.04816469429391,0.7786965223917939,-0.014370268658094335
"Grand Rapids-Wyoming, MI",2010,-0.0133421215325766,2.357172609656043,0.07387624614829935,0.0001960015680125441,0.0019106023904432662,-0.012436255494639581,0.7746992685162666,7.354946911272697e-06
"Grand Rapids-Wyoming, MI",2011,0.0010713477801800007,2.431048855804342,-0.0965286998427426,0.0021066039584558102,-0.0007377454886440282,-0.0133421215325766,0.744255765126166,-0.000246121107862568
"Grand Rapids-Wyoming, MI",2012,0.008630981081787099,2.3345201559615996,0.05397445961297187,0.001368858469811782,0.0007304433902673079,0.0010713477801800007,0.7810617231935959,0.001433799526264129
"Grand Rapids-Wyoming, MI",2013,0.0203796907949314,2.3884946155745714,0.13214207992317561,0.00209930186007909,1.9961513203575754e-05,0.008630981081787099,0.790684479290246,0.007864866171837168
"Grand Rapids-Wyoming, MI",2014,0.047265314201023104,2.520636695497747,-0.09930285426354812,0.0021192633732826658,0.0017213744642923848,0.0203796907949314,0.7938691198075349,0.008944377063714204
"Grand Rapids-Wyoming, MI",2015,0.0112734013093338,2.421333841234199,0.03686860470803799,0.0038406378375750506,0.010518758728761488,0.047265314201023104,0.8189345986202412,0.01338712396244253
"Grand Rapids-Wyoming, MI",2016,0.010173450458686801,2.458202445942237,-0.06741106721612367,0.014359396566336538,0.0059079703470079365,0.0112734013093338,0.7922177346639492,0.0019004344329090067
"Grand Rapids-Wyoming, MI",2017,0.0164548557260189,2.3907913787261132,-0.03913685803290923,0.020267366913344475,0.013565900126127673,0.010173450458686801,0.7741043532419178,-0.0008892569509579978
"Grand Rapids-Wyoming, MI",2018,0.017942323454952197,2.351654520693204,0.018960454862161136,0.03383326703947215,0.0055918772402607925,0.0164548557260189,0.7942726387746378,-0.002620725338798008
"Grand Rapids-Wyoming, MI",2019,0.034798543780311594,2.370614975555365,-0.061223425362237904,0.03942514427973294,-0.015212807310194323,0.017942323454952197,0.753791165050121,9.12626623713747e-05
"Grand Rapids-Wyoming, MI",2020,0.023322329482509604,2.3093915501931273,-0.29510333950883494,0.024212336969538617,0.01928348564573807,0.034798543780311594,0.6850961622504169,-0.0002432411602218132
"Grand Rapids-Wyoming, MI",2021,-0.004947983873216599,2.0142882106842923,0.08723875318693075,0.04349582261527669,-0.02644377005339424,0.023322329482509604,0.708135313820739,-0.00574893320552658
"Grand Rapids-Wyoming, MI",2022,0.003759167134378398,2.101526963871223,0.0789142139994321,0.01705205256188245,0.004241164857291462,-0.004947983873216599,0.7266546100640904,-0.009042089892735541
"Grand Rapids-Wyoming, MI",2023,0.0005172171615238016,2.180441177870655,-0.05853762482684388,0.02129321741917391,0.019875753846884735,0.003759167134378398,0.6940083359417473,-0.0071136745820847835
"Grand Rapids-Wyoming, MI",2024,-0.0078964513111115,2.1219035530438113,0.04990690135720577,0.041168971266058646,-0.015341980082274456,0.0005172171615238016,0.7378282460259629,-0.011539902356689447
"Greensboro-High Point, NC",2007,-0.0134706503407669,2.288041577132577,-0.026675811046898534,0.0027643967593606305,0.018962273000717976,-0.018128981763419198,0.7178485990906928,-0.005483748044804143
"Greensboro-High Point, NC",2008,-0.0558214212800798,2.2613657660856785,0.07569247633792031,0.021726669760078608,0.008994886086367043,-0.0134706503407669,0.7445624769453083,-0.007025804986791034
"Greensboro-High Point, NC",2009,-0.008881079297088382,2.337058242423599,-0.02675471637995397,0.03072155584644565,-0.02177979393057597,-0.0558214212800798,0.7136299923599372,-0.015460888139244296
"Greensboro-High Point, NC",2010,-0.02269413779528666,2.310303526043645,0.11110293969934437,0.008941761915869683,0.01096678720044762,-0.008881079297088382,0.7581085150215104,-0.0010218415419762233
"Greensboro-High Point, NC",2011,-0.0070530474934459,2.4214064657429892,-0.03316925336252119,0.019908549116317304,-0.019908549116317304,-0.02269413779528666,0.7355873620773696,-0.0022636488164141585
"Greensboro-High Point, NC",2012,0.0059093156546984,2.388237212380468,-0.0813810022169732,0.0,0.03334760597435962,-0.0070530474934459,0.7255805682786154,-0.0009675526615905081
"Greensboro-High Point, NC",2013,0.0113536681669817,2.306856210163495,0.11622667799780118,0.03334760597435962,-0.025450367570381757,0.0059093156546984,0.7695463003502627,0.0006093400066585763
"Greensboro-High Point, NC",2014,0.021200813988353703,2.423082888161296,0.03861625173689598,0.007897238403977868,0.023516754002493562,0.0113536681669817,0.7712079010824945,0.005428745338128968
"Greensboro-High Point, NC",2015,0.014900165129982,2.461699139898192,-0.06953598218131862,0.03141399240647143,-0.02517718115207518,0.021200813988353703,0.7555738199245883,0.007279461288962008
"Greensboro-High Point, NC",2016,0.0018125802761725998,2.3921631577168734,0.018535275648305483,0.006236811254396249,-0.0005745873751903585,0.014900165129982,0.7504441315418932,0.008542928479960146
"Greensboro-High Point, NC",2017,0.031260820851579704,2.410698433365179,-0.06818363064741728,0.0056622238792058905,0.01871276163945766,0.0018125802761725998,0.7311722438476552,0.002743058239547201
"Greensboro-High Point, NC",2018,0.0251840419260025,2.3425148027177616,-0.04819870505829105,0.024374985518663548,-0.013450102570980844,0.031260820851579704,0.7330458928173024,0.007597198027640924
"Greensboro-High Point, NC",2019,0.04181928548143769,2.2943160976594705,0.101226142801075,0.010924882947682703,0.0043344359765576865,0.0251840419260025,0.7484569924331014,0.00855909468361335
"Greensboro-High Point, NC",2020,0.058533497712090016,2.3955422404605455,-0.1561283617473732,0.01525931892424039,0.006404115490428158,0.04181928548143769,0.7241858467446503,0.010131498871164872
"Greensboro-High Point, NC",2021,-0.007957485717861201,2.2394138787131723,-0.03104914623389554,0.02166343441466855,-0.011244745486952248,0.058533497712090016,0.7051548128229653,0.01383328091152225
"Greensboro-High Point, NC",2022,-0.0141876312200089,2.208364732479277,-0.037440405409698396,0.0104186889277163,0.012893723010288056,-0.007957485717861201,0.6756170099548751,-0.0040747002026284215
"Greensboro-High Point, NC",2023,-0.0042572415448551,2.1709243270695784,0.012804329984002827,0.023312411938004356,-0.013611573284856278,-0.0141876312200089,0.6789440226390718,-0.0063320297858175945
"Greensboro-High Point, NC",2024,-0.0347536644282937,2.183728657053581,-0.0942208706682699,0.009700838653148079,0.01143596169396653,-0.0042572415448551,0.6648453015837811,-0.0049347308422949265
"Greenville-Anderson-Mauldin, SC",2007,-0.017991832147688902,2.296753284222269,0.0494177425989939,0.0011853557760693602,0.02509838686651233,-0.014705711925324397,0.7242434688769316,-0.002271104795531026
"Greenville-Anderson-Mauldin, SC",2008,-0.0568115717764435,2.346171026821263,-0.04456296714868735,0.02628374264258169,0.015016234284805498,-0.017991832147688902,0.7109748580115027,-0.007107229339231871
"Greenville-Anderson-Mauldin, SC",2009,-0.004705062865786551,2.3016080596725756,0.10430351912292668,0.04129997692738719,-0.02328908809477134,-0.0568115717764435,0.7394808462992423,-0.017038315152773147
"Greenville-Anderson-Mauldin, SC",2010,-0.0165694913923912,2.4059115787955023,0.021721966133005033,0.01801088883261585,-0.007283610451968483,-0.004705062865786551,0.7534548029982379,0.0017395534275747443
"Greenville-Anderson-Mauldin, SC",2011,0.008088874555778499,2.4276335449285074,0.07865149065820098,0.010727278380647368,-0.010727278380647368,-0.0165694913923912,0.7666146491293255,0.001982518327922289
"Greenville-Anderson-Mauldin, SC",2012,0.0141349596620235,2.5062850355867083,-0.13201696788798367,0.0,0.006829508398449517,0.008088874555778499,0.7348053345101987,0.008635732906089488
"Greenville-Anderson-Mauldin, SC",2013,0.0341247118699417,2.3742680676987247,0.1221734535846668,0.006829508398449517,0.04224162335417821,0.0141349596620235,0.769599032530067,0.005503405982378751
"Greenville-Anderson-Mauldin, SC",2014,0.026748348662759804,2.4964415212833915,0.03384360143584253,0.04907113175262772,-0.041789719741210464,0.0341247118699417,0.7738018916458902,0.012528687720788051
"Greenville-Anderson-Mauldin, SC",2015,-0.004775933470048,2.530285122719234,-0.10149806976547948,0.007281412011417254,0.03496355676026907,0.026748348662759804,0.7481080662241393,0.011002083667305054
"Greenville-Anderson-Mauldin, SC",2016,-0.01709660724561286,2.4287870529537545,0.02037927809739326,0.04224496877168633,0.021369957015524098,-0.004775933470048,0.7577069238340871,-0.004995866363205807
"Greenville-Anderson-Mauldin, SC",2017,0.0206768985846195,2.449166331051148,-0.057394293712436095,0.06361492578721042,-0.013951406563463747,-0.01709660724561286,0.7640233812503958,-0.011846639127068959
"Greenville-Anderson-Mauldin, SC",2018,0.010753947415685701,2.3917720373387117,0.015360412532932077,0.04966351922374668,-0.019471182858754876,0.0206768985846195,0.7534802910196546,0.0028466220760913347
"Greenville-Anderson-Mauldin, SC",2019,0.0171607880585041,2.4071324498716438,-0.03718744082889014,0.0301923363649918,0.017109687418687673,0.010753947415685701,0.7543951419654233,-0.0005223758052315258
"Greenville-Anderson-Mauldin, SC",2020,0.03515603449054,2.3699450090427536,-0.16836577132548491,0.047302023783679474,-0.01330690655119525,0.0171607880585041,0.7254062002338585,-0.003175331270783552
"Greenville-Anderson-Mauldin, SC",2021,-0.002269742292491897,2.2015792377172687,0.06091277621223812,0.033995117232484225,0.02763895413562733,0.03515603449054,0.7161048326459933,0.0017751137214133753
"Greenville-Anderson-Mauldin, SC",2022,-0.02806489916929197,2.262492013929507,-0.0770305705455887,0.061634071368111554,-0.038260663340583805,-0.002269742292491897,0.6955686744815641,-0.008624726953992815
"Greenville-Anderson-Mauldin, SC",2023,-0.012335028780234299,2.185461443383918,-0.04565157569583933,0.02337340802752775,0.03069117423797712,-0.02806489916929197,0.6776096725596488,-0.015442231146966523
"Greenville-Anderson-Mauldin, SC",2024,-0.02907169799685478,2.139809867688079,0.0386201928554426,0.05406458226550487,0.008625062175481674,-0.012335028780234299,0.6852211090063978,-0.014987470172717517
"Harrisburg-Carlisle, PA",2007,0.00551119710564494,2.0725870494807577,-0.004385214324545306,0.017646566864598142,-0.013003240105886767,-0.009467340955432897,0.6830275690283412,-0.009416199558026528
"Harrisburg-Carlisle, PA",2008,-0.054128057047301295,2.0682018351562124,0.06927817307802009,0.004643326758711374,0.026646296538765005,0.00551119710564494,0.7037270675084588,-0.00554582279663015
"Harrisburg-Carlisle, PA",2009,0.0017028853450489004,2.1374800082342325,-0.03548533695893896,0.03128962329747638,-0.01863792186176606,-0.054128057047301295,0.7118811060222512,-0.02477561259511528
"Harrisburg-Carlisle, PA",2010,-0.0188973107472234,2.1019946712752935,-0.030199341543633018,0.01265170143571032,0.0005077392880589206,0.0017028853450489004,0.6876815460311815,-0.006380409407960273
"Harrisburg-Carlisle, PA",2011,-0.006781307123947101,2.0717953297316605,0.12728341130776588,0.01315944072376924,0.004815741927280279,-0.0188973107472234,0.6941022060383228,-0.00923456912825521
"Harrisburg-Carlisle, PA",2012,0.003609211528364199,2.1990787410394264,0.033090633363278776,0.01797518265104952,0.005644472547553049,-0.006781307123947101,0.7196672354948805,-0.006331348534324141
"Harrisburg-Carlisle, PA",2013,0.008004026828990901,2.232169374402705,-0.20180639140113055,0.023619655198602568,-0.013900112239706589,0.003609211528364199,0.6702476474822062,-0.005122336909462032
"Harrisburg-Carlisle, PA",2014,0.018087365368511202,2.0303629830015746,0.07301877846932747,0.00971954295889598,-0.008947994718760774,0.008004026828990901,0.6952870631647493,-0.003589169287433379
"Harrisburg-Carlisle, PA",2015,0.013745790798746101,2.103381761470902,0.057829356724358405,0.0007715482401352046,0.028341121094275015,0.018087365368511202,0.7049313068294949,-0.00022983128025692162
"Harrisburg-Carlisle, PA",2016,-0.0024617544823474988,2.1612111181952605,0.11540466969759366,0.02911266933441022,-0.028898628238519807,0.013745790798746101,0.7426162780340951,-0.0005230664161610388
"Harrisburg-Carlisle, PA",2017,0.0217852767565403,2.276615787892854,-0.0888795366494266,0.00021404109589041095,0.018938537547379435,-0.0024617544823474988,0.7187926043514801,-0.0032826438083425682
"Harrisburg-Carlisle, PA",2018,0.007152161666488598,2.1877362512434275,0.0370331789061753,0.019152578643269847,-0.007604022212823653,0.0217852767565403,0.7168491040298386,0.0025537817955069986
"Harrisburg-Carlisle, PA",2019,0.0204670279018726,2.224769430149603,-0.13329316800703905,0.011548556430446194,0.015505586451408156,0.007152161666488598,0.6899406040692532,-0.00399492869444755
"Harrisburg-Carlisle, PA",2020,0.009168744644596105,2.0914762621425638,-0.03574851681329694,0.02705414288185435,-0.02223721964946307,0.0204670279018726,0.6801029474845273,-0.001939489953315554
"Harrisburg-Carlisle, PA",2021,-0.0375726532462521,2.055727745329267,-0.06286043266598229,0.004816923232391282,0.006312811933549047,0.009168744644596105,0.6564699882521151,-0.0038520902845192648
"Harrisburg-Carlisle, PA",2022,-0.0077427281294127,1.9928673126632845,0.11856087872959797,0.01112973516594033,0.013537064117926788,-0.0375726532462521,0.7165285830943031,-0.020751462989956088
"Harrisburg-Carlisle, PA",2023,0.011671172174083703,2.1114281913928825,-0.022375924631077293,0.024666799283867117,0.007754089863871185,-0.0077427281294127,0.6966347992351817,-0.012140808796468852
"Harrisburg-Carlisle, PA",2024,3.6714566945997285e-05,2.089052266761805,-0.07723959821287707,0.0324208891477383,0.0009563203295087849,0.011671172174083703,0.6905229581859427,-0.009982050819972922
"Hartford-West Hartford-East Hartford, CT",2007,0.00799657761365056,2.1807828628719093,0.003205252252163948,0.00543316332790017,0.004119366872389195,-0.03466257028832698,0.7621346218720854,-0.017064616726503785
"Hartford-West Hartford-East Hartford, CT",2008,-0.0622661232049999,2.183988115124073,-0.05862906008153512,0.009552530200289365,-0.003025723673482838,0.00799657761365056,0.7430458687451167,-0.005525131644012429
"Hartford-West Hartford-East Hartford, CT",2009,-0.01535520042157203,2.125359055042538,0.08862869808243934,0.006526806526806527,-0.0017063306549179634,-0.0622661232049999,0.7672213370211145,-0.024646588114744516
"Hartford-West Hartford-East Hartford, CT",2010,-0.021876143208163258,2.2139877531249774,-0.057528066257366284,0.004820475871888563,-0.0049570552415747725,-0.01535520042157203,0.7523514466331929,-0.01038508698780443
"Hartford-West Hartford-East Hartford, CT",2011,-0.006995381862270802,2.156459686867611,0.14676455587423964,-0.0001365793696862089,-0.001348924164787718,-0.021876143208163258,0.7840378727569913,-0.009898836759619042
"Hartford-West Hartford-East Hartford, CT",2012,-0.0018163236140574992,2.303224242741851,-0.11445293099242315,-0.001485503534473927,0.012361202503334542,-0.006995381862270802,0.753059603938058,-0.006185651851087867
"Hartford-West Hartford-East Hartford, CT",2013,0.014565268872963,2.1887713117494276,0.08448419989782696,0.010875698968860616,-0.006680486247893011,-0.0018163236140574992,0.7709861235106746,-0.005468663562767949
"Hartford-West Hartford-East Hartford, CT",2014,0.017114964017774598,2.2732555116472546,0.018825507837225253,0.004195212720967605,0.002408227132139549,0.014565268872963,0.788676577790541,-0.00014589897437426724
"Hartford-West Hartford-East Hartford, CT",2015,6.457463332269764e-05,2.29208101948448,-0.07236536871773858,0.006603439853107154,0.01525247178608622,0.017114964017774598,0.7749196862326622,-0.0021422390449473833
"Hartford-West Hartford-East Hartford, CT",2016,-0.0045856672787256,2.2197156507667413,-0.01090891870334909,0.021855911639193374,-0.005724502065160848,6.457463332269764e-05,0.7634623565332009,-0.008408916977609843
"Hartford-West Hartford-East Hartford, CT",2017,0.011259837821975701,2.208806732063392,-0.033615265112459713,0.016131409574032526,0.006529197072648967,-0.0045856672787256,0.7668448025554931,-0.01125112295249113
"Hartford-West Hartford-East Hartford, CT",2018,0.0057274895844221,2.1751914669509325,0.06588725997342726,0.022660606646681493,-0.012353602927334586,0.011259837821975701,0.7753065975309312,-0.005235555634847282
"Hartford-West Hartford-East Hartford, CT",2019,0.0162123216979351,2.2410787269243597,-0.1375154044641418,0.010307003719346907,0.013590915352190858,0.0057274895844221,0.7358761535758138,-0.007254752739548932
"Hartford-West Hartford-East Hartford, CT",2020,-0.007959372737930293,2.103563322460218,-0.10192991530748508,0.023897919071537765,-0.002858277400554495,0.0162123216979351,0.7154061440909588,-0.008941453208898435
"Hartford-West Hartford-East Hartford, CT",2021,-0.010555980009166695,2.001633407152733,0.13073912679551203,0.02103964167098327,-0.01538452894175723,-0.007959372737930293,0.7422405047768748,-0.013107251304510757
"Hartford-West Hartford-East Hartford, CT",2022,0.0051844706531506,2.132372533948245,-0.1589882087718837,0.00565511272922604,8.689741944305999e-05,-0.010555980009166695,0.7101456687604905,-0.013338413342248397
"Hartford-West Hartford-East Hartford, CT",2023,0.012371374013292299,1.9733843251763612,-0.05284325716408644,0.0057420101486691,0.01023497591019348,0.0051844706531506,0.6965224517925578,-0.012373211364251985
"Hartford-West Hartford-East Hartford, CT",2024,0.0028987731468677995,1.9205410680122748,0.047197132890746785,0.01597698605886258,0.016824895802088805,0.012371374013292299,0.7142056755469647,-0.013468465813139034
"Houston-The Woodlands-Sugar Land, TX",2007,0.026955838624982797,2.6425032744691817,-0.022606121644250354,0.01311231221006937,0.012123876673825256,-0.0031790770086612963,0.9021625200811915,-0.0017162532684392162
"Houston-The Woodlands-Sugar Land, TX",2008,-0.046894923507743796,2.6198971528249313,-0.01235924535631483,0.025236188883894627,0.018990912405345454,0.026955838624982797,0.8999338501252122,0.003289712335598799
"Houston-The Woodlands-Sugar Land, TX",2009,-0.012015290123917461,2.6075379074686165,0.06174403258873529,0.04422710128924008,-0.029069313941656676,-0.046894923507743796,0.9091817509825839,-0.015930246327451728
"Houston-The Woodlands-Sugar Land, TX",2010,-0.0155407375753098,2.6692819400573518,0.03055751170814025,0.015157787347583405,-0.007910444223572668,-0.012015290123917461,0.9129124533811716,-0.0006830722545375922
"Houston-The Woodlands-Sugar Land, TX",2011,0.0093748317282915,2.699839451765492,0.0021084919454255058,0.007247343124010737,-0.006717776620243332,-0.0155407375753098,0.9127192161135067,0.00024021441521134002
"Houston-The Woodlands-Sugar Land, TX",2012,0.018689797604146997,2.7019479437109175,-0.011813107988932536,0.0005295665037674052,0.0036682868187500797,0.0093748317282915,0.9076045849830986,0.0077591821351318535
"Houston-The Woodlands-Sugar Land, TX",2013,0.0195813890236483,2.690134835721985,-0.030487624051345197,0.004197853322517485,0.008304867981569628,0.018689797604146997,0.9002309686316824,0.008690017133436395
"Houston-The Woodlands-Sugar Land, TX",2014,0.024860272819306403,2.6596472116706398,-4.948321223752217e-05,0.012502721304087113,0.01980438195830979,0.0195813890236483,0.8919024932377769,0.0066037809803199815
"Houston-The Woodlands-Sugar Land, TX",2015,-0.0356435445281043,2.6595977284584023,-0.0018197694779247264,0.0323071032623969,0.0007447382495467114,0.024860272819306403,0.8932592474263272,0.005682553470251664
"Houston-The Woodlands-Sugar Land, TX",2016,0.011525797892253897,2.6577779589804775,-0.038200397501250816,0.03305184151194361,-0.0014129657894615955,-0.0356435445281043,0.8822221489390225,-0.011809785164695483
"Houston-The Woodlands-Sugar Land, TX",2017,-0.0078319843849983,2.6195775614792267,0.07017842899455617,0.031638875722482016,-0.005002542165707724,0.011525797892253897,0.9126331672696397,0.00152988318287324
"Houston-The Woodlands-Sugar Land, TX",2018,0.010121396848297097,2.689755990473783,-0.013274150363812076,0.02663633355677429,-0.014479456404689754,-0.0078319843849983,0.9032573715199365,-0.000934358793540313
"Houston-The Woodlands-Sugar Land, TX",2019,-0.013348062089676396,2.676481840109971,-0.07417612678506869,0.012156877152084538,0.008118052812047858,0.010121396848297097,0.8886954499978863,0.003540386573525789
"Houston-The Woodlands-Sugar Land, TX",2020,0.016148619911148104,2.602305713324902,-0.17022871246319138,0.020274929964132396,0.015094980143612179,-0.013348062089676396,0.8584782026120757,-0.009522706528626163
"Houston-The Woodlands-Sugar Land, TX",2021,-0.0304543946209831,2.4320770008617107,0.00734328027486697,0.035369910107744575,-0.007012004191582894,0.016148619911148104,0.8359778161001292,-0.002088509130277652
"Houston-The Woodlands-Sugar Land, TX",2022,-0.02872661829405618,2.4394202811365777,-0.06320917725894537,0.02835790591616168,-0.0024222431268591353,-0.0304543946209831,0.8317036581658053,-0.016023717192042188
"Houston-The Woodlands-Sugar Land, TX",2023,-0.02344855368284631,2.3762111038776323,0.00014824415284042658,0.025935662789302545,0.010349299476468406,-0.02872661829405618,0.830936582619536,-0.01687974263951872
"Houston-The Woodlands-Sugar Land, TX",2024,-0.03470674253433943,2.3763593480304728,0.06883852109269872,0.03628496226577095,-0.0009847944146227777,-0.02344855368284631,0.8471443254410316,-0.015437293647436963
"Huntsville, AL",2007,-0.0150793424503517,2.186947806073205,-0.0006701007277030158,0.0119533527696793,0.002835853030762456,-0.013137320006188398,0.6787103022593561,-0.004942298438861535
"Huntsville, AL",2008,-0.0631753063793716,2.186277705345502,0.15689730535197333,0.014789205800441756,0.036691820034705405,-0.0150793424503517,0.7279656135064475,-0.007858051482310245
"Huntsville, AL",2009,-0.0061293922211456305,2.3431750106974754,-0.060100344825532837,0.05148102583514716,-0.007965590680795616,-0.0631753063793716,0.71905098843338,-0.024220812215701958
"Huntsville, AL",2010,-0.014777805572765399,2.2830746658719425,0.18596861431028966,0.043515435154351544,-0.014018691008420282,-0.0061293922211456305,0.7824483136983137,-0.005638315800724526
"Huntsville, AL",2011,-0.001765546463775601,2.469043280182232,-0.24570100885705726,0.029496744145931262,-0.029496744145931262,-0.014777805572765399,0.69660792116733,-0.002867059657802186
"Huntsville, AL",2012,-0.01356910355885738,2.223342271325175,0.25887797086833686,0.0,0.003141624429271562,-0.001765546463775601,0.7826195219123506,0.002439253971446592
"Huntsville, AL",2013,-0.01092517388360047,2.482220242193512,-0.1635643683392911,0.003141624429271562,0.030097059385660794,-0.01356910355885738,0.7165430696992277,-0.0008500047723543208
"Huntsville, AL",2014,0.014384115750100101,2.3186558738542207,-0.020999215005152116,0.033238683814932356,0.013641367914779899,-0.01092517388360047,0.7143554452104325,-0.007117680709008846
"Huntsville, AL",2015,0.0017070234609469978,2.2976566588490686,0.11414064309612959,0.046880051729712255,-0.038580175262757345,0.014384115750100101,0.7528451114186191,0.002403850127857904
"Huntsville, AL",2016,0.019346337068717998,2.411797301945198,-0.03037204607638566,0.00829987646695491,0.019917130309721073,0.0017070234609469978,0.7259242077184029,0.003874683938433661
"Huntsville, AL",2017,0.0302689548590336,2.3814252558688125,-0.21737813913182213,0.028217006776675983,-0.01704631866228814,0.019346337068717998,0.6658930706352684,0.005452229154260066
"Huntsville, AL",2018,0.0335519789842129,2.1640471167369904,-0.031049898378158858,0.011170688114387846,0.007609691912125632,0.0302689548590336,0.6426251833228578,0.008028817383529972
"Huntsville, AL",2019,0.024845789998039196,2.1329972183588315,-0.019267148107021903,0.018780380026513478,-0.0037438731227326643,0.0335519789842129,0.6722741573286657,0.004915840716127114
"Huntsville, AL",2020,-0.0020073944716910985,2.1137300702518096,-0.03429906238589764,0.015036506903780814,0.032609672143295604,0.024845789998039196,0.6614829668691428,-0.0005411261262455933
"Huntsville, AL",2021,-0.037533988458244294,2.079431007865912,-0.09863238863936075,0.047646179047076416,0.03076986446074139,-0.0020073944716910985,0.6152634753278085,-0.014354802296667017
"Huntsville, AL",2022,-0.0609109299484749,1.9807986192265512,0.20766401985638505,0.0784160435078178,0.02569086858598242,-0.037533988458244294,0.6819016248990338,-0.029769423797109895
"Huntsville, AL",2023,-0.0678300580955868,2.1884626390829363,-0.19167719896011137,0.10410691209380023,0.05587025033840075,-0.0609109299484749,0.6517869261529146,-0.04572739976176032
"Huntsville, AL",2024,-0.0539381672012806,1.9967854401228249,0.13306865470800622,0.15997716243220098,-0.00601742428188351,-0.0678300580955868,0.6835083378836128,-0.05369371835802769
"Indianapolis-Carmel-Anderson, IN",2007,0.019813043375163097,2.213004280989448,-0.03425193511184288,0.01596688350088705,-0.006801186954515297,-0.0239373500886526,0.7309228963114444,-0.012301290041209001
"Indianapolis-Carmel-Anderson, IN",2008,-0.0407462256993589,2.178752345877605,0.07790034655886258,0.009165696546371751,-0.0003524135600069603,0.019813043375163097,0.7488228712708609,0.001617319478631335
"Indianapolis-Carmel-Anderson, IN",2009,-0.019739696088753943,2.2566526924364676,0.07369540101303862,0.00881328298636479,-0.002120036456866479,-0.0407462256993589,0.7736331068490981,-0.01393929997322746
"Indianapolis-Carmel-Anderson, IN",2010,-0.0171497006997638,2.330348093449506,0.05743537431519741,0.0066932465294983114,0.008898741657242061,-0.019739696088753943,0.7847993021937782,-0.00663709745808784
"Indianapolis-Carmel-Anderson, IN",2011,-0.004092179313647701,2.3877834677647036,-0.058316577053361573,0.015591988186740372,-0.013556406517414276,-0.0171497006997638,0.7786740254296493,-0.006466664527680875
"Indianapolis-Carmel-Anderson, IN",2012,0.0005687096805010016,2.329466890711342,0.04731883061169784,0.0020355816693260957,0.013531400256008944,-0.004092179313647701,0.7875238141251223,-0.00231083356447144
"Indianapolis-Carmel-Anderson, IN",2013,0.0027761667656765006,2.37678572132304,0.014313997128865719,0.01556698192533504,-0.0021583256485452045,0.0005687096805010016,0.7781178556199659,-0.000427487715491226
"Indianapolis-Carmel-Anderson, IN",2014,0.021644753107931097,2.3910997184519056,-0.004315970529932489,0.013408656276789836,0.015569935138085553,0.0027761667656765006,0.7816427087287475,-0.001227091673100339
"Indianapolis-Carmel-Anderson, IN",2015,0.0079780653906689,2.386783747921973,0.04181625133730549,0.02897859141487539,-0.009037192987421186,0.021644753107931097,0.7982380645734605,0.003195063893320929
"Indianapolis-Carmel-Anderson, IN",2016,0.0081349920964651,2.4285999992592786,-0.08280871046122007,0.019941398427454203,-0.0028837703746830284,0.0079780653906689,0.7655784936452109,0.0009929074432269702
"Indianapolis-Carmel-Anderson, IN",2017,0.015089231357828099,2.3457912887980585,-0.01099590666539818,0.017057628052771175,-0.003137787368903966,0.0081349920964651,0.7693494787128154,-5.760588060894911e-05
"Indianapolis-Carmel-Anderson, IN",2018,0.019641737559175497,2.3347953821326604,-0.02536334926504802,0.013919840683867209,0.006389339867420154,0.015089231357828099,0.760752296427249,0.0014110098142200156
"Indianapolis-Carmel-Anderson, IN",2019,0.0259329749934521,2.3094320328676123,-0.08369790302739366,0.020309180551287363,-0.01573235669680286,0.019641737559175497,0.7344273780332132,0.0024488079772820165
"Indianapolis-Carmel-Anderson, IN",2020,0.027434580585434007,2.2257341298402187,-0.10251609091122305,0.004576823854484502,0.013855635001634125,0.0259329749934521,0.7137828410509136,0.0019423954366625043
"Indianapolis-Carmel-Anderson, IN",2021,0.012714284258754704,2.1232180389289956,0.04002061598448803,0.018432458856118626,-0.0026247623638912775,0.027434580585434007,0.7265097409879041,0.00014883137423281345
"Indianapolis-Carmel-Anderson, IN",2022,-0.006619029701139499,2.1632386549134837,-0.05776059746861062,0.01580769649222735,-0.0012477398381822505,0.012714284258754704,0.7133269731772649,-0.004009339835794275
"Indianapolis-Carmel-Anderson, IN",2023,-0.005148422253859499,2.105478057444873,-0.006951129053877736,0.014559956654045098,0.020923233231320722,-0.006619029701139499,0.7093686054122906,-0.011809776671335835
"Indianapolis-Carmel-Anderson, IN",2024,-0.02366600770868361,2.0985269283909953,-0.016495973313607415,0.03548318988536582,0.0035697522788580363,-0.005148422253859499,0.7050379025144771,-0.014289874180489097
"Jackson, MS",2007,-0.0142758690448117,2.420672812075361,-0.011402613038734355,0.0004545110218922809,0.0014384245425811044,-0.0161005947235193,0.7520383094372166,0.0008911761995077511
"Jackson, MS",2008,-0.059540380447679495,2.4092701990366265,0.07998212976189345,0.0018929355644733852,0.003548418728150557,-0.0142758690448117,0.7599548178469504,0.002874149261080927
"Jackson, MS",2009,-0.007941513120703701,2.48925232879852,0.10423907794877474,0.005441354292623942,-0.003637385561415283,-0.059540380447679495,0.7881564948254183,-0.007856238938680503
"Jackson, MS",2010,-0.02192267860324907,2.5934914067472947,-0.018077118086083033,0.0018039687312086591,0.0051363073792355185,-0.007941513120703701,0.7963355711119261,0.006638559189669671
"Jackson, MS",2011,-0.005218364373195202,2.5754142886612117,0.03631210704804877,0.006940276110444178,-0.009883534558341052,-0.02192267860324907,0.8269110957960027,0.001440080856065229
"Jackson, MS",2012,0.002453017392817501,2.6117263957092605,0.08363810198081856,-0.0029432584478968743,0.0018596324109788564,-0.005218364373195202,0.8225634939283993,0.01076522218400458
"Jackson, MS",2013,0.0204694330382214,2.695364497690079,-0.021365956251312657,-0.001083626036918018,0.001083626036918018,0.002453017392817501,0.8066462645698863,0.014254124269465152
"Jackson, MS",2014,0.027113963553812,2.6739985414387664,0.008034292806629484,0.0,0.011521340665095576,0.0204694330382214,0.8146587184062979,0.017553312490466808
"Jackson, MS",2015,-0.008089283029951102,2.682032834245396,-0.07162475617828745,0.011521340665095576,-0.011521340665095576,0.027113963553812,0.7916417745106961,0.018781430957153775
"Jackson, MS",2016,-0.0133496613689847,2.6104080780671084,-0.10947676555435049,0.0,0.012129728930143116,-0.008089283029951102,0.770585113701134,0.006155355643383764
"Jackson, MS",2017,0.010025537387386301,2.500931312512758,0.13276736072653117,0.012129728930143116,-0.00763559322916756,-0.0133496613689847,0.7885413272936383,0.0057412919582256056
"Jackson, MS",2018,0.0206481023815632,2.633698673239289,-0.009617165777995762,0.004494135700975556,-0.004494135700975556,0.010025537387386301,0.8059471636289166,0.013391688964771165
"Jackson, MS",2019,0.024027939765914903,2.6240815074612933,-0.24965576997001415,0.0,0.0,0.0206481023815632,0.7165904567430885,0.015761502589184212
"Jackson, MS",2020,0.015229814311935402,2.374425737491279,-0.026413569509926127,0.0,0.03542848828750182,0.024027939765914903,0.7347619145735891,0.008120987074869641
"Jackson, MS",2021,-0.012805429500667598,2.348012167981353,-0.05519137940606589,0.03542848828750182,-0.030580599578164367,0.015229814311935402,0.6992060283877266,0.005262170928316386
"Jackson, MS",2022,-0.0090029994253178,2.292820788575287,-0.1039301316680814,0.004847888709337455,-0.004847888709337455,-0.012805429500667598,0.6642482626523575,-0.0001673864228523836
"Jackson, MS",2023,0.022578233572113002,2.1888906569072057,-0.11467226565020328,0.0,0.008250594322472382,-0.0090029994253178,0.6355508745412226,-0.002052535673739038
"Jackson, MS",2024,0.0088270920944214,2.0742183912570025,0.04478772331068681,0.008250594322472382,-0.012758222616508443,0.022578233572113002,0.6602505180827596,0.005196075999162567
"Jacksonville, FL",2007,-0.023422595735044502,2.2708794221642368,0.1176016984518955,0.016075947515468893,0.028538373984056026,-0.029139256054457698,0.7452032592437297,-0.01025569274534717
"Jacksonville, FL",2008,-0.0646550475652752,2.3884811206161323,-0.0016014378525150974,0.04461432149952492,-0.01736828023769005,-0.023422595735044502,0.7513427658676418,-0.009381447679561769
"Jacksonville, FL",2009,-0.01274280101856619,2.386879682763617,0.022222783547086955,0.02724604126183487,0.006307314073698684,-0.0646550475652752,0.7531008037469419,-0.019121332551753356
"Jacksonville, FL",2010,-0.017023021271842,2.409102466310704,0.054357479113718465,0.03355335533553355,-0.03071063930858616,-0.01274280101856619,0.767119987860855,-0.0014263129250751821
"Jacksonville, FL",2011,-0.00022303972427849955,2.4634599454244226,0.09059933886370519,0.0028427160269473904,-0.002739166879933489,-0.017023021271842,0.7896224318662263,0.0028346380845767905
"Jacksonville, FL",2012,-0.00014317001247069958,2.554059284288128,-0.046646151148370674,0.00010354914701390147,0.006937063800466232,-0.00022303972427849955,0.7778155293418133,0.007759842292368868
"Jacksonville, FL",2013,0.0187527317243681,2.507413133139757,0.05049004040776062,0.007040612947480133,0.018264617742662522,-0.00014317001247069958,0.7838660790495933,0.0060563488133141274
"Jacksonville, FL",2014,0.033791173884775205,2.5579031735475177,0.0514487072218901,0.025305230690142656,-0.018072750964901678,0.0187527317243681,0.799451613864632,0.012069909957145464
"Jacksonville, FL",2015,0.014872750718675599,2.609351880769408,-0.009923288786591211,0.007232479725240978,0.02015813205234875,0.033791173884775205,0.7945900266870236,0.017203702188899717
"Jacksonville, FL",2016,0.0190933414286785,2.5994285919828166,-0.008883293212586185,0.027390611777589727,-0.0070652608079566255,0.014872750718675599,0.7923053816631676,0.010032972085306333
"Jacksonville, FL",2017,0.020403961465612398,2.5905452987702304,-0.04794106605581128,0.020325350969633102,0.007181029988400971,0.0190933414286785,0.778591619922978,0.010770361098128373
"Jacksonville, FL",2018,0.013401142427063,2.542604232714419,-0.060135621679097806,0.027506380958034073,0.0016552790844837212,0.020403961465612398,0.7590424574349908,0.009219046771446263
"Jacksonville, FL",2019,0.024529401092990902,2.4824686110353213,-0.06508890047580129,0.029161660042517794,0.014834478086720157,0.013401142427063,0.7438982981573065,0.004056048523135639
"Jacksonville, FL",2020,0.08782281782336401,2.41737971055952,-0.047795136271086225,0.04399613812923795,0.002630024567681237,0.024529401092990902,0.752334747938208,0.0022102945820611924
"Jacksonville, FL",2021,-0.0401203159514351,2.369584574288434,-0.03452414133313653,0.04662616269691919,-0.014067162994871533,0.08782281782336401,0.7260439092376297,0.02156538335366965
"Jacksonville, FL",2022,-0.0608941475156803,2.3350604329552973,-0.08138756321974405,0.032558999702047654,0.02610766696461901,-0.0401203159514351,0.7099036236637425,-0.01729893557758013
"Jacksonville, FL",2023,-0.0507285988904362,2.2536728697355533,-0.00163561456742789,0.058666666666666666,0.014268406080429084,-0.0608941475156803,0.7052480161042829,-0.02795709166820673
"Jacksonville, FL",2024,-0.031363884484320884,2.2520372551681254,-0.092478091966119,0.07293507274709575,0.007989276389173919,-0.0507285988904362,0.6927949505798732,-0.02949676321171185
"Kansas City, MO-KS",2007,0.017280136544852297,2.2192033519656644,-0.020106714733568065,0.013434632041720223,0.004006476951073909,-0.009770583311017995,0.7301355688191716,-0.00790879700846793
"Kansas City, MO-KS",2008,-0.0457620590026913,2.1990966372320964,-0.046455468292540214,0.017441108992794132,-0.002474496052430329,0.017280136544852297,0.7091752126171049,-0.0005303932161524819
"Kansas City, MO-KS",2009,-0.00961034259157658,2.152641168939556,0.17748210583151414,0.014966612940363803,-0.005524532710061531,-0.0457620590026913,0.7744823386114494,-0.017608182459324828
"Kansas City, MO-KS",2010,-0.0203148647308521,2.3301232747710703,0.029373983037474183,0.009442080230302272,-0.002529441415680336,-0.00961034259157658,0.7835608425163585,-0.004165706246065402
"Kansas City, MO-KS",2011,-0.002396782003688801,2.3594972578085445,-0.08256745351165673,0.006912638814621936,-0.003664761094909166,-0.0203148647308521,0.7590340072252805,-0.007001968075304656
"Kansas City, MO-KS",2012,0.005276398146215401,2.2769298042968877,0.018146097508519254,0.0032478777197127704,0.002367643211911358,-0.002396782003688801,0.7462414445560513,-0.0010225779949280187
"Kansas City, MO-KS",2013,0.0101267996865377,2.295075901805407,0.03597873901027837,0.005615520931624128,0.00951206803736546,0.005276398146215401,0.7541901107751388,0.0008247006328783724
"Kansas City, MO-KS",2014,0.024391003588344604,2.3310546408156854,-0.0011401224889842076,0.015127588968989587,-0.0008566898798021035,0.0101267996865377,0.7426858189322197,0.0025972194884892053
"Kansas City, MO-KS",2015,0.0080866464269981,2.329914518326701,-0.016971339074699276,0.014270899089187484,0.01876680642401204,0.024391003588344604,0.7443792460340533,0.004319580342034904
"Kansas City, MO-KS",2016,-0.0049227967375106985,2.312943179252002,-0.02909950816482354,0.033037705513199525,-0.00939075300792791,0.0080866464269981,0.7427019783705119,-0.002581174507917533
"Kansas City, MO-KS",2017,0.0035033382483872985,2.2838436710871783,-0.04219941957581996,0.023646952505271615,0.00924193015554689,-0.0049227967375106985,0.7249024129252009,-0.00635240838399212
"Kansas City, MO-KS",2018,0.012993893691635096,2.2416442515113584,-0.005319144304737566,0.032888882660818505,-0.007525457818364785,0.0035033382483872985,0.724989586995916,-0.005005857967093068
"Kansas City, MO-KS",2019,0.007745932667717,2.236325107206621,-0.028988626471444512,0.02536342484245372,-0.01090154440105543,0.012993893691635096,0.7262201973652569,-0.0016845984742204917
"Kansas City, MO-KS",2020,-0.001285664179847698,2.2073364807351763,-0.11820140374787647,0.014461880441398291,0.02614669385657617,0.007745932667717,0.7007610927163018,-0.006558629934526959
"Kansas City, MO-KS",2021,-0.006393128288118395,2.0891350769873,0.011974691661735815,0.04060857429797446,-0.015265305868642946,-0.001285664179847698,0.6983987854100463,-0.011432794491471429
"Kansas City, MO-KS",2022,-0.006092025921132102,2.1011097686490356,-0.056564612818486903,0.025343268429331513,0.003211919728088739,-0.006393128288118395,0.6876004074156317,-0.012376559105577334
"Kansas City, MO-KS",2023,0.005300650092231799,2.0445451558305487,-0.013407207070291527,0.028555188157420253,0.0011087747626260976,-0.006092025921132102,0.6819239886009535,-0.013401901829500636
"Kansas City, MO-KS",2024,-0.010488729955554003,2.031137948760257,0.023470694139296366,0.02966396292004635,-0.0077914697443796435,0.005300650092231799,0.6929100010882577,-0.009886738747333847
"Knoxville, TN",2007,-0.0152614374341083,2.144034927008011,0.007353429943348644,0.006944211479754436,0.014277803445618697,-0.012976776758130998,0.7015761897922352,-0.008567502992857273
"Knoxville, TN",2008,-0.0616238906081257,2.1513883569513594,-0.051230296327160474,0.021222014925373133,-0.0029203805013363338,-0.0152614374341083,0.6922808943039301,-0.011405217495927052
"Knoxville, TN",2009,-0.006575262438081501,2.100158060624199,0.10655684691413025,0.0183016344240368,0.0024262440920136893,-0.0616238906081257,0.7100816595990175,-0.022893666111101704
"Knoxville, TN",2010,-0.02401243560986447,2.206714907538329,0.04838722362517789,0.02072787851605049,-0.008173344760047852,-0.006575262438081501,0.7259331463620403,-0.005239831712756514
"Knoxville, TN",2011,-0.0019073366004705022,2.255102131163507,-0.017731146689327737,0.012554533756002637,0.02073643676567989,-0.02401243560986447,0.706767126102883,-0.009536522360454831
"Knoxville, TN",2012,0.004871989944640201,2.2373709844741794,-0.00881458341885999,0.03329097052168253,-0.0271112795062333,-0.0019073366004705022,0.6961743536470314,-0.0027546135687242027
"Knoxville, TN",2013,0.00014339747531867068,2.2285564010553194,0.07451299322202454,0.006179691015449227,0.0024366293089298904,0.004871989944640201,0.7287400455062572,0.0016208765032139569
"Knoxville, TN",2014,0.022561476269866904,2.303069394277344,0.07459265862110742,0.008616320324379118,0.010863431375295728,0.00014339747531867068,0.7553177595319153,0.00025506298587001097
"Knoxville, TN",2015,0.013966395039640398,2.3776620528984513,0.0035589354087348646,0.019479751699674846,-0.00460544394937765,0.022561476269866904,0.7623585435528646,0.006245720245576597
"Knoxville, TN",2016,0.013974934119623198,2.381220988307186,-0.009757754051766376,0.014874307750297196,0.00026768413588073615,0.013966395039640398,0.7502990532827506,0.005020136006480519
"Knoxville, TN",2017,-0.0017446476957645,2.37146323425542,-0.023692963429115643,0.015141991886177932,-0.002027053239324391,0.013974934119623198,0.7318608588579344,0.005802282250697489
"Knoxville, TN",2018,0.026386021741962397,2.347770270826304,-0.06649466306886076,0.01311493864685354,0.003024846896787772,-0.0017446476957645,0.7213659895380662,-0.0003773787155863864
"Knoxville, TN",2019,0.0324953942291584,2.2812756077574434,-0.015462215065920493,0.016139785543641313,0.016201175116846944,0.026386021741962397,0.7200773856097065,0.0045944284264701
"Knoxville, TN",2020,0.038892381450607,2.265813392691523,-0.06352071392223957,0.032340960660488256,-0.022304415985947713,0.0324953942291584,0.7166173012069578,0.004460659508086197
"Knoxville, TN",2021,0.0280057441171722,2.2022926787692834,0.02926500243794017,0.010036544674540543,0.04717223328094044,0.038892381450607,0.7048559923737687,0.00575302580666099
"Knoxville, TN",2022,0.0021234182413559025,2.2315576812072235,-0.10535437496921096,0.05720877795548098,-0.031193848510747208,0.0280057441171722,0.6799960274804879,-0.0008892075413140382
"Knoxville, TN",2023,-0.011652404723298999,2.1262033062380126,0.12708867849481198,0.026014929444733773,0.029118977545501166,0.0021234182413559025,0.722938594074319,-0.00792511935503748
"Knoxville, TN",2024,-0.03099554594039917,2.2532919847328245,-0.1005501291927895,0.05513390699023494,-0.016740211253401277,-0.011652404723298999,0.6944015674099655,-0.013042671787980027
"Lansing-East Lansing, MI",2007,0.0156587914867687,2.1202976212027953,0.018860596242307626,0.006779910829433656,0.014045035186743191,-0.0217155348005857,0.7273543614636383,-0.013874093154862786
"Lansing-East Lansing, MI",2008,-0.048059598266655,2.139158217445103,0.02982387244338147,0.02082494601617685,-0.02082494601617685,0.0156587914867687,0.7463564949998708,-0.0033302141327448964
"Lansing-East Lansing, MI",2009,-0.013552767430473418,2.1689820898884844,-0.022566505016631044,0.0,0.0,-0.048059598266655,0.7133916008383981,-0.01672194316863406
"Lansing-East Lansing, MI",2010,-0.02172897188963223,2.1464155848718534,0.05877041631448687,0.0,0.0,-0.013552767430473418,0.7150739436039195,-0.005343844542746265
"Lansing-East Lansing, MI",2011,-0.008324793614792821,2.2051860011863402,0.1212724938350438,0.0,0.0007529040585114011,-0.02172897188963223,0.7781030121613114,-0.008186764383013058
"Lansing-East Lansing, MI",2012,-0.00039574190073870044,2.326458495021384,-0.04359900764386815,0.0007529040585114011,0.004155203274989119,-0.008324793614792821,0.7432930119497284,-0.0019403089828202297
"Lansing-East Lansing, MI",2013,0.0051544684606657,2.282859487377516,-0.006285498234169129,0.00490810733350052,0.0042897536290663245,-0.00039574190073870044,0.7301122663528867,-0.00015722811691950417
"Lansing-East Lansing, MI",2014,0.019464445004369703,2.2765739891433467,0.030292730332291296,0.009197860962566844,-0.0014968577126021699,0.0051544684606657,0.7560038277901638,-0.0001472221260100104
"Lansing-East Lansing, MI",2015,0.010598883484087898,2.306866719475638,-0.06420556669178135,0.0077010032499646745,-0.003669593308157201,0.019464445004369703,0.755720337905535,0.0025798637933003715
"Lansing-East Lansing, MI",2016,-0.0001241292321272,2.2426611527838567,0.002178174732636151,0.004031409941807474,0.004068865886550475,0.010598883484087898,0.741747699602202,0.0005943362069193853
"Lansing-East Lansing, MI",2017,0.008527525515214001,2.244839327516493,0.006899369036819536,0.008100275828357949,-0.001208023551143943,-0.0001241292321272,0.7540642255606627,-0.003559855290954185
"Lansing-East Lansing, MI",2018,0.015950500139331796,2.2517386965533124,0.011901635179555559,0.006892252277214006,0.01732348795393624,0.008527525515214001,0.7617740317891261,-0.0026807960589380203
"Lansing-East Lansing, MI",2019,0.0247933416359272,2.263640331732868,0.005977864855271964,0.024215740231150248,-0.023947067474567766,0.015950500139331796,0.7560480597499594,0.00048737597294551405
"Lansing-East Lansing, MI",2020,0.0008841088027496113,2.26961819658814,-0.34535722370080335,0.00026867275658248256,0.023401754318357084,0.0247933416359272,0.6633216661701916,-0.0004121185012931766
"Lansing-East Lansing, MI",2021,-0.0049516495588703,1.9242609728873366,-0.03595340994063689,0.023670427074939566,-0.012617260359074827,0.0008841088027496113,0.6333907865872768,-0.011476871905739802
"Lansing-East Lansing, MI",2022,-0.001899198651697201,1.8883075629466997,0.0728285787086771,0.011053166715864739,-0.011053166715864739,-0.0049516495588703,0.6503345992905764,-0.010124867667755715
"Lansing-East Lansing, MI",2023,0.005802029462921101,1.9611361416553768,0.019087087643068434,0.0,0.012229935768507104,-0.001899198651697201,0.6618549858967977,-0.008581891453215203
"Lansing-East Lansing, MI",2024,0.009441098166704198,1.9802232292984452,0.023482624164071986,0.012229935768507104,-0.008768730115204538,0.005802029462921101,0.6756379695380523,-0.007090913241120038
"Las Vegas-Henderson-Paradise, NV",2007,-0.013564650590868,2.559764578767957,0.025772037371347256,0.007682595390442765,0.025715864231258444,-0.014918582463559198,0.8082469192543016,0.0005958235084577712
"Las Vegas-Henderson-Paradise, NV",2008,-0.1077208674545822,2.5855366161393043,0.07754865474656025,0.03339845962170121,-0.012519173134326055,-0.013564650590868,0.845824894335077,-0.0009313941416296406
"Las Vegas-Henderson-Paradise, NV",2009,-0.035340959935956,2.6630852708858646,-0.003447882867012808,0.020879286487375154,0.007973964535908748,-0.1077208674545822,0.8264968390700279,-0.024488986211240377
"Las Vegas-Henderson-Paradise, NV",2010,-0.02617357756050158,2.6596373880188517,0.08703381022272794,0.028853251023283902,-0.02588579520902707,-0.035340959935956,0.8455072384412761,-0.0012179038024304895
"Las Vegas-Henderson-Paradise, NV",2011,-0.01126741439138651,2.7466711982415797,0.049487467713728694,0.0029674558142568316,-0.0032860824683518344,-0.02617357756050158,0.863974820126647,0.005693161828759424
"Las Vegas-Henderson-Paradise, NV",2012,0.0080641129702959,2.7961586659553084,0.0140930183892225,-0.00031862665409500274,0.0035449366920822017,-0.01126741439138651,0.8412744728749206,0.012957412344720184
"Las Vegas-Henderson-Paradise, NV",2013,0.019711343913064998,2.810251684344531,-0.012515663496545315,0.003226310037987199,-0.0015470216931560354,0.0080641129702959,0.8415041873194572,0.017901662219419814
"Las Vegas-Henderson-Paradise, NV",2014,0.0485630824064274,2.7977360208479856,-0.028492688123662457,0.0016792883448311635,0.00501365816985254,0.019711343913064998,0.8395876451324299,0.019956884895428087
"Las Vegas-Henderson-Paradise, NV",2015,0.032825978924117996,2.769243332724323,0.03275998207316588,0.006692946514683704,0.009021568836546003,0.0485630824064274,0.8601854534917415,0.025815754602882768
"Las Vegas-Henderson-Paradise, NV",2016,0.0281580120808296,2.802003314797489,-0.0226956008562591,0.015714515351229707,0.0023649812588646783,0.032825978924117996,0.8572724251036452,0.02001876405229057
"Las Vegas-Henderson-Paradise, NV",2017,0.0484618160882149,2.77930771394123,-0.0658650030466883,0.018079496610094385,0.003826301617793071,0.0281580120808296,0.8304234582279434,0.017832680302269963
"Las Vegas-Henderson-Paradise, NV",2018,0.0356849423733711,2.7134427108945416,-0.10456740864742065,0.021905798227887456,-0.00615872494436712,0.0484618160882149,0.8227345813369857,0.019980952771515056
"Las Vegas-Henderson-Paradise, NV",2019,0.036427777140602094,2.608875302247121,0.032979831980525454,0.015747073283520336,0.001846495509310448,0.0356849423733711,0.8220729771544536,0.016806013476733467
"Las Vegas-Henderson-Paradise, NV",2020,0.124135740658714,2.6418551342276464,-0.010368027474466412,0.017593568792830784,0.004252163018581272,0.036427777140602094,0.8198065220946131,0.01666670009002709
"Las Vegas-Henderson-Paradise, NV",2021,-0.06868644825103712,2.63148710675318,-0.10215516294198146,0.021845731811412056,-0.004787708030418416,0.124135740658714,0.7890974454757972,0.04043272348067796
"Las Vegas-Henderson-Paradise, NV",2022,-0.04193028530516815,2.5293319438111985,0.06292761225811416,0.01705802378099364,-0.004845839918522315,-0.06868644825103712,0.812095972477815,-0.014233564465374743
"Las Vegas-Henderson-Paradise, NV",2023,-0.03040293713713187,2.5922595560693127,-0.09265136774208038,0.012212183862471325,0.02208532986157051,-0.04193028530516815,0.7946998622066559,-0.009046358984874228
"Las Vegas-Henderson-Paradise, NV",2024,-0.0479143802392483,2.4996081883272323,0.013743950086660295,0.034297513724041835,-0.007548609325405249,-0.03040293713713187,0.7835655777071899,-0.0072303502232105715
"Lincoln, NE",2007,0.0175062206877756,1.8873514887791523,0.41241515993741573,0.029312535600052578,5.916540454473096e-05,-0.020677119443115198,0.7606591859409854,-0.016911391348821324
"Lincoln, NE",2008,-0.0513697571154175,2.299766648716568,-0.32588230006102137,0.02937170100459731,-0.02937170100459731,0.0175062206877756,0.6962859897055347,-0.0042809508487005946
"Lincoln, NE",2009,-0.014697348992148713,1.9738843486555466,0.12776180764939182,0.0,0.0006616491605326276,-0.0513697571154175,0.7593255572236979,-0.025482795455720388
"Lincoln, NE",2010,-0.0185238671586089,2.1016461563049385,0.09146190226362494,0.0006616491605326276,0.006900959319507046,-0.014697348992148713,0.7318040194857994,-0.008781444755425707
"Lincoln, NE",2011,-0.006372533813464601,2.1931080585685634,-0.017067661563513692,0.007562608480039673,-0.007562608480039673,-0.0185238671586089,0.7311393886207401,-0.009380005961470914
"Lincoln, NE",2012,0.0025922985464964018,2.1760403970050497,-0.1386063356106466,0.0,0.013124974365284443,-0.006372533813464601,0.7186313775891443,-0.010184939944047532
"Lincoln, NE",2013,0.010544987736927,2.037434061394403,0.14887458554100164,0.013124974365284443,0.017804947500227077,0.0025922985464964018,0.7526471085429761,-0.010100481023905157
"Lincoln, NE",2014,0.021377076098825498,2.1863086469354047,-0.05558578112084467,0.03092992186551152,-0.019070506982338538,0.010544987736927,0.7070722832601587,-0.004368978253401344
"Lincoln, NE",2015,0.004128970657072999,2.13072286581456,0.04179996635670591,0.011859414883172983,0.021400180723610884,0.021377076098825498,0.733067359435888,-0.002546307006094206
"Lincoln, NE",2016,-0.0011722638719863995,2.172522832171266,0.07297137758244476,0.03325959560678387,-0.004976843202937717,0.004128970657072999,0.7474009229098806,-0.007539763357251025
"Lincoln, NE",2017,0.005700838566676102,2.2454942097537107,-0.014642599061455819,0.028282752403846152,-0.0047228298411110085,-0.0011722638719863995,0.7678595125403636,-0.00943127225956282
"Lincoln, NE",2018,0.013910374709701502,2.230851610692255,-0.1465900995847771,0.023559922562735144,-0.005538368069836708,0.005700838566676102,0.7205740004097985,-0.007683934405073971
"Lincoln, NE",2019,0.0004684644483174995,2.084261511107478,-0.04572699630983301,0.018021554492898436,-0.002071752550878596,0.013910374709701502,0.6810167940926616,-0.004551930926046964
"Lincoln, NE",2020,-0.006273924747035989,2.038534514797645,-0.20317938932306379,0.01594980194201984,0.002992990135821577,0.0004684644483174995,0.6302748150833476,-0.011633316299027717
"Lincoln, NE",2021,-0.008955565494625096,1.835355125474581,0.23939004016775134,0.018942792077841417,-0.008208309669524733,-0.006273924747035989,0.7336230943026191,-0.01609910309844407
"Lincoln, NE",2022,0.005639123707626301,2.0747451656423324,-0.1712416730924975,0.010734482408316684,0.01368926457640591,-0.008955565494625096,0.6791626538952081,-0.015578066245834958
"Lincoln, NE",2023,-1.0621083510398838e-05,1.9035034925498349,-0.06530109303787124,0.024423746984722595,0.027968574040884885,0.005639123707626301,0.6375877979251771,-0.01622037483927819
"Lincoln, NE",2024,-0.011216515706777602,1.8382023995119636,0.1457274501659176,0.05239232102560748,-0.026972015857640794,-1.0621083510398838e-05,0.6813136837965068,-0.01796301807384993
"Little Rock-North Little Rock-Conway, AR",2007,-0.017672837402076702,2.155520777370302,0.20467983382843613,0.08008658008658008,-0.06658011510181604,-0.0120539683344927,0.7591858575448888,-0.013204793745360079
"Little Rock-North Little Rock-Conway, AR",2008,-0.0588503188486633,2.360200611198738,-0.04462468513366957,0.013506464984764049,0.031998559528359276,-0.017672837402076702,0.7395297336025533,-0.007756742804119074
"Little Rock-North Little Rock-Conway, AR",2009,-0.006217815711669921,2.3155759260650686,-0.09337647619720801,0.04550502451312333,-0.01229172883188806,-0.0588503188486633,0.7226940576796921,-0.024152396520035473
"Little Rock-North Little Rock-Conway, AR",2010,-0.02283856124656129,2.2221994498678606,0.11558234912180998,0.033213295681235266,-0.003449749130246073,-0.006217815711669921,0.7509480181576617,-0.007131575676095368
"Little Rock-North Little Rock-Conway, AR",2011,-0.006636374704885501,2.3377817989896705,0.030644454276616884,0.029763546550989194,-0.009382714759813584,-0.02283856124656129,0.7651363065638545,-0.009384435787491423
"Little Rock-North Little Rock-Conway, AR",2012,-0.00869972550341153,2.3684262532662874,0.032910111437460365,0.02038083179117561,0.005176977539453193,-0.006636374704885501,0.7627012916567787,-0.002523688424438196
"Little Rock-North Little Rock-Conway, AR",2013,0.002929750240133761,2.401336364703748,0.13508462104554875,0.025557809330628803,0.01458087272447172,-0.00869972550341153,0.8101193345098878,-0.003951127249327932
"Little Rock-North Little Rock-Conway, AR",2014,0.014673125634099999,2.5364209857492965,-0.09585361855365893,0.04013868205510052,-0.02423299761851074,0.002929750240133761,0.7644121899108274,0.002098173746203136
"Little Rock-North Little Rock-Conway, AR",2015,-0.002710235785163901,2.4405673671956376,0.015438647722943344,0.015905684436589785,-0.007714017035902743,0.014673125634099999,0.79550494110409,0.005519176376286197
"Little Rock-North Little Rock-Conway, AR",2016,-0.0091409112774916,2.456006014918581,-0.07476317413965772,0.008191667400687042,0.026711355489405567,-0.002710235785163901,0.7656696490231887,-0.0007967191614414032
"Little Rock-North Little Rock-Conway, AR",2017,0.0038906492301378007,2.3812428407789232,0.0032349706278611556,0.03490302289009261,-0.002802225118787048,-0.0091409112774916,0.7402501525320317,-0.0039351856177267455
"Little Rock-North Little Rock-Conway, AR",2018,0.007763215446209899,2.3844778114067844,-0.03435044090013273,0.03210079777130556,-0.02028148198290812,0.0038906492301378007,0.756644829436721,-0.0006571659738324603
"Little Rock-North Little Rock-Conway, AR",2019,0.023374218373760202,2.3501273705066517,0.014563789769652224,0.01181931578839744,-0.007211486520597678,0.007763215446209899,0.7492894392914695,0.004016281781832456
"Little Rock-North Little Rock-Conway, AR",2020,0.0024818187565346095,2.364691160276304,-0.27569082271542245,0.0046078292677997615,0.039689984005450554,0.023374218373760202,0.6906537675415241,0.001359404751732636
"Little Rock-North Little Rock-Conway, AR",2021,-0.001166437965957598,2.0890003375608814,0.15168952087362664,0.04429781327325032,-0.028848293903559884,0.0024818187565346095,0.7251697707978842,-0.007361534854289191
"Little Rock-North Little Rock-Conway, AR",2022,-0.006137040466453601,2.240689858434508,-0.17730064623959807,0.015449519369690431,-0.007918170366598216,-0.001166437965957598,0.6790689165277893,-0.004893469130788461
"Little Rock-North Little Rock-Conway, AR",2023,-0.0146765888683324,2.06338921219491,-0.001660351666882498,0.007531349003092216,-0.0017132356534405495,-0.006137040466453601,0.6759132794007676,-0.007199263859685778
"Little Rock-North Little Rock-Conway, AR",2024,-0.011065504545271401,2.0617288605280275,0.04597567785640422,0.005818113349651667,0.01657092425868993,-0.0146765888683324,0.6780871044686494,-0.009531343123953581
"Los Angeles-Long Beach-Anaheim, CA",2007,0.0126031174628425,2.9041609335027343,0.005688325078326173,0.00398613386322354,0.0004952142440862875,0.001275915702882803,1.0716156541124409,0.0011639587013849567
"Los Angeles-Long Beach-Anaheim, CA",2008,-0.0984732440705833,2.9098492585810605,0.0010826778238111068,0.004481348107309827,0.003150059229835617,0.0126031174628425,1.0734386037616839,0.00398849145665342
"Los Angeles-Long Beach-Anaheim, CA",2009,-0.0237504074196744,2.9109319364048716,0.009788621576945822,0.007631407337145444,-0.003667028977559425,-0.0984732440705833,1.0749773761296804,-0.027271135716757836
"Los Angeles-Long Beach-Anaheim, CA",2010,-0.017758162608759898,2.9207205579818174,-0.050281058773851584,0.003964378359586019,-0.0012889206496116017,-0.0237504074196744,1.0499621779512598,-0.005084177075544247
"Los Angeles-Long Beach-Anaheim, CA",2011,0.0014227041226148977,2.870439499207966,0.04903987427537837,0.0026754577099744174,-0.002571317830989207,-0.017758162608759898,1.0564226299174724,-0.0024827021972890495
"Los Angeles-Long Beach-Anaheim, CA",2012,0.0109377572030458,2.919479373483344,0.010458143133966313,0.00010413987898521002,0.0010614677883118977,0.0014227041226148977,1.0557740656253858,0.0041401048009809815
"Los Angeles-Long Beach-Anaheim, CA",2013,0.0238275009828672,2.9299375166173105,-0.0002090892855419746,0.0011656076672971077,0.002121251159091582,0.0109377572030458,1.0561820562430895,0.006613511345834849
"Los Angeles-Long Beach-Anaheim, CA",2014,0.044887990394737204,2.9297284273317685,0.012120141431923859,0.00328685882638869,0.00422159850192067,0.0238275009828672,1.0602583491827933,0.009724424975925766
"Los Angeles-Long Beach-Anaheim, CA",2015,0.0165346958530769,2.9418485687636924,-0.017821480928714273,0.007508457328309359,0.0008081469017039112,0.044887990394737204,1.0592054383668115,0.014776906496097406
"Los Angeles-Long Beach-Anaheim, CA",2016,0.010272692192237903,2.924027087834978,-0.014284015248972715,0.00831660423001327,0.0024304856421483202,0.0165346958530769,1.0554295309427684,0.00605614900905993
"Los Angeles-Long Beach-Anaheim, CA",2017,0.011810219661251103,2.9097430725860054,-0.015140717396237235,0.01074708987216159,-0.005976178113939984,0.010272692192237903,1.0485973727765738,0.004434766795559611
"Los Angeles-Long Beach-Anaheim, CA",2018,0.0015814631370068,2.894602355189768,-0.025029345089762067,0.004770911758221607,0.0051377834704504485,0.011810219661251103,1.0439615049339013,0.004418755343786454
"Los Angeles-Long Beach-Anaheim, CA",2019,-0.02201938082350826,2.869573010100006,-0.029768128602683852,0.009908695228672056,0.0007809812992186707,0.0015814631370068,1.0319284555978356,0.0005834522451678703
"Los Angeles-Long Beach-Anaheim, CA",2020,-0.010549231806323993,2.8398048814973222,-0.06671632202860778,0.010689676527890726,0.0006664487481017924,-0.02201938082350826,1.0228448077620111,-0.008126173840007453
"Los Angeles-Long Beach-Anaheim, CA",2021,-0.031943832737533595,2.7730885594687145,-0.06960196031304244,0.011356125275992519,-0.0005595742128749071,-0.010549231806323993,0.9821936285398891,-0.004654178016945301
"Los Angeles-Long Beach-Anaheim, CA",2022,-0.029699133498977542,2.703486599155672,-0.07967760874873431,0.010796551063117612,-0.0011500339598830758,-0.031943832737533595,0.9522302392242937,-0.011587736122767173
"Los Angeles-Long Beach-Anaheim, CA",2023,-0.01916455878092098,2.6238089904069377,-0.04679054103243141,0.009646517103234536,0.0008129520886797411,-0.029699133498977542,0.9449913999582555,-0.012849544481296549
"Los Angeles-Long Beach-Anaheim, CA",2024,-0.02608166015373543,2.5770184493745063,0.020518194046734273,0.010459469191914277,-0.0014441865541350418,-0.01916455878092098,0.9469431628541654,-0.00984870497805787
"Louisville/Jefferson County, KY-IN",2007,-0.0136288643510652,2.1540295832761274,0.13647159486111482,0.006260427668335094,0.008479456724728489,-0.015248004296716699,0.7586530496942885,-0.008488121073581649
"Louisville/Jefferson County, KY-IN",2008,-0.06054328075008959,2.290501178137242,-0.09231636200101079,0.014739884393063583,-0.005115995562471009,-0.0136288643510652,0.715671755760518,-0.006400344687901877
"Louisville/Jefferson County, KY-IN",2009,-0.005193849823944571,2.1981848161362314,0.0784504481117807,0.009623888830592574,0.0039171127877946806,-0.06054328075008959,0.7312934732920268,-0.019211321083107934
"Louisville/Jefferson County, KY-IN",2010,-0.02215854163320589,2.276635264248012,-0.0019640950218033915,0.013541001618387255,-0.01229581755088363,-0.005193849823944571,0.749712190790955,-0.0035521012823508877
"Louisville/Jefferson County, KY-IN",2011,0.008048699162554698,2.2746711692262087,0.13412366234798112,0.0012451840675036256,0.0004520126317414145,-0.02215854163320589,0.7777947087948526,-0.004841431195750007
"Louisville/Jefferson County, KY-IN",2012,0.0078508866668377,2.40879483157419,-0.10438140031765464,0.0016971966992450401,0.00410147121381876,0.008048699162554698,0.7423751308546752,0.004320594845704698
"Louisville/Jefferson County, KY-IN",2013,0.0051736583623157,2.304413431256535,-0.008768925467101951,0.0057986679130638,0.004279605710612882,0.0078508866668377,0.7428982648129882,0.0018347259537718624
"Louisville/Jefferson County, KY-IN",2014,0.0209805692379732,2.2956445057894332,0.026692980273875566,0.010078273623676682,0.015124803078213907,0.0051736583623157,0.7649808585126725,-0.0017965440131062632
"Louisville/Jefferson County, KY-IN",2015,0.007611394379816998,2.322337486063309,0.03755951321495221,0.02520307670189059,0.0036436165162616538,0.0209805692379732,0.7725526159292461,0.0016668017674885266
"Louisville/Jefferson County, KY-IN",2016,-0.0036738913023061995,2.359896999278261,-0.053888270722144416,0.028846693218152242,-0.007787605097113601,0.007611394379816998,0.7608777630368053,-0.002237683145147315
"Louisville/Jefferson County, KY-IN",2017,0.0104847501971874,2.3060087285561166,-0.010867852720060522,0.02105908812103864,-0.005987669084861896,-0.0036738913023061995,0.7616616706553079,-0.00513291439829628
"Louisville/Jefferson County, KY-IN",2018,0.0091657593039036,2.295140875836056,0.020890520490401965,0.015071419036176745,0.02281703294241319,0.0104847501971874,0.7489645537013112,-0.0008382656745346065
"Louisville/Jefferson County, KY-IN",2019,0.0082711743854132,2.316031396326458,-0.0015896094465217558,0.037888451978589935,-0.011786069819441431,0.0091657593039036,0.7513522476124616,-0.0026700847283278525
"Louisville/Jefferson County, KY-IN",2020,-0.0032818237333754885,2.3144417868799363,-0.21802889637400513,0.026102382159148504,0.005460966815907065,0.0082711743854132,0.704274696065188,-0.005641926395866505
"Louisville/Jefferson County, KY-IN",2021,-0.0095717396858616,2.096412890505931,0.02193213632031732,0.03156334897505557,-0.005263310668217797,-0.0032818237333754885,0.7111012864029208,-0.011486279710580208
"Louisville/Jefferson County, KY-IN",2022,0.005632466613862998,2.1183450268262485,-0.09709808951699506,0.026300038306837772,0.0016588573342805855,-0.0095717396858616,0.6884497049835916,-0.0139935312881787
"Louisville/Jefferson County, KY-IN",2023,-0.005222421420348199,2.0212469373092534,0.03757840321637529,0.027958895641118357,-0.003460994812796561,0.005632466613862998,0.7024541617381037,-0.010620724199432205
"Louisville/Jefferson County, KY-IN",2024,-0.020210493387579923,2.0588253405256287,0.041731341457790894,0.024497900828321796,0.02011439967340045,-0.005222421420348199,0.7211388559954693,-0.014803396581893488
"Lubbock, TX",2007,0.00926191670134544,2.2504138094112083,0.0927392169310397,0.0007540665733060433,-0.0052750568854696605,0.0014544204381142026,0.7334382376081825,0.003659983039038535
"Lubbock, TX",2008,-0.0595382533069191,2.343153026342248,-0.25791513286469137,-0.004520990312163617,0.011549537024966385,0.00926191670134544,0.6854553945223212,0.0017358210435626104
"Lubbock, TX",2009,-0.013819349204231352,2.0852378934775566,0.23339186834703307,0.007028546712802768,-0.007028546712802768,-0.0595382533069191,0.7660098339501182,-0.020285639291854354
"Lubbock, TX",2010,-0.021498555234091762,2.3186297618245897,0.08479170720561191,0.0,0.028347471276709977,-0.013819349204231352,0.7535446205170976,-0.002323218611606011
"Lubbock, TX",2011,0.0006336168568850005,2.4034214690302016,0.04546256405860749,0.028347471276709977,-0.013937948461632186,-0.021498555234091762,0.8101110832460501,-0.00856997520331057
"Lubbock, TX",2012,0.006005565980139701,2.448884033088809,-0.07966032271716017,0.014409522815077791,-0.0020574898763232874,0.0006336168568850005,0.7667293605226688,0.0008895988531140986
"Lubbock, TX",2013,0.0100096970486507,2.369223710371649,0.08831183679475041,0.012352032938754504,0.0015269706199643584,0.006005565980139701,0.773726575900133,0.003984932704759039
"Lubbock, TX",2014,0.0091662394647856,2.4575355471663993,-0.0933148073240706,0.013879003558718862,-0.004101136637994798,0.0100096970486507,0.7587186672894286,0.0044421994270857496
"Lubbock, TX",2015,-0.009717299151636601,2.3642207398423287,0.18724256133276196,0.009777866920724064,0.049364053826122696,0.0091662394647856,0.8426931015824878,-0.0015370028124799262
"Lubbock, TX",2016,-0.021190073128373798,2.5514633011750907,0.11037799470352327,0.05914192074684676,-0.04456083396359391,-0.009717299151636601,0.8285021379794498,-0.0010911465907033346
"Lubbock, TX",2017,-0.002713020145043401,2.661841295878614,-0.332821732553227,0.014581086783252848,0.016241464048540127,-0.021190073128373798,0.7274177726826847,-0.002454864274391344
"Lubbock, TX",2018,0.0096064499703407,2.329019563325387,-0.015463563482194242,0.030822550831792975,-0.00867703597098695,-0.002713020145043401,0.7482851310400791,-0.004522040729061622
"Lubbock, TX",2019,0.0053157041512575005,2.3135559998431927,0.14802121387507894,0.022145514860806025,-0.008505762218378062,0.0096064499703407,0.7672313313403992,0.003971572096555076
"Lubbock, TX",2020,-0.020205340722129796,2.4615772137182717,-0.13323043866666806,0.013639752642427963,0.004013414543449504,0.0053157041512575005,0.802829302653205,-0.0024762002496217655
"Lubbock, TX",2021,-0.014932067346898996,2.3283467750516036,-0.2252106434368999,0.017653167185877467,0.016062819208680353,-0.020205340722129796,0.6727416891812522,-0.009907859370338418
"Lubbock, TX",2022,-0.0162210045609732,2.1031361316147037,-0.0019327993098596785,0.03371598639455782,-0.008174095225224543,-0.014932067346898996,0.6555325600423545,-0.010763187018343674
"Lubbock, TX",2023,-0.02138970401285338,2.101203332304844,0.07577881524044328,0.025541891169333277,0.0008076716765799338,-0.0162210045609732,0.6872982899651362,-0.010411040767837151
"Lubbock, TX",2024,-0.0161236645969748,2.1769821475452873,-0.06603480498242664,0.02634956284591321,0.0013554897116265507,-0.02138970401285338,0.6620167836015958,-0.011303958513335516
"Memphis, TN-MS-AR",2007,-0.0047089785033476396,2.491354996934396,-0.03149692879774868,0.007803586911878793,0.003482864817880308,-0.0300663308668103,0.7814935185529102,-0.004612313632018111
"Memphis, TN-MS-AR",2008,-0.06704244828181839,2.4598580681366475,0.07621074479298962,0.011286451729759102,0.009881537703037289,-0.0047089785033476396,0.7807090070041122,0.0036122938743687605
"Memphis, TN-MS-AR",2009,-0.01935117857860804,2.536068812929637,0.06606760195198635,0.02116798943279639,-0.018493254713862775,-0.06704244828181839,0.8111842521456135,-0.012871883314035708
"Memphis, TN-MS-AR",2010,-0.02665369390548992,2.6021364148816235,0.026890778486460487,0.002674734718933614,-0.00361495424926116,-0.01935117857860804,0.825044344507552,0.0035306083231507746
"Memphis, TN-MS-AR",2011,-0.0042571901160955005,2.629027193368084,-0.013817977495342415,-0.0009402195303275463,-0.0029883440817623625,-0.02665369390548992,0.817981318330311,0.002570764832090705
"Memphis, TN-MS-AR",2012,-0.0031254669933882,2.6152092158727416,0.0868134662271065,-0.003928563612089909,0.008575740699199759,-0.0042571901160955005,0.8285628752175791,0.010398070525435524
"Memphis, TN-MS-AR",2013,0.006186304024146601,2.702022682099848,0.01114092533951494,0.004647177087109851,0.001061109770707877,-0.0031254669933882,0.8329893515448654,0.010734114010838708
"Memphis, TN-MS-AR",2014,0.021409866104032498,2.713163607439363,-0.06097137152839904,0.005708286857817728,-0.0007391671640111872,0.006186304024146601,0.8004750750770593,0.014110643049514399
"Memphis, TN-MS-AR",2015,0.0095526282531843,2.652192235910964,-0.06615297705937717,0.004969119693806541,-0.0003599771457946394,0.021409866104032498,0.8022124064146061,0.015384899822602466
"Memphis, TN-MS-AR",2016,0.002312432277839699,2.586039258851587,0.007503228129233541,0.004609142548011902,0.0008404487326420492,0.0095526282531843,0.7862627283243049,0.01280332442149483
"Memphis, TN-MS-AR",2017,0.03978570811535451,2.5935424869808203,-0.0021850189270669063,0.005449591280653951,-0.0011863865932711087,0.002312432277839699,0.7946867438390004,0.010068903581615316
"Memphis, TN-MS-AR",2018,0.0207124604967594,2.5913574680537534,-0.04991646843756525,0.004263204687382842,-0.002439301962194852,0.03978570811535451,0.7840910212257867,0.0201855435287773
"Memphis, TN-MS-AR",2019,0.0422858557395782,2.541440999616188,-0.07953173004864444,0.00182390272518799,0.011569619835125448,0.0207124604967594,0.7502935850299073,0.013548036559554097
"Memphis, TN-MS-AR",2020,0.029952288231327007,2.4619092695675437,-0.2098152729337328,0.013393522560313438,-0.009327713180585753,0.0422858557395782,0.710899669074343,0.014391944416201514
"Memphis, TN-MS-AR",2021,-0.020368554842798196,2.252093996633811,0.20128410533880725,0.004065809379727685,0.01145145003997076,0.029952288231327007,0.7478291849524704,0.012171014684214415
"Memphis, TN-MS-AR",2022,-0.02354159674086761,2.453378101972618,-0.07003007729115351,0.015517259419698445,-0.005976179196317646,-0.020368554842798196,0.7176047830989449,-0.00023663494684082742
"Memphis, TN-MS-AR",2023,-0.03072837838119018,2.3833480246814647,0.022414254714665294,0.009541080223380799,0.003124769950123998,-0.02354159674086761,0.7308684242399774,-0.0019511060875144065
"Memphis, TN-MS-AR",2024,-0.029908223574906592,2.40576227939613,-0.0180899273390005,0.012665850173504797,0.0008695909125556144,-0.03072837838119018,0.7139268222066736,-0.0033261586062024173
"Miami-Fort Lauderdale-West Palm Beach, FL",2007,-0.0421364872412395,2.5974722082265793,0.016397938018060554,0.00015936508948349775,0.009775464974730398,-0.018091516518887497,0.9002260395886359,-0.003739853495027756
"Miami-Fort Lauderdale-West Palm Beach, FL",2008,-0.06702618738966559,2.61387014624464,-0.021047942926902596,0.009934830064213897,-0.0007603733924196315,-0.0421364872412395,0.8918109038164717,-0.011368705869400253
"Miami-Fort Lauderdale-West Palm Beach, FL",2009,-0.0021467393110919004,2.5928222033177373,0.12292453420869442,0.009174456671794265,0.001253283932295535,-0.06702618738966559,0.9242277275352111,-0.01721946913928918
"Miami-Fort Lauderdale-West Palm Beach, FL",2010,-0.02170483107717562,2.7157467375264317,0.018580776785533715,0.0104277406040898,-0.006296596106867105,-0.0021467393110919004,0.9280956191814105,0.0033666054015690644
"Miami-Fort Lauderdale-West Palm Beach, FL",2011,0.0104621322077036,2.7343275143119654,-0.009327547804768965,0.004131144497222695,-0.0010031590431254962,-0.02170483107717562,0.9323263019902276,-0.001847729859673658
"Miami-Fort Lauderdale-West Palm Beach, FL",2012,0.0155570333541069,2.7249999665071964,0.029988752371452154,0.003127985454097199,-0.002306185481746544,0.0104621322077036,0.9380993150302956,0.008007869773443893
"Miami-Fort Lauderdale-West Palm Beach, FL",2013,0.017458383335457798,2.7549887188786486,0.06593292194120526,0.0008217999723506552,0.01407356412375936,0.0155570333541069,0.9526077189419362,0.009847204412188282
"Miami-Fort Lauderdale-West Palm Beach, FL",2014,0.0248187078928013,2.820921640819854,-0.004675608039993673,0.014895364096110015,0.00565662078101664,0.017458383335457798,0.9527307861481361,0.008958882291277517
"Miami-Fort Lauderdale-West Palm Beach, FL",2015,-0.005097157801903701,2.81624603277986,-0.005738977023602487,0.020551984877126655,0.006172868421433005,0.0248187078928013,0.9462812015696883,0.010165354084944747
"Miami-Fort Lauderdale-West Palm Beach, FL",2016,0.0008563653117827988,2.8105070557562577,0.031143846134253472,0.02672485329855966,0.020397643544305216,-0.005097157801903701,0.9619971027213448,-0.0011304293786004865
"Miami-Fort Lauderdale-West Palm Beach, FL",2017,0.0028646670290384015,2.841650901890511,-0.01886957612656337,0.047122496842864875,-0.02213369562995009,0.0008563653117827988,0.96646948917645,-0.0003617750972387118
"Miami-Fort Lauderdale-West Palm Beach, FL",2018,0.006035414629912399,2.822781325763948,-0.009514821369371429,0.024988801212914784,0.005408358760459964,0.0028646670290384015,0.9656238597145489,0.0016710749877662662
"Miami-Fort Lauderdale-West Palm Beach, FL",2019,-0.00923132954983449,2.8132665043945764,-0.06306144917874823,0.03039715997337475,0.021236750187667193,0.006035414629912399,0.9431867160420084,-0.0002983372430279685
"Miami-Fort Lauderdale-West Palm Beach, FL",2020,0.06956768836684402,2.750205055215828,-0.08212043567095995,0.05163391016104194,-0.0014741360165316589,-0.00923132954983449,0.9368014399476737,-0.009857354932498702
"Miami-Fort Lauderdale-West Palm Beach, FL",2021,0.0007666747745589952,2.668084619544868,-0.16240902949434366,0.05015977414451028,-0.01206206012552051,0.06956768836684402,0.8724769425615618,0.012573691999536327
"Miami-Fort Lauderdale-West Palm Beach, FL",2022,-0.015483680203940399,2.5056755900505245,-0.021631080210539277,0.03809771401898977,-0.004295201739326487,0.0007666747745589952,0.868918384125837,-0.007598929463173601
"Miami-Fort Lauderdale-West Palm Beach, FL",2023,-0.0137915707208042,2.4840445098399853,0.012622552538361198,0.033802512279663285,0.0019943561825358364,-0.015483680203940399,0.8749257743894662,-0.012242358845081888
"Miami-Fort Lauderdale-West Palm Beach, FL",2024,-0.023127367984429,2.4966670623783465,0.10357742850597429,0.03579686846219912,0.017669204314167165,-0.0137915707208042,0.9028595128403448,-0.012210018190216596
"Milwaukee-Waukesha-West Allis, WI",2007,0.0120762105403829,2.0958720727659497,0.1533617926688029,0.0023391023694657176,0.0005330745386807187,-0.026518198611136898,0.7665436247887816,-0.012975388377676068
"Milwaukee-Waukesha-West Allis, WI",2008,-0.060059730618768695,2.2492338654347526,-0.04049358836014472,0.0028721769081464362,0.003806646634426869,0.0120762105403829,0.7498269544769182,-0.0005773417239757633
"Milwaukee-Waukesha-West Allis, WI",2009,-0.0289682771857309,2.208740277074608,0.07236061772182723,0.006678823542573305,0.0010892241103427685,-0.060059730618768695,0.7631283779899863,-0.020649080441922922
"Milwaukee-Waukesha-West Allis, WI",2010,-0.024094178723561052,2.281100894796435,-0.07321787416936898,0.007768047652916074,-0.00613598872235577,-0.0289682771857309,0.7533486947423413,-0.012234225210951577
"Milwaukee-Waukesha-West Allis, WI",2011,-0.0056222687292576,2.207883020627066,0.03942303812972758,0.0016320589305603035,0.005083709914877927,-0.024094178723561052,0.7740062546814894,-0.011906022087591416
"Milwaukee-Waukesha-West Allis, WI",2012,0.000959731051388699,2.2473060587567937,-0.020895577287336042,0.006715768845438231,0.004482708861498483,-0.0056222687292576,0.7520493329091389,-0.006018581438820836
"Milwaukee-Waukesha-West Allis, WI",2013,0.0093657973843679,2.2264104814694576,0.03091919752923289,0.011198477706936714,-0.007716078961465455,0.000959731051388699,0.7622765665573158,-0.004012689847188056
"Milwaukee-Waukesha-West Allis, WI",2014,0.0152539319192429,2.2573296789986905,-0.04014051269482444,0.003482398745471259,0.008264936549343748,0.0093657973843679,0.7437716555056234,-0.0009640907771278906
"Milwaukee-Waukesha-West Allis, WI",2015,-0.0050480258794799015,2.217189166303866,0.060531175889454225,0.011747335294815007,0.005072546039271084,0.0152539319192429,0.778816237205901,-0.0020218662354205275
"Milwaukee-Waukesha-West Allis, WI",2016,-0.01251404709007215,2.2777203421933203,-0.03706930788624829,0.01681988133408609,0.009684476694743947,-0.0050480258794799015,0.7527483181135592,-0.007532705307348349
"Milwaukee-Waukesha-West Allis, WI",2017,0.0072831016042385,2.240651034307072,-0.016637142967504293,0.026504358028830038,0.005714530383800338,-0.01251404709007215,0.7654412830298053,-0.013308397052373501
"Milwaukee-Waukesha-West Allis, WI",2018,0.003789671802258497,2.2240138913395677,-0.03806258428878362,0.032218888412630375,-0.006947737665668155,0.0072831016042385,0.7362613937474028,-0.006748270954936894
"Milwaukee-Waukesha-West Allis, WI",2019,0.0032733491353835985,2.185951307050784,-0.0059713061205948215,0.02527115074696222,-0.0017318687866733073,0.003789671802258497,0.7337660135152765,-0.007272428105681843
"Milwaukee-Waukesha-West Allis, WI",2020,-0.015619113483951598,2.1799800009301893,-0.19439244524252852,0.023539281960288913,-0.00276483311913572,0.0032733491353835985,0.695211487474292,-0.010468792645396657
"Milwaukee-Waukesha-West Allis, WI",2021,-0.0208026554706974,1.9855875556876608,0.09585824090938488,0.020774448841153193,-0.0031178887783907226,-0.015619113483951598,0.7109127492625047,-0.015608980848868519
"Milwaukee-Waukesha-West Allis, WI",2022,-0.0104447594139833,2.0814457965970456,-0.004120580571908228,0.01765656006276247,0.004473353412903693,-0.0208026554706974,0.7093650831971974,-0.015993249769623616
"Milwaukee-Waukesha-West Allis, WI",2023,-0.004330396933091198,2.0773252160251374,-0.06356652716600841,0.022129913475666164,0.003158911525664828,-0.0104447594139833,0.6974154257286888,-0.01505339973742887
"Milwaukee-Waukesha-West Allis, WI",2024,-0.005391631307005901,2.013758688859129,-0.024759153831230618,0.025288825001330992,-4.390514118628869e-05,-0.004330396933091198,0.6949100227836689,-0.015065803742302028
"Minneapolis-St. Paul-Bloomington, MN-WI",2007,0.0145418376965809,2.087087219092575,0.0139572197400879,0.0018377987713592483,0.0023618034258313988,-0.0159416663888063,0.761999032468661,-0.014852835703463095
"Minneapolis-St. Paul-Bloomington, MN-WI",2008,-0.055972375630908996,2.101044438832663,-0.022172214871216678,0.004199602197190647,0.0032151791309018816,0.0145418376965809,0.742427869955866,-0.005703291368109424
"Minneapolis-St. Paul-Bloomington, MN-WI",2009,-0.0010191423665214007,2.0788722239614463,0.10066884006277155,0.0074147813280925285,-0.0043077043235185035,-0.055972375630908996,0.7714804095209297,-0.024909977654725954
"Minneapolis-St. Paul-Bloomington, MN-WI",2010,-0.02273734836878109,2.179541064024218,0.062221327793248626,0.003107077004574025,-0.002457119658024892,-0.0010191423665214007,0.7943423464339588,-0.007242336397551223
"Minneapolis-St. Paul-Bloomington, MN-WI",2011,-0.0040785391632199,2.2417623918174665,-0.01140086320730882,0.0006499573465491328,0.004718856845794471,-0.02273734836878109,0.7912332355839298,-0.012925858144887281
"Minneapolis-St. Paul-Bloomington, MN-WI",2012,-0.0002847925111021995,2.2303615286101577,-0.0003633980004695836,0.005368814192343604,0.0009000504466162287,-0.0040785391632199,0.7579232434118404,-0.005571435734328958
"Minneapolis-St. Paul-Bloomington, MN-WI",2013,0.0059377982902393,2.229998130609688,-0.019863678020307862,0.006268864638959833,0.011216739582464295,-0.0002847925111021995,0.7671939792629624,-0.007065403229128603
"Minneapolis-St. Paul-Bloomington, MN-WI",2014,0.025338449219371804,2.2101344525893802,0.0557614011818619,0.017485604221424127,-0.0005124713646333968,0.0059377982902393,0.7929212003400092,-0.00698702049519466
"Minneapolis-St. Paul-Bloomington, MN-WI",2015,0.0100502618444786,2.265895853771242,-0.013483250415925685,0.01697313285679073,-2.125600121818949e-06,0.025338449219371804,0.8013149236222191,-0.001939088965666913
"Minneapolis-St. Paul-Bloomington, MN-WI",2016,0.011720131385963398,2.2524126033553165,-0.03553032863949168,0.01697100725666891,0.0038112839432700753,0.0100502618444786,0.787242687794524,-0.006800353996030635
"Minneapolis-St. Paul-Bloomington, MN-WI",2017,0.0082410041251335,2.2168822747158248,0.05240867085006551,0.020782291199938987,-0.004835822770677799,0.011720131385963398,0.8080346500263601,-0.006699900703695964
"Minneapolis-St. Paul-Bloomington, MN-WI",2018,0.0072847950396299,2.2692909455658903,-0.054358500123768305,0.015946468429261187,0.011892975609181788,0.0082410041251335,0.7924258054543744,-0.008131737535742131
"Minneapolis-St. Paul-Bloomington, MN-WI",2019,-0.015237395073086381,2.214932445442122,-0.01739709371873266,0.027839444038442976,-0.0026634805994868622,0.0072847950396299,0.7822910846248535,-0.00986276381268699
"Minneapolis-St. Paul-Bloomington, MN-WI",2020,-0.034852340260074596,2.1975353517233893,-0.1903134046736823,0.025175963438956114,0.016833842193175654,-0.015237395073086381,0.7291132229719309,-0.019696159107097953
"Minneapolis-St. Paul-Bloomington, MN-WI",2021,-0.038049063858715995,2.007221947049707,0.043832043600239956,0.04200980563213177,0.0009686737325887915,-0.034852340260074596,0.7433694900858028,-0.029169980769243438
"Minneapolis-St. Paul-Bloomington, MN-WI",2022,-0.02517025174983931,2.051053990649947,-0.051531867040785606,0.04297847936472056,0.0009782702760638556,-0.038049063858715995,0.7339080513080414,-0.030711864841538615
"Minneapolis-St. Paul-Bloomington, MN-WI",2023,-0.0147954125903373,1.9995221236091614,-0.07940173068041068,0.043956749640784415,-0.00015153176807098517,-0.02517025174983931,0.7012232567062969,-0.02773931243132669
"Minneapolis-St. Paul-Bloomington, MN-WI",2024,0.0012041069251298997,1.9201203929287507,0.06355048610036462,0.04380521787271343,-0.004700245497022824,-0.0147954125903373,0.7310821335569979,-0.025661753222141023
"Mobile, AL",2007,-0.0141484324516368,2.5744319957148596,-0.11152896323253891,0.00046202714409471554,0.009813329318411779,-0.018773844415244097,0.7331109406496958,0.0046749497242824095
"Mobile, AL",2008,-0.057972299590283397,2.4629030324823207,-0.16441176141335312,0.010275356462506494,0.00783789420888371,-0.0141484324516368,0.7059026770895674,-0.0004735500907501605
"Mobile, AL",2009,-0.00900344763281226,2.2984912710689676,0.017660966784960763,0.018113250671390205,0.019320804778155197,-0.057972299590283397,0.7185047160477541,-0.01790006375577178
"Mobile, AL",2010,-0.0196660700351171,2.3161522378539283,0.20612149326960694,0.0374340554495454,-0.010493292668912454,-0.00900344763281226,0.7802842388394093,-0.0031495684015686726
"Mobile, AL",2011,-0.006293849163103101,2.5222737311235353,-0.05379910335082183,0.026940762780632947,0.0006102038737420198,-0.0196660700351171,0.7554078086315716,-0.002341611058377366
"Mobile, AL",2012,-0.003382133907016799,2.4684746277727134,0.040102876101579366,0.027550966654374967,0.0025423379698432218,-0.006293849163103101,0.7675398212523363,0.0008574502901274039
"Mobile, AL",2013,0.015627598731504398,2.508577503874293,0.0018295444482681056,0.03009330462421819,-0.02670904144798766,-0.003382133907016799,0.7685661786357908,0.004240371019423483
"Mobile, AL",2014,0.0389455861245651,2.510407048322561,0.11594151927349161,0.003384263176230528,0.006089473245573945,0.015627598731504398,0.7919611230851906,0.014036210073077426
"Mobile, AL",2015,-0.008126941989578201,2.6263485675960525,-0.06813676236550803,0.009473736421804473,-0.007016975415515166,0.0389455861245651,0.7837258118167949,0.02034663593764359
"Mobile, AL",2016,-0.0067114538961239,2.5582118052305445,-0.1387167529786253,0.002456761006289308,-0.002456761006289308,-0.008126941989578201,0.743314657180848,0.005838891069186974
"Mobile, AL",2017,0.0182234484710846,2.419495052251919,0.032311628370634615,0.0,0.010587197333594745,-0.0067114538961239,0.7354523067178482,0.005674797692464761
"Mobile, AL",2018,0.010148088553285597,2.451806680622554,-0.005896852120215179,0.010587197333594745,0.002411153621881053,0.0182234484710846,0.7580478953933841,0.009635683875730772
"Mobile, AL",2019,0.0391653476946201,2.4459098285023386,-0.09829516394284843,0.012998350955475798,0.005722323180308939,0.010148088553285597,0.728027704023654,0.005666846768592547
"Mobile, AL",2020,0.05005709882683901,2.34761466455949,0.21072800858277718,0.018720674135784737,-0.006547905418390367,0.0391653476946201,0.7954146962028817,0.01419815697854783
"Mobile, AL",2021,-0.006239147138921701,2.5583426731422674,-0.22084699690567122,0.01217276871739437,-0.008318756830321562,0.05005709882683901,0.7119288671632199,0.020749168409599193
"Mobile, AL",2022,0.0023223748203258995,2.337495676236596,-0.06732368249091403,0.0038540118870728085,-0.0010786753775210252,-0.006239147138921701,0.7048927678263962,0.0014444799669257186
"Mobile, AL",2023,-0.0236307497151022,2.270171993745682,-0.15605600760681426,0.0027753365095517834,0.003913163882532722,0.0023223748203258995,0.6611430930483245,0.0011716590050738218
"Mobile, AL",2024,-0.019158489102423192,2.114115986138868,0.3019664167002216,0.0066885003920845055,-0.0066885003920845055,-0.0236307497151022,0.7313529623685848,-0.0034544861722198977
"Nashville-Davidson--Murfreesboro--Franklin, TN",2007,0.0104659463582921,2.264661638260925,0.09437487135882972,0.018650312638767208,0.0029574256177687212,-0.011252464676197997,0.7643583657355627,-0.006127959079600606
"Nashville-Davidson--Murfreesboro--Franklin, TN",2008,-0.0542093931730328,2.3590365096197545,-0.025504498521203622,0.02160773825653593,-0.002013915096844541,0.0104659463582921,0.7547237538762201,0.0009505128006054298
"Nashville-Davidson--Murfreesboro--Franklin, TN",2009,0.0050814516995621,2.333532011098551,0.03491740557393719,0.01959382315969139,-0.008034044854069852,-0.0542093931730328,0.7706791150801705,-0.01688715615777374
"Nashville-Davidson--Murfreesboro--Franklin, TN",2010,-0.02156016967298317,2.368449416672488,0.07348208301873793,0.011559778305621536,0.003993938484789055,0.0050814516995621,0.7837481399263289,0.0022683012086463505
"Nashville-Davidson--Murfreesboro--Franklin, TN",2011,0.0044842594485998005,2.441931499691226,-0.009314662412246655,0.015553716790410592,-0.003299111679370437,-0.02156016967298317,0.7879893418974598,-0.005217635919922324
"Nashville-Davidson--Murfreesboro--Franklin, TN",2012,0.010169153446021999,2.4326168372789794,-0.035053558017089426,0.012254605111040155,0.0018095264587475231,0.0044842594485998005,0.7542199813685065,0.0038996924769143237
"Nashville-Davidson--Murfreesboro--Franklin, TN",2013,0.016919860957847598,2.39756327926189,0.07512079636556512,0.014064131569787678,0.020495930213562996,0.010169153446021999,0.7945607136506273,0.002232506938578141
"Nashville-Davidson--Murfreesboro--Franklin, TN",2014,0.040212881455328,2.472684075627455,0.004975544541176546,0.03456006178335067,0.019768042642730965,0.016919860957847598,0.7745864461534517,0.00289730943995907
"Nashville-Davidson--Murfreesboro--Franklin, TN",2015,-0.0004973258035554998,2.4776596201686316,0.017941283235122008,0.05432810442608164,-0.006251086794236145,0.040212881455328,0.7912288461562834,0.007151677155641134
"Nashville-Davidson--Murfreesboro--Franklin, TN",2016,-0.013612079665172819,2.4956009034037536,-0.08202884494599516,0.04807701763184549,0.007787121981590421,-0.0004973258035554998,0.7714241663946501,-0.005313177587397688
"Nashville-Davidson--Murfreesboro--Franklin, TN",2017,0.013653299585834503,2.4135720584577585,-0.0004998844113974776,0.05586413961343591,0.01686943423979955,-0.013612079665172819,0.7754967396764433,-0.012731175526751355
"Nashville-Davidson--Murfreesboro--Franklin, TN",2018,0.027037046023940997,2.413072174046361,0.01606829345418248,0.07273357385323546,-0.02276629446888006,0.013653299585834503,0.7812842731973052,-0.004774565400744571
"Nashville-Davidson--Murfreesboro--Franklin, TN",2019,-0.01485573244633561,2.4291404675005435,-0.050228642257533096,0.049967279384355405,-0.018212105855152483,0.027037046023940997,0.7685916315056907,0.0026771933700490413
"Nashville-Davidson--Murfreesboro--Franklin, TN",2020,0.06205774154372401,2.3789118252430104,-0.12338549661642162,0.03175517352920292,0.02502129921809016,-0.01485573244633561,0.7476786289575256,-0.01249103515785234
"Nashville-Davidson--Murfreesboro--Franklin, TN",2021,-0.023710367483226795,2.2555263286265888,-0.0004159996703143598,0.05677647274729308,-0.01305030578757499,0.06205774154372401,0.7366711586846069,0.007146219908635509
"Nashville-Davidson--Murfreesboro--Franklin, TN",2022,-0.056101410672452,2.2551103289562744,-0.050913492066030575,0.043726166959718094,0.018522522760478242,-0.023710367483226795,0.7287643832041076,-0.018449052557072264
"Nashville-Davidson--Murfreesboro--Franklin, TN",2023,-0.03487507701067376,2.204196836890244,-0.08189671304942303,0.062248689720196336,0.01962544144810085,-0.056101410672452,0.7031654355502762,-0.032661842442047895
"Nashville-Davidson--Murfreesboro--Franklin, TN",2024,-0.037134631568491505,2.122300123840821,0.006012848724314956,0.08187413116829718,-0.0045672926952505105,-0.03487507701067376,0.7076730096880087,-0.029553720361427484
"New Haven-Milford, CT",2007,0.00782822150051475,2.1954302067946823,0.015065913590927682,0.0,0.01726118307702125,-0.011113468507226897,0.7587176457675596,-0.00911065118184648
"New Haven-Milford, CT",2008,-0.0562492261673746,2.21049612038561,0.04614419925305935,0.01726118307702125,-0.01726118307702125,0.00782822150051475,0.783518803341476,-0.004433194750511196
"New Haven-Milford, CT",2009,0.0002963442508649994,2.2566403196386693,0.023011875572891416,0.0,0.0004704701565097387,-0.0562492261673746,0.7727110995143184,-0.018472102584813896
"New Haven-Milford, CT",2010,-0.0159958572223954,2.2796521952115607,-0.02622346817289145,0.0004704701565097387,0.015831492348976496,0.0002963442508649994,0.7838446060181584,-0.00548457762359101
"New Haven-Milford, CT",2011,-0.010505672619092462,2.2534287270386693,0.053648735080947585,0.016301962505486236,-0.013248103538245813,-0.0159958572223954,0.7791162031321998,-0.008727931706702115
"New Haven-Milford, CT",2012,0.0030655966789159984,2.307077462119617,-0.008010805373339203,0.003053858967240422,0.0005442589403156259,-0.010505672619092462,0.7943411100701506,-0.006686764471715789
"New Haven-Milford, CT",2013,-0.00474161352803403,2.2990666567462776,0.017619840343473747,0.0035981179075560477,-0.0015450444259111377,0.0030655966789159984,0.7996581234529532,-0.0027058543796365797
"New Haven-Milford, CT",2014,0.012541138270999902,2.3166864970897514,-0.026142529809587867,0.00205307348164491,0.0027174228334524877,-0.00474161352803403,0.7861484428298301,-0.004533362792444484
"New Haven-Milford, CT",2015,0.0002221432370768002,2.2905439672801635,0.038167426282822436,0.004770496315097398,0.014007846199435275,0.012541138270999902,0.8086935440724062,-0.0020942894747475183
"New Haven-Milford, CT",2016,-0.003628161501247399,2.328711393562986,-0.015511906164438205,0.018778342514532673,-0.005125955587365319,0.0002221432370768002,0.7966980349777176,-0.005723040711382792
"New Haven-Milford, CT",2017,0.0071174975493107015,2.3131994873985477,-0.09763236947588982,0.013652386927167354,-0.0010385529700190233,-0.003628161501247399,0.7837738808832706,-0.008604642747825755
"New Haven-Milford, CT",2018,1.7543428873997152e-05,2.215567117922658,-0.004336072310332284,0.01261383395714833,-0.004144437292518975,0.0071174975493107015,0.7733892438764643,-0.0055210759808620655
"New Haven-Milford, CT",2019,0.015156267090901399,2.2112310456123256,0.05852785649368286,0.008469396664629356,0.018197270002037313,1.7543428873997152e-05,0.7896349385068422,-0.008114762179471581
"New Haven-Milford, CT",2020,-0.011867086777017595,2.2697589021060085,-0.14765367218193948,0.02666666666666667,-0.014522966211277901,0.015156267090901399,0.7493109108796651,-0.005486481386816934
"New Haven-Milford, CT",2021,-0.0254348229888363,2.122105229924069,-0.026791800011683353,0.012143700455388767,0.004409096300707438,-0.011867086777017595,0.7416886888301631,-0.013988487503826634
"New Haven-Milford, CT",2022,-0.001998835266019801,2.0953134299123857,0.042497924713988944,0.016552796756096205,0.017106566120249352,-0.0254348229888363,0.7327349500449941,-0.017944092828463334
"New Haven-Milford, CT",2023,-0.005877524895203601,2.1378113546263746,0.023882273128358555,0.03365936287634556,-0.015051761248180414,-0.001998835266019801,0.7566562045471944,-0.012534244748536802
"New Haven-Milford, CT",2024,-0.011693024108111901,2.161693627754733,-0.09639897099316341,0.018607601628165143,0.029371016878244113,-0.005877524895203601,0.7352545619009977,-0.015812130402546726
"New York-Newark-Jersey City, NY-NJ-PA",2007,-0.0121489983679366,2.5140183103913287,-0.002247456132590475,0.006685169932816467,0.00207537928135424,0.0385787636545334,0.9207259677642975,0.005457978150135323
"New York-Newark-Jersey City, NY-NJ-PA",2008,-0.11358787184911351,2.5117708542587383,0.005260809183011528,0.008760549214170707,-0.003842282923984617,-0.0121489983679366,0.9420607760133339,-0.01044534096995349
"New York-Newark-Jersey City, NY-NJ-PA",2009,0.018606058523483297,2.51703166344175,0.020206473558951554,0.00491826629018609,0.0029224514139610525,-0.11358787184911351,0.9336206863594156,-0.03754373148447393
"New York-Newark-Jersey City, NY-NJ-PA",2010,-0.019519757395999898,2.5372381370007013,-0.0024419753895270624,0.007840717704147142,-0.0009478402338960468,0.018606058523483297,0.9260013571759302,0.00046416405470675604
"New York-Newark-Jersey City, NY-NJ-PA",2011,-0.0014313841987133001,2.5347961616111743,0.03286030986066191,0.006892877470251095,-0.000595203296220025,-0.019519757395999898,0.9316191870651491,-0.00955313876846868
"New York-Newark-Jersey City, NY-NJ-PA",2012,0.0042382547349367,2.567656471471836,-0.010215988293849065,0.0062976741740310704,-0.0016021408501143862,-0.0014313841987133001,0.9318269039425373,-0.004195798261378267
"New York-Newark-Jersey City, NY-NJ-PA",2013,0.0197677690225706,2.557440483177987,0.009368675575373686,0.004695533323916684,0.0020015700427572424,0.0042382547349367,0.9361745174302966,-0.002761222971125868
"New York-Newark-Jersey City, NY-NJ-PA",2014,0.022098309064414,2.566809158753361,-0.002014400996966703,0.006697103366673927,0.0009951856967783763,0.0197677690225706,0.929431317390009,0.0019425224172323757
"New York-Newark-Jersey City, NY-NJ-PA",2015,-0.004932675990678301,2.564794757756394,0.01767556932199854,0.007692289063452303,0.003480488036960899,0.022098309064414,0.9454521351569156,0.0014113104695526874
"New York-Newark-Jersey City, NY-NJ-PA",2016,-0.0111838893481679,2.5824703270783926,0.016693106139707314,0.011172777100413202,0.0016234303039895735,-0.004932675990678301,0.9443644170735982,-0.00589353681311533
"New York-Newark-Jersey City, NY-NJ-PA",2017,0.0033447787174138988,2.5991634332181,-0.0257930580554957,0.012796207404402776,0.007863976684940082,-0.0111838893481679,0.937362328458287,-0.008635825711457268
"New York-Newark-Jersey City, NY-NJ-PA",2018,-0.0021976874085903007,2.5733703751626043,-0.09559775478086019,0.020660184089342858,-0.004514575484891491,0.0033447787174138988,0.9082918529172601,-0.006115250693492294
"New York-Newark-Jersey City, NY-NJ-PA",2019,-0.0336361714906845,2.477772620381744,-0.03893561236744647,0.016145608604451366,-0.001191766627801896,-0.0021976874085903007,0.8938882657792059,-0.008350509034142667
"New York-Newark-Jersey City, NY-NJ-PA",2020,-0.015620171466396292,2.4388370080142976,-0.02353831541480922,0.01495384197664947,-0.0031005930896332023,-0.0336361714906845,0.8696654122152265,-0.016075149788924582
"New York-Newark-Jersey City, NY-NJ-PA",2021,-0.0303163241866512,2.4152986925994884,0.0020703680845919337,0.011853248887016268,0.0025975162830925262,-0.015620171466396292,0.8908154589901941,-0.012863979684828039
"New York-Newark-Jersey City, NY-NJ-PA",2022,-0.0127735352370996,2.4173690606840803,-0.0866693503103777,0.014450765170108794,0.003543421612967,-0.0303163241866512,0.8618928659321212,-0.018132267019119366
"New York-Newark-Jersey City, NY-NJ-PA",2023,-0.0083811807460909,2.3306997103737026,-0.028150533127211386,0.017994186783075794,-0.001438114386082781,-0.0127735352370996,0.8541891748839419,-0.014780061229485247
"New York-Newark-Jersey City, NY-NJ-PA",2024,-0.0059067905265093,2.302549177246491,0.06744656051131281,0.016556072396993013,0.0028196131708250333,-0.0083811807460909,0.8769984162682631,-0.013580395606792833
"North Port-Sarasota-Bradenton, FL",2007,-0.0123218127222371,2.21165406502979,0.15561372083211333,0.028682206754799832,-0.011244306568613919,-0.0191988460215893,0.7712186821244276,-0.010041402602733653
"North Port-Sarasota-Bradenton, FL",2008,-0.0707194886203346,2.367267785861903,0.034669611172693404,0.017437900186185913,-0.015741850197344136,-0.0123218127222371,0.7813644197871739,-0.0032568406100921543
"North Port-Sarasota-Bradenton, FL",2009,-0.0006714731301594012,2.4019373970345965,0.07905329338137523,0.0016960499888417763,0.009487838083162859,-0.0707194886203346,0.7905392661179699,-0.016560346897929325
"North Port-Sarasota-Bradenton, FL",2010,-0.017527576452510803,2.4809906904159718,0.1714887042604234,0.011183888072004634,-0.011183888072004634,-0.0006714731301594012,0.8508065564676207,0.0049761858527528485
"North Port-Sarasota-Bradenton, FL",2011,0.0036987894397496994,2.652479394676395,-0.25133726269669987,0.0,0.0,-0.017527576452510803,0.7736751717369971,0.0013801009404253162
"North Port-Sarasota-Bradenton, FL",2012,0.014180383989277802,2.4011421319796953,0.1606714251569663,0.0,-0.0029082576892570725,0.0036987894397496994,0.8377034791241055,0.004735713199858604
"North Port-Sarasota-Bradenton, FL",2013,0.030420733957277298,2.5618135571366616,0.10612606605209463,-0.0029082576892570725,0.0029082576892570725,0.014180383989277802,0.8413518704838562,0.013029188132291022
"North Port-Sarasota-Bradenton, FL",2014,0.0340984097515602,2.667939623188756,-0.21009227089861504,0.0,0.023157150433091744,0.030420733957277298,0.7869989232216119,0.013903331419767545
"North Port-Sarasota-Bradenton, FL",2015,-0.005417470368959001,2.457847352290141,0.21158169576453245,0.023157150433091744,0.021806567604226848,0.0340984097515602,0.8547983540229251,0.009471410093969651
"North Port-Sarasota-Bradenton, FL",2016,0.0058729120082073,2.6694290480546736,0.004767375211917724,0.04496371803731859,0.04080489271785852,-0.005417470368959001,0.8540294180151189,-0.004978371003850748
"North Port-Sarasota-Bradenton, FL",2017,0.013256653026596097,2.6741964232665913,-0.08451825361737697,0.08576861075517711,-0.06117595048412488,0.0058729120082073,0.8425362531465723,-0.0026790183094808767
"North Port-Sarasota-Bradenton, FL",2018,0.004372407787775999,2.5896781696492144,0.08054401062004501,0.02459266027105223,0.03938891065857548,0.013256653026596097,0.8562229242730935,0.0032064288581173384
"North Port-Sarasota-Bradenton, FL",2019,0.0025742108665551995,2.6702221802692594,-0.009940735399418088,0.06398157092962771,0.017244857342477327,0.004372407787775999,0.8453672847418041,-0.003622636731149237
"North Port-Sarasota-Bradenton, FL",2020,0.158935346266701,2.6602814448698413,-0.2444619131736676,0.08122642827210504,-0.005165450299105881,0.0025742108665551995,0.8040333770504268,-0.010581513975013113
"North Port-Sarasota-Bradenton, FL",2021,-0.039782804650394396,2.4158195316961737,-0.0756948290769679,0.07606097797299916,-0.01960331371751397,0.158935346266701,0.7588481338481339,0.03430370636485311
"North Port-Sarasota-Bradenton, FL",2022,-0.0612935135368366,2.340124702619206,-0.0651668149322373,0.056457664255485186,-0.015517838129000726,-0.039782804650394396,0.7242664874748819,-0.01866820453391936
"North Port-Sarasota-Bradenton, FL",2023,-0.0518685991890554,2.2749578876869685,-0.1059885577669557,0.04093982612648446,0.05245791944517415,-0.0612935135368366,0.7073317307692307,-0.030721956166825888
"North Port-Sarasota-Bradenton, FL",2024,-0.1004863959121704,2.168969329920013,0.05384432751081958,0.09339774557165861,0.02904053604887008,-0.0518685991890554,0.7329642717707947,-0.03798487208895774
"Oklahoma City, OK",2007,0.030289092410950697,2.2832856496555944,0.09074002171892204,0.019141706353891973,-0.015138101822481057,-0.004817143032249498,0.778922015441172,-0.003284089037964358
"Oklahoma City, OK",2008,-0.0562026693518696,2.3740256713745165,0.028016282810410686,0.004003604531410916,-0.003580478786132615,0.030289092410950697,0.7821278888405205,0.010418794025503483
"Oklahoma City, OK",2009,-0.01288995731952071,2.402041954184927,0.025748128801399428,0.00042312574527830137,0.010458141557090201,-0.0562026693518696,0.7677925988467337,-0.01218418797998791
"Oklahoma City, OK",2010,-0.0175146878794007,2.4277900829863266,0.01896994779838046,0.010881267302368502,-0.0013469526446275772,-0.01288995731952071,0.7654219178913205,0.00021711402628980803
"Oklahoma City, OK",2011,0.006927222869944599,2.446760030784707,-0.0005837034588425105,0.009534314657740925,0.0009900181523061716,-0.0175146878794007,0.7851854576891595,-0.0024967757424895487
"Oklahoma City, OK",2012,0.0145977077723179,2.4461763273258645,-0.013815816048980967,0.010524332810047096,0.0031714031182677807,0.006927222869944599,0.7821290175518577,0.0038117524276301967
"Oklahoma City, OK",2013,0.011153025894151701,2.4323605112768836,0.0247868788547998,0.013695735928314877,0.005197171568773334,0.0145977077723179,0.7842648076566008,0.005678003722581829
"Oklahoma City, OK",2014,0.0050128630196114,2.4571473901316834,0.028441848727071672,0.01889290749708821,-0.0048987313846534895,0.011153025894151701,0.7961167951102843,0.0048407738176076825
"Oklahoma City, OK",2015,-0.02413135349325085,2.485589238858755,0.06294138372658908,0.013994176112434722,0.02294704782519359,0.0050128630196114,0.8112133297941327,0.0028208120737031606
"Oklahoma City, OK",2016,-0.0083422975131459,2.548530622585344,-0.06725205119317534,0.03694122393762831,-0.015277723445536118,-0.02413135349325085,0.7981671830685749,-0.0070396783361932475
"Oklahoma City, OK",2017,0.0117373567083035,2.481278571392169,0.04819658367916668,0.021663500492092192,-0.00918520309640471,-0.0083422975131459,0.7975269825838578,0.0008278065875974849
"Oklahoma City, OK",2018,0.011970511743164096,2.5294751550713355,-0.0032920241878682255,0.012478297395687482,-0.00133756124416462,0.0117373567083035,0.8037462837300243,0.0075812623974910315
"Oklahoma City, OK",2019,0.019071623563036,2.5261831308834672,-0.057708145351348605,0.011140736151522862,-0.0022234968850341746,0.011970511743164096,0.7811901525306253,0.007878446385992277
"Oklahoma City, OK",2020,0.0127974754185219,2.4684749855321186,-0.1884412597790499,0.008917239266488687,-0.0038093887931178313,0.019071623563036,0.7492187338670264,0.006012943793702291
"Oklahoma City, OK",2021,-0.0179025728526993,2.2800337257530687,-0.021476869294514866,0.005107850473370856,0.013450229844274426,0.0127974754185219,0.7165774834437086,0.003215600008067629
"Oklahoma City, OK",2022,-0.008835782319690701,2.258556856458554,0.023296803991329273,0.018558080317645283,-0.006386728015787272,-0.0179025728526993,0.7356029713924451,-0.007452545851704712
"Oklahoma City, OK",2023,-0.007314460632932701,2.281853660449883,-0.09815545435582429,0.01217135230185801,0.0014444131009111912,-0.008835782319690701,0.7118907327392957,-0.0053982674774331815
"Oklahoma City, OK",2024,-0.019525157319307332,2.183698206094059,0.033780501729708146,0.013615765402769202,0.017111529851846087,-0.007314460632932701,0.7113468852772982,-0.006622945441948767
"Omaha-Council Bluffs, NE-IA",2007,0.0138959571091819,2.1867643986350025,0.03241009321746535,0.016878751078022423,-0.01677490172881168,-0.0170554965230789,0.7449968445836064,-0.009762076807184689
"Omaha-Council Bluffs, NE-IA",2008,-0.0532394896294413,2.219174491852468,-0.15302676714654462,0.00010384934921074494,0.006264916010243756,0.0138959571091819,0.6952817805219598,-0.0003753491482074711
"Omaha-Council Bluffs, NE-IA",2009,-0.01289108992418677,2.0661477247059232,0.14344215761968115,0.006368765359454501,0.00826580041870543,-0.0532394896294413,0.7492767815936694,-0.02229151777994741
"Omaha-Council Bluffs, NE-IA",2010,-0.0206493008047514,2.2095898823256044,0.006938973917837377,0.014634565778159931,0.0014329585010895741,-0.01289108992418677,0.7387912702853945,-0.009050663448406729
"Omaha-Council Bluffs, NE-IA",2011,-0.00794607967172861,2.2165288562434418,-0.003034378227188217,0.016067524279249505,-0.007543612287389758,-0.0206493008047514,0.74694823532059,-0.011443775464324894
"Omaha-Council Bluffs, NE-IA",2012,0.0016224732340012014,2.2134944780162535,0.10538690046203758,0.008523911991859747,0.0010195878427416427,-0.00794607967172861,0.7669440259471184,-0.0052179118893495025
"Omaha-Council Bluffs, NE-IA",2013,0.0041299000072346,2.318881378478291,-0.11543519421751336,0.00954349983460139,0.002269007333182086,0.0016224732340012014,0.7316058002148228,-0.0025318204946037925
"Omaha-Council Bluffs, NE-IA",2014,0.027886748949195905,2.2034461842607778,-0.004958388656993051,0.011812507167783476,0.0018051617981804467,0.0041299000072346,0.7225301002138858,-0.0030202052256777315
"Omaha-Council Bluffs, NE-IA",2015,-0.0018461379366292996,2.1984877956037847,0.0707167609145678,0.013617668965963923,-0.004240522366177984,0.027886748949195905,0.7443911043849132,0.004408232119754801
"Omaha-Council Bluffs, NE-IA",2016,-0.005324032854396799,2.2692045565183525,0.017022864727987308,0.009377146599785939,0.020059753979456297,-0.0018461379366292996,0.7555225692286318,-0.0048426208769586365
"Omaha-Council Bluffs, NE-IA",2017,0.0081471081831608,2.28622742124634,-0.018344416844806588,0.029436900579242236,0.00706034752210143,-0.005324032854396799,0.7483338682133679,-0.008474454220794708
"Omaha-Council Bluffs, NE-IA",2018,0.0094589992550373,2.2678830044015332,-0.050419308676967756,0.036497248101343666,-0.007737236235428508,0.0081471081831608,0.7458914800412009,-0.006489179684196343
"Omaha-Council Bluffs, NE-IA",2019,0.0033258347503986006,2.2174636957245655,-0.02035163373094706,0.028760011865915158,0.0021372040685706355,0.0094589992550373,0.7460561168572762,-0.006777559835198753
"Omaha-Council Bluffs, NE-IA",2020,-0.014158293047473895,2.1971120619936184,-0.19936978392248528,0.030897215934485793,0.003255674893742788,0.0033258347503986006,0.684036669251993,-0.010884764292364471
"Omaha-Council Bluffs, NE-IA",2021,0.002499627667339299,1.9977422780711331,0.06167616144169874,0.03415289082822858,-0.013055844414726472,-0.014158293047473895,0.7008738954254747,-0.016730616593364105
"Omaha-Council Bluffs, NE-IA",2022,-0.005593852162744502,2.059418439512832,0.005938573599697516,0.02109704641350211,0.006570361935724422,0.002499627667339299,0.6944388107858954,-0.009677326163934942
"Omaha-Council Bluffs, NE-IA",2023,0.006053095402585997,2.0653570131125294,-0.05381703210324895,0.02766740834922653,0.010802556724942531,-0.005593852162744502,0.6823171233440303,-0.014404270802503269
"Omaha-Council Bluffs, NE-IA",2024,-0.006639251517057403,2.0115399810092804,-0.015901574261517837,0.03846996507416906,-0.017682653401007654,0.006053095402585997,0.7015760789512446,-0.01353591433223409
"Orlando-Kissimmee-Sanford, FL",2007,-0.019030649836511603,2.48783414119115,0.09731045228751167,0.0216805403930131,0.008271876336263133,-0.03448285064279699,0.8125651270536678,-0.007415957092676687
"Orlando-Kissimmee-Sanford, FL",2008,-0.069007475584322,2.585144593478662,0.03993574528652122,0.029952416729276232,0.01818420406211283,-0.019030649836511603,0.8181450524039113,-0.0034988851230167983
"Orlando-Kissimmee-Sanford, FL",2009,-0.014429402587074387,2.625080338765183,0.0974504053897185,0.04813662079138906,-0.027667540933365757,-0.069007475584322,0.8528194912657064,-0.01628968853991416
"Orlando-Kissimmee-Sanford, FL",2010,-0.0149901582956486,2.7225307441549016,-0.04343509839617532,0.020469079858023306,-0.013111012506321327,-0.014429402587074387,0.8259816261616921,0.0053192081669854036
"Orlando-Kissimmee-Sanford, FL",2011,0.004327240325164797,2.6790956457587263,-0.011807560150367546,0.007358067351701979,-0.004386690362948077,-0.0149901582956486,0.8271166770274581,0.005966256597799521
"Orlando-Kissimmee-Sanford, FL",2012,0.0120970880330238,2.6672880856083587,0.14088436470118815,0.002971376988753902,0.005511335079047793,0.004327240325164797,0.8572845170595842,0.013572372770935981
"Orlando-Kissimmee-Sanford, FL",2013,0.0219405837046967,2.808172450309547,-0.007804765293044191,0.008482712067801695,0.01961465445483312,0.0120970880330238,0.8744254248216478,0.013395167402932298
"Orlando-Kissimmee-Sanford, FL",2014,0.049483374396469104,2.8003676850165027,0.04153368857389861,0.028097366522634816,0.0035434873608568215,0.0219405837046967,0.8760869137163785,0.014908016525866624
"Orlando-Kissimmee-Sanford, FL",2015,0.013080349643312502,2.8419013735904013,-0.11924602932613171,0.03164085388349164,0.008720123026046765,0.049483374396469104,0.8414545393629852,0.020876067280084412
"Orlando-Kissimmee-Sanford, FL",2016,0.029393221486251803,2.7226553442642696,0.031510027154673104,0.0403609769095384,-0.009909871894339811,0.013080349643312502,0.852228687832676,0.009231211311570522
"Orlando-Kissimmee-Sanford, FL",2017,0.020313090459362002,2.7541653714189427,0.039270659449452516,0.03045110501519859,0.014385931488886124,0.029393221486251803,0.8617889293588267,0.014575112329998238
"Orlando-Kissimmee-Sanford, FL",2018,0.0088681644884109,2.793436030868395,0.06810474689767254,0.044837036504084715,0.007635074775353377,0.020313090459362002,0.8978364033334939,0.009507046282635462
"Orlando-Kissimmee-Sanford, FL",2019,-0.01453570172077453,2.8615407777660677,0.01974542240323318,0.05247211127943809,-0.00917073848316867,0.0088681644884109,0.913035995681172,0.006455563000779749
"Orlando-Kissimmee-Sanford, FL",2020,0.111342602035477,2.881286200169301,-0.08906669781907128,0.04330137279626942,0.001965553841663574,-0.01453570172077453,0.9048704586691422,-0.0014730641243926035
"Orlando-Kissimmee-Sanford, FL",2021,-0.003976349932281499,2.7922195023502296,-0.2814274084117119,0.045266926637933,0.003346608574563731,0.111342602035477,0.7903595656334748,0.032615819873765356
"Orlando-Kissimmee-Sanford, FL",2022,-0.060884294122840896,2.5107920939385178,-0.10450109452941003,0.04861353521249673,-0.0028466710671080017,-0.003976349932281499,0.7624633966192003,-0.004767640635801401
"Orlando-Kissimmee-Sanford, FL",2023,-0.037698399556410786,2.4062909994091077,0.011827373370358885,0.045766864145388726,0.02115478952324091,-0.060884294122840896,0.7724865441988061,-0.024154253921180716
"Orlando-Kissimmee-Sanford, FL",2024,-0.0388671486023068,2.4181183727794666,0.11540499177328112,0.06692165366862964,-0.007945657099689113,-0.037698399556410786,0.8051846716687429,-0.017860116579515313
"Oxnard-Thousand Oaks-Ventura, CA",2007,-0.00708930023700118,2.9341341711328774,-0.027572587555164674,0.008629207562084185,0.012269434026212576,-0.008570350656207995,0.9269934179504067,0.00888041942545792
"Oxnard-Thousand Oaks-Ventura, CA",2008,-0.0804304189081726,2.9065615835777128,0.18825093306367835,0.02089864158829676,-0.005801405150221019,-0.00708930023700118,0.9561573870403554,0.012137861894299565
"Oxnard-Thousand Oaks-Ventura, CA",2009,-0.00043123847203730033,3.094812516641391,0.010437941279265228,0.015097236438075742,-0.015097236438075742,-0.0804304189081726,0.9724693435922097,-0.005413564420784556
"Oxnard-Thousand Oaks-Ventura, CA",2010,-0.012522907844202999,3.1052504579206563,0.03840952394391861,0.0,0.0034030753718174945,-0.00043123847203730033,0.9757686832157877,0.01976230861353981
"Oxnard-Thousand Oaks-Ventura, CA",2011,0.014584097005081197,3.143659981864575,-0.04868687651625647,0.0034030753718174945,-0.003214656831433121,-0.012522907844202999,0.9621549421193233,0.016191399873421053
"Oxnard-Thousand Oaks-Ventura, CA",2012,0.019804806792799,3.0949731053483185,0.003169363856319496,0.00018841854038437382,-0.002637398132221108,0.014584097005081197,0.9713218370339677,0.02320540798155106
"Oxnard-Thousand Oaks-Ventura, CA",2013,0.039215633987175,3.098142469204638,0.1673443478876835,-0.0024489795918367346,0.018060209605685405,0.019804806792799,0.9967864216063477,0.026995266493815506
"Oxnard-Thousand Oaks-Ventura, CA",2014,0.057825185993816405,3.2654868170923215,-0.1523722939200436,0.015611230013848672,0.003354928409356979,0.039215633987175,0.9650263713573686,0.02967617250108648
"Oxnard-Thousand Oaks-Ventura, CA",2015,0.0155595452381001,3.113114523172278,0.13096212832463028,0.01896615842320565,-0.018722849420772562,0.057825185993816405,1.0139918797980474,0.034773547049175096
"Oxnard-Thousand Oaks-Ventura, CA",2016,0.0195930853969269,3.244076651496908,-0.057271581523794524,0.00024330900243309004,0.007631903841157277,0.0155595452381001,0.9925463552290539,0.0255958896042022
"Oxnard-Thousand Oaks-Ventura, CA",2017,0.018286450580612203,3.1868050699731136,-0.056619357091124645,0.007875212843590367,-0.010499884759600866,0.0195930853969269,0.9669770943242735,0.026367037970952162
"Oxnard-Thousand Oaks-Ventura, CA",2018,0.008095300861930797,3.130185712881989,0.03393256383682397,-0.0026246719160104987,0.03423386731830935,0.018286450580612203,0.9914028917545916,0.022518434528110795
"Oxnard-Thousand Oaks-Ventura, CA",2019,0.038388993471130395,3.164118276718813,0.016274114002160278,0.031609195402298854,-0.004926890754886452,0.008095300861930797,1.0034840583164253,0.016260747941583886
"Oxnard-Thousand Oaks-Ventura, CA",2020,0.049813397786095004,3.1803923907209732,-0.2745876021421796,0.026682304647412402,-0.01560133934682694,0.038388993471130395,0.8904193654227073,0.027099010687495623
"Oxnard-Thousand Oaks-Ventura, CA",2021,-0.05419667831542921,2.9058047885787937,0.06094876323806764,0.011080965300585463,-0.008312838305698024,0.049813397786095004,0.9372176584692695,0.027624715876176847
"Oxnard-Thousand Oaks-Ventura, CA",2022,-0.002726401225115801,2.9667535518168613,-0.03570660549635418,0.002768126994887439,0.015034188432846991,-0.05419667831542921,0.9438903613936953,-0.003319914673042934
"Oxnard-Thousand Oaks-Ventura, CA",2023,-0.0030229671872978,2.931046946320507,0.010005909521912937,0.01780231542773443,-0.003078932370695158,-0.002726401225115801,0.9174198576589857,0.012036509519761554
"Oxnard-Thousand Oaks-Ventura, CA",2024,-0.03112138112440705,2.94105285584242,-0.012132492232683312,0.014723383057039272,-0.006377549155498293,-0.0030229671872978,0.9246681879877282,0.011948976653344018
"Palm Bay-Melbourne-Titusville, FL",2007,-0.0164444713549328,2.1960444489754307,0.030833165874887936,0.06969714253122683,-0.06452518838566565,-0.018537331322130198,0.6888715767517545,-0.011304309923660306
"Palm Bay-Melbourne-Titusville, FL",2008,-0.061244313329034794,2.2268776148503187,0.14117075077606778,0.005171954145561184,0.017584252092503742,-0.0164444713549328,0.7299757212387867,-0.0034591132203271938
"Palm Bay-Melbourne-Titusville, FL",2009,-0.00828524938183308,2.3680483656263864,-0.0637741093063755,0.022756206238064926,-0.022756206238064926,-0.061244313329034794,0.7062991105002464,-0.014541492739240248
"Palm Bay-Melbourne-Titusville, FL",2010,-0.0178483164966278,2.304274256320011,0.1573078714954077,0.0,0.016129868782739483,-0.00828524938183308,0.75738214762605,0.0018328985310640117
"Palm Bay-Melbourne-Titusville, FL",2011,0.002240071929645499,2.4615821278154186,-6.744466240471425e-05,0.016129868782739483,-0.009902837341334828,-0.0178483164966278,0.7455178117246868,0.0011273549208122707
"Palm Bay-Melbourne-Titusville, FL",2012,0.006442635664406801,2.461514683153014,0.09728278088679776,0.006227031441404655,-0.006227031441404655,0.002240071929645499,0.7557065559330565,0.010935951075759412
"Palm Bay-Melbourne-Titusville, FL",2013,0.020315155728446,2.5587974640398117,-0.009373256462998913,0.0,0.0,0.006442635664406801,0.7648359337418186,0.012883458335596829
"Palm Bay-Melbourne-Titusville, FL",2014,0.0407373986040611,2.5494242075768128,-0.08295361094331621,0.0,0.0,0.020315155728446,0.7386651274157687,0.016064650886172066
"Palm Bay-Melbourne-Titusville, FL",2015,0.034645511288724895,2.4664705966334965,0.07315024656595526,0.0,0.0,0.0407373986040611,0.7736800079848288,0.020403505695456584
"Palm Bay-Melbourne-Titusville, FL",2016,0.030687651831548698,2.539620843199452,0.0084819330315562,0.0,0.014304555138480267,0.034645511288724895,0.7681177491834963,0.019043701044012
"Palm Bay-Melbourne-Titusville, FL",2017,0.020538165048614502,2.548102776231008,-0.0379836986206219,0.014304555138480267,-0.0035023947063938504,0.030687651831548698,0.7755113689432227,0.01483811638245601
"Palm Bay-Melbourne-Titusville, FL",2018,0.007946810790634199,2.510119077610386,-0.08158644923347591,0.010802160432086417,0.017250481562768125,0.020538165048614502,0.7738192769694102,0.0076962690714961896
"Palm Bay-Melbourne-Titusville, FL",2019,0.007703157021864901,2.42853262837691,0.08967186040114461,0.028052641994854542,0.002170179122619832,0.007946810790634199,0.7872220489817457,0.0030107541281359784
"Palm Bay-Melbourne-Titusville, FL",2020,0.08230473901934801,2.518204488778055,-0.21230640043721838,0.030222821117474374,0.09412902640903564,0.007703157021864901,0.711786237557461,-0.005516516060268872
"Palm Bay-Melbourne-Titusville, FL",2021,-0.009343662512628595,2.3058980883408364,-0.005300987577968375,0.12435184752651002,-0.08392640400995345,0.08230473901934801,0.7256057873902327,0.008865503383931599
"Palm Bay-Melbourne-Titusville, FL",2022,-0.0537675647292395,2.300597100762868,0.09084110477884133,0.04042544351655657,0.00817291124743992,-0.009343662512628595,0.7457974975488577,-0.007266563493831618
"Palm Bay-Melbourne-Titusville, FL",2023,-0.02302058721108484,2.3914382055417094,0.04063484529727557,0.04859835476399649,0.012180806666370246,-0.0537675647292395,0.7457273800217654,-0.019338190951766907
"Palm Bay-Melbourne-Titusville, FL",2024,-0.03572174816757441,2.432073050838985,-0.07515791010109218,0.060779161430366734,0.022365695866348394,-0.02302058721108484,0.7338291334969375,-0.01504509094607076
"Philadelphia-Camden-Wilmington, PA-NJ-DE-MD",2007,0.0227879521740961,2.194958138115611,0.0020902749400661946,0.006276543367301759,-0.0029114481344026735,-0.007093891451057398,0.7516295402056973,-0.007290638810064448
"Philadelphia-Camden-Wilmington, PA-NJ-DE-MD",2008,-0.030168627345511078,2.1970484130556773,-0.018601113576794948,0.0033650952328990857,0.001774372016591353,0.0227879521740961,0.74685768159892,0.0011238626369647897
"Philadelphia-Camden-Wilmington, PA-NJ-DE-MD",2009,0.011015019581146198,2.1784472994788824,0.12066096665739678,0.005139467249490439,0.0014465983528885026,-0.030168627345511078,0.7823127830308392,-0.013276715538998646
"Philadelphia-Camden-Wilmington, PA-NJ-DE-MD",2010,-0.02170284736009169,2.299108266136279,-0.00904865430367563,0.006586065602378941,-0.003077062512930569,0.011015019581146198,0.7779829201842372,7.3589881715713235e-06
"Philadelphia-Camden-Wilmington, PA-NJ-DE-MD",2011,-0.004535809234130401,2.2900596118326035,0.000657010885491971,0.0035090030894483724,-0.0016569784741062835,-0.02170284736009169,0.7706892206010026,-0.008243397955777151
"Philadelphia-Camden-Wilmington, PA-NJ-DE-MD",2012,-0.0015802091270055996,2.2907166227180955,0.08503969606958206,0.001852024615342089,0.004524958923142266,-0.004535809234130401,0.7957284938119752,-0.0027920821341497065
"Philadelphia-Camden-Wilmington, PA-NJ-DE-MD",2013,0.0061654833766685005,2.3757563187876776,-0.027113329457483903,0.0063769835384843545,0.007324275551708176,-0.0015802091270055996,0.7798865594086294,-0.001674030821265049
"Philadelphia-Camden-Wilmington, PA-NJ-DE-MD",2014,0.024340384343769103,2.3486429893301937,0.03679799513297066,0.013701259090192531,-0.0009255623262065405,0.0061654833766685005,0.7993504651395328,-0.000909087936232747
"Philadelphia-Camden-Wilmington, PA-NJ-DE-MD",2015,0.00022480123170470073,2.3854409844631643,0.011437756865154025,0.01277569676398599,0.003273706557385953,0.024340384343769103,0.801026851513946,0.004741235274099823
"Philadelphia-Camden-Wilmington, PA-NJ-DE-MD",2016,-0.0004856258147544999,2.3968787413283184,-0.03251472346665851,0.016049403321371943,-0.002208288673050585,0.00022480123170470073,0.7973001427239305,-0.0029152829253297347
"Philadelphia-Camden-Wilmington, PA-NJ-DE-MD",2017,0.014558813349262203,2.36436401786166,-0.07508083332974191,0.013841114648321358,0.005770286666018426,-0.0004856258147544999,0.7719155119831045,-0.004210261684966465
"Philadelphia-Camden-Wilmington, PA-NJ-DE-MD",2018,0.013077373721933398,2.289283184531918,0.0051724256521095135,0.019611401314339784,0.0016790565941802137,0.014558813349262203,0.7720394483226533,-0.0014661612435569044
"Philadelphia-Camden-Wilmington, PA-NJ-DE-MD",2019,0.004538265868290901,2.2944556101840274,-0.048540659767454475,0.021290457908519998,-0.0029738095502032866,0.013077373721933398,0.7661657999372027,-0.0029129512253933468
"Philadelphia-Camden-Wilmington, PA-NJ-DE-MD",2020,0.0177345728487511,2.245914950416573,-0.12329525910709593,0.01831664835831671,0.0073134072901050555,0.004538265868290901,0.7267417178809792,-0.007139511959197535
"Philadelphia-Camden-Wilmington, PA-NJ-DE-MD",2021,-0.026829854798643096,2.122619691309477,0.0003032016970978546,0.025630055648421766,-0.004215956369475339,0.0177345728487511,0.7283783038977053,-0.005436969322522293
"Philadelphia-Camden-Wilmington, PA-NJ-DE-MD",2022,-0.011734503344084702,2.122922893006575,-0.06008061894527561,0.021414099278946427,-0.002808878265373193,-0.026829854798643096,0.7164645936457549,-0.018398086718947902
"Philadelphia-Camden-Wilmington, PA-NJ-DE-MD",2023,-0.008576449287665398,2.0628422740612993,-0.0384987332453246,0.018605221013573234,0.020580311010998265,-0.011734503344084702,0.7045590230083337,-0.0166847044113941
"Philadelphia-Camden-Wilmington, PA-NJ-DE-MD",2024,-0.0118540656137466,2.0243435408159747,0.03893510993080973,0.0391855320245715,-0.00267363238062384,-0.008576449287665398,0.7053591284902447,-0.017002326215194187
"Phoenix-Mesa-Scottsdale, AZ",2007,-0.0355999923007202,2.7300302755740207,0.07438700641647467,0.01315327074652342,0.0037590573000398,-0.019985113242563197,0.9081042289210677,0.0011455228679343177
"Phoenix-Mesa-Scottsdale, AZ",2008,-0.0955776653285561,2.8044172819904953,0.1345287818326537,0.01691232804656322,0.015476442147222155,-0.0355999923007202,0.9238459061898874,-0.0008866604503200287
"Phoenix-Mesa-Scottsdale, AZ",2009,0.0013693563793372998,2.938946063823149,-0.0005304819404510219,0.032388770193785374,-0.006389518112501859,-0.0955776653285561,0.9219498031526793,-0.017244703769301428
"Phoenix-Mesa-Scottsdale, AZ",2010,-0.017976990817504403,2.938415581882698,-0.18560074116642733,0.025999252081283515,-0.02638142850524456,0.0013693563793372998,0.8627016608107266,0.011895245996352943
"Phoenix-Mesa-Scottsdale, AZ",2011,0.0005715367567061987,2.7528148407162707,0.00792544494878733,-0.0003821764239610463,0.0007043185629848495,-0.017976990817504403,0.8607328234996642,0.007456691173369626
"Phoenix-Mesa-Scottsdale, AZ",2012,0.0082532664478455,2.760740285665058,0.002566515925500834,0.00032214213902380314,0.0013375942141567684,0.0005715367567061987,0.8523697402951838,0.013404239391453215
"Phoenix-Mesa-Scottsdale, AZ",2013,0.0212019443201885,2.763306801590559,0.06923754373738245,0.0016597363531805716,0.008755605431135648,0.0082532664478455,0.8682245347444374,0.0157207001258914
"Phoenix-Mesa-Scottsdale, AZ",2014,0.0462569339965839,2.8325443453279413,-0.018184228014949788,0.01041534178431622,0.013574839759223458,0.0212019443201885,0.8515830749898419,0.018832644100824525
"Phoenix-Mesa-Scottsdale, AZ",2015,0.018751813550077396,2.8143601173129915,0.0035189108981401596,0.023990181543539678,-0.0017708428309432568,0.0462569339965839,0.876740619175772,0.02237276480475435
"Phoenix-Mesa-Scottsdale, AZ",2016,0.0189562656468563,2.8178790282111317,-0.010474913402902075,0.02221933871259642,-0.007421102475290167,0.018751813550077396,0.8772180455603373,0.015080144426796047
"Phoenix-Mesa-Scottsdale, AZ",2017,0.0459393475213203,2.8074041148082296,-0.08085888549063114,0.014798236237306254,0.0054822206572590695,0.0189562656468563,0.8626607473625288,0.013792315880584091
"Phoenix-Mesa-Scottsdale, AZ",2018,0.0461567185011864,2.7265452293175985,-0.02945676257052554,0.020280456894565323,0.009127417253283854,0.0459393475213203,0.8598774967695433,0.01827314069478192
"Phoenix-Mesa-Scottsdale, AZ",2019,0.0412735528044548,2.697088466747073,-0.028461515478497734,0.029407874147849178,-0.0005455071140693345,0.0461567185011864,0.8545984545718659,0.01649759683598949
"Phoenix-Mesa-Scottsdale, AZ",2020,0.086873643657639,2.668626951268575,-0.16220589728350365,0.028862367033779843,-0.004212302301466995,0.0412735528044548,0.8175036499794238,0.012774992556332437
"Phoenix-Mesa-Scottsdale, AZ",2021,-0.05755957377064061,2.5064210539850715,-0.04029142753911552,0.02465006473231285,0.011037145963147761,0.086873643657639,0.8008972467912553,0.02324197361155826
"Phoenix-Mesa-Scottsdale, AZ",2022,-0.0515717724565525,2.466129626445956,-0.022997680090471206,0.03568721069546061,0.006853643738461847,-0.05755957377064061,0.7912902492894116,-0.01994765482265897
"Phoenix-Mesa-Scottsdale, AZ",2023,-0.0493818095899944,2.443131946355485,-0.018150409876281692,0.042540854433922456,0.008688388581460635,-0.0515717724565525,0.7850883306658961,-0.020152453441588385
"Phoenix-Mesa-Scottsdale, AZ",2024,-0.0580412987935543,2.424981536479203,-0.028026990333890556,0.05122924301538309,0.016251643424269394,-0.0493818095899944,0.7807971391147057,-0.022750478525337042
"Pittsburgh, PA",2007,0.00948724647298336,1.9201631510459383,0.0435033603653332,0.004889242513347401,-0.0027778190237610794,-0.017552507990893397,0.6676425837690332,-0.014200071420284767
"Pittsburgh, PA",2008,-0.0428542603771625,1.9636665114112715,0.004889865826543716,0.002111423489586322,-0.0003479772117175727,0.00948724647298336,0.6618365081745913,-0.005024734402919513
"Pittsburgh, PA",2009,0.003919755310244598,1.9685563772378152,-0.05799604713356454,0.0017634462778687492,0.002866024590757156,-0.0428542603771625,0.64386340142695,-0.02047928729101505
"Pittsburgh, PA",2010,-0.0196872166454964,1.9105603301042506,0.06502268519957366,0.004629470868625905,-0.002513140994240323,0.003919755310244598,0.6658111692425729,-0.007641733044325499
"Pittsburgh, PA",2011,-0.00894835226272345,1.9755830153038243,0.045239962334637784,0.002116329874385582,-8.394801367754079e-05,-0.0196872166454964,0.6887943275490069,-0.013654100480138626
"Pittsburgh, PA",2012,-0.0031485088452066993,2.020822977638462,-0.05835870879938554,0.002032381860708041,0.003531168386875611,-0.00894835226272345,0.6580513435948607,-0.009778865789476524
"Pittsburgh, PA",2013,-0.0030242496945842496,1.9624642688390765,0.012775429766873403,0.005563550247583652,0.004487833507937848,-0.0031485088452066993,0.6614574918270041,-0.009473425889153807
"Pittsburgh, PA",2014,0.0142459242438335,1.97523969860595,0.010385594492394734,0.0100513837555215,0.007118057094137119,-0.0030242496945842496,0.6779681804244881,-0.011450831574953003
"Pittsburgh, PA",2015,-0.004987719948805801,1.9856252930983447,0.014997899726226338,0.01716944084965862,0.013738154434136281,0.0142459242438335,0.6797815999307822,-0.008077763958537244
"Pittsburgh, PA",2016,-0.0110237614699788,2.000623192824571,-0.032154403741019966,0.0309075952837949,-0.008225055094631877,-0.004987719948805801,0.6700791017292542,-0.014402841382986052
"Pittsburgh, PA",2017,0.016607015208259603,1.968468789083551,-0.06706574848837077,0.022682540189163023,0.0006828694337238442,-0.0110237614699788,0.6499536410492672,-0.016258199769715646
"Pittsburgh, PA",2018,0.009086943337058999,1.9014030405951803,-0.021693816557437406,0.023365409622886867,-0.011817290766719907,0.016607015208259603,0.6402298786128788,-0.008182433156657391
"Pittsburgh, PA",2019,-0.009652138109118101,1.8797092240377429,-0.03295369535281889,0.01154811885616696,-0.00610126587094984,0.009086943337058999,0.6370286853861921,-0.009593959836036413
"Pittsburgh, PA",2020,-0.013875889965818393,1.846755528684924,-0.04584326422466445,0.00544685298521712,0.008156481380943461,-0.009652138109118101,0.6205754123855223,-0.015537328133449012
"Pittsburgh, PA",2021,-0.015282214832632098,1.8009122644602595,0.04111670604118478,0.013603334366160581,-0.00012340142069169197,-0.013875889965818393,0.6288373375372467,-0.017454498799416483
"Pittsburgh, PA",2022,-0.022233727410819103,1.8420289705014443,-0.00011003962200750728,0.013479932945468889,-0.005199870285535247,-0.015282214832632098,0.6354687611084628,-0.017446871135740574
"Pittsburgh, PA",2023,0.0038486809455032,1.8419189308794368,0.04268389384094862,0.008280062659933642,0.008549365679897293,-0.022233727410819103,0.6270831918505942,-0.0174335655718669
"Pittsburgh, PA",2024,-0.007150469379425001,1.8846028247203854,-0.06810375106896105,0.016829428339830935,-0.0010852078638031483,0.0038486809455032,0.620158014449327,-0.012127755225220992
"Portland-Vancouver-Hillsboro, OR-WA",2007,0.017724891503005,2.374168184334878,-0.053095423902616457,0.005491619930625345,0.004593367366417509,0.010074477693143805,0.7842310867080997,0.0007129954400352106
"Portland-Vancouver-Hillsboro, OR-WA",2008,-0.0721902853842316,2.3210727604322616,-0.021254075377695525,0.010084987297042854,0.0049106078665744745,0.017724891503005,0.7757667652802843,0.0012869173959588615
"Portland-Vancouver-Hillsboro, OR-WA",2009,0.0035197336379956985,2.299818685054566,0.09392088088867245,0.014995595163617328,0.004376083191047913,-0.0721902853842316,0.7873241742430328,-0.023115449163485915
"Portland-Vancouver-Hillsboro, OR-WA",2010,-0.013576367786543801,2.3937395659432386,-0.0541485926140437,0.01937167835466524,-0.013269565135476594,0.0035197336379956985,0.7653452200116514,0.0001569414379750944
"Portland-Vancouver-Hillsboro, OR-WA",2011,0.008057790733528098,2.339590973329195,0.040799550719620825,0.006102113219188647,-0.0034589792349861257,-0.013576367786543801,0.770163616718245,-0.002578218270614663
"Portland-Vancouver-Hillsboro, OR-WA",2012,0.019489002758327496,2.3803905240488157,0.08146548509016416,0.0026431339842025218,0.01026857585401883,0.008057790733528098,0.8032141932751359,0.0035060510078781526
"Portland-Vancouver-Hillsboro, OR-WA",2013,0.030984150587306997,2.46185600913898,0.0015672242156017369,0.012911709838221352,0.003850967842539006,0.019489002758327496,0.8021894753084718,0.0063929868322843
"Portland-Vancouver-Hillsboro, OR-WA",2014,0.0695438018833656,2.4634232333545816,0.005175085088250597,0.016762677680760358,0.009558425525045489,0.030984150587306997,0.808544195788619,0.008033904590819388
"Portland-Vancouver-Hillsboro, OR-WA",2015,0.0047201574636326,2.468598318442832,-0.083133815747376,0.026321103205805847,-0.0003046924983400173,0.0695438018833656,0.8039629049639172,0.015528687484053283
"Portland-Vancouver-Hillsboro, OR-WA",2016,-0.002864916574317901,2.385464502695456,0.006071372537872488,0.02601641070746583,0.0033333157603024875,0.0047201574636326,0.8101229507410244,-0.004405343589364827
"Portland-Vancouver-Hillsboro, OR-WA",2017,0.0093313574799452,2.3915358752333287,-0.02563929066951376,0.029349726467768317,0.0014314738785064889,-0.002864916574317901,0.8036666846936318,-0.0073083037747096735
"Portland-Vancouver-Hillsboro, OR-WA",2018,0.008938006230926498,2.365896584563815,-0.014313058072839446,0.030781200346274806,0.005921752899318716,0.0093313574799452,0.804184205731588,-0.005381684721642507
"Portland-Vancouver-Hillsboro, OR-WA",2019,0.0015069766633357996,2.3515835264909755,-0.04904237215381224,0.03670295324559352,-0.0009661443324129465,0.008938006230926498,0.7966498078391223,-0.007275268806843101
"Portland-Vancouver-Hillsboro, OR-WA",2020,0.01060385312743381,2.302541154337163,-0.13952193344174724,0.035736808913180575,0.0014252696286521371,0.0015069766633357996,0.7514189745238002,-0.010955786221669463
"Portland-Vancouver-Hillsboro, OR-WA",2021,-0.017286361408559797,2.163019220895416,0.022044206124804067,0.03716207854183271,-0.004338496346848131,0.01060385312743381,0.7593667385276509,-0.009739576706046409
"Portland-Vancouver-Hillsboro, OR-WA",2022,-0.0477210311446447,2.18506342702022,-0.05433469913479483,0.03282358219498458,-0.015147246303011255,-0.017286361408559797,0.7435654088876599,-0.01607831388421338
"Portland-Vancouver-Hillsboro, OR-WA",2023,-0.0165800836883311,2.1307287278854252,-0.09178287597289847,0.017676335891973326,0.015282213895508056,-0.0477210311446447,0.7231725658343375,-0.026477908860660412
"Portland-Vancouver-Hillsboro, OR-WA",2024,-0.03552436459243298,2.0389458519125268,0.08492931464752473,0.03295854978748138,0.00392039022324512,-0.0165800836883311,0.7521932279246696,-0.020323322892198195
"Providence-Warwick, RI-MA",2007,0.00623566176056743,2.1875811738511968,-0.027906912064258993,0.008405314327768525,0.0037518647457507187,-0.010910276273187598,0.7144071379102545,-0.00761252863783117
"Providence-Warwick, RI-MA",2008,-0.0571217115070162,2.1596742617869378,0.009256994074640534,0.012157179073519243,0.0004991272584289174,0.00623566176056743,0.7395049370358012,-0.005351951936039913
"Providence-Warwick, RI-MA",2009,0.0018272858266305987,2.1689312558615783,0.021436135006551282,0.01265630633194816,-0.006397874312760633,-0.0571217115070162,0.7227632929336099,-0.020518221165305356
"Providence-Warwick, RI-MA",2010,-0.02466556048991013,2.1903673908681296,0.019611219120666323,0.006258432019187528,-0.0010817160681987383,0.0018272858266305987,0.7507608907215306,-0.004460999021306526
"Providence-Warwick, RI-MA",2011,-0.01150242432986498,2.209978609988796,0.005848668123142886,0.00517671595098879,-0.0025646374033785634,-0.02466556048991013,0.7353902890794366,-0.0098812170423635
"Providence-Warwick, RI-MA",2012,0.007711102598968499,2.215827278111939,0.01772228975791368,0.002612078547610226,0.0012681158316510586,-0.01150242432986498,0.7386781984114708,-0.005584009240712326
"Providence-Warwick, RI-MA",2013,0.0080615387919412,2.2335495678698525,0.01667495858344603,0.0038801943792612847,-0.0016346991739457188,0.007711102598968499,0.7464405558609968,-6.712773851322296e-06
"Providence-Warwick, RI-MA",2014,0.0397961034273167,2.2502245264532985,-0.043092782492021975,0.002245495205315566,0.008056967468917257,0.0080615387919412,0.7341702671549216,-0.0006878233680449666
"Providence-Warwick, RI-MA",2015,0.008729275767289199,2.2071317439612765,0.04032839194668281,0.010302462674232824,0.0007674468033546985,0.0397961034273167,0.7582714869047588,0.006177416107729414
"Providence-Warwick, RI-MA",2016,0.013044732857387501,2.2474601359079593,-0.00977993238397934,0.011069909477587523,0.003168804723372512,0.008729275767289199,0.7607452036656888,-0.0030488043501725945
"Providence-Warwick, RI-MA",2017,0.014184380696073497,2.23768020352398,-0.004763348483085572,0.014238714200960035,0.003930212502930774,0.013044732857387501,0.7474297647889125,-0.001679226595699121
"Providence-Warwick, RI-MA",2018,0.0090757674661636,2.2329168550408944,0.015529989535806088,0.01816892670389081,0.0036277306777247886,0.014184380696073497,0.7627520892618129,-0.0029303837708620287
"Providence-Warwick, RI-MA",2019,0.014366077139243101,2.2484468445767005,-0.04430036551650263,0.021796657381615597,-0.013039075428368137,0.0090757674661636,0.7510222427008408,-0.003956293822298923
"Providence-Warwick, RI-MA",2020,0.009455212017967202,2.204146479060198,-0.11722553269131364,0.00875758195324746,0.010226980422187462,0.014366077139243101,0.7019409526561672,-0.0023455783351452875
"Providence-Warwick, RI-MA",2021,-0.010964819443552001,2.0869209463688843,0.00833111915705187,0.018984562375434923,-0.009619404079396468,0.009455212017967202,0.7093866232129362,-0.005752345916864604
"Providence-Warwick, RI-MA",2022,0.018660414009903002,2.095252065525936,-0.05210214076676589,0.009365158296038454,0.0036079922089291127,-0.010964819443552001,0.6980810493502287,-0.011535207820278205
"Providence-Warwick, RI-MA",2023,0.0129344106637115,2.0431499247591702,0.02233300889533707,0.012973150504967567,0.00048230868284146293,0.018660414009903002,0.7055302936699854,-0.0040719374701420966
"Providence-Warwick, RI-MA",2024,0.005647154493331901,2.0654829336545073,0.07091398835123108,0.01345545918780903,0.0005571777793188602,0.0129344106637115,0.7394062779151173,-0.005957754374128335
"Raleigh, NC",2007,0.00377230866126597,2.36126095330204,0.02519419636079423,0.012060413001790837,0.04370219269817784,-0.012524193102415999,0.7679750211409614,-0.007012652056723356
"Raleigh, NC",2008,-0.06260431995945549,2.3864551496628343,0.07354088129568925,0.05576260569996868,-0.02333947344147355,0.00377230866126597,0.785920793686218,-0.0038008685025838485
"Raleigh, NC",2009,0.0152520101670694,2.4599960309585236,0.10415283838820999,0.03242313225849513,0.012629807819370606,-0.06260431995945549,0.8129294035646719,-0.0189903280097318
"Raleigh, NC",2010,-0.0024167447447948007,2.5641488693467336,-0.10426006871130866,0.045052940077865734,-0.02594457226240583,0.0152520101670694,0.7778028142567099,0.004627855884289753
"Raleigh, NC",2011,0.0120718897503138,2.459888800635425,0.023756515994431293,0.019108367815459906,-0.016140728572477697,-0.0024167447447948007,0.7904417526295897,0.0024022592961715633
"Raleigh, NC",2012,0.007782151335540799,2.483645316629856,0.023814462153452176,0.0029676392429822075,0.005545803388787862,0.0120718897503138,0.783085969546973,0.009507148071133967
"Raleigh, NC",2013,0.0161473642724619,2.5074597787833084,-0.03574921263132547,0.00851344263177007,0.06595379125188822,0.007782151335540799,0.7821913844609109,0.0009420739714206955
"Raleigh, NC",2014,0.0448135441934128,2.471710566151983,0.04187298901964054,0.07446723388365828,-0.027762505076409927,0.0161473642724619,0.7698540687252071,0.000602662654618849
"Raleigh, NC",2015,0.005310547058068299,2.5135835551716235,0.016715673948478837,0.04670472880724835,-0.014475352406551116,0.0448135441934128,0.7980054090601758,0.011752505940461205
"Raleigh, NC",2016,-0.0020943384134359012,2.5302992291201023,-0.040452528386931697,0.032229376400697236,0.013824086511848285,0.005310547058068299,0.7737498921204798,0.0017831095950399528
"Raleigh, NC",2017,0.0202474731960449,2.4898467007331706,0.050549096175501074,0.04605346291254552,-0.014689527046083846,-0.0020943384134359012,0.7989652866835465,-0.0014040308744069363
"Raleigh, NC",2018,0.0280752397266388,2.5403957969086717,-0.12217680431559952,0.031363935866461676,0.005562679406761202,0.0202474731960449,0.7641460383591908,0.005395512905396582
"Raleigh, NC",2019,0.010751996069416,2.418218992593072,-0.05117666295278678,0.03692661527322288,0.0010775743267114057,0.0280752397266388,0.7532829951977553,0.004600701015106637
"Raleigh, NC",2020,0.08028409685797899,2.3670423296402854,-0.1248965166516749,0.038004189599934284,0.016168041690563816,0.010751996069416,0.7270063415700853,-0.004545449486782843
"Raleigh, NC",2021,-0.020077445757715195,2.2421458129886105,0.07400929351057028,0.0541722312904981,-0.034399518947333146,0.08028409685797899,0.7291458556487622,0.0172999667223225
"Raleigh, NC",2022,-0.0575257716927786,2.3161551064991808,-0.08456405873070105,0.01977271234316495,0.016383285742748107,-0.020077445757715195,0.7123295532604216,-0.00940474521164144
"Raleigh, NC",2023,-0.0436595653198485,2.2315910477684797,-0.11222246700284,0.036155998085913056,0.05262078992797719,-0.0575257716927786,0.6751468619869125,-0.028220643695202722
"Raleigh, NC",2024,-0.0481375269907713,2.1193685807656397,0.07208437126388079,0.08877678801389025,-0.016733522900874,-0.0436595653198485,0.691604933599044,-0.02883816550341435
"Reno, NV",2007,0.0029050515337276503,2.3559228833752686,-0.006639420599458656,0.001931558445739304,0.010342322606858453,-0.004170335778888701,0.7956210002696293,-0.0033396258715574917
"Reno, NV",2008,-0.0940206504459915,2.34928346277581,0.22541061064656853,0.012273881052597758,0.00991307339907658,0.0029050515337276503,0.8480258374516602,-0.0001243862199888368
"Reno, NV",2009,-0.01289129365099996,2.5746940734223784,-0.08533885691694776,0.02218695445167434,-0.010915062761201105,-0.0940206504459915,0.8287391376335931,-0.026283975909197767
"Reno, NV",2010,-0.0170141830206089,2.4893552165054307,0.06385072706533723,0.011271891690473233,-0.011271891690473233,-0.01289129365099996,0.832450493416402,-0.00025059317238070034
"Reno, NV",2011,-0.003178816363561201,2.553205943570768,-0.0005409782043805933,0.0,0.0,-0.0170141830206089,0.836670315121331,0.0002092792058706744
"Reno, NV",2012,0.0148365808368359,2.5526649653663873,0.012209971113766205,0.0,0.0018116498295820923,-0.003178816363561201,0.8277574299823247,0.005132922843695334
"Reno, NV",2013,0.0215016886281834,2.5648749364801535,0.07954235388184427,0.0018116498295820923,-0.0015664466174200129,0.0148365808368359,0.8701629816457171,0.00946812238744528
"Reno, NV",2014,0.0444639107977409,2.644417290361998,-0.11473338311208803,0.00024520321216207934,0.018937244541714245,0.0215016886281834,0.8241521694984093,0.010746839358933585
"Reno, NV",2015,0.0474253394497261,2.5296839072499098,0.004605328249222218,0.019182447753876324,-0.010854125444796348,0.0444639107977409,0.8505641814809708,0.012687211601637341
"Reno, NV",2016,0.04093642463151741,2.534289235499132,-0.05850007209273311,0.008328322309079976,0.011023438432787216,0.0474253394497261,0.815458958517211,0.014749588825343107
"Reno, NV",2017,0.04949576295997239,2.475789163406399,-0.10945160751966254,0.019351760741867192,0.005950994772085889,0.04093642463151741,0.79510245324439,0.008433147565806612
"Reno, NV",2018,0.009734164097642897,2.3663375558867363,-0.10062243346348154,0.02530275551395308,0.015551998986631784,0.04949576295997239,0.7740225055350393,0.005832326027712109
"Reno, NV",2019,0.0419169923953857,2.265715122423255,-0.04041519299488483,0.040854754500584865,0.001767836843328735,0.009734164097642897,0.7447260765045759,-0.00741104526078086
"Reno, NV",2020,0.0080866968245049,2.22529992942837,0.02225222042263031,0.0426225913439136,-0.007762714378773475,0.0419169923953857,0.7868107302533532,-0.001078415165662025
"Reno, NV",2021,-0.06071780550214481,2.2475521498510003,0.053446782108539814,0.034859876965140126,0.00949537148522061,0.0080866968245049,0.7547904722257714,-0.005844311636044132
"Reno, NV",2022,-0.0475037349615355,2.30099893195954,0.004422777643222187,0.044355248450360735,-0.015140945361088051,-0.06071780550214481,0.7874044317740054,-0.026988537895339018
"Reno, NV",2023,-0.0023536442793732,2.3054217096027623,-0.02858051473881451,0.029214303089272683,0.03644238193353462,-0.0475037349615355,0.7811910794585587,-0.025234807323386732
"Reno, NV",2024,0.015030676467418697,2.2768411948639478,-0.06434973061655747,0.0656566850228073,-0.019126489187903002,-0.0023536442793732,0.7686591823766151,-0.016233234801582647
"Richmond, VA",2007,0.0106312961621571,2.3593864749082005,-0.07092450535048789,0.00562941843889099,0.00368595916659409,-0.0166865884754028,0.7224872255799799,-0.0028888899069371005
"Richmond, VA",2008,-0.0389412154476581,2.2884619695577126,0.04415786368417951,0.00931537760548508,-0.0011894908519703117,0.0106312961621571,0.7369587773586748,0.0039908379269825295
"Richmond, VA",2009,-0.0274819720383215,2.332619833241892,0.09227757568538308,0.008125886753514769,0.01444888863599962,-0.0389412154476581,0.7565377753538117,-0.009163063681098704
"Richmond, VA",2010,-0.02467006343455839,2.4248974089272752,0.027119558078162243,0.022574775389514388,-0.018306855687573665,-0.0274819720383215,0.7854226461462706,-0.006274711540250909
"Richmond, VA",2011,-0.0071676485988975015,2.4520169670054375,-0.004957740478530148,0.004267919701940722,0.01790846701437595,-0.02467006343455839,0.7743378179752773,-0.00397305472471899
"Richmond, VA",2012,0.007497304463449499,2.4470592265269073,-0.0059110032849907235,0.022176386716316672,-0.01002866390649557,-0.0071676485988975015,0.7698436402337193,3.0874553006862704e-05
"Richmond, VA",2013,0.0089586641329393,2.4411482232419166,-0.00045077277606697663,0.012147722809821102,0.0025569789483206734,0.007497304463449499,0.7531597021661488,0.006380976806670102
"Richmond, VA",2014,0.028597921768333402,2.4406974504658496,0.024100917272988465,0.014704701758141776,0.005733870442762797,0.0089586641329393,0.7546303866540507,0.006701384643915939
"Richmond, VA",2015,0.005370356593810098,2.464798367738838,0.02152217874226059,0.020438572200904573,-0.0011846923502836677,0.028597921768333402,0.7722304811251993,0.011280457671657418
"Richmond, VA",2016,0.0204256505257301,2.4863205464810987,-0.051123780567036814,0.019253879850620905,0.0016140537675440846,0.005370356593810098,0.7609138560130392,0.0041478540245196704
"Richmond, VA",2017,0.0157189879574928,2.435196765914062,0.14678646824308528,0.02086793361816499,0.0023800824766153847,0.0204256505257301,0.8045844773579798,0.008756325074986734
"Richmond, VA",2018,0.016286048212385197,2.581983234157147,-0.0813359544970278,0.023248016094780374,0.013695973224959898,0.0157189879574928,0.7869110180319309,0.006406215213869734
"Richmond, VA",2019,0.0264539829187241,2.5006472796601193,-0.12537955199300566,0.03694398931974027,-0.014038758687359276,0.016286048212385197,0.7431131882066195,0.004737178256140923
"Richmond, VA",2020,0.029199153742268003,2.3752677276671137,-0.09684029639309655,0.022905230632380997,0.016799103662094726,0.0264539829187241,0.7338318262396155,0.003614226677919538
"Richmond, VA",2021,-0.0219975870374126,2.278427431274017,-0.041404605274731665,0.03970433429447572,-0.007734180441549436,0.029199153742268003,0.7236313419706887,0.001516253548208564
"Richmond, VA",2022,-0.016810822323348,2.2370228259992855,-0.026271958214961977,0.031970153852926286,-0.01031100550215686,-0.0219975870374126,0.7031400198035546,-0.010883566217376628
"Richmond, VA",2023,-0.002082016599905999,2.2107508677843235,0.03450047201623274,0.021659148350769427,0.03292217562994079,-0.016810822323348,0.7181173347894559,-0.011614005882334758
"Richmond, VA",2024,-0.014540980601608801,2.2452513398005562,-0.07670863809549244,0.054581323980710215,-0.02477859016633641,-0.002082016599905999,0.7177171471442143,-0.011031768332707428
"Riverside-San Bernardino-Ontario, CA",2007,-0.0268866966174555,3.054844011504966,0.07267471678399984,0.025340159910225837,-0.0005920529557204915,-0.0226943026724424,0.9688675936210605,0.008199881678490173
"Riverside-San Bernardino-Ontario, CA",2008,-0.0735600783522663,3.127518728288966,0.10701643353324641,0.024748106954505345,-0.013033346356151419,-0.0268866966174555,0.9913911740863681,0.01088124841462633
"Riverside-San Bernardino-Ontario, CA",2009,-0.02047053518103838,3.2345351618222122,0.029251766285461667,0.011714760598353927,0.0018107002569830218,-0.0735600783522663,0.9953179249668018,0.000887685926300355
"Riverside-San Bernardino-Ontario, CA",2010,-0.0150612265899949,3.263786928107674,0.12544785147872473,0.013525460855336948,-0.010413805819403191,-0.02047053518103838,1.0124550516883952,0.01986293254743693
"Riverside-San Bernardino-Ontario, CA",2011,0.0016697933148860991,3.3892347795863986,-0.06552086330258255,0.003111655035933757,-0.0032479354881252763,-0.0150612265899949,0.9943988920426561,0.02360994298343111
"Riverside-San Bernardino-Ontario, CA",2012,0.0129286361575756,3.323713916283816,0.07219485645247925,-0.00013628045219151946,0.0033490432334705236,0.0016697933148860991,1.0150708793511465,0.02835064883094969
"Riverside-San Bernardino-Ontario, CA",2013,0.0231196455347404,3.3959087727362953,-0.022512166641723397,0.0032127627812790042,-0.0024558143831629646,0.0129286361575756,0.9898323666187033,0.033619082117362184
"Riverside-San Bernardino-Ontario, CA",2014,0.0534387274478931,3.373396606094572,-0.005003744413677236,0.0007569483981160395,0.01923206152527666,0.0231196455347404,0.9857714867941022,0.03496268634809328
"Riverside-San Bernardino-Ontario, CA",2015,0.038309222538553206,3.3683928616808947,-0.12145439194343632,0.0199890099233927,-0.011318544646451194,0.0534387274478931,0.9627704683131145,0.04016331879163493
"Riverside-San Bernardino-Ontario, CA",2016,0.026334106225412404,3.2469384697374584,0.08616635723599408,0.008670465276941507,-0.003417394178257916,0.038309222538553206,0.9914234225203222,0.03650150983217923
"Riverside-San Bernardino-Ontario, CA",2017,0.025253212825313603,3.3331048269734525,-0.01942814103740842,0.005253071098683591,0.001585240950872294,0.026334106225412404,0.9964753172123526,0.03328373261135491
"Riverside-San Bernardino-Ontario, CA",2018,0.0286737411406994,3.313676685936044,0.0016517781907019469,0.006838312049555885,0.007838080935078602,0.025253212825313603,1.0029414310281461,0.03138204601701225
"Riverside-San Bernardino-Ontario, CA",2019,0.056808080404266395,3.315328464126746,-0.09519823456443399,0.014676392984634487,-0.0020600651803772407,0.0286737411406994,0.9728127190990192,0.03097341712243666
"Riverside-San Bernardino-Ontario, CA",2020,0.065547265669777,3.220130229562312,-0.021878968233179474,0.012616327804257246,-0.001305217901598047,0.056808080404266395,0.9943694107884568,0.03556671847680866
"Riverside-San Bernardino-Ontario, CA",2021,-0.028997236144868897,3.1982512613291325,-0.14872900054420235,0.011311109902659199,-0.005718810069352751,0.065547265669777,0.9280193121891435,0.03893567768860215
"Riverside-San Bernardino-Ontario, CA",2022,-0.02944769083933127,3.04952226078493,-0.029180052773683407,0.0055922998333064475,0.0071105265158489745,-0.028997236144868897,0.9339055944099619,0.0088662589425062
"Riverside-San Bernardino-Ontario, CA",2023,-0.0150245039738541,3.0203422080112468,0.02418419426107432,0.012702826349155422,0.005443576931629808,-0.02944769083933127,0.9327522467716216,0.008051404196316447
"Riverside-San Bernardino-Ontario, CA",2024,-0.01943446093603969,3.044526402272321,-0.07514632091133056,0.01814640328078523,0.00551961031838499,-0.0150245039738541,0.9067659356708403,0.010955181104559217
"Rochester, NY",2007,0.0079339927366364,2.101718162256279,-0.027966165286732014,0.0057495561004481275,-0.0017772988495023522,-0.0093187950047817,0.7064599294729548,-0.009450649537660394
"Rochester, NY",2008,-0.0566168266381559,2.073751996969547,0.08609589628411118,0.003972257250945775,-0.00041346389123550313,0.0079339927366364,0.7463584900126126,-0.005085893085541783
"Rochester, NY",2009,0.0018504999731254988,2.1598478932536582,-0.058303767258167216,0.003558793359710272,0.01104309654203987,-0.0566168266381559,0.7109955688474888,-0.022284672178961087
"Rochester, NY",2010,-0.02548438535110879,2.101544125995491,0.023406025849657563,0.014601889901750141,-0.010531082524953744,0.0018504999731254988,0.7294071502091466,-0.007451507699475973
"Rochester, NY",2011,-0.01181759273667932,2.1249501518451486,0.008678233122220824,0.004070807376796398,-0.0009174605291194316,-0.02548438535110879,0.7268949654996166,-0.013165188043590577
"Rochester, NY",2012,0.0001673916072283,2.1336283849673694,0.030300621830291696,0.0031533468476769664,0.0032559936434336453,-0.01181759273667932,0.7418541395137984,-0.00960419214295967
"Rochester, NY",2013,-0.005451531622832949,2.163929006797661,-0.02465704927258905,0.006409340491110612,0.002960905934201223,0.0001673916072283,0.7193731329350261,-0.005412358022606242
"Rochester, NY",2014,0.0246725405400057,2.139271957525072,0.00792328966121536,0.009370246425311835,0.01803747354977206,-0.005451531622832949,0.7258166348656085,-0.00950441531619544
"Rochester, NY",2015,0.006297126863680801,2.1471952471862874,0.05187534243000291,0.027407719975083893,-0.016827054625296094,0.0246725405400057,0.7493076910408044,-0.0015618075500108547
"Rochester, NY",2016,0.0090002708620243,2.1990705896162903,-0.03364980022844666,0.0105806653497878,0.01254597964169695,0.006297126863680801,0.727610261796842,-0.0047360478334516135
"Rochester, NY",2017,0.006673165411606799,2.1654207893878437,-0.05445006436835387,0.02312664499148475,-0.008675285920608778,0.0090002708620243,0.7149093458241723,-0.005773334002390586
"Rochester, NY",2018,0.0023282962975264,2.11097072501949,-0.03147790965789543,0.014451359070875972,-0.0046622445662051655,0.006673165411606799,0.7154920764737907,-0.0068495334328368684
"Rochester, NY",2019,0.0287244355969276,2.0794928153615944,-0.01733990903060567,0.009789114504670807,0.01761320472126907,0.0023282962975264,0.7190050067771293,-0.010408393034268854
"Rochester, NY",2020,-0.0005421334891776985,2.0621529063309887,-0.10258555354950882,0.027402319225939876,-0.0249939799017127,0.0287244355969276,0.6789091826351658,-0.0029775022121278014
"Rochester, NY",2021,-0.007560734850494397,1.9595673527814799,-0.01892639106937355,0.002408339324227175,0.012329710663222174,-0.0005421334891776985,0.6775141386481476,-0.011387382562842885
"Rochester, NY",2022,0.015898055374239002,1.9406409617121063,0.03374344526161899,0.01473804998744935,0.004379908878901629,-0.007560734850494397,0.6836152592650642,-0.014702310434837475
"Rochester, NY",2023,0.0147659496389503,1.9743844069737253,-0.008391201658119574,0.019117958866350978,-0.0016069494693538543,0.015898055374239002,0.6631089359000624,-0.006544215435152163
"Rochester, NY",2024,0.0076277684104443,1.9659932053156057,-0.08657778687930295,0.017511009396997124,-0.006844433606375532,0.0147659496389503,0.6549812319799808,-0.008465189712604057
"Sacramento--Roseville--Arden-Arcade, CA",2007,0.00186283870845914,2.535360395916015,-0.03140400663994036,0.012336749045609805,-0.005858501983050262,-0.017512874627408,0.8074136933285452,-0.0012749773127929964
"Sacramento--Roseville--Arden-Arcade, CA",2008,-0.073263522892767,2.5039563892760746,0.15488160086979308,0.006478247062559543,-0.0025263949769912964,0.00186283870845914,0.8390039520668093,0.007350220704832183
"Sacramento--Roseville--Arden-Arcade, CA",2009,-0.014125845950138122,2.6588379901458676,0.005651598477799169,0.0039518520855682466,-0.0036375769219487396,-0.073263522892767,0.8409609920248604,-0.011438099273094637
"Sacramento--Roseville--Arden-Arcade, CA",2010,-0.0190767495989971,2.664489588623667,0.020358816558095683,0.0003142751636195071,-0.0001807501826664529,-0.014125845950138122,0.849937580625026,0.005734200203329501
"Sacramento--Roseville--Arden-Arcade, CA",2011,-0.0050492371249676,2.6848484051817625,0.017776887057821433,0.00013352498095305418,0.002073269747870355,-0.0190767495989971,0.8548929953630652,0.0046029152080448305
"Sacramento--Roseville--Arden-Arcade, CA",2012,0.016368528240982096,2.702625292239584,0.05504704347857414,0.0022067947288234094,-0.0025202375059264143,-0.0050492371249676,0.8568821686721177,0.010508472360056836
"Sacramento--Roseville--Arden-Arcade, CA",2013,0.0290415048289165,2.757672335718158,-0.060973913084960696,-0.00031344277710300514,0.00032128130346005003,0.016368528240982096,0.8413686723641481,0.01670151433586356
"Sacramento--Roseville--Arden-Arcade, CA",2014,0.0765195569788475,2.6966984226331974,0.06245654120918109,7.838526357044876e-06,0.002672916474583571,0.0290415048289165,0.8699706402947093,0.019011228607132155
"Sacramento--Roseville--Arden-Arcade, CA",2015,0.05436963074334719,2.7591549638423785,-0.06079804713694825,0.0026807550009406156,0.000266445549411954,0.0765195569788475,0.8481362627909083,0.03265007361725
"Sacramento--Roseville--Arden-Arcade, CA",2016,0.04160424624745179,2.69835691670543,-0.03647961656880483,0.0029472005503525696,-0.0017468420016951785,0.05436963074334719,0.8490838990720264,0.02444020348361947
"Sacramento--Roseville--Arden-Arcade, CA",2017,0.0304624687888775,2.6618773001366254,0.0521952670430097,0.0012003585486573911,0.004342697450221542,0.04160424624745179,0.8650051556055494,0.020637277010337227
"Sacramento--Roseville--Arden-Arcade, CA",2018,0.025492693403101,2.714072567179635,-0.02694164965889323,0.0055430559988789325,0.00865627661700357,0.0304624687888775,0.8583026836908177,0.01650252331063265
"Sacramento--Roseville--Arden-Arcade, CA",2019,0.045412372677787805,2.687130917520742,-0.04695633850827852,0.014199332615882503,-0.0037256504142717545,0.025492693403101,0.8490319619859837,0.013325516615321983
"Sacramento--Roseville--Arden-Arcade, CA",2020,0.03448862638182801,2.6401745790124633,-0.016702718783971893,0.010473682201610749,0.0010397614814824686,0.045412372677787805,0.866988378586063,0.016627443006522635
"Sacramento--Roseville--Arden-Arcade, CA",2021,-0.0487875120985789,2.6234718602284914,-0.0752401372136493,0.011513443683093217,-0.006061247493655541,0.03448862638182801,0.821456074019605,0.015025797593147594
"Sacramento--Roseville--Arden-Arcade, CA",2022,-0.02877762217485499,2.548231723014842,-0.0070533152649039366,0.005452196189437677,0.01574806231406475,-0.0487875120985789,0.8180982877875529,-0.01016013857042769
"Sacramento--Roseville--Arden-Arcade, CA",2023,-0.0106067846543913,2.541178407749938,-0.03169510951709098,0.021200258503502427,0.0007237276758029001,-0.02877762217485499,0.8146543957781951,-0.007166366494089742
"Sacramento--Roseville--Arden-Arcade, CA",2024,-0.03235319399639964,2.509483298232847,0.031150489317950836,0.021923986179305327,0.002063656981369174,-0.0106067846543913,0.8215727568118337,-0.002179111907397391
"Salt Lake City, UT",2007,0.0373664939148712,2.659117287242385,0.04121197978468283,0.011360505288145651,-0.005262049811062012,0.049131594648662597,0.8465149019109109,0.022663936951742694
"Salt Lake City, UT",2008,-0.0653332403894005,2.700329267027068,0.015619476485233097,0.006098455477083639,0.012210992948178817,0.0373664939148712,0.8483499574093919,0.01969702650424697
"Salt Lake City, UT",2009,-0.027136471852235798,2.715948743512301,-0.15107526576276564,0.018309448425262456,0.018141959924605607,-0.0653332403894005,0.8160303201296331,-0.014612884532318793
"Salt Lake City, UT",2010,-0.0163381946370177,2.5648734777495354,0.1539917808885547,0.03645140834986806,-0.004854179274891256,-0.027136471852235798,0.8536023320390363,-0.0050554540008104915
"Salt Lake City, UT",2011,0.005943198613476797,2.71886525863809,-0.058587647682523336,0.03159722907497681,-0.0283257540414968,-0.0163381946370177,0.8292731803140367,0.0029535633593189142
"Salt Lake City, UT",2012,0.010357917630735401,2.660277610955567,0.053226465364365705,0.0032714750334800076,0.009790823549689649,0.005943198613476797,0.8370592280209079,0.011964583818297916
"Salt Lake City, UT",2013,0.010953734039054898,2.7135040763199325,0.10561813323000635,0.013062298583169657,0.024132295400943582,0.010357917630735401,0.8486307914663952,0.013278412028182363
"Salt Lake City, UT",2014,0.030842792878057503,2.819122209549939,-0.05426085335158515,0.03719459398411324,-0.006578645379706868,0.010953734039054898,0.8517814249004332,0.010524939665450983
"Salt Lake City, UT",2015,0.0154452235294209,2.7648613561983537,0.0122010149515277,0.030615948604406373,0.022440100982661543,0.030842792878057503,0.8665159294223259,0.013401800540469952
"Salt Lake City, UT",2016,0.0050920762604885,2.7770623711498814,-0.06116737947186657,0.053056049587067916,-0.023525264663486766,0.0154452235294209,0.8511924238759823,0.008017368981606168
"Salt Lake City, UT",2017,0.0133478742101345,2.715894991678015,-0.05748434724169238,0.02953078492358115,0.02963956330926708,0.0050920762604885,0.8371753020147377,0.003501753159198151
"Salt Lake City, UT",2018,0.005309426331257798,2.6584106444363225,-0.00019477221824759638,0.05917034823284823,0.006570094330522976,0.0133478742101345,0.8621001282466171,-0.0008009595717385493
"Salt Lake City, UT",2019,0.011784819766148598,2.658215872218075,-0.19801524347129185,0.06574044256337121,-0.005968938347422549,0.005309426331257798,0.8031912287749483,-0.0050866709398846854
"Salt Lake City, UT",2020,0.06040430869765501,2.460200628746783,-0.21357734482542634,0.05977150421594866,-0.014368799605075908,0.011784819766148598,0.7308764944730144,-0.004914055992952693
"Salt Lake City, UT",2021,-0.019089826596109395,2.2466232839213567,0.036209715125103514,0.04540270461087275,0.013262680603943602,0.06040430869765501,0.7493006449607584,0.006371498269774206
"Salt Lake City, UT",2022,-0.0440807016793747,2.28283299904646,0.04543000717834156,0.05866538521481635,-0.0032018395227181584,-0.019089826596109395,0.752269953229134,-0.015569131252381324
"Salt Lake City, UT",2023,-0.0402121481500392,2.3282630062248018,-0.004400333952408797,0.055463545692098194,0.005768060417114446,-0.0440807016793747,0.750100410975021,-0.022232044970443385
"Salt Lake City, UT",2024,-0.0506221652346849,2.323862672272393,-0.09960777066571325,0.06123160610921264,-0.00534016890082728,-0.0402121481500392,0.7324151656250062,-0.02327088617451052
"San Antonio-New Braunfels, TX",2007,0.0137601376815128,2.5859623671971668,-0.1043685725582284,0.027309694339955566,0.0008744944082292455,-0.015031997064050697,0.8281054854455543,-0.006058486100622387
"San Antonio-New Braunfels, TX",2008,-0.0485431204582987,2.4815937946389384,0.1121517242177128,0.02818418874818481,-0.006338422741624248,0.0137601376815128,0.8568851235852147,0.0027291129695812405
"San Antonio-New Braunfels, TX",2009,-0.0040475938315916,2.593745518856651,0.1057703735255191,0.021845766006560564,0.009713313452171874,-0.0485431204582987,0.8882853203761173,-0.012763747203756767
"San Antonio-New Braunfels, TX",2010,-0.014056453397887199,2.6995158923821703,-0.07426720427691347,0.03155907945873244,-0.020458373508581165,-0.0040475938315916,0.8525780936053914,0.0023353020961005277
"San Antonio-New Braunfels, TX",2011,0.004989615566682801,2.625248688105257,-0.033047343208408186,0.011100705950151274,0.00345461924701888,-0.014056453397887199,0.8464195153195522,-6.908566535490657e-05
"San Antonio-New Braunfels, TX",2012,0.005962659949127201,2.5922013448968486,0.06724882451873748,0.014555325197170154,0.01098468772381521,0.004989615566682801,0.8540056965710419,0.005238588301872404
"San Antonio-New Braunfels, TX",2013,0.0128634798961744,2.659450169415586,-0.015982443308825367,0.025540012920985365,0.007395943420042156,0.005962659949127201,0.8671408938827797,0.002798347213271074
"San Antonio-New Braunfels, TX",2014,0.0295810780321617,2.6434677261067607,0.07501172157595937,0.03293595634102752,0.010205951899554248,0.0128634798961744,0.8970791703806191,0.0028844985739751444
"San Antonio-New Braunfels, TX",2015,-0.004872666220583001,2.71847944768272,0.042373138297852275,0.04314190824058177,-0.00013833043441879161,0.0295810780321617,0.9082279403429793,0.007925209594949495
"San Antonio-New Braunfels, TX",2016,-0.01191466091956568,2.7608525859805724,0.04345358130981314,0.04300357780616298,-0.008365555798680924,-0.004872666220583001,0.9190915667404695,9.673441241947467e-06
"San Antonio-New Braunfels, TX",2017,0.010614267364994,2.8043061672903855,-0.07829795124335437,0.034638022007482054,0.005447720376698002,-0.01191466091956568,0.9139409573800974,-0.0032838765665128555
"San Antonio-New Braunfels, TX",2018,0.0138290143695831,2.726008216047031,-0.027499233053178695,0.040085742384180056,-0.010881471018860552,0.010614267364994,0.8990812914566414,0.002841020006526432
"San Antonio-New Braunfels, TX",2019,0.0016453190438594986,2.6985089829938524,0.09390097860416757,0.029204271365319504,-0.003001692366991892,0.0138290143695831,0.9406495825278158,0.004591393461180093
"San Antonio-New Braunfels, TX",2020,0.040144488772823006,2.79240996159802,-0.32586827328746226,0.026202578998327612,0.017815025899307738,0.0016453190438594986,0.853885998910984,-0.002842279503495415
"San Antonio-New Braunfels, TX",2021,-0.0350506242636127,2.4665416883105578,-0.03189702195020505,0.04401760489763535,-0.02237447267683946,0.040144488772823006,0.8044752914406952,0.007271375013689449
"San Antonio-New Braunfels, TX",2022,-0.0496839517954845,2.4346446663603527,-0.09566026035119801,0.02164313222079589,0.011101320321108464,-0.0350506242636127,0.792392122416365,-0.015206841601083335
"San Antonio-New Braunfels, TX",2023,-0.0543496835060244,2.3389844060091547,0.04245680618215886,0.032744452541904355,-0.001213403291369021,-0.0496839517954845,0.8006038918555287,-0.020846092807228316
"San Antonio-New Braunfels, TX",2024,-0.0549630709308386,2.3814412121913136,-0.021901241847992914,0.031531049250535334,0.030589455186643556,-0.0543496835060244,0.7806467582556043,-0.02331426216147192
"San Diego-Carlsbad, CA",2007,0.0040417190945136496,2.6582672796809415,0.00346140997273503,0.0037273625861626017,0.002155271063716579,-0.016852283799943,0.8973515697218615,-0.0008027437125901343
"San Diego-Carlsbad, CA",2008,-0.051646244436079,2.6617286896536765,0.03028850496232005,0.005882633649879181,-0.0007805268204741393,0.0040417190945136496,0.909570535979495,0.004996456024447163
"San Diego-Carlsbad, CA",2009,-0.014859991266666279,2.6920171946159965,0.06383857884803934,0.0051021068294050415,0.0027203160191068537,-0.051646244436079,0.9415531332179893,-0.011081454580145561
"San Diego-Carlsbad, CA",2010,-0.0169007488623433,2.755855773464036,0.06236890076450852,0.007822422848511895,-0.006583444856337467,-0.014859991266666279,0.94288132721555,0.0024214190232940275
"San Diego-Carlsbad, CA",2011,0.007471856586289398,2.8182246742285444,0.04879457370627893,0.0012389779921744277,0.00817155602267491,-0.0169007488623433,0.955556126516154,0.0031900608353538223
"San Diego-Carlsbad, CA",2012,0.0176524048388634,2.8670192479348233,-0.02717973781788885,0.009410534014849339,-0.002480570876355394,0.007471856586289398,0.9407677163413344,0.010320952594816121
"San Diego-Carlsbad, CA",2013,0.0275453760909901,2.8398395101169345,0.032577511109761925,0.0069299631384939445,-0.0008886276853937855,0.0176524048388634,0.9560709344147442,0.013053766394038824
"San Diego-Carlsbad, CA",2014,0.0538977204655666,2.8724170212266964,-0.003069809262850054,0.006041335453100159,0.010468412367779473,0.0275453760909901,0.9469319701693757,0.01607915656788006
"San Diego-Carlsbad, CA",2015,0.0188411795390472,2.8693472119638463,0.028055728534805535,0.016509747820879633,-0.001139545639513703,0.0538977204655666,0.9688870760881347,0.02156605313908523
"San Diego-Carlsbad, CA",2016,0.014327935177724797,2.897402940498652,-0.0033259809073347135,0.01537020218136593,-0.007992819439848309,0.0188411795390472,0.9675708015038825,0.01280815368666055
"San Diego-Carlsbad, CA",2017,0.016386749968782397,2.894076959591317,-0.06985647290710872,0.007377382741517622,0.005553479342618975,0.014327935177724797,0.9443764926270684,0.01143454331970023
"San Diego-Carlsbad, CA",2018,0.013286459365224795,2.8242204866842084,-0.016316132561846164,0.012930862084136597,0.006014469696084919,0.016386749968782397,0.9534169246226486,0.008709124142962751
"San Diego-Carlsbad, CA",2019,0.0099023896001425,2.8079043541223623,-0.04867677765105194,0.018945331780221515,-0.0025882268444137532,0.013286459365224795,0.9367135093744018,0.006947090366701852
"San Diego-Carlsbad, CA",2020,0.042514496108963004,2.7592275764713103,-0.1017455633939619,0.016357104935807762,-0.00709579805826748,0.0099023896001425,0.9036466133573507,0.005622754531533894
"San Diego-Carlsbad, CA",2021,-0.010441364002553896,2.6574820130773484,-0.002894503439723195,0.009261306877540282,0.00928400617142403,0.042514496108963004,0.9166233882051766,0.012392048994041033
"San Diego-Carlsbad, CA",2022,-0.0169355767075081,2.6545875096376252,-0.09894495458796326,0.018545313048964313,-0.004643854656904612,-0.010441364002553896,0.8719806003189182,-0.0028681457532714755
"San Diego-Carlsbad, CA",2023,-0.01890466669721651,2.555642555049662,-0.049700717726354426,0.013901458392059701,0.001982357820992686,-0.0169355767075081,0.8585753249856382,-0.006135838759104242
"San Diego-Carlsbad, CA",2024,-0.0293758183567971,2.5059418373233076,0.0456941535524531,0.015883816213052387,0.0010191949283869968,-0.01890466669721651,0.8771518568207662,-0.007600431158710966
"San Francisco-Oakland-Hayward, CA",2007,0.0329203375919151,2.3639455782312924,0.03148318854912624,0.0006769651330720033,0.004664219978616108,0.0271388590839539,0.8798607965629667,0.0008403177605030426
"San Francisco-Oakland-Hayward, CA",2008,-0.0939805141683159,2.3954287667804186,0.04497125751375419,0.005341185111688111,-0.0024508635233570636,0.0329203375919151,0.879173624375007,0.004164936101228367
"San Francisco-Oakland-Hayward, CA",2009,0.028583734497852297,2.440400024294173,0.08453521777524298,0.0028903215883310475,0.0021260054378497064,-0.0939805141683159,0.9052900873288542,-0.03046316665759688
"San Francisco-Oakland-Hayward, CA",2010,0.0026027710079974987,2.5249352420694158,-0.03675809651791839,0.005016327026180754,-0.0020342702335767633,0.028583734497852297,0.8858220375770989,0.005597560150245887
"San Francisco-Oakland-Hayward, CA",2011,0.024561694748354,2.4881771455514974,-0.023496073330496525,0.0029820567926039905,-0.0031405424306354722,0.0026027710079974987,0.8744123925310086,-0.0015413567442751075
"San Francisco-Oakland-Hayward, CA",2012,0.025985406124654796,2.464681072221001,0.05669680194739035,-0.00015848563803148158,0.0013441461206650427,0.024561694748354,0.899244653301417,0.004467493787614324
"San Francisco-Oakland-Hayward, CA",2013,0.0377172328221664,2.521377874168391,-0.007017111131746301,0.0011856604826335612,0.015868897637755282,0.025985406124654796,0.8931859046593091,0.004261723141279372
"San Francisco-Oakland-Hayward, CA",2014,0.0522892108952065,2.514360763036645,0.03786916784230465,0.017054558120388842,-0.0005101428723782823,0.0377172328221664,0.8972513830676312,0.0067617111533549434
"San Francisco-Oakland-Hayward, CA",2015,-0.02135459241963172,2.5522299308789496,-0.01609466085651956,0.01654441524801056,-0.0022600135451530667,0.0522892108952065,0.9183693209376029,0.009262390124918696
"San Francisco-Oakland-Hayward, CA",2016,-0.004881606202680602,2.53613527002243,0.02777801400481339,0.014284401702857493,0.006472058647290769,-0.02135459241963172,0.9265362534063766,-0.011854287624177978
"San Francisco-Oakland-Hayward, CA",2017,0.0157190252103958,2.5639132840272434,0.011757758107034277,0.020756460350148262,0.0016190602859744198,-0.004881606202680602,0.9283236199899102,-0.007456669248526476
"San Francisco-Oakland-Hayward, CA",2018,-0.0079947969752192,2.5756710421342777,-0.027903000937772315,0.022375520636122682,-0.008174624833893593,0.0157190252103958,0.9323242738355952,-0.002226589333246251
"San Francisco-Oakland-Hayward, CA",2019,-0.1030956843204651,2.5477680411965054,-0.017814252220954785,0.014200895802229089,-0.0024526360738255735,-0.0079947969752192,0.9198617090516084,-0.0077207182416514225
"San Francisco-Oakland-Hayward, CA",2020,0.0013505225986977093,2.5299537889755506,-0.058972024132399437,0.011748259728403515,0.004352665722337803,-0.1030956843204651,0.8963490140915924,-0.0350251575810858
"San Francisco-Oakland-Hayward, CA",2021,-0.048561409329204094,2.470981764843151,-0.05125216517010989,0.016100925450741318,-0.0008656528808921714,0.0013505225986977093,0.8754264144175771,-0.006542150534961044
"San Francisco-Oakland-Hayward, CA",2022,-0.040167150576051,2.4197295996730412,-0.07296278513205179,0.015235272569849146,-0.0034650354703679546,-0.048561409329204094,0.854378232008338,-0.021615777311928423
"San Francisco-Oakland-Hayward, CA",2023,0.005142291726934398,2.3467668145409895,-0.04388622097954453,0.011770237099481192,-0.005199821261320908,-0.040167150576051,0.8367718668046977,-0.019289174817777435
"San Francisco-Oakland-Hayward, CA",2024,0.0346065517199039,2.302880593561445,0.011217054458885212,0.006570415838160284,0.008417130326917445,0.005142291726934398,0.8427016633289416,-0.007279130556267069
"San Jose-Sunnyvale-Santa Clara, CA",2007,0.009502414923756121,2.701944096932128,0.07458427153535618,0.011982955279128826,-0.00565411054848752,0.036465525677505495,0.956115306895108,0.012850129722674228
"San Jose-Sunnyvale-Santa Clara, CA",2008,-0.1112206361289558,2.776528368467484,0.01962400379136131,0.006328844730641306,-0.002068525713895886,0.009502414923756121,0.9451796996781955,0.008512094210817153
"San Jose-Sunnyvale-Santa Clara, CA",2009,0.031155853733844798,2.7961523722588453,-0.02068556301314306,0.00426031901674542,-0.0047905997288366624,-0.1112206361289558,0.9543626970557081,-0.026277482702642185
"San Jose-Sunnyvale-Santa Clara, CA",2010,0.0084539913475342,2.775466809245702,0.0925460032150438,-0.0005302807120912419,0.004631609643724531,0.031155853733844798,0.9609153679226672,0.016535534675163
"San Jose-Sunnyvale-Santa Clara, CA",2011,0.027114870883178696,2.868012812460746,-0.03883163045365645,0.004101328931633289,-0.0017696814297671324,0.0084539913475342,0.9751209262277599,0.00833195337333939
"San Jose-Sunnyvale-Santa Clara, CA",2012,0.038400871092144,2.8291811820070896,0.05601446984177194,0.0023316475018661568,0.027616389014823245,0.027114870883178696,0.9629293244339093,0.013839110232696766
"San Jose-Sunnyvale-Santa Clara, CA",2013,0.0470827616441116,2.8851956518488615,0.009666194817903317,0.0299480365166894,-0.014901646187976143,0.038400871092144,0.971680327006374,0.01559866975163976
"San Jose-Sunnyvale-Santa Clara, CA",2014,0.0588318264876862,2.894861846666765,-0.01892957829144626,0.015046390328713258,0.028223071324266623,0.0470827616441116,0.9590719198207968,0.017709940432846114
"San Jose-Sunnyvale-Santa Clara, CA",2015,-0.02624442662618303,2.8759322683753186,0.02995739886245863,0.04326946165297988,-0.011116082901368757,0.0588318264876862,0.9876896010300438,0.01731368398142684
"San Jose-Sunnyvale-Santa Clara, CA",2016,0.009946977022927302,2.905889667237777,-0.034081790586241834,0.032153378751611124,-0.0010759639524882195,-0.02624442662618303,0.9875938435164813,-0.0062696055244811505
"San Jose-Sunnyvale-Santa Clara, CA",2017,0.0207749743023071,2.8718078766515354,0.05468985295151141,0.031077414799122904,-0.018764487667429372,0.009946977022927302,0.9972596722587987,0.006421847032306527
"San Jose-Sunnyvale-Santa Clara, CA",2018,0.0027767188039779997,2.9264977296030468,-0.09690315709450115,0.012312927131693532,0.018572106765645954,0.0207749743023071,0.9838228982160453,0.008357649557180394
"San Jose-Sunnyvale-Santa Clara, CA",2019,-0.0954720863409195,2.8295945725085456,-0.04309633342658481,0.030885033897339487,-0.010769118699185287,0.0027767188039779997,0.9789633725960101,-5.000944866921653e-05
"San Jose-Sunnyvale-Santa Clara, CA",2020,0.005294576844646501,2.786498239081961,-0.09379214576135997,0.0201159151981542,0.0023052450681097757,-0.0954720863409195,0.9335898602370662,-0.026802012821916604
"San Jose-Sunnyvale-Santa Clara, CA",2021,-0.0084777411344929,2.692706093320601,-0.011751343747573806,0.022421160266263975,-0.0032734360040905,0.005294576844646501,0.9316289318743057,0.00041270309264962446
"San Jose-Sunnyvale-Santa Clara, CA",2022,-0.02902081331649017,2.680954749573027,-0.07334454292721215,0.019147724262173475,-0.0015490240184691702,-0.0084777411344929,0.9221274765374444,-0.004847076972245609
"San Jose-Sunnyvale-Santa Clara, CA",2023,0.006443613859283399,2.607610206645815,0.004014394589618497,0.017598700243704305,-0.013907367212660067,-0.02902081331649017,0.916196623965456,-0.009497805577198579
"San Jose-Sunnyvale-Santa Clara, CA",2024,0.009988324685096698,2.6116246012354334,-0.018405917141388173,0.0036913330310442386,0.020570411294838137,0.006443613859283399,0.9010792160162306,0.000934019836184366
"Santa Rosa, CA",2007,0.00700230368658781,2.612130044495434,-0.0876690954135455,0.004973164606824561,0.014429089190333696,0.004496313681903799,0.8138139559092823,0.005699523992795455
"Santa Rosa, CA",2008,-0.079819884806448,2.5244609490818886,-0.05810767751180945,0.019402253797158257,-0.01714329003670454,0.00700230368658781,0.8070812460355911,0.0038753359924999925
"Santa Rosa, CA",2009,-0.0018605513344932007,2.466353271570079,0.08375762101057971,0.0022589637604537153,0.0011458221216735565,-0.079819884806448,0.8423797850968539,-0.01974350388652464
"Santa Rosa, CA",2010,-0.0171542399659925,2.550110892580659,0.09341678524388675,0.003404785882127272,-0.0036437459280076008,-0.0018605513344932007,0.8789274094218094,0.0036584442393181593
"Santa Rosa, CA",2011,0.0162902576100349,2.6435276778245456,0.08407069019979563,-0.0002389600458803288,0.0002389600458803288,-0.0171542399659925,0.8893994876975251,0.0028281897310352827
"Santa Rosa, CA",2012,0.040081744426551796,2.727598368024341,-0.04850516229806345,0.0,0.00038242745829150535,0.0162902576100349,0.8778320376656082,0.012562401969438405
"Santa Rosa, CA",2013,0.0495800770509109,2.6790932057262777,-0.10901667511403268,0.00038242745829150535,0.00019099443686785813,0.040081744426551796,0.8306427676274653,0.018906553735041617
"Santa Rosa, CA",2014,0.0655363879000206,2.570076530612245,-0.017607240689144987,0.0005734218951593635,0.01805210941006056,0.0495800770509109,0.8278088852720522,0.018293538889756808
"Santa Rosa, CA",2015,0.022535881478868498,2.5524692899231,0.15078822492504695,0.018625531305219923,-0.0063417861694892285,0.0655363879000206,0.8780252550354227,0.02211760050985831
"Santa Rosa, CA",2016,0.0347397096938305,2.703257514848147,-0.08870772024395013,0.012283745135730694,-0.0005195841427243497,0.022535881478868498,0.8578766421529564,0.011148979308862314
"Santa Rosa, CA",2017,-0.0098251990965452,2.614549794604197,0.10655217280547102,0.011764160993006345,-0.017348963007197234,0.0347397096938305,0.9073636578406964,0.0146168031874334
"Santa Rosa, CA",2018,-0.008100093236827902,2.721101967409668,-0.10994999472062128,-0.0055848020141908905,0.010004081119286872,-0.0098251990965452,0.8721349012482444,0.0034895025684340553
"Santa Rosa, CA",2019,0.004503784581288299,2.6111519726890466,-0.058376465937052036,0.004419279105095981,0.015150820349507804,-0.008100093236827902,0.853616459663925,-0.00022771548728088564
"Santa Rosa, CA",2020,-0.0018254587440947878,2.5527755067519946,-0.18587429879657114,0.019570099454603786,0.010277963118443055,0.004503784581288299,0.8182610692675794,-0.0033291006089957165
"Santa Rosa, CA",2021,-0.0410149462792559,2.3669012079554235,0.14397191289337696,0.02984806257304684,-0.027185469818791056,-0.0018254587440947878,0.8165944318271174,-0.0009742620225462184
"Santa Rosa, CA",2022,-0.013013563141610101,2.5108731208488004,-0.14508694704005531,0.0026625927542557833,0.013488206079055784,-0.0410149462792559,0.7918367905548738,-0.011453331494386057
"Santa Rosa, CA",2023,-0.02944005960745859,2.365786173808745,-0.010075957381411094,0.016150798833311567,0.017265360878795363,-0.013013563141610101,0.7985645170924005,-0.00919724422011748
"Santa Rosa, CA",2024,-0.027241990351043643,2.355710216427334,0.06831779113588965,0.03341615971210693,-0.015507196939534174,-0.02944005960745859,0.7986110435180409,-0.012140833200442867
"Seattle-Tacoma-Bellevue, WA",2007,0.026720554877667398,2.1735361892685474,0.015516870056905052,0.014504431909750202,-0.004222462092434872,0.025889933159652698,0.7614991469464544,-0.0008338119519900877
"Seattle-Tacoma-Bellevue, WA",2008,-0.111667805075222,2.1890530593254525,-0.006836050480104827,0.01028196981731533,0.003456831781810419,0.026720554877667398,0.7500349364994187,0.00047765844022687465
"Seattle-Tacoma-Bellevue, WA",2009,0.0120410949145031,2.1822170088453476,0.06157744284684563,0.01373880159912575,0.005157291217799691,-0.111667805075222,0.7630836251060568,-0.03862736645700283
"Seattle-Tacoma-Bellevue, WA",2010,-0.0096248964876108,2.2437944516921933,0.009660779222038673,0.01889609281692544,-0.009138027380038887,0.0120410949145031,0.7611090490163808,-0.0021031134164674406
"Seattle-Tacoma-Bellevue, WA",2011,0.0106056285273552,2.253455230914232,0.05994975175450712,0.009758065436886553,-0.005325698605765005,-0.0096248964876108,0.77886212714379,-0.006089488583129174
"Seattle-Tacoma-Bellevue, WA",2012,0.0181973105014,2.313404982668739,0.00260225390506319,0.0044323668311215475,0.012239490638193306,0.0106056285273552,0.781878370337933,-0.000311815192533052
"Seattle-Tacoma-Bellevue, WA",2013,0.0230982735442982,2.3160072365738023,0.06509252341251281,0.016671857469314853,0.007215350030500604,0.0181973105014,0.7970791190484202,0.0008340287761399168
"Seattle-Tacoma-Bellevue, WA",2014,0.056133092085029604,2.381099759986315,-0.034315076703721026,0.023887207499815457,0.01268294808105343,0.0230982735442982,0.7982127077810567,-0.00019179307953674785
"Seattle-Tacoma-Bellevue, WA",2015,0.023017803658329002,2.346784683282594,0.009489441596672421,0.03657015558086889,0.00344625855615438,0.056133092085029604,0.8020741655118797,0.007053701167056239
"Seattle-Tacoma-Bellevue, WA",2016,0.005189188990633999,2.3562741248792665,-0.03924466036047525,0.04001641413702327,-0.0063145978033956815,0.023017803658329002,0.8102274079125751,-0.004063991567387376
"Seattle-Tacoma-Bellevue, WA",2017,0.012016235665336602,2.317029464518791,-0.014408714383874699,0.033701816333627586,-0.0023215166017882746,0.005189188990633999,0.8073074771737421,-0.00893318810290513
"Seattle-Tacoma-Bellevue, WA",2018,0.023549310037231395,2.3026207501349165,0.017435786049053714,0.03138029973183931,0.0022442941134267133,0.012016235665336602,0.8043418631463751,-0.006268412339795672
"Seattle-Tacoma-Bellevue, WA",2019,-0.0315620490617905,2.3200565361839702,-0.06762964721534193,0.033624593845266025,0.0027566966437118715,0.023549310037231395,0.8006371657228756,-0.005293320224679203
"Seattle-Tacoma-Bellevue, WA",2020,0.025450431367828402,2.2524268889686283,-0.07963671672404216,0.036381290488977897,-0.012847745379112721,-0.0315620490617905,0.7749532662221285,-0.021434761018249954
"Seattle-Tacoma-Bellevue, WA",2021,-0.0383990083161278,2.172790172244586,0.020471379045722493,0.023533545109865175,0.008240546476636842,0.025450431367828402,0.7864680077231263,-0.00583932252460035
"Seattle-Tacoma-Bellevue, WA",2022,-0.0197187746171017,2.1932615512903086,-0.052693695206489366,0.03177409158650202,-0.0010783075437630178,-0.0383990083161278,0.7665151509285892,-0.02460724715159268
"Seattle-Tacoma-Bellevue, WA",2023,-0.012345167157781601,2.1405678560838193,-0.018275106054518542,0.030695784042739,-0.007797402503466378,-0.0197187746171017,0.7659053924394984,-0.019712246492282468
"Seattle-Tacoma-Bellevue, WA",2024,-0.0198294939789176,2.1222927500293007,-0.010462631742578221,0.022898381539272622,0.014938930378599717,-0.012345167157781601,0.7738298354860178,-0.01934837012738396
"Shreveport-Bossier City, LA",2007,-0.0134310952083778,2.4764160776213306,-0.008471470449380458,0.02967741935483871,-0.01290471837161141,-0.014185406217273697,0.7695213493225825,-0.0018916157451084187
"Shreveport-Bossier City, LA",2008,-0.0601119927163658,2.46794460717195,-0.024651664995079425,0.0167727009832273,-0.01136883295137292,-0.0134310952083778,0.785366520320481,-0.0015378742680291074
"Shreveport-Bossier City, LA",2009,-0.007274773701601031,2.4432929421768708,-0.19346573731095962,0.00540386803185438,0.029249597314680277,-0.0601119927163658,0.7259862276617692,-0.018035817144376826
"Shreveport-Bossier City, LA",2010,-0.018658975055831,2.249827204865911,0.272251599481915,0.034653465346534656,-0.01432992923352486,-0.007274773701601031,0.8041937213319831,-0.004590461186734673
"Shreveport-Bossier City, LA",2011,-0.009749081060636041,2.522078804347826,0.015064052795030758,0.020323536113009796,-0.020323536113009796,-0.018658975055831,0.812322359734127,-0.0013334583046578363
"Shreveport-Bossier City, LA",2012,-0.0008056924029555008,2.537142857142857,0.00793727239297315,0.0,0.0,-0.009749081060636041,0.8032706973818696,0.004638082614917216
"Shreveport-Bossier City, LA",2013,-0.00215606776372933,2.54508012953583,0.03827925903460594,0.0,0.021347862980661873,-0.0008056924029555008,0.8326325866789087,0.004195937695124663
"Shreveport-Bossier City, LA",2014,0.0039578337987323,2.583359388570436,0.04337971733164192,0.021347862980661873,-0.00018384181664071048,-0.00215606776372933,0.7879010614376557,0.007220348034307267
"Shreveport-Bossier City, LA",2015,-0.012747363667406081,2.626739105902078,-0.12001628327016434,0.021164021164021163,-0.007033074390587342,0.0039578337987323,0.7890489769373156,0.00590137993902258
"Shreveport-Bossier City, LA",2016,-0.0021991028898544,2.5067228226319136,-0.03358977542161323,0.01413094677343382,-0.011090791387714106,-0.012747363667406081,0.7563107027800978,0.00310352430631812
"Shreveport-Bossier City, LA",2017,0.0028491642334614008,2.4731330472103004,0.030347664817234055,0.0030401553857197145,-0.004387240209967241,-0.0021991028898544,0.7672932259049946,0.007408408513476475
"Shreveport-Bossier City, LA",2018,-0.0041470982941628,2.5034807120275344,-0.08323473284115801,-0.001347084824247527,0.001347084824247527,0.0028491642334614008,0.748620953700136,0.008284702755503554
"Shreveport-Bossier City, LA",2019,0.03628536301778219,2.4202459791863764,-0.022079930340134002,0.0,0.0030350292964633476,-0.0041470982941628,0.7475383552176917,0.004218949509863026
"Shreveport-Bossier City, LA",2020,0.01026470269866181,2.3981660488462424,-0.05028358721801496,0.0030350292964633476,-0.0030350292964633476,0.03628536301778219,0.7692127970264171,0.011783329959045477
"Shreveport-Bossier City, LA",2021,-0.0230053898218555,2.3478824616282274,0.014175436824818366,0.0,-0.006808152973313722,0.01026470269866181,0.7361614019645107,0.008030997266504386
"Shreveport-Bossier City, LA",2022,-0.005194797203328102,2.362057898453046,-0.1164908352536358,-0.006808152973313722,0.018740620285969754,-0.0230053898218555,0.7173990985453801,-0.004558102396616262
"Shreveport-Bossier City, LA",2023,0.0167274416409607,2.24556706319941,-0.014776774561840789,0.011932467312656032,-0.010594394973120175,-0.005194797203328102,0.6931394699768746,-0.00047995559604945004
"Shreveport-Bossier City, LA",2024,-0.0029273014831543015,2.2307902886375692,-0.022634607366105897,0.001338072339535856,0.008517024332281072,0.0167274416409607,0.7140037014188773,0.0034131783409952487
"Spokane-Spokane Valley, WA",2007,0.00910459676071882,2.0762478259442787,0.08512925850972897,0.029599579295319662,-0.02544051326102561,0.011741533925834699,0.7157802681868238,-0.004203484769027835
"Spokane-Spokane Valley, WA",2008,-0.0988640493746338,2.1613770844540077,-0.015571105645494576,0.004159066034294053,0.029956614826046012,0.00910459676071882,0.7139062015858261,-0.004182835888390496
"Spokane-Spokane Valley, WA",2009,-0.00439381393002748,2.145805978808513,0.02762011995272884,0.034115680860340065,0.01682764907677127,-0.0988640493746338,0.6662788773024994,-0.03475826444151524
"Spokane-Spokane Valley, WA",2010,-0.0193716044634752,2.173426098761242,0.08309791718150361,0.050943329937111335,-0.04940553700427277,-0.00439381393002748,0.7238473419221778,-0.007129092454121806
"Spokane-Spokane Valley, WA",2011,-0.0068171909827471015,2.2565240159427455,-0.05510365644276094,0.0015377929328385651,-0.0008702139081715202,-0.0193716044634752,0.7194272849709518,-0.006395355885677238
"Spokane-Spokane Valley, WA",2012,0.007692159497800799,2.2014203594999846,0.059610071352681704,0.000667579024667045,0.012474954081840845,-0.0068171909827471015,0.7162562516702936,-0.0022021591949734007
"Spokane-Spokane Valley, WA",2013,0.0118740278917418,2.2610304308526663,0.052788501903910934,0.013142533106507889,0.023040919301881138,0.007692159497800799,0.7309405615730841,-0.00022708386636492717
"Spokane-Spokane Valley, WA",2014,0.0271603583191891,2.3138189327565772,0.11720780144400811,0.03618345240838903,-0.017595501213676267,0.0118740278917418,0.7512405317958997,0.002939643759397023
"Spokane-Spokane Valley, WA",2015,0.015847275484882403,2.4310267342005853,-0.0795329252718111,0.01858795119471276,-0.005735844010634402,0.0271603583191891,0.7399984985682776,0.009337112262793351
"Spokane-Spokane Valley, WA",2016,0.016175444472473103,2.3514938089287742,0.07323318934948686,0.01285210718407836,0.014189070554687848,0.015847275484882403,0.7585982984186953,0.005484745670902319
"Spokane-Spokane Valley, WA",2017,0.011327544973150302,2.424726998278261,-0.21318875630171208,0.027041177738766208,0.004595851079418338,0.016175444472473103,0.7109243389059146,0.00120236513757227
"Spokane-Spokane Valley, WA",2018,0.0215383052018642,2.211538241976549,-0.020024217278389767,0.031637028818184545,0.008099033038684242,0.011327544973150302,0.7050611271318803,-0.004147964109311675
"Spokane-Spokane Valley, WA",2019,0.034276150047048606,2.1915140246981593,-0.013522730505569847,0.03973606185686879,-0.026260706101885422,0.0215383052018642,0.7168766271207171,-0.0015087077443447505
"Spokane-Spokane Valley, WA",2020,0.024529085120632205,2.1779912941925894,-0.06190967017059723,0.013475355754983365,0.020868524413839563,0.034276150047048606,0.7025897022737565,0.002040067584692315
"Spokane-Spokane Valley, WA",2021,-0.034890176010458,2.116081624021992,0.10255939036699546,0.03434388016882293,-0.0038872981334058185,0.024529085120632205,0.7494772567683545,-0.003849893381888153
"Spokane-Spokane Valley, WA",2022,-0.02445740255006742,2.2186410143889876,-0.08388293570967598,0.03045658203541711,-0.007706957313640621,-0.034890176010458,0.7102088065380767,-0.01789418783845697
"Spokane-Spokane Valley, WA",2023,-0.029286548776162147,2.1347580786793117,0.0591850705732635,0.02274962472177649,0.01574013917730492,-0.02445740255006742,0.7184781230183893,-0.015170549108272056
"Spokane-Spokane Valley, WA",2024,-0.015075882928371401,2.193943149252575,-0.1392707696000528,0.03848976389908141,0.011707614140784084,-0.029286548776162147,0.6811341047322356,-0.0202213658034837
"Springfield, MO",2007,0.0143463586761045,2.1286570103811906,-0.08367599785149116,0.06528138528138529,0.00851575386035723,-0.0222949832174149,0.6625414495499763,-0.022826654871376417
"Springfield, MO",2008,-0.0467336836304007,2.0449810125296994,0.1316878264983239,0.07379713914174252,0.013598158062818985,0.0143463586761045,0.6984948343959321,-0.014117571828773143
"Springfield, MO",2009,-0.015416310200043321,2.1766688390280233,-0.046571516688830084,0.0873952972045615,-0.061362814605953615,-0.0467336836304007,0.6792157467988822,-0.02582928926480311
"Springfield, MO",2010,-0.02168001878114271,2.1300973223391932,0.1855301669793672,0.026032482598607888,-0.010610294547411652,-0.015416310200043321,0.7494521462974465,-0.009411709863045986
"Springfield, MO",2011,-0.004577954374599501,2.3156274893185604,-0.022447889311943303,0.015422188051196236,-0.014486859349966947,-0.02168001878114271,0.7429709189525249,-0.006726328424497295
"Springfield, MO",2012,-0.0007411610617603995,2.293179600006617,-0.049865047774162896,0.0009353287012292892,-0.0005793459663919288,-0.004577954374599501,0.7143755420641804,0.00019436309817233433
"Springfield, MO",2013,0.007079889408038601,2.2433145522324542,0.03668145329323513,0.00035598273483736036,0.0034694698695841514,-0.0007411610617603995,0.6940193023786002,0.0034177492354504485
"Springfield, MO",2014,0.0187669533138533,2.2799960055256894,0.00785751690327574,0.0038254526044215116,-0.0003690782524917026,0.007079889408038601,0.7123367243603913,0.0044464679311973995
"Springfield, MO",2015,0.004497660775266598,2.287853522428965,0.019275704586394493,0.003456374351929809,0.004933998798876109,0.0187669533138533,0.7299973770297089,0.0066202260716674705
"Springfield, MO",2016,0.0015236709750108997,2.3071292270153596,-0.09955871736667099,0.008390373150805918,-0.00335424440107962,0.004497660775266598,0.695032422643273,0.0021060568299415966
"Springfield, MO",2017,0.004777443409815799,2.2075705096486886,-0.06907650516636421,0.0050361287497262975,0.013133805890796579,0.0015236709750108997,0.6980397601362717,-0.003360193882323108
"Springfield, MO",2018,0.004602351331448599,2.1384940044823244,-0.006536494000687565,0.018169934640522876,-0.013291259585958747,0.004777443409815799,0.7194926228319726,-0.005563116792160323
"Springfield, MO",2019,0.018401905774339696,2.131957510481637,-0.10661739887536914,0.004878675054564129,0.009345591373611843,0.004602351331448599,0.6639718262791923,-0.004031890247371661
"Springfield, MO",2020,-0.0059339324026565915,2.0253401116062677,-0.04177879472156221,0.014224266428175971,-0.0005774052062570128,0.018401905774339696,0.6517244928466752,-0.0027762053238235204
"Springfield, MO",2021,-0.000768457752792398,1.9835613168847055,-0.037562913453647484,0.013646861221918959,0.007479899341461323,-0.0059339324026565915,0.6421130375948393,-0.011250534388058099
"Springfield, MO",2022,-0.0079589681927223,1.945998403431058,0.17958786976496843,0.02112676056338028,-0.01167442790617947,-0.000768457752792398,0.6631976004362843,-0.005635199881259961
"Springfield, MO",2023,0.0101935171507473,2.1255862731960264,-0.13938246515811947,0.009452332657200812,0.02555148521041965,-0.0079589681927223,0.6386163907623135,-0.00921868317276095
"Springfield, MO",2024,0.0148015971910954,1.986203808037907,0.12109949453615831,0.03500381786762046,0.00048581481079842254,0.0101935171507473,0.6861912692803803,-0.008461727873005503
"St. Louis, MO-IL",2007,0.00427828154772401,2.1677466580685643,-0.009469135358203928,0.0032173439588179973,0.0006722027815280326,-0.0223258789125051,0.7413521614472184,-0.012104886151548519
"St. Louis, MO-IL",2008,-0.047761627196842196,2.1582775227103603,0.029711012985314422,0.00388954674034603,0.0014839348005980975,0.00427828154772401,0.7306466563967905,-0.0029639650229264444
"St. Louis, MO-IL",2009,-0.01094668780783594,2.1879885356956748,0.014713782429081945,0.005373481540944127,-0.004387633752583649,-0.047761627196842196,0.7336765452435169,-0.016869155519240425
"St. Louis, MO-IL",2010,-0.02313939287366199,2.2027023181247567,0.046108621233150515,0.000985847788360478,0.003710631073414905,-0.01094668780783594,0.7559911285521789,-0.006418593438287955
"St. Louis, MO-IL",2011,-0.006778452620255901,2.248810939357907,-0.024442000598066116,0.004696478861775383,-0.0025171942180357634,-0.02313939287366199,0.7343522917214219,-0.008510368896149416
"St. Louis, MO-IL",2012,0.0020935827583703995,2.224368938759841,0.05782026788764272,0.00217928464373962,0.0025739973843273787,-0.006778452620255901,0.7552553282041615,-0.003905459692801823
"St. Louis, MO-IL",2013,0.00019630451379871062,2.282189206647484,-0.03974681368390165,0.0047532820280669985,0.0028015083043759588,0.0020935827583703995,0.7422115292079684,-0.0014920684316650015
"St. Louis, MO-IL",2014,0.027325370052959402,2.242442392963582,0.02415718443134729,0.007554790332442957,0.00025477758604367916,0.00019630451379871062,0.7487836226402942,-0.002562921991587551
"St. Louis, MO-IL",2015,-0.0006115096764936004,2.2665995773949295,0.004369977376977197,0.0078095679184866365,-0.0015976495925352384,0.027325370052959402,0.7496850818787115,0.005599044545393964
"St. Louis, MO-IL",2016,-0.0091475599893517,2.2709695547719067,-0.027601847783836675,0.006211918325951398,0.007166771838073391,-0.0006115096764936004,0.7462696815415464,-0.0033831918611915077
"St. Louis, MO-IL",2017,0.003400360048666999,2.24336770698807,-0.04137193003605644,0.013378690164024789,0.004967438577466524,-0.0091475599893517,0.7282849091181304,-0.007260625104725013
"St. Louis, MO-IL",2018,0.017970278033351897,2.2019957769520135,-0.04531936235975298,0.018346128741491313,0.0005469908360841713,0.003400360048666999,0.7131559324432446,-0.005073856691622053
"St. Louis, MO-IL",2019,0.0085071827016916,2.1566764145922606,-0.09879005417529862,0.018893119577575484,-0.005570171004606316,0.017970278033351897,0.6929804706498559,-0.0027413063282256747
"St. Louis, MO-IL",2020,0.0014493992537994022,2.057886360416962,-0.02236855600098897,0.013322948572969168,0.011021509995629881,0.0085071827016916,0.7049415955636863,-0.00875829838250114
"St. Louis, MO-IL",2021,-0.015578490895358996,2.035517804415973,0.0793172443299146,0.02434445856859905,-0.014185874998376397,0.0014493992537994022,0.7013182259501336,-0.00794085040566448
"St. Louis, MO-IL",2022,-0.0140064051602144,2.1148350487458876,-0.11678776858590845,0.010158583570222653,0.025024617629691638,-0.015578490895358996,0.6662614676995243,-0.013530416265529581
"St. Louis, MO-IL",2023,-0.0007710310645227016,1.9980472801599791,-0.01288709963840362,0.03518320119991429,-0.008267873055077948,-0.0140064051602144,0.6585047189810811,-0.016282218098316106
"St. Louis, MO-IL",2024,0.0003021824789046987,1.9851601805215755,-0.048379498809566046,0.026915328144836343,-0.008210301840893105,-0.0007710310645227016,0.6550214201040652,-0.01241674616471982
"Stockton-Lodi, CA",2007,0.00984102984204769,3.131284381421588,-0.06555569323143029,0.014521209146316522,-0.006255746683611901,-0.010970095122155198,0.9357627520377951,0.015771219552437085
"Stockton-Lodi, CA",2008,-0.0828362933393059,3.0657286881901578,0.07017725234504901,0.00826546246270462,-0.006186044699678268,0.00984102984204769,0.9683592631478477,0.021768807810729707
"Stockton-Lodi, CA",2009,-0.000758365526371001,3.1359059405352068,-0.03379692796436595,0.0020794177630263527,-0.0020794177630263527,-0.0828362933393059,0.9225071162848261,-5.650755911201788e-05
"Stockton-Lodi, CA",2010,-0.019643530166166302,3.102109012570841,0.12373132356361305,0.0,0.0,-0.000758365526371001,0.9648034974932868,0.023684323058040177
"Stockton-Lodi, CA",2011,-0.007926385924565791,3.225840336134454,0.07986701055649936,0.0,0.0006384931561514825,-0.019643530166166302,1.0126825134936845,0.018457933910950908
"Stockton-Lodi, CA",2012,0.0109181472749147,3.3057073466909532,0.016884820953495083,0.0006384931561514825,-0.0021539467952342343,-0.007926385924565791,0.9891788772198931,0.025424810507355178
"Stockton-Lodi, CA",2013,0.0269057064938412,3.3225921676444483,-0.007982691799599984,-0.0015154536390827517,0.0005169314519197529,0.0109181472749147,0.9712961384035841,0.03239318363452816
"Stockton-Lodi, CA",2014,0.0728850594555397,3.3146094758448483,-0.08035785275307772,-0.0009985221871629988,0.0005587332858356359,0.0269057064938412,0.9556338373000671,0.0352841091406126
"Stockton-Lodi, CA",2015,0.041653933454833994,3.2342516230917706,-0.012234670255430569,-0.0004397889013273629,0.0004397889013273629,0.0728850594555397,0.9542282676435048,0.04694008209955493
"Stockton-Lodi, CA",2016,0.0337386198825054,3.22201695283634,-0.013981588065532957,0.0,0.01391944322227111,0.041653933454833994,0.9407627457952665,0.037317964826003636
"Stockton-Lodi, CA",2017,0.0191973138609085,3.208035364770807,-0.018655790077145795,0.01391944322227111,-0.015181820436362395,0.0337386198825054,0.9643967954033335,0.03209486321988558
"Stockton-Lodi, CA",2018,0.037009666779375096,3.1893795746936613,0.0035653745313521945,-0.0012623772140912856,0.025554354936570253,0.0191973138609085,0.9343826403352075,0.02980147364398375
"Stockton-Lodi, CA",2019,0.0297797358326759,3.1929449492250135,0.09620167815843361,0.02429197772247897,-0.010255266323435316,0.037009666779375096,0.9903573737821773,0.03156987692030758
"Stockton-Lodi, CA",2020,0.011606976947261802,3.289146627383447,-0.07706665692398618,0.014036711399043653,0.009807219236794496,0.0297797358326759,0.9968175909949611,0.027735753572530053
"Stockton-Lodi, CA",2021,-0.0474053520980759,3.212079970459461,0.04764339227235892,0.02384393063583815,-0.0012610089703476747,0.011606976947261802,0.9691002419096596,0.024679949970292228
"Stockton-Lodi, CA",2022,-0.0175998173881431,3.25972336273182,-0.15519101640242994,0.022582921665490474,-0.0006440164313907329,-0.0474053520980759,0.9351063720645516,0.006279564127764273
"Stockton-Lodi, CA",2023,-0.01980351312233257,3.10453234632939,-0.02073352365934289,0.02193890523409974,-0.0029945299008848833,-0.0175998173881431,0.9524468332172125,0.01101689474963953
"Stockton-Lodi, CA",2024,-0.01958090116634965,3.083798822670047,0.010307710285407001,0.018944375333214858,-0.006944933446790971,-0.01980351312233257,0.951199507239809,0.01155039435945851
"Syracuse, NY",2007,0.00675459469914317,2.0692658647863955,0.12905524020329073,0.0037469328204788118,0.0010100953583061637,-0.009594868818220095,0.7209582120226066,-0.006717352582278381
"Syracuse, NY",2008,-0.0555509633417664,2.1983211049896862,-0.20975095987045878,0.0047570281787849755,0.007013479794254643,0.00675459469914317,0.6693687942070866,-0.004112516617505203
"Syracuse, NY",2009,0.0020300850425434003,1.9885701451192275,0.137249243958816,0.011770507973039619,-0.01073063535743503,-0.0555509633417664,0.6983870454111203,-0.02183202656779932
"Syracuse, NY",2010,-0.019398377193527702,2.1258193890780435,0.014320498001061388,0.0010398726156045884,-0.0007801745146469517,0.0020300850425434003,0.7083036173188253,-0.002975893446725164
"Syracuse, NY",2011,-0.004446800873029202,2.140139887079105,0.13450691881770105,0.0002596981009576367,-0.0002596981009576367,-0.019398377193527702,0.7623324155322817,-0.008714599583690849
"Syracuse, NY",2012,0.003294959077302,2.274646805896806,-0.07951882549275169,0.0,0.013306072112420082,-0.004446800873029202,0.7250641142216664,-0.003600694397023617
"Syracuse, NY",2013,0.0058522339600191,2.195127980404054,0.023596635990555725,0.013306072112420082,-0.008758142701408969,0.003294959077302,0.7430944785641882,-0.0037564944998919395
"Syracuse, NY",2014,0.0199166244660873,2.21872461639461,-0.017182223508410033,0.004547929411011113,0.003422738530962425,0.0058522339600191,0.7366047979265473,-0.002134394705450203
"Syracuse, NY",2015,0.0023315944565163,2.2015423928862,0.09722092147766626,0.007970667941973538,-0.01021643735522674,0.0199166244660873,0.7513770921572045,0.0042666452173501235
"Syracuse, NY",2016,-0.0075238838308639994,2.298763314363866,-0.11280854476685898,-0.0022457694132532024,0.010932048895880644,0.0023315944565163,0.7184468189743819,-0.000488785365812136
"Syracuse, NY",2017,0.004164407775655701,2.185954769597007,0.044109660629909175,0.008686279482627441,0.016299577579412916,-0.0075238838308639994,0.7532424469946146,-0.008713731502062318
"Syracuse, NY",2018,0.0007674499538898004,2.2300644302269164,0.03653028105209044,0.024985857062040356,-0.018700020125849266,0.004164407775655701,0.7496553636056372,-0.003437687175249317
"Syracuse, NY",2019,0.0205441302351799,2.266594711279007,-0.1439824872611486,0.0062858369361910894,-0.005432646613807032,0.0007674499538898004,0.7175512514149164,-0.0036553028763335604
"Syracuse, NY",2020,-0.012947525271699893,2.122612224017858,-0.12562436804925237,0.0008531903223840576,0.011324852666107691,0.0205441302351799,0.6687147504652583,-0.0003797944619380114
"Syracuse, NY",2021,-0.002990001094667398,1.9969878559686058,-0.016572953725160433,0.012178042988491749,-0.005259917499711143,-0.012947525271699893,0.6739318728825252,-0.013157770577310657
"Syracuse, NY",2022,0.01972168961129,1.9804149022434454,-0.09495313608136646,0.006918125488780605,0.0022526237046714206,-0.002990001094667398,0.6543092985508941,-0.011761428135822073
"Syracuse, NY",2023,0.008572770001756703,1.885461766162079,-0.08302722626575187,0.009170749193452026,0.0015743000916913896,0.01972168961129,0.6287128330345553,-0.007542773427129917
"Syracuse, NY",2024,0.0043588243108988005,1.802434539896327,0.04715562403809925,0.010745049285143415,0.004395816409227813,0.008572770001756703,0.6325732750946127,-0.010968920059026194
"Tampa-St. Petersburg-Clearwater, FL",2007,-0.0125910888122034,2.2669767698403214,0.05139725232192838,0.007048191607824458,0.006201709321522187,-0.0194047577175465,0.7875317904911578,-0.009747911652952808
"Tampa-St. Petersburg-Clearwater, FL",2008,-0.0563307094420729,2.3183740221622497,0.03982960738131469,0.013249900929346645,0.003712509259454001,-0.0125910888122034,0.7917712056555015,-0.007202739265577726
"Tampa-St. Petersburg-Clearwater, FL",2009,-0.01038092121811986,2.3582036295435644,0.04957220634446813,0.016962410188800646,-0.0029749647739534847,-0.0563307094420729,0.8018835608268966,-0.018407812213008565
"Tampa-St. Petersburg-Clearwater, FL",2010,-0.019180022096651102,2.4077758358880326,-0.04836303228269312,0.013987445414847161,-0.009442296734041391,-0.01038092121811986,0.775560250852615,-0.003065486883448945
"Tampa-St. Petersburg-Clearwater, FL",2011,0.0010981065403938006,2.3594128036053394,0.10995366991082411,0.00454514868080577,-0.0003798521774625715,-0.019180022096651102,0.8193777205441044,-0.004998697155556245
"Tampa-St. Petersburg-Clearwater, FL",2012,0.008103284397784198,2.4693664735161636,-0.02636998830271997,0.0041652965033431985,0.004888785413963258,0.0010981065403938006,0.8159370529799685,0.0010564697832468328
"Tampa-St. Petersburg-Clearwater, FL",2013,0.017151674597249998,2.4429964852134436,0.009488912445382525,0.009054081917306457,0.0020582979590089683,0.008103284397784198,0.8004650911423556,0.0036385272950597985
"Tampa-St. Petersburg-Clearwater, FL",2014,0.0520817569290657,2.452485397658826,0.06411443590671384,0.011112379876315425,0.020360515986737358,0.017151674597249998,0.8214249988842669,0.004704610781883514
"Tampa-St. Petersburg-Clearwater, FL",2015,0.012667118091665302,2.51659983356554,-0.017717931505375262,0.03147289586305278,-0.01643270224216939,0.0520817569290657,0.8270613052862725,0.013513387412267153
"Tampa-St. Petersburg-Clearwater, FL",2016,0.013443264413516998,2.4988819020601647,-0.0050601796674070165,0.015040193620883395,0.003796560189897496,0.012667118091665302,0.8262185829481616,0.0034989920330262547
"Tampa-St. Petersburg-Clearwater, FL",2017,0.022186434642330197,2.4938217223927577,0.02454964313527075,0.01883675381078089,0.002281805446559062,0.013443264413516998,0.8128933522760996,0.005008202451259547
"Tampa-St. Petersburg-Clearwater, FL",2018,0.0200004867402077,2.5183713655280284,-0.061335853838657695,0.021118559257339953,0.020092225832126522,0.022186434642330197,0.8117017328390017,0.003733587278359568
"Tampa-St. Petersburg-Clearwater, FL",2019,0.033782094597086004,2.4570355116893707,0.026022620065521807,0.041210785089466476,-0.020713418668251098,0.0200004867402077,0.8238636455705227,0.001884684057637101
"Tampa-St. Petersburg-Clearwater, FL",2020,0.11963873412318402,2.4830581317548925,-0.16177812298702676,0.020497366421215378,0.013351932044242003,0.033782094597086004,0.7832587544713698,0.005061434890984234
"Tampa-St. Petersburg-Clearwater, FL",2021,-0.0290159184757156,2.3212800087678658,-0.03835190852744974,0.03384929846545738,-0.0023451778933958056,0.11963873412318402,0.7536781984002427,0.02736481882283219
"Tampa-St. Petersburg-Clearwater, FL",2022,-0.04045899959691954,2.282928100240416,0.03767436806004998,0.031504120572061575,0.007720725201334877,-0.0290159184757156,0.7738319196033832,-0.016039957237462862
"Tampa-St. Petersburg-Clearwater, FL",2023,-0.0163730674438004,2.320602468300466,-0.06867962838573272,0.03922484577339645,-0.008519636175353874,-0.04045899959691954,0.7594846192451099,-0.020061421282376146
"Tampa-St. Petersburg-Clearwater, FL",2024,-0.0535269473063946,2.2519228399147333,-0.029294895366648976,0.030705209598042578,0.02717627587988207,-0.0163730674438004,0.7525390112608159,-0.015969588136679022
"Toledo, OH",2007,0.0124011564372468,2.039660790993927,0.07030151661784156,0.015816966761023725,-0.015816966761023725,-0.018516953984197598,0.690349461099383,-0.010945505824090138
"Toledo, OH",2008,-0.048887424826198594,2.1099623076117684,0.09840192195963882,0.0,0.009595219627107932,0.0124011564372468,0.7282434161728627,-0.000290103076181214
"Toledo, OH",2009,-0.01196697334157705,2.208364229571407,0.028151402453283403,0.009595219627107932,0.0026974133296686666,-0.048887424826198594,0.7246289516160781,-0.016487523750817877
"Toledo, OH",2010,-0.0244426819592886,2.2365156320246906,0.05116067684454206,0.012292632956776598,-0.012292632956776598,-0.01196697334157705,0.7468265519945994,-0.005013713537095524
"Toledo, OH",2011,-0.006089047603654901,2.2876763088692327,0.050177568394702554,0.0,0.012789880534082924,-0.0244426819592886,0.740240940377348,-0.00544411111312864
"Toledo, OH",2012,0.001767767006221799,2.3378538772639352,-0.10657247716455931,0.012789880534082924,-0.008182608816070157,-0.006089047603654901,0.7085836112250731,-0.0012995708402912184
"Toledo, OH",2013,-0.00027969538540982986,2.231281400099376,0.0246029554235907,0.004607271718012767,-0.004607271718012767,0.001767767006221799,0.737461732859403,-0.0006433071444388178
"Toledo, OH",2014,0.0322525395845432,2.2558843555229666,0.014770576716113482,0.0,0.00044203779423140677,-0.00027969538540982986,0.7316372189476761,0.0005379193756371164
"Toledo, OH",2015,-0.0021829358445778005,2.27065493223908,-0.05915967056045002,0.00044203779423140677,0.005495220573160618,0.0322525395845432,0.6980893736456915,0.010196782428759557
"Toledo, OH",2016,0.0063949909544401,2.21149526167863,-0.02878582313417466,0.005937258367392025,-0.005937258367392025,-0.0021829358445778005,0.7024761355628163,-0.001699829094207933
"Toledo, OH",2017,0.013045224175706898,2.1827094385444554,-0.02269204425018856,0.0,0.026024652043813656,0.0063949909544401,0.6958203023195204,-0.0014996704033520755
"Toledo, OH",2018,0.00037018872175220013,2.160017394294267,0.06271860837785548,0.026024652043813656,-0.014840705555519342,0.013045224175706898,0.7149351194373101,-0.0008836981276593089
"Toledo, OH",2019,0.027587696789964696,2.2227360026721223,-0.13470372173622547,0.011183946488294315,-0.006897438404786787,0.00037018872175220013,0.6671919560755883,-0.002066313774278787
"Toledo, OH",2020,0.0020236825556297078,2.088032280935897,-0.04902483345234465,0.004286508083507528,0.012338442515886491,0.027587696789964696,0.6782069700964202,0.0010673244888328298
"Toledo, OH",2021,-0.0179268654707355,2.0390074474835522,-0.04673203973770934,0.01662495059939402,-0.0014380952632617443,0.0020236825556297078,0.6659906230020601,-0.008558556690400274
"Toledo, OH",2022,-0.010210861474659001,1.9922754077458429,-0.013623301076676642,0.015186855336132276,-0.004898894547814088,-0.0179268654707355,0.6497377948605484,-0.013269416771188251
"Toledo, OH",2023,-0.0007996208049182996,1.9786521066691662,0.14072110317848274,0.010287960788318187,0.0015629551939938778,-0.010210861474659001,0.6759043039072469,-0.008230218252912043
"Toledo, OH",2024,-0.0004774388241767999,2.119373209847649,-0.09504980366488391,0.011850915982312065,-0.004309211856850073,-0.0007996208049182996,0.6721410094447452,-0.006608099486971358
"Tucson, AZ",2007,0.00361297357141852,2.3598549488054608,-0.05280005436599433,0.002447665927408449,0.00045268346351817887,-0.0100690628829565,0.7985518019172605,-0.005882501640683338
"Tucson, AZ",2008,-0.0588039240832863,2.3070548944394664,0.1960768575476166,0.002900349390926628,0.0021303188539888995,0.00361297357141852,0.8524498280006907,-0.0007058116167806411
"Tucson, AZ",2009,-0.00921556566240668,2.503131751987083,0.1500103277761573,0.005030668244915527,-0.0031971073894322436,-0.0588039240832863,0.9090814921833472,-0.015616385861266492
"Tucson, AZ",2010,-0.0188773934826427,2.6531420797632403,-0.3230893330759894,0.0018335608554832837,-0.0005510813951933899,-0.00921556566240668,0.7644187142565718,0.0017685731520773879
"Tucson, AZ",2011,-0.013032640871006251,2.330052746687251,0.19121109857642882,0.0012824794602898939,0.007216406478523464,-0.0188773934826427,0.8182976639995707,-0.003420354460671182
"Tucson, AZ",2012,0.007138616749707201,2.5212638452636797,-0.14278726959802412,0.008498885938813358,-0.0033393368040300587,-0.013032640871006251,0.7963128045298927,-0.0030068908091092916
"Tucson, AZ",2013,0.0009949247974023806,2.3784765756656556,0.020232272897055203,0.005159549134783299,0.007199291582266373,0.007138616749707201,0.7873685852967347,0.0021676170033948783
"Tucson, AZ",2014,0.024877418467905005,2.398708848562711,0.03195804991186435,0.012358840717049673,-0.0007879266148355969,0.0009949247974023806,0.7935458509041526,0.0005260604652171097
"Tucson, AZ",2015,0.0259193503154144,2.430666898474575,-0.03677799882140054,0.011570914102214076,-0.005170461700759194,0.024877418467905005,0.7943767199032996,0.006887871260135514
"Tucson, AZ",2016,0.023448205787580497,2.3938888996531746,-0.0489801889638799,0.0064004524014548815,-0.00032165794388512234,0.0259193503154144,0.7707140512544858,0.007656279748764816
"Tucson, AZ",2017,0.0418893162169609,2.3449087106892947,-0.0039217168947804915,0.006078794457569759,-0.005837619554991727,0.023448205787580497,0.7692053486322681,0.006916530691975717
"Tucson, AZ",2018,0.0332003637341022,2.3409869937945142,0.05875028905333979,0.00024117490257803277,0.0039466423563052164,0.0418893162169609,0.7957348479733777,0.012155029253893529
"Tucson, AZ",2019,0.045895807325109506,2.399737282847854,-0.07319737696146333,0.004187817258883249,0.0031039810477008533,0.0332003637341022,0.7741457308503162,0.009002348371140279
"Tucson, AZ",2020,0.082709245941116,2.3265399058863907,-0.06899757084477187,0.007291798306584102,-0.005284446380153551,0.045895807325109506,0.7942616378036943,0.007779096395233651
"Tucson, AZ",2021,-0.0230259422484322,2.257542335041619,-0.056907828993364884,0.0020073519264305517,0.019941638269770634,0.082709245941116,0.7421981185169696,0.01862882590016586
"Tucson, AZ",2022,-0.0181751344580312,2.200634506048254,-0.08270327935645971,0.021948990196201185,-0.022402310460842206,-0.0230259422484322,0.7219329476003276,-0.013319097957679167
"Tucson, AZ",2023,-0.0428663206301455,2.1179312266917942,-0.042398373919922516,-0.00045332026464101933,0.01594674413971303,-0.0181751344580312,0.711470003955327,-0.012472938075868953
"Tucson, AZ",2024,-0.0464362930822372,2.0755328527718717,0.008866240789286994,0.015493423875072012,0.01143573469433907,-0.0428663206301455,0.7055241227151803,-0.021935867601103873
"Urban Honolulu, HI",2007,-0.00057689348921299,2.7076119071067763,-0.03676560775965321,0.00018029712966969566,7.207335019474535e-05,0.019018758138719602,0.8865024695389772,0.012070605722692779
"Urban Honolulu, HI",2008,-0.0819497077758846,2.670846299347123,0.06776809335472445,0.000252370479864441,-3.6107504085894295e-05,-0.00057689348921299,0.8883851429361364,0.008242262470244482
"Urban Honolulu, HI",2009,0.023617140219039903,2.7386143927018476,-0.19016398909770205,0.00021626297577854672,0.0021260793665637957,-0.0819497077758846,0.8147014308513439,-0.014475220420552423
"Urban Honolulu, HI",2010,-0.0179879636600785,2.5484504036041455,0.16175247573603624,0.0023423423423423423,-0.0021625832195668613,0.023617140219039903,0.8539560482907282,0.015334926926952888
"Urban Honolulu, HI",2011,0.0091720753532171,2.710202879340182,0.02757827415045666,0.00017975912277548085,-0.00017975912277548085,-0.0179879636600785,0.8706238891673882,0.005284164551419682
"Urban Honolulu, HI",2012,0.0211919409871731,2.7377811534906384,0.060309707389686995,0.0,0.0017253774263120058,0.0091720753532171,0.9001922223865149,0.012744231591294966
"Urban Honolulu, HI",2013,0.0373400136518345,2.7980908608803254,0.02279758193871384,0.0017253774263120058,-0.0017253774263120058,0.0211919409871731,0.8826171215448579,0.0191063022270951
"Urban Honolulu, HI",2014,0.008108979726340301,2.8208884428190393,0.04150038086840846,0.0,0.00043060140663126167,0.0373400136518345,0.9055856774747691,0.023587193820726424
"Urban Honolulu, HI",2015,-0.010685440632916932,2.8623888236874477,0.08636013585382551,0.00043060140663126167,0.018149025566109055,0.008108979726340301,0.9638154988071044,0.012183569579057058
"Urban Honolulu, HI",2016,0.006159394282739601,2.9487489595412733,-0.10584647931452595,0.018579626972740317,-0.016466802125920117,-0.010685440632916932,0.9261388755848653,0.00692544156875409
"Urban Honolulu, HI",2017,0.0028466645636711016,2.8429024802267473,-0.16958177288117993,0.0021128248468201987,0.005723284507315721,0.006159394282739601,0.8755935716017283,0.010172874916697813
"Urban Honolulu, HI",2018,0.012361030199861497,2.6733207073455674,0.08216195432266149,0.00783610935413592,-0.00783610935413592,0.0028466645636711016,0.8863280090531315,0.00918227445293869
"Urban Honolulu, HI",2019,0.0030792689614142985,2.755482661668229,-0.04865301912765263,0.0,0.0,0.012361030199861497,0.8727541710396438,0.013200264101523501
"Urban Honolulu, HI",2020,0.011792272886707311,2.7068296425405762,-0.17990849031838874,0.0,0.028171960531362224,0.0030792689614142985,0.8288506174580987,0.005012349990217116
"Urban Honolulu, HI",2021,-0.06788293503145706,2.5269211522221875,0.0821421046109343,0.028171960531362224,-0.028511070029819275,0.011792272886707311,0.8494040788741913,0.005852461170822179
"Urban Honolulu, HI",2022,-0.00030595532098010025,2.609063256833122,-0.02792908748454792,-0.00033910949845705177,0.012686882489399757,-0.06788293503145706,0.8570028396529531,-0.015332140660272234
"Urban Honolulu, HI",2023,-0.015003166442347,2.581134169348574,-0.07285409549542798,0.012347772990942705,-0.012347772990942705,-0.00030595532098010025,0.8224769125447662,0.0035986961656727656
"Urban Honolulu, HI",2024,0.0071266498100758,2.508280073853146,0.06199849016893744,0.0,0.0,-0.015003166442347,0.8527546041789186,-0.0005159540373520233
"Virginia Beach-Norfolk-Newport News, VA-NC",2007,0.0133522435395408,2.391842670045682,0.046450267660533395,0.02662207938851733,-0.018880635164988415,-0.009450443038639102,0.7514017975909218,8.775675884652168e-05
"Virginia Beach-Norfolk-Newport News, VA-NC",2008,-0.021213098153048518,2.4382929377062155,0.029218136799049166,0.007741444223528914,0.0066779999877044,0.0133522435395408,0.7800824502560912,0.007157665077535763
"Virginia Beach-Norfolk-Newport News, VA-NC",2009,-0.010674022867851261,2.4675110745052646,-0.06170370596913255,0.014419444211233314,-0.0014464041334364547,-0.021213098153048518,0.7599065152050919,-0.003297532907003839
"Virginia Beach-Norfolk-Newport News, VA-NC",2010,-0.02652079463975358,2.405807368536132,0.13171922458242147,0.01297304007779686,-0.0031789308413084413,-0.010674022867851261,0.8038302954474366,0.0001969271871897077
"Virginia Beach-Norfolk-Newport News, VA-NC",2011,-0.01434621199068725,2.5375265931185536,0.004904594253769989,0.009794109236488418,0.003535852836836488,-0.02652079463975358,0.7854048579247194,-0.0009494482521480163
"Virginia Beach-Norfolk-Newport News, VA-NC",2012,-0.00611823390268946,2.5424311873723235,-0.051005547348872415,0.013329962073324906,0.0002737826992639976,-0.01434621199068725,0.7670633597488975,0.0019450231092440345
"Virginia Beach-Norfolk-Newport News, VA-NC",2013,-0.00400956220300341,2.491425640023451,0.03924883753337749,0.013603744772588904,0.004602958917985754,-0.00611823390268946,0.7886590607011901,0.0027443285790716976
"Virginia Beach-Norfolk-Newport News, VA-NC",2014,0.013591949531938602,2.5306744775568286,-0.006966611501536768,0.018206703690574658,0.012333405588473744,-0.00400956220300341,0.7800996541987107,0.0026938001382755816
"Virginia Beach-Norfolk-Newport News, VA-NC",2015,0.0002809674335346006,2.523707866055292,-0.03794167108991253,0.030540109279048402,-0.022131937587185374,0.013591949531938602,0.7713046561126277,0.00765527319890609
"Virginia Beach-Norfolk-Newport News, VA-NC",2016,-0.0023398015164919003,2.4857661949653793,0.061917357455268274,0.00840817169186303,0.015573067664542669,0.0002809674335346006,0.7683070240427555,0.0068493455016090665
"Virginia Beach-Norfolk-Newport News, VA-NC",2017,0.013584150747314502,2.5476835524206476,-0.07423772060532619,0.023981239356405698,-0.012003341213979583,-0.0023398015164919003,0.7571827972797255,0.0046033857941064765
"Virginia Beach-Norfolk-Newport News, VA-NC",2018,0.0213874607470989,2.4734458318153214,-0.09039953362411524,0.011977898142426115,0.006485740343842901,0.013584150747314502,0.7500117670665818,0.006463060207448065
"Virginia Beach-Norfolk-Newport News, VA-NC",2019,0.0399078427545872,2.383046298191206,-0.01595223758324682,0.018463638486269016,-8.475802202354e-06,0.0213874607470989,0.7281501818484086,0.00817804456828286
"Virginia Beach-Norfolk-Newport News, VA-NC",2020,0.03387330528207,2.3670940606079593,-0.14813479665164397,0.01845516268406666,0.0011893487139056844,0.0399078427545872,0.701877589398525,0.010262011118454956
"Virginia Beach-Norfolk-Newport News, VA-NC",2021,-0.011854008984891896,2.2189592639563154,0.00042841263104742566,0.019644511397972346,-0.006992947358981753,0.03387330528207,0.6909284064886411,0.008207324398955662
"Virginia Beach-Norfolk-Newport News, VA-NC",2022,-0.0045157904032726015,2.219387676587363,0.03363955545694708,0.012651564038990593,0.0031204337473956824,-0.011854008984891896,0.7162782566976476,-0.005238342899269645
"Virginia Beach-Norfolk-Newport News, VA-NC",2023,-0.00034740409029769895,2.25302723204431,-0.007834189043466555,0.015771997786386275,-0.00538757606990245,-0.0045157904032726015,0.7076536098784965,-0.002157969349169314
"Virginia Beach-Norfolk-Newport News, VA-NC",2024,0.0111983250510693,2.2451930430008433,-0.027260199551596642,0.010384421716483825,0.01769541423256888,-0.00034740409029769895,0.6916824353504016,-0.0016424710672325801
"Washington-Arlington-Alexandria, DC-VA-MD-WV",2007,0.022250960890798598,2.3846588348889606,-0.030997172290188946,0.01160338108973176,0.006799640122871223,0.0026774742212925043,0.8013248910062765,-0.0029939809369700504
"Washington-Arlington-Alexandria, DC-VA-MD-WV",2008,-0.02010183194982386,2.3536616625987716,0.026797898110303198,0.018403021212602982,0.0014691214471163234,0.022250960890798598,0.7976056799697555,0.0025355841401060036
"Washington-Arlington-Alexandria, DC-VA-MD-WV",2009,0.035494297013111104,2.380459560709075,0.08366232510537008,0.019872142659719306,-0.0007912092899170671,-0.02010183194982386,0.8306140680004019,-0.009147296664323096
"Washington-Arlington-Alexandria, DC-VA-MD-WV",2010,-0.014351021415012401,2.464121885814445,-0.0005557546605228225,0.01908093336980224,-0.006820919629919398,0.035494297013111104,0.8201310153228007,0.009165487512343626
"Washington-Arlington-Alexandria, DC-VA-MD-WV",2011,0.0015824240815162996,2.463566131153922,0.04597743731080817,0.012260013739882841,-0.0014036687499048312,-0.014351021415012401,0.8391901170761872,-0.004118497980375252
"Washington-Arlington-Alexandria, DC-VA-MD-WV",2012,-0.0023193607389297,2.5095435684647303,0.04804533096774577,0.01085634498997801,0.005254484037909728,0.0015824240815162996,0.8500656200760507,0.0013622879475185257
"Washington-Arlington-Alexandria, DC-VA-MD-WV",2013,0.003201134844408991,2.557588899432476,0.007487203644548135,0.016110829027887737,0.00981906151192953,-0.0023193607389297,0.8414663255474519,0.0003672961035961625
"Washington-Arlington-Alexandria, DC-VA-MD-WV",2014,0.030918323138858804,2.565076103077024,-0.012977417202138408,0.025929890539817268,0.008903663244436307,0.003201134844408991,0.8534688313005692,-0.0013100761698960767
"Washington-Arlington-Alexandria, DC-VA-MD-WV",2015,-0.0066653597312346016,2.5520986858748858,0.027533396937260424,0.034833553784253575,-0.007445216246080997,0.030918323138858804,0.8660630585200922,0.0059514887899379115
"Washington-Arlington-Alexandria, DC-VA-MD-WV",2016,-0.0075357283913679,2.579632082812146,-0.055718848035659185,0.027388337538172578,-0.00203068366938796,-0.0066653597312346016,0.8607573515620115,-0.004829698567345275
"Washington-Arlington-Alexandria, DC-VA-MD-WV",2017,0.0105023372926865,2.523913234776487,0.0483024959580054,0.025357653868784618,-0.0012284849963653498,-0.0075357283913679,0.8765804230303312,-0.005092546860485339
"Washington-Arlington-Alexandria, DC-VA-MD-WV",2018,0.008554558375215501,2.5722157307344924,-0.045575170925207686,0.024129168872419268,-0.0021874554255729255,0.0105023372926865,0.8576345621979758,0.0009631361576432768
"Washington-Arlington-Alexandria, DC-VA-MD-WV",2019,-0.043517710760966305,2.5266405598092847,-0.042287413063474055,0.021941713446846343,0.004447391816205067,0.008554558375215501,0.8606437781020159,-0.0019986204203853025
"Washington-Arlington-Alexandria, DC-VA-MD-WV",2020,0.019028038343860604,2.4843531467458106,-0.036013891282875576,0.02638910526305141,0.00276721249764246,-0.043517710760966305,0.8563620106186816,-0.018863551756990157
"Washington-Arlington-Alexandria, DC-VA-MD-WV",2021,-0.0360584512624426,2.448339255462935,-0.15428039491201995,0.02915631776069387,-0.002312338454404355,0.019028038343860604,0.8024078606901408,-0.0024139030433124875
"Washington-Arlington-Alexandria, DC-VA-MD-WV",2022,-0.003154187485959102,2.294058860550915,-0.04185815835090301,0.026843979306289515,-0.004085420364587686,-0.0360584512624426,0.7888632081477792,-0.0195427370284258
"Washington-Arlington-Alexandria, DC-VA-MD-WV",2023,-0.0006665254957800015,2.252200702200012,-0.04069375346359916,0.02275855894170183,0.0012845410004838458,-0.003154187485959102,0.7875538274589401,-0.011678942834049306
"Washington-Arlington-Alexandria, DC-VA-MD-WV",2024,-0.03598345353633165,2.211506948736413,0.07903901798623947,0.024043099942185675,0.007615522651271023,-0.0006665254957800015,0.8117225219368995,-0.011612146549197178
"Wichita, KS",2007,0.016692209367303798,2.1870335555175755,0.0355054578129268,0.015162840363053924,-0.008746515549758457,-0.0163841954860058,0.7546874436760064,-0.010646852469517888
"Wichita, KS",2008,-0.0481601364012299,2.2225390133305023,-0.13307413038735838,0.006416324813295467,0.0028506763015317352,0.016692209367303798,0.7042629361021943,-0.0004523734390189313
"Wichita, KS",2009,-0.01464837175658375,2.089464882943144,0.16273788923099541,0.009267001114827202,0.0027799440008096643,-0.0481601364012299,0.7449332759362893,-0.018829715851348308
"Wichita, KS",2010,-0.0206096571967177,2.2522027721741393,0.011751429420626458,0.012046945115636866,-0.008158681532295006,-0.01464837175658375,0.7677249973422327,-0.0084861188695401
"Wichita, KS",2011,-0.004523063153374201,2.263954201594766,0.025268623772638055,0.0038882635833418604,-0.0038882635833418604,-0.0206096571967177,0.7628520753917831,-0.0075123801666654375
"Wichita, KS",2012,0.005290442490640599,2.289222825367404,-0.0057130027421608,0.0,0.0034994733802194817,-0.004523063153374201,0.7163343535044393,0.0011995173293577466
"Wichita, KS",2013,-0.0034751688440277594,2.283509822625243,0.040699232578246036,0.0034994733802194817,0.016577720552608255,0.005290442490640599,0.7674290010621497,-0.0008736932685883131
"Wichita, KS",2014,0.018632870802785903,2.324209055203489,0.1690674910644887,0.020077193932827735,-0.00753114195632669,-0.0034751688440277594,0.7891667233358268,-4.776269699616198e-05
"Wichita, KS",2015,-0.01212755079887056,2.493276546267978,-0.0693299770357485,0.012546051976501046,0.009416120639619843,0.018632870802785903,0.7961200984975999,0.0052623723002485495
"Wichita, KS",2016,-0.0081693266966529,2.4239465692322293,-0.02890534566907954,0.02196217261612089,0.0018374232397985399,-0.01212755079887056,0.7689070633681522,-0.004170037696771052
"Wichita, KS",2017,0.0002953641125116001,2.3950412235631497,0.04561489253404005,0.02379959585591943,-0.0010858516910019801,-0.0081693266966529,0.7816736921576646,-0.003014120704492154
"Wichita, KS",2018,0.010081506439781202,2.44065611609719,-0.17119867113272447,0.02271374416491745,-0.00206676462809598,0.0002953641125116001,0.7455683639351464,-0.0025911297618039647
"Wichita, KS",2019,0.013350665449365598,2.2694574449644653,0.003926576447695229,0.02064697953682147,0.014229063442949223,0.010081506439781202,0.7151692174716481,-0.00021054273871712326
"Wichita, KS",2020,-0.0016924062757949915,2.2733840214121606,-0.12802552053554672,0.03487604297977069,-0.03464402441828577,0.013350665449365598,0.7154425862298069,-0.0021309769950672505
"Wichita, KS",2021,-0.0056213077429217995,2.145358500876614,0.05588194920239964,0.0002320185614849188,0.005683082343177572,-0.0016924062757949915,0.7083922822205058,-0.002120237035943544
"Wichita, KS",2022,-0.0027835900191326007,2.2012404500790135,0.03111458940535261,0.005915100904662491,-0.002629040717875912,-0.0056213077429217995,0.7258830258258306,-0.0033618072626091303
"Wichita, KS",2023,-0.0161232383005147,2.232355039484366,-0.13903306333445142,0.003286060186786579,0.0271397284703415,-0.0027835900191326007,0.7053036390770291,-0.007347857826463897
"Wichita, KS",2024,0.0020643435102701,2.0933219761499147,-0.053060456268829714,0.03042578865712808,-0.013501210377468244,-0.0161232383005147,0.6740572498436583,-0.013748989339642748
"Winston-Salem, NC",2007,-0.017961376036853802,2.3790937192837505,-0.030579379902514692,0.0,0.033064957398577344,-0.0161492134872046,0.7330713344946255,-0.002831436717979516
"Winston-Salem, NC",2008,-0.058226558103734,2.3485143393812358,0.047348585530851306,0.033064957398577344,0.012258892480357282,-0.017961376036853802,0.7676869440725373,-0.009732080418666314
"Winston-Salem, NC",2009,-0.005977844617836481,2.395862924912087,-6.278600617548591e-05,0.045323849878934626,-0.035370900186571255,-0.058226558103734,0.7489208449337181,-0.01717627490802307
"Winston-Salem, NC",2010,-0.019510864196734902,2.3958001389059116,-0.00936625594438567,0.009952949692363372,-0.009666262718702738,-0.005977844617836481,0.7638220283208259,0.0007801906754717064
"Winston-Salem, NC",2011,-0.01585281682700962,2.386433882961526,0.05654986699037812,0.0002866869736606343,0.0044422923549676035,-0.019510864196734902,0.7702046444297977,-0.0010986710963416108
"Winston-Salem, NC",2012,0.0129091528893147,2.442983749951904,-0.07295888963733477,0.004728979328628238,0.025686424486668608,-0.01585281682700962,0.7421049183612912,-0.0022882576901681467
"Winston-Salem, NC",2013,0.010520616887794501,2.3700248603145693,0.08442180247701003,0.030415403815296845,-0.03512161185737588,0.0129091528893147,0.7600206595401687,0.006677360030603735
"Winston-Salem, NC",2014,0.0228242731486816,2.4544466627915793,-0.013031541536229874,-0.004706208042079036,0.004706208042079036,0.010520616887794501,0.767981763354394,0.00932677370188198
"Winston-Salem, NC",2015,0.022459021289430597,2.4414151212553494,0.04652001214153367,0.0,0.03967039844238927,0.0228242731486816,0.7749686974564447,0.009611133570671504
"Winston-Salem, NC",2016,0.0055347115284615014,2.487935133396883,-0.03505751380828226,0.03967039844238927,-0.021946424259196944,0.022459021289430597,0.7570414523426747,0.007982585933855577
"Winston-Salem, NC",2017,0.030794697628274897,2.452877619588601,-0.01626559773067715,0.017723974183192322,-0.0003086684295696106,0.0055347115284615014,0.7553501853978053,0.004787329069847274
"Winston-Salem, NC",2018,0.0206018231001854,2.4366120218579237,-0.09564787328975921,0.017415305753622712,-0.01292607667375319,0.030794697628274897,0.7350255594344041,0.011366163280365611
"Winston-Salem, NC",2019,0.036057997374996195,2.3409641485681645,-0.008349146496055226,0.0044892290798695215,0.024737187227763427,0.0206018231001854,0.736155122417865,0.006162457901573222
"Winston-Salem, NC",2020,0.061878644487335016,2.3326150020721093,-0.22080016879753206,0.02922641630763295,-0.01835515330429035,0.036057997374996195,0.699378401880898,0.004890021666321714
"Winston-Salem, NC",2021,-0.015884787988988895,2.111814833274577,0.09965257481933687,0.010871263003342601,-0.010871263003342601,0.061878644487335016,0.7070869501657454,0.01530362872742206
"Winston-Salem, NC",2022,-0.0160144204501171,2.211467408093914,-0.027789968064615422,0.0,0.03473531320498161,-0.015884787988988895,0.6779937460024164,-0.0059206731588575465
"Winston-Salem, NC",2023,-0.005941065309179299,2.1836774400292986,0.05476161223673515,0.03473531320498161,-0.01609899029484811,-0.0160144204501171,0.727494490815645,-0.010972289374207397
"Winston-Salem, NC",2024,-0.023202295679524542,2.238439052266034,-0.253815853152624,0.0186363229101335,0.00801509761937657,-0.005941065309179299,0.6427198839548082,-0.007956561072657915
"Worcester, MA-CT",2007,0.00791512786656499,2.170104107318589,0.01681068419255549,0.01088351103835774,-0.009876902434042453,-0.0101807638499107,0.7194348843491593,-0.00638395217967265
"Worcester, MA-CT",2008,-0.059018588348799694,2.1869147915111444,-0.021055116278476227,0.0010066086043152872,0.0200234718433937,0.00791512786656499,0.7314825334200896,-0.003499252142880223
"Worcester, MA-CT",2009,0.004191826299257299,2.165859675232668,0.08953217618740394,0.021030080447708988,-0.0026170285914164336,-0.059018588348799694,0.7455978311427698,-0.022791858219255993
"Worcester, MA-CT",2010,-0.0185635489508681,2.255391851420072,-0.01892350032962442,0.018413051856292554,-0.004747828797805399,0.004191826299257299,0.7371925215482339,-0.0030428756226177356
"Worcester, MA-CT",2011,-0.005009694099772002,2.2364683510904477,-0.001528702559795203,0.013665223058487155,-0.009683142421354252,-0.0185635489508681,0.7255568127679848,-0.007400118490865193
"Worcester, MA-CT",2012,0.0037190125972662007,2.2349396485306525,0.09282919030013304,0.003982080637132902,0.004404962826757365,-0.005009694099772002,0.7646471014113742,-0.0030281377033489973
"Worcester, MA-CT",2013,0.0196761324691639,2.3277688388307856,0.002272232142160213,0.008387043463890267,0.005707273740190529,0.0037190125972662007,0.7712087654633769,-0.0009097591874598909
"Worcester, MA-CT",2014,0.0359298965727348,2.3300410709729458,-0.008558088867881786,0.014094317204080796,-0.010700514933465468,0.0196761324691639,0.7698042310559616,0.0037892480917571664
"Worcester, MA-CT",2015,0.010835556764684697,2.321482982105064,0.011387164838737807,0.0033938022706153288,0.0035721731672747454,0.0359298965727348,0.7741193556759384,0.009171500305387825
"Worcester, MA-CT",2016,0.00032694009308149863,2.332870146943802,-0.16827805483103964,0.006965975437890074,0.008229162118092012,0.010835556764684697,0.7246531099816946,-0.0005193310858951222
"Worcester, MA-CT",2017,0.021576690302148798,2.164592092112762,0.08068547845296692,0.015195137555982086,-0.011413823549364786,0.00032694009308149863,0.7674893000989792,-0.006253858200462814
"Worcester, MA-CT",2018,0.021492145129776,2.245277570565729,-0.047756944021355885,0.0037813140066172996,0.028474218876760507,0.021576690302148798,0.7348829261870548,0.0005660694946235736
"Worcester, MA-CT",2019,0.015315351887806899,2.197520626544373,0.01516955161627287,0.032255532883377805,-0.024576676348746922,0.021492145129776,0.737520490719687,-0.0006670265205966572
"Worcester, MA-CT",2020,0.00799847449965671,2.212690178160646,-0.20319030073970934,0.0076788565346308825,0.0031857881009508295,0.015315351887806899,0.681832765904351,-0.0020904438359002422
"Worcester, MA-CT",2021,-0.0240264658156319,2.0094998774209367,0.17313294535029433,0.010864644635581712,0.0022716443627762515,0.00799847449965671,0.7232933025774533,-0.004715461446644163
"Worcester, MA-CT",2022,0.0136936856206398,2.182632822771231,-0.09598558892791198,0.013136288998357963,0.005170768611779062,-0.0240264658156319,0.7000443357865802,-0.01374662290835909
"Worcester, MA-CT",2023,-0.005758423639071499,2.086647233843319,0.07559962452334634,0.018307057610137026,0.008569411914189255,0.0136936856206398,0.724821905081149,-0.005045779947201595
"Worcester, MA-CT",2024,-0.007784470947384801,2.1622468583666654,-0.08374840192033961,0.02687646952432628,0.02303898771112532,-0.005758423639071499,0.7065629860031104,-0.013971539607100382
