met_name,year,real_rent_growth,real_rent_growth_next_year,density_rented,bedroom_density_rented,real_relative_rent_growth_next_year,supply_growth
"Nashville-Davidson--Murfreesboro--Franklin, TN",2006,-0.0015812323122053017,-0.011252464676197997,2.264661638260925,0.741851932540053,0.002329175360500802,0.018650312638767208
"Memphis, TN-MS-AR",2009,-0.06704244828181839,-0.01935117857860804,2.6021364148816235,0.8111842521456135,-0.011984143638983369,0.002674734718933614
"Richmond, VA",2012,-0.0071676485988975015,0.007497304463449499,2.4411482232419166,0.7698436402337193,0.001513191498816048,0.012147722809821102
"St. Louis, MO-IL",2014,0.00019630451379871062,0.027325370052959402,2.2665995773949295,0.7487836226402942,0.0008061751723289004,0.0078095679184866365
"Reno, NV",2009,-0.0940206504459915,-0.01289129365099996,2.4893552165054307,0.8287391376335931,-0.005524258711375289,0.011271891690473233
"Tampa-St. Petersburg-Clearwater, FL",2015,0.0520817569290657,0.012667118091665302,2.4988819020601647,0.8270613052862725,0.007420351728797002,0.015040193620883395
"Philadelphia-Camden-Wilmington, PA-NJ-DE-MD",2010,0.011015019581146198,-0.02170284736009169,2.2900596118326035,0.7779829201842372,-0.0027725291438400884,0.0035090030894483724
"Omaha-Council Bluffs, NE-IA",2022,0.002499627667339299,-0.005593852162744502,2.0653570131125294,0.6944388107858954,0.009883395396173047,0.02766740834922653
"Seattle-Tacoma-Bellevue, WA",2010,0.0120410949145031,-0.0096248964876108,2.253455230914232,0.7611090490163808,0.009305421728640802,0.009758065436886553
"Winston-Salem, NC",2018,0.030794697628274897,0.0206018231001854,2.3409641485681645,0.7350255594344041,0.007566189393401153,0.0044892290798695215
"Boise City, ID",2005,,0.034346255225059505,2.3146245343794427,0.743498592493685,0.020967209711670907,
"Chattanooga, TN-GA",2015,0.020062905440237,0.002673592869721398,2.4621541648172807,0.7786428481193298,-0.0025731734931469016,0.06410385936552838
"Bridgeport-Stamford-Norwalk, CT",2009,-0.0835218436117706,-0.001392775944941001,2.325636845323008,0.804882091357598,0.00597425899468367,0.019899177500663306
"Bakersfield, CA",2024,-0.0148228726364498,-0.02024200980916619,3.0712678304060534,0.9138881330067923,-0.0010435427539050544,0.017036434738839198
"Indianapolis-Carmel-Anderson, IN",2014,0.0027761667656765006,0.021644753107931097,2.386783747921973,0.7816427087287475,-0.004874441772699405,0.02897859141487539
"El Paso, TX",2016,-0.014072032194055561,-0.0036794904136248016,2.9132997803297833,0.9000197578093457,-0.005530558526516002,0.01830912617684629
"Fayetteville-Springdale-Rogers, AR-MO",2006,0.04244310663354109,-0.0155067331585255,2.381547405575794,0.752838688505027,-0.0019250931218267008,0.06717578843162211
"Oxnard-Thousand Oaks-Ventura, CA",2008,-0.00708930023700118,-0.0804304189081726,3.094812516641391,0.9561573870403554,-0.02091345377266405,0.015097236438075742
"Richmond, VA",2008,0.0106312961621571,-0.0389412154476581,2.332619833241892,0.7369587773586748,0.020575749687850448,0.008125886753514769
"Milwaukee-Waukesha-West Allis, WI",2017,-0.01251404709007215,0.0072831016042385,2.2240138913395677,0.7654412830298053,-0.006182910874486001,0.032218888412630375
"Chicago-Naperville-Elgin, IL-IN-WI",2013,0.001514715486827899,0.013506289913044898,2.4968538544749332,0.8464180735339907,0.0012342398986219978,0.011065806276147961
"Detroit-Warren-Dearborn, MI",2017,0.006727199304740899,0.013080137596384,2.2956314029609466,0.7428048168156758,-0.0003858748823405006,0.009813928661728488
"Salt Lake City, UT",2020,0.011784819766148598,0.06040430869765501,2.2466232839213567,0.7308764944730144,0.04308214783668545,0.04540270461087275
"Spokane-Spokane Valley, WA",2008,0.00910459676071882,-0.0988640493746338,2.145805978808513,0.7139062015858261,-0.03934708423912526,0.034115680860340065
"San Antonio-New Braunfels, TX",2011,-0.014056453397887199,0.004989615566682801,2.5922013448968486,0.8464195153195522,0.006253582425415502,0.014555325197170154
"Boston-Cambridge-Newton, MA-NH",2009,-0.0687526620026169,0.0066680491123866995,2.2479958860849347,0.7833181811685892,0.01403508405201137,0.014684521348219303
"Albuquerque, NM",2007,-0.003604512611326195,0.015876536567358997,2.327064841281781,0.7870073572060934,0.008000248810276417,0.005963577291381669
"Denver-Aurora-Lakewood, CO",2018,0.015621314571157497,0.0055718879339457,2.3233565765056516,0.8030681464779972,-0.007463745772838547,0.045275151431954284
"Greenville-Anderson-Mauldin, SC",2015,0.026748348662759804,-0.004775933470048,2.4287870529537545,0.7481080662241393,-0.0100226998329163,0.04224496877168633
"Nashville-Davidson--Murfreesboro--Franklin, TN",2019,0.027037046023940997,-0.01485573244633561,2.3789118252430104,0.7685916315056907,-0.03212614369112996,0.03175517352920292
"Portland-Vancouver-Hillsboro, OR-WA",2016,0.0047201574636326,-0.002864916574317901,2.3915358752333287,0.8101229507410244,-0.004715984687209102,0.029349726467768317
"Sacramento--Roseville--Arden-Arcade, CA",2013,0.016368528240982096,0.0290415048289165,2.6966984226331974,0.8413686723641481,0.0167694548144936,7.838526357044876e-06
"Lincoln, NE",2017,-0.0011722638719863995,0.005700838566676102,2.230851610692255,0.7678595125403636,-0.007765173912048399,0.023559922562735144
"Greenville-Anderson-Mauldin, SC",2010,-0.004705062865786551,-0.0165694913923912,2.4276335449285074,0.7534548029982379,0.0023608268238604,0.010727278380647368
"Miami-Fort Lauderdale-West Palm Beach, FL",2011,-0.02170483107717562,0.0104621322077036,2.7249999665071964,0.9323263019902276,0.011726099066436301,0.003127985454097199
"Greensboro-High Point, NC",2007,-0.018128981763419198,-0.0134706503407669,2.2613657660856785,0.7178485990906928,-0.02134693809784948,0.021726669760078608
"Richmond, VA",2007,-0.0166865884754028,0.0106312961621571,2.2884619695577126,0.7224872255799799,0.0027550084050745206,0.00931537760548508
"Eugene, OR",2011,-0.02071507453026104,-0.0010965495187521025,2.402614748817549,0.7607305799762178,0.0001674173399805988,0.00037513397642015007
"Charlotte-Concord-Gastonia, NC-SC",2005,,-0.00045867009747310034,2.3587038501031357,0.7575544439450629,-0.013837715610861698,
"Worcester, MA-CT",2024,-0.005758423639071499,-0.007784470947384801,2.078498456446326,0.7065629860031104,0.011413996107876336,0.0499154572354516
"Salt Lake City, UT",2014,0.010953734039054898,0.030842792878057503,2.7648613561983537,0.8517814249004332,0.004323597997427001,0.030615948604406373
"Washington-Arlington-Alexandria, DC-VA-MD-WV",2006,0.0266630824030609,0.0026774742212925043,2.3846588348889606,0.8175006385745361,0.016259114257991304,0.01160338108973176
"Memphis, TN-MS-AR",2014,0.006186304024146601,0.021409866104032498,2.652192235910964,0.8004750750770593,-0.0051093287765980044,0.004969119693806541
"Omaha-Council Bluffs, NE-IA",2017,-0.005324032854396799,0.0081471081831608,2.2678830044015332,0.7483338682133679,-0.005318904295563701,0.036497248101343666
"Santa Rosa, CA",2015,0.0655363879000206,0.022535881478868498,2.703257514848147,0.8780252550354227,0.017289115116000196,0.012283745135730694
"Syracuse, NY",2013,0.003294959077302,0.0058522339600191,2.21872461639461,0.7430944785641882,-0.0064198160544038,0.004547929411011113
"Lubbock, TX",2017,-0.021190073128373798,-0.002713020145043401,2.329019563325387,0.7274177726826847,-0.0161790326237679,0.030822550831792975
"Winston-Salem, NC",2015,0.0228242731486816,0.022459021289430597,2.487935133396883,0.7749686974564447,0.017212254926562295,0.03967039844238927
"Boise City, ID",2010,-0.007459296177648311,-0.0189633256852798,2.5024905952150833,0.7553622642017531,-3.300746902819979e-05,0.0
"Pittsburgh, PA",2009,-0.0428542603771625,0.003919755310244598,1.9105603301042506,0.64386340142695,0.011286790249869269,0.004629470868625905
"Jacksonville, FL",2021,0.08782281782336401,-0.0401203159514351,2.3350604329552973,0.7260439092376297,-0.022205596789717702,0.032558999702047654
"Philadelphia-Camden-Wilmington, PA-NJ-DE-MD",2011,-0.02170284736009169,-0.004535809234130401,2.2907166227180955,0.7706892206010026,-0.0032718423753976995,0.001852024615342089
"Winston-Salem, NC",2007,-0.0161492134872046,-0.017961376036853802,2.3485143393812358,0.7330713344946255,-0.025837663793936382,0.033064957398577344
"Stockton-Lodi, CA",2008,0.00984102984204769,-0.0828362933393059,3.1359059405352068,0.9683592631478477,-0.023319328203797347,0.0020794177630263527
"North Port-Sarasota-Bradenton, FL",2013,0.014180383989277802,0.030420733957277298,2.667939623188756,0.8413518704838562,0.018148683942854398,0.0
"Denver-Aurora-Lakewood, CO",2009,-0.0708506672676144,0.0292422764156532,2.3920467023998198,0.790407599075417,0.03660931135527787,0.020210599618050794
"Tucson, AZ",2008,0.00361297357141852,-0.0588039240832863,2.503131751987083,0.8524498280006907,0.000713041052222245,0.005030668244915527
"Sacramento--Roseville--Arden-Arcade, CA",2012,-0.0050492371249676,0.016368528240982096,2.757672335718158,0.8568821686721177,0.010384415276348645,-0.00031344277710300514
"New York-Newark-Jersey City, NY-NJ-PA",2011,-0.019519757395999898,-0.0014313841987133001,2.567656471471836,0.9316191870651491,-0.0001674173399805988,0.0062976741740310704
"Detroit-Warren-Dearborn, MI",2018,0.013080137596384,0.0107831201640129,2.2811437060474806,0.742217038428775,-0.0022525135427713464,0.0016831269995826958
"Jacksonville, FL",2023,-0.0608941475156803,-0.0507285988904362,2.2520372551681254,0.7052480161042829,-0.0424548396840692,0.07293507274709575
"El Paso, TX",2007,-0.002567671189006797,0.0144108723221707,2.866260505743752,0.9069902484157063,0.00653458456508812,0.023128475688007986
"Huntsville, AL",2011,-0.014777805572765399,-0.001765546463775601,2.223342271325175,0.69660792116733,-0.0005015796050428997,0.0
"Minneapolis-St. Paul-Bloomington, MN-WI",2023,-0.02517025174983931,-0.0147954125903373,1.9201203929287507,0.7012232567062969,-0.0065216533839703005,0.04380521787271343
"Providence-Warwick, RI-MA",2008,0.00623566176056743,-0.0571217115070162,2.1689312558615783,0.7395049370358012,0.0023952536284923484,0.01265630633194816
"Tucson, AZ",2010,-0.00921556566240668,-0.0188773934826427,2.330052746687251,0.7644187142565718,5.2924733608902125e-05,0.0012824794602898939
"Winston-Salem, NC",2017,0.0055347115284615014,0.030794697628274897,2.4366120218579237,0.7553501853978053,0.017328685149550396,0.017415305753622712
"Santa Rosa, CA",2016,0.022535881478868498,0.0347397096938305,2.614549794604197,0.8578766421529564,0.0328886415809393,0.011764160993006345
"North Port-Sarasota-Bradenton, FL",2009,-0.0707194886203346,-0.0006714731301594012,2.4809906904159718,0.7905392661179699,0.00669556180946527,0.011183888072004634
"Austin-Round Rock, TX",2017,-0.0090010201075263,0.0201160561301861,2.429916153995698,0.8391716831102058,0.006650043651461601,0.05514676113360324
"Albany-Schenectady-Troy, NY",2006,0.004048554909345598,-0.009017247656282396,2.037961856259419,0.6790108849976337,0.004564392380416404,0.0253592561284869
"Albuquerque, NM",2006,0.011505192828294802,-0.003604512611326195,2.282702812057455,0.7757366590124712,0.009977127425372604,0.01021355617455896
"Fort Wayne, IN",2020,0.0164566746644821,0.05091808047003901,2.204524968451415,0.7312657442498449,0.033595919609069456,0.01317109337520171
"Milwaukee-Waukesha-West Allis, WI",2009,-0.060059730618768695,-0.0289682771857309,2.281100894796435,0.7631283779899863,-0.02160124224610623,0.007768047652916074
"Austin-Round Rock, TX",2013,0.018398040318552,0.018488070337759,2.4451896503247132,0.8352630167247036,0.0062160203233361,0.04282392574012706
"Columbus, OH",2011,-0.017650703816132998,0.0007842452448129991,2.36559135857038,0.7646799737385284,0.0020482121035457004,0.008557329538778868
"Oklahoma City, OK",2015,0.0050128630196114,-0.02413135349325085,2.548530622585344,0.8112133297941327,-0.02937811985611915,0.03694122393762831
"New Haven-Milford, CT",2010,0.0002963442508649994,-0.0159958572223954,2.2534287270386693,0.7838446060181584,0.002934460993856202,0.016301962505486236
"Detroit-Warren-Dearborn, MI",2023,-0.015470814913894699,0.006221489699947399,2.0685782503924126,0.694679323117461,0.014495248906314399,0.014359776714090614
"San Antonio-New Braunfels, TX",2020,0.0016453190438594986,0.040144488772823006,2.4665416883105578,0.853885998910984,0.02282232791185345,0.04401760489763535
"Louisville/Jefferson County, KY-IN",2015,0.0209805692379732,0.007611394379816998,2.359896999278261,0.7725526159292461,0.002364628016948698,0.028846693218152242
"Las Vegas-Henderson-Paradise, NV",2013,0.0080641129702959,0.019711343913064998,2.7977360208479856,0.8415041873194572,0.007439293898642098,0.0016792883448311635
"Milwaukee-Waukesha-West Allis, WI",2011,-0.024094178723561052,-0.0056222687292576,2.2473060587567937,0.7740062546814894,-0.004358301870524899,0.006715768845438231
"Riverside-San Bernardino-Ontario, CA",2009,-0.0735600783522663,-0.02047053518103838,3.263786928107674,0.9953179249668018,-0.013103500241413709,0.013525460855336948
"Lubbock, TX",2013,0.006005565980139701,0.0100096970486507,2.4575355471663993,0.773726575900133,-0.0022623529657722005,0.013879003558718862
"Knoxville, TN",2024,-0.011652404723298999,-0.03099554594039917,2.152741855540035,0.6944015674099655,-0.011797078885138035,0.03839369573683366
"Fort Wayne, IN",2018,0.0186708893635426,0.014485566982364702,2.1471516542697597,0.7092571395242019,0.0014499332755804548,0.019021376827696546
"Birmingham-Hoover, AL",2012,-0.0060616536814451,0.011171550834241898,2.3835131867639814,0.7480256316573453,0.005187437869608447,0.007879656160458453
"Milwaukee-Waukesha-West Allis, WI",2012,-0.0056222687292576,0.000959731051388699,2.2264104814694576,0.7520493329091389,-0.005024381913244752,0.011198477706936714
"Houston-The Woodlands-Sugar Land, TX",2019,0.010121396848297097,-0.013348062089676396,2.602305713324902,0.8886954499978863,-0.030618473334470746,0.020274929964132396
"New York-Newark-Jersey City, NY-NJ-PA",2014,0.0197677690225706,0.022098309064414,2.564794757756394,0.929431317390009,-0.0044208858162165035,0.007692289063452303
"Shreveport-Bossier City, LA",2023,-0.005194797203328102,0.0167274416409607,2.2307902886375692,0.6931394699768746,0.025001200847327702,0.001338072339535856
"Albany-Schenectady-Troy, NY",2012,-0.00949968591367006,-0.0002077758594717996,2.1612646346215754,0.718702549207968,-0.006191888824105251,0.03316002310803004
"Urban Honolulu, HI",2018,0.0028466645636711016,0.012361030199861497,2.755482661668229,0.8863280090531315,-0.0006746035069227496,0.0
"Minneapolis-St. Paul-Bloomington, MN-WI",2005,,0.0036755341411799994,2.1116262086862405,0.7519794554581888,-0.009703511372208599,
"Grand Rapids-Wyoming, MI",2006,-0.0077037878959207995,-0.0167435612025824,2.273235158158885,0.7615773311740605,-0.0031619211658836,0.028385885695441516
"Mobile, AL",2023,0.0023223748203258995,-0.0236307497151022,2.114115986138868,0.6611430930483245,-0.015356990508735199,0.0066885003920845055
"Little Rock-North Little Rock-Conway, AR",2013,-0.00869972550341153,0.002929750240133761,2.5364209857492965,0.8101193345098878,-0.009342299774289138,0.04013868205510052
"Eugene, OR",2007,0.006867870738807701,0.0104489385454345,2.134439586645469,0.7249502210522764,0.0025726507883519194,0.002999400119976005
"Syracuse, NY",2011,-0.019398377193527702,-0.004446800873029202,2.274646805896806,0.7623324155322817,-0.0031828340142965005,0.0
"Stockton-Lodi, CA",2006,0.019198803913709598,-0.010970095122155198,3.131284381421588,0.982451995274613,0.002611544914543601,0.014521209146316522
"Toledo, OH",2014,-0.00027969538540982986,0.0322525395845432,2.27065493223908,0.7316372189476761,0.0057333447039127,0.00044203779423140677
"Colorado Springs, CO",2007,-0.0071681215855445984,0.00412854769512892,2.3969680451404747,0.7589457725947522,-0.0037477400619536595,-0.006443765850628849
"Shreveport-Bossier City, LA",2011,-0.018658975055831,-0.009749081060636041,2.537142857142857,0.812322359734127,-0.00848511420190334,0.0
"Indianapolis-Carmel-Anderson, IN",2007,-0.0239373500886526,0.019813043375163097,2.178752345877605,0.7309228963114444,0.011936755618080518,0.009165696546371751
"Detroit-Warren-Dearborn, MI",2009,-0.0513543101991949,-0.02430067098098278,2.413913440527054,0.7871696861020886,-0.01693363604135811,0.0040070662243095355
"Rochester, NY",2018,0.006673165411606799,0.0023282962975264,2.0794928153615944,0.7154920764737907,-0.010707337409257847,0.009789114504670807
"San Francisco-Oakland-Hayward, CA",2010,0.028583734497852297,0.0026027710079974987,2.4881771455514974,0.8858220375770989,0.0215330892242491,0.0029820567926039905
"Austin-Round Rock, TX",2005,,0.0120532500864239,2.262490029399029,0.7907057873382959,-0.0013257954269646974,
"Corpus Christi, TX",2010,-0.0133345576781261,-0.0184724274188452,2.6467457761397104,0.8712102315245244,0.0004578907974064003,0.0009241772813115281
"Baton Rouge, LA",2015,0.016396612564231902,0.0291833751691208,2.6332857081006193,0.8372329918336023,0.0239366088062525,0.006351883080382237
"Dallas-Fort Worth-Arlington, TX",2022,-0.0202926930311604,-0.03978806456961823,2.3162896360003473,0.8135043973730177,-0.024310817010700682,0.030810767185959178
"Springfield, MO",2009,-0.0467336836304007,-0.015416310200043321,2.1300973223391932,0.6792157467988822,-0.00804927526041865,0.026032482598607888
"North Port-Sarasota-Bradenton, FL",2015,0.0340984097515602,-0.005417470368959001,2.6694290480546736,0.8547983540229251,-0.0106642367318273,0.04496371803731859
"Fresno, CA",2010,-0.00805749537753344,-0.02455072469116974,3.304290939140282,1.0329213776080097,-0.0056204064749181375,0.003331440469430248
"Orlando-Kissimmee-Sanford, FL",2011,-0.0149901582956486,0.004327240325164797,2.6672880856083587,0.8271166770274581,0.005591207183897499,0.002971376988753902
"Fort Wayne, IN",2015,0.036949560681488004,0.010424444903217298,2.343374013540903,0.7559891485809683,0.005177678540348998,0.02139959904890671
"Nashville-Davidson--Murfreesboro--Franklin, TN",2013,0.010169153446021999,0.016919860957847598,2.472684075627455,0.7945607136506273,0.004647810943424698,0.03456006178335067
"Chattanooga, TN-GA",2023,-0.0397334289964397,-0.0496374818511133,2.2741052341217847,0.7221871824520831,-0.041363722644746304,0.034537424980183445
"San Diego-Carlsbad, CA",2014,0.0275453760909901,0.0538977204655666,2.8693472119638463,0.9469319701693757,0.0273785255849361,0.016509747820879633
"Virginia Beach-Norfolk-Newport News, VA-NC",2011,-0.02652079463975358,-0.01434621199068725,2.5424311873723235,0.7854048579247194,-0.013082245131954549,0.013329962073324906
"Memphis, TN-MS-AR",2010,-0.01935117857860804,-0.02665369390548992,2.629027193368084,0.825044344507552,-0.007723375689238317,-0.0009402195303275463
"Kansas City, MO-KS",2012,-0.002396782003688801,0.005276398146215401,2.295075901805407,0.7462414445560513,-0.0007077148184180503,0.005615520931624128
"Jacksonville, FL",2015,0.033791173884775205,0.014872750718675599,2.5994285919828166,0.7945900266870236,0.0096259843558073,0.027390611777589727
"Grand Rapids-Wyoming, MI",2019,0.017942323454952197,0.034798543780311594,2.3093915501931273,0.753791165050121,0.017528132535517243,0.024212336969538617
"Salt Lake City, UT",2005,,0.020295343113061897,2.4397320309287656,0.8036503584288593,0.006916297599673299,
"Austin-Round Rock, TX",2006,0.0120532500864239,0.004706867089572901,2.3195828727117624,0.7958985877127877,0.0182885071262717,0.022839724652022855
"New York-Newark-Jersey City, NY-NJ-PA",2008,-0.0121489983679366,-0.11358787184911351,2.51703166344175,0.9420607760133339,-0.05407090671360496,0.00491826629018609
"Columbus, OH",2023,-0.009768935874487902,0.0011040975324984013,2.1538261928562794,0.7130012231323316,0.009377856738865402,0.042099419284472
"Harrisburg-Carlisle, PA",2009,-0.054128057047301295,0.0017028853450489004,2.1019946712752935,0.7118811060222512,0.009069920284673572,0.01265170143571032
"Sacramento--Roseville--Arden-Arcade, CA",2021,0.03448862638182801,-0.0487875120985789,2.548231723014842,0.821456074019605,-0.0308727929368615,0.005452196189437677
"Indianapolis-Carmel-Anderson, IN",2013,0.0005687096805010016,0.0027761667656765006,2.3910997184519056,0.7781178556199659,-0.009495883248746399,0.013408656276789836
"Minneapolis-St. Paul-Bloomington, MN-WI",2020,-0.015237395073086381,-0.034852340260074596,2.007221947049707,0.7291132229719309,-0.05217450112104415,0.04200980563213177
"Indianapolis-Carmel-Anderson, IN",2009,-0.0407462256993589,-0.019739696088753943,2.330348093449506,0.7736331068490981,-0.012372661149129272,0.0066932465294983114
"Providence-Warwick, RI-MA",2009,-0.0571217115070162,0.0018272858266305987,2.1903673908681296,0.7227632929336099,0.00919432076625527,0.006258432019187528
"Lincoln, NE",2006,-0.00605376927841,-0.020677119443115198,1.8873514887791523,0.6458640074956499,-0.007095479406416399,0.029312535600052578
"Raleigh, NC",2021,0.08028409685797899,-0.020077445757715195,2.3161551064991808,0.7291458556487622,-0.0021627265959977965,0.01977271234316495
"El Paso, TX",2011,-0.02075789487959671,-0.00906099572812319,2.9754282849925793,0.9271916471925048,-0.007797028869390489,0.036883061507301994
"Colorado Springs, CO",2008,0.00412854769512892,-0.0618126808698711,2.408222390839484,0.7402412908423976,-0.0022957157343625537,0.012450186231865184
"Birmingham-Hoover, AL",2020,0.018859524159893,0.01690974887318801,2.1835433780111324,0.70941688781725,-0.0004124119877815455,0.016856627681924204
"Buffalo-Cheektowaga-Niagara Falls, NY",2023,0.0023785112198334013,0.006388148012029599,1.9397572545633066,0.6260705054045489,0.0146619072183966,0.01985963864416903
"Santa Rosa, CA",2019,-0.008100093236827902,0.004503784581288299,2.5527755067519946,0.853616459663925,-0.012766626663506052,0.019570099454603786
"St. Louis, MO-IL",2012,-0.006778452620255901,0.0020935827583703995,2.282189206647484,0.7552553282041615,-0.0038905302062630515,0.0047532820280669985
"Oklahoma City, OK",2023,-0.008835782319690701,-0.007314460632932701,2.183698206094059,0.7118907327392957,0.0009592985734342991,0.013615765402769202
"Santa Rosa, CA",2008,0.00700230368658781,-0.079819884806448,2.466353271570079,0.8070812460355911,-0.020302919670939452,0.0022589637604537153
"San Jose-Sunnyvale-Santa Clara, CA",2012,0.027114870883178696,0.038400871092144,2.8851956518488615,0.9629293244339093,0.03241675812751055,0.0299480365166894
"Urban Honolulu, HI",2019,0.012361030199861497,0.0030792689614142985,2.7068296425405762,0.8727541710396438,-0.014191142283380052,0.0
"Syracuse, NY",2009,-0.0555509633417664,0.0020300850425434003,2.1258193890780435,0.6983870454111203,0.009397119982168071,0.0010398726156045884
"Orlando-Kissimmee-Sanford, FL",2023,-0.060884294122840896,-0.037698399556410786,2.4181183727794666,0.7724865441988061,-0.029424640350043788,0.06692165366862964
"Springfield, MO",2014,0.007079889408038601,0.0187669533138533,2.287853522428965,0.7123367243603913,-0.0077522415667772016,0.003456374351929809
"Springfield, MO",2021,-0.0059339324026565915,-0.000768457752792398,1.945998403431058,0.6421130375948393,0.017146261408925,0.02112676056338028
"Providence-Warwick, RI-MA",2018,0.014184380696073497,0.0090757674661636,2.2484468445767005,0.7627520892618129,-0.003959866240620648,0.021796657381615597
"Orlando-Kissimmee-Sanford, FL",2008,-0.019030649836511603,-0.069007475584322,2.625080338765183,0.8181450524039113,-0.00949051044881346,0.04813662079138906
"Chicago-Naperville-Elgin, IL-IN-WI",2017,-0.0072622511052675,0.007932883501902601,2.4563683428290344,0.8385179306757936,-0.005533128976821899,0.015892742206443725
"New York-Newark-Jersey City, NY-NJ-PA",2005,,0.04425622777354429,2.48712352807351,0.9131095744816518,0.030877182260155695,
"Chicago-Naperville-Elgin, IL-IN-WI",2005,,0.0209416362763615,2.439983702552635,0.8521591798442353,0.007562590762972901,
"Detroit-Warren-Dearborn, MI",2022,-0.030410804999200798,-0.015470814913894699,2.0900846042241414,0.6910024824979043,6.432645022850028e-06,0.008814874264312466
"Baltimore-Columbia-Towson, MD",2007,-0.0132271479311552,0.01011340909883261,2.2872671162792217,0.7600164678073918,0.002237121341750031,0.012184878920159467
"Oxnard-Thousand Oaks-Ventura, CA",2018,0.018286450580612203,0.008095300861930797,3.164118276718813,0.9914028917545916,-0.00494033284485345,0.031609195402298854
"Pittsburgh, PA",2020,-0.009652138109118101,-0.013875889965818393,1.8009122644602595,0.6205754123855223,-0.03119805082678795,0.013603334366160581
"Las Vegas-Henderson-Paradise, NV",2022,-0.06868644825103712,-0.04193028530516815,2.5922595560693127,0.812095972477815,-0.0264530377462506,0.012212183862471325
"Austin-Round Rock, TX",2010,-0.0026755619640875007,-0.008488075724261301,2.4014882761155003,0.8144563759836929,0.0104422424919903,0.011383775124716982
"Santa Rosa, CA",2010,-0.0018605513344932007,-0.0171542399659925,2.6435276778245456,0.8789274094218094,0.001776078250259102,-0.0002389600458803288
"Greensboro-High Point, NC",2014,0.0113536681669817,0.021200813988353703,2.461699139898192,0.7712079010824945,-0.005318380892276799,0.03141399240647143
"Philadelphia-Camden-Wilmington, PA-NJ-DE-MD",2024,-0.008576449287665398,-0.0118540656137466,2.0632786507467844,0.7053591284902447,0.007344401441514535,0.03651189964394766
"Lubbock, TX",2010,-0.013819349204231352,-0.021498555234091762,2.4034214690302016,0.7535446205170976,-0.002568237017840161,0.028347471276709977
"Augusta-Richmond County, GA-SC",2021,0.012954898735954304,-0.030516826761094996,2.391020331619497,0.7320281138909223,-0.012602107599377597,0.048343529037896245
"Little Rock-North Little Rock-Conway, AR",2020,0.023374218373760202,0.0024818187565346095,2.0890003375608814,0.6906537675415241,-0.014840342104434946,0.04429781327325032
"Oklahoma City, OK",2009,-0.0562026693518696,-0.01288995731952071,2.4277900829863266,0.7677925988467337,-0.0055229223798960395,0.010881267302368502
"Syracuse, NY",2007,-0.009594868818220095,0.00675459469914317,2.1983211049896862,0.7209582120226066,-0.0011216930579394102,0.0047570281787849755
"El Paso, TX",2023,-0.008402940839912401,-0.0132422151990061,2.5636064111549,0.7864711745998062,-0.0049684559926390995,0.01541840544695805
"Worcester, MA-CT",2009,-0.059018588348799694,0.004191826299257299,2.255391851420072,0.7455978311427698,0.01155886123888197,0.018413051856292554
"Corpus Christi, TX",2012,0.017201504595232002,0.0341418062985573,2.619835091436731,0.8619754171655477,0.02815769333392385,0.0
"Palm Bay-Melbourne-Titusville, FL",2018,0.020538165048614502,0.007946810790634199,2.42853262837691,0.7738192769694102,-0.005088822916150048,0.028052641994854542
"Louisville/Jefferson County, KY-IN",2019,0.0091657593039036,0.0082711743854132,2.3144417868799363,0.7513522476124616,-0.00899923685938115,0.026102382159148504
"Lincoln, NE",2010,-0.014697348992148713,-0.0185238671586089,2.1931080585685634,0.7318040194857994,0.00040645105764270176,0.007562608480039673
"Fayetteville-Springdale-Rogers, AR-MO",2024,-0.008166337666643101,-0.01697783827215433,2.2905688081947537,0.7224251868949345,0.0022206287831068074,0.06092467233184502
"Urban Honolulu, HI",2006,0.057198378008720394,0.019018758138719602,2.7076119071067763,0.8938033375719361,0.032600398175418405,0.00018029712966969566
"Lansing-East Lansing, MI",2009,-0.048059598266655,-0.013552767430473418,2.1464155848718534,0.7133916008383981,-0.006185732490848746,0.0
"Atlanta-Sandy Springs-Roswell, GA",2022,-0.0464191317829771,-0.0568306586001177,2.408540635540106,0.7567687073586967,-0.04135341104120015,0.029723991507430998
"Kansas City, MO-KS",2022,-0.006393128288118395,-0.006092025921132102,2.0445451558305487,0.6876004074156317,0.009385221637785447,0.028555188157420253
"Lansing-East Lansing, MI",2015,0.019464445004369703,0.010598883484087898,2.2426611527838567,0.755720337905535,0.005352117121219599,0.004031409941807474
"Gainesville, FL",2024,-0.02102356199322391,-0.012848520683050202,1.8295222324008173,0.6200985221674877,0.006349946372210934,0.025908301231210816
"Los Angeles-Long Beach-Anaheim, CA",2015,0.044887990394737204,0.0165346958530769,2.924027087834978,1.0592054383668115,0.0112879294902086,0.00831660423001327
"Tampa-St. Petersburg-Clearwater, FL",2019,0.0200004867402077,0.033782094597086004,2.4830581317548925,0.8238636455705227,0.016511683352291653,0.020497366421215378
"Chattanooga, TN-GA",2005,,0.04009706036460109,2.2475280962119366,0.7370892018779343,0.02671801485121249,
"Fayetteville, NC",2013,-0.011369609162521,-0.01165848656864309,2.4109005885672823,0.7076151261299636,-0.02393053658306599,0.036481965259636095
"Pittsburgh, PA",2012,-0.00894835226272345,-0.0031485088452066993,1.9624642688390765,0.6580513435948607,-0.00913262180984015,0.005563550247583652
"Wichita, KS",2007,-0.0163841954860058,0.016692209367303798,2.2225390133305023,0.7546874436760064,0.008815921610221218,0.006416324813295467
"Greenville-Anderson-Mauldin, SC",2005,,0.0373746629179688,2.3133381976630663,0.7322241197039928,0.023995617404580203,
"Oxnard-Thousand Oaks-Ventura, CA",2019,0.008095300861930797,0.038388993471130395,3.1803923907209732,1.0034840583164253,0.021118582226336044,0.026682304647412402
"Springfield, MO",2007,-0.0222949832174149,0.0143463586761045,2.0449810125296994,0.6625414495499763,0.006470070919021921,0.07379713914174252
"Spokane-Spokane Valley, WA",2012,-0.0068171909827471015,0.007692159497800799,2.2610304308526663,0.7162562516702936,0.0017080465331673483,0.013142533106507889
"Columbus, OH",2022,-0.0090351004424973,-0.009768935874487902,2.1568862937582742,0.7246856768976261,0.005708311684429647,0.024007647029229764
"Denver-Aurora-Lakewood, CO",2024,-0.0584789517350321,-0.06141657944202421,2.0890509599594176,0.7362257601938048,-0.04221811238676307,0.06198997013113329
"Virginia Beach-Norfolk-Newport News, VA-NC",2016,0.0002809674335346006,-0.0023398015164919003,2.5476835524206476,0.7683070240427555,-0.004190869629383101,0.023981239356405698
"Urban Honolulu, HI",2009,-0.0819497077758846,0.023617140219039903,2.5484504036041455,0.8147014308513439,0.030984175158664574,0.0023423423423423423
"Huntsville, AL",2006,0.0361987713099689,-0.013137320006188398,2.186947806073205,0.698948034485486,0.0004443200305104013,0.0119533527696793
"Chicago-Naperville-Elgin, IL-IN-WI",2008,0.0214304396255302,-0.0508994746054945,2.461972543902522,0.8497806614970723,0.008617490530014045,0.005869634381513249
"Boise City, ID",2009,-0.0912511653299866,-0.007459296177648311,2.6271998163061125,0.7794641466832762,-9.226123802363959e-05,0.009268292682926829
"Baton Rouge, LA",2014,0.0133558515149221,0.016396612564231902,2.5497417065443857,0.7943820524448475,-0.0101225823163986,0.0054255679891488644
"San Jose-Sunnyvale-Santa Clara, CA",2007,0.036465525677505495,0.009502414923756121,2.776528368467484,0.956115306895108,0.001626127166673541,0.006328844730641306
"Omaha-Council Bluffs, NE-IA",2020,0.0033258347503986006,-0.014158293047473895,1.9977422780711331,0.684036669251993,-0.03148045390844345,0.03415289082822858
"Austin-Round Rock, TX",2020,-0.02012856409771776,0.08090444709964001,2.1939189398396137,0.7788024004748192,0.06358228623867046,0.05507179516752206
"Columbus, OH",2009,-0.03170677968631065,-0.00475301014589548,2.3327628955422277,0.7610028108304608,0.0026140247937291913,0.010567171321095796
"Sacramento--Roseville--Arden-Arcade, CA",2007,-0.017512874627408,0.00186283870845914,2.5039563892760746,0.8074136933285452,-0.00601344904862344,0.006478247062559543
"San Antonio-New Braunfels, TX",2013,0.005962659949127201,0.0128634798961744,2.6434677261067607,0.8671408938827797,0.0005914298817514992,0.03293595634102752
"Fayetteville, NC",2008,-0.0124331309156132,-0.060359780400568,2.4307002588874154,0.7131256869743489,-0.0008428152650594503,0.01912568306010929
"Chattanooga, TN-GA",2022,-0.0033162135902327985,-0.0397334289964397,2.2313253012048193,0.7216094582879908,-0.024256181437522152,0.04389455849324245
"Birmingham-Hoover, AL",2006,0.0362239281953545,-0.016771458038982397,2.2757718858874956,0.7237951639023845,-0.0031898180022835974,0.00381657538690533
"Grand Rapids-Wyoming, MI",2013,0.008630981081787099,0.0203796907949314,2.520636695497747,0.790684479290246,0.008107640780508501,0.0021192633732826658
"Fort Wayne, IN",2011,-0.0246499687530272,3.068421001430066e-05,2.2815777418810423,0.7265712574666401,0.001294651068747002,0.009926524256727166
"Fayetteville-Springdale-Rogers, AR-MO",2010,-0.0057333296011614805,-0.018040169878321202,2.4489451185879756,0.7710818526196963,0.0008901483379303993,0.006731740154830024
"Springfield, MO",2024,0.0101935171507473,0.0148015971910954,2.1073033025740653,0.6861912692803803,0.034000064246356536,0.035489632678418884
"Urban Honolulu, HI",2020,0.0030792689614142985,0.011792272886707311,2.5269211522221875,0.8288506174580987,-0.0055298879742622445,0.028171960531362224
"Oxnard-Thousand Oaks-Ventura, CA",2016,0.0155595452381001,0.0195930853969269,3.1868050699731136,0.9925463552290539,0.0177420172840357,0.007875212843590367
"Salt Lake City, UT",2009,-0.0653332403894005,-0.027136471852235798,2.5648734777495354,0.8160303201296331,-0.019769436912611127,0.03645140834986806
"Allentown-Bethlehem-Easton, PA-NJ",2015,0.0225713110362549,0.007435687337599799,2.3952955197349817,0.7693478014046357,0.002188920974731499,0.035700877163043106
"Miami-Fort Lauderdale-West Palm Beach, FL",2014,0.017458383335457798,0.0248187078928013,2.81624603277986,0.9527307861481361,-0.0017004869878292014,0.020551984877126655
"San Jose-Sunnyvale-Santa Clara, CA",2008,0.009502414923756121,-0.1112206361289558,2.7961523722588453,0.9451796996781955,-0.051703670993447255,0.00426031901674542
"Greensboro-High Point, NC",2015,0.021200813988353703,0.014900165129982,2.3921631577168734,0.7555738199245883,0.009653398767113701,0.006236811254396249
"Nashville-Davidson--Murfreesboro--Franklin, TN",2008,0.0104659463582921,-0.0542093931730328,2.333532011098551,0.7547237538762201,0.005307571962475749,0.01959382315969139
"Austin-Round Rock, TX",2015,0.0391768111681004,-0.0039425897555723025,2.4357713662598437,0.8470780816292642,-0.009189356118440602,0.047747077992856386
"Detroit-Warren-Dearborn, MI",2021,0.006790757736637107,-0.030410804999200798,2.180036008809298,0.7149725980814703,-0.012496085837483399,0.016723257068511407
"Harrisburg-Carlisle, PA",2011,-0.0188973107472234,-0.006781307123947101,2.1990787410394264,0.6941022060383228,-0.0055173402652144,0.01797518265104952
"Oxnard-Thousand Oaks-Ventura, CA",2024,-0.0030229671872978,-0.03112138112440705,2.9289203636097367,0.9246681879877282,-0.011922914069145914,0.00834583390154098
"Fayetteville, NC",2005,,0.03770204887997819,2.432670565302144,0.7049824878544797,0.02432300336658959,
"Birmingham-Hoover, AL",2011,-0.023594992151873592,-0.0060616536814451,2.491365349154173,0.7663102448262936,-0.004797686822712399,0.006307442782483331
"Toledo, OH",2007,-0.018516953984197598,0.0124011564372468,2.1099623076117684,0.690349461099383,0.00452486868016422,0.0
"Richmond, VA",2014,0.0089586641329393,0.028597921768333402,2.464798367738838,0.7546303866540507,0.0020787268877029003,0.020438572200904573
"Reno, NV",2006,0.0315098229171009,-0.004170335778888701,2.3559228833752686,0.8173357073486566,0.009411304257810098,0.001931558445739304
"Orlando-Kissimmee-Sanford, FL",2016,0.013080349643312502,0.029393221486251803,2.7541653714189427,0.852228687832676,0.027542153373360603,0.03045110501519859
"Ann Arbor, MI",2018,0.007647593320265801,0.0204074747053146,2.2591146529746307,0.743891700226603,0.007371840998530353,0.015053098257552326
"Salt Lake City, UT",2021,0.06040430869765501,-0.019089826596109395,2.28283299904646,0.7493006449607584,-0.0011751074343919962,0.05866538521481635
"Santa Rosa, CA",2007,0.004496313681903799,0.00700230368658781,2.5244609490818886,0.8138139559092823,-0.0008739840704947701,0.019402253797158257
"Orlando-Kissimmee-Sanford, FL",2021,0.111342602035477,-0.003976349932281499,2.5107920939385178,0.7903595656334748,0.0139383692294359,0.04861353521249673
"Austin-Round Rock, TX",2023,-0.07911198681631279,-0.0785236044801598,1.962145635071619,0.6867253913361046,-0.0702498452737928,0.07354833825422061
"Charlotte-Concord-Gastonia, NC-SC",2024,-0.0355741733699863,-0.040870082596242405,2.2541917284587827,0.7222902673299427,-0.02167161554098127,0.07829133288179929
"Wichita, KS",2024,-0.0161232383005147,0.0020643435102701,2.040261519881085,0.6740572498436583,0.021262810565531236,0.016924578279659836
"Dallas-Fort Worth-Arlington, TX",2020,0.0028901303850259984,0.06009472217269102,2.3967898072343097,0.8417686831536264,0.04277256131172146,0.03438733844025242
"Houston-The Woodlands-Sugar Land, TX",2017,0.011525797892253897,-0.0078319843849983,2.689755990473783,0.9126331672696397,-0.0212979968637228,0.02663633355677429
"Santa Rosa, CA",2009,-0.079819884806448,-0.0018605513344932007,2.550110892580659,0.8423797850968539,0.0055064836051314705,0.003404785882127272
"Bakersfield, CA",2007,0.002711519649330099,0.00802989754140258,3.0997746987820674,0.9511052334532242,0.0001536097843200003,0.031762910906653105
"Philadelphia-Camden-Wilmington, PA-NJ-DE-MD",2015,0.024340384343769103,0.00022480123170470073,2.3968787413283184,0.801026851513946,-0.005021965131163599,0.016049403321371943
"Jacksonville, FL",2016,0.014872750718675599,0.0190933414286785,2.5905452987702304,0.7923053816631676,0.017242273315787298,0.020325350969633102
"San Diego-Carlsbad, CA",2022,-0.010441364002553896,-0.0169355767075081,2.555642555049662,0.8719806003189182,-0.0014583291485905526,0.013901458392059701
"Baton Rouge, LA",2011,-0.0253291739247911,-0.005805661045360601,2.4887816245006658,0.7833234379911291,-0.0045416941866278995,0.012548816907879623
"Rochester, NY",2016,0.006297126863680801,0.0090002708620243,2.1654207893878437,0.727610261796842,0.0071492027491331,0.02312664499148475
"Denver-Aurora-Lakewood, CO",2019,0.0055718879339457,-0.00805925729571319,2.2920104936799426,0.7940143230586704,-0.02532966854050754,0.03930855036895371
"Los Angeles-Long Beach-Anaheim, CA",2021,-0.010549231806323993,-0.031943832737533595,2.703486599155672,0.9821936285398891,-0.014029113575816196,0.010796551063117612
"San Antonio-New Braunfels, TX",2016,-0.004872666220583001,-0.01191466091956568,2.8043061672903855,0.9190915667404695,-0.01376572903245688,0.034638022007482054
"Reno, NV",2012,-0.003178816363561201,0.0148365808368359,2.5648749364801535,0.8277574299823247,0.008852467872202448,0.0018116498295820923
"Charlotte-Concord-Gastonia, NC-SC",2018,0.024618568644777298,0.0246747798410416,2.4931793127435435,0.7768012365032965,0.011639146134257351,0.05444537284492381
"Austin-Round Rock, TX",2014,0.018488070337759,0.0391768111681004,2.4553058435237474,0.8410294466006011,0.012657616287469899,0.0469761344616501
"Minneapolis-St. Paul-Bloomington, MN-WI",2024,-0.0147954125903373,0.0012041069251298997,1.9836708790291153,0.7310821335569979,0.020402573980391036,0.039104972375690605
"New York-Newark-Jersey City, NY-NJ-PA",2017,-0.0111838893481679,0.0033447787174138988,2.5733703751626043,0.937362328458287,-0.010121233761310602,0.020660184089342858
"Fort Wayne, IN",2023,-0.0192978382337947,-0.0006873740829352985,2.0596630053934883,0.6863922016242243,0.007586385123431702,0.022858089361878338
"Charlotte-Concord-Gastonia, NC-SC",2007,-0.013014258766468997,-0.0139181266234827,2.354258104660049,0.7383711259461251,-0.02179441438056528,0.03297168855569268
"Urban Honolulu, HI",2017,0.006159394282739601,0.0028466645636711016,2.6733207073455674,0.8755935716017283,-0.010619347915053399,0.00783610935413592
"Chicago-Naperville-Elgin, IL-IN-WI",2012,0.000673578045916598,0.001514715486827899,2.5320215697099213,0.8595972224434216,-0.004469397477805552,0.0010102857726240206
"New Haven-Milford, CT",2007,-0.011113468507226897,0.00782822150051475,2.21049612038561,0.7587176457675596,-4.8066256567830604e-05,0.01726118307702125
"Spokane-Spokane Valley, WA",2024,-0.029286548776162147,-0.015075882928371401,2.0546723796525224,0.6811341047322356,0.004122584126889735,0.050197378039865494
"Kansas City, MO-KS",2015,0.024391003588344604,0.0080866464269981,2.312943179252002,0.7443792460340533,0.0028398800641298,0.033037705513199525
"Akron, OH",2021,0.0018631523460884009,-0.0120443713191433,2.0141435640930134,0.6630523129528161,0.005870347842574099,0.019633840164743715
"Mobile, AL",2015,0.0389455861245651,-0.008126941989578201,2.5582118052305445,0.7837258118167949,-0.0133737083524465,0.002456761006289308
"Harrisburg-Carlisle, PA",2017,-0.0024617544823474988,0.0217852767565403,2.1877362512434275,0.7187926043514801,0.008319264277815798,0.019152578643269847
"Fort Wayne, IN",2022,-0.004971982193319298,-0.0192978382337947,2.1194776562367506,0.6842180902390452,-0.003820590674877151,0.03152364273204904
"Denver-Aurora-Lakewood, CO",2007,-0.004493862340148896,0.016736391310243598,2.33516162344368,0.7942583784906235,0.008860103553161018,0.012001907300844198
"Eugene, OR",2009,-0.0896558879907665,-0.0056786004300642,2.3786083735234502,0.7690956037312632,0.001688434509560471,0.004042472915431467
"Charleston-North Charleston, SC",2007,-0.011582428539093997,-0.022851618628354102,2.3605480613037644,0.7047771674380845,-0.030727906385436682,0.026777563647428747
"Eugene, OR",2019,0.013483214297628401,0.0175238827906694,2.1823639946835325,0.7407708941563257,0.0002534715458750482,0.03866731517509728
"Los Angeles-Long Beach-Anaheim, CA",2008,0.0126031174628425,-0.0984732440705833,2.9109319364048716,1.0734386037616839,-0.03895627893507476,0.007631407337145444
"Albuquerque, NM",2009,-0.055518819674426095,-0.007779573354445701,2.3404934228887195,0.765310685311537,-0.0004125384148210296,0.011800580630338979
"Worcester, MA-CT",2005,,-0.0009048686056166017,2.1626990923103273,0.7460581691555429,-0.0142839141190052,
"Wichita, KS",2022,-0.0056213077429217995,-0.0027835900191326007,2.232355039484366,0.7258830258258306,0.012693657539784948,0.003286060186786579
"Boston-Cambridge-Newton, MA-NH",2011,-0.014282992026227001,-0.0006442378092289015,2.1904344953630845,0.7629770242519831,0.0006197290495037998,0.0028007281893292256
"Wichita, KS",2019,0.010081506439781202,0.013350665449365598,2.2733840214121606,0.7151692174716481,-0.003919745795428753,0.03487604297977069
"Jacksonville, FL",2006,0.0201720397294731,-0.029139256054457698,2.2708794221642368,0.7330590719874995,-0.015557616017758898,0.016075947515468893
"Spokane-Spokane Valley, WA",2021,0.024529085120632205,-0.034890176010458,2.2186410143889876,0.7494772567683545,-0.0169754568487406,0.03045658203541711
"Atlanta-Sandy Springs-Roswell, GA",2007,-0.026612196067270298,-0.017468093584628103,2.6874650601101795,0.8536480383328343,-0.025344381341710683,0.012510353115678812
"Jackson, MS",2016,-0.008089283029951102,-0.0133496613689847,2.500931312512758,0.770585113701134,-0.0152007294818759,0.012129728930143116
"Lincoln, NE",2005,,-0.00605376927841,1.9222262818170746,0.672578514509737,-0.0194328147917986,
"Winston-Salem, NC",2020,0.036057997374996195,0.061878644487335016,2.111814833274577,0.699378401880898,0.04455648362636546,0.010871263003342601
"Grand Rapids-Wyoming, MI",2007,-0.0167435612025824,0.0120673266543436,2.2507492142387253,0.7414400603570053,0.00419103889726102,0.0003946719289590528
"Palm Bay-Melbourne-Titusville, FL",2012,0.002240071929645499,0.006442635664406801,2.5587974640398117,0.7557065559330565,0.0004585226997733498,0.0
"Fayetteville-Springdale-Rogers, AR-MO",2023,-0.0082741147134562,-0.008166337666643101,2.32866874494862,0.7027190879696733,0.00010742153972389916,0.03950093574547723
"Baton Rouge, LA",2018,-0.02256497549739444,-0.0252071347894907,2.5256465859205584,0.7922685116055281,-0.03824276849627495,0.053093073767194916
"Bridgeport-Stamford-Norwalk, CT",2015,0.0179089463149567,-0.005190560142911901,2.622134947205769,0.8865617429649186,-0.010437326505780201,0.05585704318164199
"New Haven-Milford, CT",2021,-0.011867086777017595,-0.0254348229888363,2.0953134299123857,0.7416886888301631,-0.007520103827118901,0.016552796756096205
"Milwaukee-Waukesha-West Allis, WI",2015,0.0152539319192429,-0.0050480258794799015,2.2777203421933203,0.778816237205901,-0.010294792242348201,0.01681988133408609
"Cincinnati, OH-KY-IN",2015,0.025219914207365003,0.0030684661907777987,2.288627306898793,0.7624851846751575,-0.002178300172090501,0.009614052812110448
"San Francisco-Oakland-Hayward, CA",2021,0.0013505225986977093,-0.048561409329204094,2.4197295996730412,0.8754264144175771,-0.030646690167486695,0.015235272569849146
"Seattle-Tacoma-Bellevue, WA",2013,0.0181973105014,0.0230982735442982,2.381099759986315,0.7970791190484202,0.0108262235298753,0.023887207499815457
"Mobile, AL",2005,,0.036718326372024504,2.374831653266947,0.7499210650102133,0.023339280858635906,
"Kansas City, MO-KS",2016,0.0080866464269981,-0.0049227967375106985,2.2838436710871783,0.7427019783705119,-0.006773864850401899,0.023646952505271615
"San Francisco-Oakland-Hayward, CA",2009,-0.0939805141683159,0.028583734497852297,2.5249352420694158,0.9052900873288542,0.035950769437476965,0.005016327026180754
"Oxnard-Thousand Oaks-Ventura, CA",2021,0.049813397786095004,-0.05419667831542921,2.9667535518168613,0.9372176584692695,-0.03628195915371181,0.002768126994887439
"Eugene, OR",2010,-0.0056786004300642,-0.02071507453026104,2.2505691664684493,0.7191430913641373,-0.0017847563140094384,0.0017178441056474125
"Winston-Salem, NC",2021,0.061878644487335016,-0.015884787988988895,2.211467408093914,0.7070869501657454,0.002029931172728504,0.0
"Shreveport-Bossier City, LA",2008,-0.0134310952083778,-0.0601119927163658,2.4432929421768708,0.785366520320481,-0.0005950275808572561,0.00540386803185438
"Jackson, MS",2010,-0.007941513120703701,-0.02192267860324907,2.5754142886612117,0.7963355711119261,-0.0029923603869974683,0.006940276110444178
"Stockton-Lodi, CA",2007,-0.010970095122155198,0.00984102984204769,3.0657286881901578,0.9357627520377951,0.00196474208496511,0.00826546246270462
"Bridgeport-Stamford-Norwalk, CT",2005,,-0.004318823355320002,2.310762966896796,0.8037529199425825,-0.0176978688687086,
"Fresno, CA",2007,-0.0001024305316771959,0.01007111029013872,3.154591014711002,0.9845781025734328,0.00219482253305614,0.014371001302918927
"Spokane-Spokane Valley, WA",2013,0.007692159497800799,0.0118740278917418,2.3138189327565772,0.7309405615730841,-0.00039802212268109927,0.03618345240838903
"Allentown-Bethlehem-Easton, PA-NJ",2009,-0.055964418410831496,-0.0001246219347644014,2.2935171855852854,0.7385554308307059,0.00724241300486027,0.013092291689084974
"Mobile, AL",2021,0.05005709882683901,-0.006239147138921701,2.337495676236596,0.7119288671632199,0.011675572022795698,0.0038540118870728085
"Greenville-Anderson-Mauldin, SC",2017,-0.01709660724561286,0.0206768985846195,2.3917720373387117,0.7640233812503958,0.007210886105895001,0.04966351922374668
"Bakersfield, CA",2023,-0.0053326944116611,-0.0148228726364498,2.9945337174192206,0.9134618947546729,-0.0065491134300828,0.0022118742724097787
"Orlando-Kissimmee-Sanford, FL",2009,-0.069007475584322,-0.014429402587074387,2.7225307441549016,0.8528194912657064,-0.007062367647449715,0.020469079858023306
"Baton Rouge, LA",2019,-0.0252071347894907,0.0159714742295589,2.5568910775610703,0.8063585586812887,-0.0012989370152354518,0.019224403534234717
"San Jose-Sunnyvale-Santa Clara, CA",2009,-0.1112206361289558,0.031155853733844798,2.775466809245702,0.9543626970557081,0.038522888673469466,-0.0005302807120912419
"Syracuse, NY",2008,0.00675459469914317,-0.0555509633417664,1.9885701451192275,0.6693687942070866,0.003966001793742145,0.011770507973039619
"Fort Wayne, IN",2006,-0.005366868588212,-0.0174436978492107,2.1004353775345193,0.7125002109811467,-0.0038620578125119,0.004142011834319527
"Mobile, AL",2017,-0.0067114538961239,0.0182234484710846,2.451806680622554,0.7354523067178482,0.004757435992360101,0.010587197333594745
"San Francisco-Oakland-Hayward, CA",2017,-0.004881606202680602,0.0157190252103958,2.5756710421342777,0.9283236199899102,0.0022530127316712986,0.022375520636122682
"Greensboro-High Point, NC",2017,0.0018125802761725998,0.031260820851579704,2.3425148027177616,0.7311722438476552,0.017794808372855204,0.024374985518663548
"Pittsburgh, PA",2005,,-0.004940874192002301,1.9155381501031084,0.6469507254822278,-0.0183199197053909,
"Baton Rouge, LA",2009,-0.0553010950829325,-0.00617882309811592,2.4604325606287976,0.7648734084303037,0.0011882118415087514,0.009488110577486237
"Tucson, AZ",2005,,0.014558694076654399,2.306762213952015,0.8088655042203465,0.0011796485632658005,
"Eugene, OR",2018,0.022768820450559602,0.013483214297628401,2.2919303424775843,0.7458544337756974,0.00044758059084415436,0.007299985302043016
"Washington-Arlington-Alexandria, DC-VA-MD-WV",2018,0.0105023372926865,0.008554558375215501,2.5266405598092847,0.8576345621979758,-0.004481075331568746,0.021941713446846343
"Akron, OH",2013,-0.0018447671368089,0.018366286872612,2.2457510046885467,0.7242724738252587,0.006094236858189099,0.009706128300083623
"Nashville-Davidson--Murfreesboro--Franklin, TN",2023,-0.056101410672452,-0.03487507701067376,2.122300123840821,0.7031654355502762,-0.02660131780430676,0.08187413116829718
"Springfield, MO",2020,0.018401905774339696,-0.0059339324026565915,1.9835613168847055,0.6517244928466752,-0.023256093263626147,0.013646861221918959
"Gainesville, FL",2009,-0.059539627939039205,-0.00790706070470095,2.3237525975390505,0.7569573848295165,-0.0005400257650762796,0.008169664961214722
"Phoenix-Mesa-Scottsdale, AZ",2017,0.0189562656468563,0.0459393475213203,2.7265452293175985,0.8626607473625288,0.032473335042595794,0.020280456894565323
"Charleston-North Charleston, SC",2015,0.0340699895118732,0.0047620241386517985,2.6166698230330576,0.8052790747372442,-0.0004847422242165011,0.0463265306122449
"Cincinnati, OH-KY-IN",2016,0.0030684661907777987,0.0018895559496098016,2.2423623666205823,0.7501328197635808,3.84878367186009e-05,0.02474236787527135
"Virginia Beach-Norfolk-Newport News, VA-NC",2019,0.0213874607470989,0.0399078427545872,2.3670940606079593,0.7281501818484086,0.022637431509792846,0.01845516268406666
"Austin-Round Rock, TX",2012,0.0111096789311886,0.018398040318552,2.5156265308121877,0.8453124614207057,0.01241392735391855,0.01996265172735761
"Eugene, OR",2017,0.020898028511446,0.022768820450559602,2.235976077779199,0.7374286060848975,0.009302807971835102,0.007801313385671259
"Lubbock, TX",2018,-0.002713020145043401,0.0096064499703407,2.3135559998431927,0.7482851310400791,-0.0034291837364435473,0.022145514860806025
"Tucson, AZ",2014,0.0009949247974023806,0.024877418467905005,2.430666898474575,0.7935458509041526,-0.0016417764127254972,0.011570914102214076
"Kansas City, MO-KS",2019,0.012993893691635096,0.007745932667717,2.2073364807351763,0.7262201973652569,-0.00952447857707735,0.014461880441398291
"Little Rock-North Little Rock-Conway, AR",2015,0.014673125634099999,-0.002710235785163901,2.456006014918581,0.79550494110409,-0.0079570021480322,0.008191667400687042
"Omaha-Council Bluffs, NE-IA",2013,0.0016224732340012014,0.0041299000072346,2.2034461842607778,0.7316058002148228,-0.0081421500071883,0.011812507167783476
"Rochester, NY",2023,0.015898055374239002,0.0147659496389503,1.9659932053156057,0.6631089359000624,0.0230397088453173,0.017511009396997124
"Charleston-North Charleston, SC",2016,0.0047620241386517985,-0.0087263106816597,2.4239324696830478,0.7662272582189594,-0.010577378794550901,0.04035010727520968
"Orlando-Kissimmee-Sanford, FL",2024,-0.037698399556410786,-0.0388671486023068,2.5335233645527477,0.8051846716687429,-0.019668681547045663,0.05897599656894052
"Virginia Beach-Norfolk-Newport News, VA-NC",2010,-0.010674022867851261,-0.02652079463975358,2.5375265931185536,0.8038302954474366,-0.007590476423501979,0.009794109236488418
"Boston-Cambridge-Newton, MA-NH",2010,0.0066680491123866995,-0.014282992026227001,2.191712980389552,0.7635260637575748,0.0046473261900246005,0.007330045349104512
"Los Angeles-Long Beach-Anaheim, CA",2014,0.0238275009828672,0.044887990394737204,2.9418485687636924,1.0602583491827933,0.018368795514106702,0.007508457328309359
"Bakersfield, CA",2019,0.017569537380075502,0.034875959038003904,3.190634652317441,0.9612167685617463,0.017605547793209553,0.00988793671720501
"Eugene, OR",2015,0.0533065727745552,0.0411549866987095,2.323951649491218,0.7349361782806311,0.0359082203358412,0.013113911031113397
"Harrisburg-Carlisle, PA",2006,0.006058937621232999,-0.009467340955432897,2.0725870494807577,0.6875199473137618,0.004114299081265902,0.017646566864598142
"Birmingham-Hoover, AL",2010,-0.00856482217418432,-0.023594992151873592,2.435998928852366,0.7682017665392035,-0.004664673935621991,0.012683639018158591
"Greenville-Anderson-Mauldin, SC",2016,-0.004775933470048,-0.01709660724561286,2.449166331051148,0.7577069238340871,-0.01894767535850406,0.06361492578721042
"Detroit-Warren-Dearborn, MI",2015,0.033453133592512105,0.0163802825702057,2.330159037719218,0.757645272688753,0.011133516207337402,-0.0011225789949839192
"Louisville/Jefferson County, KY-IN",2005,,0.0382313455761642,2.2237496561414987,0.7369415672090434,0.0248523000627756,
"Columbus, OH",2008,0.0201361769182968,-0.03170677968631065,2.2633677200204145,0.7414728071317468,0.027810185449197895,0.00922932456905225
"Omaha-Council Bluffs, NE-IA",2007,-0.0170554965230789,0.0138959571091819,2.219174491852468,0.7449968445836064,0.00601966935209932,0.00010384934921074494
"San Jose-Sunnyvale-Santa Clara, CA",2024,0.006443613859283399,0.009988324685096698,2.593218684094045,0.9010792160162306,0.029186791740357834,0.024261744325882375
"St. Louis, MO-IL",2015,0.027325370052959402,-0.0006115096764936004,2.2709695547719067,0.7496850818787115,-0.0058582760393619,0.006211918325951398
"Pittsburgh, PA",2006,-0.004940874192002301,-0.017552507990893397,1.9201631510459383,0.6610071873839328,-0.003970867954194598,0.004889242513347401
"New York-Newark-Jersey City, NY-NJ-PA",2020,-0.0336361714906845,-0.015620171466396292,2.4152986925994884,0.8696654122152265,-0.03294233232736585,0.011853248887016268
"Jacksonville, FL",2013,-0.00014317001247069958,0.0187527317243681,2.5579031735475177,0.7838660790495933,0.006480681709945198,0.025305230690142656
"Hartford-West Hartford-East Hartford, CT",2023,0.0051844706531506,0.012371374013292299,1.9205410680122748,0.6965224517925578,0.0206451332196593,0.01597698605886258
"Houston-The Woodlands-Sugar Land, TX",2016,-0.0356435445281043,0.011525797892253897,2.6195775614792267,0.8822221489390225,0.009674729779362696,0.031638875722482016
"Dallas-Fort Worth-Arlington, TX",2007,-0.0175140611323681,0.019156734768896098,2.5837794180449167,0.8903647572360576,0.011280447011813518,0.012923767490308517
"Boston-Cambridge-Newton, MA-NH",2019,0.015018842288589497,-0.052045975000396705,2.2294723926721747,0.7831814685550481,-0.06931638624519106,0.03307749922155739
"Riverside-San Bernardino-Ontario, CA",2007,-0.0226943026724424,-0.0268866966174555,3.127518728288966,0.9688675936210605,-0.03476298437453808,0.024748106954505345
"Cincinnati, OH-KY-IN",2023,0.002068101405714,-0.0004486165024166003,2.046205187265539,0.7110208542496004,0.0078251427039504,0.029888321306772443
"Knoxville, TN",2008,-0.0152614374341083,-0.0616238906081257,2.100158060624199,0.6922808943039301,-0.0021069254726171563,0.0183016344240368
"Reno, NV",2008,0.0029050515337276503,-0.0940206504459915,2.5746940734223784,0.8480258374516602,-0.03450368531048296,0.02218695445167434
"Mobile, AL",2024,-0.0236307497151022,-0.019158489102423192,2.4160824028390895,0.7313529623685848,3.997795283794403e-05,0.0
"San Antonio-New Braunfels, TX",2019,0.0138290143695831,0.0016453190438594986,2.79240996159802,0.9406495825278158,-0.015625092200934852,0.026202578998327612
"Chicago-Naperville-Elgin, IL-IN-WI",2023,-0.0035295142088194002,-9.906692577649895e-05,2.1016254106651404,0.7450996635257959,0.008174692280590501,0.019905578218820188
"North Port-Sarasota-Bradenton, FL",2022,-0.039782804650394396,-0.0612935135368366,2.2749578876869685,0.7242664874748819,-0.045816265977919046,0.04093982612648446
"Eugene, OR",2005,,0.0372323568285675,2.1882572765973842,0.7289042598925883,0.023853311315178902,
"Mobile, AL",2012,-0.006293849163103101,-0.003382133907016799,2.508577503874293,0.7675398212523363,-0.00936624687165025,0.03009330462421819
"San Antonio-New Braunfels, TX",2014,0.0128634798961744,0.0295810780321617,2.71847944768272,0.8970791703806191,0.0030618831515311987,0.04314190824058177
"Bakersfield, CA",2011,-0.013992348602431301,0.004857043660831499,3.3749931450507265,1.0040405468605549,0.0061210105195642,0.010850145975859515
"Lubbock, TX",2006,0.015833711934206,0.0014544204381142026,2.2504138094112083,0.7138142597842881,0.015036060474813002,0.0007540665733060433
"Ann Arbor, MI",2006,-0.007327589455130602,-0.0176058224829998,2.0750782064650677,0.713074876996651,-0.004024182446301001,0.00035403242937053034
"Tampa-St. Petersburg-Clearwater, FL",2014,0.017151674597249998,0.0520817569290657,2.51659983356554,0.8214249988842669,0.025562562048435197,0.03147289586305278
"Sacramento--Roseville--Arden-Arcade, CA",2014,0.0290415048289165,0.0765195569788475,2.7591549638423785,0.8699706402947093,0.050000362098217004,0.0026807550009406156
"Richmond, VA",2005,,0.0180080036939354,2.3253739299488885,0.7480160681458843,0.004628958180546802,
"Santa Rosa, CA",2005,,0.016533820641157198,2.489515738120182,0.8050402236953214,0.0031547751277686,
"Shreveport-Bossier City, LA",2007,-0.014185406217273697,-0.0134310952083778,2.46794460717195,0.7695213493225825,-0.021307382965460378,0.0167727009832273
"Oklahoma City, OK",2017,-0.0083422975131459,0.0117373567083035,2.5294751550713355,0.7975269825838578,-0.0017286557704210004,0.012478297395687482
"Albany-Schenectady-Troy, NY",2022,-0.001967427534191095,-0.001407288968946499,1.8595726122982992,0.6502957111543075,0.01406995858997105,0.019054618459497734
"Lubbock, TX",2023,-0.0162210045609732,-0.02138970401285338,2.1769821475452873,0.6872982899651362,-0.01311594480648638,0.02634956284591321
"Sacramento--Roseville--Arden-Arcade, CA",2018,0.0304624687888775,0.025492693403101,2.687130917520742,0.8583026836908177,0.012457059696316754,0.014199332615882503
"Raleigh, NC",2022,-0.020077445757715195,-0.0575257716927786,2.2315910477684797,0.7123295532604216,-0.04204852413386105,0.036155998085913056
"Lincoln, NE",2007,-0.020677119443115198,0.0175062206877756,2.299766648716568,0.7606591859409854,0.00962993293069302,0.02937170100459731
"Seattle-Tacoma-Bellevue, WA",2005,,0.0343276846529217,2.1382039858346054,0.7513003357847591,0.020948639139533102,
"Bridgeport-Stamford-Norwalk, CT",2016,-0.005190560142911901,-0.0018899168335980987,2.5301897297528804,0.8480967228835409,-0.0037409849464892994,0.048606777047615554
"Huntsville, AL",2016,0.0017070234609469978,0.019346337068717998,2.3814252558688125,0.7259242077184029,0.017495268955826798,0.028217006776675983
"Baltimore-Columbia-Towson, MD",2011,-0.013303654184954602,-0.003901601843881601,2.393112213837935,0.7957332938359377,-0.0026376349851488998,0.008265269784379272
"Lansing-East Lansing, MI",2024,0.005802029462921101,0.009441098166704198,2.003705853462517,0.6756379695380523,0.028639565221965334,0.003461205653302567
"Wichita, KS",2011,-0.0206096571967177,-0.004523063153374201,2.289222825367404,0.7628520753917831,-0.0032590962946415,0.0
"Gainesville, FL",2006,0.037751848560688,-0.0157607569786873,2.0046623794212217,0.6620875369794432,-0.0021791169419884994,0.010163133560150047
"Reno, NV",2014,0.0215016886281834,0.0444639107977409,2.5296839072499098,0.8241521694984093,0.0179447159171104,0.019182447753876324
"Knoxville, TN",2017,0.013974934119623198,-0.0017446476957645,2.347770270826304,0.7318608588579344,-0.015210660174489,0.01311493864685354
"San Francisco-Oakland-Hayward, CA",2018,0.0157190252103958,-0.0079947969752192,2.5477680411965054,0.9323242738355952,-0.02103043068200345,0.014200895802229089
"Las Vegas-Henderson-Paradise, NV",2020,0.036427777140602094,0.124135740658714,2.63148710675318,0.8198065220946131,0.10681357979774445,0.021845731811412056
"Gainesville, FL",2015,0.0374677709137459,0.0261219204259739,2.354653380910703,0.7424986554193677,0.020875154063105597,-0.015418592286614045
"Baton Rouge, LA",2012,-0.005805661045360601,0.005267762923303601,2.5752247220892506,0.8114420556549954,-0.0007163500413298503,0.00014179972207254473
"Akron, OH",2019,0.009443386563396501,0.0178043114684668,2.2074117783420966,0.7029299653719163,0.000533900223672449,0.006201417466849566
"Worcester, MA-CT",2022,-0.0240264658156319,0.0136936856206398,2.086647233843319,0.7000443357865802,0.02917093317955735,0.018307057610137026
"Syracuse, NY",2017,-0.0075238838308639994,0.004164407775655701,2.2300644302269164,0.7532424469946146,-0.0093016047030688,0.024985857062040356
"Jacksonville, FL",2005,,0.0201720397294731,2.290624511489761,0.7368547871727447,0.006792994216084501,
"North Port-Sarasota-Bradenton, FL",2023,-0.0612935135368366,-0.0518685991890554,2.168969329920013,0.7073317307692307,-0.0435948399826884,0.09339774557165861
"Raleigh, NC",2007,-0.012524193102415999,0.00377230866126597,2.3864551496628343,0.7679750211409614,-0.00410397909581661,0.05576260569996868
"Spokane-Spokane Valley, WA",2011,-0.0193716044634752,-0.0068171909827471015,2.2014203594999846,0.7194272849709518,-0.0055532241240144,0.000667579024667045
"Omaha-Council Bluffs, NE-IA",2012,-0.00794607967172861,0.0016224732340012014,2.318881378478291,0.7669440259471184,-0.00436163973063225,0.00954349983460139
"Washington-Arlington-Alexandria, DC-VA-MD-WV",2017,-0.0075357283913679,0.0105023372926865,2.5722157307344924,0.8765804230303312,-0.002963675186038,0.024129168872419268
"Albany-Schenectady-Troy, NY",2020,0.022768720864519098,-0.021200403013751992,1.771397512312721,0.6251735585505642,-0.03852256387472155,0.033435962903165244
"Indianapolis-Carmel-Anderson, IN",2008,0.019813043375163097,-0.0407462256993589,2.2566526924364676,0.7488228712708609,0.018770739436149646,0.00881328298636479
"Fort Wayne, IN",2021,0.05091808047003901,-0.004971982193319298,2.173480946376285,0.7219374716038165,0.012942736968398101,0.007748267401317206
"Virginia Beach-Norfolk-Newport News, VA-NC",2014,-0.00400956220300341,0.013591949531938602,2.523707866055292,0.7800996541987107,-0.0129272453486919,0.030540109279048402
"Mobile, AL",2011,-0.0196660700351171,-0.006293849163103101,2.4684746277727134,0.7554078086315716,-0.0050298823043704,0.027550966654374967
"Seattle-Tacoma-Bellevue, WA",2006,0.0343276846529217,0.025889933159652698,2.1735361892685474,0.7656705752982301,0.0394715731963515,0.014504431909750202
"San Diego-Carlsbad, CA",2023,-0.0169355767075081,-0.01890466669721651,2.5059418373233076,0.8585753249856382,-0.01063090749084951,0.015883816213052387
"Hartford-West Hartford-East Hartford, CT",2015,0.017114964017774598,6.457463332269764e-05,2.2197156507667413,0.7749196862326622,-0.005182191729545602,0.021855911639193374
"Houston-The Woodlands-Sugar Land, TX",2022,-0.0304543946209831,-0.02872661829405618,2.3762111038776323,0.8317036581658053,-0.013249370735138632,0.025935662789302545
"Akron, OH",2017,-0.004422868367392498,0.004846769199625001,2.169940337224384,0.7002749157003318,-0.008619243279099499,0.005231388329979879
"Baton Rouge, LA",2008,-0.017070724319071803,-0.0553010950829325,2.368470487778845,0.751527425931696,0.004215870052576044,0.08544183089637634
"Albany-Schenectady-Troy, NY",2023,-0.001407288968946499,0.0020123568348760987,1.871493683500894,0.6401282266574098,0.010286116041243099,0.01685136323658751
"Portland-Vancouver-Hillsboro, OR-WA",2010,0.0035197336379956985,-0.013576367786543801,2.339590973329195,0.7653452200116514,0.0053539504297078,0.006102113219188647
"Washington-Arlington-Alexandria, DC-VA-MD-WV",2024,-0.0006665254957800015,-0.03598345353633165,2.2905459667226524,0.8117225219368995,-0.016784986481070515,0.0316586225934567
"Bakersfield, CA",2010,-0.006385649352841381,-0.013992348602431301,3.318832737462557,0.9889890293414726,0.0049379696138203005,0.002884237206659966
"Hartford-West Hartford-East Hartford, CT",2018,0.011259837821975701,0.0057274895844221,2.2410787269243597,0.7753065975309312,-0.007308144122362147,0.010307003719346907
"Bakersfield, CA",2016,0.0051829856676683,0.0120938823110275,3.2176733222645666,0.9715091649112599,0.010242814198136298,0.013650448036177874
"Huntsville, AL",2015,0.014384115750100101,0.0017070234609469978,2.411797301945198,0.7528451114186191,-0.0035397429019213018,0.00829987646695491
"Jackson, MS",2023,-0.0090029994253178,0.022578233572113002,2.0742183912570025,0.6355508745412226,0.030851992778480004,0.008250594322472382
"Louisville/Jefferson County, KY-IN",2007,-0.015248004296716699,-0.0136288643510652,2.290501178137242,0.7586530496942885,-0.021505152108147782,0.014739884393063583
"Stockton-Lodi, CA",2013,0.0109181472749147,0.0269057064938412,3.3146094758448483,0.9712961384035841,0.014633656479418299,-0.0009985221871629988
"Reno, NV",2020,0.0419169923953857,0.0080866968245049,2.2475521498510003,0.7868107302533532,-0.009235464036464656,0.034859876965140126
"Raleigh, NC",2011,-0.0024167447447948007,0.0120718897503138,2.483645316629856,0.7904417526295897,0.0133358566090465,0.0029676392429822075
"Lincoln, NE",2009,-0.0513697571154175,-0.014697348992148713,2.1016461563049385,0.7593255572236979,-0.007330314052524042,0.0006616491605326276
"Fayetteville, NC",2010,-0.00799687419416785,-0.028977760961668972,2.5853595189099554,0.764592577711865,-0.01004744274541737,0.05832109243240303
"Huntsville, AL",2024,-0.0678300580955868,-0.0539381672012806,2.129854094830831,0.6835083378836128,-0.03473970014601946,0.15395973815031747
"Palm Bay-Melbourne-Titusville, FL",2013,0.006442635664406801,0.020315155728446,2.5494242075768128,0.7648359337418186,0.0080431057140231,0.0
"Hartford-West Hartford-East Hartford, CT",2010,-0.01535520042157203,-0.021876143208163258,2.156459686867611,0.7523514466331929,-0.0029458249919116566,-0.0001365793696862089
"Harrisburg-Carlisle, PA",2022,-0.0375726532462521,-0.0077427281294127,2.1114281913928825,0.7165285830943031,0.007734519429504849,0.024666799283867117
"Chicago-Naperville-Elgin, IL-IN-WI",2015,0.033695247659589804,-0.004298386644043001,2.51318602207621,0.8532302993335931,-0.0095451530069113,0.009874128783938417
"Columbus, OH",2010,-0.00475301014589548,-0.017650703816132998,2.4226841946720836,0.7905289011040249,0.0012796144001186033,0.007536697006366075
"Bridgeport-Stamford-Norwalk, CT",2012,-0.005056283511567101,0.007529395976725599,2.576866092508866,0.8257719864119364,0.0015452830120921482,0.02610674966321364
"Detroit-Warren-Dearborn, MI",2011,-0.02281823233740258,0.0009939306598425006,2.4025702690209476,0.7770443196621658,0.002257897518575202,-0.0006094628632374858
"Colorado Springs, CO",2021,0.02080326583094791,-0.021007587415306096,2.3086169822205904,0.7095004303577933,-0.0030928682535886973,0.004960555931907082
"Providence-Warwick, RI-MA",2022,-0.010964819443552001,0.018660414009903002,2.0431499247591702,0.6980810493502287,0.03413766156882055,0.012973150504967567
"Orlando-Kissimmee-Sanford, FL",2020,-0.01453570172077453,0.111342602035477,2.7922195023502296,0.9048704586691422,0.09402044117450745,0.045266926637933
"Charlotte-Concord-Gastonia, NC-SC",2013,0.010236936965647701,0.0158307984161243,2.575523679490963,0.7895519123509938,0.0035587484017013983,0.040472338267610056
"Memphis, TN-MS-AR",2008,-0.0047089785033476396,-0.06704244828181839,2.536068812929637,0.7807090070041122,-0.007525483146309846,0.02116798943279639
"Seattle-Tacoma-Bellevue, WA",2009,-0.111667805075222,0.0120410949145031,2.2437944516921933,0.7630836251060568,0.01940812985412777,0.01889609281692544
"St. Louis, MO-IL",2011,-0.02313939287366199,-0.006778452620255901,2.224368938759841,0.7343522917214219,-0.0055144857615232,0.00217928464373962
"Nashville-Davidson--Murfreesboro--Franklin, TN",2005,,-0.0015812323122053017,2.2055501791376684,0.7148680078884933,-0.0149602778255939,
"Allentown-Bethlehem-Easton, PA-NJ",2017,0.012918624330204003,0.011531135813251502,2.328942087008429,0.7545062918036504,-0.0019348766654729982,0.019137214472115725
"Los Angeles-Long Beach-Anaheim, CA",2017,0.010272692192237903,0.011810219661251103,2.894602355189768,1.0485973727765738,-0.0016557928174733977,0.004770911758221607
"Fayetteville, NC",2020,0.0717260128550377,0.051257201096489,2.335818642839894,0.7014930785339365,0.033935040235519444,0.004084932556061445
"Albany-Schenectady-Troy, NY",2009,-0.058368888407522204,0.003041076675481799,2.081491994582661,0.6827701623332167,0.01040811161510647,0.011125746812814603
"El Paso, TX",2018,0.0076828699567471,0.017050637969112402,2.791051016238918,0.8628978005481738,0.004015004262328155,0.005671682751680922
"Charleston-North Charleston, SC",2012,0.004309353343796698,0.005546315917435601,2.5469067491950357,0.7705395564382654,-0.00043779704719785,0.02012969864139206
"Chicago-Naperville-Elgin, IL-IN-WI",2018,0.007932883501902601,0.0053015827325344,2.391401720881224,0.8212474079242076,-0.007734050974249847,0.019132759795502816
"Los Angeles-Long Beach-Anaheim, CA",2007,0.001275915702882803,0.0126031174628425,2.9098492585810605,1.0716156541124409,0.004726829705759919,0.004481348107309827
"Birmingham-Hoover, AL",2023,-0.02619637318366361,-0.02096300972772884,2.1099217601734046,0.6617403289191857,-0.01268925052136184,0.025262290405401122
"Augusta-Richmond County, GA-SC",2016,-0.004660482998408301,0.009760006565492599,2.648065131883387,0.7920337714802271,0.007908938452601398,0.029745042492917848
"Santa Rosa, CA",2021,-0.0018254587440947878,-0.0410149462792559,2.5108731208488004,0.8165944318271174,-0.0231002271175385,0.0026625927542557833
"Allentown-Bethlehem-Easton, PA-NJ",2021,0.026013404688312508,-0.0107752766731663,2.345959165102656,0.7588744469280938,0.007139442488551098,0.015279477155391089
"Toledo, OH",2019,0.00037018872175220013,0.027587696789964696,2.088032280935897,0.6671919560755883,0.010317285545170345,0.004286508083507528
"Corpus Christi, TX",2009,-0.061941791981035194,-0.0133345576781261,2.5133572643113546,0.8358539052633563,-0.0059675227385014296,0.014760448521916412
"Memphis, TN-MS-AR",2016,0.0095526282531843,0.002312432277839699,2.5935424869808203,0.7862627283243049,0.00046136416494849813,0.005449591280653951
"Harrisburg-Carlisle, PA",2023,-0.0077427281294127,0.011671172174083703,2.089052266761805,0.6966347992351817,0.019944931380450705,0.0324208891477383
"Greensboro-High Point, NC",2023,-0.0141876312200089,-0.0042572415448551,2.183728657053581,0.6789440226390718,0.0040165176615119,0.009700838653148079
"El Paso, TX",2020,0.020438972740634897,0.03845030870146901,2.5629624044560475,0.8274370076464092,0.021128147840499455,0.004702652836217177
"Virginia Beach-Norfolk-Newport News, VA-NC",2018,0.013584150747314502,0.0213874607470989,2.383046298191206,0.7500117670665818,0.008351827040314654,0.018463638486269016
"Toledo, OH",2020,0.027587696789964696,0.0020236825556297078,2.0390074474835522,0.6782069700964202,-0.015298478305339848,0.01662495059939402
"Santa Rosa, CA",2023,-0.013013563141610101,-0.02944005960745859,2.355710216427334,0.7985645170924005,-0.02116630040109159,0.03341615971210693
"Detroit-Warren-Dearborn, MI",2010,-0.02430067098098278,-0.02281823233740258,2.3594778089769917,0.767517760082451,-0.0038879141211509774,0.001444797299230395
"Stockton-Lodi, CA",2010,-0.000758365526371001,-0.019643530166166302,3.225840336134454,0.9648034974932868,-0.0007132119499147008,0.0
"St. Louis, MO-IL",2023,-0.0140064051602144,-0.0007710310645227016,1.9851601805215755,0.6585047189810811,0.007502728141844299,0.026915328144836343
"El Paso, TX",2024,-0.0132422151990061,-0.008876066686511003,2.4853724139201563,0.8080288691902252,0.010322400368750134,0.016460460287246927
"New York-Newark-Jersey City, NY-NJ-PA",2018,0.0033447787174138988,-0.0021976874085903007,2.477772620381744,0.9082918529172601,-0.015233321115374548,0.016145608604451366
"Dallas-Fort Worth-Arlington, TX",2019,0.015659506538248096,0.0028901303850259984,2.555433476718383,0.8773251482378548,-0.014380280859768352,0.036071062454460144
"Phoenix-Mesa-Scottsdale, AZ",2023,-0.0515717724565525,-0.0493818095899944,2.424981536479203,0.7850883306658961,-0.0411080503836274,0.05122924301538309
"Dallas-Fort Worth-Arlington, TX",2008,0.019156734768896098,-0.0502917866255579,2.5907387875550443,0.8886352834547323,0.009225178509950645,0.0239275283191892
"Fort Wayne, IN",2007,-0.0174436978492107,0.0152386597661662,2.1484729835552074,0.7122472114294615,0.00736237200908362,0.0
"Seattle-Tacoma-Bellevue, WA",2012,0.0106056285273552,0.0181973105014,2.3160072365738023,0.781878370337933,0.012213197536766548,0.016671857469314853
"Omaha-Council Bluffs, NE-IA",2008,0.0138959571091819,-0.0532394896294413,2.0661477247059232,0.6952817805219598,0.006277475506067248,0.006368765359454501
"Lincoln, NE",2015,0.021377076098825498,0.004128970657072999,2.172522832171266,0.733067359435888,-0.0011177957057953002,0.03325959560678387
"Riverside-San Bernardino-Ontario, CA",2022,-0.028997236144868897,-0.02944769083933127,3.0203422080112468,0.9339055944099619,-0.01397044328041372,0.012702826349155422
"Nashville-Davidson--Murfreesboro--Franklin, TN",2020,-0.01485573244633561,0.06205774154372401,2.2555263286265888,0.7476786289575256,0.044735580682754454,0.05677647274729308
"San Diego-Carlsbad, CA",2009,-0.051646244436079,-0.014859991266666279,2.755855773464036,0.9415531332179893,-0.007492956327041608,0.007822422848511895
"Lansing-East Lansing, MI",2023,-0.001899198651697201,0.005802029462921101,1.9802232292984452,0.6618549858967977,0.014075788669288101,0.012229935768507104
"Phoenix-Mesa-Scottsdale, AZ",2015,0.0462569339965839,0.018751813550077396,2.8178790282111317,0.876740619175772,0.013505047187209096,0.02221933871259642
"Louisville/Jefferson County, KY-IN",2020,0.0082711743854132,-0.0032818237333754885,2.096412890505931,0.704274696065188,-0.020603984594345044,0.03156334897505557
"Harrisburg-Carlisle, PA",2021,0.009168744644596105,-0.0375726532462521,1.9928673126632845,0.6564699882521151,-0.0196579340845347,0.01112973516594033
"Portland-Vancouver-Hillsboro, OR-WA",2020,0.0015069766633357996,0.01060385312743381,2.163019220895416,0.7514189745238002,-0.006718307733535746,0.03716207854183271
"Hartford-West Hartford-East Hartford, CT",2017,-0.0045856672787256,0.011259837821975701,2.1751914669509325,0.7668448025554931,-0.0022061746567487994,0.022660606646681493
"Ann Arbor, MI",2012,0.028327307589006402,0.011228350335422499,2.280237725544788,0.7245773525625393,0.005244237370789048,-0.0018802327231446005
"Oklahoma City, OK",2016,-0.02413135349325085,-0.0083422975131459,2.481278571392169,0.7981671830685749,-0.0101933656260371,0.021663500492092192
"Hartford-West Hartford-East Hartford, CT",2020,0.0162123216979351,-0.007959372737930293,2.001633407152733,0.7154061440909588,-0.025281533598899848,0.02103964167098327
"Fort Wayne, IN",2017,0.0038931306934767013,0.0186708893635426,2.3948682662641776,0.7473367780902379,0.005204876884818098,0.016580825878738593
"Oxnard-Thousand Oaks-Ventura, CA",2023,-0.002726401225115801,-0.0030229671872978,2.94105285584242,0.9174198576589857,0.0052507920190692,0.014723383057039272
"Shreveport-Bossier City, LA",2019,-0.0041470982941628,0.03628536301778219,2.3981660488462424,0.7475383552176917,0.019014951772987843,0.0030350292964633476
"St. Louis, MO-IL",2020,0.0085071827016916,0.0014493992537994022,2.035517804415973,0.7049415955636863,-0.015872761607170154,0.02434445856859905
"Chattanooga, TN-GA",2009,-0.058699437140995,-0.008646705451928381,2.3353395373929464,0.7531207185264119,-0.00127967051230371,0.01567000806544533
"Little Rock-North Little Rock-Conway, AR",2012,-0.006636374704885501,-0.00869972550341153,2.401336364703748,0.7627012916567787,-0.01468383846804498,0.025557809330628803
"Stockton-Lodi, CA",2016,0.041653933454833994,0.0337386198825054,3.208035364770807,0.9407627457952665,0.0318875517696142,0.01391944322227111
"Hartford-West Hartford-East Hartford, CT",2019,0.0057274895844221,0.0162123216979351,2.103563322460218,0.7358761535758138,-0.0010580895468592505,0.023897919071537765
"Wichita, KS",2009,-0.0481601364012299,-0.01464837175658375,2.2522027721741393,0.7449332759362893,-0.00728133681695908,0.012046945115636866
"Boston-Cambridge-Newton, MA-NH",2008,0.017233197887091597,-0.0687526620026169,2.1898981398413744,0.7599111357466487,-0.009235696867108352,0.02430521617306878
"Greensboro-High Point, NC",2022,-0.007957485717861201,-0.0141876312200089,2.1709243270695784,0.6756170099548751,0.0012896163389086498,0.023312411938004356
"Tampa-St. Petersburg-Clearwater, FL",2006,0.03573950262081339,-0.0194047577175465,2.2669767698403214,0.7877019132179093,-0.0058231176808477,0.007048191607824458
"Springfield, MO",2018,0.004777443409815799,0.004602351331448599,2.131957510481637,0.7194926228319726,-0.008433282375335648,0.004878675054564129
"Augusta-Richmond County, GA-SC",2010,-0.0024403713490295,-0.018015152691321798,2.5124735997967385,0.7492801666982383,0.0009151655249298035,0.018463699764186443
"Allentown-Bethlehem-Easton, PA-NJ",2008,0.00624599664717793,-0.055964418410831496,2.2695878065596378,0.7486760238478158,0.003552546724677051,0.015147653206131886
"San Diego-Carlsbad, CA",2007,-0.016852283799943,0.0040417190945136496,2.6617286896536765,0.8973515697218615,-0.0038345686625689303,0.005882633649879181
"Chattanooga, TN-GA",2017,0.0009796109533720017,0.016248061136261,2.191534487918494,0.6984138831871618,0.0027820486575364997,0.053945818610129564
"Greensboro-High Point, NC",2016,0.014900165129982,0.0018125802761725998,2.410698433365179,0.7504441315418932,-3.84878367186009e-05,0.0056622238792058905
"San Diego-Carlsbad, CA",2019,0.013286459365224795,0.0099023896001425,2.7592275764713103,0.9367135093744018,-0.007368021644651852,0.016357104935807762
"Boise City, ID",2019,0.015072214522695498,0.0418531036667671,2.4863567458312277,0.7555586266199865,0.02458269242197275,0.09327068691026288
"Providence-Warwick, RI-MA",2019,0.0090757674661636,0.014366077139243101,2.204146479060198,0.7510222427008408,-0.0029043341055512498,0.00875758195324746
"Columbus, OH",2012,0.0007842452448129991,8.815561390260011e-05,2.358484803845836,0.7584244348471089,-0.005895957350730851,0.008601218020490185
"Tucson, AZ",2016,0.0259193503154144,0.023448205787580497,2.3449087106892947,0.7707140512544858,0.021597137674689296,0.006078794457569759
"Las Vegas-Henderson-Paradise, NV",2010,-0.035340959935956,-0.02617357756050158,2.7466711982415797,0.8455072384412761,-0.007243259344249978,0.0029674558142568316
"Corpus Christi, TX",2015,0.0206475375985165,-0.029967668946303372,2.6234654191637485,0.8728977471586199,-0.03521443530917167,0.013039428748835765
"Cincinnati, OH-KY-IN",2010,-0.00811872704284668,-0.020534666171687102,2.3223375089969513,0.7596810632635461,-0.0016043479554355006,0.002606059087378154
"New York-Newark-Jersey City, NY-NJ-PA",2013,0.0042382547349367,0.0197677690225706,2.566809158753361,0.9361745174302966,0.007495719008147699,0.006697103366673927
"Richmond, VA",2016,0.005370356593810098,0.0204256505257301,2.435196765914062,0.7609138560130392,0.018574582412838898,0.02086793361816499
"San Antonio-New Braunfels, TX",2023,-0.0496839517954845,-0.0543496835060244,2.3814412121913136,0.8006038918555287,-0.0460759242996574,0.031531049250535334
"Jackson, MS",2005,,0.0366154636563034,2.321504638186267,0.739310058747029,0.023236418142914803,
"Jacksonville, FL",2020,0.024529401092990902,0.08782281782336401,2.369584574288434,0.752334747938208,0.07050065696239446,0.04662616269691919
"Chattanooga, TN-GA",2010,-0.008646705451928381,-0.018654687246697402,2.3887475902736153,0.7754708149924533,0.00027563096955419975,0.036358479863868406
"Salt Lake City, UT",2019,0.005309426331257798,0.011784819766148598,2.460200628746783,0.8031912287749483,-0.005485591478645753,0.05977150421594866
"North Port-Sarasota-Bradenton, FL",2017,0.0058729120082073,0.013256653026596097,2.5896781696492144,0.8425362531465723,-0.0002093594521284034,0.02459266027105223
"Stockton-Lodi, CA",2024,-0.01980351312233257,-0.01958090116634965,3.094106532955454,0.951199507239809,-0.00038243411108851433,0.011999441886423887
"Albuquerque, NM",2008,0.015876536567358997,-0.055518819674426095,2.2743343434920997,0.7662608282442993,0.0039981454610824516,0.017338461211567475
"Spokane-Spokane Valley, WA",2020,0.034276150047048606,0.024529085120632205,2.116081624021992,0.7025897022737565,0.007206924259662649,0.03434388016882293
"El Paso, TX",2022,0.006664301055343602,-0.008402940839912401,2.6165022840065695,0.8244114860948126,0.007074306719005148,0.009668692065463254
"Lubbock, TX",2009,-0.0595382533069191,-0.013819349204231352,2.3186297618245897,0.7660098339501182,-0.006452314264606681,0.0
"Boise City, ID",2008,0.00866499574169397,-0.0912511653299866,2.513436055966124,0.7569448148453448,-0.031734200194478056,0.023748751525912774
"Augusta-Richmond County, GA-SC",2007,-0.0155155825856295,-0.0134474175678205,2.3039252672235695,0.7034842899771809,-0.021323705324903082,0.013091861226271002
"Jackson, MS",2022,-0.012805429500667598,-0.0090029994253178,2.1888906569072057,0.6642482626523575,0.0064742481335997495,0.0
"Allentown-Bethlehem-Easton, PA-NJ",2011,-0.02161692912729311,-0.0032819137725711017,2.303092458188703,0.7498247970030197,-0.0020179469138384004,0.010370421753607103
"Boise City, ID",2021,0.026684515735580408,-0.0398780361089392,2.384302403353101,0.7328246628659139,-0.021963316947221798,0.07677709874557735
"Rochester, NY",2008,0.0079339927366364,-0.0566168266381559,2.1598478932536582,0.7463584900126126,0.0029001384973526487,0.003558793359710272
"Charleston-North Charleston, SC",2024,-0.02757977082075673,-0.026368002817193047,2.1570529627687467,0.7137266809397957,-0.007169535761931911,0.08027467552067613
"Charleston-North Charleston, SC",2014,0.0291405863749847,0.0340699895118732,2.392143149733742,0.730236090312703,0.0075507946312426966,0.07406088171630545
"Dallas-Fort Worth-Arlington, TX",2006,-0.0032658942668466993,-0.0175140611323681,2.529415347298904,0.8848357240881652,-0.003932421095669301,0.015265192055049906
"Bridgeport-Stamford-Norwalk, CT",2014,0.010357825427042,0.0179089463149567,2.5166536874423766,0.8270835723510221,-0.0086102485656738,0.09230248115843848
"Cincinnati, OH-KY-IN",2017,0.0018895559496098016,0.014918154851451901,2.270601018297312,0.7453131715882175,0.001452142372727401,0.0138601230085917
"Kansas City, MO-KS",2017,-0.0049227967375106985,0.0035033382483872985,2.2416442515113584,0.7249024129252009,-0.009962674230337202,0.032888882660818505
"Grand Rapids-Wyoming, MI",2024,0.0005172171615238016,-0.0078964513111115,2.171810454401017,0.7378282460259629,0.011302015744149636,0.02582699118378419
"Little Rock-North Little Rock-Conway, AR",2023,-0.006137040466453601,-0.0146765888683324,2.0617288605280275,0.6759132794007676,-0.0064028296619654,0.005818113349651667
"Riverside-San Bernardino-Ontario, CA",2013,0.0129286361575756,0.0231196455347404,3.373396606094572,0.9898323666187033,0.010847595520317499,0.0007569483981160395
"Ann Arbor, MI",2019,0.0204074747053146,-0.0003448800451908013,2.251053390512931,0.7438688557053833,-0.017615291289985152,0.0202133062468258
"Toledo, OH",2022,-0.0179268654707355,-0.010210861474659001,1.9786521066691662,0.6497377948605484,0.005266386084258548,0.010287960788318187
"Albuquerque, NM",2024,-0.0011804609574203005,-0.03087209307953715,2.194329932923421,0.7347847195007107,-0.011673626024276015,0.027562240282425623
"Jacksonville, FL",2007,-0.029139256054457698,-0.023422595735044502,2.3884811206161323,0.7452032592437297,-0.03129888349212708,0.04461432149952492
"Omaha-Council Bluffs, NE-IA",2015,0.027886748949195905,-0.0018461379366292996,2.2692045565183525,0.7443911043849132,-0.007092904299497599,0.009377146599785939
"Shreveport-Bossier City, LA",2024,0.0167274416409607,-0.0029273014831543015,2.2081556812714633,0.7140037014188773,0.016271165572106835,0.00985509667181693
"Little Rock-North Little Rock-Conway, AR",2007,-0.0120539683344927,-0.017672837402076702,2.360200611198738,0.7591858575448888,-0.025549125159159282,0.013506464984764049
"Tucson, AZ",2017,0.023448205787580497,0.0418893162169609,2.3409869937945142,0.7692053486322681,0.028423303738236403,0.00024117490257803277
"San Diego-Carlsbad, CA",2018,0.016386749968782397,0.013286459365224795,2.8079043541223623,0.9534169246226486,0.00025082565844054827,0.018945331780221515
"Fort Wayne, IN",2016,0.010424444903217298,0.0038931306934767013,2.2999848185820557,0.7512378955421593,0.0020420625805855006,0.01031586635019171
"Fresno, CA",2018,0.032160810009494806,0.028800691583490398,3.144447934978043,0.9908360450299603,0.01576505787670615,1.8251838872766433e-05
"Birmingham-Hoover, AL",2009,-0.0603588006492195,-0.00856482217418432,2.272303542698508,0.7034258314330777,-0.0011977872345596483,0.010698146269482615
"Fresno, CA",2015,0.0328837527727146,0.032557452548824306,3.2240720580791447,0.9920015361146965,0.027310686185956008,0.005027829313543599
"Sacramento--Roseville--Arden-Arcade, CA",2020,0.045412372677787805,0.03448862638182801,2.6234718602284914,0.866988378586063,0.017166465520858452,0.011513443683093217
"Philadelphia-Camden-Wilmington, PA-NJ-DE-MD",2016,0.00022480123170470073,-0.0004856258147544999,2.36436401786166,0.7973001427239305,-0.0023366939276457006,0.013841114648321358
"Knoxville, TN",2005,,0.038948829037067395,2.174417680260752,0.6990524506577896,0.025569783523678797,
"Kansas City, MO-KS",2013,0.005276398146215401,0.0101267996865377,2.3310546408156854,0.7541901107751388,-0.0021452503278851995,0.015127588968989587
"Omaha-Council Bluffs, NE-IA",2006,-0.0060857602088480005,-0.0170554965230789,2.1867643986350025,0.7353937403208005,-0.0034738564863801003,0.016878751078022423
"Wichita, KS",2017,-0.0081693266966529,0.0002953641125116001,2.44065611609719,0.7816736921576646,-0.0131706483662129,0.02271374416491745
"Seattle-Tacoma-Bellevue, WA",2022,-0.0383990083161278,-0.0197187746171017,2.1405678560838193,0.7665151509285892,-0.004241527058184152,0.030695784042739
"Sacramento--Roseville--Arden-Arcade, CA",2024,-0.0106067846543913,-0.03235319399639964,2.540633787550798,0.8215727568118337,-0.013154726941138502,0.0239876431606745
"New Haven-Milford, CT",2014,-0.00474161352803403,0.012541138270999902,2.2905439672801635,0.7861484428298301,-0.0139780566096306,0.004770496315097398
"Birmingham-Hoover, AL",2014,-6.095937760019002e-05,0.018290445843841603,2.484305681107016,0.7645285199173987,-0.008228749036788899,0.018998485755537555
"Albany-Schenectady-Troy, NY",2013,-0.0002077758594717996,0.003472113392041701,2.1301950002880967,0.701577791633909,-0.0087999366223812,0.023014985461865353
"Bridgeport-Stamford-Norwalk, CT",2017,-0.0018899168335980987,0.0046400770553503,2.652107582270643,0.8819726926807431,-0.0088259354233742,0.023001785526730385
"Winston-Salem, NC",2024,-0.005941065309179299,-0.023202295679524542,1.9846231991134098,0.6427198839548082,-0.004003828624263406,0.02665142052951007
"Hartford-West Hartford-East Hartford, CT",2012,-0.006995381862270802,-0.0018163236140574992,2.1887713117494276,0.753059603938058,-0.00780043657869095,0.010875698968860616
"Allentown-Bethlehem-Easton, PA-NJ",2012,-0.0032819137725711017,-0.006440604692634581,2.3367302894080244,0.7715160657925837,-0.012424717657268032,-0.0016477292231643268
"Buffalo-Cheektowaga-Niagara Falls, NY",2019,-0.0016510401728392007,0.018789298712476702,1.942010822112272,0.6367607592323542,0.0015188874676823512,0.024781138542776415
"St. Louis, MO-IL",2008,0.00427828154772401,-0.047761627196842196,2.1879885356956748,0.7306466563967905,0.01175533793866635,0.005373481540944127
"Nashville-Davidson--Murfreesboro--Franklin, TN",2018,0.013653299585834503,0.027037046023940997,2.4291404675005435,0.7812842731973052,0.01400141231715675,0.049967279384355405
"Charlotte-Concord-Gastonia, NC-SC",2015,0.0357469289397259,0.0059462659848557,2.5543695043323957,0.7913696702689456,0.0006994996219874001,0.05613930644441137
"Riverside-San Bernardino-Ontario, CA",2011,-0.0150612265899949,0.0016697933148860991,3.323713916283816,0.9943988920426561,0.0029337601736188004,-0.00013628045219151946
"Baton Rouge, LA",2005,,0.04013923810136029,2.283984801083582,0.7273386595006431,0.02676019258797169,
"Denver-Aurora-Lakewood, CO",2015,0.046744190791751905,-0.0017486936556472994,2.420232581058441,0.8155646752806834,-0.006995460018515599,0.04379863381289093
"Sacramento--Roseville--Arden-Arcade, CA",2011,-0.0190767495989971,-0.0050492371249676,2.702625292239584,0.8548929953630652,-0.003785270266234899,0.0022067947288234094
"Bakersfield, CA",2022,-0.009797231507627499,-0.0053326944116611,2.9902531859453787,0.9146238629934282,0.010144553147256449,0.0
"Raleigh, NC",2019,0.0280752397266388,0.010751996069416,2.3670423296402854,0.7532829951977553,-0.00651841517537835,0.038004189599934284
"Baltimore-Columbia-Towson, MD",2020,0.022192042201026902,0.032591045460178006,2.118838116045784,0.7181501184718437,0.01526888459920845,0.019262151474195324
"Orlando-Kissimmee-Sanford, FL",2015,0.049483374396469104,0.013080349643312502,2.7226553442642696,0.8414545393629852,0.007833583280444202,0.0403609769095384
"Pittsburgh, PA",2023,-0.022233727410819103,0.0038486809455032,1.8846028247203854,0.6270831918505942,0.0121224401518702,0.016829428339830935
"Portland-Vancouver-Hillsboro, OR-WA",2023,-0.0477210311446447,-0.0165800836883311,2.0389458519125268,0.7231725658343375,-0.0083063244819641,0.03295854978748138
"Pittsburgh, PA",2007,-0.017552507990893397,0.00948724647298336,1.9636665114112715,0.6676425837690332,0.0016109587159007805,0.002111423489586322
"Memphis, TN-MS-AR",2007,-0.0300663308668103,-0.0047089785033476396,2.4598580681366475,0.7814935185529102,-0.01258526626043022,0.011286451729759102
"San Diego-Carlsbad, CA",2017,0.014327935177724797,0.016386749968782397,2.8242204866842084,0.9443764926270684,0.0029207374900578967,0.012930862084136597
"Greensboro-High Point, NC",2013,0.0059093156546984,0.0113536681669817,2.423082888161296,0.7695463003502627,-0.0009183818474411999,0.007897238403977868
"Portland-Vancouver-Hillsboro, OR-WA",2014,0.030984150587306997,0.0695438018833656,2.468598318442832,0.808544195788619,0.0430246070027351,0.026321103205805847
"Augusta-Richmond County, GA-SC",2020,0.0367977841489162,0.012954898735954304,2.536327740795119,0.7694413332929725,-0.004367262125015252,0.013650090597946446
"Miami-Fort Lauderdale-West Palm Beach, FL",2010,-0.0021467393110919004,-0.02170483107717562,2.7343275143119654,0.9280956191814105,-0.0027745128609240194,0.004131144497222695
"Lubbock, TX",2019,0.0096064499703407,0.0053157041512575005,2.4615772137182717,0.7672313313403992,-0.01195470709353685,0.013639752642427963
"Fort Wayne, IN",2005,,-0.005366868588212,2.0920068250426564,0.7190223569533915,-0.0187459141016006,
"Huntsville, AL",2007,-0.013137320006188398,-0.0150793424503517,2.186277705345502,0.6787103022593561,-0.02295563020743428,0.014789205800441756
"Atlanta-Sandy Springs-Roswell, GA",2019,0.019163611450529097,0.022434152542814303,2.4869846834096574,0.7721500228270665,0.005163741298019952,0.025719992002004095
"Sacramento--Roseville--Arden-Arcade, CA",2023,-0.02877762217485499,-0.0106067846543913,2.509483298232847,0.8146543957781951,-0.002333025448024299,0.021923986179305327
"Tucson, AZ",2011,-0.0188773934826427,-0.013032640871006251,2.5212638452636797,0.8182976639995707,-0.01176867401227355,0.008498885938813358
"Bakersfield, CA",2009,-0.0888555540736256,-0.006385649352841381,3.324723935922028,1.0029934687953557,0.00098138558678329,0.005050948699929726
"Wichita, KS",2005,,-0.008817102077487,2.200581645225065,0.7383329407862798,-0.022196147590875598,
"Hartford-West Hartford-East Hartford, CT",2007,-0.03466257028832698,0.00799657761365056,2.183988115124073,0.7621346218720854,0.0001202898565679806,0.009552530200289365
"Louisville/Jefferson County, KY-IN",2023,0.005632466613862998,-0.005222421420348199,2.0588253405256287,0.7024541617381037,0.0030513377860188016,0.024497900828321796
"Indianapolis-Carmel-Anderson, IN",2006,-0.0118473174675136,-0.0239373500886526,2.213004280989448,0.7414662929163875,-0.0103557100519538,0.01596688350088705
"Spokane-Spokane Valley, WA",2019,0.0215383052018642,0.034276150047048606,2.1779912941925894,0.7168766271207171,0.017005738802254255,0.013475355754983365
"North Port-Sarasota-Bradenton, FL",2014,0.030420733957277298,0.0340984097515602,2.457847352290141,0.7869989232216119,0.007579214870929697,0.023157150433091744
"Fayetteville, NC",2006,0.03770204887997819,-0.0150830782446232,2.413370918882531,0.6955799430061238,-0.0015014382079244007,0.06614044637996734
"Eugene, OR",2016,0.0411549866987095,0.020898028511446,2.5170965707266872,0.805157638763526,0.0190469603985548,0.028071065989847717
"Augusta-Richmond County, GA-SC",2024,0.010133636834489802,-0.02175704067006707,2.3615080909748096,0.718601276719955,-0.0025585736148059333,0.05580202412311105
"Houston-The Woodlands-Sugar Land, TX",2013,0.018689797604146997,0.0195813890236483,2.6596472116706398,0.9002309686316824,0.0073093390092254,0.012502721304087113
"Detroit-Warren-Dearborn, MI",2006,-0.023381276770564792,-0.04754709447353745,2.2869740113415213,0.7640386522271694,-0.033965454436838655,0.0007084439775032893
"Bridgeport-Stamford-Norwalk, CT",2010,-0.001392775944941001,-0.02467779248060513,2.492651462344267,0.8420748897217339,-0.005747474264353528,0.040998959417273675
"Toledo, OH",2008,0.0124011564372468,-0.048887424826198594,2.208364229571407,0.7282434161728627,0.010629540309309952,0.009595219627107932
"San Antonio-New Braunfels, TX",2007,-0.015031997064050697,0.0137601376815128,2.4815937946389384,0.8281054854455543,0.00588384992443022,0.02818418874818481
"Augusta-Richmond County, GA-SC",2012,-0.00011706080322270232,0.0038694342315826,2.63670787044281,0.7695630928296441,-0.002114678733050851,0.01836754739220116
"Birmingham-Hoover, AL",2017,-0.0016989025735444988,0.0366138022401485,2.3141809290953543,0.7282234796806155,0.023147789761424,0.004722079044942886
"Salt Lake City, UT",2007,0.049131594648662597,0.0373664939148712,2.700329267027068,0.8465149019109109,0.02949020615778862,0.006098455477083639
"Pittsburgh, PA",2019,0.009086943337058999,-0.009652138109118101,1.846755528684924,0.6370286853861921,-0.026922549353912452,0.00544685298521712
"Charleston-North Charleston, SC",2018,0.0011682424702797005,0.0151047661093235,2.496593202799209,0.778624222302464,0.0020691324025392532,0.08147783040096007
"Syracuse, NY",2023,0.01972168961129,0.008572770001756703,1.802434539896327,0.6287128330345553,0.016846529208123705,0.010745049285143415
"Oklahoma City, OK",2011,-0.0175146878794007,0.006927222869944599,2.4461763273258645,0.7851854576891595,0.0081911897286773,0.010524332810047096
"Winston-Salem, NC",2022,-0.015884787988988895,-0.0160144204501171,2.1836774400292986,0.6779937460024164,-0.0005371728911995523,0.03473531320498161
"Richmond, VA",2021,0.029199153742268003,-0.0219975870374126,2.2370228259992855,0.7236313419706887,-0.004082867875695201,0.031970153852926286
"Austin-Round Rock, TX",2019,0.02405979029212,-0.02012856409771776,2.3577214640304827,0.8140238731080404,-0.03739897534251211,0.04606368268168868
"Reno, NV",2005,,0.0315098229171009,2.310709591600817,0.785397491791808,0.018130777403712304,
"Worcester, MA-CT",2014,0.0196761324691639,0.0359298965727348,2.321482982105064,0.7698042310559616,0.009410701692104298,0.0033938022706153288
"Milwaukee-Waukesha-West Allis, WI",2008,0.0120762105403829,-0.060059730618768695,2.208740277074608,0.7498269544769182,-0.0005427654832601478,0.006678823542573305
"Colorado Springs, CO",2024,-0.0543303958155041,-0.056494293766021705,2.1242888943853573,0.6714280529038779,-0.037295826710760566,0.11973847946747783
"Greenville-Anderson-Mauldin, SC",2023,-0.02806489916929197,-0.012335028780234299,2.139809867688079,0.6776096725596488,-0.0040612695738672985,0.05406458226550487
"Spokane-Spokane Valley, WA",2010,-0.00439381393002748,-0.0193716044634752,2.2565240159427455,0.7238473419221778,-0.0004412862472235983,0.0015377929328385651
"Raleigh, NC",2013,0.007782151335540799,0.0161473642724619,2.471710566151983,0.7821913844609109,0.003875314258039001,0.07446723388365828
"Baton Rouge, LA",2020,0.0159714742295589,0.004928671380950905,2.310184193013524,0.7637554210622485,-0.01239348948001865,0.012141500949335466
"Indianapolis-Carmel-Anderson, IN",2018,0.015089231357828099,0.019641737559175497,2.3094320328676123,0.760752296427249,0.00660610385239125,0.020309180551287363
"Bakersfield, CA",2012,0.004857043660831499,0.0006442716062698018,3.324448209327498,0.9724915128704257,-0.005339841358363649,0.0005603931373394258
"Birmingham-Hoover, AL",2008,-0.0135435868681979,-0.0603588006492195,2.358051689860835,0.750729256103736,-0.0008418355137109548,0.0004428779686663837
"Palm Bay-Melbourne-Titusville, FL",2015,0.0407373986040611,0.034645511288724895,2.539620843199452,0.7736800079848288,0.029398744925856597,0.0
"Seattle-Tacoma-Bellevue, WA",2021,0.025450431367828402,-0.0383990083161278,2.1932615512903086,0.7864680077231263,-0.020484289154410404,0.03177409158650202
"Baton Rouge, LA",2017,-0.0335837246366925,-0.02256497549739444,2.6107798213127444,0.7934969586548765,-0.036030987976118936,0.017017098911887425
"Boise City, ID",2006,0.034346255225059505,0.005763296088281598,2.321414772926838,0.7332423617120415,0.019344936124980398,0.029438001784121322
"Buffalo-Cheektowaga-Niagara Falls, NY",2015,0.0165366443639059,-0.006032011020399601,2.075481749545346,0.6687059677670738,-0.0112787773832679,0.016307893020221786
"Shreveport-Bossier City, LA",2016,-0.012747363667406081,-0.0021991028898544,2.4731330472103004,0.7563107027800978,-0.004050171002745601,0.0030401553857197145
"Akron, OH",2014,0.018366286872612,0.0262900410985012,2.164392834826078,0.6860948796672279,-0.0002291537821293016,0.0005028246916501523
"Syracuse, NY",2005,,0.0051486107827396,2.1173122684787673,0.7015399121327519,-0.008230434730648998,
"Grand Rapids-Wyoming, MI",2008,0.0120673266543436,-0.04816469429391,2.284542052293532,0.7298147684403551,0.011352270841598545,0.006410888647795641
"San Francisco-Oakland-Hayward, CA",2012,0.024561694748354,0.025985406124654796,2.521377874168391,0.899244653301417,0.020001293160021347,0.0011856604826335612
"Austin-Round Rock, TX",2016,-0.0039425897555723025,-0.0090010201075263,2.4716880375639074,0.8349058919716257,-0.010852088220417501,0.05418713955709202
"St. Louis, MO-IL",2009,-0.047761627196842196,-0.01094668780783594,2.2027023181247567,0.7336765452435169,-0.0035796528682112694,0.000985847788360478
"Ann Arbor, MI",2013,0.011228350335422499,0.0228855948585138,2.1108903738486546,0.6872019802329479,0.0106135448440909,0.0
"Reno, NV",2011,-0.0170141830206089,-0.003178816363561201,2.5526649653663873,0.836670315121331,-0.0019148495048285,0.0
"Tucson, AZ",2023,-0.0181751344580312,-0.0428663206301455,2.0755328527718717,0.711470003955327,-0.0345925614237785,0.015493423875072012
"Jacksonville, FL",2012,-0.00022303972427849955,-0.00014317001247069958,2.507413133139757,0.7778155293418133,-0.006127282977104151,0.007040612947480133
"Louisville/Jefferson County, KY-IN",2013,0.0078508866668377,0.0051736583623157,2.2956445057894332,0.7428982648129882,-0.0070983916521072,0.010078273623676682
"Fresno, CA",2014,0.0077269844400749,0.0328837527727146,3.2878662599620627,0.98584750388553,0.006364557892084101,0.003500148942508192
"Portland-Vancouver-Hillsboro, OR-WA",2018,0.0093313574799452,0.008938006230926498,2.3515835264909755,0.804184205731588,-0.0040976274758577486,0.03670295324559352
"Fayetteville, NC",2015,-0.00827509240979362,0.011706328470788997,2.491592315865814,0.7211076616682287,0.006459562107920697,0.0
"Indianapolis-Carmel-Anderson, IN",2010,-0.019739696088753943,-0.0171497006997638,2.3877834677647036,0.7847993021937782,0.0017806175164878021,0.015591988186740372
"St. Louis, MO-IL",2005,,-0.005811902943137201,2.2343066514761523,0.7510357014106814,-0.0191909484565258,
"Grand Rapids-Wyoming, MI",2022,-0.004947983873216599,0.003759167134378398,2.180441177870655,0.7266546100640904,0.01923641469329595,0.02129321741917391
"Knoxville, TN",2019,0.026386021741962397,0.0324953942291584,2.265813392691523,0.7200773856097065,0.015224982984364047,0.032340960660488256
"New Haven-Milford, CT",2022,-0.0254348229888363,-0.001998835266019801,2.1378113546263746,0.7327349500449941,0.013478412292897748,0.03365936287634556
"Boise City, ID",2023,-0.0617933729890842,-0.0149877921692853,2.2701374807816572,0.6921062463910873,-0.006714032962918301,0.09534838295616263
"Birmingham-Hoover, AL",2018,0.0366138022401485,0.015865842917299297,2.3792804932212195,0.754955751155486,0.00283020921051505,0.0
"Albuquerque, NM",2005,,0.011505192828294802,2.1975061803784066,0.7586313591883088,-0.0018738526850937964,
"Tucson, AZ",2022,-0.0230259422484322,-0.0181751344580312,2.1179312266917942,0.7219329476003276,-0.00269788689911365,-0.00045332026464101933
"Corpus Christi, TX",2019,0.013123675355052898,0.0103376115404215,2.588231689569067,0.8495044825349577,-0.006932799704372852,0.02092164638315329
"Eugene, OR",2008,0.0104489385454345,-0.0896558879907665,2.1737461388754977,0.7161681225918409,-0.030138922855257953,0.00875380600260983
"Buffalo-Cheektowaga-Niagara Falls, NY",2021,-0.025635521301553693,-0.020070282024471295,1.9324845773834394,0.634326582145724,-0.002155562862753896,0.023622571200425872
"Albuquerque, NM",2017,0.0027053181565218007,0.014729018137708699,2.2687261208318996,0.7370987578227353,0.0012630056589841981,-0.0016617715257381358
"Allentown-Bethlehem-Easton, PA-NJ",2024,0.008525801541673702,-0.008985457973480201,2.2877526637417738,0.7619474741676234,0.010213009081780935,0.02124790135689318
"Springfield, MO",2013,-0.0007411610617603995,0.007079889408038601,2.2799960055256894,0.6940193023786002,-0.005192160606384299,0.0038254526044215116
"Richmond, VA",2006,0.0180080036939354,-0.0166865884754028,2.3593864749082005,0.7455731300780579,-0.003104948438704,0.00562941843889099
"Tampa-St. Petersburg-Clearwater, FL",2007,-0.0194047577175465,-0.0125910888122034,2.3183740221622497,0.7875317904911578,-0.020467376569285982,0.013249900929346645
"Milwaukee-Waukesha-West Allis, WI",2019,0.003789671802258497,0.0032733491353835985,2.1799800009301893,0.7337660135152765,-0.013997062109410752,0.023539281960288913
"Gainesville, FL",2019,0.029193624028301196,0.006698971494301799,2.1799375570800503,0.7230777901455483,-0.010571439750492552,0.010054546934787918
"El Paso, TX",2021,0.03845030870146901,0.006664301055343602,2.6100832474128386,0.8161418780149974,0.024579020217061,0.00989877273134462
"Mobile, AL",2019,0.010148088553285597,0.0391653476946201,2.34761466455949,0.728027704023654,0.02189493644982575,0.018720674135784737
"El Paso, TX",2013,-0.004788417956170099,-0.00015933032454394994,2.9554004495445403,0.9148597882709814,-0.01243138033896685,0.030917536586584086
"Chicago-Naperville-Elgin, IL-IN-WI",2024,-9.906692577649895e-05,0.010289842231273699,2.1161199653094185,0.7555210824855614,0.029488309286534835,0.01606739028046926
"Lansing-East Lansing, MI",2018,0.008527525515214001,0.015950500139331796,2.263640331732868,0.7617740317891261,0.0029148664325475485,0.024215740231150248
"Richmond, VA",2019,0.016286048212385197,0.0264539829187241,2.3752677276671137,0.7431131882066195,0.00918357167392975,0.022905230632380997
"Boston-Cambridge-Newton, MA-NH",2017,0.004197064090412102,0.014782628790393802,2.282101994232682,0.7981569823401249,0.001316616311669301,0.04122412977848907
"Baton Rouge, LA",2021,0.004928671380950905,-0.0429603915933056,2.381678057292424,0.7722959018480505,-0.0250456724315882,0.011280051340277436
"Urban Honolulu, HI",2023,-0.00030595532098010025,-0.015003166442347,2.508280073853146,0.8224769125447662,-0.006729407235979999,0.0
"Portland-Vancouver-Hillsboro, OR-WA",2005,,0.011557291013118701,2.3168383500709067,0.7937632752359103,-0.0018217545002698968,
"San Jose-Sunnyvale-Santa Clara, CA",2015,0.0588318264876862,-0.02624442662618303,2.905889667237777,0.9876896010300438,-0.03149119298905133,0.032153378751611124
"Albuquerque, NM",2019,0.0343090250280857,0.0503005942993011,2.4290000265503173,0.7891498366839951,0.03303018305450675,0.004836945046929883
"Gainesville, FL",2016,0.0261219204259739,0.0215103284007721,2.6569528388792776,0.8474791271007274,0.0196592602878809,0.012378499626152695
"Bakersfield, CA",2014,0.0041746407437191,0.010141811037566199,3.3937242006576644,1.0001030895951672,-0.0163773838430643,0.015378061767838125
"Charleston-North Charleston, SC",2017,-0.0087263106816597,0.0011682424702797005,2.4321714127413236,0.7491878626663999,-0.0122977700084448,0.09355299852358745
"Huntsville, AL",2021,-0.0020073944716910985,-0.037533988458244294,1.9807986192265512,0.6152634753278085,-0.019619269296526895,0.0784160435078178
"Columbus, OH",2020,0.0173800344310846,-0.0020205074935416983,2.2304801628746316,0.7431487050620352,-0.019342668354511254,0.035841350029558766
"Reno, NV",2016,0.0474253394497261,0.04093642463151741,2.475789163406399,0.815458958517211,0.039085356518626206,0.019351760741867192
"Las Vegas-Henderson-Paradise, NV",2006,0.0221028614164562,-0.014918582463559198,2.559764578767957,0.8215621462752285,-0.0013369424268603984,0.007682595390442765
"Miami-Fort Lauderdale-West Palm Beach, FL",2016,-0.005097157801903701,0.0008563653117827988,2.841650901890511,0.9619971027213448,-0.000994702801108402,0.047122496842864875
"Bridgeport-Stamford-Norwalk, CT",2019,0.0012550233987330996,0.005934733777507799,2.501879355001875,0.8374214414777321,-0.011335677467286552,0.06208235219245211
"Memphis, TN-MS-AR",2017,0.002312432277839699,0.03978570811535451,2.5913574680537534,0.7946867438390004,0.026319695636630006,0.004263204687382842
"Charleston-North Charleston, SC",2023,-0.0204660995159407,-0.02757977082075673,2.193416143201247,0.6978559965378581,-0.01930601161438973,0.04364535588842162
"Pittsburgh, PA",2016,-0.004987719948805801,-0.0110237614699788,1.968468789083551,0.6700791017292542,-0.012874829582870001,0.022682540189163023
"Las Vegas-Henderson-Paradise, NV",2021,0.124135740658714,-0.06868644825103712,2.5293319438111985,0.7890974454757972,-0.05077172908931972,0.01705802378099364
"Washington-Arlington-Alexandria, DC-VA-MD-WV",2022,-0.0360584512624426,-0.003154187485959102,2.252200702200012,0.7888632081477792,0.012323060072958447,0.02275855894170183
"Syracuse, NY",2010,0.0020300850425434003,-0.019398377193527702,2.140139887079105,0.7083036173188253,-0.0004680589772761007,0.0002596981009576367
"Colorado Springs, CO",2016,0.0393812008989677,0.0191611715144329,2.513094093232778,0.7682970986460348,0.0173101034015417,0.01170462320398788
"Lubbock, TX",2024,-0.02138970401285338,-0.0161236645969748,2.1109473425628607,0.6620167836015958,0.0030748024582863374,0.02770505255753976
"Grand Rapids-Wyoming, MI",2012,0.0010713477801800007,0.008630981081787099,2.3884946155745714,0.7810617231935959,0.002646868117153648,0.00209930186007909
"Richmond, VA",2010,-0.0274819720383215,-0.02467006343455839,2.4520169670054375,0.7854226461462706,-0.005739745218306787,0.004267919701940722
"Washington-Arlington-Alexandria, DC-VA-MD-WV",2016,-0.0066653597312346016,-0.0075357283913679,2.523913234776487,0.8607573515620115,-0.0093867965042591,0.025357653868784618
"Lansing-East Lansing, MI",2007,-0.0217155348005857,0.0156587914867687,2.139158217445103,0.7273543614636383,0.00778250372968612,0.02082494601617685
"Providence-Warwick, RI-MA",2007,-0.010910276273187598,0.00623566176056743,2.1596742617869378,0.7144071379102545,-0.0016406259965151496,0.012157179073519243
"Indianapolis-Carmel-Anderson, IN",2015,0.021644753107931097,0.0079780653906689,2.4285999992592786,0.7982380645734605,0.0027312990278006,0.019941398427454203
"Albuquerque, NM",2014,0.011917230083333001,0.010776235425974801,2.4637624569207,0.7918794744194168,-0.015742959454655703,0.00629864398619915
"Lubbock, TX",2022,-0.014932067346898996,-0.0162210045609732,2.101203332304844,0.6555325600423545,-0.0007437570020556502,0.025541891169333277
"Jacksonville, FL",2008,-0.023422595735044502,-0.0646550475652752,2.386879682763617,0.7513427658676418,-0.005138082429766648,0.02724604126183487
"Reno, NV",2010,-0.01289129365099996,-0.0170141830206089,2.553205943570768,0.832450493416402,0.0019161351956427028,0.0
"Miami-Fort Lauderdale-West Palm Beach, FL",2020,-0.00923132954983449,0.06956768836684402,2.668084619544868,0.9368014399476737,0.05224552750587446,0.05015977414451028
"Charleston-North Charleston, SC",2010,-0.003519241496496201,-0.012526269918697399,2.5563393313956655,0.775807330811543,0.0064040482975542025,0.01579778830963665
"Portland-Vancouver-Hillsboro, OR-WA",2017,-0.002864916574317901,0.0093313574799452,2.365896584563815,0.8036666846936318,-0.0041346549987793,0.030781200346274806
"San Jose-Sunnyvale-Santa Clara, CA",2023,-0.02902081331649017,0.006443613859283399,2.6116246012354334,0.916196623965456,0.014717373065650399,0.0036913330310442386
"Huntsville, AL",2013,-0.01356910355885738,-0.01092517388360047,2.3186558738542207,0.7165430696992277,-0.02319722389802337,0.033238683814932356
"Atlanta-Sandy Springs-Roswell, GA",2009,-0.061944354980760605,-0.018989843114786152,2.7658245510075417,0.8619026121367924,-0.011622808175161481,0.013361834414274147
"Boston-Cambridge-Newton, MA-NH",2006,-0.012620434413734002,-0.009354606220420801,2.1710733465754433,0.7604184321791272,0.004227033816277998,0.03959506098860893
"Phoenix-Mesa-Scottsdale, AZ",2007,-0.019985113242563197,-0.0355999923007202,2.8044172819904953,0.9081042289210677,-0.04347628005780278,0.01691232804656322
"Charlotte-Concord-Gastonia, NC-SC",2022,-0.017066457522241597,-0.0441614529345293,2.2136762675744865,0.7136383394068965,-0.028684205375611747,0.040558836087939094
"Portland-Vancouver-Hillsboro, OR-WA",2012,0.008057790733528098,0.019489002758327496,2.46185600913898,0.8032141932751359,0.013504889793694045,0.012911709838221352
"Ann Arbor, MI",2011,-0.011356217703240402,0.028327307589006402,2.0997921380350606,0.7149093140938925,0.029591274447739103,-0.005363443895553988
"Jackson, MS",2019,0.0206481023815632,0.024027939765914903,2.374425737491279,0.7165904567430885,0.006757528521120552,0.0
"Huntsville, AL",2017,0.019346337068717998,0.0302689548590336,2.1640471167369904,0.6658930706352684,0.016802942380309098,0.011170688114387846
"Memphis, TN-MS-AR",2018,0.03978570811535451,0.0207124604967594,2.541440999616188,0.7840910212257867,0.0076768267899751524,0.00182390272518799
"Houston-The Woodlands-Sugar Land, TX",2021,0.016148619911148104,-0.0304543946209831,2.4394202811365777,0.8359778161001292,-0.012539675459265702,0.02835790591616168
"New Haven-Milford, CT",2005,,0.0072459454954833975,2.1452606319157446,0.7341951575617471,-0.006133100017905201,
"Urban Honolulu, HI",2024,-0.015003166442347,0.0071266498100758,2.5702785640220833,0.8527546041789186,0.026325116865336937,0.0
"Spokane-Spokane Valley, WA",2005,,0.0356065246583195,2.0445514654459913,0.6937156539699831,0.0222274791449309,
"Miami-Fort Lauderdale-West Palm Beach, FL",2013,0.0155570333541069,0.017458383335457798,2.820921640819854,0.9526077189419362,0.005186333321034898,0.014895364096110015
"Houston-The Woodlands-Sugar Land, TX",2023,-0.02872661829405618,-0.02344855368284631,2.3763593480304728,0.830936582619536,-0.015174794476479311,0.03628496226577095
"Orlando-Kissimmee-Sanford, FL",2005,,0.046794960957881895,2.442893503633052,0.7852929854073598,0.033415915444493294,
"Dallas-Fort Worth-Arlington, TX",2015,0.050079320261385,0.010790786225877796,2.5955100804550897,0.8740666336124032,0.005544019863009496,0.024457435299328735
"Lansing-East Lansing, MI",2006,-0.004762645128253001,-0.0217155348005857,2.1202976212027953,0.712072665811441,-0.0081338947638869,0.006779910829433656
"Denver-Aurora-Lakewood, CO",2006,-0.0037435863791733005,-0.004493862340148896,2.236760547075264,0.7685867004294987,0.009087777696549903,0.0062648237507156295
"Oklahoma City, OK",2013,0.0145977077723179,0.011153025894151701,2.4571473901316834,0.7842648076566008,-0.001119024120271199,0.01889290749708821
"San Francisco-Oakland-Hayward, CA",2014,0.0377172328221664,0.0522892108952065,2.5522299308789496,0.8972513830676312,0.025770016014576,0.01654441524801056
"Virginia Beach-Norfolk-Newport News, VA-NC",2021,0.03387330528207,-0.011854008984891896,2.219387676587363,0.6909284064886411,0.0060607101768255026,0.012651564038990593
"Louisville/Jefferson County, KY-IN",2008,-0.0136288643510652,-0.06054328075008959,2.1981848161362314,0.715671755760518,-0.0010263156145810456,0.009623888830592574
"Allentown-Bethlehem-Easton, PA-NJ",2005,,0.006859617990371696,2.12175723350412,0.7303604148697417,-0.006519427523016902,
"Santa Rosa, CA",2006,0.016533820641157198,0.004496313681903799,2.612130044495434,0.8522255943348508,0.0180779537186026,0.004973164606824561
"Cincinnati, OH-KY-IN",2019,0.0124824858394623,0.012735364838704098,2.1390767799105532,0.7180403803520518,-0.004535046406090253,0.0067107394866361076
"Seattle-Tacoma-Bellevue, WA",2014,0.0230982735442982,0.056133092085029604,2.346784683282594,0.7982127077810567,0.029613897204399102,0.03657015558086889
"Portland-Vancouver-Hillsboro, OR-WA",2006,0.011557291013118701,0.010074477693143805,2.374168184334878,0.8018763848835404,0.023656117729842604,0.005491619930625345
"Charleston-North Charleston, SC",2009,-0.05949567696409799,-0.003519241496496201,2.4578960868062136,0.7523587803978863,0.00384779344312847,0.03498380379453957
"Seattle-Tacoma-Bellevue, WA",2023,-0.0197187746171017,-0.012345167157781601,2.1222927500293007,0.7659053924394984,-0.004071407951414601,0.022898381539272622
"Toledo, OH",2017,0.0063949909544401,0.013045224175706898,2.160017394294267,0.6958203023195204,-0.0004207883030176024,0.026024652043813656
"Worcester, MA-CT",2007,-0.0101807638499107,0.00791512786656499,2.1869147915111444,0.7194348843491593,3.8840109482409305e-05,0.0010066086043152872
"Knoxville, TN",2013,0.004871989944640201,0.00014339747531867068,2.303069394277344,0.7287400455062572,-0.01212865253910423,0.008616320324379118
"Seattle-Tacoma-Bellevue, WA",2017,0.005189188990633999,0.012016235665336602,2.3026207501349165,0.8073074771737421,-0.0014497768133878985,0.03138029973183931
"Hartford-West Hartford-East Hartford, CT",2016,6.457463332269764e-05,-0.0045856672787256,2.208806732063392,0.7634623565332009,-0.0064367353916168005,0.016131409574032526
"Baton Rouge, LA",2016,0.0291833751691208,-0.0335837246366925,2.6859287429943954,0.8470805834098736,-0.0354347927495837,0.024102105792325308
"Austin-Round Rock, TX",2009,-0.0711069486136971,-0.0026755619640875007,2.473952799385756,0.8400294415454967,0.0046914729755371705,0.028848961476319324
"Los Angeles-Long Beach-Anaheim, CA",2013,0.0109377572030458,0.0238275009828672,2.9297284273317685,1.0561820562430895,0.011555450968444299,0.00328685882638869
"Jacksonville, FL",2018,0.020403961465612398,0.013401142427063,2.4824686110353213,0.7590424574349908,0.0003655087202787538,0.029161660042517794
"Jacksonville, FL",2017,0.0190933414286785,0.020403961465612398,2.542604232714419,0.778591619922978,0.006937948986887897,0.027506380958034073
"Eugene, OR",2021,0.009592399558498402,0.007203685837657903,2.20670709837295,0.7306928234417681,0.0251184049993753,0.00027649769585253456
"Stockton-Lodi, CA",2015,0.0728850594555397,0.041653933454833994,3.22201695283634,0.9542282676435048,0.036407167091965696,0.0
"Washington-Arlington-Alexandria, DC-VA-MD-WV",2013,-0.0023193607389297,0.003201134844408991,2.565076103077024,0.8414663255474519,-0.009070915170013908,0.025929890539817268
"Wichita, KS",2013,0.005290442490640599,-0.0034751688440277594,2.324209055203489,0.7674290010621497,-0.015747218858450658,0.020077193932827735
"Boise City, ID",2012,0.004188374541354199,0.0101939229012165,2.65998810262122,0.7970169177851013,0.004209809936583049,0.023307018957091457
"Oklahoma City, OK",2021,0.0127974754185219,-0.0179025728526993,2.258556856458554,0.7165774834437086,1.2146309018100376e-05,0.018558080317645283
"Omaha-Council Bluffs, NE-IA",2016,-0.0018461379366292996,-0.005324032854396799,2.28622742124634,0.7555225692286318,-0.007175100967288,0.029436900579242236
"Jackson, MS",2013,0.002453017392817501,0.0204694330382214,2.6739985414387664,0.8066462645698863,0.0081973830237985,0.0
"Greenville-Anderson-Mauldin, SC",2021,0.03515603449054,-0.002269742292491897,2.262492013929507,0.7161048326459933,0.015644976869225502,0.061634071368111554
"Baton Rouge, LA",2013,0.005267762923303601,0.0133558515149221,2.4736525365570396,0.7981658252083206,0.0010838015004992,0.0034594226733964725
"Charleston-North Charleston, SC",2019,0.0151047661093235,0.0099187380366173,2.434413649905209,0.7552232117851342,-0.0073516732081770515,0.040978896264737934
"Orlando-Kissimmee-Sanford, FL",2014,0.0219405837046967,0.049483374396469104,2.8419013735904013,0.8760869137163785,0.022964179515838602,0.03164085388349164
"Rochester, NY",2005,,0.004601484847185099,2.0657167923056927,0.71817943047895,-0.008777560666203499,
"Memphis, TN-MS-AR",2020,0.0422858557395782,0.029952288231327007,2.252093996633811,0.710899669074343,0.012630127370357451,0.004065809379727685
"Baltimore-Columbia-Towson, MD",2013,0.006339603447977101,0.007696531123207601,2.375309900202115,0.7809424846604113,-0.004575518891215299,0.01919994601069663
"Ann Arbor, MI",2005,,-0.007327589455130602,1.9674452252997106,0.7012147956064033,-0.0207066349685192,
"Grand Rapids-Wyoming, MI",2011,-0.0133421215325766,0.0010713477801800007,2.3345201559615996,0.744255765126166,0.002335314638912702,0.001368858469811782
"Knoxville, TN",2010,-0.006575262438081501,-0.02401243560986447,2.255102131163507,0.7259331463620403,-0.005082117393612869,0.012554533756002637
"Lansing-East Lansing, MI",2022,-0.0049516495588703,-0.001899198651697201,1.9611361416553768,0.6503345992905764,0.013578048907220348,0.0
"Bridgeport-Stamford-Norwalk, CT",2013,0.007529395976725599,0.010357825427042,2.6120367806433746,0.8712945710509133,-0.0019142245873809,0.0692199737425868
"Las Vegas-Henderson-Paradise, NV",2005,,0.0221028614164562,2.5075790818879575,0.8307889290036587,0.008723815903067603,
"Akron, OH",2024,0.007028964998590497,-0.0006221775281429025,1.95584410201142,0.637943971985993,0.018576289527118234,0.009596150727144943
"Allentown-Bethlehem-Easton, PA-NJ",2006,0.006859617990371696,-0.008881177702840796,2.2366449147706127,0.7296085406372294,0.004700462333858003,0.009489829698017435
"Lincoln, NE",2008,0.0175062206877756,-0.0513697571154175,1.9738843486555466,0.6962859897055347,0.00814720802009105,0.0
"Allentown-Bethlehem-Easton, PA-NJ",2022,-0.0107752766731663,-0.009764843643095,2.188267998492273,0.739249605256456,0.005712403915822549,0.050821551394726786
"Lansing-East Lansing, MI",2005,,-0.004762645128253001,2.1500152710156124,0.7129231924032384,-0.0181416906416416,
"Buffalo-Cheektowaga-Niagara Falls, NY",2022,-0.020070282024471295,0.0023785112198334013,1.9347701266087078,0.6273695969428438,0.017855758778750952,0.01581832759106373
"Tampa-St. Petersburg-Clearwater, FL",2022,-0.0290159184757156,-0.04045899959691954,2.320602468300466,0.7738319196033832,-0.024981752038001986,0.03922484577339645
"Phoenix-Mesa-Scottsdale, AZ",2010,0.0013693563793372998,-0.017976990817504403,2.7528148407162707,0.8627016608107266,0.0009533273987471988,-0.0003821764239610463
"Lubbock, TX",2014,0.0100096970486507,0.0091662394647856,2.3642207398423287,0.7587186672894286,-0.017352955415844903,0.009777866920724064
"Tampa-St. Petersburg-Clearwater, FL",2013,0.008103284397784198,0.017151674597249998,2.452485397658826,0.8004650911423556,0.004879624582827098,0.011112379876315425
"Shreveport-Bossier City, LA",2009,-0.0601119927163658,-0.007274773701601031,2.249827204865911,0.7259862276617692,9.226123802364046e-05,0.034653465346534656
"Columbus, OH",2007,-0.013936132142242399,0.0201361769182968,2.273699636811588,0.7431565998755998,0.012259889161214219,0.00605970632692723
"Philadelphia-Camden-Wilmington, PA-NJ-DE-MD",2006,-0.0031585071860580002,-0.007093891451057398,2.194958138115611,0.7465098580160296,0.0064877485856414015,0.006276543367301759
"Atlanta-Sandy Springs-Roswell, GA",2017,0.0091074307001047,0.030632748083129897,2.6079420082767943,0.7926198373960797,0.017166735604405396,0.02930274289260552
"Rochester, NY",2011,-0.02548438535110879,-0.01181759273667932,2.1336283849673694,0.7268949654996166,-0.010553625877946619,0.0031533468476769664
"Hartford-West Hartford-East Hartford, CT",2011,-0.021876143208163258,-0.006995381862270802,2.303224242741851,0.7840378727569913,-0.0057314150035381005,-0.001485503534473927
"Palm Bay-Melbourne-Titusville, FL",2007,-0.018537331322130198,-0.0164444713549328,2.2268776148503187,0.6888715767517545,-0.02432075911201538,0.005171954145561184
"Albuquerque, NM",2021,0.066029273530914,0.010757143395813004,2.19704974271012,0.7343063852230644,0.028671862557530403,0.004814892044054366
"Fort Wayne, IN",2013,-0.0023342917024459994,0.0019030900362000504,2.2785580940528045,0.7304658834258355,-0.01036895997822285,0.012557077625570776
"Reno, NV",2013,0.0148365808368359,0.0215016886281834,2.644417290361998,0.8701629816457171,0.009229638613760499,0.00024520321216207934
"Oklahoma City, OK",2008,0.030289092410950697,-0.0562026693518696,2.402041954184927,0.7821278888405205,0.0033142957836389472,0.00042312574527830137
"St. Louis, MO-IL",2010,-0.01094668780783594,-0.02313939287366199,2.248810939357907,0.7559911285521789,-0.00420907465741039,0.004696478861775383
"Augusta-Richmond County, GA-SC",2014,0.0143600128280983,0.0090056841095347,2.703929689228921,0.7710122194727281,-0.0175135107710958,0.021717340461075842
"Philadelphia-Camden-Wilmington, PA-NJ-DE-MD",2018,0.014558813349262203,0.013077373721933398,2.2944556101840274,0.7720394483226533,4.174001514915121e-05,0.021290457908519998
"Worcester, MA-CT",2017,0.00032694009308149863,0.021576690302148798,2.245277570565729,0.7674893000989792,0.008110677823424298,0.0037813140066172996
"San Francisco-Oakland-Hayward, CA",2006,0.05397574113022989,0.0271388590839539,2.3639455782312924,0.8656343093864208,0.0407204991206527,0.0006769651330720033
"Sacramento--Roseville--Arden-Arcade, CA",2019,0.025492693403101,0.045412372677787805,2.6401745790124633,0.8490319619859837,0.028141961432993454,0.010473682201610749
"Chattanooga, TN-GA",2007,-0.014727499285635,-0.0156648612277222,2.278008228787266,0.7472233898980066,-0.02354114898480478,0.0003535234503888758
"Syracuse, NY",2012,-0.004446800873029202,0.003294959077302,2.195127980404054,0.7250641142216664,-0.002689153887331451,0.013306072112420082
"Huntsville, AL",2012,-0.001765546463775601,-0.01356910355885738,2.482220242193512,0.7826195219123506,-0.019553216523490832,0.003141624429271562
"Denver-Aurora-Lakewood, CO",2016,-0.0017486936556472994,0.0043094188458138,2.423152423070112,0.8278339428933708,0.002458350732922599,0.027855832156768963
"Oxnard-Thousand Oaks-Ventura, CA",2006,0.0329697641850681,-0.008570350656207995,2.9341341711328774,0.9404268762216913,0.005011289380490804,0.008629207562084185
"San Diego-Carlsbad, CA",2020,0.0099023896001425,0.042514496108963004,2.6574820130773484,0.9036466133573507,0.02519233524799345,0.009261306877540282
"Fresno, CA",2017,0.024383957732360798,0.032160810009494806,3.1299919891330847,0.9851415140878267,0.018694797530770305,0.008337014134275619
"San Diego-Carlsbad, CA",2006,0.0339349720002384,-0.016852283799943,2.6582672796809415,0.9004678375185048,-0.0032706437632442006,0.0037273625861626017
"Toledo, OH",2023,-0.010210861474659001,-0.0007996208049182996,2.119373209847649,0.6759043039072469,0.007474138401448701,0.011850915982312065
"Little Rock-North Little Rock-Conway, AR",2005,,0.0364513161898823,2.2070371651027196,0.7007139558301345,0.023072270676493704,
"Minneapolis-St. Paul-Bloomington, MN-WI",2010,-0.0010191423665214007,-0.02273734836878109,2.2417623918174665,0.7943423464339588,-0.0038070301525294885,0.0006499573465491328
"New York-Newark-Jersey City, NY-NJ-PA",2010,0.018606058523483297,-0.019519757395999898,2.5347961616111743,0.9260013571759302,-0.0005894391797482967,0.006892877470251095
"Lubbock, TX",2016,-0.009717299151636601,-0.021190073128373798,2.661841295878614,0.8285021379794498,-0.023041141241265,0.014581086783252848
"Fresno, CA",2009,-0.0791215679641304,-0.00805749537753344,3.2850160450354084,1.0245935573110978,-0.0006904604379087687,0.009072676917199885
"Omaha-Council Bluffs, NE-IA",2019,0.0094589992550373,0.0033258347503986006,2.1971120619936184,0.7460561168572762,-0.01394457649439575,0.030897215934485793
"El Paso, TX",2008,0.0144108723221707,-0.062305354237133,2.812382297551789,0.8827809624553734,-0.002788389101624454,0.007888281859739102
"Milwaukee-Waukesha-West Allis, WI",2014,0.0093657973843679,0.0152539319192429,2.217189166303866,0.7437716555056234,-0.011265262961387601,0.011747335294815007
"El Paso, TX",2017,-0.0036794904136248016,0.0076828699567471,2.81298771536738,0.8644403817845102,-0.0057831425219774,0.015749860620702473
"Rochester, NY",2012,-0.01181759273667932,0.0001673916072283,2.163929006797661,0.7418541395137984,-0.005816721357405151,0.006409340491110612
"Urban Honolulu, HI",2005,,0.057198378008720394,2.68902010625449,0.9017644177950734,0.04381933249533179,
"Knoxville, TN",2011,-0.02401243560986447,-0.0019073366004705022,2.2373709844741794,0.706767126102883,-0.0006433697417378009,0.03329097052168253
"Riverside-San Bernardino-Ontario, CA",2018,0.025253212825313603,0.0286737411406994,3.315328464126746,1.0029414310281461,0.015638107433915152,0.014676392984634487
"Jackson, MS",2014,0.0204694330382214,0.027113963553812,2.682032834245396,0.8146587184062979,0.0005947686731814991,0.011521340665095576
"Dallas-Fort Worth-Arlington, TX",2009,-0.0502917866255579,-0.0117068034909147,2.6208161669623795,0.9057835448595147,-0.004339768551290028,0.02035716935777505
"Portland-Vancouver-Hillsboro, OR-WA",2022,-0.017286361408559797,-0.0477210311446447,2.1307287278854252,0.7435654088876599,-0.03224378358572715,0.017676335891973326
"Houston-The Woodlands-Sugar Land, TX",2014,0.0195813890236483,0.024860272819306403,2.6595977284584023,0.8919024932377769,-0.0016589220613240988,0.0323071032623969
"Springfield, MO",2015,0.0187669533138533,0.004497660775266598,2.3071292270153596,0.7299973770297089,-0.0007491055876017016,0.008390373150805918
"Little Rock-North Little Rock-Conway, AR",2008,-0.017672837402076702,-0.0588503188486633,2.3155759260650686,0.7395297336025533,0.0006666462868452488,0.04550502451312333
"Little Rock-North Little Rock-Conway, AR",2017,-0.0091409112774916,0.0038906492301378007,2.3844778114067844,0.7402501525320317,-0.0095753632485867,0.03210079777130556
"Bridgeport-Stamford-Norwalk, CT",2021,-0.014128490725086193,-0.0203681785884781,2.365849902467404,0.8152513590962157,-0.0024534594267607013,0.05696442641608545
"Houston-The Woodlands-Sugar Land, TX",2009,-0.046894923507743796,-0.012015290123917461,2.6692819400573518,0.9091817509825839,-0.00464825518429279,0.015157787347583405
"San Antonio-New Braunfels, TX",2009,-0.0485431204582987,-0.0040475938315916,2.6995158923821703,0.8882853203761173,0.0033194411080330714,0.03155907945873244
"Knoxville, TN",2020,0.0324953942291584,0.038892381450607,2.2022926787692834,0.7166173012069578,0.021570220589637444,0.010036544674540543
"Toledo, OH",2006,-0.0063225024073153,-0.018516953984197598,2.039660790993927,0.6757744923624317,-0.004935313947498798,0.015816966761023725
"Fayetteville-Springdale-Rogers, AR-MO",2005,,0.04244310663354109,2.3750855980121695,0.760255270112855,0.02906406112015249,
"Jacksonville, FL",2009,-0.0646550475652752,-0.01274280101856619,2.409102466310704,0.7531008037469419,-0.005375766078941519,0.03355335533553355
"Winston-Salem, NC",2013,0.0129091528893147,0.010520616887794501,2.4544466627915793,0.7600206595401687,-0.001751433126628399,-0.004706208042079036
"Lubbock, TX",2011,-0.021498555234091762,0.0006336168568850005,2.448884033088809,0.8101110832460501,0.0018975837156177018,0.014409522815077791
"Springfield, MO",2016,0.004497660775266598,0.0015236709750108997,2.2075705096486886,0.695032422643273,-0.00032739713788030103,0.0050361287497262975
"Oxnard-Thousand Oaks-Ventura, CA",2013,0.019804806792799,0.039215633987175,3.2654868170923215,0.9967864216063477,0.0269435839727521,0.015611230013848672
"Tucson, AZ",2021,0.082709245941116,-0.0230259422484322,2.200634506048254,0.7421981185169696,-0.0051112230867148,0.021948990196201185
"Minneapolis-St. Paul-Bloomington, MN-WI",2006,0.0036755341411799994,-0.0159416663888063,2.087087219092575,0.7483211508921329,-0.0023600263521075006,0.0018377987713592483
"Toledo, OH",2015,0.0322525395845432,-0.0021829358445778005,2.21149526167863,0.6980893736456915,-0.0074297022074461,0.005937258367392025
"Shreveport-Bossier City, LA",2012,-0.009749081060636041,-0.0008056924029555008,2.54508012953583,0.8032706973818696,-0.006789805367588952,0.0
"Denver-Aurora-Lakewood, CO",2014,0.0349834657895432,0.046744190791751905,2.4166175024582106,0.8054758065573341,0.020224995911121403,0.04385538546338286
"Gainesville, FL",2010,-0.00790706070470095,-0.021516076205688,2.3303074460715223,0.7376050086577796,-0.0025857579894363984,0.0
"Akron, OH",2015,0.0262900410985012,-0.0090981363462582,2.1999321218104964,0.7206201404142355,-0.0143449027091265,0.012859930231183113
"Dallas-Fort Worth-Arlington, TX",2012,0.0076044620197535,0.014617991977993001,2.584780929704635,0.8687107594700718,0.00863387901335955,0.014293396067887749
"Birmingham-Hoover, AL",2013,0.011171550834241898,-6.095937760019002e-05,2.451464552514247,0.758159295752783,-0.01233300939202309,0.009132906894100923
"Raleigh, NC",2020,0.010751996069416,0.08028409685797899,2.2421458129886105,0.7270063415700853,0.06296193599700944,0.0541722312904981
"Baltimore-Columbia-Towson, MD",2012,-0.003901601843881601,0.006339603447977101,2.3950552553037023,0.7885889361056306,0.0003554904833436498,0.012942845261221025
"Providence-Warwick, RI-MA",2016,0.008729275767289199,0.013044732857387501,2.23768020352398,0.7607452036656888,0.0111936647444963,0.014238714200960035
"Jacksonville, FL",2024,-0.0507285988904362,-0.031363884484320884,2.1595591632020064,0.6927949505798732,-0.012165417429059747,0.08092434913626967
"Huntsville, AL",2010,-0.0061293922211456305,-0.014777805572765399,2.469043280182232,0.7824483136983137,0.004152512643486202,0.029496744145931262
"Kansas City, MO-KS",2018,0.0035033382483872985,0.012993893691635096,2.236325107206621,0.724989586995916,-4.174001514915121e-05,0.02536342484245372
"Pittsburgh, PA",2010,0.003919755310244598,-0.0196872166454964,1.9755830153038243,0.6658111692425729,-0.0007568984292447983,0.002116329874385582
"New Haven-Milford, CT",2009,-0.0562492261673746,0.0002963442508649994,2.2796521952115607,0.7727110995143184,0.007663379190489671,0.0004704701565097387
"Phoenix-Mesa-Scottsdale, AZ",2005,,0.030721391302463496,2.5390385695951516,0.8595258836669003,0.017342345789074898,
"St. Louis, MO-IL",2016,-0.0006115096764936004,-0.0091475599893517,2.24336770698807,0.7462696815415464,-0.010998628102242902,0.013378690164024789
"Miami-Fort Lauderdale-West Palm Beach, FL",2023,-0.015483680203940399,-0.0137915707208042,2.4966670623783465,0.8749257743894662,-0.0055178115144372,0.03579686846219912
"Baltimore-Columbia-Towson, MD",2017,-0.0048817179613895,0.009154054150834999,2.347060900112794,0.780943067753928,-0.004311958327889501,0.021374086098133925
"Fayetteville-Springdale-Rogers, AR-MO",2021,-0.007572166064308189,0.027566361027629896,2.4636910887739134,0.764031827919381,0.045481080189347295,0.07817341822074483
"El Paso, TX",2014,-0.00015933032454394994,-0.0119391212406199,2.9066884275403453,0.9259621656881931,-0.038458316121250405,0.012984496124031008
"Spokane-Spokane Valley, WA",2015,0.0271603583191891,0.015847275484882403,2.3514938089287742,0.7399984985682776,0.010600509122014103,0.01285210718407836
"Boise City, ID",2014,0.014844140379415501,0.013135968411471402,2.610487729108419,0.7810876831612488,-0.0133832264691591,0.0248015358273232
"Miami-Fort Lauderdale-West Palm Beach, FL",2021,0.06956768836684402,0.0007666747745589952,2.5056755900505245,0.8724769425615618,0.018681393936276394,0.03809771401898977
"Knoxville, TN",2006,0.038948829037067395,-0.012976776758130998,2.144034927008011,0.6861291559982661,0.0006048632785678014,0.006944211479754436
"Atlanta-Sandy Springs-Roswell, GA",2011,-0.016168333506601303,0.008919409401369097,2.7011257270855706,0.8350910946062373,0.010183376260101799,0.0016711016769696675
"Baton Rouge, LA",2010,-0.00617882309811592,-0.0253291739247911,2.4979790628673797,0.8046851330880762,-0.0063988557085395,0.010211185889997679
"Miami-Fort Lauderdale-West Palm Beach, FL",2019,0.006035414629912399,-0.00923132954983449,2.750205055215828,0.9431867160420084,-0.02650174079462884,0.05163391016104194
"Little Rock-North Little Rock-Conway, AR",2011,-0.02283856124656129,-0.006636374704885501,2.3684262532662874,0.7651363065638545,-0.0053724078461528,0.02038083179117561
"Rochester, NY",2022,-0.007560734850494397,0.015898055374239002,1.9743844069737253,0.6836152592650642,0.03137530293315655,0.019117958866350978
"Omaha-Council Bluffs, NE-IA",2021,-0.014158293047473895,0.002499627667339299,2.059418439512832,0.7008738954254747,0.020414346829056698,0.02109704641350211
"Riverside-San Bernardino-Ontario, CA",2020,0.056808080404266395,0.065547265669777,3.1982512613291325,0.9943694107884568,0.04822510480880745,0.011311109902659199
"Rochester, NY",2019,0.0023282962975264,0.0287244355969276,2.0621529063309887,0.7190050067771293,0.01145402435213325,0.027402319225939876
"Detroit-Warren-Dearborn, MI",2020,0.029606405525669097,0.006790757736637107,2.064157397873552,0.6933308249578295,-0.010531403124332449,0.010628988734188233
"Eugene, OR",2013,0.006729140290680899,0.0113577585357294,2.3454450716456794,0.7603119193739091,-0.0009142914786934991,0.009768203178626115
"Corpus Christi, TX",2021,-0.008526324668453197,-0.0333861887726469,2.50431068450833,0.81427861282933,-0.015471469610929503,0.011373578302712161
"Chicago-Naperville-Elgin, IL-IN-WI",2016,-0.004298386644043001,-0.0072622511052675,2.432503973268807,0.8291411583156889,-0.009113319218158701,0.017853463975805322
"Nashville-Davidson--Murfreesboro--Franklin, TN",2012,0.0044842594485998005,0.010169153446021999,2.39756327926189,0.7542199813685065,0.004185040481388548,0.014064131569787678
"Springfield, MO",2012,-0.004577954374599501,-0.0007411610617603995,2.2433145522324542,0.7143755420641804,-0.0067252740263938505,0.00035598273483736036
"Charlotte-Concord-Gastonia, NC-SC",2012,0.0129862603914261,0.010236936965647701,2.5400641025641026,0.7831068395404595,0.00425282400101425,0.011661142824569832
"Worcester, MA-CT",2019,0.021492145129776,0.015315351887806899,2.212690178160646,0.737520490719687,-0.001955059356987452,0.0076788565346308825
"Greenville-Anderson-Mauldin, SC",2020,0.0171607880585041,0.03515603449054,2.2015792377172687,0.7254062002338585,0.017833873629570444,0.033995117232484225
"North Port-Sarasota-Bradenton, FL",2020,0.0025742108665551995,0.158935346266701,2.4158195316961737,0.8040333770504268,0.14161318540573145,0.07606097797299916
"Albuquerque, NM",2015,0.010776235425974801,0.007273240466199898,2.565383343315068,0.8389690040546427,0.002026474103331599,0.025196348124227566
"Minneapolis-St. Paul-Bloomington, MN-WI",2013,-0.0002847925111021995,0.0059377982902393,2.2101344525893802,0.7671939792629624,-0.0063342517241836,0.017485604221424127
"Salt Lake City, UT",2018,0.0133478742101345,0.005309426331257798,2.658215872218075,0.8621001282466171,-0.007726207375526449,0.06574044256337121
"Rochester, NY",2007,-0.0093187950047817,0.0079339927366364,2.073751996969547,0.7064599294729548,5.770497955382044e-05,0.003972257250945775
"Phoenix-Mesa-Scottsdale, AZ",2012,0.0005715367567061987,0.0082532664478455,2.763306801590559,0.8523697402951838,0.0022691534832120497,0.0016597363531805716
"Louisville/Jefferson County, KY-IN",2024,-0.005222421420348199,-0.020210493387579923,2.1005566819834196,0.7211388559954693,-0.0010120263323187863,0.04461230050172225
"New Haven-Milford, CT",2024,-0.005877524895203601,-0.011693024108111901,2.0652946567615698,0.7352545619009977,0.007505442947149235,0.047978618506409255
"Boise City, ID",2007,0.005763296088281598,0.00866499574169397,2.395210802904811,0.7395566944804735,0.0007887079846113903,0.04113229347198152
"Springfield, MO",2023,-0.0079589681927223,0.0101935171507473,1.986203808037907,0.6386163907623135,0.0184672763571143,0.03500381786762046
"North Port-Sarasota-Bradenton, FL",2018,0.013256653026596097,0.004372407787775999,2.6702221802692594,0.8562229242730935,-0.008663225919008248,0.06398157092962771
"Colorado Springs, CO",2020,0.024827118843063403,0.02080326583094791,2.4781931464174454,0.7994645087017336,0.0034811049699783533,0.04582228722918
"Albany-Schenectady-Troy, NY",2016,0.0049622733933554,-0.0099100859352536,2.1222319640286034,0.7173116920190857,-0.0117611540481448,0.04496107721439091
"Mobile, AL",2016,-0.008126941989578201,-0.0067114538961239,2.419495052251919,0.743314657180848,-0.0085625220090151,0.0
"Boise City, ID",2020,0.0418531036667671,0.026684515735580408,2.249401476918927,0.7001878811415616,0.009362354874610852,0.10424436156988101
"Greenville-Anderson-Mauldin, SC",2007,-0.014705711925324397,-0.017991832147688902,2.346171026821263,0.7242434688769316,-0.025868119904771482,0.02628374264258169
"Omaha-Council Bluffs, NE-IA",2009,-0.0532394896294413,-0.01289108992418677,2.2095898823256044,0.7492767815936694,-0.005524054984562099,0.014634565778159931
"Las Vegas-Henderson-Paradise, NV",2017,0.0281580120808296,0.0484618160882149,2.7134427108945416,0.8304234582279434,0.034995803609490395,0.021905798227887456
"Ann Arbor, MI",2010,-0.00819367150174856,-0.011356217703240402,2.1104751924549596,0.6986996870976135,0.0075741005130112,0.0015549901046084252
"Charlotte-Concord-Gastonia, NC-SC",2020,0.008635451897248299,0.06315932478614,2.3469693693693694,0.75162746982568,0.04583716392517045,0.055454598404100414
"Greensboro-High Point, NC",2018,0.031260820851579704,0.0251840419260025,2.2943160976594705,0.7330458928173024,0.012148408219218254,0.010924882947682703
"Omaha-Council Bluffs, NE-IA",2024,0.006053095402585997,-0.006639251517057403,1.9956384067477626,0.7015760789512446,0.012559215538203734,0.020787311673161408
"Phoenix-Mesa-Scottsdale, AZ",2009,-0.0955776653285561,0.0013693563793372998,2.938415581882698,0.9219498031526793,0.008736391318961971,0.025999252081283515
"Greenville-Anderson-Mauldin, SC",2024,-0.012335028780234299,-0.02907169799685478,2.1784300605435214,0.6852211090063978,-0.009873230941593644,0.06268964444098654
"Sacramento--Roseville--Arden-Arcade, CA",2005,,0.006346418273565298,2.518124100321618,0.8168288999501303,-0.0070326272398233,
"San Jose-Sunnyvale-Santa Clara, CA",2017,0.009946977022927302,0.0207749743023071,2.9264977296030468,0.9972596722587987,0.007308961823582601,0.012312927131693532
"Spokane-Spokane Valley, WA",2007,0.011741533925834699,0.00910459676071882,2.1613770844540077,0.7157802681868238,0.001228309003636241,0.004159066034294053
"Stockton-Lodi, CA",2009,-0.0828362933393059,-0.000758365526371001,3.102109012570841,0.9225071162848261,0.00660866941325367,0.0
"Wichita, KS",2006,-0.008817102077487,-0.0163841954860058,2.1870335555175755,0.7236142068829021,-0.0028025554493069996,0.015162840363053924
"New York-Newark-Jersey City, NY-NJ-PA",2023,-0.0127735352370996,-0.0083811807460909,2.302549177246491,0.8541891748839419,-0.00010742153972389916,0.016556072396993013
"Houston-The Woodlands-Sugar Land, TX",2008,0.026955838624982797,-0.046894923507743796,2.6075379074686165,0.8999338501252122,0.01262204162776475,0.04422710128924008
"Denver-Aurora-Lakewood, CO",2022,-0.0284525912526531,-0.0218782657984753,2.0894728430857743,0.7360229940335501,-0.006401018239557752,0.0298456704555956
"Huntsville, AL",2019,0.0335519789842129,0.024845789998039196,2.1137300702518096,0.6722741573286657,0.007575378753244846,0.015036506903780814
"Houston-The Woodlands-Sugar Land, TX",2007,-0.0031790770086612963,0.026955838624982797,2.6198971528249313,0.9021625200811915,0.019079550867900218,0.025236188883894627
"Portland-Vancouver-Hillsboro, OR-WA",2009,-0.0721902853842316,0.0035197336379956985,2.3937395659432386,0.7873241742430328,0.01088676857762037,0.01937167835466524
"Hartford-West Hartford-East Hartford, CT",2006,-0.0107165642707376,-0.03466257028832698,2.1807828628719093,0.7526035194417235,-0.021080930251628178,0.00543316332790017
"Los Angeles-Long Beach-Anaheim, CA",2012,0.0014227041226148977,0.0109377572030458,2.9299375166173105,1.0557740656253858,0.004953644238412349,0.0011656076672971077
"Philadelphia-Camden-Wilmington, PA-NJ-DE-MD",2013,-0.0015802091270055996,0.0061654833766685005,2.3486429893301937,0.7798865594086294,-0.0061065666377543995,0.013701259090192531
"Lincoln, NE",2024,-1.0621083510398838e-05,-0.011216515706777602,1.9839298496778812,0.6813136837965068,0.007981951348483535,0.025420305167966686
"Sacramento--Roseville--Arden-Arcade, CA",2010,-0.014125845950138122,-0.0190767495989971,2.6848484051817625,0.849937580625026,-0.00014643138274549744,0.00013352498095305418
"Tampa-St. Petersburg-Clearwater, FL",2017,0.013443264413516998,0.022186434642330197,2.5183713655280284,0.8128933522760996,0.008720422163605697,0.021118559257339953
"Corpus Christi, TX",2018,-0.001129643245681801,0.013123675355052898,2.601558393370644,0.8526160051073661,8.804164826865107e-05,0.015377139088479295
"Fort Wayne, IN",2009,-0.0436057194169102,-0.014077402566135228,2.2220019821605552,0.7277803025384665,-0.006710367626510557,0.0
"Dallas-Fort Worth-Arlington, TX",2014,0.0222159012842045,0.050079320261385,2.567210183170407,0.8676299136624366,0.0235601253807545,0.020563437538111306
"Winston-Salem, NC",2008,-0.017961376036853802,-0.058226558103734,2.395862924912087,0.7676869440725373,0.0012904070317745486,0.045323849878934626
"Baton Rouge, LA",2007,-0.017884086767133697,-0.017070724319071803,2.241552516546617,0.7318521018762428,-0.024947012076154382,0.03893530596743833
"Miami-Fort Lauderdale-West Palm Beach, FL",2007,-0.018091516518887497,-0.0421364872412395,2.61387014624464,0.9002260395886359,-0.05001277499832208,0.009934830064213897
"Gainesville, FL",2017,0.0215103284007721,0.018060247228399297,2.408478952464383,0.7552209459508302,0.004594234749674797,-0.0007795831281798785
"Hartford-West Hartford-East Hartford, CT",2014,0.014565268872963,0.017114964017774598,2.29208101948448,0.788676577790541,-0.009404230862855904,0.006603439853107154
"Kansas City, MO-KS",2014,0.0101267996865377,0.024391003588344604,2.329914518326701,0.7426858189322197,-0.0021281912922858984,0.014270899089187484
"St. Louis, MO-IL",2022,-0.015578490895358996,-0.0140064051602144,1.9980472801599791,0.6662614676995243,0.0014708423987031486,0.03518320119991429
"Rochester, NY",2015,0.0246725405400057,0.006297126863680801,2.1990705896162903,0.7493076910408044,0.001050360500812501,0.0105806653497878
"Kansas City, MO-KS",2023,-0.006092025921132102,0.005300650092231799,2.031137948760257,0.6819239886009535,0.0135744092985988,0.02966396292004635
"Philadelphia-Camden-Wilmington, PA-NJ-DE-MD",2019,0.013077373721933398,0.004538265868290901,2.245914950416573,0.7661657999372027,-0.01273214537650345,0.01831664835831671
"Louisville/Jefferson County, KY-IN",2018,0.0104847501971874,0.0091657593039036,2.316031396326458,0.7489645537013112,-0.003869874402880648,0.037888451978589935
"Winston-Salem, NC",2014,0.010520616887794501,0.0228242731486816,2.4414151212553494,0.767981763354394,-0.003694921731948901,0.0
"Harrisburg-Carlisle, PA",2016,0.013745790798746101,-0.0024617544823474988,2.276615787892854,0.7426162780340951,-0.0043128225952386995,0.00021404109589041095
"Fort Wayne, IN",2008,0.0152386597661662,-0.0436057194169102,2.1373869741842486,0.6823978311075409,0.015911245718598345,0.004910626595953644
"Riverside-San Bernardino-Ontario, CA",2014,0.0231196455347404,0.0534387274478931,3.3683928616808947,0.9857714867941022,0.0269195325672626,0.0199890099233927
"Albuquerque, NM",2011,-0.014849457806366002,-0.0051348219442844,2.3059493758428715,0.7652340802749464,-0.003870855085551699,0.0037214466352776692
"Orlando-Kissimmee-Sanford, FL",2017,0.029393221486251803,0.020313090459362002,2.793436030868395,0.8617889293588267,0.006847077980637502,0.044837036504084715
"Salt Lake City, UT",2017,0.0050920762604885,0.0133478742101345,2.6584106444363225,0.8371753020147377,-0.0001181382685900012,0.05917034823284823
"Boston-Cambridge-Newton, MA-NH",2021,0.03424342032380301,-0.0173206974092407,2.142128848616064,0.7438210372614839,0.0005940217524766991,0.031992093415978924
"Austin-Round Rock, TX",2021,0.08090444709964001,-0.0371935639801903,2.0592387194353416,0.7386723790422849,-0.019278844818472904,0.0482240758803942
"Seattle-Tacoma-Bellevue, WA",2019,0.023549310037231395,-0.0315620490617905,2.2524268889686283,0.8006371657228756,-0.04883246030658485,0.036381290488977897
"San Jose-Sunnyvale-Santa Clara, CA",2020,-0.0954720863409195,0.005294576844646501,2.692706093320601,0.9335898602370662,-0.012027584016323055,0.022421160266263975
"Detroit-Warren-Dearborn, MI",2024,0.006221489699947399,-0.0144686438459158,2.101654947029304,0.6987811739199286,0.0047298232093453355,0.01057924411562225
"Albuquerque, NM",2012,-0.0051348219442844,-0.0108794883176055,2.4377222939854546,0.8056598477139548,-0.016863601282238953,0.0012700233520422796
"Minneapolis-St. Paul-Bloomington, MN-WI",2009,-0.055972375630908996,-0.0010191423665214007,2.179541064024218,0.7714804095209297,0.0063478925731032705,0.003107077004574025
"Cincinnati, OH-KY-IN",2021,0.002670750579311404,0.0005033340033607087,2.1127735765365183,0.7197968395627186,0.018418053165078108,0.006480517242671022
"Denver-Aurora-Lakewood, CO",2020,-0.00805925729571319,0.03714498188205001,2.2462310143724453,0.8077003830713332,0.019822821021080454,0.029462170273258568
"Mobile, AL",2007,-0.018773844415244097,-0.0141484324516368,2.4629030324823207,0.7331109406496958,-0.02202472020871938,0.010275356462506494
"Houston-The Woodlands-Sugar Land, TX",2020,-0.013348062089676396,0.016148619911148104,2.4320770008617107,0.8584782026120757,-0.0011735409498214514,0.035369910107744575
"St. Louis, MO-IL",2018,0.003400360048666999,0.017970278033351897,2.1566764145922606,0.7131559324432446,0.00493464432656765,0.018893119577575484
"Orlando-Kissimmee-Sanford, FL",2013,0.0120970880330238,0.0219405837046967,2.8003676850165027,0.8744254248216478,0.0096685336902738,0.028097366522634816
"Oxnard-Thousand Oaks-Ventura, CA",2009,-0.0804304189081726,-0.00043123847203730033,3.1052504579206563,0.9724693435922097,0.006935796467587371,0.0
"Jackson, MS",2015,0.027113963553812,-0.008089283029951102,2.6104080780671084,0.7916417745106961,-0.013336049392819401,0.0
"Washington-Arlington-Alexandria, DC-VA-MD-WV",2009,-0.02010183194982386,0.035494297013111104,2.464121885814445,0.8306140680004019,0.042861331952735775,0.01908093336980224
"Charlotte-Concord-Gastonia, NC-SC",2009,-0.092724689006382,-0.0310118894870806,2.351888576304017,0.7344475728924382,-0.023644854547455928,0.041682218653704264
"Fayetteville-Springdale-Rogers, AR-MO",2016,0.003741614971838999,-0.015159890752393719,2.3951853176021927,0.7725344984432457,-0.01701095886528492,0.03938817277656099
"Mobile, AL",2010,-0.00900344763281226,-0.0196660700351171,2.5222737311235353,0.7802842388394093,-0.0007357518188654995,0.026940762780632947
"San Francisco-Oakland-Hayward, CA",2020,-0.1030956843204651,0.0013505225986977093,2.470981764843151,0.8963490140915924,-0.015971638262271846,0.016100925450741318
"Richmond, VA",2017,0.0204256505257301,0.0157189879574928,2.581983234157147,0.8045844773579798,0.0022529754787683,0.023248016094780374
"Atlanta-Sandy Springs-Roswell, GA",2012,0.008919409401369097,0.019349002623621,2.663153022852184,0.8183566059052392,0.013364889658987548,-0.003983576660927328
"Fresno, CA",2005,,0.0263657371820183,3.1989479616757466,1.0133849832822965,0.012986691668629702,
"Washington-Arlington-Alexandria, DC-VA-MD-WV",2020,-0.043517710760966305,0.019028038343860604,2.448339255462935,0.8563620106186816,0.001705877482891048,0.02915631776069387
"Baltimore-Columbia-Towson, MD",2021,0.032591045460178006,-0.034975572702614796,2.1688115425162056,0.7276786890180805,-0.017060853540897397,0.00876150438566335
"Buffalo-Cheektowaga-Niagara Falls, NY",2011,-0.0199732863441281,-0.005001302883374701,2.040841560854365,0.6582697474040947,-0.0037373360246419993,0.01102305289516483
"Portland-Vancouver-Hillsboro, OR-WA",2024,-0.0165800836883311,-0.03552436459243298,2.1238751665600515,0.7521932279246696,-0.016325897537171844,0.0368789400107265
"Bridgeport-Stamford-Norwalk, CT",2011,-0.02467779248060513,-0.005056283511567101,2.449592276689474,0.850603256642007,-0.0037923166528344,0.07591963214714115
"Wichita, KS",2023,-0.0027835900191326007,-0.0161232383005147,2.0933219761499147,0.7053036390770291,-0.007849479094147701,0.03042578865712808
"Gainesville, FL",2011,-0.021516076205688,0.001306801028203998,2.30448771172368,0.701244315310763,0.0025707678869366993,0.0
"Winston-Salem, NC",2005,,0.0382869120062561,2.4080820858809475,0.7560824915156249,0.0249078664928675,
"Worcester, MA-CT",2021,0.00799847449965671,-0.0240264658156319,2.182632822771231,0.7232933025774533,-0.0061117466539145,0.013136288998357963
"Syracuse, NY",2022,-0.002990001094667398,0.01972168961129,1.885461766162079,0.6543092985508941,0.03519893717020755,0.009170749193452026
"Las Vegas-Henderson-Paradise, NV",2009,-0.1077208674545822,-0.035340959935956,2.6596373880188517,0.8264968390700279,-0.027973924996331327,0.028853251023283902
"Springfield, MO",2006,-0.005856425750139199,-0.0222949832174149,2.1286570103811906,0.6809813534959733,-0.0087133431807161,0.06528138528138529
"Buffalo-Cheektowaga-Niagara Falls, NY",2024,0.006388148012029599,-0.006447887079715702,1.916165128902691,0.6276787140491144,0.012750579975545434,0.018197029910060655
"San Jose-Sunnyvale-Santa Clara, CA",2010,0.031155853733844798,0.0084539913475342,2.868012812460746,0.9609153679226672,0.027384309563785802,0.004101328931633289
"El Paso, TX",2012,-0.00906099572812319,-0.004788417956170099,3.01062925170068,0.9401947191764114,-0.01077253092080355,0.029145676981597615
"Riverside-San Bernardino-Ontario, CA",2024,-0.0150245039738541,-0.01943446093603969,2.9693800813609905,0.9067659356708403,-0.00023599388077855457,0.02366601359917022
"Atlanta-Sandy Springs-Roswell, GA",2010,-0.018989843114786152,-0.016168333506601303,2.6688633662594734,0.8410443618428289,0.002761984709650299,0.007055299053726642
"Chicago-Naperville-Elgin, IL-IN-WI",2021,0.005979449114276905,-0.015830123079149196,2.2062489371464507,0.76779935207324,0.0020845960825682033,0.017773597282594353
"Phoenix-Mesa-Scottsdale, AZ",2018,0.0459393475213203,0.0461567185011864,2.697088466747073,0.8598774967695433,0.03312108479440215,0.029407874147849178
"Rochester, NY",2014,-0.005451531622832949,0.0246725405400057,2.1471952471862874,0.7258166348656085,-0.0018466543406248023,0.027407719975083893
"Stockton-Lodi, CA",2018,0.0191973138609085,0.037009666779375096,3.1929449492250135,0.9343826403352075,0.02397403307259085,0.02429197772247897
"San Francisco-Oakland-Hayward, CA",2024,0.005142291726934398,0.0346065517199039,2.31409764802033,0.8427016633289416,0.05380501877516504,0.014987546165077728
"Allentown-Bethlehem-Easton, PA-NJ",2010,-0.0001246219347644014,-0.02161692912729311,2.3112273491500095,0.7736851979238322,-0.0026866109110415086,0.020818580937544257
"Jacksonville, FL",2011,-0.017023021271842,-0.00022303972427849955,2.554059284288128,0.7896224318662263,0.0010409271344542018,0.00010354914701390147
"Urban Honolulu, HI",2021,0.011792272886707311,-0.06788293503145706,2.609063256833122,0.8494040788741913,-0.049968215869739666,-0.00033910949845705177
"Kansas City, MO-KS",2007,-0.009770583311017995,0.017280136544852297,2.1990966372320964,0.7301355688191716,0.009403848787769717,0.017441108992794132
"San Francisco-Oakland-Hayward, CA",2008,0.0329203375919151,-0.0939805141683159,2.440400024294173,0.879173624375007,-0.03446354903280736,0.0028903215883310475
"New York-Newark-Jersey City, NY-NJ-PA",2021,-0.015620171466396292,-0.0303163241866512,2.4173690606840803,0.8908154589901941,-0.012401605024933801,0.014450765170108794
"Albuquerque, NM",2023,-0.020754174352075598,-0.0011804609574203005,2.120141283464633,0.7067098084070462,0.0070932982489467,0.025512416797088606
"Palm Bay-Melbourne-Titusville, FL",2014,0.020315155728446,0.0407373986040611,2.4664705966334965,0.7386651274157687,0.014218203723430599,0.0
"Fort Wayne, IN",2012,3.068421001430066e-05,-0.0023342917024459994,2.3451525092482726,0.7527388411360123,-0.00831840466707945,0.012960732353649723
"Albuquerque, NM",2022,0.010757143395813004,-0.020754174352075598,2.036541005291005,0.6954195145055504,-0.005276926793158049,0.0004905012545512857
"Bridgeport-Stamford-Norwalk, CT",2008,-0.00579866596251845,-0.0835218436117706,2.474416085423414,0.8374535169957577,-0.024004878476262058,0.011920743167051495
"Seattle-Tacoma-Bellevue, WA",2020,-0.0315620490617905,0.025450431367828402,2.172790172244586,0.7749532662221285,0.008128270506858847,0.023533545109865175
"Grand Rapids-Wyoming, MI",2009,-0.04816469429391,-0.012436255494639581,2.357172609656043,0.7786965223917939,-0.00506922055501491,0.0001960015680125441
"Salt Lake City, UT",2015,0.030842792878057503,0.0154452235294209,2.7770623711498814,0.8665159294223259,0.010198457166552601,0.053056049587067916
"Oxnard-Thousand Oaks-Ventura, CA",2020,0.038388993471130395,0.049813397786095004,2.9058047885787937,0.8904193654227073,0.03249123692512545,0.011080965300585463
"San Antonio-New Braunfels, TX",2010,-0.0040475938315916,-0.014056453397887199,2.625248688105257,0.8525780936053914,0.004873864818364403,0.011100705950151274
"Richmond, VA",2018,0.0157189879574928,0.016286048212385197,2.5006472796601193,0.7869110180319309,0.00325041450560095,0.03694398931974027
"Mobile, AL",2014,0.015627598731504398,0.0389455861245651,2.6263485675960525,0.7919611230851906,0.012426391243934597,0.009473736421804473
"San Antonio-New Braunfels, TX",2018,0.010614267364994,0.0138290143695831,2.6985089829938524,0.8990812914566414,0.0007933806627988538,0.029204271365319504
"Cincinnati, OH-KY-IN",2009,-0.0459181617047129,-0.00811872704284668,2.3201458637871144,0.7746848463855738,-0.000751692103222009,0.0008359736166726578
"Tucson, AZ",2007,-0.0100690628829565,0.00361297357141852,2.3070548944394664,0.7985518019172605,-0.0042633141856640595,0.002900349390926628
"Knoxville, TN",2007,-0.012976776758130998,-0.0152614374341083,2.1513883569513594,0.7015761897922352,-0.02313772519119088,0.021222014925373133
"Milwaukee-Waukesha-West Allis, WI",2021,-0.015619113483951598,-0.0208026554706974,2.0814457965970456,0.7109127492625047,-0.002887936308980002,0.01765656006276247
"Jackson, MS",2008,-0.0142758690448117,-0.059540380447679495,2.48925232879852,0.7599548178469504,-2.3415312170947666e-05,0.005441354292623942
"Miami-Fort Lauderdale-West Palm Beach, FL",2008,-0.0421364872412395,-0.06702618738966559,2.5928222033177373,0.8918109038164717,-0.0075092222541570455,0.009174456671794265
"Birmingham-Hoover, AL",2015,0.018290445843841603,-0.0002660169409884998,2.303034981693061,0.7329391504555643,-0.005512783303856799,0.011749866086085048
"Fayetteville, NC",2012,-0.0042856280509114015,-0.011369609162521,2.60534496767584,0.7434425403225806,-0.01735372212715445,0.051467399161486196
"Buffalo-Cheektowaga-Niagara Falls, NY",2010,0.0028118390743207995,-0.0199732863441281,2.1059296054854166,0.6687035396296281,-0.0010429681278764993,0.0006974941875484371
"Worcester, MA-CT",2020,0.015315351887806899,0.00799847449965671,2.0094998774209367,0.681832765904351,-0.009323686361312845,0.010864644635581712
"Los Angeles-Long Beach-Anaheim, CA",2010,-0.0237504074196744,-0.017758162608759898,2.870439499207966,1.0499621779512598,0.0011721556074917039,0.0026754577099744174
"Phoenix-Mesa-Scottsdale, AZ",2024,-0.0493818095899944,-0.0580412987935543,2.3969545461453126,0.7807971391147057,-0.03884283173829316,0.06748088643965248
"Palm Bay-Melbourne-Titusville, FL",2017,0.030687651831548698,0.020538165048614502,2.510119077610386,0.7755113689432227,0.0070721525698900015,0.010802160432086417
"Sacramento--Roseville--Arden-Arcade, CA",2008,0.00186283870845914,-0.073263522892767,2.6588379901458676,0.8390039520668093,-0.01374655775725845,0.0039518520855682466
"Shreveport-Bossier City, LA",2022,-0.0230053898218555,-0.005194797203328102,2.24556706319941,0.7173990985453801,0.010282450355589447,0.011932467312656032
"Columbus, OH",2013,8.815561390260011e-05,0.007333061068044701,2.3845731282006803,0.7706617579211338,-0.004938988946378199,0.02176563442460954
"Albany-Schenectady-Troy, NY",2010,0.003041076675481799,-0.02124595168085623,2.0945189264516997,0.7039387185057698,-0.00231563346460463,0.003605741270616698
"Fresno, CA",2019,0.028800691583490398,0.044752161829933204,3.0580400404115378,0.9911610480217053,0.027481750585138853,0.01113341850702683
"Albany-Schenectady-Troy, NY",2014,0.003472113392041701,0.019993756601716997,2.055583960265868,0.6872490177776813,-0.006525438278913505,0.019086556330483832
"Palm Bay-Melbourne-Titusville, FL",2011,-0.0178483164966278,0.002240071929645499,2.461514683153014,0.7455178117246868,0.0035040387883782005,0.006227031441404655
"Baltimore-Columbia-Towson, MD",2006,0.004844152119872099,-0.0132271479311552,2.3013796925403063,0.7599153797334461,0.00035449210554359956,0.004193494737342298
"Ann Arbor, MI",2020,-0.0003448800451908013,0.014548689684345209,2.068639517668254,0.6871156193342735,-0.0027734711766243467,0.0
"Greensboro-High Point, NC",2010,-0.008881079297088382,-0.02269413779528666,2.4214064657429892,0.7581085150215104,-0.0037638195790350576,0.019908549116317304
"Columbus, OH",2005,,-0.0051132247476606,2.239965545412567,0.7323841019223678,-0.018492270261049198,
"Virginia Beach-Norfolk-Newport News, VA-NC",2017,-0.0023398015164919003,0.013584150747314502,2.4734458318153214,0.7571827972797255,0.0001181382685900012,0.011977898142426115
"Virginia Beach-Norfolk-Newport News, VA-NC",2024,-0.00034740409029769895,0.0111983250510693,2.2179328434492467,0.6916824353504016,0.030396792106330436,0.028079835949052705
"Oxnard-Thousand Oaks-Ventura, CA",2010,-0.00043123847203730033,-0.012522907844202999,3.143659981864575,0.9757686832157877,0.0064074103720486025,0.0034030753718174945
"Gainesville, FL",2007,-0.0157607569786873,-0.0142972075076413,2.1106241605994205,0.7005482258909649,-0.02217349526472388,0.030873526490781122
"Albany-Schenectady-Troy, NY",2021,-0.021200403013751992,-0.001967427534191095,1.9219778418007636,0.662572773592371,0.015947291627526304,0.013443057750649445
"Lincoln, NE",2018,0.005700838566676102,0.013910374709701502,2.084261511107478,0.7205740004097985,0.000874741002917255,0.018021554492898436
"Houston-The Woodlands-Sugar Land, TX",2024,-0.02344855368284631,-0.03470674253433943,2.4451978691231715,0.8471443254410316,-0.015508275479078296,0.03530016785114817
"Nashville-Davidson--Murfreesboro--Franklin, TN",2022,-0.023710367483226795,-0.056101410672452,2.204196836890244,0.7287643832041076,-0.04062416311353445,0.062248689720196336
"Akron, OH",2009,-0.0505163415368137,-0.012297787269153,2.2032205869314656,0.6975228939335462,-0.004930752329528328,0.015336300993963046
"Charleston-North Charleston, SC",2006,0.03797431544673159,-0.011582428539093997,2.383722761243747,0.7356857672638095,0.001999211497604802,0.027871416159860992
"Springfield, MO",2017,0.0015236709750108997,0.004777443409815799,2.1384940044823244,0.6980397601362717,-0.008688569068908702,0.018169934640522876
"Bakersfield, CA",2005,,0.030522311788913698,3.064683884538974,0.9677830058123443,0.0171432662755251,
"Toledo, OH",2024,-0.0007996208049182996,-0.0004774388241767999,2.024323406182765,0.6721410094447452,0.018721028231084336,0.007541704125461992
"Winston-Salem, NC",2019,0.0206018231001854,0.036057997374996195,2.3326150020721093,0.736155122417865,0.018787586130201844,0.02922641630763295
"Rochester, NY",2020,0.0287244355969276,-0.0005421334891776985,1.9595673527814799,0.6789091826351658,-0.017864294350147254,0.002408339324227175
"Boise City, ID",2016,0.022795251090608596,0.0180694789177589,2.5064469195263896,0.7718668041730882,0.0162184108048677,0.04286718200983837
"Fresno, CA",2016,0.032557452548824306,0.024383957732360798,3.200739911267346,0.9829471131976503,0.022532889619469598,0.003045910173339979
"Birmingham-Hoover, AL",2021,0.01690974887318801,-0.0288652267578526,2.25215710484926,0.712470849734596,-0.010950507596135202,0.01573125101675614
"Huntsville, AL",2014,-0.01092517388360047,0.014384115750100101,2.2976566588490686,0.7143554452104325,-0.0121350791305304,0.046880051729712255
"Sacramento--Roseville--Arden-Arcade, CA",2015,0.0765195569788475,0.05436963074334719,2.69835691670543,0.8481362627909083,0.049122864380478894,0.0029472005503525696
"Chattanooga, TN-GA",2021,0.035752066037132005,-0.0033162135902327985,2.2947164187498243,0.7427697656744199,0.0145985055714846,0.017806296370563465
"Lincoln, NE",2011,-0.0185238671586089,-0.006372533813464601,2.1760403970050497,0.7311393886207401,-0.0051085669547319,0.0
"Winston-Salem, NC",2012,-0.01585281682700962,0.0129091528893147,2.3700248603145693,0.7421049183612912,0.006925039924681249,0.030415403815296845
"Springfield, MO",2008,0.0143463586761045,-0.0467336836304007,2.1766688390280233,0.6984948343959321,0.012783281505107845,0.0873952972045615
"Spokane-Spokane Valley, WA",2018,0.011327544973150302,0.0215383052018642,2.1915140246981593,0.7050611271318803,0.008502671495079953,0.03973606185686879
"Providence-Warwick, RI-MA",2015,0.0397961034273167,0.008729275767289199,2.2474601359079593,0.7582714869047588,0.0034825094044208995,0.011069909477587523
"Greensboro-High Point, NC",2008,-0.0134706503407669,-0.0558214212800798,2.337058242423599,0.7445624769453083,0.0036955438554287443,0.03072155584644565
"Fort Wayne, IN",2014,0.0019030900362000504,0.036949560681488004,2.2072385873451594,0.7376576521015141,0.010430365800857502,0.007562946260804209
"Lincoln, NE",2019,0.013910374709701502,0.0004684644483174995,2.038534514797645,0.6810167940926616,-0.01680194679647685,0.01594980194201984
"Charleston-North Charleston, SC",2020,0.0099187380366173,0.062783592006638,2.5062567637139224,0.771478285618184,0.04546143114566844,0.07085070336740715
"San Jose-Sunnyvale-Santa Clara, CA",2011,0.0084539913475342,0.027114870883178696,2.8291811820070896,0.9751209262277599,0.028378837741911397,0.0023316475018661568
"Salt Lake City, UT",2016,0.0154452235294209,0.0050920762604885,2.715894991678015,0.8511924238759823,0.003241008147597299,0.02953078492358115
"Cincinnati, OH-KY-IN",2012,-0.00011433016543390198,0.008722066292229701,2.3030285253354843,0.7602209516801333,0.00273795332759625,0.0050252089690858434
"Dallas-Fort Worth-Arlington, TX",2011,-0.011622495865839001,0.0076044620197535,2.5718919076971174,0.8711970219211229,0.008868428878486202,0.002890197763677882
"Oklahoma City, OK",2005,,-0.0082574964194326,2.2415446830324086,0.7392280282581705,-0.021636541932821197,
"Colorado Springs, CO",2011,-0.0086565128624611,0.009054076783013298,2.4877704024515737,0.7655936804008908,0.010318043641745999,0.0002055973889131608
"Syracuse, NY",2020,0.0205441302351799,-0.012947525271699893,1.9969878559686058,0.6687147504652583,-0.03026968613266945,0.012178042988491749
"Knoxville, TN",2014,0.00014339747531867068,0.022561476269866904,2.3776620528984513,0.7553177595319153,-0.003957718610763598,0.019479751699674846
"Stockton-Lodi, CA",2021,0.011606976947261802,-0.0474053520980759,3.25972336273182,0.9691002419096596,-0.0294906329363585,0.022582921665490474
"Philadelphia-Camden-Wilmington, PA-NJ-DE-MD",2014,0.0061654833766685005,0.024340384343769103,2.3854409844631643,0.7993504651395328,-0.002178810536861399,0.01277569676398599
"Memphis, TN-MS-AR",2015,0.021409866104032498,0.0095526282531843,2.586039258851587,0.8022124064146061,0.004305861890316001,0.004609142548011902
"Augusta-Richmond County, GA-SC",2013,0.0038694342315826,0.0143600128280983,2.653966948943517,0.7898803930780675,0.0020879628136754,0.01036844135802469
"Akron, OH",2023,0.0009836917515735968,0.007028964998590497,2.07526983925818,0.6618378640547796,0.015302724204957497,0.011290013941663705
"El Paso, TX",2009,-0.062305354237133,-0.01058666806998134,2.885955399993558,0.9219800988540205,-0.0032196331303566694,0.026715340579108935
"Worcester, MA-CT",2015,0.0359298965727348,0.010835556764684697,2.332870146943802,0.7741193556759384,0.005588790401816398,0.006965975437890074
"Las Vegas-Henderson-Paradise, NV",2008,-0.013564650590868,-0.1077208674545822,2.6630852708858646,0.845824894335077,-0.048203902319073656,0.020879286487375154
"New Haven-Milford, CT",2019,1.7543428873997152e-05,0.015156267090901399,2.2697589021060085,0.7896349385068422,-0.0021141441538929523,0.02666666666666667
"Jacksonville, FL",2014,0.0187527317243681,0.033791173884775205,2.609351880769408,0.799451613864632,0.007271979004144703,0.007232479725240978
"Knoxville, TN",2023,0.0021234182413559025,-0.011652404723298999,2.2532919847328245,0.722938594074319,-0.0033786455169319985,0.05513390699023494
"Richmond, VA",2015,0.028597921768333402,0.005370356593810098,2.4863205464810987,0.7722304811251993,0.00012359023094179848,0.019253879850620905
"Dallas-Fort Worth-Arlington, TX",2016,0.010790786225877796,0.00033653644089029836,2.58240574646534,0.8786049813835168,-0.0015145316720009024,0.03377446261184408
"Allentown-Bethlehem-Easton, PA-NJ",2018,0.011531135813251502,0.012951302447652802,2.4424866855806084,0.8003000799125854,-8.433125913144546e-05,0.023551354598046345
"Worcester, MA-CT",2006,-0.0009048686056166017,-0.0101807638499107,2.170104107318589,0.7273058669545927,0.0034008761867880995,0.01088351103835774
"Springfield, MO",2010,-0.015416310200043321,-0.02168001878114271,2.3156274893185604,0.7494521462974465,-0.002749700564891107,0.015422188051196236
"Miami-Fort Lauderdale-West Palm Beach, FL",2024,-0.0137915707208042,-0.023127367984429,2.6002444908843207,0.9028595128403448,-0.003928900929167863,0.05346607277636629
"Fayetteville, NC",2022,0.0234533350643234,-0.03694853444994581,2.270446222704462,0.6775373500559049,-0.021471286891028257,0.0006803299600306148
"Lubbock, TX",2012,0.0006336168568850005,0.006005565980139701,2.369223710371649,0.7667293605226688,2.14530155062502e-05,0.012352032938754504
"Springfield, MO",2011,-0.02168001878114271,-0.004577954374599501,2.293179600006617,0.7429709189525249,-0.0033139875158668,0.0009353287012292892
"Virginia Beach-Norfolk-Newport News, VA-NC",2023,-0.0045157904032726015,-0.00034740409029769895,2.2451930430008433,0.7076536098784965,0.007926355116069301,0.010384421716483825
"Los Angeles-Long Beach-Anaheim, CA",2016,0.0165346958530769,0.010272692192237903,2.9097430725860054,1.0554295309427684,0.008421624079346702,0.01074708987216159
"Huntsville, AL",2020,0.024845789998039196,-0.0020073944716910985,2.079431007865912,0.6614829668691428,-0.019329555332660654,0.047646179047076416
"Detroit-Warren-Dearborn, MI",2013,0.0043541168511543,0.008461774668382202,2.3756999876774785,0.7643576892773265,-0.003810275346040698,-7.131955439542414e-05
"Baltimore-Columbia-Towson, MD",2010,0.0169450931404305,-0.013303654184954602,2.396513450552369,0.7776153178957937,0.005626664031297,0.0025567494731023044
"Bridgeport-Stamford-Norwalk, CT",2007,-0.0193351208659973,-0.00579866596251845,2.302292826727809,0.8140420094426665,-0.01367495371960103,0.02178206957094261
"Virginia Beach-Norfolk-Newport News, VA-NC",2022,-0.011854008984891896,-0.0045157904032726015,2.25302723204431,0.7162782566976476,0.010961457155644947,0.015771997786386275
"Atlanta-Sandy Springs-Roswell, GA",2006,-0.007913724768045402,-0.026612196067270298,2.60620840006797,0.8401282232823971,-0.013030556030571499,0.014983516483516484
"Mobile, AL",2018,0.0182234484710846,0.010148088553285597,2.4459098285023386,0.7580478953933841,-0.0028875451534986496,0.012998350955475798
"Cincinnati, OH-KY-IN",2011,-0.020534666171687102,-0.00011433016543390198,2.364296934788738,0.7927780944174475,0.0011496366932987993,0.004657052643856273
"Seattle-Tacoma-Bellevue, WA",2024,-0.012345167157781601,-0.0198294939789176,2.1118301182867225,0.7738298354860178,-0.0006310269236564636,0.03783731191787234
"Chattanooga, TN-GA",2006,0.04009706036460109,-0.014727499285635,2.09976274811201,0.6836888460931677,-0.0011458592489362006,0.006046235921754594
"Boston-Cambridge-Newton, MA-NH",2005,,-0.012620434413734002,2.174056945737107,0.7508546804511069,-0.0259994799271226,
"Syracuse, NY",2024,0.008572770001756703,0.0043588243108988005,1.8495901639344263,0.6325732750946127,0.023557291366159937,0.015140865694371229
"Oklahoma City, OK",2012,0.006927222869944599,0.0145977077723179,2.4323605112768836,0.7821290175518577,0.00861359480768445,0.013695735928314877
"El Paso, TX",2019,0.017050637969112402,0.020438972740634897,2.910108737900894,0.8931196210670872,0.003168561495840546,0.010665393186883159
"Colorado Springs, CO",2005,,-0.0006278318046360025,2.252752704471853,0.7335373542200464,-0.0140068773180246,
"Worcester, MA-CT",2023,0.0136936856206398,-0.005758423639071499,2.1622468583666654,0.724821905081149,0.002515335567295501,0.02687646952432628
"Tampa-St. Petersburg-Clearwater, FL",2008,-0.0125910888122034,-0.0563307094420729,2.3582036295435644,0.7917712056555015,0.003186255693435648,0.016962410188800646
"Fresno, CA",2006,0.0263657371820183,-0.0001024305316771959,3.0819167842143433,0.986759749024651,0.013479209505021603,0.014620575352196045
"Buffalo-Cheektowaga-Niagara Falls, NY",2007,-0.008474376002248797,0.007837447647600169,2.0345342019543975,0.6471526823698601,-3.884010948241104e-05,0.00018196942913590517
"Providence-Warwick, RI-MA",2011,-0.02466556048991013,-0.01150242432986498,2.215827278111939,0.7353902890794366,-0.010238457471132278,0.002612078547610226
"El Paso, TX",2005,,0.010490885686990702,2.930179977647316,0.9634707825396424,-0.002888159826397896,
"Dallas-Fort Worth-Arlington, TX",2005,,-0.0032658942668466993,2.4797683784006197,0.8734871406959153,-0.016644939780235297,
"Detroit-Warren-Dearborn, MI",2019,0.0107831201640129,0.029606405525669097,2.1867425226942365,0.7101719586478905,0.012335994280874747,0.01035952840538251
"Reno, NV",2017,0.04093642463151741,0.04949576295997239,2.3663375558867363,0.79510245324439,0.03602975048124789,0.02530275551395308
"St. Louis, MO-IL",2006,-0.005811902943137201,-0.0223258789125051,2.1677466580685643,0.733634623075208,-0.0087442388758063,0.0032173439588179973
"Baton Rouge, LA",2022,-0.0429603915933056,-0.017834615916397102,2.296190599301958,0.7393044319014948,-0.002357368357479553,0.008371775158038613
"Fayetteville-Springdale-Rogers, AR-MO",2017,-0.015159890752393719,0.0139156978585873,2.5437851712903545,0.7993104273489122,0.0004496853798627992,0.06086776288517341
"Austin-Round Rock, TX",2024,-0.0785236044801598,-0.0690170247423649,2.035064735062349,0.7155232437981076,-0.04981855768710376,0.11466803004125384
"Wichita, KS",2020,0.013350665449365598,-0.0016924062757949915,2.145358500876614,0.7154425862298069,-0.019014567136764547,0.0002320185614849188
"Baltimore-Columbia-Towson, MD",2022,-0.034975572702614796,-0.0214072419557829,2.158929115195009,0.7338952893056776,-0.005929994396865352,0.0057545690889085795
"Little Rock-North Little Rock-Conway, AR",2018,0.0038906492301378007,0.007763215446209899,2.3501273705066517,0.756644829436721,-0.005272418260574348,0.01181931578839744
"Reno, NV",2023,-0.0475037349615355,-0.0023536442793732,2.2768411948639478,0.7811910794585587,0.0059201149269938,0.0656566850228073
"Columbus, OH",2014,0.007333061068044701,0.028088603804018,2.3422240854391885,0.7507605412895167,0.0015694089233874997,0.03241141967167816
"Santa Rosa, CA",2011,-0.0171542399659925,0.0162902576100349,2.727598368024341,0.8893994876975251,0.0175542244687676,0.0
"Providence-Warwick, RI-MA",2005,,0.003227337014791498,2.222052993581084,0.7400994866863405,-0.0101517084985971,
"San Francisco-Oakland-Hayward, CA",2013,0.025985406124654796,0.0377172328221664,2.514360763036645,0.8931859046593091,0.0254451828077435,0.017054558120388842
"Lincoln, NE",2021,-0.006273924747035989,-0.008955565494625096,2.0747451656423324,0.7336230943026191,0.008959153667092302,0.010734482408316684
"Miami-Fort Lauderdale-West Palm Beach, FL",2018,0.0028646670290384015,0.006035414629912399,2.8132665043945764,0.9656238597145489,-0.007000219076871848,0.03039715997337475
"San Francisco-Oakland-Hayward, CA",2023,-0.040167150576051,0.005142291726934398,2.302880593561445,0.8367718668046977,0.013416050933301399,0.006570415838160284
"Spokane-Spokane Valley, WA",2014,0.0118740278917418,0.0271603583191891,2.4310267342005853,0.7512405317958997,0.0006411634385585993,0.01858795119471276
"Winston-Salem, NC",2011,-0.019510864196734902,-0.01585281682700962,2.442983749951904,0.7702046444297977,-0.014588849968276918,0.004728979328628238
"Jackson, MS",2012,-0.005218364373195202,0.002453017392817501,2.695364497690079,0.8225634939283993,-0.00353109557181595,-0.001083626036918018
"Albany-Schenectady-Troy, NY",2017,-0.0099100859352536,0.0004026971765908986,2.1059081687575043,0.7252609365197057,-0.013063315302133602,0.040248052026496464
"Fresno, CA",2024,0.0007450223885651017,-0.0078627262580395,2.89656367631869,0.9400010798455821,0.011335740797221636,0.013152911200633543
"Fort Wayne, IN",2019,0.014485566982364702,0.0164566746644821,2.214492753623188,0.7362109578145554,-0.000813736580312252,0.0
"Oxnard-Thousand Oaks-Ventura, CA",2012,0.014584097005081197,0.019804806792799,3.098142469204638,0.9713218370339677,0.01382069382816555,-0.0024489795918367346
"Chicago-Naperville-Elgin, IL-IN-WI",2022,-0.015830123079149196,-0.0035295142088194002,2.11856299154454,0.7473380197383989,0.011947733350098149,0.010167890579421596
"Cincinnati, OH-KY-IN",2008,0.0147991211457539,-0.0459181617047129,2.2660531579510566,0.7547784365468316,0.013598803430795649,0.0003345013003738052
"Portland-Vancouver-Hillsboro, OR-WA",2011,-0.013576367786543801,0.008057790733528098,2.3803905240488157,0.770163616718245,0.0093217575922608,0.0026431339842025218
"Lubbock, TX",2007,0.0014544204381142026,0.00926191670134544,2.343153026342248,0.7334382376081825,0.0013856289442628605,-0.004520990312163617
"Shreveport-Bossier City, LA",2013,-0.0008056924029555008,-0.00215606776372933,2.583359388570436,0.8326325866789087,-0.014428117778152231,0.021347862980661873
"Providence-Warwick, RI-MA",2010,0.0018272858266305987,-0.02466556048991013,2.209978609988796,0.7507608907215306,-0.005735242273658528,0.00517671595098879
"New York-Newark-Jersey City, NY-NJ-PA",2022,-0.0303163241866512,-0.0127735352370996,2.3306997103737026,0.8618928659321212,0.0027037123218179495,0.017994186783075794
"Albany-Schenectady-Troy, NY",2015,0.019993756601716997,0.0049622733933554,2.096976825871378,0.7173226630304181,-0.00028449296951289955,0.019694499270574102
"Riverside-San Bernardino-Ontario, CA",2017,0.026334106225412404,0.025253212825313603,3.313676685936044,0.9964753172123526,0.011787200346589102,0.006838312049555885
"Hartford-West Hartford-East Hartford, CT",2013,-0.0018163236140574992,0.014565268872963,2.2732555116472546,0.7709861235106746,0.0022932188585400998,0.004195212720967605
"Indianapolis-Carmel-Anderson, IN",2017,0.0081349920964651,0.015089231357828099,2.3347953821326604,0.7693494787128154,0.0016232188791035981,0.013919840683867209
"Grand Rapids-Wyoming, MI",2018,0.0164548557260189,0.017942323454952197,2.370614975555365,0.7942726387746378,0.00490668974816795,0.03942514427973294
"Akron, OH",2020,0.0178043114684668,0.0018631523460884009,2.007687641316936,0.633025098156501,-0.015459008514881155,0.006816438978670227
"Nashville-Davidson--Murfreesboro--Franklin, TN",2014,0.016919860957847598,0.040212881455328,2.4776596201686316,0.7745864461534517,0.013693686574697501,0.05432810442608164
"Grand Rapids-Wyoming, MI",2021,0.023322329482509604,-0.004947983873216599,2.101526963871223,0.708135313820739,0.0129667352885008,0.01705205256188245
"Shreveport-Bossier City, LA",2015,0.0039578337987323,-0.012747363667406081,2.5067228226319136,0.7890489769373156,-0.01799413003027438,0.01413094677343382
"Fayetteville, NC",2007,-0.0150830782446232,-0.0124331309156132,2.539390653800282,0.7304527904090021,-0.02030941867269578,0.09790656114373245
"San Diego-Carlsbad, CA",2016,0.0188411795390472,0.014327935177724797,2.894076959591317,0.9675708015038825,0.012476867064833596,0.007377382741517622
"Chattanooga, TN-GA",2013,0.0022670248240861997,0.0145073089438543,2.466020893842855,0.773573115176378,0.0022352589294314003,0.022072678331090174
"Corpus Christi, TX",2005,,0.012199396950122798,2.487178976310494,0.8221308992241936,-0.0011796485632658005,
"Orlando-Kissimmee-Sanford, FL",2018,0.020313090459362002,0.0088681644884109,2.8615407777660677,0.8978364033334939,-0.004167469218373347,0.05247211127943809
"Fayetteville-Springdale-Rogers, AR-MO",2014,0.012626869945512799,0.0186635858212967,2.619428693372355,0.7982246706675833,-0.007855609059333801,0.0007365126127784938
"Corpus Christi, TX",2011,-0.0184724274188452,0.017201504595232002,2.673439603029173,0.8840739807272591,0.018465471453964703,0.001244480128462465
"Rochester, NY",2024,0.0147659496389503,0.0076277684104443,1.8794154184363028,0.6549812319799808,0.026826235465705436,0.010666575790621592
"Minneapolis-St. Paul-Bloomington, MN-WI",2008,0.0145418376965809,-0.055972375630908996,2.0788722239614463,0.742427869955866,0.0035445895045995504,0.0074147813280925285
"Worcester, MA-CT",2013,0.0037190125972662007,0.0196761324691639,2.3300410709729458,0.7712087654633769,0.007404082454741001,0.014094317204080796
"Louisville/Jefferson County, KY-IN",2011,-0.02215854163320589,0.008048699162554698,2.40879483157419,0.7777947087948526,0.0093126660212874,0.0016971966992450401
"Akron, OH",2018,0.004846769199625001,0.009443386563396501,2.1736458578192686,0.7130341229129871,-0.003592247143387746,0.0005718860802928057
"Miami-Fort Lauderdale-West Palm Beach, FL",2006,0.04560911164891429,-0.018091516518887497,2.5974722082265793,0.9153709570351501,-0.004509876482188698,0.00015936508948349775
"Charlotte-Concord-Gastonia, NC-SC",2021,0.06315932478614,-0.017066457522241597,2.2624203104549867,0.7202015622508023,0.0008482616394758016,0.05977010225648553
"Houston-The Woodlands-Sugar Land, TX",2015,0.024860272819306403,-0.0356435445281043,2.6577779589804775,0.8932592474263272,-0.0408903108909726,0.03305184151194361
"Lansing-East Lansing, MI",2016,0.010598883484087898,-0.0001241292321272,2.244839327516493,0.741747699602202,-0.0019751973450184007,0.008100275828357949
"San Jose-Sunnyvale-Santa Clara, CA",2018,0.0207749743023071,0.0027767188039779997,2.8295945725085456,0.9838228982160453,-0.010258914902806247,0.030885033897339487
"Fresno, CA",2023,0.00010774561724469917,0.0007450223885651017,2.9285375344025812,0.9445207043749132,0.009018781594932102,0.006271221675559559
"Mobile, AL",2009,-0.057972299590283397,-0.00900344763281226,2.3161522378539283,0.7185047160477541,-0.0016364126931875892,0.0374340554495454
"Portland-Vancouver-Hillsboro, OR-WA",2013,0.019489002758327496,0.030984150587306997,2.4634232333545816,0.8021894753084718,0.018712100572884097,0.016762677680760358
"Philadelphia-Camden-Wilmington, PA-NJ-DE-MD",2012,-0.004535809234130401,-0.0015802091270055996,2.3757563187876776,0.7957284938119752,-0.007564322091639051,0.0063769835384843545
"Boston-Cambridge-Newton, MA-NH",2020,-0.052045975000396705,0.03424342032380301,2.1431574941730487,0.7571119104455254,0.016921259462833453,0.04678329226320184
"Akron, OH",2007,-0.0197184457871284,0.0138511157898593,2.092608958556212,0.6754243077084756,0.00597482803277672,0.028214935105649257
"Seattle-Tacoma-Bellevue, WA",2011,-0.0096248964876108,0.0106056285273552,2.313404982668739,0.77886212714379,0.011869595386087901,0.0044323668311215475
"Bakersfield, CA",2013,0.0006442716062698018,0.0041746407437191,3.3187016820110347,0.9755301030506035,-0.0080974092707038,0.011373917539097842
"Bakersfield, CA",2017,0.0120938823110275,0.021385340765968302,3.3362356161423348,0.9901923842661258,0.007919328287243801,0.0026437541308658294
"Wichita, KS",2015,0.018632870802785903,-0.01212755079887056,2.4239465692322293,0.7961200984975999,-0.01737431716173886,0.02196217261612089
"Salt Lake City, UT",2023,-0.0440807016793747,-0.0402121481500392,2.323862672272393,0.750100410975021,-0.0319383889436722,0.06123160610921264
"Seattle-Tacoma-Bellevue, WA",2016,0.023017803658329002,0.005189188990633999,2.317029464518791,0.8102274079125751,0.0033381208777427986,0.033701816333627586
"Orlando-Kissimmee-Sanford, FL",2007,-0.03448285064279699,-0.019030649836511603,2.585144593478662,0.8125651270536678,-0.026906937593594183,0.029952416729276232
"Denver-Aurora-Lakewood, CO",2017,0.0043094188458138,0.015621314571157497,2.3582949022800492,0.8091484866214114,0.0021553020924329966,0.04299814763443073
"San Francisco-Oakland-Hayward, CA",2022,-0.048561409329204094,-0.040167150576051,2.3467668145409895,0.854378232008338,-0.024689903017133447,0.011770237099481192
"Phoenix-Mesa-Scottsdale, AZ",2016,0.018751813550077396,0.0189562656468563,2.8074041148082296,0.8772180455603373,0.0171051975339651,0.014798236237306254
"Albuquerque, NM",2016,0.007273240466199898,0.0027053181565218007,2.4498209355094454,0.8024188734210463,0.0008542500436306,0.006260937196188995
"Atlanta-Sandy Springs-Roswell, GA",2013,0.019349002623621,0.026896490125642797,2.6663444942078893,0.8163586842477164,0.014624440111219897,0.011816963646406579
"Corpus Christi, TX",2016,-0.029967668946303372,-0.004502606343585999,2.632546315235813,0.8656145660685547,-0.0063536744564772,0.052903769537235676
"Phoenix-Mesa-Scottsdale, AZ",2022,-0.05755957377064061,-0.0515717724565525,2.443131946355485,0.7912902492894116,-0.03609452489763495,0.042540854433922456
"San Diego-Carlsbad, CA",2005,,0.0339349720002384,2.614377507825104,0.8903427727519259,0.020555926486849802,
"Huntsville, AL",2018,0.0302689548590336,0.0335519789842129,2.1329972183588315,0.6426251833228578,0.020516345277428655,0.018780380026513478
"Los Angeles-Long Beach-Anaheim, CA",2006,0.034543695610878,0.001275915702882803,2.9041609335027343,1.0749150600987565,0.014857555739581602,0.00398613386322354
"Little Rock-North Little Rock-Conway, AR",2021,0.0024818187565346095,-0.001166437965957598,2.240689858434508,0.7251697707978842,0.0167482811957598,0.015449519369690431
"Santa Rosa, CA",2024,-0.02944005960745859,-0.027241990351043643,2.4240280075632237,0.7986110435180409,-0.008043523295782506,0.017908962772572756
"Providence-Warwick, RI-MA",2020,0.014366077139243101,0.009455212017967202,2.0869209463688843,0.7019409526561672,-0.007866948843002354,0.018984562375434923
"Miami-Fort Lauderdale-West Palm Beach, FL",2012,0.0104621322077036,0.0155570333541069,2.7549887188786486,0.9380993150302956,0.009572920389473449,0.0008217999723506552
"Salt Lake City, UT",2013,0.010357917630735401,0.010953734039054898,2.819122209549939,0.8486307914663952,-0.001318315975368002,0.03719459398411324
"Bakersfield, CA",2008,0.00802989754140258,-0.0888555540736256,3.0274885975497514,0.9424164769923759,-0.029338588938117048,0.02025452590069905
"Chicago-Naperville-Elgin, IL-IN-WI",2007,0.013105671903196302,0.0214304396255302,2.422886175434342,0.8335644164580726,0.01355415186844762,0.007443990188062142
"Fayetteville-Springdale-Rogers, AR-MO",2007,-0.0155067331585255,-0.0133210473389935,2.4412094497931407,0.7857894049048831,-0.021197335096076082,0.07624348440674972
"San Francisco-Oakland-Hayward, CA",2005,,0.05397574113022989,2.325891930466772,0.853789320646461,0.04059669561684129,
"Spokane-Spokane Valley, WA",2017,0.016175444472473103,0.011327544973150302,2.211538241976549,0.7109243389059146,-0.0021384675055741986,0.031637028818184545
"Spokane-Spokane Valley, WA",2009,-0.0988640493746338,-0.00439381393002748,2.173426098761242,0.6662788773024994,0.002973221009597191,0.050943329937111335
"New Haven-Milford, CT",2018,0.0071174975493107015,1.7543428873997152e-05,2.2112310456123256,0.7733892438764643,-0.01301809027791025,0.008469396664629356
"Atlanta-Sandy Springs-Roswell, GA",2014,0.026896490125642797,0.053383585700895304,2.710151990703534,0.8197575749114383,0.026864390820264802,0.013245920200976069
"Memphis, TN-MS-AR",2022,-0.020368554842798196,-0.02354159674086761,2.3833480246814647,0.7176047830989449,-0.00806434918195006,0.009541080223380799
"Salt Lake City, UT",2008,0.0373664939148712,-0.0653332403894005,2.715948743512301,0.8483499574093919,-0.005816275253891952,0.018309448425262456
"Harrisburg-Carlisle, PA",2024,0.011671172174083703,3.6714566945997285e-05,2.011812668548928,0.6905229581859427,0.019235181622207134,0.03337720947724709
"Augusta-Richmond County, GA-SC",2006,0.03723174960624889,-0.0155155825856295,2.3303943541963807,0.7147052808580258,-0.0019339425489307005,0.008804754567466431
"Springfield, MO",2022,-0.000768457752792398,-0.0079589681927223,2.1255862731960264,0.6631976004362843,0.007518279366195249,0.009452332657200812
"Eugene, OR",2024,-0.0033673479236487995,-0.0140428189504147,2.1335096668555953,0.6879200763498284,0.005155648104846436,0.020417575046117725
"Rochester, NY",2006,0.004601484847185099,-0.0093187950047817,2.101718162256279,0.7120109291441991,0.004262845031917099,0.0057495561004481275
"Lubbock, TX",2015,0.0091662394647856,-0.009717299151636601,2.5514633011750907,0.8426931015824878,-0.0149640655145049,0.05914192074684676
"Oklahoma City, OK",2010,-0.01288995731952071,-0.0175146878794007,2.446760030784707,0.7654219178913205,0.0014156303368509024,0.009534314657740925
"Denver-Aurora-Lakewood, CO",2012,0.0214599770676613,0.026746326470437995,2.440401743901093,0.810416496236911,0.020762213505804546,0.00883803288139432
"Greensboro-High Point, NC",2024,-0.0042572415448551,-0.0347536644282937,2.0895077863853113,0.6648453015837811,-0.015555197373032566,0.02113680034711461
"Colorado Springs, CO",2023,-0.0463990988437195,-0.0543303958155041,2.2120404901438464,0.6945251562780728,-0.0460566366091371,0.06990849341702064
"Colorado Springs, CO",2009,-0.0618126808698711,-0.0024469818766642004,2.380186694714699,0.7464396744373984,0.004920053062960471,0.00030871343675233467
"Santa Rosa, CA",2013,0.040081744426551796,0.0495800770509109,2.570076530612245,0.8306427676274653,0.037308027036488,0.0005734218951593635
"Albany-Schenectady-Troy, NY",2007,-0.009017247656282396,0.00798022917717576,2.0196639655044235,0.6719391540934949,0.00010394142009318048,0.019591678386111245
"New York-Newark-Jersey City, NY-NJ-PA",2012,-0.0014313841987133001,0.0042382547349367,2.557440483177987,0.9318269039425373,-0.0017458582296967506,0.004695533323916684
"Austin-Round Rock, TX",2018,0.0201160561301861,0.02405979029212,2.4344405200947046,0.8298961900903887,0.011024156585335752,0.03361679064926593
"Dallas-Fort Worth-Arlington, TX",2023,-0.03978806456961823,-0.04398154774828,2.3218453832888772,0.8047214894036335,-0.035707788541913005,0.038168172392911974
"Allentown-Bethlehem-Easton, PA-NJ",2019,0.012951302447652802,0.0359361952833977,2.4284593707329827,0.7824922927145871,0.018665784038603347,0.018129594168880103
"Raleigh, NC",2017,-0.0020943384134359012,0.0202474731960449,2.5403957969086717,0.7989652866835465,0.006781460717320401,0.031363935866461676
"Raleigh, NC",2016,0.005310547058068299,-0.0020943384134359012,2.4898467007331706,0.7737498921204798,-0.003945406526327102,0.04605346291254552
"Raleigh, NC",2014,0.0161473642724619,0.0448135441934128,2.5135835551716235,0.7698540687252071,0.0182943493127823,0.04670472880724835
"Nashville-Davidson--Murfreesboro--Franklin, TN",2007,-0.011252464676197997,0.0104659463582921,2.3590365096197545,0.7643583657355627,0.0025896586012095196,0.02160773825653593
"Ann Arbor, MI",2024,0.004344062598812103,-0.03327492115452886,1.9607708562862354,0.6700199965438073,-0.014076454099267725,0.0336050520346683
"North Port-Sarasota-Bradenton, FL",2006,0.033015719366189994,-0.0191988460215893,2.21165406502979,0.7395660700166621,-0.005617205984890499,0.028682206754799832
"Huntsville, AL",2023,-0.0609109299484749,-0.0678300580955868,1.9967854401228249,0.6517869261529146,-0.0595562988892198,0.15997716243220098
"Denver-Aurora-Lakewood, CO",2023,-0.0218782657984753,-0.0584789517350321,2.074879330687547,0.7278265024700974,-0.0502051925286651,0.04068571674700914
"Phoenix-Mesa-Scottsdale, AZ",2013,0.0082532664478455,0.0212019443201885,2.8325443453279413,0.8682245347444374,0.008929894305765601,0.01041534178431622
"Corpus Christi, TX",2008,0.0112571803225565,-0.061941791981035194,2.5449054023250515,0.8455872607123246,-0.0024248268455266467,0.013890611434949771
"Birmingham-Hoover, AL",2007,-0.016771458038982397,-0.0135435868681979,2.2877883627130062,0.7177789760918282,-0.02141987462528048,0.03018839229701728
"Dallas-Fort Worth-Arlington, TX",2018,0.007169554755941401,0.015659506538248096,2.5642331325437793,0.8674512967297635,0.0026238728314638485,0.033886786669115106
"Albany-Schenectady-Troy, NY",2005,,0.004048554909345598,2.03705400082444,0.6765863839937689,-0.009330490604043,
"Charlotte-Concord-Gastonia, NC-SC",2011,-0.014903265899437,0.0129862603914261,2.5445574436871543,0.7850253702405017,0.0142502272501588,0.0028664761126990608
"Raleigh, NC",2008,0.00377230866126597,-0.06260431995945549,2.4599960309585236,0.785920793686218,-0.003087354823946946,0.03242313225849513
"Akron, OH",2005,,-0.005504542279127101,2.0583901154955475,0.6783804874809058,-0.0188835877925157,
"San Diego-Carlsbad, CA",2015,0.0538977204655666,0.0188411795390472,2.897402940498652,0.9688870760881347,0.0135944131761789,0.01537020218136593
"Harrisburg-Carlisle, PA",2010,0.0017028853450489004,-0.0188973107472234,2.0717953297316605,0.6876815460311815,3.300746902819979e-05,0.01315944072376924
"Stockton-Lodi, CA",2005,,0.019198803913709598,3.076441202125129,0.9671324051800426,0.005819758400321,
"Spokane-Spokane Valley, WA",2016,0.015847275484882403,0.016175444472473103,2.424726998278261,0.7585982984186953,0.014324376359581902,0.027041177738766208
"Philadelphia-Camden-Wilmington, PA-NJ-DE-MD",2020,0.004538265868290901,0.0177345728487511,2.122619691309477,0.7267417178809792,0.0004124119877815455,0.025630055648421766
"Huntsville, AL",2005,,0.0361987713099689,2.0906485945601747,0.7156368958188994,0.022819725796580304,
"Bridgeport-Stamford-Norwalk, CT",2020,0.005934733777507799,-0.014128490725086193,2.2695658636892917,0.799488,-0.03145065158605575,0.0266650687599245
"Boston-Cambridge-Newton, MA-NH",2014,0.015310291542397499,0.041399259755518,2.2981902540086003,0.7932545254601577,0.014880064874887501,0.025674931129476584
"Cincinnati, OH-KY-IN",2005,,-0.012354874300840401,2.126606510303754,0.7315240577002088,-0.025733919814228998,
"Buffalo-Cheektowaga-Niagara Falls, NY",2012,-0.005001302883374701,0.0018613425732288014,2.0755554994763603,0.6545084144204008,-0.00412277039140465,0.001966091308344398
"Minneapolis-St. Paul-Bloomington, MN-WI",2015,0.025338449219371804,0.0100502618444786,2.2524126033553165,0.8013149236222191,0.0048034954816103,0.01697100725666891
"Louisville/Jefferson County, KY-IN",2006,0.0382313455761642,-0.015248004296716699,2.1540295832761274,0.7166978820802689,-0.0016663642600178996,0.006260427668335094
"Philadelphia-Camden-Wilmington, PA-NJ-DE-MD",2009,-0.030168627345511078,0.011015019581146198,2.299108266136279,0.7823127830308392,0.01838205452077087,0.006586065602378941
"Jackson, MS",2021,0.015229814311935402,-0.012805429500667598,2.292820788575287,0.6992060283877266,0.005109289661049801,0.004847888709337455
"Augusta-Richmond County, GA-SC",2023,-0.02851913033464146,0.010133636834489802,2.448477140807409,0.7226242950358979,0.018407396040856804,0.024755816018469188
"Winston-Salem, NC",2023,-0.0160144204501171,-0.005941065309179299,2.238439052266034,0.727494490815645,0.002332693897187701,0.0186363229101335
"Seattle-Tacoma-Bellevue, WA",2015,0.056133092085029604,0.023017803658329002,2.3562741248792665,0.8020741655118797,0.0177710372954607,0.04001641413702327
"Riverside-San Bernardino-Ontario, CA",2019,0.0286737411406994,0.056808080404266395,3.220130229562312,0.9728127190990192,0.039537669159472044,0.012616327804257246
"Tucson, AZ",2015,0.024877418467905005,0.0259193503154144,2.3938888996531746,0.7943767199032996,0.0206725839525461,0.0064004524014548815
"Denver-Aurora-Lakewood, CO",2010,0.0292422764156532,-0.0037636774689130993,2.3323785845078704,0.7925556357907175,0.015166640747338502,0.004622902500193914
"Cincinnati, OH-KY-IN",2014,0.0089238466384873,0.025219914207365003,2.2879076001150787,0.7615848716373566,-0.0012992806732654988,0.006915844914433852
"Gainesville, FL",2008,-0.0142972075076413,-0.059539627939039205,2.0585974579214223,0.6931207857504774,-2.266280353065836e-05,0.015162938761832957
"Seattle-Tacoma-Bellevue, WA",2007,0.025889933159652698,0.026720554877667398,2.1890530593254525,0.7614991469464544,0.018844267120584818,0.01028196981731533
"Harrisburg-Carlisle, PA",2018,0.0217852767565403,0.007152161666488598,2.224769430149603,0.7168491040298386,-0.0058834720402956495,0.011548556430446194
"Denver-Aurora-Lakewood, CO",2008,0.016736391310243598,-0.0708506672676144,2.3397251288458536,0.7994755283939364,-0.011333702132105848,0.014911468177267106
"Fresno, CA",2020,0.044752161829933204,0.03327661063380401,2.963568657434939,0.9736723970702139,0.01595444977283445,0.012021660649819495
"Philadelphia-Camden-Wilmington, PA-NJ-DE-MD",2023,-0.011734503344084702,-0.008576449287665398,2.0243435408159747,0.7045590230083337,-0.0003026900812983981,0.0391855320245715
"San Jose-Sunnyvale-Santa Clara, CA",2005,,0.05004281060111239,2.6516412480518183,0.9067287594118905,0.03666376508772379,
"Jackson, MS",2011,-0.02192267860324907,-0.005218364373195202,2.6117263957092605,0.8269110957960027,-0.0039543975144625005,-0.0029432584478968743
"Ann Arbor, MI",2008,0.0124775155751395,-0.052031681596809404,2.073179396092362,0.6623538758370219,0.007485283538699143,-0.00021217157608119098
"Los Angeles-Long Beach-Anaheim, CA",2005,,0.034543695610878,2.9188073259061427,1.0850832674001696,0.021164650097489402,
"Sacramento--Roseville--Arden-Arcade, CA",2016,0.05436963074334719,0.04160424624745179,2.6618773001366254,0.8490838990720264,0.03975317813456059,0.0012003585486573911
"Detroit-Warren-Dearborn, MI",2014,0.008461774668382202,0.033453133592512105,2.346103030709786,0.759201309060853,0.006933938711881603,0.0038753055072132986
"Omaha-Council Bluffs, NE-IA",2014,0.0041299000072346,0.027886748949195905,2.1984877956037847,0.7225301002138858,0.0013675540685654033,0.013617668965963923
"Oxnard-Thousand Oaks-Ventura, CA",2017,0.0195930853969269,0.018286450580612203,3.130185712881989,0.9669770943242735,0.004820438101887703,-0.0026246719160104987
"Raleigh, NC",2010,0.0152520101670694,-0.0024167447447948007,2.459888800635425,0.7778028142567099,0.0165135734714568,0.019108367815459906
"Las Vegas-Henderson-Paradise, NV",2023,-0.04193028530516815,-0.03040293713713187,2.4996081883272323,0.7946998622066559,-0.022129177930764868,0.034297513724041835
"Lincoln, NE",2014,0.010544987736927,0.021377076098825498,2.13072286581456,0.7070722832601587,-0.005142118781805004,0.011859414883172983
"Minneapolis-St. Paul-Bloomington, MN-WI",2012,-0.0040785391632199,-0.0002847925111021995,2.229998130609688,0.7579232434118404,-0.0062689054757356505,0.006268864638959833
"Urban Honolulu, HI",2011,-0.0179879636600785,0.0091720753532171,2.7377811534906384,0.8706238891673882,0.010436042211949801,0.0
"Pittsburgh, PA",2013,-0.0031485088452066993,-0.0030242496945842496,1.97523969860595,0.6614574918270041,-0.01529629970900715,0.0100513837555215
"Colorado Springs, CO",2019,0.035537055799102796,0.024827118843063403,2.4220390883495346,0.7476243037846204,0.007556707598269052,0.021906674762950162
"Hartford-West Hartford-East Hartford, CT",2005,,-0.0107165642707376,2.1767446282563223,0.7536036298357509,-0.0240956097841262,
"Raleigh, NC",2023,-0.0575257716927786,-0.0436595653198485,2.1193685807656397,0.6751468619869125,-0.0353858061134815,0.08877678801389025
"Stockton-Lodi, CA",2019,0.037009666779375096,0.0297797358326759,3.289146627383447,0.9903573737821773,0.012509324587881548,0.014036711399043653
"Virginia Beach-Norfolk-Newport News, VA-NC",2007,-0.009450443038639102,0.0133522435395408,2.4382929377062155,0.7514017975909218,0.005475955782458221,0.007741444223528914
"San Antonio-New Braunfels, TX",2012,0.004989615566682801,0.005962659949127201,2.659450169415586,0.8540056965710419,-2.14530155062502e-05,0.025540012920985365
"Colorado Springs, CO",2012,0.009054076783013298,0.017769814813199995,2.5835536106977055,0.7860043926338909,0.011785701848566544,0.006038181864898892
"Urban Honolulu, HI",2008,-0.00057689348921299,-0.0819497077758846,2.7386143927018476,0.8883851429361364,-0.022432742640376056,0.00021626297577854672
"Atlanta-Sandy Springs-Roswell, GA",2016,0.018586019505344397,0.0091074307001047,2.6464659100385894,0.8042902824078145,0.007256362587213499,0.018971099711021622
"Tucson, AZ",2024,-0.0428663206301455,-0.0464362930822372,2.0843990935611587,0.7055241227151803,-0.027237826026976063,0.026929158569411082
"Las Vegas-Henderson-Paradise, NV",2018,0.0484618160882149,0.0356849423733711,2.608875302247121,0.8227345813369857,0.022649308666586855,0.015747073283520336
"Milwaukee-Waukesha-West Allis, WI",2016,-0.0050480258794799015,-0.01251404709007215,2.240651034307072,0.7527483181135592,-0.01436511520296335,0.026504358028830038
"Albany-Schenectady-Troy, NY",2024,0.0020123568348760987,0.007384346766471896,1.7739963982359865,0.6464070270619389,0.026582813821733033,0.02094865762524218
"Chicago-Naperville-Elgin, IL-IN-WI",2020,-0.0241956674761925,0.005979449114276905,2.1976568393211653,0.762446369025996,-0.01134271174669265,0.019341326569825533
"Augusta-Richmond County, GA-SC",2022,-0.030516826761094996,-0.02851913033464146,2.540614629923532,0.7445246215858161,-0.013041882775723912,0.06684096851199273
"Jacksonville, FL",2019,0.013401142427063,0.024529401092990902,2.41737971055952,0.7438982981573065,0.007258989848196552,0.04399613812923795
"New Haven-Milford, CT",2016,0.0002221432370768002,-0.003628161501247399,2.3131994873985477,0.7966980349777176,-0.0054792296141386,0.013652386927167354
"Lincoln, NE",2012,-0.006372533813464601,0.0025922985464964018,2.037434061394403,0.7186313775891443,-0.0033918144181370492,0.013124974365284443
"Jackson, MS",2009,-0.059540380447679495,-0.007941513120703701,2.5934914067472947,0.7881564948254183,-0.00057447818107903,0.0018039687312086591
"Lubbock, TX",2020,0.0053157041512575005,-0.020205340722129796,2.3283467750516036,0.802829302653205,-0.03752750158309935,0.017653167185877467
"Charleston-North Charleston, SC",2011,-0.012526269918697399,0.004309353343796698,2.5730239031502675,0.7795126978974598,0.005573320202529399,0.0
"Boston-Cambridge-Newton, MA-NH",2016,-0.00393488399259,0.004197064090412102,2.2583412828443135,0.794192850555888,0.002345995977520901,0.029030733745362334
"Riverside-San Bernardino-Ontario, CA",2006,0.020910977137205102,-0.0226943026724424,3.054844011504966,0.9695602457445573,-0.0091126626357436,0.025340159910225837
"Providence-Warwick, RI-MA",2017,0.013044732857387501,0.014184380696073497,2.2329168550408944,0.7474297647889125,0.0007183682173489969,0.01816892670389081
"Virginia Beach-Norfolk-Newport News, VA-NC",2009,-0.021213098153048518,-0.010674022867851261,2.405807368536132,0.7599065152050919,-0.00330698792822659,0.01297304007779686
"Houston-The Woodlands-Sugar Land, TX",2018,-0.0078319843849983,0.010121396848297097,2.676481840109971,0.9032573715199365,-0.00291423685848715,0.012156877152084538
"Greenville-Anderson-Mauldin, SC",2014,0.0341247118699417,0.026748348662759804,2.530285122719234,0.7738018916458902,0.0002291537821293016,0.007281412011417254
"Charlotte-Concord-Gastonia, NC-SC",2019,0.0246747798410416,0.008635451897248299,2.4302398259178664,0.7663582443653618,-0.008634959347546052,0.0385501793523957
"Gainesville, FL",2022,5.4622786910998866e-05,-0.0124825826142092,2.129362122709648,0.6784598241321673,0.002994664944708349,0.017915876639709012
"Memphis, TN-MS-AR",2019,0.0207124604967594,0.0422858557395782,2.4619092695675437,0.7502935850299073,0.02501544449478385,0.013393522560313438
"Orlando-Kissimmee-Sanford, FL",2019,0.0088681644884109,-0.01453570172077453,2.881286200169301,0.913035995681172,-0.03180611296556888,0.04330137279626942
"Jackson, MS",2006,0.0366154636563034,-0.0161005947235193,2.420672812075361,0.7879557680812911,-0.0025189546868205,0.0004545110218922809
"Palm Bay-Melbourne-Titusville, FL",2020,0.007703157021864901,0.08230473901934801,2.3058980883408364,0.711786237557461,0.06498257815837846,0.12435184752651002
"Chicago-Naperville-Elgin, IL-IN-WI",2009,-0.0508994746054945,0.0016475536082458005,2.478633081009711,0.8553571868380868,0.009014588547870472,0.004245284033815957
"Columbus, OH",2006,-0.0051132247476606,-0.013936132142242399,2.2082578605604923,0.723379631249344,-0.00035449210554359956,0.005434524496068281
"Harrisburg-Carlisle, PA",2019,0.007152161666488598,0.0204670279018726,2.0914762621425638,0.6899406040692532,0.003196616657078249,0.02705414288185435
"New York-Newark-Jersey City, NY-NJ-PA",2007,0.0385787636545334,-0.0121489983679366,2.5117708542587383,0.9207259677642975,-0.02002528612501918,0.008760549214170707
"Buffalo-Cheektowaga-Niagara Falls, NY",2008,0.007837447647600169,-0.058994258477860495,1.9521681019808597,0.6206647036774978,0.0005227066576480519,0.0009876543209876543
"New Haven-Milford, CT",2013,0.0030655966789159984,-0.00474161352803403,2.3166864970897514,0.7996581234529532,-0.017013663542456932,0.00205307348164491
"Columbus, OH",2015,0.028088603804018,0.011918610413156502,2.3997314446518927,0.7803800406086457,0.006671844050288202,0.03200827275768728
"Boise City, ID",2017,0.0180694789177589,0.0229924123742733,2.539361677180311,0.7598777582462308,0.0095263998955488,0.061635220125786164
"Boise City, ID",2018,0.0229924123742733,0.015072214522695498,2.5165006615242516,0.7786003367471461,0.0020365808159112514,0.08975118483412323
"Denver-Aurora-Lakewood, CO",2021,0.03714498188205001,-0.0284525912526531,2.168488496446249,0.7594666507566774,-0.0105378720909357,0.03768301617561881
"Providence-Warwick, RI-MA",2014,0.0080615387919412,0.0397961034273167,2.2071317439612765,0.7341702671549216,0.0132769085466862,0.010302462674232824
"North Port-Sarasota-Bradenton, FL",2011,-0.017527576452510803,0.0036987894397496994,2.4011421319796953,0.7736751717369971,0.004962756298482401,0.0
"Oklahoma City, OK",2022,-0.0179025728526993,-0.008835782319690701,2.281853660449883,0.7356029713924451,0.006641465239226848,0.01217135230185801
"Detroit-Warren-Dearborn, MI",2012,0.0009939306598425006,0.0043541168511543,2.36780015254019,0.7560005085417943,-0.0016299961134791513,0.0020391342255339623
"Austin-Round Rock, TX",2011,-0.008488075724261301,0.0111096789311886,2.4004803881048047,0.8197491129408253,0.012373645789921301,0.0017834426679304582
"Oxnard-Thousand Oaks-Ventura, CA",2022,-0.05419667831542921,-0.002726401225115801,2.931046946320507,0.9438903613936953,0.012750846333801748,0.01780231542773443
"Oxnard-Thousand Oaks-Ventura, CA",2014,0.039215633987175,0.057825185993816405,3.113114523172278,0.9650263713573686,0.0313059911131859,0.01896615842320565
"Lincoln, NE",2020,0.0004684644483174995,-0.006273924747035989,1.835355125474581,0.6302748150833476,-0.023596085608005544,0.018942792077841417
"Greensboro-High Point, NC",2011,-0.02269413779528666,-0.0070530474934459,2.388237212380468,0.7355873620773696,-0.005789080634713199,0.0
"Chicago-Naperville-Elgin, IL-IN-WI",2011,-0.0155808691963725,0.000673578045916598,2.527799266210521,0.8669366426172764,0.0019375449046492993,0.0011434606613333561
"Urban Honolulu, HI",2012,0.0091720753532171,0.0211919409871731,2.7980908608803254,0.9001922223865149,0.015207828022539649,0.0017253774263120058
"Wichita, KS",2021,-0.0016924062757949915,-0.0056213077429217995,2.2012404500790135,0.7083922822205058,0.0122934114187956,0.005915100904662491
"Atlanta-Sandy Springs-Roswell, GA",2023,-0.0568306586001177,-0.0444824698395853,2.3589648268080636,0.7446082280286913,-0.0362087106332183,0.04485985177824701
"Chattanooga, TN-GA",2016,0.002673592869721398,0.0009796109533720017,2.4221280460118058,0.793350982083544,-0.000871457159519199,0.0075955376216472826
"Harrisburg-Carlisle, PA",2013,0.003609211528364199,0.008004026828990901,2.0303629830015746,0.6702476474822062,-0.004268023185431999,0.00971954295889598
"Richmond, VA",2024,-0.002082016599905999,-0.014540980601608801,2.168542701705064,0.7177171471442143,0.004657486453652335,0.029802733814373806
"Oxnard-Thousand Oaks-Ventura, CA",2015,0.057825185993816405,0.0155595452381001,3.244076651496908,1.0139918797980474,0.0103127788752318,0.00024330900243309004
"Kansas City, MO-KS",2020,0.007745932667717,-0.001285664179847698,2.0891350769873,0.7007610927163018,-0.018607825040817254,0.04060857429797446
"Fayetteville, NC",2017,-0.0104362273105569,0.040745905415073405,2.2943408449400766,0.6780426656942292,0.027279892936348905,0.0
"Memphis, TN-MS-AR",2024,-0.03072837838119018,-0.029908223574906592,2.3876723520571295,0.7139268222066736,-0.010709756519645456,0.013535441086060411
"Spokane-Spokane Valley, WA",2022,-0.034890176010458,-0.02445740255006742,2.1347580786793117,0.7102088065380767,-0.00898015499114987,0.02274962472177649
"Los Angeles-Long Beach-Anaheim, CA",2023,-0.029699133498977542,-0.01916455878092098,2.5770184493745063,0.9449913999582555,-0.010890799574553979,0.010459469191914277
"Louisville/Jefferson County, KY-IN",2017,-0.0036738913023061995,0.0104847501971874,2.295140875836056,0.7616616706553079,-0.002981262281537101,0.015071419036176745
"Baltimore-Columbia-Towson, MD",2008,0.01011340909883261,-0.03374984786244607,2.3663603550628993,0.7846376264485712,0.025767117273062475,0.006083379109641075
"Wichita, KS",2012,-0.004523063153374201,0.005290442490640599,2.283509822625243,0.7163343535044393,-0.0006936704739928523,0.0034994733802194817
"Fayetteville, NC",2014,-0.01165848656864309,-0.00827509240979362,2.568093320186507,0.7452580834460918,-0.03479428729042412,0.03917753703294274
"Rochester, NY",2009,-0.0566168266381559,0.0018504999731254988,2.101544125995491,0.7109955688474888,0.00921753491275017,0.014601889901750141
"Grand Rapids-Wyoming, MI",2010,-0.012436255494639581,-0.0133421215325766,2.431048855804342,0.7746992685162666,0.005588196683675002,0.0021066039584558102
"Richmond, VA",2020,0.0264539829187241,0.029199153742268003,2.278427431274017,0.7338318262396155,0.011876992881298447,0.03970433429447572
"Lansing-East Lansing, MI",2008,0.0156587914867687,-0.048059598266655,2.1689820898884844,0.7463564949998708,0.011457366868853548,0.0
"Toledo, OH",2013,0.001767767006221799,-0.00027969538540982986,2.2558843555229666,0.737461732859403,-0.012551745399832729,0.0
"Worcester, MA-CT",2010,0.004191826299257299,-0.0185635489508681,2.2364683510904477,0.7371925215482339,0.0003667692653835028,0.013665223058487155
"Houston-The Woodlands-Sugar Land, TX",2005,,9.721027028269935e-05,2.6028866511671382,0.9087557608460861,-0.013281835243105899,
"Chattanooga, TN-GA",2012,0.003763393424105598,0.0022670248240861997,2.4594715964373925,0.7650775764123005,-0.0037170881405472513,0.0004308719771637852
"Mobile, AL",2006,0.036718326372024504,-0.018773844415244097,2.5744319957148596,0.7634522470050963,-0.005192204378545298,0.00046202714409471554
"Fayetteville-Springdale-Rogers, AR-MO",2015,0.0186635858212967,0.003741614971838999,2.5465277376897766,0.7785960437892433,-0.0015051513910293007,0.02487580496780129
"Cincinnati, OH-KY-IN",2024,-0.0004486165024166003,-0.004699049549102802,2.0647312562281797,0.7006726709256941,0.014499417506158335,0.027343916547048874
"Tucson, AZ",2012,-0.013032640871006251,0.007138616749707201,2.3784765756656556,0.7963128045298927,0.0011545037850737502,0.005159549134783299
"Phoenix-Mesa-Scottsdale, AZ",2019,0.0461567185011864,0.0412735528044548,2.668626951268575,0.8545984545718659,0.02400314155966045,0.028862367033779843
"Worcester, MA-CT",2018,0.021576690302148798,0.021492145129776,2.197520626544373,0.7348829261870548,0.008456511422991753,0.032255532883377805
"Fayetteville, NC",2009,-0.060359780400568,-0.00799687419416785,2.522365126337355,0.7308478712528443,-0.0006298392545431783,0.04848553990074725
"Hartford-West Hartford-East Hartford, CT",2021,-0.007959372737930293,-0.010555980009166695,2.132372533948245,0.7422405047768748,0.007358739152550704,0.00565511272922604
"Washington-Arlington-Alexandria, DC-VA-MD-WV",2011,-0.014351021415012401,0.0015824240815162996,2.5095435684647303,0.8391901170761872,0.002846390940249001,0.01085634498997801
"Boston-Cambridge-Newton, MA-NH",2024,-0.005428079796565101,-0.02512473930504173,2.144252101991319,0.750132898414983,-0.005926272249780595,0.027652645958390846
"Fayetteville-Springdale-Rogers, AR-MO",2022,0.027566361027629896,-0.0082741147134562,2.381979394317827,0.746562447404369,0.0072031328454613495,0.04708279988503645
"Little Rock-North Little Rock-Conway, AR",2022,-0.001166437965957598,-0.006137040466453601,2.06338921219491,0.6790689165277893,0.009340207092463948,0.007531349003092216
"Fayetteville-Springdale-Rogers, AR-MO",2008,-0.0133210473389935,-0.062208980977111805,2.3380927527587234,0.7630223065739609,-0.0026920158416032583,0.051141027745854536
"Los Angeles-Long Beach-Anaheim, CA",2019,0.0015814631370068,-0.02201938082350826,2.8398048814973222,1.0319284555978356,-0.03928979206830261,0.010689676527890726
"Fayetteville, NC",2023,-0.03694853444994581,-0.0051442685551767,2.300343811394892,0.6848151900320637,0.0031294906511903,0.04232174725928444
"North Port-Sarasota-Bradenton, FL",2012,0.0036987894397496994,0.014180383989277802,2.5618135571366616,0.8377034791241055,0.00819627102464435,-0.0029082576892570725
"Atlanta-Sandy Springs-Roswell, GA",2015,0.053383585700895304,0.018586019505344397,2.6935948951913136,0.8259273528886064,0.013339253142476097,0.017657329575216384
"Albany-Schenectady-Troy, NY",2008,0.00798022917717576,-0.058368888407522204,2.0128005138557534,0.6969248316902147,0.0011480767279863427,0.011034482758620689
"Tucson, AZ",2019,0.0332003637341022,0.045895807325109506,2.3265399058863907,0.7741457308503162,0.028625396080315155,0.007291798306584102
"Greenville-Anderson-Mauldin, SC",2022,-0.002269742292491897,-0.02806489916929197,2.185461443383918,0.6955686744815641,-0.012587651610374421,0.02337340802752775
"Baltimore-Columbia-Towson, MD",2019,0.010560273298358902,0.022192042201026902,2.3449653476287353,0.7775368514012457,0.004921630956232551,0.013664709732744054
"Gainesville, FL",2014,0.005964134230004301,0.0374677709137459,2.3595834409157415,0.7354274524531238,0.0109485760331154,0.0
"Atlanta-Sandy Springs-Roswell, GA",2018,0.030632748083129897,0.019163611450529097,2.5792881017697153,0.7908347861163864,0.00612797774374485,0.016821254887114376
"Richmond, VA",2023,-0.016810822323348,-0.002082016599905999,2.2452513398005562,0.7181173347894559,0.006191742606461001,0.054581323980710215
"Los Angeles-Long Beach-Anaheim, CA",2011,-0.017758162608759898,0.0014227041226148977,2.919479373483344,1.0564226299174724,0.002686670981347599,0.00010413987898521002
"Nashville-Davidson--Murfreesboro--Franklin, TN",2011,-0.02156016967298317,0.0044842594485998005,2.4326168372789794,0.7879893418974598,0.005748226307332502,0.012254605111040155
"Albuquerque, NM",2020,0.0503005942993011,0.066029273530914,2.0399487307417696,0.717666106798614,0.04870711266994445,0.007678936410001719
"Ann Arbor, MI",2023,-0.0106981853250523,0.004344062598812103,1.9705415540245923,0.6659102697095436,0.012617821805179103,0.0038164235583298296
"Richmond, VA",2011,-0.02467006343455839,-0.0071676485988975015,2.4470592265269073,0.7743378179752773,-0.0059036817401648,0.022176386716316672
"Palm Bay-Melbourne-Titusville, FL",2019,0.007946810790634199,0.007703157021864901,2.518204488778055,0.7872220489817457,-0.00956725422292945,0.030222821117474374
"Las Vegas-Henderson-Paradise, NV",2012,-0.01126741439138651,0.0080641129702959,2.810251684344531,0.8412744728749206,0.002080000005662448,0.003226310037987199
"Urban Honolulu, HI",2013,0.0211919409871731,0.0373400136518345,2.8208884428190393,0.8826171215448579,0.0250679636374116,0.0
"Memphis, TN-MS-AR",2006,-0.02083774867195177,-0.0300663308668103,2.491354996934396,0.797567687458045,-0.0164846908301115,0.007803586911878793
"New Haven-Milford, CT",2012,-0.010505672619092462,0.0030655966789159984,2.2990666567462776,0.7943411100701506,-0.0029185162857174526,0.0035981179075560477
"Greensboro-High Point, NC",2006,0.03792761520754999,-0.018128981763419198,2.288041577132577,0.7235209901046423,-0.004547341726720399,0.0027643967593606305
"Gainesville, FL",2020,0.006698971494301799,0.038087145051434,2.1846965699208445,0.7078272648960026,0.020764984190464443,0.02172248418167896
"Lansing-East Lansing, MI",2013,-0.00039574190073870044,0.0051544684606657,2.2765739891433467,0.7301122663528867,-0.0071175815537572,0.009197860962566844
"Reno, NV",2024,-0.0023536442793732,0.015030676467418697,2.2124914642473903,0.7686591823766151,0.034229143522679834,0.0465301958349043
"Las Vegas-Henderson-Paradise, NV",2016,0.032825978924117996,0.0281580120808296,2.77930771394123,0.8572724251036452,0.0263069439679384,0.018079496610094385
"Toledo, OH",2005,,-0.0063225024073153,2.112912030778829,0.7025446656236765,-0.0197015479207039,
"Baton Rouge, LA",2006,0.04013923810136029,-0.017884086767133697,2.3603120646419615,0.7454802100787091,-0.004302446730434898,0.010141108182940254
"Hartford-West Hartford-East Hartford, CT",2022,-0.010555980009166695,0.0051844706531506,1.9733843251763612,0.7101456687604905,0.02066171821206815,0.0057420101486691
"St. Louis, MO-IL",2007,-0.0223258789125051,0.00427828154772401,2.1582775227103603,0.7413521614472184,-0.0035980062093585695,0.00388954674034603
"St. Louis, MO-IL",2017,-0.0091475599893517,0.003400360048666999,2.2019957769520135,0.7282849091181304,-0.010065652430057501,0.018346128741491313
"Philadelphia-Camden-Wilmington, PA-NJ-DE-MD",2007,-0.007093891451057398,0.0227879521740961,2.1970484130556773,0.7516295402056973,0.014911664417013519,0.0033650952328990857
"Washington-Arlington-Alexandria, DC-VA-MD-WV",2015,0.030918323138858804,-0.0066653597312346016,2.579632082812146,0.8660630585200922,-0.011912126094102901,0.027388337538172578
"Grand Rapids-Wyoming, MI",2014,0.0203796907949314,0.047265314201023104,2.421333841234199,0.7938691198075349,0.0207461193203926,0.0038406378375750506
"San Jose-Sunnyvale-Santa Clara, CA",2022,-0.0084777411344929,-0.02902081331649017,2.607610206645815,0.9221274765374444,-0.013543565757572621,0.017598700243704305
"El Paso, TX",2006,0.010490885686990702,-0.002567671189006797,3.0219995170248732,0.9568671529721215,0.011013968847692002,0.019005550550696
"Washington-Arlington-Alexandria, DC-VA-MD-WV",2010,0.035494297013111104,-0.014351021415012401,2.463566131153922,0.8201310153228007,0.0045792968012392,0.012260013739882841
"Fayetteville-Springdale-Rogers, AR-MO",2009,-0.062208980977111805,-0.0057333296011614805,2.612790570773764,0.8305829565297839,0.0016337053384631907,0.0440843420538852
"Boise City, ID",2013,0.0101939229012165,0.014844140379415501,2.815733230333462,0.8412043910732282,0.002572090364992601,0.011440566780372606
"Minneapolis-St. Paul-Bloomington, MN-WI",2016,0.0100502618444786,0.011720131385963398,2.2168822747158248,0.787242687794524,0.009869063273072198,0.020782291199938987
"Ann Arbor, MI",2021,0.014548689684345209,-0.021960501772491495,1.9812884164770606,0.6975073226134257,-0.004045782610774096,0.02396123722288597
"Little Rock-North Little Rock-Conway, AR",2006,0.0364513161898823,-0.0120539683344927,2.155520777370302,0.6903491020898247,0.0015276717022061,0.08008658008658008
"San Antonio-New Braunfels, TX",2015,0.0295810780321617,-0.004872666220583001,2.7608525859805724,0.9082279403429793,-0.0101194325834513,0.04300357780616298
"Milwaukee-Waukesha-West Allis, WI",2005,,-0.010270917105558401,2.152796750716149,0.7407671749724886,-0.023649962618947,
"Stockton-Lodi, CA",2020,0.0297797358326759,0.011606976947261802,3.212079970459461,0.9968175909949611,-0.005715183913707754,0.02384393063583815
"Stockton-Lodi, CA",2022,-0.0474053520980759,-0.0175998173881431,3.10453234632939,0.9351063720645516,-0.0021225698292255523,0.02193890523409974
"Miami-Fort Lauderdale-West Palm Beach, FL",2015,0.0248187078928013,-0.005097157801903701,2.8105070557562577,0.9462812015696883,-0.010343924164772,0.02672485329855966
"Fayetteville, NC",2011,-0.028977760961668972,-0.0042856280509114015,2.6183991722404936,0.7763777111833059,-0.0030216611921787,0.06672492674651724
"Ann Arbor, MI",2015,0.0174109942113419,0.0231253788662777,2.158831734960767,0.7301867207681147,0.0178786125034094,0.00852112676056338
"Raleigh, NC",2018,0.0202474731960449,0.0280752397266388,2.418218992593072,0.7641460383591908,0.015039606019854553,0.03692661527322288
"Wichita, KS",2016,-0.01212755079887056,-0.0081693266966529,2.3950412235631497,0.7689070633681522,-0.0100203948095441,0.02379959585591943
"Charlotte-Concord-Gastonia, NC-SC",2023,-0.0441614529345293,-0.0355741733699863,2.2493631085491326,0.7154002985190386,-0.0273004141636193,0.07133027408159895
"Gainesville, FL",2012,0.001306801028203998,0.0107198985011015,2.6244782715443162,0.8193699218151157,0.00473578553646805,0.0
"Augusta-Richmond County, GA-SC",2018,0.010826465488329901,0.0291110902217388,2.7242458516028076,0.8108453347721225,0.016075456514954553,0.013163446122690069
"Oxnard-Thousand Oaks-Ventura, CA",2007,-0.008570350656207995,-0.00708930023700118,2.9065615835777128,0.9269934179504067,-0.014965587994083759,0.02089864158829676
"Raleigh, NC",2024,-0.0436595653198485,-0.0481375269907713,2.1914529520295205,0.691604933599044,-0.028939059935510162,0.07204326511301624
"New York-Newark-Jersey City, NY-NJ-PA",2016,-0.004932675990678301,-0.0111838893481679,2.5991634332181,0.9443644170735982,-0.0130349574610591,0.012796207404402776
"Rochester, NY",2013,0.0001673916072283,-0.005451531622832949,2.139271957525072,0.7193731329350261,-0.017723581637255847,0.009370246425311835
"Kansas City, MO-KS",2021,-0.001285664179847698,-0.006393128288118395,2.1011097686490356,0.6983987854100463,0.011521590873599004,0.025343268429331513
"Allentown-Bethlehem-Easton, PA-NJ",2014,0.013639973818050398,0.0225713110362549,2.410748096099634,0.7923641794760097,-0.003947883844375603,0.0
"Los Angeles-Long Beach-Anaheim, CA",2018,0.011810219661251103,0.0015814631370068,2.869573010100006,1.0439615049339013,-0.011454170569777447,0.009908695228672056
"Atlanta-Sandy Springs-Roswell, GA",2020,0.022434152542814303,0.08588673975177,2.3607810921753867,0.7630521048819233,0.06856457889080045,0.032507282097244
"Little Rock-North Little Rock-Conway, AR",2009,-0.0588503188486633,-0.006217815711669921,2.2221994498678606,0.7226940576796921,0.0011492192279547505,0.033213295681235266
"Augusta-Richmond County, GA-SC",2017,0.009760006565492599,0.010826465488329901,2.7461260047318365,0.8101489336131424,-0.0026395469903945992,0.018827372764786795
"Syracuse, NY",2006,0.0051486107827396,-0.009594868818220095,2.0692658647863955,0.6969056891296986,0.003986771218478704,0.0037469328204788118
"Greensboro-High Point, NC",2020,0.04181928548143769,0.058533497712090016,2.2394138787131723,0.7241858467446503,0.04121133685112046,0.02166343441466855
"Ann Arbor, MI",2022,-0.021960501772491495,-0.0106981853250523,2.0102885907181607,0.6562683899048444,0.004779062233865249,0.002106696052375705
"Portland-Vancouver-Hillsboro, OR-WA",2021,0.01060385312743381,-0.017286361408559797,2.18506342702022,0.7593667385276509,0.0006283577531576018,0.03282358219498458
"Sacramento--Roseville--Arden-Arcade, CA",2006,0.006346418273565298,-0.017512874627408,2.535360395916015,0.8347140802340057,-0.003931234590709199,0.012336749045609805
"Richmond, VA",2009,-0.0389412154476581,-0.0274819720383215,2.4248974089272752,0.7565377753538117,-0.020114937098696828,0.022574775389514388
"San Diego-Carlsbad, CA",2024,-0.01890466669721651,-0.0293758183567971,2.5516359908757607,0.8771518568207662,-0.010177351301535964,0.016903011141439384
"Phoenix-Mesa-Scottsdale, AZ",2011,-0.017976990817504403,0.0005715367567061987,2.760740285665058,0.8607328234996642,0.0018355036154389,0.00032214213902380314
"Colorado Springs, CO",2014,0.0276761039781437,0.0469664453362484,2.51238680465718,0.7650331882373796,0.020447250455617898,0.0
"Grand Rapids-Wyoming, MI",2016,0.0112734013093338,0.010173450458686801,2.3907913787261132,0.7922177346639492,0.0083223823457956,0.020267366913344475
"Little Rock-North Little Rock-Conway, AR",2024,-0.0146765888683324,-0.011065504545271401,2.1077045383844317,0.6780871044686494,0.008132962509989735,0.0223890376083416
"Hartford-West Hartford-East Hartford, CT",2024,0.012371374013292299,0.0028987731468677995,1.9677382009030215,0.7142056755469647,0.022097240202128936,0.032801881860951385
"Reno, NV",2021,0.0080866968245049,-0.06071780550214481,2.30099893195954,0.7547904722257714,-0.04280308634042741,0.044355248450360735
"Albuquerque, NM",2018,0.014729018137708699,0.0343090250280857,2.2867601616353697,0.745759733749522,0.021273391321301453,0.00838075330004258
"Augusta-Richmond County, GA-SC",2019,0.0291110902217388,0.0367977841489162,2.7045597536342263,0.8005822416302766,0.019527372904121848,0.034188390105771634
"Reno, NV",2022,-0.06071780550214481,-0.0475037349615355,2.3054217096027623,0.7874044317740054,-0.03202648740261795,0.029214303089272683
"Bakersfield, CA",2021,0.057209455034210016,-0.009797231507627499,3.051224013650451,0.9250218397084168,0.0081174876540899,0.03158400384292062
"Las Vegas-Henderson-Paradise, NV",2007,-0.014918582463559198,-0.013564650590868,2.5855366161393043,0.8082469192543016,-0.021440938347950578,0.03339845962170121
"Tampa-St. Petersburg-Clearwater, FL",2020,0.033782094597086004,0.11963873412318402,2.3212800087678658,0.7832587544713698,0.10231657326221447,0.03384929846545738
"Chattanooga, TN-GA",2011,-0.018654687246697402,0.003763393424105598,2.38188769649831,0.7740055454836302,0.0050273602828382995,0.01620053636910952
"Shreveport-Bossier City, LA",2020,0.03628536301778219,0.01026470269866181,2.3478824616282274,0.7692127970264171,-0.007057458162307746,0.0
"Colorado Springs, CO",2015,0.0469664453362484,0.0393812008989677,2.4795816134332545,0.7468503022201032,0.0341344345360994,0.014250662965624923
"Kansas City, MO-KS",2005,,-0.0118021110697417,2.187641672596691,0.7314556283877474,-0.025181156583130297,
"Phoenix-Mesa-Scottsdale, AZ",2006,0.030721391302463496,-0.019985113242563197,2.7300302755740207,0.8896517703145985,-0.006403473205864398,0.01315327074652342
"Tampa-St. Petersburg-Clearwater, FL",2009,-0.0563307094420729,-0.01038092121811986,2.4077758358880326,0.8018835608268966,-0.003013886278495189,0.013987445414847161
"Greensboro-High Point, NC",2019,0.0251840419260025,0.04181928548143769,2.3955422404605455,0.7484569924331014,0.024548874236643342,0.01525931892424039
"Washington-Arlington-Alexandria, DC-VA-MD-WV",2014,0.003201134844408991,0.030918323138858804,2.5520986858748858,0.8534688313005692,0.004399128258228302,0.034833553784253575
"Colorado Springs, CO",2017,0.0191611715144329,0.0236189726748619,2.4606771024460823,0.7671077059854091,0.0101529601961374,0.026833804313697075
"Atlanta-Sandy Springs-Roswell, GA",2005,,-0.007913724768045402,2.5213664273916687,0.8077576178351176,-0.021292770281434,
"Akron, OH",2006,-0.005504542279127101,-0.0197184457871284,2.0876896734958965,0.6861973405370159,-0.006136805750429599,0.002640347017036525
"Indianapolis-Carmel-Anderson, IN",2020,0.0259329749934521,0.027434580585434007,2.1232180389289956,0.7137828410509136,0.010112419724464451,0.018432458856118626
"Colorado Springs, CO",2013,0.017769814813199995,0.0276761039781437,2.6588753796059774,0.788752366022935,0.015404053963720798,0.03052050876027992
"Oklahoma City, OK",2014,0.011153025894151701,0.0050128630196114,2.485589238858755,0.7961167951102843,-0.0215063318610191,0.013994176112434722
"Buffalo-Cheektowaga-Niagara Falls, NY",2018,0.0044888880112324,-0.0016510401728392007,2.0108859307411038,0.6569846317215478,-0.014686673879623448,0.015236303785563132
"Austin-Round Rock, TX",2007,0.004706867089572901,0.00502454706713438,2.3776861325096346,0.802725948299335,-0.0028517406899481994,0.01884820451255252
"Orlando-Kissimmee-Sanford, FL",2012,0.004327240325164797,0.0120970880330238,2.808172450309547,0.8572845170595842,0.006112975068390349,0.008482712067801695
"Gainesville, FL",2005,,0.037751848560688,2.0483098981046184,0.6585123989550136,0.024372803047299402,
"Santa Rosa, CA",2022,-0.0410149462792559,-0.013013563141610101,2.365786173808745,0.7918367905548738,0.002463684417307448,0.016150798833311567
"San Francisco-Oakland-Hayward, CA",2007,0.0271388590839539,0.0329203375919151,2.3954287667804186,0.8798607965629667,0.02504404983483252,0.005341185111688111
"Allentown-Bethlehem-Easton, PA-NJ",2007,-0.008881177702840796,0.00624599664717793,2.2353065663394274,0.741657889604057,-0.0016302911099046495,0.000655857168883221
"Greensboro-High Point, NC",2021,0.058533497712090016,-0.007957485717861201,2.208364732479277,0.7051548128229653,0.009957233443856198,0.0104186889277163
"Pittsburgh, PA",2014,-0.0030242496945842496,0.0142459242438335,1.9856252930983447,0.6779681804244881,-0.012273270636797002,0.01716944084965862
"San Antonio-New Braunfels, TX",2022,-0.0350506242636127,-0.0496839517954845,2.3389844060091547,0.792392122416365,-0.03420670423656695,0.032744452541904355
"San Antonio-New Braunfels, TX",2006,0.0033395427585811988,-0.015031997064050697,2.5859623671971668,0.8546493181244509,-0.0014503570273518979,0.027309694339955566
"Harrisburg-Carlisle, PA",2005,,0.006058937621232999,2.115681717195885,0.6863274493280702,-0.007320107892155599,
"Urban Honolulu, HI",2007,0.019018758138719602,-0.00057689348921299,2.670846299347123,0.8865024695389772,-0.00845318124629557,0.000252370479864441
"Nashville-Davidson--Murfreesboro--Franklin, TN",2021,0.06205774154372401,-0.023710367483226795,2.2551103289562744,0.7366711586846069,-0.005795648321509396,0.043726166959718094
"Atlanta-Sandy Springs-Roswell, GA",2021,0.08588673975177,-0.0464191317829771,2.382518708186886,0.7359193576101282,-0.028504412621259703,0.018029200881929133
"Pittsburgh, PA",2024,0.0038486809455032,-0.007150469379425001,1.8164990736514244,0.620158014449327,0.012047997675836135,0.015744220476027786
"Akron, OH",2008,0.0138511157898593,-0.0505163415368137,2.105835739708549,0.6886797632512326,0.00900062359869485,0.0
"Lansing-East Lansing, MI",2012,-0.008324793614792821,-0.00039574190073870044,2.282859487377516,0.7432930119497284,-0.0063798548653721514,0.00490810733350052
"Reno, NV",2015,0.0444639107977409,0.0474253394497261,2.534289235499132,0.8505641814809708,0.0421785730868578,0.008328322309079976
"San Jose-Sunnyvale-Santa Clara, CA",2006,0.05004281060111239,0.036465525677505495,2.701944096932128,0.9340993680064292,0.0500471657142043,0.011982955279128826
"Knoxville, TN",2021,0.038892381450607,0.0280057441171722,2.2315576812072235,0.7048559923737687,0.0459204632788896,0.05720877795548098
"Eugene, OR",2022,0.007203685837657903,-0.015284937829162602,2.1956825811264453,0.7507692144181869,0.00019230972975494733,0.04782087901962591
"New York-Newark-Jersey City, NY-NJ-PA",2024,-0.0083811807460909,-0.0059067905265093,2.369995737757804,0.8769984162682631,0.013291676528751836,0.019375685567818046
"San Jose-Sunnyvale-Santa Clara, CA",2013,0.038400871092144,0.0470827616441116,2.894861846666765,0.971680327006374,0.0348107116296887,0.015046390328713258
"Huntsville, AL",2009,-0.0631753063793716,-0.0061293922211456305,2.2830746658719425,0.71905098843338,0.0012376427184790408,0.043515435154351544
"Dallas-Fort Worth-Arlington, TX",2024,-0.04398154774828,-0.041866047339439404,2.3543442933707,0.818786601825862,-0.022667580284178267,0.04853087605389832
"Milwaukee-Waukesha-West Allis, WI",2020,0.0032733491353835985,-0.015619113483951598,1.9855875556876608,0.695211487474292,-0.032941274344921154,0.020774448841153193
"Bridgeport-Stamford-Norwalk, CT",2018,0.0046400770553503,0.0012550233987330996,2.525340364576731,0.8580991052045165,-0.011780610308051147,0.07549623545516769
"Oxnard-Thousand Oaks-Ventura, CA",2005,,0.0329697641850681,2.9897292132853948,0.9725159686270661,0.0195907186716795,
"Santa Rosa, CA",2012,0.0162902576100349,0.040081744426551796,2.6790932057262777,0.8778320376656082,0.03409763146191835,0.00038242745829150535
"Tampa-St. Petersburg-Clearwater, FL",2023,-0.04045899959691954,-0.0163730674438004,2.2519228399147333,0.7594846192451099,-0.0080993082374334,0.030705209598042578
"Boston-Cambridge-Newton, MA-NH",2007,-0.009354606220420801,0.017233197887091597,2.2026670073569186,0.7697289192428316,0.009356910130009017,0.020667409341070447
"Riverside-San Bernardino-Ontario, CA",2016,0.038309222538553206,0.026334106225412404,3.3331048269734525,0.9914234225203222,0.024483038112521203,0.005253071098683591
"Worcester, MA-CT",2012,-0.005009694099772002,0.0037190125972662007,2.3277688388307856,0.7646471014113742,-0.0022651003673672503,0.008387043463890267
"Milwaukee-Waukesha-West Allis, WI",2024,-0.004330396933091198,-0.005391631307005901,1.9889995350278984,0.6949100227836689,0.013806835748255235,0.025244919860144703
"North Port-Sarasota-Bradenton, FL",2024,-0.0518685991890554,-0.1004863959121704,2.2228136574308324,0.7329642717707947,-0.08128792885690926,0.1224382816205287
"North Port-Sarasota-Bradenton, FL",2016,-0.005417470368959001,0.0058729120082073,2.6741964232665913,0.8540294180151189,0.0040218438953161,0.08576861075517711
"San Francisco-Oakland-Hayward, CA",2011,0.0026027710079974987,0.024561694748354,2.464681072221001,0.8744123925310086,0.0258256616070867,-0.00015848563803148158
"Shreveport-Bossier City, LA",2021,0.01026470269866181,-0.0230053898218555,2.362057898453046,0.7361614019645107,-0.005090670660138102,-0.006808152973313722
"Nashville-Davidson--Murfreesboro--Franklin, TN",2024,-0.03487507701067376,-0.037134631568491505,2.1283129725651357,0.7076730096880087,-0.01793616451323037,0.07730683847304667
"Chattanooga, TN-GA",2020,0.027912922083600997,0.035752066037132005,2.3495247544684585,0.7759557391841193,0.01842990517616245,0.053087253991046544
"Spokane-Spokane Valley, WA",2006,0.0356065246583195,0.011741533925834699,2.0762478259442787,0.702748482475578,0.025323173962533498,0.029599579295319662
"Tampa-St. Petersburg-Clearwater, FL",2012,0.0010981065403938006,0.008103284397784198,2.4429964852134436,0.8159370529799685,0.0021191714331507475,0.009054081917306457
"Syracuse, NY",2021,-0.012947525271699893,-0.002990001094667398,1.9804149022434454,0.6739318728825252,0.014924718067050001,0.006918125488780605
"Little Rock-North Little Rock-Conway, AR",2019,0.007763215446209899,0.023374218373760202,2.364691160276304,0.7492894392914695,0.006103807128965851,0.0046078292677997615
"Indianapolis-Carmel-Anderson, IN",2011,-0.0171497006997638,-0.004092179313647701,2.329466890711342,0.7786740254296493,-0.002828212454915,0.0020355816693260957
"Corpus Christi, TX",2020,0.0103376115404215,-0.008526324668453197,2.460368721389603,0.8308557270821422,-0.025848485529422753,0.03338467720332172
"Portland-Vancouver-Hillsboro, OR-WA",2007,0.010074477693143805,0.017724891503005,2.3210727604322616,0.7842310867080997,0.009848603745922418,0.010084987297042854
"Wichita, KS",2018,0.0002953641125116001,0.010081506439781202,2.2694574449644653,0.7455683639351464,-0.0029541272670030455,0.02064697953682147
"Greenville-Anderson-Mauldin, SC",2011,-0.0165694913923912,0.008088874555778499,2.5062850355867083,0.7666146491293255,0.0093528414145112,0.0
"Stockton-Lodi, CA",2012,-0.007926385924565791,0.0109181472749147,3.3225921676444483,0.9891788772198931,0.004934034310281249,-0.0015154536390827517
"Albany-Schenectady-Troy, NY",2018,0.0004026971765908986,0.009637712606525399,2.066130707450309,0.6956374342999154,-0.003397921100258848,0.018658305268455078
"Phoenix-Mesa-Scottsdale, AZ",2020,0.0412735528044548,0.086873643657639,2.5064210539850715,0.8175036499794238,0.06955148279666945,0.02465006473231285
"Jackson, MS",2007,-0.0161005947235193,-0.0142758690448117,2.4092701990366265,0.7520383094372166,-0.02215215680189428,0.0018929355644733852
"Springfield, MO",2005,,-0.005856425750139199,2.119108773646445,0.7035157175244476,-0.019235471263527797,
"Pittsburgh, PA",2011,-0.0196872166454964,-0.00894835226272345,2.020822977638462,0.6887943275490069,-0.007684385403990749,0.002032381860708041
"Baltimore-Columbia-Towson, MD",2005,,0.004844152119872099,2.263828266342784,0.7527839948169526,-0.008534893393516499,
"Denver-Aurora-Lakewood, CO",2005,,-0.0037435863791733005,2.189956926922003,0.7567225834013774,-0.0171226318925619,
"Baltimore-Columbia-Towson, MD",2023,-0.0214072419557829,-0.0010070952601556986,2.1453302727240775,0.7189980273346002,0.007266663946211302,0.01796363706773032
"Milwaukee-Waukesha-West Allis, WI",2022,-0.0208026554706974,-0.0104447594139833,2.0773252160251374,0.7093650831971974,0.0050324881449342485,0.022129913475666164
"St. Louis, MO-IL",2021,0.0014493992537994022,-0.015578490895358996,2.1148350487458876,0.7013182259501336,0.0023362282663584033,0.010158583570222653
"Virginia Beach-Norfolk-Newport News, VA-NC",2005,,0.0174111488581867,2.3769604216756055,0.741674914087364,0.004032103344798102,
"Buffalo-Cheektowaga-Niagara Falls, NY",2009,-0.058994258477860495,0.0028118390743207995,1.984512976394313,0.6462599666698688,0.01017887401394547,0.005115155921377197
"Minneapolis-St. Paul-Bloomington, MN-WI",2017,0.011720131385963398,0.0082410041251335,2.2692909455658903,0.8080346500263601,-0.005225008353591,0.015946468429261187
"Las Vegas-Henderson-Paradise, NV",2014,0.019711343913064998,0.0485630824064274,2.769243332724323,0.8395876451324299,0.022043887525796897,0.006692946514683704
"Stockton-Lodi, CA",2014,0.0269057064938412,0.0728850594555397,3.2342516230917706,0.9556338373000671,0.0463658645749092,-0.0004397889013273629
"Philadelphia-Camden-Wilmington, PA-NJ-DE-MD",2021,0.0177345728487511,-0.026829854798643096,2.122922893006575,0.7283783038977053,-0.008915135636925697,0.021414099278946427
"Greenville-Anderson-Mauldin, SC",2013,0.0141349596620235,0.0341247118699417,2.4964415212833915,0.769599032530067,0.021852661855518797,0.04907113175262772
"Harrisburg-Carlisle, PA",2015,0.018087365368511202,0.013745790798746101,2.1612111181952605,0.7049313068294949,0.008499024435877802,0.02911266933441022
"Houston-The Woodlands-Sugar Land, TX",2012,0.0093748317282915,0.018689797604146997,2.690134835721985,0.9076045849830986,0.012705684639513546,0.004197853322517485
"Lincoln, NE",2022,-0.008955565494625096,0.005639123707626301,1.9035034925498349,0.6791626538952081,0.02111637126654385,0.024423746984722595
"Fresno, CA",2012,-0.008768113404858112,0.0014554442555341999,3.359061168051774,1.0177293860795167,-0.004528668709099251,0.004032333689679101
"Palm Bay-Melbourne-Titusville, FL",2010,-0.00828524938183308,-0.0178483164966278,2.4615821278154186,0.75738214762605,0.0010820017196238006,0.016129868782739483
"Baltimore-Columbia-Towson, MD",2018,0.009154054150834999,0.010560273298358902,2.2805953151736578,0.7696816750494578,-0.002475360408425345,0.018570010956978356
"Lincoln, NE",2013,0.0025922985464964018,0.010544987736927,2.1863086469354047,0.7526471085429761,-0.0017270622774958992,0.03092992186551152
"Minneapolis-St. Paul-Bloomington, MN-WI",2021,-0.034852340260074596,-0.038049063858715995,2.051053990649947,0.7433694900858028,-0.020134344696998596,0.04297847936472056
"Providence-Warwick, RI-MA",2023,0.018660414009903002,0.0129344106637115,2.0654829336545073,0.7055302936699854,0.0212081698700785,0.01345545918780903
"Lincoln, NE",2023,0.005639123707626301,-1.0621083510398838e-05,1.8382023995119636,0.6375877979251771,0.008263138122856601,0.05239232102560748
"Fayetteville, NC",2019,0.027117687383031802,0.0717260128550377,2.4279257440452917,0.7132408343287696,0.05445560161024335,0.0
"Shreveport-Bossier City, LA",2005,,0.035988143396493893,2.581173839271942,0.8318265138099232,0.022609097883105295,
"Boston-Cambridge-Newton, MA-NH",2015,0.041399259755518,-0.00393488399259,2.310839124184865,0.8019608849648375,-0.0091816503554583,0.04376977770832519
"Albuquerque, NM",2013,-0.0108794883176055,0.011917230083333001,2.5247768271859434,0.8080512625933708,-0.0003548199310898989,0.01988543371522095
"Omaha-Council Bluffs, NE-IA",2010,-0.01289108992418677,-0.0206493008047514,2.2165288562434418,0.7387912702853945,-0.0017189825884997983,0.016067524279249505
"Reno, NV",2018,0.04949576295997239,0.009734164097642897,2.265715122423255,0.7740225055350393,-0.00330146960914135,0.040854754500584865
"Indianapolis-Carmel-Anderson, IN",2012,-0.004092179313647701,0.0005687096805010016,2.37678572132304,0.7875238141251223,-0.005415403284132449,0.01556698192533504
"Fayetteville-Springdale-Rogers, AR-MO",2018,0.0139156978585873,-0.008400087139272702,2.3456215778262743,0.7284895613493945,-0.02143572084605695,0.038163464669488764
"Cincinnati, OH-KY-IN",2013,0.008722066292229701,0.0089238466384873,2.3146872946788006,0.7677684089614741,-0.0033482033759355996,0.00574266902094094
"Albany-Schenectady-Troy, NY",2019,0.009637712606525399,0.022768720864519098,2.0199659386110174,0.6918800638713112,0.005498309619724747,0.012084362530875926
"Milwaukee-Waukesha-West Allis, WI",2007,-0.026518198611136898,0.0120762105403829,2.2492338654347526,0.7665436247887816,0.0041999227833003205,0.0028721769081464362
"Palm Bay-Melbourne-Titusville, FL",2006,0.027919745755312,-0.018537331322130198,2.1960444489754307,0.7289037174394131,-0.004955691285431399,0.06969714253122683
"Fayetteville-Springdale-Rogers, AR-MO",2013,-0.0024260893746581007,0.012626869945512799,2.669413733247846,0.8162708071326444,0.0003548199310898989,0.0036219832206083455
"Buffalo-Cheektowaga-Niagara Falls, NY",2013,0.0018613425732288014,0.0009296185958252,2.0687941407271775,0.6523322126563187,-0.0113424314185977,0.006447338243164038
"Harrisburg-Carlisle, PA",2012,-0.006781307123947101,0.003609211528364199,2.232169374402705,0.7196672354948805,-0.002374901436269252,0.023619655198602568
"Fort Wayne, IN",2024,-0.0006873740829352985,-0.0028977636563778005,2.0368368116670856,0.6944525808180032,0.016300703398883336,0.04343953686085584
"Virginia Beach-Norfolk-Newport News, VA-NC",2013,-0.00611823390268946,-0.00400956220300341,2.5306744775568286,0.7886590607011901,-0.01628161221742631,0.018206703690574658
"Charlotte-Concord-Gastonia, NC-SC",2016,0.0059462659848557,-0.0012374490016289,2.560796333950411,0.7974181964230869,-0.0030885171145201007,0.04372058284715764
"Columbus, OH",2018,0.006410837919369701,0.013734585711097702,2.34543102021236,0.7673409478251836,0.0006989520043134551,0.027573456884064096
"Corpus Christi, TX",2024,-0.018173027133179198,-0.0418182909804583,2.3033380504453507,0.7536326619547602,-0.022619823925197163,0.03061821091177647
"Tucson, AZ",2009,-0.0588039240832863,-0.00921556566240668,2.6531420797632403,0.9090814921833472,-0.0018485307227820089,0.0018335608554832837
"Washington-Arlington-Alexandria, DC-VA-MD-WV",2008,0.022250960890798598,-0.02010183194982386,2.380459560709075,0.7976056799697555,0.03941513318568469,0.019872142659719306
"Lansing-East Lansing, MI",2019,0.015950500139331796,0.0247933416359272,2.26961819658814,0.7560480597499594,0.007522930391132849,0.00026867275658248256
"Winston-Salem, NC",2016,0.022459021289430597,0.0055347115284615014,2.452877619588601,0.7570414523426747,0.0036836434155703007,0.017723974183192322
"Wichita, KS",2008,0.016692209367303798,-0.0481601364012299,2.089464882943144,0.7042629361021943,0.011356828734278644,0.009267001114827202
"Sacramento--Roseville--Arden-Arcade, CA",2017,0.04160424624745179,0.0304624687888775,2.714072567179635,0.8650051556055494,0.016996456310153,0.0055430559988789325
"Richmond, VA",2013,0.007497304463449499,0.0089586641329393,2.4406974504658496,0.7531597021661488,-0.0033133858814836,0.014704701758141776
"Palm Bay-Melbourne-Titusville, FL",2008,-0.0164444713549328,-0.061244313329034794,2.3680483656263864,0.7299757212387867,-0.0017273481935262472,0.022756206238064926
"New York-Newark-Jersey City, NY-NJ-PA",2006,0.04425622777354429,0.0385787636545334,2.5140183103913287,0.9219828204479735,0.052160403691232204,0.006685169932816467
"Grand Rapids-Wyoming, MI",2020,0.034798543780311594,0.023322329482509604,2.0142882106842923,0.6850961622504169,0.006000168621540049,0.04349582261527669
"Lansing-East Lansing, MI",2010,-0.013552767430473418,-0.02172897188963223,2.2051860011863402,0.7150739436039195,-0.002798653673380627,0.0
"Lansing-East Lansing, MI",2011,-0.02172897188963223,-0.008324793614792821,2.326458495021384,0.7781030121613114,-0.00706082675606012,0.0007529040585114011
"Palm Bay-Melbourne-Titusville, FL",2009,-0.061244313329034794,-0.00828524938183308,2.304274256320011,0.7062991105002464,-0.0009182144422084093,0.0
"Knoxville, TN",2012,-0.0019073366004705022,0.004871989944640201,2.2285564010553194,0.6961743536470314,-0.0011121230199932497,0.006179691015449227
"Washington-Arlington-Alexandria, DC-VA-MD-WV",2005,,0.0266630824030609,2.296886232543902,0.7985083370597138,0.0132840368896723,
"Corpus Christi, TX",2022,-0.0333861887726469,-0.03031836638637972,2.34586454480465,0.7771959633405416,-0.01484111882746217,0.022459310521594257
"Virginia Beach-Norfolk-Newport News, VA-NC",2008,0.0133522435395408,-0.021213098153048518,2.4675110745052646,0.7800824502560912,0.03830386698246003,0.014419444211233314
"Sacramento--Roseville--Arden-Arcade, CA",2009,-0.073263522892767,-0.014125845950138122,2.664489588623667,0.8409609920248604,-0.006758811010513451,0.0003142751636195071
"Riverside-San Bernardino-Ontario, CA",2005,,0.020910977137205102,3.0298359735721028,0.9660707313899011,0.007531931623816504,
"Philadelphia-Camden-Wilmington, PA-NJ-DE-MD",2017,-0.0004856258147544999,0.014558813349262203,2.289283184531918,0.7719155119831045,0.0010928008705377024,0.019611401314339784
"Boston-Cambridge-Newton, MA-NH",2013,0.0084840779841576,0.015310291542397499,2.256809276705262,0.7808926746507485,0.0030382415279745986,0.01797323135755258
"Oklahoma City, OK",2020,0.019071623563036,0.0127974754185219,2.2800337257530687,0.7492187338670264,-0.004524685442447655,0.005107850473370856
"Fayetteville, NC",2016,0.011706328470788997,-0.0104362273105569,2.450894894285859,0.7321650358971252,-0.012287295423448101,0.0
"Washington-Arlington-Alexandria, DC-VA-MD-WV",2021,0.019028038343860604,-0.0360584512624426,2.294058860550915,0.8024078606901408,-0.0181437321007252,0.026843979306289515
"Jacksonville, FL",2022,-0.0401203159514351,-0.0608941475156803,2.2536728697355533,0.7099036236637425,-0.04541689995676275,0.058666666666666666
"Worcester, MA-CT",2016,0.010835556764684697,0.00032694009308149863,2.164592092112762,0.7246531099816946,-0.001524128019809702,0.015195137555982086
"Chicago-Naperville-Elgin, IL-IN-WI",2010,0.0016475536082458005,-0.0155808691963725,2.514090787401301,0.8574110486516675,0.003349449019879101,0.006219950120413778
"Las Vegas-Henderson-Paradise, NV",2024,-0.03040293713713187,-0.0479143802392483,2.5133521384138926,0.7835655777071899,-0.028715913183987165,0.026748904398636586
"Philadelphia-Camden-Wilmington, PA-NJ-DE-MD",2005,,-0.0031585071860580002,2.237820059106939,0.757437363076131,-0.0165375526994466,
"Reno, NV",2007,-0.004170335778888701,0.0029050515337276503,2.34928346277581,0.7956210002696293,-0.00497123622335493,0.012273881052597758
"Allentown-Bethlehem-Easton, PA-NJ",2020,0.0359361952833977,0.026013404688312508,2.206826736906248,0.7263969046817982,0.008691243827342952,0.016502350978310328
"Las Vegas-Henderson-Paradise, NV",2015,0.0485630824064274,0.032825978924117996,2.802003314797489,0.8601854534917415,0.0275792125612497,0.015714515351229707
"Eugene, OR",2020,0.0175238827906694,0.009592399558498402,2.165932589885359,0.7162165651807895,-0.007729761302471154,0.01615546710372278
"Orlando-Kissimmee-Sanford, FL",2022,-0.003976349932281499,-0.060884294122840896,2.4062909994091077,0.7624633966192003,-0.045407046563923345,0.045766864145388726
"Buffalo-Cheektowaga-Niagara Falls, NY",2016,-0.006032011020399601,0.0015583068615608008,2.053661389837544,0.6605091482841278,-0.00029276125133039996,0.024464303347486917
"Urban Honolulu, HI",2015,0.008108979726340301,-0.010685440632916932,2.9487489595412733,0.9638154988071044,-0.01593220699578523,0.018579626972740317
"Santa Rosa, CA",2017,0.0347397096938305,-0.0098251990965452,2.721101967409668,0.9073636578406964,-0.0232912115752697,-0.0055848020141908905
"Bakersfield, CA",2020,0.034875959038003904,0.057209455034210016,3.218720389639141,0.9730888880559854,0.03988729417324046,0.019133485639686684
"Nashville-Davidson--Murfreesboro--Franklin, TN",2010,0.0050814516995621,-0.02156016967298317,2.441931499691226,0.7837481399263289,-0.0026298514567315683,0.015553716790410592
"Oklahoma City, OK",2006,-0.0082574964194326,-0.004817143032249498,2.2832856496555944,0.7498665930050789,0.008764497004449302,0.019141706353891973
"Knoxville, TN",2018,-0.0017446476957645,0.026386021741962397,2.2812756077574434,0.7213659895380662,0.01335038803517815,0.016139785543641313
"Charlotte-Concord-Gastonia, NC-SC",2010,-0.0310118894870806,-0.014903265899437,2.477978666833495,0.7720433539496462,0.004027052316814602,0.020357145833159732
"Phoenix-Mesa-Scottsdale, AZ",2014,0.0212019443201885,0.0462569339965839,2.8143601173129915,0.8515830749898419,0.019737739115953397,0.023990181543539678
"Providence-Warwick, RI-MA",2006,0.003227337014791498,-0.010910276273187598,2.1875811738511968,0.7253867946362914,0.0026713637635112017,0.008405314327768525
"Bakersfield, CA",2015,0.010141811037566199,0.0051829856676683,3.310662628583364,0.9775034046817587,-6.378069519999939e-05,0.0019298540023493876
"Tampa-St. Petersburg-Clearwater, FL",2018,0.022186434642330197,0.0200004867402077,2.4570355116893707,0.8117017328390017,0.0069648530334234515,0.041210785089466476
"San Jose-Sunnyvale-Santa Clara, CA",2016,-0.02624442662618303,0.009946977022927302,2.8718078766515354,0.9875938435164813,0.008095908910036101,0.031077414799122904
"Indianapolis-Carmel-Anderson, IN",2024,-0.005148422253859499,-0.02366600770868361,2.082030955077388,0.7050379025144771,-0.004467540653422475,0.03905294216422386
"Miami-Fort Lauderdale-West Palm Beach, FL",2022,0.0007666747745589952,-0.015483680203940399,2.4840445098399853,0.868918384125837,-6.432645022850028e-06,0.033802512279663285
"Knoxville, TN",2022,0.0280057441171722,0.0021234182413559025,2.1262033062380126,0.6799960274804879,0.017600665800273453,0.026014929444733773
"Lansing-East Lansing, MI",2017,-0.0001241292321272,0.008527525515214001,2.2517386965533124,0.7540642255606627,-0.004938486963510499,0.006892252277214006
"Miami-Fort Lauderdale-West Palm Beach, FL",2017,0.0008563653117827988,0.0028646670290384015,2.822781325763948,0.96646948917645,-0.010601345449686099,0.024988801212914784
"Columbus, OH",2021,-0.0020205074935416983,-0.0090351004424973,2.2347755127661912,0.7205542748544285,0.008879618719220099,0.03129102049922434
"Kansas City, MO-KS",2024,0.005300650092231799,-0.010488729955554003,2.0546086428995536,0.6929100010882577,0.008709737099707134,0.021872493175666707
"Kansas City, MO-KS",2009,-0.0457620590026913,-0.00961034259157658,2.3301232747710703,0.7744823386114494,-0.002243307651951909,0.009442080230302272
"Baltimore-Columbia-Towson, MD",2024,-0.0010070952601556986,-0.0179641759338975,2.128646834542307,0.7175430682648107,0.0012342911213636364,0.019320478375615208
"Corpus Christi, TX",2014,0.0238259773391352,0.0206475375985165,2.6081014912085467,0.8354825676735509,-0.005871657282114001,0.02355511420059583
"Stockton-Lodi, CA",2011,-0.019643530166166302,-0.007926385924565791,3.3057073466909532,1.0126825134936845,-0.00666241906583309,0.0006384931561514825
"Virginia Beach-Norfolk-Newport News, VA-NC",2012,-0.01434621199068725,-0.00611823390268946,2.491425640023451,0.7670633597488975,-0.012102346867322911,0.013603744772588904
"Greensboro-High Point, NC",2005,,0.03792761520754999,2.323593532368437,0.743938576280388,0.02454856969416139,
"Minneapolis-St. Paul-Bloomington, MN-WI",2007,-0.0159416663888063,0.0145418376965809,2.101044438832663,0.761999032468661,0.006665549939498321,0.004199602197190647
"Nashville-Davidson--Murfreesboro--Franklin, TN",2017,-0.013612079665172819,0.013653299585834503,2.413072174046361,0.7754967396764433,0.00018728710711000268,0.07273357385323546
"Virginia Beach-Norfolk-Newport News, VA-NC",2020,0.0399078427545872,0.03387330528207,2.2189592639563154,0.701877589398525,0.016551144421100443,0.019644511397972346
"Fresno, CA",2008,0.01007111029013872,-0.0791215679641304,3.224327158336246,0.9925662024030127,-0.019604602828621857,0.003700011502626433
"Chicago-Naperville-Elgin, IL-IN-WI",2014,0.013506289913044898,0.033695247659589804,2.519731824752712,0.8471713699790224,0.007176052778959302,0.010093580499614372
"Toledo, OH",2010,-0.01196697334157705,-0.0244426819592886,2.2876763088692327,0.7468265519945994,-0.005512363743036999,0.0
"Tucson, AZ",2018,0.0418893162169609,0.0332003637341022,2.399737282847854,0.7957348479733777,0.020164730027317952,0.004187817258883249
"Urban Honolulu, HI",2016,-0.010685440632916932,0.006159394282739601,2.8429024802267473,0.9261388755848653,0.0043083261698484004,0.0021128248468201987
"Harrisburg-Carlisle, PA",2014,0.008004026828990901,0.018087365368511202,2.103381761470902,0.6952870631647493,-0.0084318295121193,0.0007715482401352046
"Worcester, MA-CT",2008,0.00791512786656499,-0.059018588348799694,2.165859675232668,0.7314825334200896,0.0004983767867088526,0.021030080447708988
"Baltimore-Columbia-Towson, MD",2014,0.007696531123207601,0.014913621062542902,2.433191061871059,0.7967844368303814,-0.0116055738180876,0.014810155219696844
"North Port-Sarasota-Bradenton, FL",2005,,0.033015719366189994,2.2010664237292676,0.7477573015706854,0.019636673852801396,
"Louisville/Jefferson County, KY-IN",2012,0.008048699162554698,0.0078508866668377,2.304413431256535,0.7423751308546752,0.0018667737022042483,0.0057986679130638
"Boston-Cambridge-Newton, MA-NH",2022,-0.0173206974092407,-0.007867624074604,2.0980517089273274,0.7369961253025145,0.007609623484313549,0.025133566847520765
"Louisville/Jefferson County, KY-IN",2010,-0.005193849823944571,-0.02215854163320589,2.2746711692262087,0.749712190790955,-0.0032282234169542894,0.0012451840675036256
"Grand Rapids-Wyoming, MI",2015,0.047265314201023104,0.0112734013093338,2.458202445942237,0.8189345986202412,0.006026634946465501,0.014359396566336538
"Lansing-East Lansing, MI",2021,0.0008841088027496113,-0.0049516495588703,1.8883075629466997,0.6333907865872768,0.0129630696028471,0.011053166715864739
"Toledo, OH",2012,-0.006089047603654901,0.001767767006221799,2.231281400099376,0.7085836112250731,-0.004216345958411652,0.004607271718012767
"Baton Rouge, LA",2023,-0.017834615916397102,-0.02763673796000081,2.296895720313442,0.7343090590253021,-0.01936297875363381,0.02785980539284504
"Dallas-Fort Worth-Arlington, TX",2017,0.00033653644089029836,0.007169554755941401,2.567738914760073,0.8731473659960067,-0.006296457722783099,0.04048522086335373
"Shreveport-Bossier City, LA",2014,-0.00215606776372933,0.0039578337987323,2.626739105902078,0.7879010614376557,-0.022561361081898202,0.021164021164021163
"North Port-Sarasota-Bradenton, FL",2021,0.158935346266701,-0.039782804650394396,2.340124702619206,0.7588481338481339,-0.021868085488676997,0.056457664255485186
"Shreveport-Bossier City, LA",2017,-0.0021991028898544,0.0028491642334614008,2.5034807120275344,0.7672932259049946,-0.0106168482452631,-0.001347084824247527
"Cincinnati, OH-KY-IN",2006,-0.012354874300840401,-0.023584170216616598,2.1841761398030366,0.7387668650583525,-0.010002530179917798,0.008383465615152588
"New Haven-Milford, CT",2017,-0.003628161501247399,0.0071174975493107015,2.215567117922658,0.7837738808832706,-0.006348514929413799,0.01261383395714833
"Akron, OH",2022,-0.0120443713191433,0.0009836917515735968,2.0363193778744764,0.6459987699036425,0.016460939310491148,0.012062525937197399
"Kansas City, MO-KS",2006,-0.0118021110697417,-0.009770583311017995,2.2192033519656644,0.7436938504168893,0.003811056725680804,0.013434632041720223
"San Francisco-Oakland-Hayward, CA",2015,0.0522892108952065,-0.02135459241963172,2.53613527002243,0.9183693209376029,-0.02660135878250002,0.014284401702857493
"Detroit-Warren-Dearborn, MI",2016,0.0163802825702057,0.006727199304740899,2.303010205412334,0.7365275847215015,0.004876131191849698,0.012755827848485423
"Salt Lake City, UT",2012,0.005943198613476797,0.010357917630735401,2.7135040763199325,0.8370592280209079,0.00437380466610195,0.013062298583169657
"Milwaukee-Waukesha-West Allis, WI",2023,-0.0104447594139833,-0.004330396933091198,2.013758688859129,0.6974154257286888,0.003943362273275802,0.025288825001330992
"Corpus Christi, TX",2023,-0.03031836638637972,-0.018173027133179198,2.368708872930501,0.7848062200718773,-0.009899267926812198,0.018299752451978818
"Milwaukee-Waukesha-West Allis, WI",2010,-0.0289682771857309,-0.024094178723561052,2.207883020627066,0.7533486947423413,-0.005163860507309451,0.0016320589305603035
"Colorado Springs, CO",2018,0.0236189726748619,0.035537055799102796,2.494231147433516,0.7700509686059024,0.02250142209231855,0.007150585689419956
"Toledo, OH",2009,-0.048887424826198594,-0.01196697334157705,2.2365156320246906,0.7246289516160781,-0.004599938401952379,0.012292632956776598
"Colorado Springs, CO",2022,-0.021007587415306096,-0.0463990988437195,2.214159059565246,0.6872397425817536,-0.030921851284801946,0.02894233278246499
"Toledo, OH",2018,0.013045224175706898,0.00037018872175220013,2.2227360026721223,0.7149351194373101,-0.012665444985032047,0.011183946488294315
"Wichita, KS",2014,-0.0034751688440277594,0.018632870802785903,2.493276546267978,0.7891667233358268,-0.007886324077844599,0.012546051976501046
"Greenville-Anderson-Mauldin, SC",2009,-0.0568115717764435,-0.004705062865786551,2.4059115787955023,0.7394808462992423,0.00266197207383812,0.01801088883261585
"Akron, OH",2016,-0.0090981363462582,-0.004422868367392498,2.1618855398233716,0.6966217576896031,-0.006273936480283699,0.015440296547094364
"Charleston-North Charleston, SC",2022,0.013076971071632401,-0.0204660995159407,2.0843276217816453,0.6667474435704241,-0.0049888519570231524,0.04843450690270163
"Birmingham-Hoover, AL",2024,-0.02096300972772884,-0.02976609629943967,2.1898176103831855,0.6672452472157197,-0.010567629244178534,0.014700426636987571
"Buffalo-Cheektowaga-Niagara Falls, NY",2006,0.0054021763921946984,-0.008474376002248797,2.0860167247477883,0.6726187966437577,0.005107264034450002,0.003024614100959533
"Dallas-Fort Worth-Arlington, TX",2010,-0.0117068034909147,-0.011622495865839001,2.5237129921572556,0.8646274673125091,0.0073078223504126,0.0035295231845871287
"Kansas City, MO-KS",2010,-0.00961034259157658,-0.0203148647308521,2.3594972578085445,0.7835608425163585,-0.001384546514600498,0.006912638814621936
"Baltimore-Columbia-Towson, MD",2009,-0.03374984786244607,0.0169450931404305,2.3551793507050425,0.7810193714879636,0.02431212808005517,0.008683631209958005
"Allentown-Bethlehem-Easton, PA-NJ",2016,0.007435687337599799,0.012918624330204003,2.467864283194167,0.7931080097890072,0.011067556217312802,0.022870324600428406
"Stockton-Lodi, CA",2023,-0.0175998173881431,-0.01980351312233257,3.083798822670047,0.9524468332172125,-0.01152975391596557,0.018944375333214858
"Fayetteville, NC",2024,-0.0051442685551767,-0.01697149037748575,2.222389181066867,0.6768220481989737,0.0022269766777753865,0.018956379942927027
"Orlando-Kissimmee-Sanford, FL",2010,-0.014429402587074387,-0.0149901582956486,2.6790956457587263,0.8259816261616921,0.003940159920603002,0.007358067351701979
"Tampa-St. Petersburg-Clearwater, FL",2005,,0.03573950262081339,2.2062545174789596,0.7614812784468996,0.022360457107424795,
"Tampa-St. Petersburg-Clearwater, FL",2011,-0.019180022096651102,0.0010981065403938006,2.4693664735161636,0.8193777205441044,0.002362073399126502,0.0041652965033431985
"Augusta-Richmond County, GA-SC",2015,0.0090056841095347,-0.004660482998408301,2.783510663376762,0.8250277164444693,-0.0099072493612766,0.055405026628048214
"Grand Rapids-Wyoming, MI",2023,0.003759167134378398,0.0005172171615238016,2.1219035530438113,0.6940083359417473,0.008790976367890802,0.041168971266058646
"Birmingham-Hoover, AL",2019,0.015865842917299297,0.018859524159893,2.2789243883845036,0.722131084538437,0.0015891129150986498,0.00039717344895493737
"Little Rock-North Little Rock-Conway, AR",2010,-0.006217815711669921,-0.02283856124656129,2.3377817989896705,0.7509480181576617,-0.0039082430303096875,0.029763546550989194
"Jackson, MS",2018,0.010025537387386301,0.0206481023815632,2.6240815074612933,0.8059471636289166,0.007612468674778952,0.0
"Akron, OH",2012,-0.007404311634945902,-0.0018447671368089,2.170317968256686,0.6838193638889638,-0.007828880101442351,0.0035666117188670765
"Greenville-Anderson-Mauldin, SC",2006,0.0373746629179688,-0.014705711925324397,2.296753284222269,0.7130922131086355,-0.0011240718886255975,0.0011853557760693602
"San Diego-Carlsbad, CA",2010,-0.014859991266666279,-0.0169007488623433,2.8182246742285444,0.94288132721555,0.0020295693539083004,0.0012389779921744277
"Palm Bay-Melbourne-Titusville, FL",2005,,0.027919745755312,2.1617169373549885,0.704335184485215,0.014540700241923402,
"Toledo, OH",2021,0.0020236825556297078,-0.0179268654707355,1.9922754077458429,0.6659906230020601,-1.2146309018100376e-05,0.015186855336132276
"Riverside-San Bernardino-Ontario, CA",2023,-0.02944769083933127,-0.0150245039738541,3.044526402272321,0.9327522467716216,-0.006750744767487099,0.01814640328078523
"North Port-Sarasota-Bradenton, FL",2007,-0.0191988460215893,-0.0123218127222371,2.367267785861903,0.7712186821244276,-0.020198100479319678,0.017437900186185913
"Pittsburgh, PA",2018,0.016607015208259603,0.009086943337058999,1.8797092240377429,0.6402298786128788,-0.003948690369725248,0.01154811885616696
"Raleigh, NC",2015,0.0448135441934128,0.005310547058068299,2.5302992291201023,0.7980054090601758,6.378069519999939e-05,0.032229376400697236
"Mobile, AL",2022,-0.006239147138921701,0.0023223748203258995,2.270171993745682,0.7048927678263962,0.01779962237924345,0.0027753365095517834
"Atlanta-Sandy Springs-Roswell, GA",2008,-0.017468093584628103,-0.061944354980760605,2.633119459847505,0.8423982697191488,-0.002427389845252058,0.02674055539516034
"San Diego-Carlsbad, CA",2008,0.0040417190945136496,-0.051646244436079,2.6920171946159965,0.909570535979495,0.007870720699429547,0.0051021068294050415
"Omaha-Council Bluffs, NE-IA",2023,-0.005593852162744502,0.006053095402585997,2.0115399810092804,0.6823171233440303,0.014326854608952997,0.03846996507416906
"New Haven-Milford, CT",2020,0.015156267090901399,-0.011867086777017595,2.122105229924069,0.7493109108796651,-0.02918924763798715,0.012143700455388767
"Buffalo-Cheektowaga-Niagara Falls, NY",2020,0.018789298712476702,-0.025635521301553693,1.819731554505553,0.6043584950653467,-0.04295768216252325,0.018893509311155306
"North Port-Sarasota-Bradenton, FL",2019,0.004372407787775999,0.0025742108665551995,2.6602814448698413,0.8453672847418041,-0.014696200378239151,0.08122642827210504
"San Jose-Sunnyvale-Santa Clara, CA",2021,0.005294576844646501,-0.0084777411344929,2.680954749573027,0.9316289318743057,0.009436978027224499,0.019147724262173475
"Chicago-Naperville-Elgin, IL-IN-WI",2006,0.0209416362763615,0.013105671903196302,2.446730027253325,0.8490808803587918,0.0266873119398951,0.0065026269471669795
"Los Angeles-Long Beach-Anaheim, CA",2009,-0.0984732440705833,-0.0237504074196744,2.9207205579818174,1.0749773761296804,-0.01638337248004973,0.003964378359586019
"Mobile, AL",2020,0.0391653476946201,0.05005709882683901,2.5583426731422674,0.7954146962028817,0.03273493796586945,0.01217276871739437
"Gainesville, FL",2018,0.018060247228399297,0.029193624028301196,2.577410439589091,0.8067870201096892,0.01615799032151695,0.008746355685131196
"Colorado Springs, CO",2010,-0.0024469818766642004,-0.0086565128624611,2.471702848538085,0.759619396208687,0.0102738053537905,0.0007201090450839699
"Cincinnati, OH-KY-IN",2020,0.012735364838704098,0.002670750579311404,2.0854941373534337,0.7105316907077275,-0.014651410281658152,0.018030248716755775
"Indianapolis-Carmel-Anderson, IN",2005,,-0.0118473174675136,2.1788979013776233,0.7335974218029707,-0.0252263629809022,
"Columbus, OH",2019,0.013734585711097702,0.0173800344310846,2.3146022646941633,0.7630554761072447,0.00010962318629025025,0.02062980982836832
"Pittsburgh, PA",2015,0.0142459242438335,-0.004987719948805801,2.000623192824571,0.6797815999307822,-0.0102344863116741,0.0309075952837949
"Las Vegas-Henderson-Paradise, NV",2019,0.0356849423733711,0.036427777140602094,2.6418551342276464,0.8220729771544536,0.019157365895807743,0.017593568792830784
"Seattle-Tacoma-Bellevue, WA",2018,0.012016235665336602,0.023549310037231395,2.3200565361839702,0.8043418631463751,0.010513676330447148,0.033624593845266025
"Chattanooga, TN-GA",2018,0.016248061136261,0.009310620942449596,2.262411761274138,0.7219820063019832,-0.003725012764334651,0.023915958873491284
"Los Angeles-Long Beach-Anaheim, CA",2020,-0.02201938082350826,-0.010549231806323993,2.7730885594687145,1.0228448077620111,-0.02787139266729355,0.011356125275992519
"Augusta-Richmond County, GA-SC",2005,,0.03723174960624889,2.489753077634669,0.7408226893291763,0.023852704092860295,
"Charlotte-Concord-Gastonia, NC-SC",2008,-0.0139181266234827,-0.092724689006382,2.371914560438463,0.752491898557392,-0.03320772387087346,0.027167032222400543
"Harrisburg-Carlisle, PA",2020,0.0204670279018726,0.009168744644596105,2.055727745329267,0.6801029474845273,-0.00815341621637345,0.004816923232391282
"Charlotte-Concord-Gastonia, NC-SC",2014,0.0158307984161243,0.0357469289397259,2.518584292146073,0.7827244513454741,0.009227734059095397,0.03960204547388617
"Boise City, ID",2022,-0.0398780361089392,-0.0617933729890842,2.4654388171272084,0.7465583759235795,-0.04631612543016665,0.07049616154374645
"Grand Rapids-Wyoming, MI",2005,,-0.0077037878959207995,2.2407011005061825,0.7642049480586964,-0.021082833409309398,
"New Haven-Milford, CT",2023,-0.001998835266019801,-0.005877524895203601,2.161693627754733,0.7566562045471944,0.0023962343111633994,0.018607601628165143
"Greensboro-High Point, NC",2009,-0.0558214212800798,-0.008881079297088382,2.310303526043645,0.7136299923599372,-0.0015140443574637105,0.008941761915869683
"Denver-Aurora-Lakewood, CO",2011,-0.0037636774689130993,0.0214599770676613,2.3785592438417305,0.8034251452737778,0.022723943926394,-2.5736183529871987e-05
"Eugene, OR",2014,0.0113577585357294,0.0533065727745552,2.3948356408731843,0.773097446078082,0.0267873778939247,0.01678519138255595
"Rochester, NY",2010,0.0018504999731254988,-0.02548438535110879,2.1249501518451486,0.7294071502091466,-0.006554067134857188,0.004070807376796398
"Fayetteville, NC",2018,0.040745905415073405,0.027117687383031802,2.3670516501596928,0.6875817054713966,0.014082053676247555,0.0
"Rochester, NY",2021,-0.0005421334891776985,-0.007560734850494397,1.9406409617121063,0.6775141386481476,0.010353984311223002,0.01473804998744935
"Raleigh, NC",2006,0.008217460227129002,-0.012524193102415999,2.36126095330204,0.761617400283981,0.0010574469342828005,0.012060413001790837
"Charleston-North Charleston, SC",2005,,0.03797431544673159,2.4813996045343454,0.7837503394235618,0.024595269933342993,
"Memphis, TN-MS-AR",2012,-0.0042571901160955005,-0.0031254669933882,2.702022682099848,0.8285628752175791,-0.009109579958021651,0.004647177087109851
"Huntsville, AL",2022,-0.037533988458244294,-0.0609109299484749,2.1884626390829363,0.6819016248990338,-0.04543368238955735,0.10410691209380023
"Tampa-St. Petersburg-Clearwater, FL",2010,-0.01038092121811986,-0.019180022096651102,2.3594128036053394,0.775560250852615,-0.00024970388039950026,0.00454514868080577
"Providence-Warwick, RI-MA",2024,0.0129344106637115,0.005647154493331901,2.1363969220057384,0.7394062779151173,0.024845621548593037,0.01401263696712789
"Philadelphia-Camden-Wilmington, PA-NJ-DE-MD",2008,0.0227879521740961,-0.030168627345511078,2.1784472994788824,0.74685768159892,0.02934833778999747,0.005139467249490439
"Detroit-Warren-Dearborn, MI",2008,-0.000289417260662913,-0.0513543101991949,2.402527185332168,0.7904323942672734,0.00816265493631365,0.002534160775222819
"San Diego-Carlsbad, CA",2021,0.042514496108963004,-0.010441364002553896,2.6545875096376252,0.9166233882051766,0.007473355159163503,0.018545313048964313
"Baton Rouge, LA",2024,-0.02763673796000081,-0.0158374384361506,2.2489982548673604,0.7085023848939314,0.0033610286191105357,0.03235605793006005
"Baltimore-Columbia-Towson, MD",2016,-0.012135401848174571,-0.0048817179613895,2.4129536237190905,0.7913585548342019,-0.006732786074280701,0.01440466946906209
"Oklahoma City, OK",2007,-0.004817143032249498,0.030289092410950697,2.3740256713745165,0.778922015441172,0.022412804653868117,0.004003604531410916
"Louisville/Jefferson County, KY-IN",2009,-0.06054328075008959,-0.005193849823944571,2.276635264248012,0.7312934732920268,0.0021731851156801003,0.013541001618387255
"Lubbock, TX",2021,-0.020205340722129796,-0.014932067346898996,2.1031361316147037,0.6727416891812522,0.002982651814818403,0.03371598639455782
"Riverside-San Bernardino-Ontario, CA",2012,0.0016697933148860991,0.0129286361575756,3.3959087727362953,1.0150708793511465,0.006944523192942149,0.0032127627812790042
"San Diego-Carlsbad, CA",2012,0.007471856586289398,0.0176524048388634,2.8398395101169345,0.9407677163413344,0.011668291874229948,0.0069299631384939445
"Houston-The Woodlands-Sugar Land, TX",2006,9.721027028269935e-05,-0.0031790770086612963,2.6425032744691817,0.9255400194983695,0.010402563028037503,0.01311231221006937
"Knoxville, TN",2015,0.022561476269866904,0.013966395039640398,2.381220988307186,0.7623585435528646,0.008719628676772099,0.014874307750297196
"Los Angeles-Long Beach-Anaheim, CA",2022,-0.031943832737533595,-0.029699133498977542,2.6238089904069377,0.9522302392242937,-0.014221885940059993,0.009646517103234536
"Boise City, ID",2011,-0.0189633256852798,0.004188374541354199,2.6044323646247127,0.7873413561207463,0.0054523414000869005,0.0
"Allentown-Bethlehem-Easton, PA-NJ",2023,-0.009764843643095,0.008525801541673702,2.257309828915825,0.7269108304939187,0.016799560748040704,0.016307692307692308
"Colorado Springs, CO",2006,-0.0006278318046360025,-0.0071681215855445984,2.2705796466637467,0.7352743709279345,0.006413518451154201,0.007482727154217181
"Minneapolis-St. Paul-Bloomington, MN-WI",2011,-0.02273734836878109,-0.0040785391632199,2.2303615286101577,0.7912332355839298,-0.002814572304487199,0.005368814192343604
"Gainesville, FL",2021,0.038087145051434,5.4622786910998866e-05,2.308535363227361,0.7422988584553152,0.017969341948628398,0.019367308299147998
"San Jose-Sunnyvale-Santa Clara, CA",2014,0.0470827616441116,0.0588318264876862,2.8759322683753186,0.9590719198207968,0.0323126316070557,0.04326946165297988
"Nashville-Davidson--Murfreesboro--Franklin, TN",2009,-0.0542093931730328,0.0050814516995621,2.368449416672488,0.7706791150801705,0.012448486639186771,0.011559778305621536
"Corpus Christi, TX",2017,-0.004502606343585999,-0.001129643245681801,2.55862784322442,0.8217559322679205,-0.014595655724406301,0.048171730034564306
"Ann Arbor, MI",2016,0.0231253788662777,0.032104461688440306,2.145376813099318,0.7408578498762717,0.030253393575549105,0.015396969485371134
"Urban Honolulu, HI",2022,-0.06788293503145706,-0.00030595532098010025,2.581134169348574,0.8570028396529531,0.015171292237937449,0.012347772990942705
"Dallas-Fort Worth-Arlington, TX",2013,0.014617991977993001,0.0222159012842045,2.5775410876331253,0.8723346857164016,0.0099438512697816,0.018835134176929984
"Columbus, OH",2024,0.0011040975324984013,-0.026275114420726896,2.142387448005872,0.7242933880665692,-0.00707664736546576,0.03327503052646963
"Nashville-Davidson--Murfreesboro--Franklin, TN",2016,-0.0004973258035554998,-0.013612079665172819,2.4135720584577585,0.7714241663946501,-0.01546314777806402,0.05586413961343591
"Salt Lake City, UT",2010,-0.027136471852235798,-0.0163381946370177,2.71886525863809,0.8536023320390363,0.002592123579233902,0.03159722907497681
"Bridgeport-Stamford-Norwalk, CT",2024,0.006933511885273001,-0.02552702921342105,2.3293869096934547,0.8195396234554766,-0.006328562158159915,0.057713708946918914
"Santa Rosa, CA",2020,0.004503784581288299,-0.0018254587440947878,2.3669012079554235,0.8182610692675794,-0.019147619605064344,0.02984806257304684
"Eugene, OR",2012,-0.0010965495187521025,0.006729140290680899,2.352666511022913,0.7311056755524232,0.0007450273260474483,0.014571168371993357
"Charlotte-Concord-Gastonia, NC-SC",2017,-0.0012374490016289,0.024618568644777298,2.5274319655736712,0.7911336329642018,0.011152556166052797,0.05840854930499767
"Greenville-Anderson-Mauldin, SC",2012,0.008088874555778499,0.0141349596620235,2.3742680676987247,0.7348053345101987,0.008150846697390048,0.006829508398449517
"El Paso, TX",2010,-0.01058666806998134,-0.02075789487959671,3.004089050431622,0.9409771518993776,-0.001827576663345109,0.010747474747474747
"Corpus Christi, TX",2007,0.001707859387699101,0.0112571803225565,2.511934125850782,0.8342993711001743,0.0033808925654739194,0.017242104377812355
"Austin-Round Rock, TX",2008,0.00502454706713438,-0.0711069486136971,2.3580575304404676,0.8003003669302389,-0.01158998347818855,0.06819662586467416
"Eugene, OR",2023,-0.015284937829162602,-0.0033673479236487995,2.074657856049469,0.6957211179271894,0.004906411282718201,0.04871614491734084
"San Diego-Carlsbad, CA",2011,-0.0169007488623433,0.007471856586289398,2.8670192479348233,0.955556126516154,0.0087358234450221,0.009410534014849339
"Memphis, TN-MS-AR",2023,-0.02354159674086761,-0.03072837838119018,2.40576227939613,0.7308684242399774,-0.02245461917482318,0.012665850173504797
"Lincoln, NE",2016,0.004128970657072999,-0.0011722638719863995,2.2454942097537107,0.7474009229098806,-0.0030233319848776002,0.028282752403846152
"Charleston-North Charleston, SC",2021,0.062783592006638,0.013076971071632401,2.3064881135474797,0.7360308217617343,0.0309916902333498,0.07645542618433918
"Richmond, VA",2022,-0.0219975870374126,-0.016810822323348,2.2107508677843235,0.7031400198035546,-0.0013335747644304518,0.021659148350769427
"Fresno, CA",2022,-0.016263135922281298,0.00010774561724469917,2.952372883653468,0.9476712817522822,0.015584993176162248,0.02130219391365888
"Portland-Vancouver-Hillsboro, OR-WA",2008,0.017724891503005,-0.0721902853842316,2.299818685054566,0.7757667652802843,-0.012673320248723051,0.014995595163617328
"Denver-Aurora-Lakewood, CO",2013,0.026746326470437995,0.0349834657895432,2.4316980287321464,0.8097874940946503,0.0227114157751203,0.0182355312233725
"Syracuse, NY",2014,0.0058522339600191,0.0199166244660873,2.2015423928862,0.7366047979265473,-0.0066025704145432,0.007970667941973538
"North Port-Sarasota-Bradenton, FL",2008,-0.0123218127222371,-0.0707194886203346,2.4019373970345965,0.7813644197871739,-0.011202523484826053,0.0016960499888417763
"San Antonio-New Braunfels, TX",2024,-0.0543496835060244,-0.0549630709308386,2.3595399703433206,0.7806467582556043,-0.035764603875577464,0.06212050443717889
"Miami-Fort Lauderdale-West Palm Beach, FL",2009,-0.06702618738966559,-0.0021467393110919004,2.7157467375264317,0.9242277275352111,0.005220295628532771,0.0104277406040898
"Lubbock, TX",2008,0.00926191670134544,-0.0595382533069191,2.0852378934775566,0.6854553945223212,-2.128817141055367e-05,0.007028546712802768
"Washington-Arlington-Alexandria, DC-VA-MD-WV",2007,0.0026774742212925043,0.022250960890798598,2.3536616625987716,0.8013248910062765,0.014374673133716018,0.018403021212602982
"Pittsburgh, PA",2021,-0.013875889965818393,-0.015282214832632098,1.8420289705014443,0.6288373375372467,0.0026325043290853015,0.013479932945468889
"Chattanooga, TN-GA",2024,-0.0496374818511133,-0.014829507129192402,2.1981118709993175,0.7211100501111233,0.004368959926068734,0.08150904845300642
"Santa Rosa, CA",2014,0.0495800770509109,0.0655363879000206,2.5524692899231,0.8278088852720522,0.0390171930193901,0.018625531305219923
"Columbus, OH",2016,0.011918610413156502,0.010717894185226399,2.417244565416804,0.7881463677247095,0.008866826072335198,0.013326888958310003
"Jackson, MS",2024,0.022578233572113002,0.0088270920944214,2.1190061145676893,0.6602505180827596,0.028025559149682536,-0.004507628294036061
"Syracuse, NY",2016,0.0023315944565163,-0.0075238838308639994,2.185954769597007,0.7184468189743819,-0.0093749519437552,0.008686279482627441
"Syracuse, NY",2015,0.0199166244660873,0.0023315944565163,2.298763314363866,0.7513770921572045,-0.002915171906352,-0.0022457694132532024
"Grand Rapids-Wyoming, MI",2017,0.010173450458686801,0.0164548557260189,2.351654520693204,0.7741043532419178,0.002988843247294398,0.03383326703947215
"Louisville/Jefferson County, KY-IN",2014,0.0051736583623157,0.0209805692379732,2.322337486063309,0.7649808585126725,-0.005538625642657301,0.02520307670189059
"Louisville/Jefferson County, KY-IN",2021,-0.0032818237333754885,-0.0095717396858616,2.1183450268262485,0.7111012864029208,0.0083429794758558,0.026300038306837772
"Detroit-Warren-Dearborn, MI",2005,,-0.023381276770564792,2.2761062494885898,0.7629099054824059,-0.03676032228395339,
"Birmingham-Hoover, AL",2022,-0.0288652267578526,-0.02619637318366361,2.191760504564698,0.6814392650561415,-0.010719125624746062,0.010586671364735654
"Fayetteville-Springdale-Rogers, AR-MO",2019,-0.008400087139272702,0.0054361465118971004,2.436006178526909,0.7610579385606583,-0.01183426473289725,0.06784392447148861
"Memphis, TN-MS-AR",2021,0.029952288231327007,-0.020368554842798196,2.453378101972618,0.7478291849524704,-0.0024538356810807974,0.015517259419698445
"Atlanta-Sandy Springs-Roswell, GA",2024,-0.0444824698395853,-0.02967283994324505,2.367060156142855,0.7457251331207668,-0.010474372887983915,0.05057357399005409
"Oklahoma City, OK",2019,0.011970511743164096,0.019071623563036,2.4684749855321186,0.7811901525306253,0.0018012123182416483,0.008917239266488687
"Milwaukee-Waukesha-West Allis, WI",2018,0.0072831016042385,0.003789671802258497,2.185951307050784,0.7362613937474028,-0.00924596190452575,0.02527115074696222
"Portland-Vancouver-Hillsboro, OR-WA",2015,0.0695438018833656,0.0047201574636326,2.385464502695456,0.8039629049639172,-0.0005266088992356994,0.02601641070746583
"San Antonio-New Braunfels, TX",2021,0.040144488772823006,-0.0350506242636127,2.4346446663603527,0.8044752914406952,-0.017135905101895298,0.02164313222079589
"Charleston-North Charleston, SC",2013,0.005546315917435601,0.0291405863749847,2.5202729827378563,0.764400292220564,0.0168685363605618,0.04982022148712786
"Cincinnati, OH-KY-IN",2018,0.014918154851451901,0.0124824858394623,2.213120526975381,0.7378724256529967,-0.0005531478673219473,0.011620049245395865
"Salt Lake City, UT",2022,-0.019089826596109395,-0.0440807016793747,2.3282630062248018,0.752269953229134,-0.02860345412045715,0.055463545692098194
"Omaha-Council Bluffs, NE-IA",2018,0.0081471081831608,0.0094589992550373,2.2174636957245655,0.7458914800412009,-0.0035766344517469476,0.028760011865915158
"Pittsburgh, PA",2022,-0.015282214832632098,-0.022233727410819103,1.8419189308794368,0.6354687611084628,-0.006756479851901554,0.008280062659933642
"Providence-Warwick, RI-MA",2012,-0.01150242432986498,0.007711102598968499,2.2335495678698525,0.7386781984114708,0.001726989634335048,0.0038801943792612847
"Houston-The Woodlands-Sugar Land, TX",2010,-0.012015290123917461,-0.0155407375753098,2.699839451765492,0.9129124533811716,0.003389580640941801,0.007247343124010737
"Boston-Cambridge-Newton, MA-NH",2023,-0.007867624074604,-0.005428079796565101,2.079661619975849,0.7362648271315202,0.0028456794098018993,0.031196554476275246
"Tampa-St. Petersburg-Clearwater, FL",2021,0.11963873412318402,-0.0290159184757156,2.282928100240416,0.7536781984002427,-0.011101199313998202,0.031504120572061575
"Hartford-West Hartford-East Hartford, CT",2008,0.00799657761365056,-0.0622661232049999,2.125359055042538,0.7430458687451167,-0.0027491580694913517,0.006526806526806527
"San Antonio-New Braunfels, TX",2008,0.0137601376815128,-0.0485431204582987,2.593745518856651,0.8568851235852147,0.010973844677209847,0.021845766006560564
"Augusta-Richmond County, GA-SC",2009,-0.0652807473238049,-0.0024403713490295,2.563882795095488,0.7811687167742671,0.004926663590595171,0.057011030971574034
"Shreveport-Bossier City, LA",2006,0.035988143396493893,-0.014185406217273697,2.4764160776213306,0.794622171684311,-0.0006037661805748974,0.02967741935483871
"Raleigh, NC",2012,0.0120718897503138,0.007782151335540799,2.5074597787833084,0.783085969546973,0.0017980383709073483,0.00851344263177007
"Mobile, AL",2008,-0.0141484324516368,-0.057972299590283397,2.2984912710689676,0.7059026770895674,0.0015446655452251504,0.018113250671390205
"Chattanooga, TN-GA",2014,0.0145073089438543,0.020062905440237,2.3765306269968627,0.7565571167555676,-0.006456289440393503,0.04271793521200948
"San Antonio-New Braunfels, TX",2017,-0.01191466091956568,0.010614267364994,2.726008216047031,0.9139409573800974,-0.0028517451137305,0.040085742384180056
"North Port-Sarasota-Bradenton, FL",2010,-0.0006714731301594012,-0.017527576452510803,2.652479394676395,0.8508065564676207,0.0014027417637407988,0.0
"Palm Bay-Melbourne-Titusville, FL",2022,-0.009343662512628595,-0.0537675647292395,2.3914382055417094,0.7457974975488577,-0.03829031717032195,0.04859835476399649
"New Haven-Milford, CT",2015,0.012541138270999902,0.0002221432370768002,2.328711393562986,0.8086935440724062,-0.005024623125791499,0.018778342514532673
"Greensboro-High Point, NC",2012,-0.0070530474934459,0.0059093156546984,2.306856210163495,0.7255805682786154,-7.479730993505129e-05,0.03334760597435962
"Riverside-San Bernardino-Ontario, CA",2015,0.0534387274478931,0.038309222538553206,3.2469384697374584,0.9627704683131145,0.03306245617568491,0.008670465276941507
"Tampa-St. Petersburg-Clearwater, FL",2016,0.012667118091665302,0.013443264413516998,2.4938217223927577,0.8262185829481616,0.011592196300625798,0.01883675381078089
"Shreveport-Bossier City, LA",2018,0.0028491642334614008,-0.0041470982941628,2.4202459791863764,0.748620953700136,-0.017182732000947047,0.0
"Indianapolis-Carmel-Anderson, IN",2016,0.0079780653906689,0.0081349920964651,2.3457912887980585,0.7655784936452109,0.0062839239835739,0.017057628052771175
"Corpus Christi, TX",2013,0.0341418062985573,0.0238259773391352,2.6113404939976785,0.8527135502382244,0.0115539273247123,0.009382141854777275
"Omaha-Council Bluffs, NE-IA",2011,-0.0206493008047514,-0.00794607967172861,2.2134944780162535,0.74694823532059,-0.006682112812995909,0.008523911991859747
"Milwaukee-Waukesha-West Allis, WI",2013,0.000959731051388699,0.0093657973843679,2.2573296789986905,0.7622765665573158,-0.0029062526300549993,0.003482398745471259
"Salt Lake City, UT",2024,-0.0402121481500392,-0.0506221652346849,2.2242549016066797,0.7324151656250062,-0.03142369817942377,0.05589143720838536
"Syracuse, NY",2019,0.0007674499538898004,0.0205441302351799,2.122612224017858,0.7175512514149164,0.0032737189903855497,0.0008531903223840576
"Akron, OH",2011,-0.020224256357567798,-0.007404311634945902,2.3227985027643916,0.730331942889843,-0.0061403447762132,-0.004356778371281072
"New York-Newark-Jersey City, NY-NJ-PA",2019,-0.0021976874085903007,-0.0336361714906845,2.4388370080142976,0.8938882657792059,-0.05090658273547885,0.01495384197664947
"Ann Arbor, MI",2009,-0.052031681596809404,-0.00819367150174856,2.0974072427060575,0.7254197845406946,-0.0008266365621238895,0.0008134969759134157
"Stockton-Lodi, CA",2017,0.0337386198825054,0.0191973138609085,3.1893795746936613,0.9643967954033335,0.005731301382184001,-0.0012623772140912856
"Spokane-Spokane Valley, WA",2023,-0.02445740255006742,-0.029286548776162147,2.193943149252575,0.7184781230183893,-0.021012789569795146,0.03848976389908141
"Syracuse, NY",2018,0.004164407775655701,0.0007674499538898004,2.266594711279007,0.7496553636056372,-0.012268183752894447,0.0062858369361910894
"Bakersfield, CA",2006,0.030522311788913698,0.002711519649330099,3.126618831906006,0.9705258476170926,0.0162931596860289,0.027066812289282493
"Mobile, AL",2013,-0.003382133907016799,0.015627598731504398,2.510407048322561,0.7685661786357908,0.003355548717081498,0.003384263176230528
"Toledo, OH",2016,-0.0021829358445778005,0.0063949909544401,2.1827094385444554,0.7024761355628163,0.004543922841548899,0.0
"Allentown-Bethlehem-Easton, PA-NJ",2013,-0.006440604692634581,0.013639973818050398,2.3185490944739695,0.7473630288495122,0.001367923803627498,0.0074270192208506685
"Cincinnati, OH-KY-IN",2007,-0.023584170216616598,0.0147991211457539,2.1932883142551263,0.7381618223795257,0.006922833388671321,-0.0008355545157543804
"Augusta-Richmond County, GA-SC",2008,-0.0134474175678205,-0.0652807473238049,2.460070609002648,0.7591983264874759,-0.005763782188296353,0.015291837174240793
"Detroit-Warren-Dearborn, MI",2007,-0.04754709447353745,-0.000289417260662913,2.3505037944379237,0.7808532587125757,-0.008165705017745493,0.003414497890620485
"Winston-Salem, NC",2009,-0.058226558103734,-0.005977844617836481,2.3958001389059116,0.7489208449337181,0.00138919032178819,0.009952949692363372
"Palm Bay-Melbourne-Titusville, FL",2024,-0.02302058721108484,-0.03572174816757441,2.3569151407378928,0.7338291334969375,-0.016523281112313274,0.08314485729671513
"Omaha-Council Bluffs, NE-IA",2005,,-0.0060857602088480005,2.1339433689481293,0.7097981145630214,-0.0194648057222366,
"Winston-Salem, NC",2006,0.0382869120062561,-0.0161492134872046,2.3790937192837505,0.754451903182964,-0.0025675734505057994,0.0
"Boise City, ID",2015,0.013135968411471402,0.022795251090608596,2.5042939656482748,0.7542057358225694,0.017548484727740295,0.08070477444180041
"Riverside-San Bernardino-Ontario, CA",2008,-0.0268866966174555,-0.0735600783522663,3.2345351618222122,0.9913911740863681,-0.014043113216757754,0.011714760598353927
"St. Louis, MO-IL",2013,0.0020935827583703995,0.00019630451379871062,2.242442392963582,0.7422115292079684,-0.01207574550062419,0.007554790332442957
"Little Rock-North Little Rock-Conway, AR",2016,-0.002710235785163901,-0.0091409112774916,2.3812428407789232,0.7656696490231887,-0.010991979390382801,0.03490302289009261
"Los Angeles-Long Beach-Anaheim, CA",2024,-0.01916455878092098,-0.02608166015373543,2.5975366434212406,0.9469431628541654,-0.006883193098474294,0.009015282637779235
"Providence-Warwick, RI-MA",2021,0.009455212017967202,-0.010964819443552001,2.095252065525936,0.7093866232129362,0.006949899718165398,0.009365158296038454
"Minneapolis-St. Paul-Bloomington, MN-WI",2019,0.0072847950396299,-0.015237395073086381,2.1975353517233893,0.7822910846248535,-0.032507806317880736,0.025175963438956114
"Nashville-Davidson--Murfreesboro--Franklin, TN",2015,0.040212881455328,-0.0004973258035554998,2.4956009034037536,0.7912288461562834,-0.005744092166423799,0.04807701763184549
"Eugene, OR",2006,0.0372323568285675,0.006867870738807701,2.152133859748073,0.7267094546124009,0.0204495107755065,0.017817495559502666
"New York-Newark-Jersey City, NY-NJ-PA",2009,-0.11358787184911351,0.018606058523483297,2.5372381370007013,0.9336206863594156,0.025973093463107968,0.007840717704147142
"Lubbock, TX",2005,,0.015833711934206,2.322854079928199,0.7530267517982704,0.002454666420817403,
"Las Vegas-Henderson-Paradise, NV",2011,-0.02617357756050158,-0.01126741439138651,2.7961586659553084,0.863974820126647,-0.010003447532653809,-0.00031862665409500274
"Shreveport-Bossier City, LA",2010,-0.007274773701601031,-0.018658975055831,2.522078804347826,0.8041937213319831,0.0002713431604206007,0.020323536113009796
"Pittsburgh, PA",2008,0.00948724647298336,-0.0428542603771625,1.9685563772378152,0.6618365081745913,0.016662704758346046,0.0017634462778687492
"Ann Arbor, MI",2017,0.032104461688440306,0.007647593320265801,2.26430814705339,0.7327932560086093,-0.005818419158458699,0.0004813808754255063
"Indianapolis-Carmel-Anderson, IN",2023,-0.006619029701139499,-0.005148422253859499,2.0985269283909953,0.7093686054122906,0.003125336952507501,0.03548318988536582
"Winston-Salem, NC",2010,-0.005977844617836481,-0.019510864196734902,2.386433882961526,0.7638220283208259,-0.0005805459804833005,0.0002866869736606343
"Raleigh, NC",2005,,0.008217460227129002,2.2845100900810227,0.7254613155483582,-0.005161585286259596,
"Tucson, AZ",2013,0.007138616749707201,0.0009949247974023806,2.398708848562711,0.7873685852967347,-0.011277125217020519,0.012358840717049673
"San Antonio-New Braunfels, TX",2005,,0.0033395427585811988,2.6433230854982974,0.892038607814438,-0.0100395027548074,
"Hartford-West Hartford-East Hartford, CT",2009,-0.0622661232049999,-0.01535520042157203,2.2139877531249774,0.7672213370211145,-0.007988165481947359,0.004820475871888563
"New Haven-Milford, CT",2008,0.00782822150051475,-0.0562492261673746,2.2566403196386693,0.783518803341476,0.003267738968133947,0.0
"Louisville/Jefferson County, KY-IN",2022,-0.0095717396858616,0.005632466613862998,2.0212469373092534,0.6884497049835916,0.02110971417278055,0.027958895641118357
"Columbus, OH",2017,0.010717894185226399,0.006410837919369701,2.3686303719445942,0.7735316204144346,-0.0070551745593547995,0.031986179457648416
"Louisville/Jefferson County, KY-IN",2016,0.007611394379816998,-0.0036738913023061995,2.3060087285561166,0.7608777630368053,-0.0055249594151974,0.02105908812103864
"Miami-Fort Lauderdale-West Palm Beach, FL",2005,,0.04560911164891429,2.5267172670527738,0.8947104096177194,0.03223006613552569,
"Boston-Cambridge-Newton, MA-NH",2012,-0.0006442378092289015,0.0084840779841576,2.2352182348519727,0.767759315743231,0.0024999650195241495,0.01436794985182082
"Reno, NV",2019,0.009734164097642897,0.0419169923953857,2.22529992942837,0.7447260765045759,0.024646581150591346,0.0426225913439136
"Riverside-San Bernardino-Ontario, CA",2021,0.065547265669777,-0.028997236144868897,3.04952226078493,0.9280193121891435,-0.011082516983151498,0.0055922998333064475
"Albany-Schenectady-Troy, NY",2011,-0.02124595168085623,-0.00949968591367006,2.1246337020512684,0.7227440908111215,-0.00823571905493736,0.003082842705484215
"Chattanooga, TN-GA",2008,-0.0156648612277222,-0.058699437140995,2.245754868107223,0.7385158390110276,0.0008175279945135464,0.02238190599599482
"Rochester, NY",2017,0.0090002708620243,0.006673165411606799,2.11097072501949,0.7149093458241723,-0.0067928470671177014,0.014451359070875972
"Boston-Cambridge-Newton, MA-NH",2018,0.014782628790393802,0.015018842288589497,2.241737510382964,0.7937153175372148,0.00198320858180525,0.03774054521398536
"Kansas City, MO-KS",2008,0.017280136544852297,-0.0457620590026913,2.152641168939556,0.7091752126171049,0.013754906132817248,0.014966612940363803
"Buffalo-Cheektowaga-Niagara Falls, NY",2005,,0.0054021763921946984,1.9505620906513734,0.614018639822259,-0.0079768691211939,
"Fresno, CA",2021,0.03327661063380401,-0.016263135922281298,3.0344229694057367,0.9958356558900037,0.001651583239436101,0.008097599258017337
"Washington-Arlington-Alexandria, DC-VA-MD-WV",2019,0.008554558375215501,-0.043517710760966305,2.4843531467458106,0.8606437781020159,-0.060788122005760656,0.02638910526305141
"Akron, OH",2010,-0.012297787269153,-0.020224256357567798,2.2329179397393206,0.7259982438646883,-0.0012939381413161963,0.0063061169334254225
"Fayetteville-Springdale-Rogers, AR-MO",2020,0.0054361465118971004,-0.007572166064308189,2.4137175028081903,0.7841475156849728,-0.024894326925277745,0.04267880746071376
"Sacramento--Roseville--Arden-Arcade, CA",2022,-0.0487875120985789,-0.02877762217485499,2.541178407749938,0.8180982877875529,-0.013300374615937442,0.021200258503502427
"Austin-Round Rock, TX",2022,-0.0371935639801903,-0.07911198681631279,2.0162679402719696,0.7038811206503955,-0.06363473925739524,0.05961061776526364
"Indianapolis-Carmel-Anderson, IN",2021,0.027434580585434007,0.012714284258754704,2.1632386549134837,0.7265097409879041,0.030629003420472103,0.01580769649222735
"Boise City, ID",2024,-0.0149877921692853,-0.01923844500809908,2.3498886507836465,0.7176127906379921,-3.997795283794403e-05,0.08294696081927956
"Greenville-Anderson-Mauldin, SC",2019,0.010753947415685701,0.0171607880585041,2.3699450090427536,0.7543951419654233,-0.00010962318629025025,0.047302023783679474
"Oklahoma City, OK",2018,0.0117373567083035,0.011970511743164096,2.5261831308834672,0.8037462837300243,-0.0010651219636201512,0.011140736151522862
"Portland-Vancouver-Hillsboro, OR-WA",2019,0.008938006230926498,0.0015069766633357996,2.302541154337163,0.7966498078391223,-0.01576343458145855,0.035736808913180575
"Minneapolis-St. Paul-Bloomington, MN-WI",2018,0.0082410041251335,0.0072847950396299,2.214932445442122,0.7924258054543744,-0.005750838667154347,0.027839444038442976
"Greenville-Anderson-Mauldin, SC",2008,-0.017991832147688902,-0.0568115717764435,2.3016080596725756,0.7109748580115027,0.002705393359065049,0.04129997692738719
"Philadelphia-Camden-Wilmington, PA-NJ-DE-MD",2022,-0.026829854798643096,-0.011734503344084702,2.0628422740612993,0.7164645936457549,0.003742744214832847,0.018605221013573234
"New York-Newark-Jersey City, NY-NJ-PA",2015,0.022098309064414,-0.004932675990678301,2.5824703270783926,0.9454521351569156,-0.0101794423535466,0.011172777100413202
"Buffalo-Cheektowaga-Niagara Falls, NY",2017,0.0015583068615608008,0.0044888880112324,2.0142212066146845,0.6462964696338591,-0.0089771244674921,0.024843972143907083
"Springfield, MO",2019,0.004602351331448599,0.018401905774339696,2.0253401116062677,0.6639718262791923,0.0011314945295453453,0.014224266428175971
"Memphis, TN-MS-AR",2013,-0.0031254669933882,0.006186304024146601,2.713163607439363,0.8329893515448654,-0.006085745990276299,0.005708286857817728
"Bridgeport-Stamford-Norwalk, CT",2022,-0.0203681785884781,-0.013622342631604202,2.2911783534633603,0.7969117860991779,0.0018549049273133469,0.03017753113006985
"Jacksonville, FL",2010,-0.01274280101856619,-0.017023021271842,2.4634599454244226,0.767119987860855,0.001907296944409602,0.0028427160269473904
"Providence-Warwick, RI-MA",2013,0.007711102598968499,0.0080615387919412,2.2502245264532985,0.7464405558609968,-0.0042105112224817,0.002245495205315566
"Jackson, MS",2020,0.024027939765914903,0.015229814311935402,2.348012167981353,0.7347619145735891,-0.0020923465490341533,0.03542848828750182
"Dallas-Fort Worth-Arlington, TX",2021,0.06009472217269102,-0.0202926930311604,2.3573579839330914,0.8209158069422383,-0.002377973869443002,0.034845360824742266
"Gainesville, FL",2023,-0.0124825826142092,-0.02102356199322391,1.9554092473440072,0.6557566253724322,-0.012749802786856909,0.006538432296814415
"Santa Rosa, CA",2018,-0.0098251990965452,-0.008100093236827902,2.6111519726890466,0.8721349012482444,-0.021135726943612147,0.004419279105095981
"Raleigh, NC",2009,-0.06260431995945549,0.0152520101670694,2.5641488693467336,0.8129294035646719,0.02261904510669407,0.045052940077865734
"Knoxville, TN",2009,-0.0616238906081257,-0.006575262438081501,2.206714907538329,0.7100816595990175,0.0007917725015431703,0.02072787851605049
"Washington-Arlington-Alexandria, DC-VA-MD-WV",2012,0.0015824240815162996,-0.0023193607389297,2.557588899432476,0.8500656200760507,-0.008303473703563151,0.016110829027887737
"Ann Arbor, MI",2007,-0.0176058224829998,0.0124775155751395,2.2118605703938434,0.7359806045303915,0.00460122781805692,0.0008139864099660249
"El Paso, TX",2015,-0.0119391212406199,-0.014072032194055561,2.8270117711846905,0.8918796497955486,-0.01931879855692386,0.01095274536062751
"Tucson, AZ",2006,0.014558694076654399,-0.0100690628829565,2.3598549488054608,0.8192162756638455,0.0035125771537422995,0.002447665927408449
"Kansas City, MO-KS",2011,-0.0203148647308521,-0.002396782003688801,2.2769298042968877,0.7590340072252805,-0.0011328151449560998,0.0032478777197127704
"New Haven-Milford, CT",2006,0.0072459454954833975,-0.011113468507226897,2.1954302067946823,0.7541974032234534,0.002468171529471902,0.0
"Fayetteville-Springdale-Rogers, AR-MO",2012,0.0030721099298716,-0.0024260893746581007,2.4566691081363277,0.7982520102894411,-0.008410202339291552,0.0011840888066604995
"Palm Bay-Melbourne-Titusville, FL",2016,0.034645511288724895,0.030687651831548698,2.548102776231008,0.7681177491834963,0.028836583718657497,0.014304555138480267
"Phoenix-Mesa-Scottsdale, AZ",2021,0.086873643657639,-0.05755957377064061,2.466129626445956,0.8008972467912553,-0.03964485460892321,0.03568721069546061
"Bridgeport-Stamford-Norwalk, CT",2023,-0.013622342631604202,0.006933511885273001,2.3290664486047445,0.7988462814285829,0.01520727109164,0.035564965694682676
"Tucson, AZ",2020,0.045895807325109506,0.082709245941116,2.257542335041619,0.7942616378036943,0.06538708508014646,0.0020073519264305517
"Riverside-San Bernardino-Ontario, CA",2010,-0.02047053518103838,-0.0150612265899949,3.3892347795863986,1.0124550516883952,0.003869091626256701,0.003111655035933757
"Birmingham-Hoover, AL",2005,,0.0362239281953545,2.257347155222553,0.7158336701122084,0.0228448826819659,
"Greenville-Anderson-Mauldin, SC",2018,0.0206768985846195,0.010753947415685701,2.4071324498716438,0.7534802910196546,-0.002281686291098546,0.0301923363649918
"Worcester, MA-CT",2011,-0.0185635489508681,-0.005009694099772002,2.2349396485306525,0.7255568127679848,-0.0037457272410393004,0.003982080637132902
"Salt Lake City, UT",2011,-0.0163381946370177,0.005943198613476797,2.660277610955567,0.8292731803140367,0.007207165472209499,0.0032714750334800076
"Charleston-North Charleston, SC",2008,-0.022851618628354102,-0.05949567696409799,2.544963113711524,0.7718018546234435,2.128817141055367e-05,0.0673713326089104
"St. Louis, MO-IL",2019,0.017970278033351897,0.0085071827016916,2.057886360416962,0.6929804706498559,-0.008763228543102752,0.013322948572969168
"Virginia Beach-Norfolk-Newport News, VA-NC",2006,0.0174111488581867,-0.009450443038639102,2.391842670045682,0.7551613317527639,0.0041311969980596976,0.02662207938851733
"Fayetteville-Springdale-Rogers, AR-MO",2011,-0.018040169878321202,0.0030721099298716,2.5119500731951616,0.7962262860715472,0.004336076788604301,0.003937739143355994
"Birmingham-Hoover, AL",2016,-0.0002660169409884998,-0.0016989025735444988,2.3499274354477837,0.7176815234278512,-0.0035499706864356995,0.02715488531757553
"Urban Honolulu, HI",2014,0.0373400136518345,0.008108979726340301,2.8623888236874477,0.9055856774747691,-0.0184102151542902,0.00043060140663126167
"Jackson, MS",2017,-0.0133496613689847,0.010025537387386301,2.633698673239289,0.7885413272936383,-0.0034404750913381993,0.004494135700975556
"Huntsville, AL",2008,-0.0150793424503517,-0.0631753063793716,2.3431750106974754,0.7279656135064475,-0.003658341243863057,0.05148102583514716
"Baltimore-Columbia-Towson, MD",2015,0.014913621062542902,-0.012135401848174571,2.459549858534251,0.8131201815672535,-0.01738216821104287,0.015409627482858557
"Milwaukee-Waukesha-West Allis, WI",2006,-0.010270917105558401,-0.026518198611136898,2.0958720727659497,0.7215573871402551,-0.012936558574438099,0.0023391023694657176
"New Haven-Milford, CT",2011,-0.0159958572223954,-0.010505672619092462,2.307077462119617,0.7791162031321998,-0.00924170576035976,0.003053858967240422
"Harrisburg-Carlisle, PA",2008,0.00551119710564494,-0.054128057047301295,2.1374800082342325,0.7037270675084588,0.005388908088207252,0.03128962329747638
"Toledo, OH",2011,-0.0244426819592886,-0.006089047603654901,2.3378538772639352,0.740240940377348,-0.004825080744922199,0.012789880534082924
"Seattle-Tacoma-Bellevue, WA",2008,0.026720554877667398,-0.111667805075222,2.1822170088453476,0.7500349364994187,-0.05215083993971346,0.01373880159912575
"Lansing-East Lansing, MI",2020,0.0247933416359272,0.0008841088027496113,1.9242609728873366,0.6633216661701916,-0.016438052058219944,0.023670427074939566
"Augusta-Richmond County, GA-SC",2011,-0.018015152691321798,-0.00011706080322270232,2.6501288254885944,0.7856201418611475,0.001146906055509999,0.003103601162618848
"Fayetteville, NC",2021,0.051257201096489,0.0234533350643234,2.327577319587629,0.7007361570468367,0.0413680542260408,-0.0033478832054922238
"Buffalo-Cheektowaga-Niagara Falls, NY",2014,0.0009296185958252,0.0165366443639059,2.131227001649537,0.6756437666812151,-0.0099825505167246,0.009216589861751152
"Salt Lake City, UT",2006,0.020295343113061897,0.049131594648662597,2.659117287242385,0.8528712426345072,0.0627132346853614,0.011360505288145651
"Palm Bay-Melbourne-Titusville, FL",2023,-0.0537675647292395,-0.02302058721108484,2.432073050838985,0.7457273800217654,-0.014746828004717839,0.060779161430366734
"Fresno, CA",2013,0.0014554442555341999,0.0077269844400749,3.2793943289765015,1.0047705747448399,-0.004545065574348,0.0033249897261553407
"Fort Wayne, IN",2010,-0.014077402566135228,-0.0246499687530272,2.425960316684586,0.7834225020911257,-0.005719650536775599,0.004251368256450352
"Minneapolis-St. Paul-Bloomington, MN-WI",2022,-0.038049063858715995,-0.02517025174983931,1.9995221236091614,0.7339080513080414,-0.009693004190921761,0.043956749640784415
"San Francisco-Oakland-Hayward, CA",2019,-0.0079947969752192,-0.1030956843204651,2.5299537889755506,0.9198617090516084,-0.12036609556525946,0.011748259728403515
"Oklahoma City, OK",2024,-0.007314460632932701,-0.019525157319307332,2.217478707823767,0.7113468852772982,-0.00032669026404619564,0.03072729525461529
"Oxnard-Thousand Oaks-Ventura, CA",2011,-0.012522907844202999,0.014584097005081197,3.0949731053483185,0.9621549421193233,0.015848063863813898,0.00018841854038437382
"Albuquerque, NM",2010,-0.007779573354445701,-0.014849457806366002,2.3636105793093667,0.7677814630550949,0.0040808604098856,0.0039839815044174715
"San Diego-Carlsbad, CA",2013,0.0176524048388634,0.0275453760909901,2.8724170212266964,0.9560709344147442,0.0152733260765672,0.006041335453100159
"Indianapolis-Carmel-Anderson, IN",2022,0.012714284258754704,-0.006619029701139499,2.105478057444873,0.7133269731772649,0.00885821785777805,0.014559956654045098
"Chattanooga, TN-GA",2019,0.009310620942449596,0.027912922083600997,2.308307311295359,0.7422003141945842,0.010642510838806647,0.03374808993669504
"Harrisburg-Carlisle, PA",2007,-0.009467340955432897,0.00551119710564494,2.0682018351562124,0.6830275690283412,-0.00236509065143764,0.004643326758711374
"Houston-The Woodlands-Sugar Land, TX",2011,-0.0155407375753098,0.0093748317282915,2.7019479437109175,0.9127192161135067,0.010638798587024201,0.0005295665037674052
"Tampa-St. Petersburg-Clearwater, FL",2024,-0.0163730674438004,-0.0535269473063946,2.2226279445480843,0.7525390112608159,-0.03432848025113347,0.05788148547792465
"Charlotte-Concord-Gastonia, NC-SC",2006,-0.00045867009747310034,-0.013014258766468997,2.3364473250576734,0.7534294325442202,0.0005673812702298026,0.020844106392380667
"Bridgeport-Stamford-Norwalk, CT",2006,-0.004318823355320002,-0.0193351208659973,2.2810634604800812,0.7805475175558364,-0.0057534808292985,0.00027440864936062784
"Indianapolis-Carmel-Anderson, IN",2019,0.019641737559175497,0.0259329749934521,2.2257341298402187,0.7344273780332132,0.008662563748657749,0.004576823854484502
"St. Louis, MO-IL",2024,-0.0007710310645227016,0.0003021824789046987,1.9367806817120095,0.6550214201040652,0.019500649534165835,0.018705026303943238
"Little Rock-North Little Rock-Conway, AR",2014,0.002929750240133761,0.014673125634099999,2.4405673671956376,0.7644121899108274,-0.011846069246530503,0.015905684436589785
"Palm Bay-Melbourne-Titusville, FL",2021,0.08230473901934801,-0.009343662512628595,2.300597100762868,0.7256057873902327,0.008571056649088804,0.04042544351655657
"Ann Arbor, MI",2014,0.0228855948585138,0.0174109942113419,2.2459855077740962,0.7643071775967287,-0.0091082006692886,0.009418873289497068
"Cincinnati, OH-KY-IN",2022,0.0005033340033607087,0.002068101405714,2.055727723096397,0.6984402979264527,0.01754534896463155,0.017120483542004735
"Corpus Christi, TX",2006,0.012199396950122798,0.001707859387699101,2.5568533924245553,0.8753640519220013,0.0152894994243979,0.03288159152115368
"Lansing-East Lansing, MI",2014,0.0051544684606657,0.019464445004369703,2.306866719475638,0.7560038277901638,-0.007054749876260799,0.0077010032499646745
"Memphis, TN-MS-AR",2011,-0.02665369390548992,-0.0042571901160955005,2.6152092158727416,0.817981318330311,-0.002993223257362799,-0.003928563612089909
"Virginia Beach-Norfolk-Newport News, VA-NC",2015,0.013591949531938602,0.0002809674335346006,2.4857661949653793,0.7713046561126277,-0.004965798929333699,0.00840817169186303
"Wichita, KS",2010,-0.01464837175658375,-0.0206096571967177,2.263954201594766,0.7677249973422327,-0.0016793389804660996,0.0038882635833418604
"Gainesville, FL",2013,0.0107198985011015,0.005964134230004301,2.298407871954052,0.7362852929637296,-0.006307915784418599,0.0006957518212327086
"Phoenix-Mesa-Scottsdale, AZ",2008,-0.0355999923007202,-0.0955776653285561,2.938946063823149,0.9238459061898874,-0.03606070019304756,0.032388770193785374
"Pittsburgh, PA",2017,-0.0110237614699788,0.016607015208259603,1.9014030405951803,0.6499536410492672,0.003141002729535103,0.023365409622886867
"Washington-Arlington-Alexandria, DC-VA-MD-WV",2023,-0.003154187485959102,-0.0006665254957800015,2.211506948736413,0.7875538274589401,0.007607233710586999,0.024043099942185675
"Urban Honolulu, HI",2010,0.023617140219039903,-0.0179879636600785,2.710202879340182,0.8539560482907282,0.0009423545561731,0.00017975912277548085
"Fresno, CA",2011,-0.02455072469116974,-0.008768113404858112,3.3428940330166927,1.041366002212188,-0.00750414654612541,0.005904991887710825
"Minneapolis-St. Paul-Bloomington, MN-WI",2014,0.0059377982902393,0.025338449219371804,2.265895853771242,0.7929212003400092,-0.0011807456612586975,0.01697313285679073
"Memphis, TN-MS-AR",2005,,-0.02083774867195177,2.4653121990701083,0.7941642734935379,-0.03421679418534037,
"San Francisco-Oakland-Hayward, CA",2016,-0.02135459241963172,-0.004881606202680602,2.5639132840272434,0.9265362534063766,-0.006732674315571802,0.020756460350148262
"Knoxville, TN",2016,0.013966395039640398,0.013974934119623198,2.37146323425542,0.7502990532827506,0.012123866006731997,0.015141991886177932
"Bakersfield, CA",2018,0.021385340765968302,0.017569537380075502,3.174079947314148,0.965567781017203,0.004533903673291255,0.0
"San Jose-Sunnyvale-Santa Clara, CA",2019,0.0027767188039779997,-0.0954720863409195,2.786498239081961,0.9789633725960101,-0.11274249758571385,0.0201159151981542
"Chicago-Naperville-Elgin, IL-IN-WI",2019,0.0053015827325344,-0.0241956674761925,2.2860343031177366,0.7959208389038039,-0.04146607872098685,0.017444190515662237
"Orlando-Kissimmee-Sanford, FL",2006,0.046794960957881895,-0.03448285064279699,2.48783414119115,0.7943903273756315,-0.020901210606098192,0.0216805403930131
