YEAR,MET_NAME,POPULATION_OTHER,POPULATION_RENTED,POPULATION_OWNED,HOUSEHOLDS_OTHER,HOUSEHOLDS_RENTED,HOUSEHOLDS_OWNED,TOTAL_POPULATION,TOTAL_HOUSEHOLDS,DENSITY_OWNED,DENSITY_RENTED,DENSITY_OTHER,costar_name
2013,"Mobile, AL",10127.0,130501.0,273335.0,10127.0,51984.0,96041.0,413963.0,158152.0,2.8460240938765735,2.510407048322561,1.0,Mobile - AL USA
2012,"Merced, CA",5900.0,125488.0,130953.0,5900.0,35509.0,40942.0,262341.0,82351.0,3.1985003175223485,3.5339773015291898,1.0,Merced - CA USA
2017,"Champaign-Urbana, IL",15962.0,82384.0,111433.0,15962.0,37848.0,45231.0,209779.0,99041.0,2.46364219230174,2.176706827309237,1.0,Champaign-Urbana - IL USA
2011,"Tallahassee, FL",16090.0,134227.0,173893.0,16090.0,55834.0,71300.0,324210.0,143224.0,2.4388920056100982,2.4040369667227854,1.0,Tallahassee - FL USA
2016,"Lancaster, PA",11288.0,157312.0,369473.0,11288.0,64405.0,132402.0,538073.0,208095.0,2.7905394178335676,2.44254328080118,1.0,Lancaster - PA USA
2017,"Myrtle Beach-Conway-North Myrtle Beach, SC-NC",5041.0,127977.0,330697.0,5041.0,48582.0,136317.0,463715.0,189940.0,2.425941005157097,2.6342472520686675,1.0,
2007,"Springfield, MA",34017.0,184933.0,377941.0,34017.0,83603.0,142462.0,596891.0,260082.0,2.652924990523789,2.212037845531859,1.0,Springfield - MA USA
2023,"Mankato-North Mankato, MN",7928.0,27137.0,69381.0,7928.0,14711.0,25442.0,104446.0,48081.0,2.727026177187328,1.8446740534294066,1.0,
2010,"Ocala, FL",5347.0,75542.0,250355.0,5347.0,28361.0,103392.0,331244.0,137100.0,2.4214155834107087,2.6635873206163394,1.0,Ocala - FL USA
2012,"Odessa, TX",1942.0,38090.0,104487.0,1942.0,15435.0,33947.0,144519.0,51324.0,3.0779450319615873,2.4677680596047944,1.0,Odessa - TX USA
2017,"Los Angeles-Long Beach-Anaheim, CA",215912.0,6481912.0,6654128.0,215912.0,2239310.0,2109235.0,13351952.0,4564457.0,3.154758952890503,2.894602355189768,1.0,Los Angeles - CA USA
2015,"Toledo, OH",18916.0,211660.0,416936.0,18916.0,95709.0,163957.0,647512.0,278582.0,2.5429594344858715,2.21149526167863,1.0,Toledo - OH USA
2018,"Boise City, ID",12777.0,201617.0,542339.0,12777.0,80118.0,197469.0,756733.0,290364.0,2.7464513417295877,2.5165006615242516,1.0,Boise - ID USA
2010,"San Diego-Carlsbad, CA",106332.0,1369009.0,1632763.0,106332.0,485770.0,575442.0,3108104.0,1167544.0,2.837406723874865,2.8182246742285444,1.0,San Diego - CA USA
2022,"McAllen-Edinburg-Mission, TX",6598.0,264089.0,617731.0,6598.0,88786.0,182104.0,888418.0,277488.0,3.392187980494662,2.9744441691257633,1.0,McAllen - TX USA
2022,"Oshkosh-Neenah, WI",7443.0,50068.0,113620.0,7443.0,25816.0,46319.0,171131.0,79578.0,2.452989054167836,1.9394174155562443,1.0,
2013,"Bakersfield, CA",32703.0,395795.0,436589.0,32703.0,119262.0,137920.0,865087.0,289885.0,3.1655234918793504,3.3187016820110347,1.0,Bakersfield - CA USA
2007,"Mansfield, OH",7014.0,28536.0,90097.0,7014.0,12941.0,35943.0,125647.0,55898.0,2.506663328047186,2.2050846147902017,1.0,Mansfield - OH USA
2010,"Goldsboro, NC",2808.0,43090.0,77080.0,2808.0,17968.0,29819.0,122978.0,50595.0,2.5849290720681446,2.398152270703473,1.0,Goldsboro - NC USA
2012,"Tuscaloosa, AL",10824.0,67055.0,138553.0,10824.0,26306.0,48900.0,216432.0,86030.0,2.833394683026585,2.549038242226108,1.0,
2017,"Elkhart-Goshen, IN",3524.0,55502.0,145921.0,3524.0,22451.0,50912.0,204947.0,76887.0,2.866141577624136,2.47213932564251,1.0,Elkhart - IN USA
2013,"Homosassa Springs, FL",2238.0,28549.0,108750.0,2238.0,12345.0,49786.0,139537.0,64369.0,2.184349013778974,2.3125961927906036,1.0,
2013,"Hanford-Corcoran, CA",16770.0,61508.0,72154.0,16770.0,20380.0,21433.0,150432.0,58583.0,3.3664909252087902,3.018056918547596,1.0,Hanford-Corcoran - CA USA
2009,"Salisbury, MD-DE",13071.0,90310.0,258712.0,13071.0,33479.0,105825.0,362093.0,152375.0,2.4447153319158987,2.6975118731144896,1.0,Salisbury - MD USA
2020,"Dover, DE",4336.0,50657.0,125811.0,4336.0,20095.0,42824.0,180804.0,67255.0,2.9378619465720157,2.5208758397611346,1.0,Dover - DE USA
2013,"Coeur d'Alene, ID",1710.0,36580.0,100639.0,1710.0,14164.0,39347.0,138929.0,55221.0,2.5577299412915853,2.5826037842417398,1.0,
2020,"Barnstable Town, MA",3595.0,37030.0,198842.0,3595.0,21647.0,91290.0,239467.0,116532.0,2.178135611786614,1.7106296484501318,1.0,Barnstable Town - MA USA
2016,"Gadsden, AL",1174.0,32214.0,68973.0,1174.0,11462.0,27304.0,102361.0,39940.0,2.52611338997949,2.8105042749956377,1.0,Gadsden - AL USA
2009,"Santa Fe, NM",3101.0,47813.0,114524.0,3101.0,18139.0,43999.0,165438.0,65239.0,2.602877338121321,2.635922597717625,1.0,Santa Fe - NM USA
2020,"Columbus, OH",50087.0,674863.0,1324412.0,50087.0,302564.0,478857.0,2049362.0,831508.0,2.765777674754676,2.2304801628746316,1.0,Columbus - OH USA
2012,"Akron, OH",16184.0,202788.0,484385.0,16184.0,93437.0,187451.0,703357.0,297072.0,2.5840619681943546,2.170317968256686,1.0,Akron - OH USA
2017,"Odessa, TX",1181.0,49545.0,106289.0,1181.0,18426.0,32962.0,157015.0,52569.0,3.2245919543717005,2.6888635623575383,1.0,Odessa - TX USA
2009,"Worcester, MA-CT",35117.0,224416.0,563032.0,35117.0,99502.0,203842.0,822565.0,338461.0,2.762100057887972,2.255391851420072,1.0,Worcester - MA USA
2022,"Virginia Beach-Norfolk-Newport News, VA-NC",51266.0,561353.0,1093871.0,51266.0,249155.0,427056.0,1706490.0,727477.0,2.5614228578921736,2.25302723204431,1.0,Norfolk - VA USA
2017,"Cincinnati, OH-KY-IN",50067.0,651994.0,1428303.0,50067.0,287146.0,545661.0,2130364.0,882874.0,2.6175647517414657,2.270601018297312,1.0,Cincinnati - OH USA
2006,"Detroit-Warren-Dearborn, MI",61532.0,982420.0,3425649.0,61532.0,429572.0,1260283.0,4469601.0,1751387.0,2.7181585405817583,2.2869740113415213,1.0,Detroit - MI USA
2017,"Gadsden, AL",1403.0,26069.0,75416.0,1403.0,10700.0,26391.0,102888.0,38494.0,2.8576408624152174,2.4363551401869157,1.0,Gadsden - AL USA
2021,"Palm Bay-Melbourne-Titusville, FL",5621.0,136009.0,475447.0,5621.0,59119.0,195195.0,617077.0,259935.0,2.4357539896001437,2.300597100762868,1.0,Melbourne - FL USA
2018,"Atlantic City-Hammonton, NJ",5905.0,70688.0,179211.0,5905.0,27891.0,64642.0,255804.0,98438.0,2.772361622474552,2.5344376322111075,1.0,Atlantic City - NJ USA
2020,"Huntsville, AL",12460.0,113146.0,317251.0,12460.0,54412.0,126167.0,442857.0,193039.0,2.514532326202573,2.079431007865912,1.0,Huntsville - AL USA
2021,"Pensacola-Ferry Pass-Brent, FL",24476.0,131959.0,359767.0,24476.0,59840.0,138861.0,516202.0,223177.0,2.5908426412023533,2.205197192513369,1.0,Pensacola - FL USA
2012,"Burlington, NC",4917.0,51277.0,98449.0,4917.0,20210.0,39317.0,154643.0,64444.0,2.503980466464888,2.5372093023255813,1.0,Burlington - NC USA
2021,"Santa Cruz-Watsonville, CA",13307.0,103689.0,151438.0,13307.0,38501.0,58853.0,268434.0,110661.0,2.573156848418942,2.69315082725124,1.0,Santa Cruz - CA USA
2010,"Springfield, MA",40969.0,198062.0,365410.0,40969.0,88553.0,143051.0,604441.0,272573.0,2.5544036742140914,2.236649238309261,1.0,Springfield - MA USA
2005,"Hickory-Lenoir-Morganton, NC",0.0,82285.0,265794.0,,36676.0,102028.0,348079.0,,2.605108401615243,2.243565274293816,,Hickory - NC USA
2014,"Olympia-Tumwater, WA",4337.0,102536.0,159364.0,4337.0,41678.0,61640.0,266237.0,107655.0,2.585399091499027,2.460194827007054,1.0,Olympia - WA USA
2011,"Miami-Fort Lauderdale-West Palm Beach, FL",73350.0,2034019.0,3521460.0,73350.0,746429.0,1250232.0,5628829.0,2070011.0,2.816645230645192,2.7249999665071964,1.0,Miami - FL USA
2022,"The Villages, FL",8278.0,15814.0,121331.0,8278.0,8405.0,62973.0,145423.0,79656.0,1.9267146237276294,1.8814991076740035,1.0,
2015,"Niles-Benton Harbor, MI",4571.0,43433.0,106548.0,4571.0,19479.0,44800.0,154552.0,68850.0,2.3783035714285714,2.229734585964372,1.0,Niles-Benton Harbor - MI USA
2023,"Trenton, NJ",16400.0,126817.0,237853.0,16400.0,58065.0,88194.0,381070.0,162659.0,2.6969294963376194,2.1840523551192628,1.0,Trenton - NJ USA
2006,"Oxnard-Thousand Oaks-Ventura, CA",11375.0,238149.0,550417.0,11375.0,81165.0,177929.0,799941.0,270469.0,3.093464246974917,2.9341341711328774,1.0,Ventura - CA USA
2018,"Augusta-Richmond County, GA-SC",15724.0,175831.0,360211.0,15724.0,64543.0,130547.0,551766.0,210814.0,2.7592437972530965,2.7242458516028076,1.0,Augusta - GA USA
2023,"Johnson City, TN",8482.0,59500.0,164056.0,8482.0,28316.0,70414.0,232038.0,107212.0,2.3298775811628367,2.1012854923011726,1.0,
2011,"Huntsville, AL",13827.0,110280.0,301160.0,13827.0,49601.0,116219.0,425267.0,179647.0,2.5913146731601544,2.223342271325175,1.0,Huntsville - AL USA
2008,"Springfield, IL",12396.0,48429.0,176452.0,12396.0,23100.0,73211.0,237277.0,108707.0,2.4101842619278524,2.0964935064935064,1.0,Springfield - IL USA
2020,"Reno, NV",5941.0,190062.0,289654.0,5941.0,84564.0,112698.0,485657.0,203203.0,2.5701787076966762,2.2475521498510003,1.0,Reno - NV USA
2022,"Harrisburg-Carlisle, PA",21387.0,174874.0,408372.0,21387.0,82715.0,164709.0,604633.0,268811.0,2.4793544979327176,2.114175179834371,1.0,Harrisburg - PA USA
2015,"Visalia-Porterville, CA",5512.0,206947.0,247443.0,5512.0,60791.0,74011.0,459902.0,140314.0,3.3433273432327626,3.4042374693622413,1.0,Visalia - CA USA
2009,"Bridgeport-Stamford-Norwalk, CT",20681.0,228238.0,651960.0,20681.0,98140.0,231101.0,900879.0,349922.0,2.8211041925391926,2.325636845323008,1.0,Stamford - CT USA
2013,"Las Cruces, NM",4554.0,74974.0,133819.0,4554.0,26202.0,48696.0,213347.0,79452.0,2.7480491210777065,2.8613846271277,1.0,Las Cruces - NM USA
2015,"Lynchburg, VA",13358.0,74625.0,172867.0,13358.0,31758.0,68739.0,260850.0,113855.0,2.514831463943322,2.349801624787455,1.0,Lynchburg - VA USA
2018,"Amarillo, TX",8959.0,83364.0,163147.0,8959.0,35378.0,59628.0,255470.0,103965.0,2.736080364929228,2.356379670981966,1.0,Amarillo - TX USA
2015,"Parkersburg-Vienna, WV",1572.0,28363.0,71002.0,1572.0,13062.0,28880.0,100937.0,43514.0,2.4585180055401663,2.171413259837697,1.0,
2018,"Lafayette-West Lafayette, IN",16368.0,73347.0,103409.0,16368.0,31768.0,38677.0,193124.0,86813.0,2.673656178090338,2.308832787710904,1.0,
2018,"Binghamton, NY",10400.0,62885.0,153248.0,10400.0,31321.0,59357.0,226533.0,101078.0,2.58180164091851,2.007758372976597,1.0,Binghamton - NY USA
2011,"Santa Rosa, CA",9903.0,197219.0,281676.0,9903.0,72305.0,108399.0,488798.0,190607.0,2.5985110563750586,2.727598368024341,1.0,Santa Rosa - CA USA
2011,"Decatur, IL",3367.0,31851.0,75625.0,3367.0,13329.0,30275.0,110843.0,46971.0,2.4979355904211396,2.3896016205266712,1.0,Decatur - IL USA
2008,"Hammond, LA",1562.0,38197.0,77277.0,1562.0,15624.0,29925.0,117036.0,47111.0,2.582355889724311,2.4447644649257554,1.0,Hammond - LA USA
2017,"Greenville, NC",6579.0,79077.0,93583.0,6579.0,31622.0,36883.0,179239.0,75084.0,2.5372936040994496,2.5006957181708938,1.0,Greenville - NC USA
2011,"El Centro, CA",11388.0,73472.0,92058.0,11388.0,21860.0,26930.0,176918.0,60178.0,3.418418121054586,3.361024702653248,1.0,El Centro - CA USA
2018,"Fort Wayne, IN",5485.0,97281.0,272442.0,5485.0,45307.0,102331.0,375208.0,153123.0,2.662360379552628,2.1471516542697597,1.0,Fort Wayne - IN USA
2009,"Michigan City-La Porte, IN",5863.0,24643.0,80538.0,5863.0,10227.0,32844.0,111044.0,48934.0,2.4521373766898065,2.409602033832013,1.0,Michigan City-La Porte - IN USA
2011,"Iowa City, IA",8703.0,52056.0,73195.0,8703.0,20909.0,33001.0,133954.0,62613.0,2.217963092027514,2.489645607154814,1.0,Iowa City - IA USA
2023,"Redding, CA",3006.0,49304.0,127273.0,3006.0,23020.0,49300.0,179583.0,75326.0,2.581602434077079,2.141789748045178,1.0,Redding - CA USA
2013,"Decatur, AL",2349.0,39625.0,111375.0,2349.0,15884.0,44245.0,153349.0,62478.0,2.5172335857159003,2.4946487030974565,1.0,Decatur - AL USA
2018,"Albany-Schenectady-Troy, NY",33419.0,260599.0,558883.0,33419.0,126129.0,214481.0,852901.0,374029.0,2.6057459635119193,2.066130707450309,1.0,Albany - NY USA
2019,"Bismarck, ND",3954.0,33127.0,100701.0,3954.0,16818.0,39761.0,137782.0,60533.0,2.5326576293352785,1.9697348079438697,1.0,
2017,"Des Moines-West Des Moines, IA",15553.0,170441.0,520306.0,15553.0,78796.0,194299.0,706300.0,288648.0,2.677862469698763,2.1630666531296003,1.0,
2008,"Jacksonville, FL",20229.0,375597.0,891438.0,20229.0,157359.0,336740.0,1287264.0,514328.0,2.6472590128882816,2.386879682763617,1.0,Jacksonville - FL USA
2007,"Orlando-Kissimmee-Sanford, FL",31355.0,644885.0,1356642.0,31355.0,249458.0,509761.0,2032882.0,790574.0,2.661329525012702,2.585144593478662,1.0,Orlando - FL USA
2018,"Modesto, CA",5424.0,227822.0,316925.0,5424.0,72469.0,102701.0,550171.0,180594.0,3.0858998451816437,3.143716623659772,1.0,Modesto - CA USA
2021,"Austin-Round Rock, TX",44374.0,816900.0,1534781.0,44374.0,396700.0,576483.0,2396055.0,1017557.0,2.6623178827476264,2.0592387194353416,1.0,Austin - TX USA
2009,"Detroit-Warren-Dearborn, MI",59314.0,1110195.0,3233919.0,59314.0,459915.0,1189346.0,4403428.0,1708575.0,2.719073339465555,2.413913440527054,1.0,Detroit - MI USA
2023,"Flagstaff, AZ",13126.0,43986.0,87194.0,13126.0,22617.0,34337.0,144306.0,70080.0,2.5393598741881935,1.944820267940045,1.0,Flagstaff - AZ USA
2005,"Las Vegas-Henderson-Paradise, NV",0.0,651454.0,1041868.0,,259794.0,378208.0,1693322.0,,2.754748709704713,2.5075790818879575,,Las Vegas - NV USA
2007,"Cleveland-Elyria, OH",44691.0,554682.0,1496041.0,44691.0,263768.0,571936.0,2095414.0,880395.0,2.6157489649191517,2.1029161990840435,1.0,Cleveland - OH USA
2019,"Laredo, TX",3594.0,100797.0,172475.0,3594.0,30762.0,45564.0,276866.0,79920.0,3.785334913528224,3.2766725180417398,1.0,Laredo - TX USA
2012,"Homosassa Springs, FL",2408.0,27265.0,109840.0,2408.0,9033.0,49607.0,139513.0,61048.0,2.214203640615236,3.0183770618842023,1.0,
2012,"Parkersburg-Vienna, WV",1901.0,28839.0,72045.0,1901.0,11707.0,29820.0,102785.0,43428.0,2.4159959758551306,2.4633979670282735,1.0,
2022,"Nashville-Davidson--Murfreesboro--Franklin, TN",38636.0,647787.0,1419554.0,38636.0,293888.0,560527.0,2105977.0,893051.0,2.532534561225418,2.204196836890244,1.0,Nashville - TN USA
2020,"Auburn-Opelika, AL",6073.0,48203.0,109909.0,6073.0,19957.0,40378.0,164185.0,66408.0,2.7220020803407796,2.4153429874229593,1.0,Auburn-Opelika - AL USA
2016,"Jackson, MS",23511.0,196033.0,408726.0,23511.0,78384.0,154695.0,628270.0,256590.0,2.6421409871036556,2.500931312512758,1.0,Jackson - MS USA
2016,"Philadelphia-Camden-Wilmington, PA-NJ-DE-MD",163388.0,1775888.0,4173184.0,163388.0,751106.0,1503077.0,6112460.0,2417571.0,2.7764272888215307,2.36436401786166,1.0,Philadelphia - PA USA
2016,"Washington-Arlington-Alexandria, DC-VA-MD-WV",109663.0,2065086.0,3862223.0,109663.0,818208.0,1339876.0,6036972.0,2267747.0,2.882522711056844,2.523913234776487,1.0,Washington - DC USA
2006,"Wichita Falls, TX",9948.0,42580.0,72567.0,9948.0,19503.0,30239.0,125095.0,59690.0,2.3997817388141143,2.183253858380762,1.0,Wichita Falls - TX USA
2023,"Goldsboro, NC",2806.0,43696.0,72128.0,2806.0,19241.0,27794.0,118630.0,49841.0,2.595092465999856,2.2709838365989294,1.0,Goldsboro - NC USA
2009,"Grand Rapids-Wyoming, MI",18361.0,186747.0,665097.0,18361.0,79225.0,238946.0,870205.0,336532.0,2.7834615352422722,2.357172609656043,1.0,Grand Rapids - MI USA
2011,"Santa Fe, NM",3963.0,48974.0,111042.0,3963.0,22047.0,46599.0,163979.0,72609.0,2.3829266722461857,2.2213453077516214,1.0,Santa Fe - NM USA
2015,"Lubbock, TX",11932.0,126152.0,161769.0,11932.0,49443.0,59042.0,299853.0,120417.0,2.739897022458589,2.5514633011750907,1.0,Lubbock - TX USA
2008,"Williamsport, PA",4825.0,27121.0,84650.0,4825.0,15024.0,32754.0,116596.0,52603.0,2.584417170421933,1.805178381256656,1.0,Williamsport - PA USA
2010,"Providence-Warwick, RI-MA",54689.0,520724.0,1006585.0,54689.0,235624.0,370639.0,1581998.0,660952.0,2.7158097232077574,2.209978609988796,1.0,Providence - RI USA
2018,"Rocky Mount, NC",2638.0,44166.0,99230.0,2638.0,19371.0,39473.0,146034.0,61482.0,2.5138702404175004,2.2800061948273194,1.0,Rocky Mount - NC USA
2014,"Ogden-Clearfield, UT",4425.0,129872.0,435635.0,4425.0,45354.0,134717.0,569932.0,184496.0,3.233704729173007,2.8635181020417164,1.0,Ogden - UT USA
2014,"Amarillo, TX",9467.0,82622.0,158015.0,9467.0,32864.0,58913.0,250104.0,101244.0,2.6821754111995655,2.514057935735151,1.0,Amarillo - TX USA
2018,"Canton-Massillon, OH",9971.0,109463.0,279632.0,9971.0,51608.0,112018.0,399066.0,173597.0,2.496313092538699,2.121047124476825,1.0,Canton - OH USA
2015,"Greenville, NC",6813.0,77192.0,92466.0,6813.0,31973.0,36402.0,176471.0,75188.0,2.5401351574089337,2.414287054702405,1.0,Greenville - NC USA
2018,"Lansing-East Lansing, MI",21485.0,150394.0,310352.0,21485.0,66439.0,120394.0,482231.0,208318.0,2.5778028805422197,2.263640331732868,1.0,Lansing - MI USA
2022,"Reno, NV",7258.0,182292.0,307602.0,7258.0,79071.0,119613.0,497152.0,205942.0,2.5716435504502018,2.3054217096027623,1.0,Reno - NV USA
2018,"Urban Honolulu, HI",36095.0,382213.0,561152.0,36095.0,138710.0,169499.0,979460.0,344304.0,3.310650800299707,2.755482661668229,1.0,Honolulu - HI USA
2019,"Memphis, TN-MS-AR",20358.0,480423.0,749159.0,20358.0,194457.0,272965.0,1249940.0,487780.0,2.744524023226421,2.4705873277896915,1.0,Memphis - TN USA
2006,"Vallejo-Fairfield, CA",15730.0,131408.0,264827.0,15730.0,46906.0,90400.0,411965.0,153036.0,2.9295022123893806,2.801517929475973,1.0,Vallejo-Fairfield - CA USA
2019,"Wichita, KS",9553.0,193201.0,414012.0,9553.0,84537.0,153201.0,616766.0,247291.0,2.7024105586778155,2.2854016584454144,1.0,Wichita - KS USA
2010,"Colorado Springs, CO",16079.0,216667.0,393842.0,16079.0,87659.0,147442.0,626588.0,251180.0,2.67116561088428,2.471702848538085,1.0,Colorado Springs - CO USA
2008,"Hilton Head Island-Bluffton-Beaufort, SC",8987.0,48219.0,110393.0,8987.0,17179.0,48241.0,167599.0,74407.0,2.2883646690574406,2.8068572093835495,1.0,Hilton Head Island - SC USA
2021,"Worcester, MA-CT",34825.0,270605.0,667847.0,34825.0,123981.0,254345.0,973277.0,413151.0,2.625752422890169,2.182632822771231,1.0,Worcester - MA USA
2021,"Saginaw, MI",6022.0,50553.0,132447.0,6022.0,23513.0,56633.0,189022.0,86168.0,2.3386894566772023,2.150002126483222,1.0,Saginaw - MI USA
2009,"Charlottesville, VA",11147.0,54251.0,116108.0,11147.0,24223.0,44981.0,181506.0,80351.0,2.5812676463395654,2.239648268174875,1.0,Charlottesville - VA USA
2013,"Bridgeport-Stamford-Norwalk, CT",18488.0,273556.0,647491.0,18488.0,104729.0,223333.0,939535.0,346550.0,2.8992177600265077,2.6120367806433746,1.0,Stamford - CT USA
2018,"Indianapolis-Carmel-Anderson, IN",36464.0,636879.0,1374807.0,36464.0,275773.0,507573.0,2048150.0,819810.0,2.7085897003977752,2.3094320328676123,1.0,Indianapolis - IN USA
2007,"Prescott, AZ",1998.0,61238.0,149405.0,1998.0,25126.0,60169.0,212641.0,87293.0,2.483089298475959,2.4372363289023324,1.0,Prescott - AZ USA
2018,"New Orleans-Metairie, LA",25468.0,437500.0,807708.0,25468.0,180897.0,301543.0,1270676.0,507908.0,2.67858315397804,2.4185033472086324,1.0,New Orleans - LA USA
2020,"Lynchburg, VA",12048.0,61354.0,191062.0,12048.0,26097.0,68795.0,264464.0,106940.0,2.7772657896649466,2.350998199026708,1.0,Lynchburg - VA USA
2013,"Kalamazoo-Portage, MI",11084.0,106248.0,267090.0,11084.0,47608.0,102201.0,384422.0,160893.0,2.613379516834473,2.231725760376407,1.0,Kalamazoo - MI USA
2013,"Greenville-Anderson-Mauldin, SC",25214.0,277462.0,623570.0,25214.0,111143.0,239349.0,926246.0,375706.0,2.6052751421564326,2.4964415212833915,1.0,Greenville - SC USA
2011,"Hattiesburg, MS",4559.0,53184.0,75626.0,4559.0,21180.0,28659.0,133369.0,54398.0,2.638822010537702,2.5110481586402265,1.0,Hattiesburg - MS USA
2013,"Lebanon, PA",3174.0,39312.0,92975.0,3174.0,16096.0,35806.0,135461.0,55076.0,2.5966318494107132,2.44234592445328,1.0,Lebanon - PA USA
2007,"Decatur, IL",3738.0,26115.0,78793.0,3738.0,12403.0,33152.0,108646.0,49293.0,2.376719353281853,2.1055389825042328,1.0,Decatur - IL USA
2015,"Harrisburg-Carlisle, PA",21689.0,161782.0,382306.0,21689.0,73851.0,151959.0,565777.0,247499.0,2.51584966997677,2.1906541549877456,1.0,Harrisburg - PA USA
2023,"Lawton, OK",10640.0,45318.0,71612.0,10640.0,19640.0,28466.0,127570.0,58746.0,2.5157029438628538,2.3074338085539714,1.0,
2022,"Cincinnati, OH-KY-IN",45383.0,565173.0,1581389.0,45383.0,274926.0,609748.0,2191945.0,930057.0,2.5935124018446967,2.055727723096397,1.0,Cincinnati - OH USA
2022,"Portland-Vancouver-Hillsboro, OR-WA",42579.0,809336.0,1591716.0,42579.0,379840.0,604771.0,2443631.0,1027190.0,2.631931755986977,2.1307287278854252,1.0,Portland - OR USA
2017,"Lakeland-Winter Haven, FL",13238.0,225132.0,448678.0,13238.0,74338.0,158719.0,687048.0,246295.0,2.8268701289700666,3.028491484839517,1.0,Lakeland - FL USA
2015,"Provo-Orem, UT",16905.0,164752.0,393663.0,16905.0,50964.0,104125.0,575320.0,171994.0,3.7806770708283315,3.232713287811004,1.0,Provo - UT USA
2011,"Salinas, CA",23555.0,245982.0,207962.0,23555.0,71091.0,68738.0,477499.0,163384.0,3.0254298932177255,3.4601004346541755,1.0,Salinas - CA USA
2016,"Muncie, IN",7460.0,39423.0,68961.0,7460.0,15943.0,30778.0,115844.0,54181.0,2.2405939307297422,2.472746659976165,1.0,Muncie - IN USA
2020,Not in identifiable area,2479039.0,17043721.0,50566799.0,2479039.0,7440127.0,19665695.0,70089559.0,29584861.0,2.571320210142586,2.290783611623834,1.0,
2006,"Jacksonville, NC",21462.0,54305.0,74546.0,21462.0,22227.0,31405.0,150313.0,75094.0,2.3736984556599268,2.4431997120619067,1.0,Jacksonville - NC USA
2021,"Ocean City, NJ",2364.0,25640.0,80465.0,2364.0,13378.0,41073.0,108469.0,56815.0,1.959072870255399,1.9165794588129765,1.0,Ocean City - NJ USA
2012,"Auburn-Opelika, AL",5227.0,53957.0,88356.0,5227.0,20411.0,35109.0,147540.0,60747.0,2.516619670170042,2.6435255499485573,1.0,Auburn-Opelika - AL USA
2007,"Philadelphia-Camden-Wilmington, PA-NJ-DE-MD",189258.0,1427388.0,4230222.0,189258.0,648820.0,1546977.0,5846868.0,2385055.0,2.7345086578533486,2.1999753398477235,1.0,Philadelphia - PA USA
2011,"Barnstable Town, MA",3942.0,51512.0,187056.0,3942.0,24292.0,80405.0,242510.0,108639.0,2.326422486163796,2.1205335089741477,1.0,Barnstable Town - MA USA
2016,"Kalamazoo-Portage, MI",9408.0,110626.0,267801.0,9408.0,47210.0,104650.0,387835.0,161268.0,2.5590157668418536,2.3432747299300996,1.0,Kalamazoo - MI USA
2016,"Morgantown, WV",9723.0,46836.0,82679.0,9723.0,19167.0,31353.0,139238.0,60243.0,2.6370363282620484,2.4435748943496636,1.0,Morgantown - WV USA
2022,"San Luis Obispo-Paso Robles-Arroyo Grande, CA",14889.0,100617.0,166494.0,14889.0,43417.0,68296.0,282000.0,126602.0,2.4378294482839404,2.3174562959209526,1.0,San Luis Obispo - CA USA
2012,"Stockton-Lodi, CA",16154.0,306961.0,380499.0,16154.0,92386.0,123374.0,703614.0,231914.0,3.0841101042359007,3.3225921676444483,1.0,Stockton - CA USA
2016,"Reading, PA",12498.0,106655.0,295214.0,12498.0,43056.0,107344.0,414367.0,162898.0,2.7501676851989862,2.47712281679673,1.0,Reading - PA USA
2018,"Brownsville-Harlingen, TX",3279.0,138468.0,281860.0,3279.0,41736.0,83076.0,423607.0,128091.0,3.392796957003226,3.3177113283496262,1.0,Brownsville-Harlingen - TX USA
2007,"Binghamton, NY",10005.0,62106.0,174331.0,10005.0,30877.0,68389.0,246442.0,109271.0,2.5491087748029653,2.011400071250445,1.0,Binghamton - NY USA
2019,"Redding, CA",2964.0,66128.0,110890.0,2964.0,27129.0,45585.0,179982.0,75678.0,2.432598442470111,2.437539164731468,1.0,Redding - CA USA
2012,"Oxnard-Thousand Oaks-Ventura, CA",11673.0,300052.0,524351.0,11673.0,96849.0,171026.0,836076.0,279548.0,3.0659139546033938,3.098142469204638,1.0,Ventura - CA USA
2009,"Allentown-Bethlehem-Easton, PA-NJ",25473.0,192777.0,597596.0,25473.0,84053.0,222063.0,815846.0,331589.0,2.6911101804442885,2.2935171855852854,1.0,Lehigh Valley - PA USA
2006,"Buffalo-Cheektowaga-Niagara Falls, NY",32024.0,319050.0,786315.0,32024.0,152947.0,306794.0,1137389.0,491765.0,2.5630064473229592,2.0860167247477883,1.0,Buffalo - NY USA
2017,"Burlington-South Burlington, VT",10873.0,65911.0,142373.0,10873.0,31202.0,56712.0,219157.0,98787.0,2.5104563408097054,2.112396641240946,1.0,Burlington - VT USA
2010,"Hattiesburg, MS",3277.0,46177.0,81719.0,3277.0,18715.0,30007.0,131173.0,51999.0,2.7233312227147,2.467379107667646,1.0,Hattiesburg - MS USA
2014,"Decatur, AL",1909.0,37795.0,113309.0,1909.0,15574.0,42777.0,153013.0,60260.0,2.648829978726886,2.426801078720945,1.0,Decatur - AL USA
2006,"Omaha-Council Bluffs, NE-IA",20784.0,252620.0,645501.0,20784.0,114965.0,243213.0,918905.0,378962.0,2.654056321002578,2.1973644152568172,1.0,Omaha - NE USA
2006,"Dover, DE",3483.0,36685.0,107379.0,3483.0,14634.0,40790.0,147547.0,58907.0,2.632483451826428,2.50683340166735,1.0,Dover - DE USA
2022,"Fayetteville, NC",16728.0,133920.0,185737.0,16728.0,58984.0,73382.0,336385.0,149094.0,2.5310975443569266,2.270446222704462,1.0,Fayetteville - NC USA
2021,"Medford, OR",3852.0,60387.0,159421.0,3852.0,28083.0,62735.0,223660.0,94670.0,2.5411811588427513,2.150304454652281,1.0,Medford - OR USA
2013,"Brownsville-Harlingen, TX",3857.0,131511.0,282009.0,3857.0,37437.0,81109.0,417377.0,122403.0,3.4769137826874945,3.512861607500601,1.0,Brownsville-Harlingen - TX USA
2012,"Minneapolis-St. Paul-Bloomington, MN-WI",67333.0,918534.0,2483178.0,67333.0,411899.0,930251.0,3469045.0,1409483.0,2.669363429870003,2.229998130609688,1.0,Minneapolis - MN USA
2007,"Killeen-Temple, TX",21739.0,114880.0,212129.0,21739.0,42323.0,72189.0,348748.0,136251.0,2.9385224895759743,2.7143633485338943,1.0,Killeen - TX USA
2006,"Elizabethtown-Fort Knox, KY",6056.0,41477.0,77669.0,6056.0,16275.0,31269.0,125202.0,53600.0,2.4838977901435926,2.5485099846390167,1.0,Elizabethtown-Fort Knox - KY USA
2009,"Kennewick-Richland, WA",875.0,74210.0,170539.0,875.0,25973.0,56350.0,245624.0,83198.0,3.02642413487134,2.857197859315443,1.0,Kennewick-Richland - WA USA
2005,"Kalamazoo-Portage, MI",0.0,85676.0,222001.0,,40134.0,86276.0,307677.0,,2.5731489637906253,2.1347485922160763,,Kalamazoo - MI USA
2011,"Peoria, IL",8260.0,91474.0,261662.0,8260.0,40037.0,104190.0,361396.0,152487.0,2.5113926480468374,2.284736618627769,1.0,Peoria - IL USA
2020,"Madera, CA",7830.0,46704.0,103492.0,7830.0,12285.0,33607.0,158026.0,53722.0,3.0794774898086708,3.8017094017094015,1.0,Madera - CA USA
2008,"Denver-Aurora-Lakewood, CO",26223.0,749063.0,1744130.0,26223.0,320150.0,656577.0,2519416.0,1002950.0,2.6563982594577635,2.3397251288458536,1.0,Denver - CO USA
2005,"Anniston-Oxford-Jacksonville, AL",0.0,29565.0,78505.0,,13708.0,33688.0,108070.0,,2.330355022559962,2.1567697694776773,,Anniston-Oxford - AL USA
2007,"Oklahoma City, OK",28715.0,387111.0,846526.0,28715.0,163061.0,325205.0,1262352.0,516981.0,2.60305345858766,2.3740256713745165,1.0,Oklahoma City - OK USA
2016,"Vallejo-Fairfield, CA",10393.0,179186.0,250517.0,10393.0,60055.0,89118.0,440096.0,159566.0,2.811070715231491,2.9836982765798017,1.0,Vallejo-Fairfield - CA USA
2014,"Palm Bay-Melbourne-Titusville, FL",6311.0,172759.0,378070.0,6311.0,70043.0,155185.0,557140.0,231539.0,2.4362535038824626,2.4664705966334965,1.0,Melbourne - FL USA
2018,"Medford, OR",3339.0,67939.0,147876.0,3339.0,29742.0,60045.0,219154.0,93126.0,2.4627529352985262,2.2842781252101405,1.0,Medford - OR USA
2019,"Houma-Thibodaux, LA",3693.0,54791.0,171304.0,3693.0,22686.0,62044.0,229788.0,88423.0,2.7610083166784865,2.415189985012783,1.0,Houma-Thibodaux - LA USA
2016,"Michigan City-La Porte, IN",7417.0,26983.0,75247.0,7417.0,11459.0,30615.0,109647.0,49491.0,2.457847460395231,2.354742996771097,1.0,Michigan City-La Porte - IN USA
2020,"Austin-Round Rock, TX",44312.0,779427.0,1527045.0,44312.0,355267.0,548615.0,2350784.0,948194.0,2.783454699561623,2.1939189398396137,1.0,Austin - TX USA
2013,"Bloomington, IL",8018.0,49962.0,117252.0,8018.0,21508.0,43723.0,175232.0,73249.0,2.6817007067218626,2.3229496001487817,1.0,Bloomington - IL USA
2011,"Reno, NV",7351.0,175049.0,243051.0,7351.0,68575.0,92161.0,425451.0,168087.0,2.6372435194930612,2.5526649653663873,1.0,Reno - NV USA
2005,"Pueblo, CO",0.0,41409.0,94027.0,,17690.0,37459.0,135436.0,,2.5101310766437974,2.340814019219898,,Pueblo - CO USA
2021,"Utica-Rome, NY",13718.0,74667.0,182912.0,13718.0,36163.0,75021.0,271297.0,124902.0,2.4381439863504886,2.0647346735613747,1.0,Utica - NY USA
2008,"Augusta-Richmond County, GA-SC",13866.0,139363.0,332782.0,13866.0,56650.0,126439.0,486011.0,196955.0,2.631956912028725,2.460070609002648,1.0,Augusta - GA USA
2023,"Grand Junction, CO",4652.0,38477.0,101038.0,4652.0,20445.0,41777.0,144167.0,66874.0,2.4185077913684565,1.8819760332599658,1.0,Grand Junction - CO USA
2013,"Portland-South Portland, ME",12009.0,140006.0,368253.0,12009.0,66802.0,146611.0,520268.0,225422.0,2.5117692396887,2.0958354540283226,1.0,Portland - ME USA
2016,"Reno, NV",5854.0,184783.0,262968.0,5854.0,74636.0,100090.0,453605.0,180580.0,2.6273154161254872,2.475789163406399,1.0,Reno - NV USA
2019,"Springfield, MO",12533.0,154977.0,253298.0,12533.0,76519.0,103808.0,420808.0,192860.0,2.4400624229346484,2.0253401116062677,1.0,Springfield - MO USA
2015,"Vallejo-Fairfield, CA",10180.0,168058.0,257682.0,10180.0,56280.0,89222.0,435920.0,155682.0,2.888099347694515,2.9861051883439944,1.0,Vallejo-Fairfield - CA USA
2015,"Knoxville, TN",22741.0,284534.0,638989.0,22741.0,119167.0,254818.0,946264.0,396726.0,2.507628974405262,2.3876912232413336,1.0,Knoxville - TN USA
2010,"Worcester, MA-CT",25721.0,245808.0,545253.0,25721.0,109909.0,195636.0,816782.0,331266.0,2.7870790652027235,2.2364683510904477,1.0,Worcester - MA USA
2008,"Tampa-St. Petersburg-Clearwater, FL",47009.0,799681.0,1887593.0,47009.0,339106.0,759817.0,2734283.0,1145932.0,2.4842731868331454,2.3582036295435644,1.0,Tampa - FL USA
2017,"Daphne-Fairhope-Foley, AL",3131.0,56076.0,153697.0,3131.0,21087.0,58033.0,212904.0,82251.0,2.648441404028742,2.659268743775786,1.0,Daphne-Fairhope-Foley - AL USA
2013,"Clarksville, TN-KY",11217.0,114505.0,181470.0,11217.0,43793.0,66342.0,307192.0,121352.0,2.7353712580265896,2.6146872787888475,1.0,Clarksville - TN USA
2012,"New Haven-Milford, CT",28980.0,278102.0,556567.0,28980.0,120963.0,209090.0,863649.0,359033.0,2.661853747190205,2.2990666567462776,1.0,New Haven - CT USA
2014,"State College, PA",17255.0,53063.0,89023.0,17255.0,23534.0,34049.0,159341.0,74838.0,2.614555493553408,2.2547378261239057,1.0,State College - PA USA
2008,"Lake Charles, LA",1955.0,49327.0,134382.0,1955.0,20994.0,51855.0,185664.0,74804.0,2.5914955163436506,2.3495760693531484,1.0,Lake Charles - LA USA
2017,"Jefferson City, MO",10764.0,34497.0,102856.0,10764.0,16170.0,38562.0,148117.0,65496.0,2.6672890410248433,2.133395176252319,1.0,
2019,"San Angelo, TX",5535.0,31312.0,81506.0,5535.0,14723.0,28881.0,118353.0,49139.0,2.822132197638586,2.1267404740881615,1.0,San Angelo - TX USA
2013,"College Station-Bryan, TX",13108.0,99838.0,89066.0,13108.0,40263.0,31810.0,202012.0,85181.0,2.7999371266897204,2.4796463254104264,1.0,College Station-Bryan - TX USA
2009,"North Port-Sarasota-Bradenton, FL",8168.0,184417.0,495371.0,8168.0,74332.0,217540.0,687956.0,300040.0,2.2771490300634367,2.4809906904159718,1.0,Sarasota - FL USA
2014,"Hickory-Lenoir-Morganton, NC",8959.0,118439.0,280629.0,8959.0,45677.0,103061.0,408027.0,157697.0,2.7229407826432888,2.5929680145368565,1.0,Hickory - NC USA
2018,"Parkersburg-Vienna, WV",1176.0,22120.0,77551.0,1176.0,11024.0,30878.0,100847.0,43078.0,2.5115292441220287,2.0065312046444124,1.0,
2013,"Gainesville, FL",13922.0,108848.0,128788.0,13922.0,47358.0,50888.0,251558.0,112168.0,2.5308127652884767,2.298407871954052,1.0,Gainesville - FL USA
2014,"Youngstown-Warren-Boardman, OH-PA",20755.0,147701.0,386426.0,20755.0,68856.0,159940.0,554882.0,249551.0,2.4160685256971366,2.1450708725456025,1.0,Youngstown - OH USA
2018,"Santa Maria-Santa Barbara, CA",19824.0,209410.0,217357.0,19824.0,69670.0,76554.0,446591.0,166048.0,2.83926378765316,3.0057413520884166,1.0,Santa Barbara - CA USA
2011,"Charlottesville, VA",11743.0,51493.0,121879.0,11743.0,24700.0,46556.0,185115.0,82999.0,2.617901022424607,2.084736842105263,1.0,Charlottesville - VA USA
2012,"Lewiston-Auburn, ME",3452.0,28942.0,75589.0,3452.0,15627.0,29014.0,107983.0,48093.0,2.605259529882126,1.8520509374800025,1.0,Lewiston-Auburn - ME USA
2013,"Lancaster, PA",13642.0,139921.0,375040.0,13642.0,58415.0,136077.0,528603.0,208134.0,2.756086627424179,2.395292305058632,1.0,Lancaster - PA USA
2008,"Birmingham-Hoover, AL",19245.0,272803.0,761466.0,19245.0,115690.0,292349.0,1053514.0,427284.0,2.6046471853845916,2.358051689860835,1.0,Birmingham - AL USA
2008,"Saginaw, MI",4362.0,46731.0,149703.0,4362.0,20412.0,58109.0,200796.0,82883.0,2.5762446436868642,2.2893885949441506,1.0,Saginaw - MI USA
2013,"Beaumont-Port Arthur, TX",15753.0,106547.0,268633.0,15753.0,47188.0,97494.0,390933.0,160435.0,2.7553798182452254,2.257925743833178,1.0,Beaumont - TX USA
2011,"Morgantown, WV",8051.0,43026.0,80632.0,8051.0,18776.0,29302.0,131709.0,56129.0,2.7517575592109753,2.291542394546229,1.0,Morgantown - WV USA
2012,"Charleston, WV",3212.0,57434.0,141920.0,3212.0,26543.0,60637.0,202566.0,90392.0,2.3404851823144286,2.163809667332253,1.0,
2006,"Fort Collins, CO",8893.0,76610.0,178359.0,8893.0,36031.0,71036.0,263862.0,115960.0,2.5108254969311337,2.126224639893425,1.0,Fort Collins - CO USA
2013,"St. George, UT",2309.0,45352.0,100297.0,2309.0,13600.0,35793.0,147958.0,51702.0,2.8021400832565027,3.334705882352941,1.0,
2015,"Dover, DE",5393.0,52195.0,116231.0,5393.0,19905.0,42573.0,173819.0,67871.0,2.7301576116317854,2.6222054760110525,1.0,Dover - DE USA
2020,"Bangor, ME",6232.0,31631.0,109703.0,6232.0,16810.0,45662.0,147566.0,68704.0,2.402500985502168,1.8816775728732897,1.0,Bangor - ME USA
2010,"Bangor, ME",7261.0,47912.0,119777.0,7261.0,22195.0,47393.0,174950.0,76849.0,2.5273141603190346,2.1586843883757605,1.0,Bangor - ME USA
2015,"Salt Lake City, UT",13201.0,361007.0,848351.0,13201.0,129996.0,263828.0,1222559.0,407025.0,3.2155457343420712,2.7770623711498814,1.0,Salt Lake City - UT USA
2008,"Davenport-Moline-Rock Island, IA-IL",8923.0,94271.0,267525.0,8923.0,43731.0,108673.0,370719.0,161327.0,2.4617430272468783,2.1557019048272394,1.0,Davenport - IA USA
2020,"Worcester, MA-CT",34987.0,229509.0,673823.0,34987.0,114212.0,254552.0,938319.0,403751.0,2.6470937175901192,2.0094998774209367,1.0,Worcester - MA USA
2020,"Baton Rouge, LA",26133.0,204814.0,590215.0,26133.0,88657.0,216164.0,821162.0,330954.0,2.730403767509854,2.310184193013524,1.0,Baton Rouge - LA USA
2018,"Manchester-Nashua, NH",5051.0,113317.0,240807.0,5051.0,51970.0,91129.0,359175.0,148150.0,2.6424848291981697,2.1804310178949393,1.0,Manchester - NH USA
2015,"Chico, CA",5751.0,92958.0,126799.0,5751.0,36184.0,49104.0,225508.0,91039.0,2.582253991528185,2.5690360380278574,1.0,Chico - CA USA
2015,"Mobile, AL",9126.0,136652.0,269312.0,9126.0,53417.0,99521.0,415090.0,162064.0,2.7060821334190774,2.5582118052305445,1.0,Mobile - AL USA
2007,"Lynchburg, VA",11702.0,58220.0,157066.0,11702.0,26074.0,64969.0,226988.0,102745.0,2.4175529868090937,2.232875661578584,1.0,Lynchburg - VA USA
2015,"Denver-Aurora-Lakewood, CO",33914.0,982324.0,1890425.0,33914.0,405880.0,701825.0,2906663.0,1141619.0,2.6935845830513303,2.420232581058441,1.0,Denver - CO USA
2017,"Indianapolis-Carmel-Anderson, IN",36757.0,620675.0,1369062.0,36757.0,265837.0,507528.0,2026494.0,810122.0,2.6975102851468296,2.3347953821326604,1.0,Indianapolis - IN USA
2005,"Ocean City, NJ",0.0,19630.0,78736.0,,9128.0,34253.0,98366.0,,2.2986599713893674,2.1505258545135844,,Ocean City - NJ USA
2007,"Salinas, CA",26882.0,197238.0,238537.0,26882.0,67133.0,74903.0,462657.0,168918.0,3.1846120983138193,2.9380185601716,1.0,Salinas - CA USA
2008,"Rochester, NY",42796.0,254456.0,736309.0,42796.0,117812.0,279654.0,1033561.0,440262.0,2.632928547419311,2.1598478932536582,1.0,Rochester - NY USA
2015,"Stockton-Lodi, CA",15996.0,326139.0,384074.0,15996.0,101222.0,121840.0,726209.0,239058.0,3.1522816808929743,3.22201695283634,1.0,Stockton - CA USA
2008,"Boise City, ID",15912.0,156107.0,392859.0,15912.0,62109.0,146125.0,564878.0,224146.0,2.688513259195894,2.513436055966124,1.0,Boise - ID USA
2009,"Colorado Springs, CO",16931.0,181037.0,406604.0,16931.0,76060.0,151102.0,604572.0,244093.0,2.6909240115948165,2.380186694714699,1.0,Colorado Springs - CO USA
2018,"Oklahoma City, OK",35179.0,510145.0,924235.0,35179.0,201943.0,346808.0,1469559.0,583930.0,2.664976009780628,2.5261831308834672,1.0,Oklahoma City - OK USA
2022,"California-Lexington Park, MD",2445.0,19908.0,81558.0,2445.0,9804.0,29718.0,103911.0,41967.0,2.7443973349485162,2.0305997552019583,1.0,
2019,"Wausau, WI",1797.0,27495.0,106700.0,1797.0,15035.0,39730.0,135992.0,56562.0,2.6856279889252455,1.828732956434985,1.0,Wausau - WI USA
2011,"Houston-The Woodlands-Sugar Land, TX",72316.0,2139705.0,3819153.0,72316.0,791912.0,1255456.0,6031174.0,2119684.0,3.0420444842352103,2.7019479437109175,1.0,Houston - TX USA
2017,"Kalamazoo-Portage, MI",10965.0,100692.0,278976.0,10965.0,48004.0,106276.0,390633.0,165245.0,2.625014114193233,2.0975752020664946,1.0,Kalamazoo - MI USA
2015,"Springfield, MO",12821.0,147504.0,248319.0,12821.0,63934.0,99061.0,408644.0,175816.0,2.506728177587547,2.3071292270153596,1.0,Springfield - MO USA
2015,"Tampa-St. Petersburg-Clearwater, FL",46196.0,1081711.0,1847116.0,46196.0,432878.0,733825.0,2975023.0,1212899.0,2.5171069396654517,2.4988819020601647,1.0,Tampa - FL USA
2010,"Yuma, AZ",4193.0,53031.0,139092.0,4193.0,19275.0,48475.0,196316.0,71943.0,2.869355337802991,2.751284046692607,1.0,Yuma - AZ USA
2008,"Canton-Massillon, OH",8614.0,111898.0,287429.0,8614.0,49403.0,112562.0,407941.0,170579.0,2.5535171727581245,2.265004149545574,1.0,Canton - OH USA
2005,"Deltona-Daytona Beach-Ormond Beach, FL",0.0,147172.0,472856.0,,66658.0,195233.0,620028.0,,2.4220085743701114,2.2078670227129527,,Daytona Beach - FL USA
2020,"Des Moines-West Des Moines, IA",14326.0,175826.0,555637.0,14326.0,84826.0,204508.0,745789.0,303660.0,2.7169450583840242,2.0727842878362766,1.0,
2014,"Albuquerque, NM",12259.0,290246.0,586805.0,12259.0,117806.0,219427.0,889310.0,349492.0,2.674260688064823,2.4637624569207,1.0,Albuquerque - NM USA
2023,"Washington-Arlington-Alexandria, DC-VA-MD-WV",105888.0,1950140.0,4352609.0,105888.0,881815.0,1565649.0,6408637.0,2553352.0,2.7800669243233957,2.211506948736413,1.0,Washington - DC USA
2018,"Olympia-Tumwater, WA",3544.0,98668.0,184091.0,3544.0,39756.0,70958.0,286303.0,114258.0,2.5943656811071336,2.4818392192373477,1.0,Olympia - WA USA
2005,"Iowa City, IA",0.0,34866.0,72955.0,,19816.0,30547.0,107821.0,,2.388286902150784,1.7594872830036334,,Iowa City - IA USA
2021,"New Haven-Milford, CT",28445.0,278134.0,556598.0,28445.0,132741.0,216346.0,863177.0,377532.0,2.57272147393527,2.0953134299123857,1.0,New Haven - CT USA
2019,"Dover, DE",3808.0,54686.0,121456.0,3808.0,22000.0,46023.0,179950.0,71831.0,2.639028311930991,2.4857272727272726,1.0,Dover - DE USA
2016,"Parkersburg-Vienna, WV",1470.0,26464.0,69580.0,1470.0,11414.0,27939.0,97514.0,40823.0,2.4904255699917677,2.3185561591028563,1.0,
2018,"Muncie, IN",7278.0,32642.0,74833.0,7278.0,15328.0,29983.0,114753.0,52589.0,2.495847646999967,2.1295668058455113,1.0,Muncie - IN USA
2007,"Salt Lake City, UT",15680.0,286216.0,707788.0,15680.0,105993.0,225917.0,1009684.0,347590.0,3.1329559085858967,2.700329267027068,1.0,Salt Lake City - UT USA
2021,"Jefferson City, MO",8941.0,29509.0,112444.0,8941.0,13985.0,41828.0,150894.0,64754.0,2.688247107200918,2.1100464783696817,1.0,
2022,"Charleston, WV",3521.0,53828.0,118567.0,3521.0,27074.0,51171.0,175916.0,81766.0,2.317074124015556,1.9881805422176257,1.0,
2015,"Richmond, VA",34351.0,428035.0,791489.0,34351.0,172156.0,304597.0,1253875.0,511104.0,2.598479302159903,2.4863205464810987,1.0,Richmond - VA USA
2016,"Anniston-Oxford-Jacksonville, AL",3454.0,36185.0,75317.0,3454.0,13884.0,30087.0,114956.0,47425.0,2.503307076145844,2.6062373955632383,1.0,Anniston-Oxford - AL USA
2019,"Miami-Fort Lauderdale-West Palm Beach, FL",77342.0,2444341.0,3610413.0,77342.0,888785.0,1289884.0,6132096.0,2256011.0,2.799021462395068,2.750205055215828,1.0,Miami - FL USA
2012,"Ocean City, NJ",3207.0,28323.0,76653.0,3207.0,13175.0,32065.0,108183.0,48447.0,2.3905504444097927,2.149753320683112,1.0,Ocean City - NJ USA
2011,"Charleston-North Charleston, SC",19283.0,232941.0,468759.0,19283.0,90532.0,181750.0,720983.0,291565.0,2.5791416781292984,2.5730239031502675,1.0,Charleston - SC USA
2014,"Kansas City, MO-KS",38503.0,687404.0,1401940.0,38503.0,295034.0,524064.0,2127847.0,857601.0,2.6751312816755206,2.329914518326701,1.0,Kansas City - MO USA
2021,"Jacksonville, FL",29199.0,501146.0,1073671.0,29199.0,214618.0,416436.0,1604016.0,660253.0,2.5782377123975833,2.3350604329552973,1.0,Jacksonville - FL USA
2007,"Gadsden, AL",1939.0,26238.0,75064.0,1939.0,11973.0,31264.0,103241.0,45176.0,2.4009723643807575,2.1914307191180153,1.0,Gadsden - AL USA
2007,"Bend-Redmond, OR",1778.0,48071.0,104377.0,1778.0,19916.0,42706.0,154226.0,64400.0,2.4440827986699762,2.4136874874472785,1.0,Bend - OR USA
2020,"Cape Coral-Fort Myers, FL",9282.0,228518.0,559146.0,9282.0,79905.0,217559.0,796946.0,306746.0,2.570089033319697,2.8598710969276016,1.0,Fort Myers - FL USA
2015,"Youngstown-Warren-Boardman, OH-PA",16699.0,140649.0,391888.0,16699.0,68927.0,159766.0,549236.0,245392.0,2.4528873477460786,2.0405501472572434,1.0,Youngstown - OH USA
2010,"Madera, CA",7807.0,65569.0,77808.0,7807.0,16090.0,26099.0,151184.0,49996.0,2.981263649948274,4.0751398384089494,1.0,Madera - CA USA
2007,"Yakima, WA",4653.0,79639.0,148838.0,4653.0,27291.0,50391.0,233130.0,82335.0,2.9536623603421246,2.9181415118537246,1.0,Yakima - WA USA
2008,"Amarillo, TX",6348.0,71379.0,157780.0,6348.0,30238.0,54712.0,235507.0,91298.0,2.883828045035824,2.3605727892056354,1.0,Amarillo - TX USA
2007,"El Centro, CA",11353.0,71601.0,78793.0,11353.0,23613.0,22699.0,161747.0,57665.0,3.4712101854707256,3.0322703595477067,1.0,El Centro - CA USA
2012,"Salisbury, MD-DE",17050.0,102059.0,263132.0,17050.0,36841.0,105478.0,382241.0,159369.0,2.4946623940537362,2.7702559648218017,1.0,Salisbury - MD USA
2008,"Sacramento--Roseville--Arden-Arcade, CA",45374.0,765748.0,1298967.0,45374.0,288001.0,476623.0,2110089.0,809998.0,2.725355259817508,2.6588379901458676,1.0,Sacramento - CA USA
2021,"Harrisburg-Carlisle, PA",21191.0,144170.0,430746.0,21191.0,72343.0,170910.0,596107.0,264444.0,2.520308934526944,1.9928673126632845,1.0,Harrisburg - PA USA
2012,"Dover, DE",4665.0,47563.0,114972.0,4665.0,17643.0,41856.0,167200.0,64164.0,2.7468463302752295,2.6958567137108203,1.0,Dover - DE USA
2008,"Ocala, FL",5153.0,89870.0,234549.0,5153.0,33813.0,102413.0,329572.0,141379.0,2.290226826672395,2.6578534883033154,1.0,Ocala - FL USA
2012,"Pueblo, CO",4206.0,52733.0,95180.0,4206.0,21383.0,37946.0,152119.0,63535.0,2.5083012702261107,2.4661179441612497,1.0,Pueblo - CO USA
2018,"Houma-Thibodaux, LA",3188.0,49082.0,179090.0,3188.0,20987.0,62893.0,231360.0,87068.0,2.8475347017951123,2.338685853147186,1.0,Houma-Thibodaux - LA USA
2011,"North Port-Sarasota-Bradenton, FL",9937.0,208131.0,490830.0,9937.0,86680.0,221046.0,708898.0,317663.0,2.220488043212725,2.4011421319796953,1.0,Sarasota - FL USA
2009,"Battle Creek, MI",3601.0,36631.0,95374.0,3601.0,15973.0,38555.0,135606.0,58129.0,2.4737128777071717,2.293307456332561,1.0,Battle Creek - MI USA
2019,"Manchester-Nashua, NH",4573.0,106750.0,250428.0,4573.0,50441.0,93454.0,361751.0,148468.0,2.6796926830312238,2.1163339346959815,1.0,Manchester - NH USA
2017,"Providence-Warwick, RI-MA",56803.0,543291.0,1048343.0,56803.0,243310.0,394064.0,1648437.0,694177.0,2.660336899589914,2.2329168550408944,1.0,Providence - RI USA
2019,"San Jose-Sunnyvale-Santa Clara, CA",37345.0,804071.0,1086469.0,37345.0,288030.0,355607.0,1927885.0,680982.0,3.0552520057254218,2.7916224004443984,1.0,San Jose - CA USA
2005,"North Port-Sarasota-Bradenton, FL",0.0,164292.0,494562.0,,74642.0,223035.0,658854.0,,2.2174187907727485,2.2010664237292676,,Sarasota - FL USA
2023,"Bismarck, ND",5513.0,29227.0,99805.0,5513.0,15847.0,41250.0,134545.0,62610.0,2.4195151515151516,1.8443238467848804,1.0,
2007,"Athens-Clarke County, GA",8646.0,63268.0,103223.0,8646.0,26748.0,38891.0,175137.0,74285.0,2.6541616312257337,2.3653357260355916,1.0,Athens - GA USA
2017,"Owensboro, KY",3883.0,32354.0,74191.0,3883.0,14501.0,30576.0,110428.0,48960.0,2.4264455782312924,2.2311564719674504,1.0,Owensboro - KY USA
2012,"Harrisburg-Carlisle, PA",19095.0,151821.0,383665.0,19095.0,68015.0,152131.0,554581.0,239241.0,2.5219383294660522,2.232169374402705,1.0,Harrisburg - PA USA
2006,"North Port-Sarasota-Bradenton, FL",10023.0,165560.0,507357.0,10023.0,74858.0,232810.0,682940.0,317691.0,2.179274945234311,2.21165406502979,1.0,Sarasota - FL USA
2011,"Orlando-Kissimmee-Sanford, FL",46160.0,759729.0,1366546.0,46160.0,284832.0,480636.0,2172435.0,811628.0,2.843203588578467,2.6672880856083587,1.0,Orlando - FL USA
2021,"Odessa, TX",1852.0,43898.0,115288.0,1852.0,19974.0,44195.0,161038.0,66021.0,2.6086208847154655,2.1977570842094725,1.0,Odessa - TX USA
2018,"Burlington-South Burlington, VT",9994.0,65971.0,144331.0,9994.0,30945.0,56383.0,220296.0,97322.0,2.5598318642143907,2.1318791404104056,1.0,Burlington - VT USA
2006,"Tallahassee, FL",17618.0,105343.0,169335.0,17618.0,52635.0,71513.0,292296.0,141766.0,2.367891152657559,2.0013869098508597,1.0,Tallahassee - FL USA
2012,"Johnstown, PA",8541.0,27398.0,105560.0,8541.0,13783.0,44445.0,141499.0,66769.0,2.375070311621105,1.9878110716099542,1.0,Johnstown - PA USA
2007,"Port St. Lucie, FL",5673.0,102258.0,292410.0,5673.0,38723.0,123428.0,400341.0,167824.0,2.369073467932722,2.6407561397618986,1.0,Port St. Lucie - FL USA
2009,"Chico, CA",4662.0,83046.0,132779.0,4662.0,32897.0,51543.0,220487.0,89102.0,2.576082106202588,2.524424719579293,1.0,Chico - CA USA
2018,"San Jose-Sunnyvale-Santa Clara, CA",37332.0,813715.0,1087432.0,37332.0,287573.0,357534.0,1938479.0,682439.0,3.0414785726672147,2.8295945725085456,1.0,San Jose - CA USA
2007,"Charlotte-Concord-Gastonia, NC-SC",34555.0,563753.0,1390454.0,34555.0,239461.0,529981.0,1988762.0,803997.0,2.6235921665116297,2.354258104660049,1.0,Charlotte - NC USA
2016,"Yuma, AZ",5366.0,60144.0,140156.0,5366.0,22743.0,50329.0,205666.0,78438.0,2.7847960420433546,2.644506001846722,1.0,Yuma - AZ USA
2020,"Orlando-Kissimmee-Sanford, FL",39397.0,857781.0,1676032.0,39397.0,307204.0,574492.0,2573210.0,921093.0,2.9174157342486926,2.7922195023502296,1.0,Orlando - FL USA
2021,"Santa Rosa, CA",9103.0,176542.0,301286.0,9103.0,70311.0,120275.0,486931.0,199689.0,2.5049760964456453,2.5108731208488004,1.0,Santa Rosa - CA USA
2015,"York-Hanover, PA",8882.0,110018.0,324361.0,8882.0,44189.0,121482.0,443261.0,174553.0,2.6700334205890583,2.4897146348638803,1.0,York - PA USA
2016,"Lafayette-West Lafayette, IN",18023.0,66439.0,103983.0,18023.0,30185.0,38219.0,188445.0,86427.0,2.7207148277034983,2.201060129203247,1.0,
2012,"Seattle-Tacoma-Bellevue, WA",62122.0,1289129.0,2199782.0,62122.0,556617.0,818560.0,3551033.0,1437299.0,2.687380277560594,2.3160072365738023,1.0,Seattle - WA USA
2023,"Jackson, MS",23229.0,158099.0,426045.0,23229.0,76221.0,164263.0,607373.0,263713.0,2.593675995202815,2.0742183912570025,1.0,Jackson - MS USA
2009,"St. Cloud, MN",12563.0,37912.0,138755.0,12563.0,19093.0,53086.0,189230.0,84742.0,2.61377764382323,1.9856491908029121,1.0,St. Cloud - MN USA
2016,"El Centro, CA",9434.0,67044.0,104473.0,9434.0,18055.0,26800.0,180951.0,54289.0,3.8982462686567163,3.713320409858765,1.0,El Centro - CA USA
2021,"Redding, CA",2566.0,64332.0,115170.0,2566.0,27136.0,44369.0,182068.0,74071.0,2.595731253803331,2.3707252358490565,1.0,Redding - CA USA
2007,"Bloomington, IL",9881.0,42167.0,112009.0,9881.0,19901.0,42770.0,164057.0,72552.0,2.6188683656768763,2.118838249334204,1.0,Bloomington - IL USA
2014,"Waco, TX",8831.0,94165.0,140312.0,8831.0,37480.0,49865.0,243308.0,96176.0,2.813837360874361,2.5124066168623265,1.0,Waco - TX USA
2023,"California-Lexington Park, MD",2334.0,23244.0,79147.0,2334.0,9552.0,29010.0,104725.0,40896.0,2.7282661151327128,2.4334170854271355,1.0,
2008,"El Centro, CA",10202.0,63931.0,89835.0,10202.0,20582.0,26252.0,163968.0,57036.0,3.422024988572299,3.1061607229618113,1.0,El Centro - CA USA
2011,"Baton Rouge, LA",24164.0,224289.0,559893.0,24164.0,90120.0,204733.0,808346.0,319017.0,2.734747207338338,2.4887816245006658,1.0,Baton Rouge - LA USA
2022,"Seattle-Tacoma-Bellevue, WA",72147.0,1385992.0,2575901.0,72147.0,647488.0,964093.0,4034040.0,1683728.0,2.6718387126553145,2.1405678560838193,1.0,Seattle - WA USA
2012,"Montgomery, AL",12199.0,118107.0,247628.0,12199.0,47854.0,95073.0,377934.0,155126.0,2.6046090898572674,2.468069544865633,1.0,Montgomery - AL USA
2021,"St. George, UT",2625.0,54597.0,133986.0,2625.0,21099.0,46990.0,191208.0,70714.0,2.8513726324749946,2.587658182852268,1.0,
2022,"Visalia-Porterville, CA",5956.0,192524.0,279150.0,5956.0,59404.0,83724.0,477630.0,149084.0,3.3341694137881612,3.24092653693354,1.0,Visalia - CA USA
2017,"Punta Gorda, FL",3288.0,39340.0,139068.0,3288.0,14616.0,61439.0,181696.0,79343.0,2.263513403538469,2.6915708812260535,1.0,Punta Gorda - FL USA
2013,"Charlotte-Concord-Gastonia, NC-SC",40253.0,794155.0,1543909.0,40253.0,308347.0,567935.0,2378317.0,916535.0,2.7184607393451716,2.575523679490963,1.0,Charlotte - NC USA
2017,"Ithaca, NY",13725.0,35018.0,56347.0,13725.0,17937.0,22294.0,105090.0,53956.0,2.527451332197004,1.9522774153983387,1.0,
2008,"Salinas, CA",17676.0,207365.0,237839.0,17676.0,66108.0,76732.0,462880.0,160516.0,3.099606422353125,3.1367610576632177,1.0,Salinas - CA USA
2017,"East Stroudsburg, PA",2677.0,32339.0,133335.0,2677.0,11451.0,46217.0,168351.0,60345.0,2.8849773892723456,2.824120164177801,1.0,East Stroudsburg - PA USA
2010,"Virginia Beach-Norfolk-Newport News, VA-NC",49610.0,565366.0,1031933.0,49610.0,222802.0,384061.0,1646909.0,656473.0,2.6868986957800973,2.5375265931185536,1.0,Norfolk - VA USA
2018,"Deltona-Daytona Beach-Ormond Beach, FL",10511.0,179674.0,469759.0,10511.0,70691.0,189008.0,659944.0,270210.0,2.485392152713113,2.5416814021586904,1.0,Daytona Beach - FL USA
2011,"Hammond, LA",2900.0,36641.0,82494.0,2900.0,13605.0,31051.0,122035.0,47556.0,2.6567260313677497,2.6932010290334434,1.0,Hammond - LA USA
2021,"Los Angeles-Long Beach-Anaheim, CA",231959.0,6139210.0,6625704.0,231959.0,2269560.0,2183224.0,12996873.0,4684743.0,3.0348255607303694,2.705022118824794,1.0,Los Angeles - CA USA
2012,"Saginaw, MI",6966.0,49098.0,142736.0,6966.0,21083.0,56927.0,198800.0,84976.0,2.5073515203681906,2.328795712185173,1.0,Saginaw - MI USA
2018,"Roanoke, VA",10098.0,101180.0,224127.0,10098.0,44266.0,90870.0,335405.0,145234.0,2.466457576758006,2.285727194686667,1.0,
2006,"Billings, MT",2446.0,33306.0,102529.0,2446.0,15317.0,39734.0,138281.0,57497.0,2.5803845573060853,2.1744466932166873,1.0,Billings - MT USA
2012,"Clarksville, TN-KY",11257.0,115564.0,180790.0,11257.0,43082.0,65958.0,307611.0,120297.0,2.7409866884987415,2.682419571979017,1.0,Clarksville - TN USA
2011,"Bridgeport-Stamford-Norwalk, CT",17516.0,261347.0,646994.0,17516.0,106690.0,224839.0,925857.0,349045.0,2.877587962942372,2.449592276689474,1.0,Stamford - CT USA
2023,"Lima, OH",2466.0,26818.0,71796.0,2466.0,12428.0,29719.0,101080.0,44613.0,2.415828258016757,2.157869327325394,1.0,
2020,"Lincoln, NE",13395.0,99100.0,212386.0,13395.0,53995.0,77503.0,324881.0,144893.0,2.740358437737894,1.835355125474581,1.0,Lincoln - NE USA
2014,"Saginaw, MI",6496.0,41437.0,147078.0,6496.0,19988.0,58011.0,195011.0,84495.0,2.535346744582924,2.0730938563137884,1.0,Saginaw - MI USA
2018,"Coeur d'Alene, ID",1786.0,44890.0,109061.0,1786.0,18614.0,43767.0,155737.0,64167.0,2.491854593643613,2.4116256581068014,1.0,
2009,"Billings, MT",2878.0,37933.0,103847.0,2878.0,17028.0,40496.0,144658.0,60402.0,2.5643767285657844,2.2276838148931173,1.0,Billings - MT USA
2018,"Albuquerque, NM",10646.0,288612.0,600549.0,10646.0,126210.0,226820.0,899807.0,363676.0,2.6476897980777707,2.2867601616353697,1.0,Albuquerque - NM USA
2015,"Gadsden, AL",1310.0,26993.0,74704.0,1310.0,9523.0,29809.0,103007.0,40642.0,2.5060887651380455,2.8345059330043054,1.0,Gadsden - AL USA
2021,"Youngstown-Warren-Boardman, OH-PA",16543.0,133906.0,388102.0,16543.0,66474.0,164062.0,538551.0,247079.0,2.365581304628738,2.0144116496675393,1.0,Youngstown - OH USA
2006,"East Stroudsburg, PA",2127.0,26012.0,137592.0,2127.0,10741.0,47280.0,165731.0,60148.0,2.9101522842639596,2.4217484405548833,1.0,East Stroudsburg - PA USA
2018,"Chicago-Naperville-Elgin, IL-IN-WI",162465.0,2966321.0,6323124.0,162465.0,1240411.0,2279229.0,9451910.0,3682105.0,2.7742381305257173,2.391401720881224,1.0,Chicago - IL USA
2023,"Madera, CA",6665.0,55581.0,100820.0,6665.0,15561.0,31220.0,163066.0,53446.0,3.2293401665598975,3.571814150761519,1.0,Madera - CA USA
2011,"Amarillo, TX",8480.0,76829.0,160516.0,8480.0,32445.0,58973.0,245825.0,99898.0,2.7218557645023993,2.3679765757435662,1.0,Amarillo - TX USA
2016,"Janesville-Beloit, WI",3370.0,41270.0,117346.0,3370.0,19009.0,44213.0,161986.0,66592.0,2.654106258340307,2.1710768583302644,1.0,Janesville-Beloit - WI USA
2011,"Kankakee, IL",5443.0,33575.0,74873.0,5443.0,12088.0,29061.0,113891.0,46592.0,2.5764082447266095,2.7775479814692257,1.0,Kankakee - IL USA
2013,"Lawrence, KS",9027.0,46565.0,58862.0,9027.0,19750.0,22720.0,114454.0,51497.0,2.590757042253521,2.3577215189873417,1.0,
2006,"Monroe, LA",4195.0,50390.0,94529.0,4195.0,19521.0,36885.0,149114.0,60601.0,2.562803307577606,2.581322678141489,1.0,Monroe - LA USA
2018,"Houston-The Woodlands-Sugar Land, TX",80006.0,2476645.0,4358870.0,80006.0,925336.0,1407601.0,6915521.0,2412943.0,3.096665887563308,2.676481840109971,1.0,Houston - TX USA
2009,"Los Angeles-Long Beach-Anaheim, CA",249288.0,5951835.0,6673404.0,249288.0,2037280.0,2104813.0,12874527.0,4391381.0,3.1705448417507873,2.9214614584151417,1.0,Los Angeles - CA USA
2008,"Wausau, WI",691.0,31317.0,98874.0,691.0,15559.0,38433.0,130882.0,54683.0,2.5726328936070564,2.012790025065878,1.0,Wausau - WI USA
2022,"Tyler, TX",5798.0,62020.0,174207.0,5798.0,23335.0,57554.0,242025.0,86687.0,3.026844354866734,2.6578101564173986,1.0,Tyler - TX USA
2008,"Harrisburg-Carlisle, PA",17699.0,134984.0,378084.0,17699.0,63151.0,149862.0,530767.0,230712.0,2.522881050566521,2.1374800082342325,1.0,Harrisburg - PA USA
2020,"Ithaca, NY",12841.0,31148.0,55135.0,12841.0,17893.0,24326.0,99124.0,55060.0,2.266504974101784,1.740792488682725,1.0,
2012,"Winston-Salem, NC",12436.0,192574.0,421259.0,12436.0,81254.0,164086.0,626269.0,257776.0,2.5673061687164047,2.3700248603145693,1.0,Winston-Salem - NC USA
2022,"Wichita Falls, TX",11924.0,43294.0,74771.0,11924.0,20231.0,29980.0,129989.0,62135.0,2.4940293529019346,2.139983194108052,1.0,Wichita Falls - TX USA
2007,"Vineland-Bridgeton, NJ",10112.0,43193.0,101990.0,10112.0,15688.0,35197.0,155295.0,60997.0,2.8976901440463676,2.753250892401836,1.0,Vineland - NJ USA
2020,"Eugene, OR",8216.0,138676.0,235991.0,8216.0,64026.0,90547.0,382883.0,162789.0,2.6062818204910156,2.165932589885359,1.0,Eugene - OR USA
2018,"Norwich-New London, CT",13110.0,76748.0,177750.0,13110.0,36300.0,71798.0,267608.0,121208.0,2.4756957018301344,2.114269972451791,1.0,Norwich - CT USA
2018,"Hanford-Corcoran, CA",13396.0,68618.0,69057.0,13396.0,20196.0,23531.0,151071.0,57123.0,2.934724406102588,3.39760348583878,1.0,Hanford-Corcoran - CA USA
2020,"Columbia, MO",9098.0,59083.0,115976.0,9098.0,29893.0,41609.0,184157.0,80600.0,2.78728159773126,1.9764827886127188,1.0,Columbia - MO USA
2019,"Birmingham-Hoover, AL",23497.0,328826.0,787599.0,23497.0,144290.0,304885.0,1139922.0,472672.0,2.583265821539269,2.2789243883845036,1.0,Birmingham - AL USA
2007,"Blacksburg-Christiansburg-Radford, VA",14607.0,57711.0,100206.0,14607.0,25857.0,42962.0,172524.0,83426.0,2.3324333131604673,2.231929458173802,1.0,Blacksburg - VA USA
2011,"Springfield, MO",11866.0,138625.0,245549.0,11866.0,60451.0,97342.0,396040.0,169659.0,2.5225390889852273,2.293179600006617,1.0,Springfield - MO USA
2019,"New Orleans-Metairie, LA",18462.0,421177.0,830614.0,18462.0,176200.0,309067.0,1270253.0,503729.0,2.6874884733730875,2.3903348467650396,1.0,New Orleans - LA USA
2014,"Roanoke, VA",8696.0,98068.0,228123.0,8696.0,43894.0,94729.0,334887.0,147319.0,2.408164342492795,2.2342005741103566,1.0,
2011,"Kingsport-Bristol-Bristol, TN-VA",6385.0,86491.0,251897.0,6385.0,37936.0,105217.0,344773.0,149538.0,2.3940713002651663,2.279918810628427,1.0,Kingsport - TN USA
2016,"Chattanooga, TN-GA",16199.0,160030.0,356981.0,16199.0,66070.0,138120.0,533210.0,220389.0,2.584571387199537,2.4221280460118058,1.0,Chattanooga - TN USA
2006,"Jackson, MI",12679.0,31006.0,120126.0,12679.0,14281.0,46261.0,163811.0,73221.0,2.596701325090249,2.171136475036762,1.0,Jackson - MI USA
2006,"Springfield, OH",5053.0,42208.0,91118.0,5053.0,17427.0,37490.0,138379.0,59970.0,2.4304614563883704,2.4219888678487407,1.0,Springfield - OH USA
2007,"Hanford-Corcoran, CA",19332.0,56736.0,71993.0,19332.0,15713.0,23301.0,148061.0,58346.0,3.089695721213682,3.610768153758035,1.0,Hanford-Corcoran - CA USA
2006,"Rochester, NY",46350.0,255901.0,732773.0,46350.0,121758.0,276169.0,1035024.0,444277.0,2.6533499415213146,2.101718162256279,1.0,Rochester - NY USA
2015,"Houma-Thibodaux, LA",3820.0,54532.0,176829.0,3820.0,22359.0,63632.0,235181.0,89811.0,2.778931983907468,2.4389283957243166,1.0,Houma-Thibodaux - LA USA
2007,"Fresno, CA",16195.0,389633.0,493583.0,16195.0,123513.0,156981.0,899411.0,296689.0,3.144221275186169,3.154591014711002,1.0,Fresno - CA USA
2014,"Denver-Aurora-Lakewood, CO",34826.0,983080.0,1824421.0,34826.0,406800.0,681510.0,2842327.0,1123136.0,2.677027483089023,2.4166175024582106,1.0,Denver - CO USA
2017,"McAllen-Edinburg-Mission, TX",10312.0,263671.0,586589.0,10312.0,80169.0,159656.0,860572.0,250137.0,3.6740805231247182,3.288939615063179,1.0,McAllen - TX USA
2012,"Canton-Massillon, OH",9025.0,111472.0,282655.0,9025.0,50436.0,111326.0,403152.0,170787.0,2.5389846037762966,2.2101673407883258,1.0,Canton - OH USA
2005,"Youngstown-Warren-Boardman, OH-PA",0.0,130213.0,436147.0,,61510.0,175303.0,566360.0,,2.487960844937052,2.1169403349048936,,Youngstown - OH USA
2013,"Barnstable Town, MA",3018.0,57078.0,182300.0,3018.0,24330.0,79466.0,242396.0,106814.0,2.294062869654947,2.345992601726264,1.0,Barnstable Town - MA USA
2008,"Visalia-Porterville, CA",4500.0,175782.0,245936.0,4500.0,51698.0,72349.0,426218.0,128547.0,3.3993006123097764,3.400170219350845,1.0,Visalia - CA USA
2021,"San Antonio-New Braunfels, TX",40274.0,837211.0,1644512.0,40274.0,343874.0,575011.0,2521997.0,959159.0,2.859966157169167,2.4346446663603527,1.0,San Antonio - TX USA
2007,"Louisville/Jefferson County, KY-IN",20605.0,316900.0,817677.0,20605.0,138354.0,326020.0,1155182.0,484979.0,2.5080577878657753,2.290501178137242,1.0,Louisville - KY USA
2011,"Durham-Chapel Hill, NC",24932.0,169970.0,278791.0,24932.0,76316.0,111720.0,473693.0,212968.0,2.4954439670605084,2.2271869594842495,1.0,Durham - NC USA
2012,"San Diego-Carlsbad, CA",90298.0,1431157.0,1655994.0,90298.0,503957.0,575695.0,3177449.0,1169950.0,2.8765127367790235,2.8398395101169345,1.0,San Diego - CA USA
2013,"San Jose-Sunnyvale-Santa Clara, CA",31367.0,784936.0,1043918.0,31367.0,271148.0,348189.0,1860221.0,650704.0,2.9981360697781954,2.894861846666765,1.0,San Jose - CA USA
2020,"Ocala, FL",9488.0,82886.0,284270.0,9488.0,34920.0,121685.0,376644.0,166093.0,2.336113736286313,2.3735967926689576,1.0,Ocala - FL USA
2013,"Eau Claire, WI",7029.0,41251.0,106270.0,7029.0,19942.0,40695.0,154550.0,67666.0,2.6113773190809684,2.0685487914953367,1.0,Eau Claire - WI USA
2021,"Gainesville, FL",14167.0,108268.0,157289.0,14167.0,46899.0,61288.0,279724.0,122354.0,2.56639146325545,2.308535363227361,1.0,Gainesville - FL USA
2023,"Santa Cruz-Watsonville, CA",16115.0,95384.0,149469.0,16115.0,39257.0,59812.0,260968.0,115184.0,2.498980137764997,2.429732277046132,1.0,Santa Cruz - CA USA
2008,"Greensboro-High Point, NC",18190.0,220013.0,530742.0,18190.0,94141.0,208814.0,768945.0,321145.0,2.541697395768483,2.337058242423599,1.0,Greensboro - NC USA
2017,"Lynchburg, VA",13388.0,67332.0,179735.0,13388.0,29485.0,68923.0,260455.0,111796.0,2.6077651872379324,2.2836018314397153,1.0,Lynchburg - VA USA
2012,"Michigan City-La Porte, IN",9951.0,29266.0,72272.0,9951.0,13488.0,29980.0,111489.0,53419.0,2.4106737825216813,2.1697805456702253,1.0,Michigan City-La Porte - IN USA
2019,"Syracuse, NY",32593.0,182568.0,446540.0,32593.0,86011.0,174987.0,661701.0,293591.0,2.55184670861264,2.122612224017858,1.0,Syracuse - NY USA
2013,"Topeka, KS",5310.0,62510.0,157348.0,5310.0,30317.0,59313.0,225168.0,94940.0,2.6528417041795223,2.0618794735626875,1.0,
2023,"Wichita Falls, TX",10421.0,41618.0,78114.0,10421.0,17648.0,31756.0,130153.0,59825.0,2.4598186169542764,2.358227561196736,1.0,Wichita Falls - TX USA
2022,"Deltona-Daytona Beach-Ormond Beach, FL",18901.0,166144.0,521549.0,18901.0,73783.0,222452.0,706594.0,315136.0,2.344546239188679,2.2517924183077405,1.0,Daytona Beach - FL USA
2009,"Joplin, MO",3066.0,54180.0,117219.0,3066.0,19907.0,42413.0,174465.0,65386.0,2.7637516799094617,2.7216556990003515,1.0,Joplin - MO USA
2012,"Riverside-San Bernardino-Ontario, CA",78118.0,1625231.0,2645345.0,78118.0,478585.0,807366.0,4348694.0,1364069.0,3.2765127587735923,3.3959087727362953,1.0,Inland Empire - CA USA
2017,"Sheboygan, WI",3146.0,28879.0,83492.0,3146.0,15031.0,33316.0,115517.0,51493.0,2.5060631528394763,1.9212959882908656,1.0,Sheboygan - WI USA
2010,"Williamsport, PA",4950.0,34440.0,76651.0,4950.0,14741.0,30869.0,116041.0,50560.0,2.483106028701934,2.3363408181263146,1.0,Williamsport - PA USA
2012,"Tyler, TX",4939.0,70301.0,140290.0,4939.0,27787.0,50503.0,215530.0,83229.0,2.7778547809041045,2.5299960413142837,1.0,Tyler - TX USA
2015,"Wilmington, NC",7973.0,97027.0,172869.0,7973.0,41697.0,69850.0,277869.0,119520.0,2.474860415175376,2.3269539775043766,1.0,
2014,"Visalia-Porterville, CA",4999.0,209518.0,243279.0,4999.0,57649.0,75093.0,457796.0,137741.0,3.239702768566977,3.634373536401325,1.0,Visalia - CA USA
2012,"Salt Lake City, UT",14039.0,348148.0,812459.0,14039.0,128302.0,254611.0,1174646.0,396952.0,3.1909815365400553,2.7135040763199325,1.0,Salt Lake City - UT USA
2009,"Omaha-Council Bluffs, NE-IA",22657.0,266260.0,655454.0,22657.0,120502.0,247326.0,944371.0,390485.0,2.650162134187267,2.2095898823256044,1.0,Omaha - NE USA
2006,"Trenton, NJ",14503.0,99346.0,253682.0,14503.0,39627.0,87589.0,367531.0,141719.0,2.896276929751453,2.507028036439801,1.0,Trenton - NJ USA
2011,"Santa Maria-Santa Barbara, CA",16062.0,213606.0,197055.0,16062.0,69930.0,70958.0,426723.0,156950.0,2.7770653062374926,3.0545688545688545,1.0,Santa Barbara - CA USA
2007,"Oxnard-Thousand Oaks-Ventura, CA",9744.0,237873.0,551016.0,9744.0,81840.0,173826.0,798633.0,265410.0,3.169928549238894,2.9065615835777128,1.0,Ventura - CA USA
2020,"McAllen-Edinburg-Mission, TX",7851.0,232959.0,633936.0,7851.0,70378.0,169936.0,874746.0,248165.0,3.730439694943979,3.3101111142686634,1.0,McAllen - TX USA
2023,"Wilmington, NC",6354.0,91429.0,209799.0,6354.0,46371.0,87243.0,307582.0,139968.0,2.404765998418211,1.9716848892626857,1.0,
2006,"Baltimore-Columbia-Towson, MD",69872.0,718424.0,1823801.0,69872.0,312171.0,674136.0,2612097.0,1056179.0,2.7053903070003678,2.3013796925403063,1.0,Baltimore - MD USA
2015,"Hickory-Lenoir-Morganton, NC",9948.0,116585.0,281771.0,9948.0,47291.0,110460.0,408304.0,167699.0,2.550887198986058,2.465268232856146,1.0,Hickory - NC USA
2011,"Montgomery, AL",14370.0,114970.0,238572.0,14370.0,43854.0,90883.0,367912.0,149107.0,2.6250453880263636,2.621653668992566,1.0,Montgomery - AL USA
2015,"Pensacola-Ferry Pass-Brent, FL",24659.0,160939.0,291626.0,24659.0,62631.0,115043.0,477224.0,202333.0,2.5349304173222187,2.569638038670946,1.0,Pensacola - FL USA
2019,"Stockton-Lodi, CA",20989.0,317054.0,424183.0,20989.0,96394.0,133848.0,762226.0,251231.0,3.169139621062698,3.289146627383447,1.0,Stockton - CA USA
2020,"Gainesville, FL",15829.0,107640.0,140313.0,15829.0,49270.0,57795.0,263782.0,122894.0,2.427770568388269,2.1846965699208445,1.0,Gainesville - FL USA
2020,"Merced, CA",6740.0,131305.0,137155.0,6740.0,39612.0,39085.0,275200.0,85437.0,3.509146731482666,3.3147783499949512,1.0,Merced - CA USA
2009,"Pueblo, CO",6626.0,44638.0,100110.0,6626.0,18248.0,39238.0,151374.0,64112.0,2.5513532799836893,2.4461858833844805,1.0,Pueblo - CO USA
2008,"Punta Gorda, FL",2831.0,32221.0,115018.0,2831.0,17041.0,56896.0,150070.0,76768.0,2.0215480877390326,1.890792793850126,1.0,Punta Gorda - FL USA
2007,"Riverside-San Bernardino-Ontario, CA",75796.0,1259555.0,2745728.0,75796.0,402733.0,839576.0,4081079.0,1318105.0,3.2703745700210582,3.127518728288966,1.0,Inland Empire - CA USA
2023,"St. Cloud, MN",9849.0,58986.0,140796.0,9849.0,26832.0,53927.0,209631.0,90608.0,2.6108628330891763,2.198345259391771,1.0,St. Cloud - MN USA
2012,"Bloomington, IN",14081.0,56625.0,70092.0,14081.0,24840.0,29134.0,140798.0,68055.0,2.405848836411066,2.279589371980676,1.0,Bloomington - IN USA
2005,"Lewiston-Auburn, ME",0.0,29381.0,74665.0,,12094.0,29827.0,104046.0,,2.50326885037047,2.4293864726310566,,Lewiston-Auburn - ME USA
2011,"Cape Coral-Fort Myers, FL",8927.0,207795.0,415130.0,8927.0,69235.0,169154.0,631852.0,247316.0,2.4541542026792156,3.00129992056041,1.0,Fort Myers - FL USA
2018,"Los Angeles-Long Beach-Anaheim, CA",226732.0,6474084.0,6588932.0,226732.0,2254423.0,2099883.0,13289748.0,4581038.0,3.1377614848065343,2.871725492509613,1.0,Los Angeles - CA USA
2005,"Punta Gorda, FL",0.0,23594.0,130435.0,,10809.0,60285.0,154029.0,,2.1636393796135027,2.1828106207789806,,Punta Gorda - FL USA
2020,"Wilmington, NC",8008.0,87263.0,192749.0,8008.0,44635.0,81305.0,288020.0,133948.0,2.370690609433614,1.955035286210373,1.0,
2010,"Fresno, CA",13634.0,431851.0,488175.0,13634.0,130694.0,154201.0,933660.0,298529.0,3.1658355004182854,3.304290939140282,1.0,Fresno - CA USA
2019,"Las Cruces, NM",4834.0,67664.0,145071.0,4834.0,27403.0,51691.0,217569.0,83928.0,2.806504033584183,2.469218698682626,1.0,Las Cruces - NM USA
2008,"Goldsboro, NC",5253.0,38181.0,70231.0,5253.0,16804.0,28390.0,113665.0,50447.0,2.473793589292004,2.272137586288979,1.0,Goldsboro - NC USA
2011,"Baltimore-Columbia-Towson, MD",66582.0,805859.0,1808323.0,66582.0,336741.0,668324.0,2680764.0,1071647.0,2.7057579856476797,2.393112213837935,1.0,Baltimore - MD USA
2017,"Bend-Redmond, OR",1106.0,60517.0,125007.0,1106.0,25749.0,48749.0,186630.0,75604.0,2.5642987548462535,2.350266029748728,1.0,Bend - OR USA
2014,"Jackson, MS",21435.0,193101.0,408657.0,21435.0,71998.0,154037.0,623193.0,247470.0,2.6529794789563548,2.682032834245396,1.0,Jackson - MS USA
2009,"Niles-Benton Harbor, MI",3499.0,43816.0,113239.0,3499.0,18158.0,45740.0,160554.0,67397.0,2.475710537822475,2.4130410838198038,1.0,Niles-Benton Harbor - MI USA
2021,"Gainesville, GA",1744.0,62059.0,143647.0,1744.0,22812.0,49642.0,207450.0,74198.0,2.8936585955440957,2.720454146940207,1.0,Gainesville - GA USA
2020,"Canton-Massillon, OH",9414.0,108021.0,282810.0,9414.0,51565.0,114575.0,400245.0,175554.0,2.4683395156011345,2.094851158731698,1.0,Canton - OH USA
2013,"Akron, OH",16108.0,214586.0,474760.0,16108.0,95552.0,185774.0,705454.0,297434.0,2.55557828329045,2.2457510046885467,1.0,Akron - OH USA
2011,"Spokane-Spokane Valley, WA",15989.0,144761.0,312819.0,15989.0,65758.0,121602.0,473569.0,203349.0,2.572482360487492,2.2014203594999846,1.0,Spokane - WA USA
2023,"New York-Newark-Jersey City, NY-NJ-PA",444911.0,8626203.0,11245796.0,444911.0,3743514.0,4048357.0,20316910.0,8236782.0,2.7778666752956815,2.3043063282252985,1.0,New York - NY USA
2009,"Bloomington, IL",8332.0,48113.0,111081.0,8332.0,22196.0,41787.0,167526.0,72315.0,2.6582669251202526,2.1676428185258607,1.0,Bloomington - IL USA
2006,"Lafayette, LA",6593.0,118846.0,269320.0,6593.0,47879.0,103494.0,394759.0,157966.0,2.6022764604711384,2.4822155851208256,1.0,Lafayette - LA USA
2018,"Midland, TX",2053.0,48155.0,122628.0,2053.0,19528.0,38108.0,172836.0,59689.0,3.217907001154613,2.4659463334698892,1.0,Midland - TX USA
2023,"Boston-Cambridge-Newton, MA-NH",167249.0,1572376.0,3249827.0,167249.0,756073.0,1218827.0,4989452.0,2142149.0,2.666356258927641,2.079661619975849,1.0,Boston - MA USA
2019,"Salisbury, MD-DE",14336.0,114258.0,287359.0,14336.0,43472.0,123362.0,415953.0,181170.0,2.3293964105640312,2.6283124769966877,1.0,Salisbury - MD USA
2017,"Medford, OR",3293.0,77003.0,137017.0,3293.0,32473.0,57228.0,217313.0,92994.0,2.394230097155239,2.3712930742462968,1.0,Medford - OR USA
2019,"Topeka, KS",5703.0,68366.0,149457.0,5703.0,30408.0,62183.0,223526.0,98294.0,2.4035025650097293,2.2482899237042884,1.0,
2020,"Rocky Mount, NC",2611.0,45283.0,99394.0,2611.0,16382.0,38692.0,147288.0,57685.0,2.5688514421585857,2.764192406299597,1.0,Rocky Mount - NC USA
2023,"Rochester, NY",41876.0,294551.0,732780.0,41876.0,149823.0,303361.0,1069207.0,495060.0,2.4155379234641234,1.9659932053156057,1.0,Rochester - NY USA
2017,"Fayetteville, NC",14782.0,148749.0,168522.0,14782.0,64833.0,62870.0,332053.0,142485.0,2.680483537458247,2.2943408449400766,1.0,Fayetteville - NC USA
2009,"Trenton, NJ",12450.0,110586.0,243422.0,12450.0,42956.0,82948.0,366458.0,138354.0,2.934633746443555,2.574401713381134,1.0,Trenton - NJ USA
2016,"Glens Falls, NY",3975.0,32015.0,90319.0,3975.0,14666.0,36948.0,126309.0,55589.0,2.444489552885136,2.1829401336424383,1.0,Glens Falls - NY USA
2006,"Louisville/Jefferson County, KY-IN",25738.0,298094.0,822687.0,25738.0,138389.0,324005.0,1146519.0,488132.0,2.5391182234842056,2.1540295832761274,1.0,Louisville - KY USA
2022,"Elkhart-Goshen, IN",2330.0,56706.0,147796.0,2330.0,22913.0,51449.0,206832.0,76692.0,2.8726700227409667,2.4748396107013484,1.0,Elkhart - IN USA
2020,"Las Vegas-Henderson-Paradise, NV",19899.0,942525.0,1358350.0,19899.0,358172.0,483924.0,2320774.0,861995.0,2.806949025053521,2.63148710675318,1.0,Las Vegas - NV USA
2022,"Lincoln, NE",13359.0,104371.0,207457.0,13359.0,54831.0,77839.0,325187.0,146029.0,2.6652063875435195,1.9035034925498349,1.0,Lincoln - NE USA
2011,"Harrisburg-Carlisle, PA",22521.0,157067.0,374220.0,22521.0,71424.0,149105.0,553808.0,243050.0,2.5097749907783107,2.1990787410394264,1.0,Harrisburg - PA USA
2009,"Evansville, IN-KY",7232.0,69137.0,183679.0,7232.0,32307.0,72004.0,260048.0,111543.0,2.550955502472085,2.1400006190608845,1.0,Evansville - IN USA
2014,"Parkersburg-Vienna, WV",1721.0,28468.0,73492.0,1721.0,11851.0,29901.0,103681.0,43473.0,2.4578442192568812,2.4021601552611593,1.0,
2015,"Olympia-Tumwater, WA",4075.0,91592.0,174044.0,4075.0,38690.0,66469.0,269711.0,109234.0,2.618423626051242,2.3673300594468856,1.0,Olympia - WA USA
2013,"Champaign-Urbana, IL",15840.0,72639.0,116228.0,15840.0,33727.0,44794.0,204707.0,94361.0,2.5947225074786804,2.153734396774098,1.0,Champaign-Urbana - IL USA
2014,"Cape Coral-Fort Myers, FL",10308.0,251188.0,417594.0,10308.0,87464.0,175831.0,679090.0,273603.0,2.374973696333411,2.8719015823653162,1.0,Fort Myers - FL USA
2020,"Daphne-Fairhope-Foley, AL",2616.0,34974.0,193281.0,2616.0,15383.0,70733.0,230871.0,88732.0,2.7325435086875998,2.2735487226158746,1.0,Daphne-Fairhope-Foley - AL USA
2007,"Ocala, FL",7452.0,66017.0,251538.0,7452.0,27635.0,101186.0,325007.0,136273.0,2.4858972585140235,2.3888908992220013,1.0,Ocala - FL USA
2009,"Dover, DE",3216.0,32793.0,121665.0,3216.0,13684.0,44369.0,157674.0,61269.0,2.7421172440217267,2.3964484068985676,1.0,Dover - DE USA
2013,"Tuscaloosa, AL",9959.0,76832.0,131306.0,9959.0,28568.0,47452.0,218097.0,85979.0,2.767133102925061,2.6894427331279753,1.0,
2007,"Columbus, OH",41483.0,535263.0,1143173.0,41483.0,235415.0,436312.0,1719919.0,713210.0,2.6200815013109886,2.273699636811588,1.0,Columbus - OH USA
2011,"Decatur, AL",1390.0,38498.0,113889.0,1390.0,14294.0,44461.0,153777.0,60145.0,2.5615483232495895,2.6932978872254094,1.0,Decatur - AL USA
2010,"Kingsport-Bristol-Bristol, TN-VA",8297.0,86608.0,247879.0,8297.0,39546.0,103917.0,342784.0,151760.0,2.385355620350857,2.19005714863703,1.0,Kingsport - TN USA
2023,"Springfield, MO",10692.0,137489.0,292249.0,10692.0,69222.0,112979.0,440430.0,192893.0,2.5867550606749927,1.986203808037907,1.0,Springfield - MO USA
2023,"Miami-Fort Lauderdale-West Palm Beach, FL",87725.0,2229289.0,3828130.0,87725.0,892906.0,1445643.0,6145144.0,2426274.0,2.6480465785812957,2.4966670623783465,1.0,Miami - FL USA
2007,"Pueblo, CO",3061.0,39717.0,103277.0,3061.0,15859.0,39839.0,146055.0,58759.0,2.5923592459650093,2.5043823696323853,1.0,Pueblo - CO USA
2016,"Canton-Massillon, OH",9272.0,105394.0,286353.0,9272.0,49123.0,114081.0,401019.0,172476.0,2.5100849396481446,2.1455122854874498,1.0,Canton - OH USA
2005,"Oxnard-Thousand Oaks-Ventura, CA",0.0,237821.0,554043.0,,79546.0,174034.0,791864.0,,3.1835331027270533,2.9897292132853948,,Ventura - CA USA
2009,"Santa Cruz-Watsonville, CA",8379.0,97561.0,150427.0,8379.0,36191.0,56036.0,256367.0,100606.0,2.6844706974088086,2.6957254566052335,1.0,Santa Cruz - CA USA
2013,"Wichita Falls, TX",13804.0,39293.0,78534.0,13804.0,19116.0,30693.0,131631.0,63613.0,2.5586941647932755,2.0555032433563505,1.0,Wichita Falls - TX USA
2017,"Phoenix-Mesa-Scottsdale, AZ",80790.0,1655182.0,2992468.0,80790.0,607062.0,1064834.0,4728440.0,1752686.0,2.8102671402303083,2.7265452293175985,1.0,Phoenix - AZ USA
2016,"State College, PA",19044.0,48358.0,94343.0,19044.0,20887.0,36523.0,161745.0,76454.0,2.583112011609123,2.315219993297266,1.0,State College - PA USA
2012,"Atlanta-Sandy Springs-Roswell, GA",86847.0,1841304.0,3503387.0,86847.0,691400.0,1227128.0,5431538.0,2005375.0,2.8549483020516195,2.663153022852184,1.0,Atlanta - GA USA
2006,"Olympia-Tumwater, WA",2691.0,65893.0,166184.0,2691.0,29075.0,63218.0,234768.0,94984.0,2.628744977696226,2.266311263972485,1.0,Olympia - WA USA
2011,"Pensacola-Ferry Pass-Brent, FL",23037.0,139595.0,290974.0,23037.0,52105.0,113238.0,453606.0,188380.0,2.569579116550981,2.679109490451972,1.0,Pensacola - FL USA
2006,"Las Cruces, NM",5204.0,63100.0,125417.0,5204.0,24615.0,42510.0,193721.0,72329.0,2.950294048459186,2.5634775543367865,1.0,Las Cruces - NM USA
2018,"Burlington, NC",4664.0,50985.0,110894.0,4664.0,21052.0,43661.0,166543.0,69377.0,2.5398868555461394,2.421860155804674,1.0,Burlington - NC USA
2008,"Raleigh, NC",22839.0,309898.0,753985.0,22839.0,125975.0,275557.0,1086722.0,424371.0,2.736221543999971,2.4599960309585236,1.0,Raleigh - NC USA
2017,"Yakima, WA",3346.0,98605.0,148045.0,3346.0,32486.0,49620.0,249996.0,85452.0,2.9835751713018945,3.0353075170842825,1.0,Yakima - WA USA
2019,"Lewiston-Auburn, ME",3043.0,37552.0,67609.0,3043.0,16656.0,29268.0,108204.0,48967.0,2.309997266639333,2.254562920268972,1.0,Lewiston-Auburn - ME USA
2006,"Davenport-Moline-Rock Island, IA-IL",9940.0,92140.0,270300.0,9940.0,42510.0,108012.0,372380.0,160462.0,2.502499722253083,2.1674900023523875,1.0,Davenport - IA USA
2013,"Vallejo-Fairfield, CA",11007.0,167167.0,246929.0,11007.0,58141.0,84437.0,425103.0,153585.0,2.9244170209742175,2.8751999449613868,1.0,Vallejo-Fairfield - CA USA
2005,"San Angelo, TX",0.0,28619.0,74529.0,,13353.0,28347.0,103148.0,,2.6291671076304373,2.143263686063057,,San Angelo - TX USA
2005,"Ocala, FL",0.0,60716.0,233241.0,,25696.0,100392.0,293957.0,,2.3233026535978962,2.3628580323785804,,Ocala - FL USA
2020,"Amarillo, TX",9430.0,89200.0,155433.0,9430.0,37349.0,59693.0,254063.0,106472.0,2.6038731509557236,2.3882834881790678,1.0,Amarillo - TX USA
2022,"Fresno, CA",21768.0,435599.0,558325.0,21768.0,147542.0,179439.0,1015692.0,348749.0,3.1115030734678637,2.952372883653468,1.0,Fresno - CA USA
2009,"Saginaw, MI",7147.0,48345.0,144308.0,7147.0,20343.0,58518.0,199800.0,86008.0,2.4660446358385455,2.376493142604336,1.0,Saginaw - MI USA
2015,"Cleveland-Elyria, OH",43663.0,650195.0,1367054.0,43663.0,300458.0,549015.0,2060912.0,893136.0,2.4900121126016592,2.16401294024456,1.0,Cleveland - OH USA
2017,"Lake Havasu City-Kingman, AZ",3276.0,74699.0,148561.0,3276.0,28746.0,66845.0,226536.0,98867.0,2.2224698930361284,2.598587629583246,1.0,Lake Havasu - AZ USA
2010,"Florence-Muscle Shoals, AL",6174.0,36762.0,104433.0,6174.0,17385.0,43526.0,147369.0,67085.0,2.399324541653265,2.11458153580673,1.0,Florence-Muscle Shoals - AL USA
2023,"Akron, OH",15663.0,196499.0,485883.0,15663.0,94686.0,203507.0,698045.0,313856.0,2.3875493226277227,2.07526983925818,1.0,Akron - OH USA
2018,"Hartford-West Hartford-East Hartford, CT",44782.0,342708.0,818381.0,44782.0,152921.0,317707.0,1205871.0,515410.0,2.575898548033251,2.2410787269243597,1.0,Hartford - CT USA
2009,"Alexandria, LA",4572.0,39013.0,90203.0,4572.0,16122.0,32500.0,133788.0,53194.0,2.775476923076923,2.419861059421908,1.0,Alexandria - LA USA
2021,"Chico, CA",6027.0,78065.0,124488.0,6027.0,33411.0,47942.0,208580.0,87380.0,2.5966376037712235,2.336505941157104,1.0,Chico - CA USA
2019,"Des Moines-West Des Moines, IA",13628.0,193694.0,512359.0,13628.0,89611.0,199241.0,719681.0,302480.0,2.5715540476106824,2.161498030375735,1.0,
2015,"Cape Coral-Fort Myers, FL",9774.0,237523.0,454232.0,9774.0,80964.0,182729.0,701529.0,273467.0,2.4858232683372643,2.9336865767501608,1.0,Fort Myers - FL USA
2010,"Memphis, TN-MS-AR",30319.0,460482.0,822392.0,30319.0,175153.0,300079.0,1313193.0,505551.0,2.740584979288787,2.629027193368084,1.0,Memphis - TN USA
2017,"Montgomery, AL",13062.0,126841.0,234359.0,13062.0,52305.0,89655.0,374262.0,155022.0,2.614009257710111,2.425026288117771,1.0,Montgomery - AL USA
2009,"Lubbock, TX",11691.0,103288.0,155615.0,11691.0,44547.0,60644.0,270594.0,116882.0,2.566041158234945,2.3186297618245897,1.0,Lubbock - TX USA
2019,"Hartford-West Hartford-East Hartford, CT",44673.0,339208.0,820772.0,44673.0,161254.0,315613.0,1204653.0,521540.0,2.6005646155259763,2.103563322460218,1.0,Hartford - CT USA
2007,"Atlanta-Sandy Springs-Roswell, GA",71071.0,1485456.0,3582328.0,71071.0,552735.0,1267802.0,5138855.0,1891608.0,2.8256210354613733,2.6874650601101795,1.0,Atlanta - GA USA
2008,"Little Rock-North Little Rock-Conway, AR",14654.0,215726.0,416634.0,14654.0,93163.0,168222.0,647014.0,276039.0,2.4766915147840356,2.3155759260650686,1.0,Little Rock - AR USA
2019,"Charleston-North Charleston, SC",17124.0,243545.0,541526.0,17124.0,99757.0,204217.0,802195.0,321098.0,2.651718515108928,2.441382559619876,1.0,Charleston - SC USA
2017,"Oshkosh-Neenah, WI",8130.0,48299.0,114083.0,8130.0,24796.0,45213.0,170512.0,78139.0,2.523234467962754,1.9478544926601065,1.0,
2020,"Racine, WI",5228.0,45294.0,148688.0,5228.0,22592.0,57362.0,199210.0,85182.0,2.5920992991876153,2.0048689801699715,1.0,Racine - WI USA
2022,"Laredo, TX",2740.0,89745.0,175273.0,2740.0,30039.0,52480.0,267758.0,85259.0,3.3398056402439025,2.9876160990712073,1.0,Laredo - TX USA
2019,"Jackson, TN",4606.0,37787.0,72801.0,4606.0,15673.0,29624.0,115194.0,49903.0,2.457500675128274,2.4109615261915396,1.0,Jackson - TN USA
2008,"San Angelo, TX",6178.0,34603.0,70278.0,6178.0,14901.0,27162.0,111059.0,48241.0,2.5873647006847804,2.322193141399906,1.0,San Angelo - TX USA
2022,"Baton Rouge, LA",30712.0,230921.0,591994.0,30712.0,100567.0,228883.0,853627.0,360162.0,2.5864480979365,2.296190599301958,1.0,Baton Rouge - LA USA
2010,"Riverside-San Bernardino-Ontario, CA",67586.0,1462709.0,2714411.0,67586.0,431575.0,833476.0,4244706.0,1332637.0,3.256735646857258,3.3892347795863986,1.0,Inland Empire - CA USA
2017,"Huntsville, AL",12060.0,123091.0,290515.0,12060.0,56880.0,113427.0,425666.0,182367.0,2.561250848563393,2.1640471167369904,1.0,Huntsville - AL USA
2020,"Reading, PA",12774.0,104940.0,299154.0,12774.0,46399.0,111594.0,416868.0,170767.0,2.6807355234152372,2.261686674281773,1.0,Reading - PA USA
2016,"Minneapolis-St. Paul-Bloomington, MN-WI",67074.0,943545.0,2587712.0,67074.0,425618.0,954750.0,3598331.0,1447442.0,2.710355590468709,2.2168822747158248,1.0,Minneapolis - MN USA
2023,"Baltimore-Columbia-Towson, MD",59055.0,793474.0,1929900.0,59055.0,369861.0,737044.0,2782429.0,1165960.0,2.618432549481442,2.1453302727240775,1.0,Baltimore - MD USA
2014,"Portland-South Portland, ME",11724.0,138811.0,373100.0,11724.0,62985.0,152249.0,523635.0,226958.0,2.4505908084782164,2.2038739382392634,1.0,Portland - ME USA
2008,"College Station-Bryan, TX",13087.0,75660.0,86432.0,13087.0,33507.0,29538.0,175179.0,76132.0,2.9261290540998037,2.2580356343450623,1.0,College Station-Bryan - TX USA
2023,"Colorado Springs, CO",21921.0,224208.0,522670.0,21921.0,101358.0,210170.0,768799.0,333449.0,2.486891563972023,2.2120404901438464,1.0,Colorado Springs - CO USA
2020,"San Francisco-Oakland-Hayward, CA",75430.0,1857976.0,2735551.0,75430.0,750195.0,942607.0,4668957.0,1768232.0,2.9021119087806477,2.476657402408707,1.0,San Francisco - CA USA
2014,"Clarksville, TN-KY",11075.0,118316.0,182436.0,11075.0,45142.0,64998.0,311827.0,121215.0,2.8067940552016983,2.6209738159585307,1.0,Clarksville - TN USA
2023,"Barnstable Town, MA",3586.0,49245.0,214420.0,3586.0,26542.0,96617.0,267251.0,126745.0,2.219278180858441,1.8553613141436214,1.0,Barnstable Town - MA USA
2015,"Fayetteville-Springdale-Rogers, AR-MO",10073.0,176454.0,287853.0,10073.0,69292.0,105282.0,474380.0,184647.0,2.73411409357725,2.5465277376897766,1.0,Northwest Arkansas - AR USA
2005,"Riverside-San Bernardino-Ontario, CA",0.0,1187726.0,2652369.0,,392010.0,821041.0,3840095.0,,3.230495188425426,3.0298359735721028,,Inland Empire - CA USA
2022,"Provo-Orem, UT",14118.0,181052.0,507364.0,14118.0,64297.0,139988.0,702534.0,218403.0,3.624339229076778,2.8158701028041744,1.0,Provo - UT USA
2023,"Des Moines-West Des Moines, IA",9356.0,169874.0,453397.0,9356.0,85328.0,173130.0,632627.0,267814.0,2.6188240050828857,1.9908353647102943,1.0,
2011,Not in identifiable area,2524394.0,18612088.0,47877472.0,2524394.0,7696586.0,18726918.0,69013954.0,28947898.0,2.556612465542915,2.4182264708014696,1.0,
2022,"Clarksville, TN-KY",10766.0,115541.0,218783.0,10766.0,46221.0,83673.0,345090.0,140660.0,2.6147383265808566,2.499751195344108,1.0,Clarksville - TN USA
2014,"St. Joseph, MO-KS",8116.0,35813.0,75839.0,8116.0,14336.0,29099.0,119768.0,51551.0,2.6062407642874326,2.4981166294642856,1.0,
2023,"Lansing-East Lansing, MI",22889.0,124592.0,325452.0,22889.0,62510.0,131521.0,472933.0,216920.0,2.474524980801545,1.9931530955047192,1.0,Lansing - MI USA
2012,"Columbia, SC",35086.0,238719.0,511716.0,35086.0,93221.0,200819.0,785521.0,329126.0,2.548145344812991,2.5607856598835026,1.0,
2011,"Wichita Falls, TX",12138.0,35844.0,82109.0,12138.0,15332.0,30473.0,130091.0,57943.0,2.694483641256194,2.337855465692669,1.0,Wichita Falls - TX USA
2009,"Jackson, TN",4164.0,28282.0,81871.0,4164.0,11563.0,31201.0,114317.0,46928.0,2.623986410691965,2.445905041944132,1.0,Jackson - TN USA
2010,"Battle Creek, MI",1614.0,35411.0,98949.0,1614.0,15096.0,37504.0,135974.0,54214.0,2.6383585750853245,2.345720720720721,1.0,Battle Creek - MI USA
2021,"Topeka, KS",5625.0,62273.0,158827.0,5625.0,29092.0,63893.0,226725.0,98610.0,2.4858278684675943,2.1405541042210916,1.0,
2021,"Albuquerque, NM",10791.0,256176.0,635780.0,10791.0,116600.0,254113.0,902747.0,381504.0,2.501957790431816,2.19704974271012,1.0,Albuquerque - NM USA
2012,"Bend-Redmond, OR",1405.0,57722.0,103217.0,1405.0,22948.0,43137.0,162344.0,67490.0,2.3927718663792104,2.515339027366219,1.0,Bend - OR USA
2010,"Morgantown, WV",10436.0,40314.0,79580.0,10436.0,17572.0,30874.0,130330.0,58882.0,2.5775733627000066,2.2942180742089686,1.0,Morgantown - WV USA
2010,"San Francisco-Oakland-Hayward, CA",64989.0,1810017.0,2470565.0,64989.0,727447.0,874064.0,4345571.0,1666500.0,2.8265264328470225,2.4881771455514974,1.0,San Francisco - CA USA
2021,"Oshkosh-Neenah, WI",6937.0,52108.0,112633.0,6937.0,25322.0,47472.0,171678.0,79731.0,2.3726196494775866,2.0578153384408813,1.0,
2008,"Pensacola-Ferry Pass-Brent, FL",22919.0,116915.0,313174.0,22919.0,46147.0,119817.0,453008.0,188883.0,2.6137693315639683,2.5335341408975665,1.0,Pensacola - FL USA
2016,"Augusta-Richmond County, GA-SC",14933.0,183119.0,344100.0,14933.0,69152.0,130272.0,542152.0,214357.0,2.6413964627855564,2.648065131883387,1.0,Augusta - GA USA
2005,"Terre Haute, IN",0.0,38686.0,99442.0,,18402.0,40598.0,138128.0,,2.44943100645352,2.1022714922291055,,Terre Haute - IN USA
2008,"Farmington, NM",1215.0,30311.0,90950.0,1215.0,10393.0,29468.0,122476.0,41076.0,3.0863988054839147,2.916482247666699,1.0,Farmington - NM USA
2015,Not in identifiable area,2512448.0,19862032.0,46848437.0,2512448.0,8165994.0,18342205.0,69222917.0,29020647.0,2.554133322574903,2.432285891956325,1.0,
2007,"Trenton, NJ",12007.0,98189.0,255209.0,12007.0,38704.0,89322.0,365405.0,140033.0,2.8571796421934126,2.5369212484497727,1.0,Trenton - NJ USA
2016,"Flagstaff, AZ",14416.0,47531.0,78735.0,14416.0,18688.0,28720.0,140682.0,61824.0,2.7414693593314765,2.543396832191781,1.0,Flagstaff - AZ USA
2017,"Wilmington, NC",8074.0,93354.0,186716.0,8074.0,41853.0,76129.0,288144.0,126056.0,2.4526264629773147,2.2305211095978783,1.0,
2006,"Yuma, AZ",5625.0,52416.0,129590.0,5625.0,20327.0,49595.0,187631.0,75547.0,2.6129650166347416,2.578639248290451,1.0,Yuma - AZ USA
2006,"Farmington, NM",1100.0,32614.0,92747.0,1100.0,10112.0,28447.0,126461.0,39659.0,3.260343797236967,3.2252768987341773,1.0,Farmington - NM USA
2020,"Bremerton-Silverdale, WA",9233.0,70103.0,192795.0,9233.0,30752.0,77269.0,272131.0,117254.0,2.4951144702273873,2.2796240894901145,1.0,Bremerton - WA USA
2000,,0.0,85741668.0,187889897.0,,35389700.0,69330050.0,273631565.0,,2.7100787753650835,2.422785951844746,,
2013,"Atlantic City-Hammonton, NJ",6199.0,76500.0,179651.0,6199.0,31205.0,65158.0,262350.0,102562.0,2.757159519936155,2.45153020349303,1.0,Atlantic City - NJ USA
2009,"Flint, MI",5341.0,130397.0,358415.0,5341.0,56903.0,140225.0,494153.0,202469.0,2.555999286860403,2.2915663497530887,1.0,Flint - MI USA
2009,"Norwich-New London, CT",11402.0,71366.0,183792.0,11402.0,32105.0,71517.0,266560.0,115024.0,2.5699064558077103,2.222893630275658,1.0,Norwich - CT USA
2016,"Clarksville, TN-KY",11914.0,120789.0,186216.0,11914.0,45996.0,67958.0,318919.0,125868.0,2.7401630418788074,2.626076180537438,1.0,Clarksville - TN USA
2016,"Auburn-Opelika, AL",5438.0,63153.0,90016.0,5438.0,25530.0,33824.0,158607.0,64792.0,2.661305581835383,2.473678025851939,1.0,Auburn-Opelika - AL USA
2016,"Modesto, CA",5156.0,230086.0,306172.0,5156.0,75491.0,97392.0,541414.0,178039.0,3.1437079020864136,3.047860009802493,1.0,Modesto - CA USA
2012,"Columbus, OH",45920.0,656430.0,1140429.0,45920.0,278327.0,427861.0,1842779.0,752108.0,2.665419376853698,2.358484803845836,1.0,Columbus - OH USA
2017,"Santa Cruz-Watsonville, CA",11684.0,96314.0,166689.0,11684.0,36405.0,59536.0,274687.0,107625.0,2.799801800591239,2.6456256008790002,1.0,Santa Cruz - CA USA
2008,"Albany-Schenectady-Troy, NY",33277.0,219355.0,569000.0,33277.0,108980.0,216801.0,821632.0,359058.0,2.624526639637271,2.0128005138557534,1.0,Albany - NY USA
2016,"Fayetteville-Springdale-Rogers, AR-MO",10840.0,180882.0,295294.0,10840.0,75519.0,107665.0,487016.0,194024.0,2.7427111874796823,2.3951853176021927,1.0,Northwest Arkansas - AR USA
2015,"Jackson, MS",20685.0,200093.0,404658.0,20685.0,76652.0,152093.0,625436.0,249430.0,2.6605958196629693,2.6104080780671084,1.0,Jackson - MS USA
2020,"Little Rock-North Little Rock-Conway, AR",13730.0,216598.0,462322.0,13730.0,103685.0,193156.0,692650.0,310571.0,2.3935161216840273,2.0890003375608814,1.0,Little Rock - AR USA
2007,"Los Angeles-Long Beach-Anaheim, CA",222633.0,5780262.0,6873230.0,222633.0,1985777.0,2172845.0,12876125.0,4381255.0,3.1632398997627535,2.910831377339953,1.0,Los Angeles - CA USA
2023,"Huntsville, AL",15005.0,124855.0,371901.0,15005.0,62528.0,143936.0,511761.0,221469.0,2.5837941863050244,1.9967854401228249,1.0,Huntsville - AL USA
2017,"Stockton-Lodi, CA",16628.0,312859.0,415526.0,16628.0,98094.0,128530.0,745013.0,243252.0,3.2329106045281257,3.1893795746936613,1.0,Stockton - CA USA
2022,"Pittsburgh, PA",62559.0,545243.0,1680608.0,62559.0,296019.0,699548.0,2288410.0,1058126.0,2.402419848244867,1.8419189308794368,1.0,Pittsburgh - PA USA
2019,"Reno, NV",5977.0,179445.0,285926.0,5977.0,79548.0,111543.0,471348.0,197068.0,2.5633701801099127,2.2558078141499474,1.0,Reno - NV USA
2015,"Houston-The Woodlands-Sugar Land, TX",76018.0,2477166.0,4026172.0,76018.0,932044.0,1334353.0,6579356.0,2342415.0,3.01732150338029,2.6577779589804775,1.0,Houston - TX USA
2007,"Lake Havasu City-Kingman, AZ",3503.0,63000.0,150327.0,3503.0,23625.0,58213.0,216830.0,85341.0,2.582361328225654,2.6666666666666665,1.0,Lake Havasu - AZ USA
2018,"Shreveport-Bossier City, LA",7553.0,153492.0,247755.0,7553.0,63420.0,97248.0,408800.0,168221.0,2.547661648568608,2.4202459791863764,1.0,Shreveport - LA USA
2005,"Boise City, ID",0.0,128626.0,372727.0,,55571.0,136838.0,501353.0,,2.723855946447624,2.3146245343794427,,Boise - ID USA
2013,"Los Angeles-Long Beach-Anaheim, CA",218879.0,6420160.0,6492602.0,218879.0,2191384.0,2060113.0,13131641.0,4470376.0,3.1515756659950207,2.9297284273317685,1.0,Los Angeles - CA USA
2020,"Houston-The Woodlands-Sugar Land, TX",71444.0,2280244.0,4589537.0,71444.0,936617.0,1500052.0,6941225.0,2508113.0,3.059585267710719,2.434553291259928,1.0,Houston - TX USA
2022,"New York-Newark-Jersey City, NY-NJ-PA",436816.0,8606771.0,11330024.0,436816.0,3692153.0,4064214.0,20373611.0,8193183.0,2.7877528102604834,2.331098142465927,1.0,New York - NY USA
2021,"Memphis, TN-MS-AR",19515.0,461792.0,760492.0,19515.0,188227.0,295832.0,1241799.0,503574.0,2.5706887693014955,2.453378101972618,1.0,Memphis - TN USA
2016,"Erie, PA",13068.0,80409.0,182699.0,13068.0,37253.0,72452.0,276176.0,122773.0,2.521655716888423,2.158457037017153,1.0,Erie - PA USA
2020,"Augusta-Richmond County, GA-SC",15731.0,177931.0,374333.0,15731.0,70153.0,131067.0,567995.0,216951.0,2.8560430924641595,2.536327740795119,1.0,Augusta - GA USA
2011,"Santa Cruz-Watsonville, CA",10656.0,110230.0,143420.0,10656.0,40216.0,54560.0,264306.0,105432.0,2.6286656891495603,2.740948876069226,1.0,Santa Cruz - CA USA
2015,"Owensboro, KY",3321.0,31780.0,73120.0,3321.0,12382.0,29976.0,108221.0,45679.0,2.4392847611422472,2.5666289775480537,1.0,Owensboro - KY USA
2013,"Huntsville, AL",11301.0,121166.0,283402.0,11301.0,52257.0,109062.0,415869.0,172620.0,2.5985402798408246,2.3186558738542207,1.0,Huntsville - AL USA
2007,"Janesville-Beloit, WI",2381.0,37655.0,119634.0,2381.0,16703.0,45863.0,159670.0,64947.0,2.608507947583019,2.254385439741364,1.0,Janesville-Beloit - WI USA
2011,"Omaha-Council Bluffs, NE-IA",20534.0,265564.0,685916.0,20534.0,119975.0,254270.0,972014.0,394779.0,2.697589176859244,2.2134944780162535,1.0,Omaha - NE USA
2009,"Modesto, CA",5191.0,207810.0,297302.0,5191.0,63251.0,97831.0,510303.0,166273.0,3.0389344890678824,3.2854816524639925,1.0,Modesto - CA USA
2007,"Huntsville, AL",11655.0,93905.0,281186.0,11655.0,42952.0,105897.0,386746.0,160504.0,2.6552782420654033,2.186277705345502,1.0,Huntsville - AL USA
2018,"Wilmington, NC",7452.0,102171.0,183726.0,7452.0,47119.0,73767.0,293349.0,128338.0,2.4906258896254423,2.168360958424415,1.0,
2014,"Indianapolis-Carmel-Anderson, IN",38046.0,625977.0,1307618.0,38046.0,262268.0,482499.0,1971641.0,782813.0,2.710094735947639,2.386783747921973,1.0,Indianapolis - IN USA
2016,"Visalia-Porterville, CA",6117.0,209198.0,245887.0,6117.0,57638.0,78010.0,461202.0,141765.0,3.1519933341879245,3.6295152503556682,1.0,Visalia - CA USA
2007,"Kalamazoo-Portage, MI",9438.0,85894.0,227942.0,9438.0,38892.0,90257.0,323274.0,138587.0,2.525477248302071,2.208526175048853,1.0,Kalamazoo - MI USA
2010,"Pittsburgh, PA",70803.0,565805.0,1672735.0,70803.0,286399.0,671372.0,2309343.0,1028574.0,2.491517370399719,1.9755830153038243,1.0,Pittsburgh - PA USA
2019,"Columbia, MO",8925.0,70331.0,101109.0,8925.0,30456.0,40265.0,180365.0,79646.0,2.511089035142183,2.309265826109798,1.0,Columbia - MO USA
2010,"Bloomington, IN",14594.0,55142.0,68561.0,14594.0,24242.0,29052.0,138297.0,67888.0,2.359940795814402,2.2746473063278607,1.0,Bloomington - IN USA
2013,"Daphne-Fairhope-Foley, AL",2160.0,57317.0,135660.0,2160.0,22030.0,48229.0,195137.0,72419.0,2.812830454705675,2.60177031320926,1.0,Daphne-Fairhope-Foley - AL USA
2019,"Lansing-East Lansing, MI",22636.0,139695.0,320688.0,22636.0,61550.0,127475.0,483019.0,211661.0,2.5156932731908217,2.26961819658814,1.0,Lansing - MI USA
2019,"Buffalo-Cheektowaga-Niagara Falls, NY",30659.0,326955.0,770698.0,30659.0,168359.0,320594.0,1128312.0,519612.0,2.403968882761374,1.942010822112272,1.0,Buffalo - NY USA
2021,"Portland-Vancouver-Hillsboro, OR-WA",36922.0,846782.0,1651461.0,36922.0,387532.0,622575.0,2535165.0,1047029.0,2.6526298036381157,2.18506342702022,1.0,Portland - OR USA
2023,"Lakeland-Winter Haven, FL",15709.0,221840.0,580953.0,15709.0,87850.0,219066.0,818502.0,322625.0,2.6519542055818794,2.5252134319863404,1.0,Lakeland - FL USA
2021,"Baltimore-Columbia-Towson, MD",68535.0,773537.0,1944980.0,68535.0,356664.0,741203.0,2787052.0,1166402.0,2.6240854394814916,2.1688115425162056,1.0,Baltimore - MD USA
2022,"Boise City, ID",17696.0,209762.0,613274.0,17696.0,85081.0,228480.0,840732.0,331257.0,2.6841474089635855,2.4654388171272084,1.0,Boise - ID USA
2023,"Rockford, IL",5399.0,97196.0,232486.0,5399.0,44005.0,91250.0,335081.0,140654.0,2.547791780821918,2.208749005794796,1.0,Rockford - IL USA
2010,"Greeley, CO",5388.0,66052.0,182723.0,5388.0,25948.0,63162.0,254163.0,94498.0,2.892926126468446,2.5455526437490366,1.0,Greeley - CO USA
2011,"Portland-Vancouver-Hillsboro, OR-WA",39238.0,828971.0,1409315.0,39238.0,348250.0,529479.0,2277524.0,916967.0,2.661701408365582,2.3803905240488157,1.0,Portland - OR USA
2022,"Saginaw, MI",6287.0,44935.0,137486.0,6287.0,19542.0,59733.0,188708.0,85562.0,2.30167579060151,2.2994064067137447,1.0,Saginaw - MI USA
2007,"Grand Rapids-Wyoming, MI",23697.0,184755.0,655080.0,23697.0,82086.0,236680.0,863532.0,342463.0,2.7677877302687173,2.2507492142387253,1.0,Grand Rapids - MI USA
2016,"Palm Bay-Melbourne-Titusville, FL",5695.0,160161.0,413132.0,5695.0,62855.0,163166.0,578988.0,231716.0,2.531973572925732,2.548102776231008,1.0,Melbourne - FL USA
2013,"Muncie, IN",7163.0,40309.0,69888.0,7163.0,17639.0,28792.0,117360.0,53594.0,2.4273409280355653,2.285220250581099,1.0,Muncie - IN USA
2018,"Buffalo-Cheektowaga-Niagara Falls, NY",32426.0,336566.0,761430.0,32426.0,167372.0,312730.0,1130422.0,512528.0,2.4347839989767532,2.0108859307411038,1.0,Buffalo - NY USA
2023,"Winston-Salem, NC",12276.0,203689.0,459645.0,12276.0,90996.0,190393.0,675610.0,293665.0,2.4141906477654116,2.238439052266034,1.0,Winston-Salem - NC USA
2012,"Austin-Round Rock, TX",39202.0,718956.0,1116662.0,39202.0,285796.0,394632.0,1874820.0,719630.0,2.8296286160270836,2.5156265308121877,1.0,Austin - TX USA
2005,"Providence-Warwick, RI-MA",0.0,503335.0,1052062.0,,226518.0,383304.0,1555397.0,,2.7447195959342974,2.222052993581084,,Providence - RI USA
2021,"Auburn-Opelika, AL",5460.0,54032.0,117458.0,5460.0,24302.0,43056.0,176950.0,72818.0,2.728028613898179,2.223356102378405,1.0,Auburn-Opelika - AL USA
2013,"Cincinnati, OH-KY-IN",47683.0,637657.0,1401850.0,47683.0,275483.0,527160.0,2087190.0,850326.0,2.6592495636998255,2.3146872946788006,1.0,Cincinnati - OH USA
2019,"Anchorage, AK",9921.0,144849.0,299939.0,9921.0,53655.0,105422.0,454709.0,168998.0,2.8451272030505965,2.6996365669555495,1.0,Anchorage - AK USA
2022,"Chico, CA",6590.0,80734.0,120068.0,6590.0,36025.0,46469.0,207392.0,89084.0,2.5838300802685663,2.2410548230395557,1.0,Chico - CA USA
2006,"College Station-Bryan, TX",14107.0,66567.0,78262.0,14107.0,30262.0,30398.0,158936.0,74767.0,2.574577274820712,2.1996893794197345,1.0,College Station-Bryan - TX USA
2023,"Worcester, MA-CT",29691.0,274614.0,673706.0,29691.0,127004.0,255171.0,978011.0,411866.0,2.64021381740088,2.1622468583666654,1.0,Worcester - MA USA
2007,"Auburn-Opelika, AL",4723.0,44535.0,81205.0,4723.0,22349.0,33386.0,130463.0,60458.0,2.4323069550110823,1.9927066087968142,1.0,Auburn-Opelika - AL USA
2023,"Spokane-Spokane Valley, WA",18096.0,198282.0,449199.0,18096.0,90377.0,175907.0,665577.0,284380.0,2.5536163995747754,2.193943149252575,1.0,Spokane - WA USA
2007,"San Francisco-Oakland-Hayward, CA",85550.0,1569552.0,2549504.0,85550.0,655228.0,903942.0,4204606.0,1644720.0,2.8204287443220917,2.3954287667804186,1.0,San Francisco - CA USA
2015,"Manchester-Nashua, NH",5260.0,114342.0,231871.0,5260.0,50219.0,87305.0,351473.0,142784.0,2.6558730885974455,2.2768673211334356,1.0,Manchester - NH USA
2006,"San Diego-Carlsbad, CA",114042.0,1169090.0,1656937.0,114042.0,439794.0,599825.0,2940069.0,1153661.0,2.762367357145834,2.6582672796809415,1.0,San Diego - CA USA
2021,"Boston-Cambridge-Newton, MA-NH",169294.0,1559307.0,3229782.0,169294.0,727924.0,1210557.0,4958383.0,2107775.0,2.6680131542752634,2.142128848616064,1.0,Boston - MA USA
2019,"Coeur d'Alene, ID",1713.0,43313.0,114995.0,1713.0,19910.0,42715.0,160021.0,64338.0,2.692145616294042,2.1754394776494226,1.0,
2011,"Yakima, WA",3205.0,102865.0,141080.0,3205.0,32886.0,47185.0,247150.0,83276.0,2.9899332414962383,3.127926777352065,1.0,Yakima - WA USA
2008,"Richmond, VA",44263.0,301862.0,769067.0,44263.0,129409.0,291525.0,1115192.0,465197.0,2.638082497212932,2.332619833241892,1.0,Richmond - VA USA
2016,"Harrisonburg, VA",8478.0,48084.0,75776.0,8478.0,19229.0,28576.0,132338.0,56283.0,2.6517357222844344,2.500598055021062,1.0,
2007,"Virginia Beach-Norfolk-Newport News, VA-NC",65312.0,529863.0,1031671.0,65312.0,217309.0,394306.0,1626846.0,676927.0,2.616422271028085,2.4382929377062155,1.0,Norfolk - VA USA
2019,"Monroe, MI",1480.0,29552.0,119340.0,1480.0,13181.0,47694.0,150372.0,62355.0,2.5022015347842497,2.2420150216220316,1.0,Monroe - MI USA
2017,"Albuquerque, NM",11112.0,257117.0,627025.0,11112.0,113331.0,228726.0,895254.0,353169.0,2.741380516425767,2.2687261208318996,1.0,Albuquerque - NM USA
2017,"Utica-Rome, NY",13201.0,85765.0,175446.0,13201.0,35844.0,70387.0,274412.0,119432.0,2.492590961399122,2.392729606070751,1.0,Utica - NY USA
2006,"Tucson, AZ",13831.0,298701.0,633947.0,13831.0,126576.0,244791.0,946479.0,385198.0,2.5897479891009065,2.3598549488054608,1.0,Tucson - AZ USA
2013,"San Diego-Carlsbad, CA",88084.0,1469721.0,1653198.0,88084.0,511667.0,581718.0,3211003.0,1181469.0,2.8419234061865026,2.8724170212266964,1.0,San Diego - CA USA
2021,"Phoenix-Mesa-Scottsdale, AZ",77095.0,1506201.0,3351737.0,77095.0,610755.0,1247954.0,4935033.0,1935804.0,2.6857856940239784,2.466129626445956,1.0,Phoenix - AZ USA
2018,"Chico, CA",6313.0,94676.0,130806.0,6313.0,37020.0,51615.0,231795.0,94948.0,2.534263295553618,2.557428417071853,1.0,Chico - CA USA
2009,"Hattiesburg, MS",3803.0,40481.0,86614.0,3803.0,17129.0,29029.0,130898.0,49961.0,2.9837059492231908,2.363302002451982,1.0,Hattiesburg - MS USA
2010,"Kankakee, IL",3859.0,38484.0,71265.0,3859.0,13882.0,28165.0,113608.0,45906.0,2.530268063199006,2.7722230226192193,1.0,Kankakee - IL USA
2009,"Racine, WI",7456.0,60152.0,132846.0,7456.0,24136.0,51880.0,200454.0,83472.0,2.560639938319198,2.4922108054358634,1.0,Racine - WI USA
2009,"Portland-Vancouver-Hillsboro, OR-WA",31189.0,774279.0,1454029.0,31189.0,323460.0,526379.0,2259497.0,881028.0,2.7623233449662696,2.3937395659432386,1.0,Portland - OR USA
2006,"Anchorage, AK",7818.0,125698.0,280042.0,7818.0,48568.0,94935.0,413558.0,151321.0,2.9498288302522777,2.5880826881897545,1.0,Anchorage - AK USA
2009,"Atlantic City-Hammonton, NJ",10326.0,73080.0,188095.0,10326.0,30317.0,71364.0,271501.0,112007.0,2.635712684266577,2.4105287462479796,1.0,Atlantic City - NJ USA
2017,"El Centro, CA",9732.0,67894.0,105218.0,9732.0,16935.0,27543.0,182844.0,54210.0,3.82013578767745,4.009093593150281,1.0,El Centro - CA USA
2015,"Augusta-Richmond County, GA-SC",16407.0,177112.0,344135.0,16407.0,63629.0,127208.0,537654.0,207244.0,2.705293692220615,2.783510663376762,1.0,Augusta - GA USA
2005,"Eau Claire, WI",0.0,36285.0,109094.0,,19415.0,43342.0,145379.0,,2.517050436066633,1.8689157867628123,,Eau Claire - WI USA
2011,"Battle Creek, MI",3811.0,37306.0,94580.0,3811.0,15995.0,35818.0,135697.0,55624.0,2.6405717795521806,2.332353860581432,1.0,Battle Creek - MI USA
2012,"Lancaster, PA",14039.0,142221.0,370250.0,14039.0,59590.0,134608.0,526510.0,208237.0,2.7505794603589684,2.386658835375063,1.0,Lancaster - PA USA
2020,"Greenville-Anderson-Mauldin, SC",23968.0,267384.0,733964.0,23968.0,121451.0,284573.0,1025316.0,429992.0,2.579176520611583,2.2015792377172687,1.0,Greenville - SC USA
2017,"Barnstable Town, MA",3568.0,46371.0,192301.0,3568.0,21654.0,80034.0,242240.0,105256.0,2.4027413349326534,2.1414519257412024,1.0,Barnstable Town - MA USA
2009,"Visalia-Porterville, CA",4239.0,184389.0,241098.0,4239.0,53808.0,72600.0,429726.0,130647.0,3.320909090909091,3.4267952720785013,1.0,Visalia - CA USA
2022,"North Port-Sarasota-Bradenton, FL",12662.0,225647.0,651996.0,12662.0,98593.0,293305.0,890305.0,404560.0,2.222928351033907,2.288671609546317,1.0,Sarasota - FL USA
2009,"Houma-Thibodaux, LA",3252.0,41784.0,180712.0,3252.0,17972.0,65993.0,225748.0,87217.0,2.7383510372312214,2.324949922101046,1.0,Houma-Thibodaux - LA USA
2017,"Tuscaloosa, AL",11402.0,70629.0,144414.0,11402.0,27564.0,51384.0,226445.0,90350.0,2.810485754320411,2.5623639529821505,1.0,
2019,"Dallas-Fort Worth-Arlington, TX",83232.0,2713818.0,4706438.0,83232.0,1061299.0,1550836.0,7503488.0,2695367.0,3.0347747924345323,2.557072040961124,1.0,Dallas-Fort Worth - TX USA
2010,"Elkhart-Goshen, IN",2812.0,51988.0,142863.0,2812.0,18924.0,49035.0,197663.0,70771.0,2.9134903640256957,2.7471993236102303,1.0,Elkhart - IN USA
2010,"Tucson, AZ",30812.0,326007.0,625636.0,30812.0,139914.0,242660.0,982455.0,413386.0,2.5782411604714417,2.330052746687251,1.0,Tucson - AZ USA
2011,"State College, PA",16172.0,52134.0,86059.0,16172.0,24770.0,33925.0,154365.0,74867.0,2.5367428150331612,2.1047234557932986,1.0,State College - PA USA
2014,"Reading, PA",14482.0,113378.0,285988.0,14482.0,45943.0,106964.0,413848.0,167389.0,2.6736846041658877,2.4677970528698605,1.0,Reading - PA USA
2015,"Boston-Cambridge-Newton, MA-NH",169945.0,1609169.0,3049447.0,169945.0,696357.0,1103408.0,4828561.0,1969710.0,2.763662217420936,2.310839124184865,1.0,Boston - MA USA
2010,"Chico, CA",6232.0,85236.0,128464.0,6232.0,34650.0,49979.0,219932.0,90861.0,2.5703595510114248,2.45991341991342,1.0,Chico - CA USA
2006,"Salisbury, MD-DE",15507.0,75365.0,255440.0,15507.0,32087.0,106156.0,346312.0,153750.0,2.4062700177097858,2.3487705301212327,1.0,Salisbury - MD USA
2020,"La Crosse-Onalaska, WI-MN",5274.0,33614.0,85857.0,5274.0,17204.0,34661.0,124745.0,57139.0,2.477049133031361,1.953847942338991,1.0,La Crosse-Onalaska - WI USA
2013,"Oxnard-Thousand Oaks-Ventura, CA",13717.0,321757.0,505094.0,13717.0,97056.0,168732.0,840568.0,279505.0,2.993468932982481,3.315168562479393,1.0,Ventura - CA USA
2017,"Burlington, NC",4615.0,54337.0,103614.0,4615.0,22947.0,41447.0,162566.0,69009.0,2.4999155548049314,2.3679348062927614,1.0,Burlington - NC USA
2007,"Shreveport-Bossier City, LA",12019.0,142393.0,247928.0,12019.0,57697.0,100678.0,402340.0,170394.0,2.462583682631757,2.46794460717195,1.0,Shreveport - LA USA
2014,"Tuscaloosa, AL",10135.0,69593.0,140381.0,10135.0,27839.0,47199.0,220109.0,85173.0,2.9742367423038623,2.4998383562627966,1.0,
2018,"Morgantown, WV",8541.0,44870.0,87125.0,8541.0,19370.0,33803.0,140536.0,61714.0,2.577433955566074,2.3164687661331955,1.0,Morgantown - WV USA
2021,"Yuma, AZ",7066.0,59246.0,140798.0,7066.0,22255.0,52726.0,207110.0,82047.0,2.6703713537912983,2.662143338575601,1.0,Yuma - AZ USA
2014,"Binghamton, NY",10441.0,68170.0,153414.0,10441.0,31955.0,62148.0,232025.0,104544.0,2.4685267426144044,2.1333124706618682,1.0,Binghamton - NY USA
2023,"Lake Havasu City-Kingman, AZ",4768.0,57274.0,161660.0,4768.0,24917.0,73875.0,223702.0,103560.0,2.1882910321489,2.298591323193001,1.0,Lake Havasu - AZ USA
2008,"Racine, WI",7244.0,46701.0,145428.0,7244.0,20748.0,54314.0,199373.0,82306.0,2.677541701955297,2.2508675534991323,1.0,Racine - WI USA
2012,"Norwich-New London, CT",12120.0,78794.0,183145.0,12120.0,36969.0,68832.0,274059.0,117921.0,2.660753719200372,2.1313532960047605,1.0,Norwich - CT USA
2021,"Eau Claire, WI",5951.0,45419.0,110782.0,5951.0,22104.0,43531.0,162152.0,71586.0,2.5448990374675518,2.0547864639884184,1.0,Eau Claire - WI USA
2022,"Sumter, SC",4285.0,40102.0,75487.0,4285.0,14477.0,31191.0,119874.0,49953.0,2.420153249334744,2.770049043310078,1.0,Sumter - SC USA
2007,"Dayton, OH",27965.0,235451.0,533891.0,27965.0,108421.0,216000.0,797307.0,352386.0,2.4717175925925927,2.171636491085675,1.0,Dayton - OH USA
2005,"Hammond, LA",0.0,29554.0,75676.0,,13429.0,25774.0,105230.0,,2.9361371925195936,2.2007595502271204,,Hammond - LA USA
2008,"Atlantic City-Hammonton, NJ",11567.0,67378.0,191314.0,11567.0,27924.0,73152.0,270259.0,112643.0,2.615294181977253,2.412906460392494,1.0,Atlantic City - NJ USA
2018,"Seattle-Tacoma-Bellevue, WA",69233.0,1428076.0,2442838.0,69233.0,615535.0,910675.0,3940147.0,1595443.0,2.6824476349960196,2.3200565361839702,1.0,Seattle - WA USA
2015,"San Antonio-New Braunfels, TX",37653.0,841287.0,1432222.0,37653.0,304720.0,462372.0,2311162.0,804745.0,3.0975534850726256,2.7608525859805724,1.0,San Antonio - TX USA
2015,"La Crosse-Onalaska, WI-MN",5636.0,32550.0,80321.0,5636.0,16111.0,30005.0,118507.0,51752.0,2.6769205132477922,2.0203587610949043,1.0,La Crosse-Onalaska - WI USA
2011,"Gainesville, FL",13747.0,111021.0,124160.0,13747.0,48176.0,48296.0,248928.0,110219.0,2.5708133178731156,2.30448771172368,1.0,Gainesville - FL USA
2020,"Erie, PA",13146.0,63622.0,194771.0,13146.0,32526.0,76993.0,271539.0,122665.0,2.529723481355448,1.95603517186251,1.0,Erie - PA USA
2007,"Palm Bay-Melbourne-Titusville, FL",6809.0,109647.0,419428.0,6809.0,49238.0,167639.0,535884.0,223686.0,2.50197149827904,2.2268776148503187,1.0,Melbourne - FL USA
2020,"Bridgeport-Stamford-Norwalk, CT",18278.0,274824.0,661856.0,18278.0,121091.0,236371.0,954958.0,375740.0,2.8000727669637984,2.2695658636892917,1.0,Stamford - CT USA
2022,"Warner Robins, GA",3303.0,57350.0,119183.0,3303.0,23670.0,43055.0,179836.0,70028.0,2.768157008477529,2.422898183354457,1.0,
2009,"Iowa City, IA",6770.0,44315.0,79794.0,6770.0,21499.0,31295.0,130879.0,59564.0,2.549736379613357,2.061258663193637,1.0,Iowa City - IA USA
2012,"York-Hanover, PA",8577.0,98708.0,330427.0,8577.0,41849.0,126659.0,437712.0,177085.0,2.6087921111014616,2.3586704580754616,1.0,York - PA USA
2005,"Grand Rapids-Wyoming, MI",0.0,177952.0,648321.0,,79418.0,235095.0,826273.0,,2.7576979518917883,2.2407011005061825,,Grand Rapids - MI USA
2017,"Grand Junction, CO",3450.0,47071.0,84508.0,3450.0,18862.0,36118.0,135029.0,58430.0,2.3397751813500194,2.495546601632913,1.0,Grand Junction - CO USA
2005,"Columbus, OH",0.0,504494.0,1129074.0,,225224.0,432689.0,1633568.0,,2.609435414350723,2.239965545412567,,Columbus - OH USA
2005,"Columbia, MO",0.0,44060.0,86534.0,,24397.0,35802.0,130594.0,,2.417015809172672,1.8059597491494856,,Columbia - MO USA
2016,"Lakeland-Winter Haven, FL",12755.0,216523.0,436873.0,12755.0,72161.0,154268.0,666151.0,239184.0,2.8319094044130995,3.000554316043292,1.0,Lakeland - FL USA
2020,"Indianapolis-Carmel-Anderson, IN",36507.0,557625.0,1504578.0,36507.0,262632.0,564445.0,2098710.0,863584.0,2.665588321271337,2.1232180389289956,1.0,Indianapolis - IN USA
2006,"Tampa-St. Petersburg-Clearwater, FL",45873.0,739812.0,1911698.0,45873.0,326343.0,784187.0,2697383.0,1156403.0,2.4378088389631554,2.2669767698403214,1.0,Tampa - FL USA
2018,"York-Hanover, PA",8815.0,101582.0,337659.0,8815.0,43119.0,130839.0,448056.0,182773.0,2.5807213445532295,2.355852408451031,1.0,York - PA USA
2008,"Pittsfield, MA",6278.0,32858.0,78107.0,6278.0,18644.0,33243.0,117243.0,58165.0,2.3495773546310503,1.7623900450547092,1.0,Pittsfield - MA USA
2012,"Chattanooga, TN-GA",15937.0,164305.0,341203.0,15937.0,66805.0,134017.0,521445.0,216759.0,2.545968048829626,2.4594715964373925,1.0,Chattanooga - TN USA
2023,"Dallas-Fort Worth-Arlington, TX",93452.0,2748936.0,5179001.0,93452.0,1183593.0,1749470.0,8021389.0,3026515.0,2.9603256986401596,2.3225348578438703,1.0,Dallas-Fort Worth - TX USA
2009,"Flagstaff, AZ",4427.0,48204.0,77683.0,4427.0,18958.0,25173.0,130314.0,48558.0,3.0859651213601875,2.5426732777719168,1.0,Flagstaff - AZ USA
2007,"Laredo, TX",755.0,76312.0,156012.0,755.0,21859.0,40564.0,233079.0,63178.0,3.846070407257667,3.4911020632233862,1.0,Laredo - TX USA
2015,"Reading, PA",14043.0,106085.0,295206.0,14043.0,43393.0,108399.0,415334.0,165835.0,2.7233277059751475,2.444749153089208,1.0,Reading - PA USA
2016,"Hickory-Lenoir-Morganton, NC",8846.0,131772.0,268431.0,8846.0,51755.0,110481.0,409049.0,171082.0,2.4296575881825833,2.546072843203555,1.0,Hickory - NC USA
2010,"Dallas-Fort Worth-Arlington, TX",99160.0,2192352.0,4080134.0,99160.0,868701.0,1395414.0,6371646.0,2363275.0,2.923959484425411,2.5237129921572556,1.0,Dallas-Fort Worth - TX USA
2022,"Lubbock, TX",12315.0,122580.0,181799.0,12315.0,58338.0,69542.0,316694.0,140195.0,2.614233125305571,2.101203332304844,1.0,Lubbock - TX USA
2008,"Cape Coral-Fort Myers, FL",10165.0,149618.0,434114.0,10165.0,61303.0,182620.0,593897.0,254088.0,2.377143795860256,2.440630964226873,1.0,Fort Myers - FL USA
2020,"Spokane-Spokane Valley, WA",17970.0,200139.0,427127.0,17970.0,94580.0,165323.0,645236.0,277873.0,2.5835909099157406,2.116081624021992,1.0,Spokane - WA USA
2012,"Trenton, NJ",20500.0,108711.0,240122.0,20500.0,45478.0,86526.0,369333.0,152504.0,2.775142731664471,2.390408549188619,1.0,Trenton - NJ USA
2021,"Omaha-Council Bluffs, NE-IA",18022.0,287120.0,759422.0,18022.0,139418.0,284637.0,1064564.0,442077.0,2.668036832878368,2.059418439512832,1.0,Omaha - NE USA
2021,"Atlanta-Sandy Springs-Roswell, GA",86834.0,1790246.0,4251518.0,86834.0,751409.0,1512975.0,6128598.0,2351218.0,2.810038500305689,2.382518708186886,1.0,Atlanta - GA USA
2018,"Reno, NV",6435.0,177947.0,281505.0,6435.0,78539.0,107170.0,465887.0,192144.0,2.62671456564337,2.265715122423255,1.0,Reno - NV USA
2010,"Peoria, IL",15218.0,81065.0,263850.0,15218.0,38708.0,105118.0,360133.0,159044.0,2.510036340113016,2.0942699183631293,1.0,Peoria - IL USA
2021,"Nashville-Davidson--Murfreesboro--Franklin, TN",38902.0,633023.0,1514685.0,38902.0,280706.0,581163.0,2186610.0,900771.0,2.6062997816447364,2.2551103289562744,1.0,Nashville - TN USA
2010,"Brownsville-Harlingen, TX",3101.0,127571.0,277372.0,3101.0,37494.0,78085.0,408044.0,118680.0,3.552180316321957,3.4024377233690726,1.0,Brownsville-Harlingen - TX USA
2006,"Owensboro, KY",815.0,24528.0,78542.0,815.0,12129.0,30732.0,103885.0,43676.0,2.555707405961213,2.022260697501855,1.0,Owensboro - KY USA
2010,"Albuquerque, NM",9531.0,266672.0,597536.0,9531.0,112824.0,225969.0,873739.0,348324.0,2.6443273192340544,2.3636105793093667,1.0,Albuquerque - NM USA
2012,"Hartford-West Hartford-East Hartford, CT",48799.0,340459.0,825273.0,48799.0,155548.0,313393.0,1214531.0,517740.0,2.6333485432029433,2.1887713117494276,1.0,Hartford - CT USA
2009,"El Centro, CA",9980.0,61219.0,95619.0,9980.0,19783.0,28757.0,166818.0,58520.0,3.3250686789303474,3.0945256027902746,1.0,El Centro - CA USA
2007,"Naples-Immokalee-Marco Island, FL",2141.0,84439.0,229269.0,2141.0,29294.0,91014.0,315849.0,122449.0,2.519052013975872,2.8824673994674677,1.0,Naples - FL USA
2016,"Baltimore-Columbia-Towson, MD",66289.0,869836.0,1812291.0,66289.0,360486.0,666166.0,2748416.0,1092941.0,2.7204795801647035,2.4129536237190905,1.0,Baltimore - MD USA
2021,"Norwich-New London, CT",11442.0,76243.0,180971.0,11442.0,37068.0,73883.0,268656.0,122393.0,2.4494267964213687,2.056841480522283,1.0,Norwich - CT USA
2005,"Champaign-Urbana, IL",0.0,68228.0,103446.0,,33363.0,40841.0,171674.0,,2.53289586444994,2.0450199322602884,,Champaign-Urbana - IL USA
2009,"Cincinnati, OH-KY-IN",50145.0,590440.0,1465203.0,50145.0,254484.0,538284.0,2105788.0,842913.0,2.721988764295428,2.3201458637871144,1.0,Cincinnati - OH USA
2014,"Shreveport-Bossier City, LA",8591.0,162934.0,246683.0,8591.0,62029.0,94964.0,418208.0,165584.0,2.5976475295901604,2.626739105902078,1.0,Shreveport - LA USA
2016,"Dallas-Fort Worth-Arlington, TX",81189.0,2644572.0,4377347.0,81189.0,1024073.0,1467780.0,7103108.0,2573042.0,2.982290942784341,2.58240574646534,1.0,Dallas-Fort Worth - TX USA
2017,"College Station-Bryan, TX",16766.0,100773.0,105479.0,16766.0,40348.0,39377.0,223018.0,96491.0,2.6786956852985244,2.4975959155348466,1.0,College Station-Bryan - TX USA
2014,"Augusta-Richmond County, GA-SC",16011.0,171056.0,344598.0,16011.0,63262.0,126213.0,531665.0,205486.0,2.730289272895819,2.703929689228921,1.0,Augusta - GA USA
2010,"Kalamazoo-Portage, MI",10101.0,96432.0,220413.0,10101.0,40893.0,86143.0,326946.0,137137.0,2.558687299026038,2.3581542073215465,1.0,Kalamazoo - MI USA
2015,"Laredo, TX",2825.0,101538.0,165158.0,2825.0,27879.0,44380.0,269521.0,75084.0,3.7214511041009466,3.6420962014419453,1.0,Laredo - TX USA
2019,"Provo-Orem, UT",15764.0,170676.0,450080.0,15764.0,57681.0,120471.0,636520.0,193916.0,3.73600285545899,2.9589639569355595,1.0,Provo - UT USA
2008,"Tyler, TX",4332.0,50996.0,145838.0,4332.0,19378.0,50241.0,201166.0,73951.0,2.9027686550825025,2.631644132521416,1.0,Tyler - TX USA
2019,"Chicago-Naperville-Elgin, IL-IN-WI",157184.0,2852285.0,6398708.0,157184.0,1247700.0,2273538.0,9408177.0,3678422.0,2.8144275574017237,2.2860343031177366,1.0,Chicago - IL USA
2019,"Springfield, MA",20515.0,181765.0,372532.0,20515.0,83243.0,141706.0,574812.0,245464.0,2.6289077385572948,2.1835469649099624,1.0,Springfield - MA USA
2014,"Virginia Beach-Norfolk-Newport News, VA-NC",68299.0,639553.0,955565.0,68299.0,253418.0,361228.0,1663417.0,682945.0,2.645323729057548,2.523707866055292,1.0,Norfolk - VA USA
2012,"Vallejo-Fairfield, CA",11642.0,169159.0,239483.0,11642.0,57256.0,83883.0,420284.0,152781.0,2.854964653147837,2.9544327232080483,1.0,Vallejo-Fairfield - CA USA
2009,"Chicago-Naperville-Elgin, IL-IN-WI",169978.0,2779025.0,6619769.0,169978.0,1120957.0,2275109.0,9568772.0,3566044.0,2.9096491640620297,2.4791539728999417,1.0,Chicago - IL USA
2006,"Bremerton-Silverdale, WA",2045.0,72942.0,165548.0,2045.0,29868.0,62371.0,240535.0,94284.0,2.6542463644963203,2.442145439935717,1.0,Bremerton - WA USA
2015,"Birmingham-Hoover, AL",22890.0,313245.0,796111.0,22890.0,136014.0,304206.0,1132246.0,463110.0,2.6170128136854633,2.303034981693061,1.0,Birmingham - AL USA
2019,"Fort Wayne, IN",5424.0,96264.0,277228.0,5424.0,43470.0,102811.0,378916.0,151705.0,2.696481893960763,2.214492753623188,1.0,Fort Wayne - IN USA
2006,"Charlottesville, VA",9409.0,51540.0,113058.0,9409.0,25227.0,44420.0,174007.0,79056.0,2.545204862674471,2.043049114044476,1.0,Charlottesville - VA USA
2018,"Visalia-Porterville, CA",4840.0,191314.0,269106.0,4840.0,57322.0,81875.0,465260.0,144037.0,3.2867908396946564,3.3375318376888456,1.0,Visalia - CA USA
2007,"Syracuse, NY",27044.0,168387.0,423853.0,27044.0,76598.0,164866.0,619284.0,268508.0,2.5708939381073113,2.1983211049896862,1.0,Syracuse - NY USA
2009,"Atlanta-Sandy Springs-Roswell, GA",69246.0,1605622.0,3663755.0,69246.0,580522.0,1255736.0,5338623.0,1905504.0,2.9176156453267246,2.7658245510075417,1.0,Atlanta - GA USA
2008,"Springfield, MO",10643.0,116898.0,249959.0,10643.0,53705.0,100896.0,377500.0,165244.0,2.477392562638757,2.1766688390280233,1.0,Springfield - MO USA
2022,"Vallejo-Fairfield, CA",10666.0,157717.0,280370.0,10666.0,56366.0,102928.0,448753.0,169960.0,2.7239429504119386,2.79808749955647,1.0,Vallejo-Fairfield - CA USA
2009,"Erie, PA",12896.0,65260.0,202268.0,12896.0,32971.0,75487.0,280424.0,121354.0,2.6795077298077814,1.9793151557429256,1.0,Erie - PA USA
2023,"Monroe, MI",1644.0,23821.0,129822.0,1644.0,11193.0,51743.0,155287.0,64580.0,2.5089770596988963,2.128205128205128,1.0,Monroe - MI USA
2007,"Florence-Muscle Shoals, AL",2122.0,41316.0,99807.0,2122.0,17521.0,42128.0,143245.0,61771.0,2.3691369160653246,2.3580845842132296,1.0,Florence-Muscle Shoals - AL USA
2023,"Bremerton-Silverdale, WA",6048.0,71768.0,199429.0,6048.0,31898.0,77754.0,277245.0,115700.0,2.5648712606425392,2.2499216251802623,1.0,Bremerton - WA USA
2023,"Warner Robins, GA",3041.0,51952.0,127417.0,3041.0,23162.0,46293.0,182410.0,72496.0,2.7524031711057826,2.2429841982557637,1.0,
2014,"Jacksonville, FL",24820.0,509656.0,855169.0,24820.0,195319.0,322504.0,1389645.0,542643.0,2.6516539329744746,2.609351880769408,1.0,Jacksonville - FL USA
2016,"Midland, TX",1497.0,52537.0,108127.0,1497.0,20506.0,35671.0,162161.0,57674.0,3.0312298505789017,2.5620306251828735,1.0,Midland - TX USA
2010,"Shreveport-Bossier City, LA",9718.0,148500.0,256106.0,9718.0,58880.0,101622.0,414324.0,170220.0,2.5201826376178387,2.522078804347826,1.0,Shreveport - LA USA
2023,"McAllen-Edinburg-Mission, TX",7646.0,261085.0,629886.0,7646.0,92884.0,184117.0,898617.0,284647.0,3.4211180933862706,2.810871624822359,1.0,McAllen - TX USA
2015,"Lancaster, PA",12511.0,151581.0,373120.0,12511.0,63482.0,134221.0,537212.0,210214.0,2.7798928632628277,2.3877792130052615,1.0,Lancaster - PA USA
2012,"St. Joseph, MO-KS",7655.0,38335.0,74089.0,7655.0,15796.0,28613.0,120079.0,52064.0,2.58934749938839,2.4268802228412256,1.0,
2008,"Peoria, IL",14166.0,68353.0,271117.0,14166.0,35058.0,108114.0,353636.0,157338.0,2.5076955805908576,1.9497119059843688,1.0,Peoria - IL USA
2016,"Dayton, OH",27061.0,276518.0,497820.0,27061.0,124077.0,204276.0,801399.0,355414.0,2.4369970040533397,2.228599982269075,1.0,Dayton - OH USA
2021,"York-Hanover, PA",7194.0,102010.0,349280.0,7194.0,41026.0,137873.0,458484.0,186093.0,2.5333459052896505,2.486471993370058,1.0,York - PA USA
2020,"Syracuse, NY",32103.0,188286.0,431898.0,32103.0,94285.0,174507.0,652287.0,300895.0,2.474960889821039,1.9969878559686058,1.0,Syracuse - NY USA
2008,"State College, PA",21364.0,47269.0,76019.0,21364.0,20321.0,30884.0,144652.0,72569.0,2.461436342442689,2.326115840755868,1.0,State College - PA USA
2022,"Birmingham-Hoover, AL",28075.0,304418.0,826817.0,28075.0,138892.0,321171.0,1159310.0,488138.0,2.5743824940607962,2.191760504564698,1.0,Birmingham - AL USA
2023,"Greenville, NC",5326.0,69480.0,100213.0,5326.0,34517.0,39926.0,175019.0,79769.0,2.5099684416169916,2.012921169278906,1.0,Greenville - NC USA
2010,"Napa, CA",5380.0,48159.0,83206.0,5380.0,18322.0,31432.0,136745.0,55134.0,2.647174853652329,2.6284794236437072,1.0,Napa - CA USA
2018,"Lake Havasu City-Kingman, AZ",4030.0,66514.0,158193.0,4030.0,27880.0,71660.0,228737.0,103570.0,2.207549539492046,2.3857245337159254,1.0,Lake Havasu - AZ USA
2017,"Salt Lake City, UT",14492.0,341853.0,901073.0,14492.0,128593.0,286037.0,1257418.0,429122.0,3.1501973520908133,2.6584106444363225,1.0,Salt Lake City - UT USA
2009,"Baton Rouge, LA",24047.0,234462.0,528456.0,24047.0,95293.0,199469.0,786965.0,318809.0,2.649313928480115,2.4604325606287976,1.0,Baton Rouge - LA USA
2012,"Jefferson City, MO",10779.0,32824.0,106664.0,10779.0,15598.0,42336.0,150267.0,68713.0,2.5194633408919125,2.104372355430183,1.0,
2021,"Washington-Arlington-Alexandria, DC-VA-MD-WV",100907.0,1928223.0,4214048.0,100907.0,840529.0,1503848.0,6243178.0,2445284.0,2.8021768157420164,2.294058860550915,1.0,Washington - DC USA
2019,"Pittsfield, MA",6434.0,31702.0,86544.0,6434.0,16367.0,37424.0,124680.0,60225.0,2.3125267208208635,1.9369462943728233,1.0,Pittsfield - MA USA
2015,"Los Angeles-Long Beach-Anaheim, CA",220968.0,6568291.0,6552885.0,220968.0,2244766.0,2070874.0,13342144.0,4536608.0,3.1643088860065847,2.926047080185641,1.0,Los Angeles - CA USA
2017,"North Port-Sarasota-Bradenton, FL",9594.0,218227.0,576432.0,9594.0,84268.0,244675.0,804253.0,338537.0,2.355908858690099,2.5896781696492144,1.0,Sarasota - FL USA
2005,"Chattanooga, TN-GA",0.0,119791.0,325236.0,,53299.0,130693.0,445027.0,,2.4885495015035235,2.2475280962119366,,Chattanooga - TN USA
2009,"Springfield, MA",38994.0,188921.0,381163.0,38994.0,84895.0,144486.0,609078.0,268375.0,2.6380618191381866,2.2253489604805936,1.0,Springfield - MA USA
2009,"San Diego-Carlsbad, CA",100549.0,1295740.0,1657164.0,100549.0,470177.0,578799.0,3053453.0,1149525.0,2.863107918292879,2.755855773464036,1.0,San Diego - CA USA
2021,"Wenatchee, WA",1166.0,42888.0,78871.0,1166.0,18631.0,28928.0,122925.0,48725.0,2.7264587942477876,2.3019698352208686,1.0,
2011,"Valdosta, GA",3657.0,54784.0,72948.0,3657.0,20168.0,26128.0,131389.0,49953.0,2.7919473361910594,2.716382387941293,1.0,Valdosta - GA USA
2011,"Jacksonville, NC",15900.0,65146.0,98151.0,15900.0,22925.0,36880.0,179197.0,75705.0,2.6613611713665946,2.841701199563795,1.0,Jacksonville - NC USA
2011,"Goldsboro, NC",3346.0,46141.0,74242.0,3346.0,19165.0,29419.0,123729.0,51930.0,2.523607192630613,2.407565875293504,1.0,Goldsboro - NC USA
2012,"Florence, SC",5059.0,66182.0,135859.0,5059.0,25973.0,51905.0,207100.0,82937.0,2.617454965802909,2.548107650252185,1.0,
2013,"Wichita, KS",10335.0,192914.0,402359.0,10335.0,83002.0,147437.0,605608.0,240774.0,2.729023243826177,2.324209055203489,1.0,Wichita - KS USA
2021,"San Diego-Carlsbad, CA",92142.0,1397858.0,1796940.0,92142.0,526582.0,636316.0,3286940.0,1255040.0,2.823974251786848,2.6545875096376252,1.0,San Diego - CA USA
2005,"Visalia-Porterville, CA",0.0,172124.0,227903.0,,48643.0,70614.0,400027.0,,3.2274478148809016,3.5385153053882368,,Visalia - CA USA
2007,"Billings, MT",2625.0,33604.0,103689.0,2625.0,14717.0,40624.0,139918.0,57966.0,2.5524074438755417,2.28334579058232,1.0,Billings - MT USA
2008,"Gainesville, GA",6847.0,58911.0,119166.0,6847.0,17720.0,39903.0,184924.0,64470.0,2.9863920006014584,3.324548532731377,1.0,Gainesville - GA USA
2011,"Midland, TX",1564.0,38761.0,99801.0,1564.0,17126.0,33717.0,140126.0,52407.0,2.9599608506094848,2.2632838958309005,1.0,Midland - TX USA
2020,"Jacksonville, FL",29919.0,463050.0,1049936.0,29919.0,195414.0,397209.0,1542905.0,622542.0,2.6432835106958805,2.369584574288434,1.0,Jacksonville - FL USA
2009,"Madera, CA",6478.0,56503.0,85868.0,6478.0,15533.0,27861.0,148849.0,49872.0,3.082014285201536,3.6376102491469773,1.0,Madera - CA USA
2005,"Jackson, TN",0.0,33304.0,71754.0,,14652.0,28265.0,105058.0,,2.5386166637183796,2.273000273000273,,Jackson - TN USA
2019,"Tampa-St. Petersburg-Clearwater, FL",49590.0,1016857.0,2128685.0,49590.0,409518.0,818962.0,3195132.0,1278070.0,2.599247584136993,2.4830581317548925,1.0,Tampa - FL USA
2008,"Oxnard-Thousand Oaks-Ventura, CA",9742.0,269362.0,518735.0,9742.0,86509.0,170433.0,797839.0,266684.0,3.0436300481714222,3.1136875931983954,1.0,Ventura - CA USA
2014,"Baton Rouge, LA",23118.0,268011.0,533819.0,23118.0,105113.0,199985.0,824948.0,328216.0,2.6692951971397854,2.5497417065443857,1.0,Baton Rouge - LA USA
2010,"Springfield, MO",13229.0,127906.0,249484.0,13229.0,55236.0,101346.0,390619.0,169811.0,2.4617054447141475,2.3156274893185604,1.0,Springfield - MO USA
2014,"Eau Claire, WI",6771.0,49174.0,100173.0,6771.0,23345.0,38520.0,156118.0,68636.0,2.6005451713395638,2.1064039408866995,1.0,Eau Claire - WI USA
2009,"Providence-Warwick, RI-MA",52542.0,480295.0,1051321.0,52542.0,219276.0,387263.0,1584158.0,659081.0,2.714746825800554,2.1903673908681296,1.0,Providence - RI USA
2023,"Bangor, ME",7273.0,33121.0,92458.0,7273.0,17581.0,38461.0,132852.0,63315.0,2.4039416551831727,1.8839087651441897,1.0,Bangor - ME USA
2018,"Prescott, AZ",5272.0,65286.0,161405.0,5272.0,27322.0,73514.0,231963.0,106108.0,2.1955681910928533,2.3895029646438766,1.0,Prescott - AZ USA
2020,"Laredo, TX",2392.0,85667.0,181944.0,2392.0,23906.0,49820.0,270003.0,76118.0,3.6520272982737856,3.5834936835940767,1.0,Laredo - TX USA
2005,"Stockton-Lodi, CA",0.0,232782.0,410891.0,,75666.0,129665.0,643673.0,,3.168865923726526,3.076441202125129,,Stockton - CA USA
2012,"Huntsville, AL",10696.0,122577.0,268648.0,10696.0,49382.0,108501.0,401921.0,168579.0,2.4759956129436596,2.482220242193512,1.0,Huntsville - AL USA
2017,"Lansing-East Lansing, MI",20881.0,146667.0,309553.0,20881.0,65135.0,121067.0,477101.0,207083.0,2.556873466758076,2.2517386965533124,1.0,Lansing - MI USA
2007,"Nashville-Davidson--Murfreesboro--Franklin, TN",35215.0,436016.0,1118204.0,35215.0,184828.0,427797.0,1589435.0,647840.0,2.6138659223884226,2.3590365096197545,1.0,Nashville - TN USA
2022,"Raleigh, NC",27648.0,409613.0,1036431.0,27648.0,183552.0,372075.0,1473692.0,583275.0,2.7855432372505544,2.2315910477684797,1.0,Raleigh - NC USA
2008,"Clarksville, TN-KY",11083.0,90410.0,169222.0,11083.0,32802.0,66955.0,270715.0,110840.0,2.527398999327907,2.756234375952686,1.0,Clarksville - TN USA
2005,"Lake Havasu City-Kingman, AZ",0.0,64357.0,138241.0,,22096.0,58534.0,202598.0,,2.361721392694844,2.9126086169442433,,Lake Havasu - AZ USA
2015,"Grand Junction, CO",2907.0,44983.0,82570.0,2907.0,18709.0,32916.0,130460.0,54532.0,2.5085065013974965,2.4043508471858464,1.0,Grand Junction - CO USA
2023,"Santa Maria-Santa Barbara, CA",23496.0,207179.0,210329.0,23496.0,74781.0,76151.0,441004.0,174428.0,2.761999185828157,2.770476457923804,1.0,Santa Barbara - CA USA
2016,"Pensacola-Ferry Pass-Brent, FL",25442.0,149881.0,310766.0,25442.0,61427.0,119092.0,486089.0,205961.0,2.6094615927182345,2.439985674052127,1.0,Pensacola - FL USA
2023,"Myrtle Beach-Conway-North Myrtle Beach, SC-NC",7458.0,95038.0,394947.0,7458.0,42462.0,178000.0,497443.0,227920.0,2.218803370786517,2.2381894399698554,1.0,
2015,"Coeur d'Alene, ID",1926.0,44590.0,98530.0,1926.0,17772.0,39089.0,145046.0,58787.0,2.5206579856225537,2.509002925950934,1.0,
2019,"Merced, CA",6567.0,137726.0,133579.0,6567.0,38065.0,42579.0,277872.0,87211.0,3.1372037859038495,3.618179429922501,1.0,Merced - CA USA
2007,"Goldsboro, NC",5284.0,36233.0,72033.0,5284.0,15243.0,29061.0,113550.0,49588.0,2.4786827707236503,2.3770255199107786,1.0,Goldsboro - NC USA
2019,"Michigan City-La Porte, IN",7768.0,25461.0,76390.0,7768.0,11443.0,31657.0,109619.0,50868.0,2.4130524054711437,2.2250284016429256,1.0,Michigan City-La Porte - IN USA
2005,"Lynchburg, VA",0.0,53235.0,157515.0,,24389.0,63189.0,210750.0,,2.492759815790723,2.182746320062323,,Lynchburg - VA USA
2010,"Sacramento--Roseville--Arden-Arcade, CA",53656.0,816994.0,1284691.0,53656.0,304298.0,477129.0,2155341.0,835083.0,2.6925443643123765,2.6848484051817625,1.0,Sacramento - CA USA
2010,"Port St. Lucie, FL",7872.0,109241.0,307924.0,7872.0,39953.0,125119.0,425037.0,172944.0,2.4610490812746266,2.734237729331965,1.0,Port St. Lucie - FL USA
2014,"Bremerton-Silverdale, WA",6393.0,84714.0,162825.0,6393.0,33710.0,61539.0,253932.0,101642.0,2.645883098522888,2.5130228418866807,1.0,Bremerton - WA USA
2011,"La Crosse-Onalaska, WI-MN",5318.0,37372.0,72823.0,5318.0,15779.0,29926.0,115513.0,51023.0,2.433435808327207,2.3684644147284364,1.0,La Crosse-Onalaska - WI USA
2008,"Corpus Christi, TX",7131.0,133974.0,249635.0,7131.0,52644.0,88658.0,390740.0,148433.0,2.8157075503620654,2.5449054023250515,1.0,Corpus Christi - TX USA
2022,"Little Rock-North Little Rock-Conway, AR",15520.0,237558.0,504339.0,15520.0,115130.0,198421.0,757417.0,329071.0,2.541762212669022,2.06338921219491,1.0,Little Rock - AR USA
2006,"State College, PA",17093.0,46178.0,77881.0,17093.0,20882.0,29132.0,141152.0,67107.0,2.673383221200055,2.211378220476966,1.0,State College - PA USA
2019,"Wenatchee, WA",1633.0,41690.0,77118.0,1633.0,14913.0,29566.0,120441.0,46112.0,2.608333897043902,2.7955475088848654,1.0,
2021,"Champaign-Urbana, IL",14121.0,80631.0,110273.0,14121.0,39508.0,44740.0,205025.0,98369.0,2.4647518998658917,2.0408777969018934,1.0,Champaign-Urbana - IL USA
2020,"Lafayette-West Lafayette, IN",17292.0,65473.0,113044.0,17292.0,29573.0,41499.0,195809.0,88364.0,2.724017446203523,2.2139451526730465,1.0,
2012,"Indianapolis-Carmel-Anderson, IN",37274.0,604050.0,1287367.0,37274.0,253810.0,477590.0,1928691.0,768674.0,2.695548483008438,2.3799298687994956,1.0,Indianapolis - IN USA
2013,"Providence-Warwick, RI-MA",56869.0,551215.0,1016757.0,56869.0,244960.0,383503.0,1624841.0,685332.0,2.6512361050630635,2.2502245264532985,1.0,Providence - RI USA
2021,"Mansfield, OH",7377.0,36409.0,81596.0,7377.0,15496.0,34040.0,125382.0,56913.0,2.3970622796709753,2.3495740836344865,1.0,Mansfield - OH USA
2022,"Richmond, VA",43785.0,389143.0,909018.0,43785.0,176023.0,362178.0,1341946.0,581986.0,2.509865314845187,2.2107508677843235,1.0,Richmond - VA USA
2016,"Tucson, AZ",30379.0,349851.0,636143.0,30379.0,149196.0,251638.0,1016373.0,431213.0,2.528008488384107,2.3449087106892947,1.0,Tucson - AZ USA
2013,"Waco, TX",8635.0,94620.0,137744.0,8635.0,39526.0,48319.0,240999.0,96480.0,2.8507212483702062,2.393867327834843,1.0,Waco - TX USA
2023,"St. Joseph, MO-KS",5081.0,31188.0,75148.0,5081.0,13701.0,30861.0,111417.0,49643.0,2.4350474709179872,2.2763301948762864,1.0,
2006,"Miami-Fort Lauderdale-West Palm Beach, FL",94181.0,1696100.0,3628990.0,94181.0,652981.0,1350364.0,5419271.0,2097526.0,2.687416133723944,2.5974722082265793,1.0,Miami - FL USA
2020,"Waco, TX",9588.0,82872.0,174583.0,9588.0,33786.0,58506.0,267043.0,101880.0,2.984018733121389,2.4528502930207776,1.0,Waco - TX USA
2009,"Louisville/Jefferson County, KY-IN",23504.0,340744.0,820007.0,23504.0,149670.0,322495.0,1184255.0,495669.0,2.5426967859966823,2.276635264248012,1.0,Louisville - KY USA
2009,"Sacramento--Roseville--Arden-Arcade, CA",41163.0,786957.0,1299481.0,41163.0,295350.0,471363.0,2127601.0,807876.0,2.7568583024123656,2.664489588623667,1.0,Sacramento - CA USA
2023,"Homosassa Springs, FL",2926.0,27980.0,136045.0,2926.0,13507.0,62238.0,166951.0,78671.0,2.1858832224685885,2.0715184719034574,1.0,
2021,"Little Rock-North Little Rock-Conway, AR",13897.0,235678.0,473978.0,13897.0,105181.0,193065.0,723553.0,312143.0,2.4550177401393314,2.240689858434508,1.0,Little Rock - AR USA
2008,"Fresno, CA",21129.0,415116.0,472407.0,21129.0,128745.0,150219.0,908652.0,300093.0,3.1447886086313983,3.224327158336246,1.0,Fresno - CA USA
2008,"Bloomington, IN",14362.0,45457.0,69060.0,14362.0,23540.0,29105.0,128879.0,67007.0,2.3727881807249616,1.931053525913339,1.0,Bloomington - IN USA
2013,"Urban Honolulu, HI",36829.0,410349.0,536080.0,36829.0,145468.0,163330.0,983258.0,345627.0,3.282189432437397,2.8208884428190393,1.0,Honolulu - HI USA
2021,"Albany-Schenectady-Troy, NY",32015.0,246165.0,590735.0,32015.0,128079.0,237659.0,868915.0,397753.0,2.4856411917916006,1.9219778418007636,1.0,Albany - NY USA
2015,"Jacksonville, FL",25574.0,505867.0,887147.0,25574.0,194607.0,329188.0,1418588.0,549369.0,2.694955466177382,2.5994285919828166,1.0,Jacksonville - FL USA
2016,"El Paso, TX",14930.0,314313.0,508971.0,14930.0,107889.0,159485.0,838214.0,282304.0,3.191340878452519,2.9132997803297833,1.0,El Paso - TX USA
2007,"Colorado Springs, CO",15216.0,162699.0,409470.0,15216.0,67877.0,149644.0,587385.0,232737.0,2.7362941380877284,2.3969680451404747,1.0,Colorado Springs - CO USA
2021,"Lawrence, KS",8745.0,48264.0,62390.0,8745.0,24990.0,24769.0,119399.0,58504.0,2.5188743994509264,1.9313325330132052,1.0,
2022,"Lebanon, PA",4980.0,30377.0,109442.0,4980.0,15286.0,39959.0,144799.0,60225.0,2.738857328761981,1.9872432290985216,1.0,Lebanon - PA USA
2018,"Owensboro, KY",3138.0,30451.0,75546.0,3138.0,13379.0,29229.0,109135.0,45746.0,2.584624858873037,2.2760295986247105,1.0,Owensboro - KY USA
2016,"Muskegon, MI",7253.0,45995.0,120729.0,7253.0,18823.0,46613.0,173977.0,72689.0,2.5900285328127346,2.4435530999309356,1.0,Muskegon - MI USA
2020,"Jefferson City, MO",10031.0,34596.0,108715.0,10031.0,15840.0,40452.0,153342.0,66323.0,2.6875061801641453,2.184090909090909,1.0,
2010,"St. Cloud, MN",9414.0,41385.0,138641.0,9414.0,20038.0,51106.0,189440.0,80558.0,2.712812585606387,2.0653258808264296,1.0,St. Cloud - MN USA
2006,"Hilton Head Island-Bluffton-Beaufort, SC",7002.0,51977.0,103942.0,7002.0,19514.0,43192.0,162921.0,69708.0,2.4065104649009075,2.6635748693245875,1.0,Hilton Head Island - SC USA
2021,"Ocala, FL",7089.0,86336.0,292273.0,7089.0,33336.0,124014.0,385698.0,164439.0,2.356774235166997,2.589872810175186,1.0,Ocala - FL USA
2013,"Riverside-San Bernardino-Ontario, CA",80380.0,1661300.0,2639826.0,80380.0,492471.0,805205.0,4381506.0,1378056.0,3.278452071211679,3.373396606094572,1.0,Inland Empire - CA USA
2012,"Barnstable Town, MA",3652.0,44355.0,195092.0,3652.0,18572.0,81072.0,243099.0,103296.0,2.4064041839352672,2.388272668533276,1.0,Barnstable Town - MA USA
2019,"Erie, PA",14424.0,79823.0,176587.0,14424.0,35861.0,74267.0,270834.0,124552.0,2.377731697793098,2.2259000027885447,1.0,Erie - PA USA
2016,"Syracuse, NY",33058.0,192834.0,443433.0,33058.0,88215.0,169107.0,669325.0,290380.0,2.6222036935194875,2.185954769597007,1.0,Syracuse - NY USA
2010,"Tyler, TX",3997.0,63055.0,143525.0,3997.0,26029.0,53312.0,210577.0,83338.0,2.692170618247299,2.4224902992815704,1.0,Tyler - TX USA
2009,"Rockford, IL",7609.0,98684.0,247317.0,7609.0,41254.0,91070.0,353610.0,139933.0,2.7156802459646427,2.3921074320065934,1.0,Rockford - IL USA
2016,"Albuquerque, NM",10411.0,268836.0,614481.0,10411.0,109737.0,228987.0,893728.0,349135.0,2.6834754811408508,2.4498209355094454,1.0,Albuquerque - NM USA
2023,"Lynchburg, VA",13661.0,64879.0,187058.0,13661.0,28719.0,75825.0,265598.0,118205.0,2.4669699967029346,2.259096765207702,1.0,Lynchburg - VA USA
2008,"Gadsden, AL",1649.0,27253.0,74405.0,1649.0,12763.0,29066.0,103307.0,43478.0,2.559863758343081,2.1353130141816186,1.0,Gadsden - AL USA
2011,"New Haven-Milford, CT",27592.0,273917.0,558848.0,27592.0,118729.0,207793.0,860357.0,354114.0,2.6894457464880914,2.307077462119617,1.0,New Haven - CT USA
2005,"Burlington-South Burlington, VT",0.0,50831.0,148798.0,,23758.0,56536.0,199629.0,,2.6319159473609735,2.139531947133597,,Burlington - VT USA
2019,"Yuba City, CA",2648.0,67318.0,105856.0,2648.0,23500.0,36367.0,175822.0,62515.0,2.910770753705282,2.864595744680851,1.0,Yuba City - CA USA
2010,"Mobile, AL",7340.0,126772.0,279247.0,7340.0,50261.0,103415.0,413359.0,161016.0,2.7002562490934583,2.5222737311235353,1.0,Mobile - AL USA
2020,"Virginia Beach-Norfolk-Newport News, VA-NC",68072.0,550549.0,1067935.0,68072.0,247643.0,411577.0,1686556.0,727292.0,2.594739258996494,2.2231559139567847,1.0,Norfolk - VA USA
2009,"Fayetteville, NC",15094.0,132969.0,166549.0,15094.0,52716.0,64286.0,314612.0,132096.0,2.590750707774632,2.522365126337355,1.0,Fayetteville - NC USA
2023,"Jacksonville, FL",28828.0,514300.0,1137105.0,28828.0,228371.0,449700.0,1680233.0,706899.0,2.528585723815877,2.2520372551681254,1.0,Jacksonville - FL USA
2022,"Gulfport-Biloxi-Pascagoula, MS",5453.0,118972.0,231398.0,5453.0,50181.0,91859.0,355823.0,147493.0,2.5190563798865653,2.3708574958649686,1.0,Gulfport-Biloxi-Pascagoula - MS USA
2010,"Barnstable Town, MA",3422.0,51143.0,187996.0,3422.0,23226.0,80023.0,242561.0,106671.0,2.3492745835572273,2.201971928011711,1.0,Barnstable Town - MA USA
2017,"Wichita Falls, TX",16030.0,42440.0,74105.0,16030.0,19607.0,28775.0,132575.0,64412.0,2.575325803649001,2.164533074922222,1.0,Wichita Falls - TX USA
2015,"Salisbury, MD-DE",14711.0,108028.0,272870.0,14711.0,44051.0,110194.0,395609.0,168956.0,2.4762691253607274,2.452339333953826,1.0,Salisbury - MD USA
2011,"Philadelphia-Camden-Wilmington, PA-NJ-DE-MD",164582.0,1624913.0,4221426.0,164582.0,708972.0,1519886.0,6010921.0,2393440.0,2.777462257037699,2.2919283131068644,1.0,Philadelphia - PA USA
2016,"Columbus, OH",49516.0,724673.0,1166707.0,49516.0,299793.0,443083.0,1940896.0,792392.0,2.633156767467946,2.417244565416804,1.0,Columbus - OH USA
2017,"Columbia, SC",35413.0,244698.0,544693.0,35413.0,99019.0,210743.0,824804.0,345175.0,2.584631518010088,2.471222694634363,1.0,
2007,"Kansas City, MO-KS",23418.0,486869.0,1307224.0,23418.0,221395.0,490837.0,1817511.0,735650.0,2.6632548076041536,2.1990966372320964,1.0,Kansas City - MO USA
2011,"Farmington, NM",1623.0,24880.0,101555.0,1623.0,9513.0,32711.0,128058.0,43847.0,3.104613127082633,2.6153684431830126,1.0,Farmington - NM USA
2016,"Bloomington, IL",7364.0,51878.0,113231.0,7364.0,23133.0,42511.0,172473.0,73008.0,2.6635694290889416,2.242597155578611,1.0,Bloomington - IL USA
2023,"Laredo, TX",2689.0,87882.0,178526.0,2689.0,29033.0,54011.0,269097.0,85733.0,3.3053637222047363,3.02696931078428,1.0,Laredo - TX USA
2013,"Raleigh, NC",27956.0,408203.0,836457.0,27956.0,165150.0,306982.0,1272616.0,500088.0,2.7247753939970423,2.471710566151983,1.0,Raleigh - NC USA
2017,"Vallejo-Fairfield, CA",10323.0,178083.0,256638.0,10323.0,61959.0,89168.0,445044.0,161450.0,2.8781401399605238,2.8742071369776787,1.0,Vallejo-Fairfield - CA USA
2016,"Columbia, SC",34819.0,244876.0,536503.0,34819.0,101578.0,207440.0,816198.0,343837.0,2.5863044735827225,2.4107188564452935,1.0,
2011,"Trenton, NJ",19527.0,109680.0,238022.0,19527.0,43738.0,87018.0,367229.0,150283.0,2.7353191293755317,2.507659243678266,1.0,Trenton - NJ USA
2018,"Philadelphia-Camden-Wilmington, PA-NJ-DE-MD",163618.0,1752379.0,4222018.0,163618.0,763745.0,1533384.0,6138015.0,2460747.0,2.7533990181194015,2.2944556101840274,1.0,Philadelphia - PA USA
2012,"Fayetteville, NC",11154.0,147499.0,166462.0,11154.0,56614.0,65832.0,325115.0,133600.0,2.5285879207680155,2.60534496767584,1.0,Fayetteville - NC USA
2014,"Topeka, KS",5490.0,63530.0,156003.0,5490.0,27524.0,61390.0,225023.0,94404.0,2.541179345170223,2.3081674175265223,1.0,
2017,"Visalia-Porterville, CA",5380.0,207837.0,251217.0,5380.0,61775.0,75801.0,464434.0,142956.0,3.3141647207820477,3.3644192634560905,1.0,Visalia - CA USA
2022,"Austin-Round Rock, TX",43418.0,834620.0,1586153.0,43418.0,413943.0,605491.0,2464191.0,1062852.0,2.6196144946828275,2.0162679402719696,1.0,Austin - TX USA
2018,"Harrisonburg, VA",8859.0,47846.0,78325.0,8859.0,18475.0,29511.0,135030.0,56845.0,2.6540950831893193,2.5897699594046006,1.0,
2011,"Fresno, CA",17925.0,434964.0,489753.0,17925.0,130116.0,156305.0,942642.0,304346.0,3.1333162726720194,3.3428940330166927,1.0,Fresno - CA USA
2017,"Bloomington, IL",6685.0,53065.0,112196.0,6685.0,22461.0,42685.0,171946.0,71831.0,2.6284643317324585,2.3625395129335294,1.0,Bloomington - IL USA
2009,"Tallahassee, FL",16691.0,126490.0,169902.0,16691.0,56578.0,69045.0,313083.0,142314.0,2.460742993699761,2.2356746438545017,1.0,Tallahassee - FL USA
2012,"Gulfport-Biloxi-Pascagoula, MS",6694.0,114386.0,213408.0,6694.0,46067.0,79269.0,334488.0,132030.0,2.6921999772925105,2.4830355786137583,1.0,Gulfport-Biloxi-Pascagoula - MS USA
2007,"Wichita, KS",9468.0,146552.0,416760.0,9468.0,65939.0,155986.0,572780.0,231393.0,2.6717782365084046,2.2225390133305023,1.0,Wichita - KS USA
2023,"Charleston-North Charleston, SC",16089.0,232206.0,600912.0,16089.0,105865.0,241182.0,849207.0,363136.0,2.491529218598403,2.193416143201247,1.0,Charleston - SC USA
2016,"Bakersfield, CA",31724.0,374032.0,478779.0,31724.0,116243.0,154117.0,884535.0,302084.0,3.1065943406632623,3.2176733222645666,1.0,Bakersfield - CA USA
2022,"Winston-Salem, NC",13314.0,190801.0,465553.0,13314.0,87376.0,181063.0,669668.0,281753.0,2.5712210667005406,2.1836774400292986,1.0,Winston-Salem - NC USA
2019,"Oklahoma City, OK",34561.0,494791.0,951542.0,34561.0,200444.0,349129.0,1480894.0,584134.0,2.725473965210567,2.4684749855321186,1.0,Oklahoma City - OK USA
2011,"Worcester, MA-CT",29045.0,243671.0,540604.0,29045.0,109028.0,195855.0,813320.0,333928.0,2.7602256771591227,2.2349396485306525,1.0,Worcester - MA USA
2012,"Santa Fe, NM",2893.0,44402.0,98860.0,2893.0,21068.0,41242.0,146155.0,65203.0,2.3970709470927694,2.1075564837668503,1.0,Santa Fe - NM USA
2022,"Monroe, LA",5024.0,59949.0,93064.0,5024.0,26512.0,36680.0,158037.0,68216.0,2.537186477644493,2.2612024743512373,1.0,Monroe - LA USA
2007,"Baltimore-Columbia-Towson, MD",77191.0,699659.0,1844424.0,77191.0,305893.0,672944.0,2621274.0,1056028.0,2.7408283601607266,2.2872671162792217,1.0,Baltimore - MD USA
2015,"Spartanburg, SC",7899.0,85581.0,204066.0,7899.0,34890.0,78061.0,297546.0,120850.0,2.6141863414509166,2.4528804815133274,1.0,Spartanburg - SC USA
2005,"Santa Maria-Santa Barbara, CA",0.0,164405.0,213048.0,,57043.0,80189.0,377453.0,,2.656823255059921,2.882124011710464,,Santa Barbara - CA USA
2013,"Hartford-West Hartford-East Hartford, CT",47990.0,349754.0,816926.0,47990.0,153856.0,310459.0,1214670.0,512305.0,2.631349067026564,2.2732555116472546,1.0,Hartford - CT USA
2022,"Rochester, NY",41769.0,296594.0,735344.0,41769.0,150221.0,302800.0,1073707.0,494790.0,2.4284808454425364,1.9743844069737253,1.0,Rochester - NY USA
2020,"Baltimore-Columbia-Towson, MD",67229.0,744993.0,1909942.0,67229.0,350772.0,706978.0,2722164.0,1124979.0,2.7015578985484696,2.1238667852622215,1.0,Baltimore - MD USA
2020,"Redding, CA",3315.0,50018.0,126487.0,3315.0,20699.0,46391.0,179820.0,70405.0,2.7265417861223082,2.41644523890043,1.0,Redding - CA USA
2008,"Mobile, AL",8786.0,114412.0,283214.0,8786.0,49777.0,110376.0,406412.0,168939.0,2.5659020076828294,2.2984912710689676,1.0,Mobile - AL USA
2013,"Redding, CA",3596.0,70232.0,105667.0,3596.0,26632.0,43097.0,179495.0,73325.0,2.4518411954428383,2.6371282667467706,1.0,Redding - CA USA
2015,"Bridgeport-Stamford-Norwalk, CT",17793.0,285089.0,644386.0,17793.0,108724.0,224804.0,947268.0,351321.0,2.866434760947314,2.622134947205769,1.0,Stamford - CT USA
2021,"Clarksville, TN-KY",12762.0,135429.0,205395.0,12762.0,50209.0,79602.0,353586.0,142573.0,2.5802743649657045,2.6973052639964945,1.0,Clarksville - TN USA
2022,"Charleston-North Charleston, SC",16971.0,209106.0,604583.0,16971.0,100323.0,237743.0,830660.0,355037.0,2.5430107300740716,2.0843276217816453,1.0,Charleston - SC USA
2006,"Decatur, AL",1621.0,33030.0,114876.0,1621.0,13404.0,45855.0,149527.0,60880.0,2.5052011776251226,2.464189794091316,1.0,Decatur - AL USA
2022,"New Orleans-Metairie, LA",19953.0,367877.0,857474.0,19953.0,167181.0,332705.0,1245304.0,519839.0,2.577280173126343,2.200471345428009,1.0,New Orleans - LA USA
2019,"Sheboygan, WI",2705.0,29430.0,83024.0,2705.0,13872.0,34819.0,115159.0,51396.0,2.3844452741319393,2.1215397923875434,1.0,Sheboygan - WI USA
2017,"Birmingham-Hoover, AL",23889.0,325596.0,787162.0,23889.0,140696.0,298049.0,1136647.0,462634.0,2.6410489550375944,2.3141809290953543,1.0,Birmingham - AL USA
2019,"Burlington, NC",4545.0,45786.0,119303.0,4545.0,20200.0,44190.0,169634.0,68935.0,2.699773704458022,2.2666336633663366,1.0,Burlington - NC USA
2018,"Santa Cruz-Watsonville, CA",14174.0,108601.0,152579.0,14174.0,38038.0,56956.0,275354.0,109168.0,2.678892478404382,2.855065986644934,1.0,Santa Cruz - CA USA
2007,"Barnstable Town, MA",3992.0,38067.0,206170.0,3992.0,20237.0,85506.0,248229.0,109735.0,2.4111758239187893,1.8810594455699956,1.0,Barnstable Town - MA USA
2014,"Columbia, SC",35708.0,249335.0,516432.0,35708.0,99975.0,198628.0,801475.0,334311.0,2.5999959723704613,2.4939734933733435,1.0,
2006,"Williamsport, PA",4626.0,28760.0,84322.0,4626.0,14202.0,33263.0,117708.0,52091.0,2.5350088687129846,2.025066891987044,1.0,Williamsport - PA USA
2014,"Winston-Salem, NC",12436.0,213929.0,408824.0,12436.0,87625.0,159886.0,635189.0,259947.0,2.556971842437737,2.4414151212553494,1.0,Winston-Salem - NC USA
2015,"Monroe, LA",6166.0,61898.0,89054.0,6166.0,23594.0,33264.0,157118.0,63024.0,2.6771885521885523,2.6234635924387555,1.0,Monroe - LA USA
2020,"Monroe, MI",1131.0,23059.0,129614.0,1131.0,11757.0,50362.0,153804.0,63250.0,2.5736467971883563,1.9612996512715828,1.0,Monroe - MI USA
2013,"Baltimore-Columbia-Towson, MD",69807.0,829710.0,1823190.0,69807.0,349306.0,670827.0,2722707.0,1089940.0,2.7178244167274124,2.375309900202115,1.0,Baltimore - MD USA
2010,"San Antonio-New Braunfels, TX",52376.0,757421.0,1504609.0,52376.0,288514.0,519140.0,2314406.0,860030.0,2.8982721423893363,2.625248688105257,1.0,San Antonio - TX USA
2007,"Rockford, IL",4661.0,78462.0,269215.0,4661.0,34155.0,95207.0,352338.0,134023.0,2.827680737760879,2.2972332015810277,1.0,Rockford - IL USA
2008,"Kennewick-Richland, WA",2174.0,67780.0,165796.0,2174.0,24190.0,56825.0,235750.0,83189.0,2.9176594808622967,2.801984291029351,1.0,Kennewick-Richland - WA USA
2015,"Auburn-Opelika, AL",5863.0,53074.0,98390.0,5863.0,24048.0,34143.0,157327.0,64054.0,2.8817034238350465,2.207002661343979,1.0,Auburn-Opelika - AL USA
2006,"Amarillo, TX",2888.0,79192.0,150637.0,2888.0,29728.0,54132.0,232717.0,86748.0,2.782771743146383,2.663885898815931,1.0,Amarillo - TX USA
2018,"New Haven-Milford, CT",28392.0,290485.0,537855.0,28392.0,131368.0,204171.0,856732.0,363931.0,2.6343359242987496,2.2112310456123256,1.0,New Haven - CT USA
2021,"Provo-Orem, UT",14926.0,168354.0,501778.0,14926.0,60763.0,133497.0,685058.0,209186.0,3.7587211697641147,2.7706663594621728,1.0,Provo - UT USA
2008,"Olympia-Tumwater, WA",3872.0,75154.0,166332.0,3872.0,31991.0,65129.0,245358.0,100992.0,2.553885365966006,2.3492232190303524,1.0,Olympia - WA USA
2019,"Jefferson City, MO",11113.0,40652.0,99136.0,11113.0,18930.0,40798.0,150901.0,70841.0,2.429923035442914,2.147490755414686,1.0,
2007,"Santa Fe, NM",3131.0,45312.0,116454.0,3131.0,18191.0,43742.0,164897.0,65064.0,2.6622925334918386,2.4909020944423066,1.0,Santa Fe - NM USA
2019,"Jacksonville, FL",32467.0,473219.0,1022441.0,32467.0,195757.0,375301.0,1528127.0,603525.0,2.724322610384731,2.41737971055952,1.0,Jacksonville - FL USA
2007,"Muskegon, MI",7876.0,31907.0,134325.0,7876.0,14756.0,49699.0,174108.0,72331.0,2.702770679490533,2.162306858227162,1.0,Muskegon - MI USA
2010,"Austin-Round Rock, TX",47419.0,679650.0,1065181.0,47419.0,283012.0,390312.0,1792250.0,720743.0,2.7290500932587265,2.4014882761155003,1.0,Austin - TX USA
2023,"Sebastian-Vero Beach, FL",1659.0,35594.0,132461.0,1659.0,14965.0,57867.0,169714.0,74491.0,2.289059394819154,2.3784831272970264,1.0,
2006,"Greensboro-High Point, NC",18270.0,228930.0,497797.0,18270.0,100055.0,197491.0,744997.0,315816.0,2.520606002298839,2.288041577132577,1.0,Greensboro - NC USA
2009,"Gadsden, AL",2812.0,24564.0,76223.0,2812.0,10813.0,30609.0,103599.0,44234.0,2.4902152961547257,2.2717099787293074,1.0,Gadsden - AL USA
2011,"Greeley, CO",6578.0,83459.0,168697.0,6578.0,30176.0,60277.0,258734.0,97031.0,2.7986960200408117,2.76574098621421,1.0,Greeley - CO USA
2021,"Lincoln, NE",13188.0,110725.0,200521.0,13188.0,53368.0,78049.0,324434.0,144605.0,2.569168086714756,2.0747451656423324,1.0,Lincoln - NE USA
2005,"Denver-Aurora-Lakewood, CO",0.0,658923.0,1677159.0,,300884.0,631216.0,2336082.0,,2.657028655800867,2.189956926922003,,Denver - CO USA
2014,"Springfield, OH",3405.0,46704.0,86627.0,3405.0,20009.0,35191.0,136736.0,58605.0,2.461623710607826,2.3341496326653006,1.0,Springfield - OH USA
2006,"Boston-Cambridge-Newton, MA-NH",149757.0,1328013.0,3144663.0,149757.0,611685.0,1127926.0,4622433.0,1889368.0,2.7880047095288165,2.1710733465754433,1.0,Boston - MA USA
2014,"Miami-Fort Lauderdale-West Palm Beach, FL",80645.0,2313318.0,3506472.0,80645.0,821419.0,1217676.0,5900435.0,2119740.0,2.8796428606624422,2.81624603277986,1.0,Miami - FL USA
2011,"Charlotte-Concord-Gastonia, NC-SC",32151.0,666043.0,1448896.0,32151.0,261752.0,541495.0,2147090.0,835398.0,2.675732924588408,2.5445574436871543,1.0,Charlotte - NC USA
2020,"Omaha-Council Bluffs, NE-IA",20221.0,268994.0,721895.0,20221.0,134649.0,275058.0,1011110.0,429928.0,2.6245191923158027,1.9977422780711331,1.0,Omaha - NE USA
2017,"Monroe, LA",7895.0,58886.0,89427.0,7895.0,23489.0,34743.0,156208.0,66127.0,2.573957343925395,2.506960705010856,1.0,Monroe - LA USA
2023,"Sumter, SC",5393.0,36203.0,80815.0,5393.0,15076.0,31682.0,122411.0,52151.0,2.5508174988952717,2.4013664101883787,1.0,Sumter - SC USA
2017,"Scranton--Wilkes-Barre--Hazleton, PA",17143.0,158257.0,314805.0,17143.0,69753.0,128850.0,490205.0,215746.0,2.4431897555296858,2.2688199790690007,1.0,Scranton - PA USA
2023,"San Angelo, TX",4167.0,42461.0,72440.0,4167.0,19774.0,27863.0,119068.0,51804.0,2.5998636184186914,2.1473146556083744,1.0,San Angelo - TX USA
2006,"Blacksburg-Christiansburg-Radford, VA",16572.0,54849.0,96459.0,16572.0,23967.0,41813.0,167880.0,82352.0,2.3069141176189225,2.288521717361372,1.0,Blacksburg - VA USA
2021,"Spartanburg, SC",6960.0,76009.0,252550.0,6960.0,33048.0,95389.0,335519.0,135397.0,2.647579909633186,2.299957637375938,1.0,Spartanburg - SC USA
2010,"Pensacola-Ferry Pass-Brent, FL",24151.0,127670.0,298051.0,24151.0,51098.0,114547.0,449872.0,189796.0,2.6019974333679623,2.4985322321812986,1.0,Pensacola - FL USA
2019,"Johnstown, PA",6182.0,25940.0,97725.0,6182.0,14533.0,41957.0,129847.0,62672.0,2.32917034106347,1.784903323470722,1.0,Johnstown - PA USA
2013,"Canton-Massillon, OH",10366.0,106770.0,287150.0,10366.0,48135.0,112033.0,404286.0,170534.0,2.563084091294529,2.2181364911187287,1.0,Canton - OH USA
2017,"Austin-Round Rock, TX",44854.0,776594.0,1338672.0,44854.0,318978.0,450127.0,2160120.0,813959.0,2.97398734135033,2.4346318554884663,1.0,Austin - TX USA
2020,"Beaumont-Port Arthur, TX",16935.0,109390.0,271011.0,16935.0,46650.0,95569.0,397336.0,159154.0,2.835762642697946,2.344908896034298,1.0,Beaumont - TX USA
2012,"Virginia Beach-Norfolk-Newport News, VA-NC",65827.0,611934.0,967592.0,65827.0,245616.0,360416.0,1645353.0,671859.0,2.684653289532096,2.491425640023451,1.0,Norfolk - VA USA
2016,"Scranton--Wilkes-Barre--Hazleton, PA",17304.0,147757.0,326543.0,17304.0,67167.0,129386.0,491604.0,213857.0,2.5237892816842624,2.199845162058749,1.0,Scranton - PA USA
2010,"State College, PA",16776.0,52480.0,84649.0,16776.0,22824.0,33534.0,153905.0,73134.0,2.524273871294805,2.2993340343498074,1.0,State College - PA USA
2019,"Lima, OH",3905.0,30316.0,68240.0,3905.0,12937.0,27523.0,102461.0,44365.0,2.47938088144461,2.3433562649764244,1.0,
2006,"Salt Lake City, UT",14458.0,254310.0,709738.0,14458.0,95637.0,228190.0,978506.0,338285.0,3.1102940532012795,2.659117287242385,1.0,Salt Lake City - UT USA
2023,"Memphis, TN-MS-AR",17498.0,452572.0,740341.0,17498.0,188120.0,285842.0,1210411.0,491460.0,2.590035754017954,2.40576227939613,1.0,Memphis - TN USA
2006,"Milwaukee-Waukesha-West Allis, WI",32938.0,457160.0,1019739.0,32938.0,218124.0,387035.0,1509837.0,638097.0,2.634746211582932,2.0958720727659497,1.0,Milwaukee - WI USA
2021,"Gulfport-Biloxi-Pascagoula, MS",5923.0,106819.0,240735.0,5923.0,46477.0,91730.0,353477.0,144130.0,2.6243867873105855,2.298319598941412,1.0,Gulfport-Biloxi-Pascagoula - MS USA
2010,"Bend-Redmond, OR",891.0,58506.0,98548.0,891.0,22506.0,41614.0,157945.0,65011.0,2.3681453357043303,2.5995734470807785,1.0,Bend - OR USA
2005,"Santa Cruz-Watsonville, CA",0.0,93182.0,151151.0,,37430.0,57043.0,244333.0,,2.6497729782795436,2.4895004007480632,,Santa Cruz - CA USA
2006,"Lancaster, PA",14796.0,117430.0,362147.0,14796.0,54102.0,130478.0,494373.0,199376.0,2.775540704180015,2.170529740120513,1.0,Lancaster - PA USA
2022,"Prescott, AZ",3838.0,59252.0,182819.0,3838.0,26571.0,84357.0,245909.0,114766.0,2.1672060409924487,2.2299499454292273,1.0,Prescott - AZ USA
2018,"El Centro, CA",10715.0,57690.0,114013.0,10715.0,14408.0,27356.0,182418.0,52479.0,4.167751133206609,4.004025541365908,1.0,El Centro - CA USA
2016,"San Antonio-New Braunfels, TX",41261.0,838524.0,1478750.0,41261.0,299013.0,473398.0,2358535.0,813672.0,3.123692960257542,2.8043061672903855,1.0,San Antonio - TX USA
2023,"Punta Gorda, FL",5395.0,32226.0,168469.0,5395.0,14674.0,75693.0,206090.0,95762.0,2.22568797643111,2.196129208123211,1.0,Punta Gorda - FL USA
2012,"Milwaukee-Waukesha-West Allis, WI",28806.0,555505.0,982802.0,28806.0,249507.0,374172.0,1567113.0,652485.0,2.6266048769015318,2.2264104814694576,1.0,Milwaukee - WI USA
2017,"Eugene, OR",8580.0,139829.0,226994.0,8580.0,62536.0,89139.0,375403.0,160255.0,2.5465172371240423,2.235976077779199,1.0,Eugene - OR USA
2021,"Kalamazoo-Portage, MI",9877.0,87679.0,290971.0,9877.0,46552.0,109245.0,388527.0,165674.0,2.6634720124490823,1.8834636535487197,1.0,Kalamazoo - MI USA
2005,"Yuba City, CA",0.0,58415.0,94910.0,,20212.0,32390.0,153325.0,,2.9302253782031493,2.8901147832970513,,Yuba City - CA USA
2023,"Boise City, ID",17977.0,203763.0,632013.0,17977.0,89758.0,234575.0,853753.0,342310.0,2.694289672812533,2.2701374807816572,1.0,Boise - ID USA
2008,"North Port-Sarasota-Bradenton, FL",7558.0,182247.0,498020.0,7558.0,75875.0,217964.0,687825.0,301397.0,2.2848727312767245,2.4019373970345965,1.0,Sarasota - FL USA
2007,"Akron, OH",18312.0,179956.0,501117.0,18312.0,85996.0,195671.0,699385.0,299979.0,2.5610182398004815,2.092608958556212,1.0,Akron - OH USA
2009,"Wichita, KS",7322.0,173048.0,409002.0,7322.0,76835.0,156144.0,589372.0,240301.0,2.619389794036274,2.2522027721741393,1.0,Wichita - KS USA
2007,"Santa Cruz-Watsonville, CA",8357.0,94723.0,148639.0,8357.0,38037.0,55653.0,251719.0,102047.0,2.6708173863044222,2.49028577437758,1.0,Santa Cruz - CA USA
2016,"Pittsfield, MA",6887.0,34290.0,85826.0,6887.0,17120.0,37084.0,127003.0,61091.0,2.3143673821594217,2.0029205607476634,1.0,Pittsfield - MA USA
2020,"Phoenix-Mesa-Scottsdale, AZ",79917.0,1559425.0,3408110.0,79917.0,622172.0,1205804.0,5047452.0,1907893.0,2.826421209417119,2.5064210539850715,1.0,Phoenix - AZ USA
2020,"Seattle-Tacoma-Bellevue, WA",69644.0,1331412.0,2606966.0,69644.0,610651.0,952945.0,4008022.0,1633240.0,2.735694085178053,2.180315761375974,1.0,Seattle - WA USA
2006,"Atlanta-Sandy Springs-Roswell, GA",81829.0,1441718.0,3477686.0,81829.0,553186.0,1226608.0,5001233.0,1861623.0,2.8352057054902624,2.60620840006797,1.0,Atlanta - GA USA
2009,"Nashville-Davidson--Murfreesboro--Franklin, TN",34369.0,474642.0,1146869.0,34369.0,200402.0,426795.0,1655880.0,661566.0,2.687165969610703,2.368449416672488,1.0,Nashville - TN USA
2007,"Greeley, CO",5404.0,67390.0,171039.0,5404.0,25370.0,59787.0,243833.0,90561.0,2.860805860805861,2.656286953094206,1.0,Greeley - CO USA
2008,"Salisbury, MD-DE",15018.0,93413.0,250724.0,15018.0,39790.0,104019.0,359155.0,158827.0,2.4103673367365577,2.3476501633576277,1.0,Salisbury - MD USA
2015,"Portland-South Portland, ME",12156.0,129650.0,384909.0,12156.0,61179.0,151062.0,526715.0,224397.0,2.548020018270644,2.119191225747397,1.0,Portland - ME USA
2013,"Charleston, WV",3125.0,53320.0,143704.0,3125.0,24662.0,60922.0,200149.0,88709.0,2.3588194740816126,2.162030654448139,1.0,
2019,"El Paso, TX",14699.0,306967.0,517688.0,14699.0,105483.0,163666.0,839354.0,283848.0,3.163076020676255,2.910108737900894,1.0,El Paso - TX USA
2009,"Laredo, TX",1934.0,81853.0,157678.0,1934.0,22013.0,43164.0,241465.0,67111.0,3.652997868594199,3.718393676463908,1.0,Laredo - TX USA
2011,"Chico, CA",5078.0,86981.0,127898.0,5078.0,34689.0,48945.0,219957.0,88712.0,2.613096332618245,2.5074519300066305,1.0,Chico - CA USA
2012,"Dallas-Fort Worth-Arlington, TX",78971.0,2423015.0,4075822.0,78971.0,937416.0,1375899.0,6577808.0,2392286.0,2.9622973779325372,2.584780929704635,1.0,Dallas-Fort Worth - TX USA
2007,"Amarillo, TX",4907.0,77688.0,151361.0,4907.0,31160.0,52705.0,233956.0,88772.0,2.8718527653922776,2.493196405648267,1.0,Amarillo - TX USA
2005,"East Stroudsburg, PA",0.0,37357.0,115574.0,,14452.0,40304.0,152931.0,,2.867556570067487,2.5849017437032935,,East Stroudsburg - PA USA
2011,"Odessa, TX",1470.0,41386.0,97024.0,1470.0,17549.0,32356.0,139880.0,51375.0,2.9986401285696624,2.3583110148726423,1.0,Odessa - TX USA
2020,"Norwich-New London, CT",10859.0,69726.0,181526.0,10859.0,37884.0,75276.0,262111.0,124019.0,2.411472448057814,1.8405131453911943,1.0,Norwich - CT USA
2006,"Beaumont-Port Arthur, TX",14350.0,103021.0,261301.0,14350.0,43952.0,98763.0,378672.0,157065.0,2.645737776292741,2.343943392792137,1.0,Beaumont - TX USA
2020,"Sacramento--Roseville--Arden-Arcade, CA",36959.0,860103.0,1485819.0,36959.0,327333.0,527333.0,2382881.0,891625.0,2.817610504178574,2.6276085820861326,1.0,Sacramento - CA USA
2005,"San Francisco-Oakland-Hayward, CA",0.0,1535091.0,2534656.0,,660001.0,901891.0,4069747.0,,2.810379524798451,2.325891930466772,,San Francisco - CA USA
2017,"Goldsboro, NC",3150.0,40917.0,80179.0,3150.0,16369.0,31351.0,124246.0,50870.0,2.5574622819048836,2.4996639990225424,1.0,Goldsboro - NC USA
2017,"Spokane-Spokane Valley, WA",17081.0,193702.0,402813.0,17081.0,87587.0,157217.0,613596.0,261885.0,2.5621465872011298,2.211538241976549,1.0,Spokane - WA USA
2008,"Owensboro, KY",2907.0,28790.0,72306.0,2907.0,13881.0,29986.0,104003.0,46774.0,2.411325285133062,2.074058064980909,1.0,Owensboro - KY USA
2007,"San Antonio-New Braunfels, TX",61147.0,621942.0,1466315.0,61147.0,250622.0,485591.0,2149404.0,797360.0,3.0196502818215327,2.4815937946389384,1.0,San Antonio - TX USA
2011,"Ogden-Clearfield, UT",4448.0,114921.0,426772.0,4448.0,43461.0,132066.0,546141.0,179975.0,3.2315054593915162,2.644232760405881,1.0,Ogden - UT USA
2022,"Muncie, IN",9032.0,30760.0,73226.0,9032.0,15744.0,31735.0,113018.0,56511.0,2.3074208287379863,1.953760162601626,1.0,Muncie - IN USA
2006,"Pittsfield, MA",4753.0,31750.0,80624.0,4753.0,17251.0,32263.0,117127.0,54267.0,2.4989616588661936,1.8404730160570402,1.0,Pittsfield - MA USA
2006,"Raleigh, NC",29686.0,283212.0,683931.0,29686.0,119941.0,249666.0,996829.0,399293.0,2.739383816779217,2.36126095330204,1.0,Raleigh - NC USA
2019,"Detroit-Warren-Dearborn, MI",45878.0,1137277.0,3049237.0,45878.0,519487.0,1167227.0,4232392.0,1732592.0,2.612377026919357,2.1892309143443436,1.0,Detroit - MI USA
2011,"Rockford, IL",4492.0,101666.0,242264.0,4492.0,38597.0,90704.0,348422.0,133793.0,2.6709296172164403,2.6340389149415757,1.0,Rockford - IL USA
2016,"Monroe, MI",1257.0,24045.0,123807.0,1257.0,10973.0,47816.0,149109.0,60046.0,2.5892379119959847,2.1912877061879157,1.0,Monroe - MI USA
2009,"Milwaukee-Waukesha-West Allis, WI",34513.0,517762.0,1007258.0,34513.0,226979.0,377588.0,1559533.0,639080.0,2.667611258832378,2.281100894796435,1.0,Milwaukee - WI USA
2021,"Vallejo-Fairfield, CA",11135.0,168709.0,271732.0,11135.0,59862.0,97756.0,451576.0,168753.0,2.779696386922542,2.8182987538004074,1.0,Vallejo-Fairfield - CA USA
2018,"Santa Fe, NM",3059.0,43670.0,103825.0,3059.0,18460.0,44247.0,150554.0,65766.0,2.346486767464461,2.365655471289274,1.0,Santa Fe - NM USA
2022,"Albuquerque, NM",12526.0,223476.0,698063.0,12526.0,108935.0,274565.0,934065.0,396026.0,2.542432575164351,2.051461880938174,1.0,Albuquerque - NM USA
2008,"Eau Claire, WI",5439.0,38175.0,115097.0,5439.0,18987.0,44015.0,158711.0,68441.0,2.6149494490514598,2.0105861905514297,1.0,Eau Claire - WI USA
2011,"Medford, OR",3929.0,86517.0,114127.0,3929.0,34476.0,49937.0,204573.0,88342.0,2.2854196287322024,2.50948485903237,1.0,Medford - OR USA
2015,"Bloomington, IN",14867.0,55654.0,73923.0,14867.0,24804.0,29794.0,144444.0,69465.0,2.481137141706384,2.243751007901951,1.0,Bloomington - IN USA
2012,"New Orleans-Metairie, LA",19731.0,441737.0,764256.0,19731.0,182468.0,288934.0,1225724.0,491133.0,2.645088497719202,2.420901199114365,1.0,New Orleans - LA USA
2009,"Corpus Christi, TX",11092.0,133032.0,247288.0,11092.0,52930.0,88526.0,391412.0,152548.0,2.7933940311320966,2.5133572643113546,1.0,Corpus Christi - TX USA
2021,"Winston-Salem, NC",13119.0,178963.0,474274.0,13119.0,80925.0,184729.0,666356.0,278773.0,2.56740414336677,2.211467408093914,1.0,Winston-Salem - NC USA
2015,"College Station-Bryan, TX",15451.0,100328.0,99362.0,15451.0,42608.0,35020.0,215141.0,93079.0,2.837292975442604,2.3546751783702593,1.0,College Station-Bryan - TX USA
2022,"Orlando-Kissimmee-Sanford, FL",49416.0,961063.0,1752247.0,49416.0,399396.0,654946.0,2762726.0,1103758.0,2.6754068274331013,2.4062909994091077,1.0,Orlando - FL USA
2007,"Spokane-Spokane Valley, WA",14200.0,132594.0,309204.0,14200.0,61347.0,119297.0,455998.0,194844.0,2.5918841211430297,2.1613770844540077,1.0,Spokane - WA USA
2023,"Olympia-Tumwater, WA",4771.0,86921.0,207350.0,4771.0,40351.0,79435.0,299042.0,124557.0,2.6103103166110655,2.154122574409556,1.0,Olympia - WA USA
2011,"St. Louis, MO-IL",54914.0,706900.0,1961466.0,54914.0,317798.0,750121.0,2723280.0,1122833.0,2.614866134930231,2.224368938759841,1.0,Saint Louis - MO USA
2011,"Flint, MI",5991.0,130008.0,355868.0,5991.0,57711.0,133093.0,491867.0,196795.0,2.6738295778140095,2.2527421115558557,1.0,Flint - MI USA
2014,"Bismarck, ND",3908.0,32950.0,94104.0,3908.0,17777.0,38891.0,130962.0,60576.0,2.419685788485768,1.8535185914383754,1.0,
2023,"Ogden-Clearfield, UT",6587.0,129923.0,508590.0,6587.0,52264.0,164017.0,645100.0,222868.0,3.1008371083485247,2.4858985152303688,1.0,Ogden - UT USA
2017,"Fayetteville-Springdale-Rogers, AR-MO",10525.0,180362.0,307020.0,10525.0,70903.0,111521.0,497907.0,192949.0,2.753024094116803,2.5437851712903545,1.0,Northwest Arkansas - AR USA
2016,"St. Louis, MO-IL",62749.0,804272.0,1974194.0,62749.0,358511.0,767175.0,2841215.0,1188435.0,2.573329422882654,2.24336770698807,1.0,Saint Louis - MO USA
2023,"Mansfield, OH",7012.0,30732.0,87263.0,7012.0,14958.0,36087.0,125007.0,58057.0,2.4181284118934796,2.054552747693542,1.0,Mansfield - OH USA
2006,"Durham-Chapel Hill, NC",20042.0,147233.0,258761.0,20042.0,69072.0,101898.0,426036.0,191012.0,2.5394119609805883,2.131587329163771,1.0,Durham - NC USA
2020,"Rockford, IL",4984.0,97081.0,230204.0,4984.0,45921.0,89900.0,332269.0,140805.0,2.5606674082313683,2.1140872367762027,1.0,Rockford - IL USA
2017,"Prescott, AZ",5830.0,63725.0,158769.0,5830.0,28160.0,70209.0,228324.0,104199.0,2.2613767465709524,2.262961647727273,1.0,Prescott - AZ USA
2010,"Santa Maria-Santa Barbara, CA",17015.0,199661.0,208091.0,17015.0,65925.0,74917.0,424767.0,157857.0,2.7776205667605485,3.028608266970042,1.0,Santa Barbara - CA USA
2005,"College Station-Bryan, TX",0.0,72047.0,70019.0,,32422.0,26878.0,142066.0,,2.6050673413200385,2.2221639627413485,,College Station-Bryan - TX USA
2012,"Goldsboro, NC",2753.0,47861.0,73532.0,2753.0,19380.0,28174.0,124146.0,50307.0,2.6099240434443103,2.469607843137255,1.0,Goldsboro - NC USA
2008,"Lakeland-Winter Haven, FL",11741.0,185950.0,382916.0,11741.0,67254.0,156676.0,580607.0,235671.0,2.4439990809058183,2.764891307580218,1.0,Lakeland - FL USA
2010,"Boise City, ID",12224.0,168300.0,402455.0,12224.0,67253.0,143797.0,582979.0,223274.0,2.7987718798027776,2.5024905952150833,1.0,Boise - ID USA
2021,"Blacksburg-Christiansburg-Radford, VA",13405.0,64368.0,105718.0,13405.0,27549.0,45976.0,183491.0,86930.0,2.299417087175918,2.3364913426984644,1.0,Blacksburg - VA USA
2022,"Milwaukee-Waukesha-West Allis, WI",24290.0,528887.0,1006235.0,24290.0,254600.0,399945.0,1559412.0,678835.0,2.5159334408481167,2.0773252160251374,1.0,Milwaukee - WI USA
2009,"Indianapolis-Carmel-Anderson, IN",40333.0,547217.0,1237327.0,40333.0,234822.0,465516.0,1824877.0,740671.0,2.6579687916204815,2.330348093449506,1.0,Indianapolis - IN USA
2021,"St. Louis, MO-IL",55530.0,701596.0,2080602.0,55530.0,331349.0,823845.0,2837728.0,1210724.0,2.5254774866631466,2.117392839573984,1.0,Saint Louis - MO USA
2008,"Redding, CA",1944.0,62401.0,115872.0,1944.0,24394.0,45673.0,180217.0,72011.0,2.5369912201957394,2.558047060752644,1.0,Redding - CA USA
2019,"Denver-Aurora-Lakewood, CO",35542.0,961813.0,2065774.0,35542.0,419347.0,768658.0,3063129.0,1223547.0,2.6875073179489446,2.2935969495429798,1.0,Denver - CO USA
2014,Not in identifiable area,2502620.0,19823808.0,46786484.0,2502620.0,8126862.0,18307307.0,69112912.0,28936789.0,2.5556180381964424,2.4392942811136695,1.0,
2022,"St. Louis, MO-IL",61352.0,722388.0,2098249.0,61352.0,361547.0,840115.0,2881989.0,1263014.0,2.497573546478756,1.9980472801599791,1.0,Saint Louis - MO USA
2020,"Los Angeles-Long Beach-Anaheim, CA",233803.0,6168690.0,6677737.0,233803.0,2222004.0,2116557.0,13080230.0,4572364.0,3.154999841724083,2.7761831211825,1.0,Los Angeles - CA USA
2010,"Gainesville, FL",20463.0,98584.0,128424.0,20463.0,41973.0,51847.0,247471.0,114283.0,2.4769803460180917,2.3487480046696687,1.0,Gainesville - FL USA
2014,"Modesto, CA",6121.0,238755.0,287855.0,6121.0,76946.0,92092.0,532731.0,175159.0,3.1257329626894843,3.1028903386790736,1.0,Modesto - CA USA
2018,"Charleston-North Charleston, SC",17986.0,243665.0,526299.0,17986.0,97599.0,196827.0,787950.0,312412.0,2.673916688259233,2.496593202799209,1.0,Charleston - SC USA
2011,"Vineland-Bridgeton, NJ",11848.0,44544.0,99750.0,11848.0,15434.0,34283.0,156142.0,61565.0,2.9096053437563807,2.8860956330180123,1.0,Vineland - NJ USA
2011,"Las Vegas-Henderson-Paradise, NV",20964.0,901448.0,1048143.0,20964.0,322388.0,374444.0,1970555.0,717796.0,2.799198277980152,2.7961586659553084,1.0,Las Vegas - NV USA
2022,"Niles-Benton Harbor, MI",2734.0,35242.0,114471.0,2734.0,15800.0,47511.0,152447.0,66045.0,2.409357832922902,2.230506329113924,1.0,Niles-Benton Harbor - MI USA
2020,"Morgantown, WV",8418.0,41321.0,90729.0,8418.0,20291.0,35057.0,140468.0,63766.0,2.588042331060844,2.0364200877236214,1.0,Morgantown - WV USA
2010,"Lansing-East Lansing, MI",25524.0,130117.0,308660.0,25524.0,59005.0,119792.0,464301.0,204321.0,2.576632830239081,2.2051860011863402,1.0,Lansing - MI USA
2012,"Phoenix-Mesa-Scottsdale, AZ",67038.0,1642808.0,2607595.0,67038.0,594508.0,953232.0,4317441.0,1614778.0,2.735530280141665,2.763306801590559,1.0,Phoenix - AZ USA
2012,"Kankakee, IL",4404.0,28891.0,78867.0,4404.0,12688.0,28579.0,112162.0,45671.0,2.7596137023688723,2.27703341740227,1.0,Kankakee - IL USA
2009,"Las Vegas-Henderson-Paradise, NV",19624.0,796838.0,1086445.0,19624.0,299604.0,394540.0,1902907.0,713768.0,2.753700511988645,2.6596373880188517,1.0,Las Vegas - NV USA
2010,"Greenville-Anderson-Mauldin, SC",29916.0,268086.0,664196.0,29916.0,110431.0,258971.0,962198.0,399318.0,2.5647504932984773,2.4276335449285074,1.0,Greenville - SC USA
2011,"Louisville/Jefferson County, KY-IN",25722.0,363078.0,830623.0,25722.0,150489.0,320408.0,1219423.0,496619.0,2.59239157574093,2.4126547455295735,1.0,Louisville - KY USA
2015,"Fort Wayne, IN",5991.0,108681.0,254267.0,5991.0,46378.0,96097.0,368939.0,148466.0,2.645941080366713,2.343374013540903,1.0,Fort Wayne - IN USA
2011,"Norwich-New London, CT",12790.0,71094.0,189450.0,12790.0,33574.0,74665.0,273334.0,121029.0,2.5373334226210407,2.1175314231250373,1.0,Norwich - CT USA
2013,"Odessa, TX",1976.0,46848.0,100727.0,1976.0,17200.0,34762.0,149551.0,53938.0,2.8976180887175653,2.7237209302325582,1.0,Odessa - TX USA
2023,"Little Rock-North Little Rock-Conway, AR",16320.0,218735.0,528950.0,16320.0,106093.0,204833.0,764005.0,327246.0,2.582347570948041,2.0617288605280275,1.0,Little Rock - AR USA
2017,"Olympia-Tumwater, WA",3838.0,92396.0,184437.0,3838.0,38121.0,73955.0,280671.0,115914.0,2.4939084578459876,2.423755935048923,1.0,Olympia - WA USA
2020,"Elkhart-Goshen, IN",3648.0,46748.0,161025.0,3648.0,19396.0,56617.0,211421.0,79661.0,2.8441104261970787,2.4101876675603218,1.0,Elkhart - IN USA
2007,"Anchorage, AK",6551.0,126771.0,283192.0,6551.0,50119.0,94787.0,416514.0,151457.0,2.987667085148807,2.529400027933518,1.0,Anchorage - AK USA
2020,"Provo-Orem, UT",15450.0,147022.0,494980.0,15450.0,51906.0,130211.0,657452.0,197567.0,3.8013685479721375,2.8324663815358533,1.0,Provo - UT USA
2008,"Naples-Immokalee-Marco Island, FL",1897.0,79076.0,234289.0,1897.0,26355.0,90989.0,315262.0,119241.0,2.574915649144402,3.0004173781066212,1.0,Naples - FL USA
2008,"Chicago-Naperville-Elgin, IL-IN-WI",171876.0,2684882.0,6701868.0,171876.0,1090541.0,2327455.0,9558626.0,3589872.0,2.87948338421151,2.461972543902522,1.0,Chicago - IL USA
2017,"Pensacola-Ferry Pass-Brent, FL",22068.0,153792.0,311036.0,22068.0,60968.0,123654.0,486896.0,206690.0,2.515373542303524,2.5225036084503345,1.0,Pensacola - FL USA
2005,"Amarillo, TX",0.0,60455.0,154596.0,,27808.0,57936.0,215051.0,,2.6683927091963544,2.174014672036824,,Amarillo - TX USA
2006,"Monroe, MI",397.0,24449.0,130192.0,397.0,10648.0,47727.0,155038.0,58772.0,2.727847968655059,2.2961119459053343,1.0,Monroe - MI USA
2006,"Goldsboro, NC",5143.0,37557.0,71119.0,5143.0,14174.0,29639.0,113819.0,48956.0,2.3995074057829213,2.6497107379709326,1.0,Goldsboro - NC USA
2014,"Port St. Lucie, FL",6892.0,112572.0,324849.0,6892.0,41502.0,129787.0,444313.0,178181.0,2.5029394315301223,2.7124475928870897,1.0,Port St. Lucie - FL USA
2013,"Owensboro, KY",3247.0,30133.0,74634.0,3247.0,12970.0,28748.0,108014.0,44965.0,2.5961458188395716,2.323284502698535,1.0,Owensboro - KY USA
2013,"Harrisburg-Carlisle, PA",20352.0,150858.0,386094.0,20352.0,74301.0,150498.0,557304.0,245151.0,2.5654427301359486,2.0303629830015746,1.0,Harrisburg - PA USA
2010,"College Station-Bryan, TX",14326.0,86856.0,94220.0,14326.0,36113.0,33836.0,195402.0,84275.0,2.7846081097056388,2.405117270788913,1.0,College Station-Bryan - TX USA
2021,"Wichita Falls, TX",12483.0,40913.0,76503.0,12483.0,18231.0,30840.0,129899.0,61554.0,2.4806420233463036,2.2441445888870604,1.0,Wichita Falls - TX USA
2007,"Gainesville, GA",6179.0,48088.0,126211.0,6179.0,16083.0,40533.0,180478.0,62795.0,3.113783830459132,2.9899894298327427,1.0,Gainesville - GA USA
2011,"Colorado Springs, CO",16766.0,220001.0,399727.0,16766.0,88433.0,149296.0,636494.0,254495.0,2.6774126567356125,2.4877704024515737,1.0,Colorado Springs - CO USA
2019,"Palm Bay-Melbourne-Titusville, FL",5460.0,131274.0,464826.0,5460.0,52130.0,177913.0,601560.0,235503.0,2.6126589962509765,2.518204488778055,1.0,Melbourne - FL USA
2017,"Gulfport-Biloxi-Pascagoula, MS",6247.0,127319.0,213867.0,6247.0,50104.0,80662.0,347433.0,137013.0,2.6513971882670897,2.541094523391346,1.0,Gulfport-Biloxi-Pascagoula - MS USA
2009,"Scranton--Wilkes-Barre--Hazleton, PA",33071.0,167689.0,415029.0,33071.0,82228.0,175811.0,615789.0,291110.0,2.3606543390345314,2.0393175074183976,1.0,Scranton - PA USA
2009,"New York-Newark-Jersey City, NY-NJ-PA",431190.0,8303023.0,10949809.0,431190.0,3272465.0,3720582.0,19684022.0,7424237.0,2.94303660018782,2.5372381370007013,1.0,New York - NY USA
2018,"Washington-Arlington-Alexandria, DC-VA-MD-WV",105192.0,2032656.0,4015401.0,105192.0,804183.0,1395255.0,6153249.0,2304630.0,2.8778975886128344,2.527603791674283,1.0,Washington - DC USA
2022,"Barnstable Town, MA",3781.0,42644.0,221400.0,3781.0,21461.0,99527.0,267825.0,124769.0,2.2245219890080077,1.9870462699780997,1.0,Barnstable Town - MA USA
2015,"Sebastian-Vero Beach, FL",1383.0,33262.0,113208.0,1383.0,12163.0,43331.0,147853.0,56877.0,2.612632987930119,2.7346871659952314,1.0,
2015,"Burlington, NC",4248.0,55782.0,97812.0,4248.0,23367.0,39726.0,157842.0,67341.0,2.4621658359764385,2.3872127359096162,1.0,Burlington - NC USA
2009,"Panama City, FL",2470.0,58783.0,103555.0,2470.0,23167.0,42780.0,164808.0,68417.0,2.4206404862085087,2.537359174688134,1.0,Panama City - FL USA
2023,"Vallejo-Fairfield, CA",9882.0,156722.0,282000.0,9882.0,56868.0,100898.0,448604.0,167648.0,2.794901781997661,2.7558908349159457,1.0,Vallejo-Fairfield - CA USA
2007,"Atlantic City-Hammonton, NJ",14663.0,67224.0,187876.0,14663.0,31008.0,72189.0,269763.0,117860.0,2.6025571763010986,2.167956656346749,1.0,Atlantic City - NJ USA
2006,"Augusta-Richmond County, GA-SC",17453.0,125811.0,331453.0,17453.0,53987.0,125004.0,474717.0,196444.0,2.651539150747176,2.3303943541963807,1.0,Augusta - GA USA
2020,"Chico, CA",5529.0,85022.0,120350.0,5529.0,33688.0,46465.0,210901.0,85682.0,2.590121596900893,2.523806696746616,1.0,Chico - CA USA
2017,"Pittsburgh, PA",67546.0,564306.0,1656048.0,67546.0,296784.0,680356.0,2287900.0,1044686.0,2.434090387973355,1.9014030405951803,1.0,Pittsburgh - PA USA
2007,"Glens Falls, NY",5134.0,28135.0,95631.0,5134.0,14036.0,38064.0,128900.0,57234.0,2.512373896595208,2.0044884582502136,1.0,Glens Falls - NY USA
2007,"Joplin, MO",2842.0,46338.0,121920.0,2842.0,20279.0,43650.0,171100.0,66771.0,2.793127147766323,2.2850239163666846,1.0,Joplin - MO USA
2012,"Prescott, AZ",3242.0,76767.0,132538.0,3242.0,30833.0,62865.0,212547.0,96940.0,2.108295553964845,2.4897674569454806,1.0,Prescott - AZ USA
2011,"Pueblo, CO",5291.0,54267.0,94404.0,5291.0,21092.0,38398.0,153962.0,64781.0,2.4585655502890775,2.572871230798407,1.0,Pueblo - CO USA
2022,"Bellingham, WA",4764.0,66188.0,159627.0,4764.0,32955.0,61858.0,230579.0,99577.0,2.5805392996863783,2.0084357457138524,1.0,Bellingham - WA USA
2011,"Bangor, ME",7297.0,41508.0,126123.0,7297.0,23003.0,48060.0,174928.0,78360.0,2.624282147315855,1.8044602877885494,1.0,Bangor - ME USA
2018,"Goldsboro, NC",2826.0,48019.0,72225.0,2826.0,19435.0,29534.0,123070.0,51795.0,2.445486557865511,2.470748649343967,1.0,Goldsboro - NC USA
2010,"Durham-Chapel Hill, NC",28347.0,169904.0,268321.0,28347.0,74014.0,109015.0,466572.0,211376.0,2.461321836444526,2.2955657037857704,1.0,Durham - NC USA
2016,"Huntsville, AL",11046.0,125182.0,280444.0,11046.0,52566.0,111804.0,416672.0,175416.0,2.50835390504812,2.3814252558688125,1.0,Huntsville - AL USA
2011,"Richmond, VA",29165.0,357185.0,763355.0,29165.0,145965.0,285122.0,1149705.0,460252.0,2.6772925274093193,2.4470592265269073,1.0,Richmond - VA USA
2014,"Baltimore-Columbia-Towson, MD",68444.0,857403.0,1811120.0,68444.0,352378.0,662778.0,2736967.0,1083600.0,2.7326193687780824,2.433191061871059,1.0,Baltimore - MD USA
2015,"Albuquerque, NM",11630.0,286992.0,593065.0,11630.0,111871.0,226283.0,891687.0,349784.0,2.620899493112607,2.565383343315068,1.0,Albuquerque - NM USA
2023,"Midland, TX",1919.0,44241.0,130994.0,1919.0,24478.0,46412.0,177154.0,72809.0,2.8224166163923123,1.8073780537625623,1.0,Midland - TX USA
2008,"Milwaukee-Waukesha-West Allis, WI",32028.0,479893.0,1036595.0,32028.0,217270.0,389413.0,1548516.0,638711.0,2.661942462116057,2.208740277074608,1.0,Milwaukee - WI USA
2011,"Ocean City, NJ",2980.0,19404.0,74547.0,2980.0,10006.0,31076.0,96931.0,44062.0,2.3988608572531858,1.939236458125125,1.0,Ocean City - NJ USA
2007,"Phoenix-Mesa-Scottsdale, AZ",61369.0,1289429.0,2878388.0,61369.0,459785.0,1010208.0,4229186.0,1531362.0,2.8493023218980644,2.8044172819904953,1.0,Phoenix - AZ USA
2017,"Akron, OH",16771.0,209128.0,477691.0,16771.0,96375.0,192907.0,703590.0,306053.0,2.4762761330589353,2.169940337224384,1.0,Akron - OH USA
2021,"Elkhart-Goshen, IN",3044.0,52466.0,151363.0,3044.0,17775.0,51239.0,206873.0,72058.0,2.954058432053709,2.9516736990154713,1.0,Elkhart - IN USA
2010,"Baltimore-Columbia-Towson, MD",67076.0,830193.0,1768986.0,67076.0,346417.0,659460.0,2666255.0,1072953.0,2.682476571740515,2.396513450552369,1.0,Baltimore - MD USA
2014,"Urban Honolulu, HI",37753.0,404862.0,549480.0,37753.0,141442.0,167562.0,992095.0,346757.0,3.27926379489383,2.8623888236874477,1.0,Honolulu - HI USA
2016,"Virginia Beach-Norfolk-Newport News, VA-NC",68550.0,635698.0,963601.0,68550.0,249520.0,365857.0,1667849.0,683927.0,2.6338186777894097,2.5476835524206476,1.0,Norfolk - VA USA
2022,"Crestview-Fort Walton Beach-Destin, FL",11306.0,87344.0,246331.0,11306.0,40129.0,100605.0,344981.0,152040.0,2.4484965955966405,2.176580527797852,1.0,
2022,"Chattanooga, TN-GA",12482.0,156494.0,384013.0,12482.0,70135.0,152992.0,552989.0,235609.0,2.5100201317715958,2.2313253012048193,1.0,Chattanooga - TN USA
2016,"Corpus Christi, TX",18210.0,180182.0,292559.0,18210.0,68444.0,102918.0,490951.0,189572.0,2.8426417147632095,2.632546315235813,1.0,Corpus Christi - TX USA
2017,"Bellingham, WA",5535.0,78623.0,137349.0,5535.0,35209.0,53427.0,221507.0,94171.0,2.5707788196979053,2.233037007583288,1.0,Bellingham - WA USA
2020,"Hilton Head Island-Bluffton-Beaufort, SC",5502.0,47010.0,175794.0,5502.0,17907.0,74691.0,228306.0,98100.0,2.353616901634735,2.6252303568436925,1.0,Hilton Head Island - SC USA
2022,"Wichita, KS",14314.0,181486.0,431586.0,14314.0,81298.0,162287.0,627386.0,257899.0,2.65939970546008,2.232355039484366,1.0,Wichita - KS USA
2021,"Owensboro, KY",3842.0,23259.0,87330.0,3842.0,11341.0,33873.0,114431.0,49056.0,2.5781595961385175,2.050877347676572,1.0,Owensboro - KY USA
2022,"Greeley, CO",4875.0,68770.0,276613.0,4875.0,28451.0,95373.0,350258.0,128699.0,2.9003281851257694,2.4171382376717867,1.0,Greeley - CO USA
2022,"Anniston-Oxford-Jacksonville, AL",4893.0,30878.0,80302.0,4893.0,13225.0,32476.0,116073.0,50594.0,2.472656731124523,2.334820415879017,1.0,Anniston-Oxford - AL USA
2010,"Houma-Thibodaux, LA",3327.0,51541.0,176882.0,3327.0,19011.0,64223.0,231750.0,86561.0,2.754184637902309,2.711114617852822,1.0,Houma-Thibodaux - LA USA
2021,"Louisville/Jefferson County, KY-IN",25578.0,349027.0,919472.0,25578.0,164764.0,361956.0,1294077.0,552298.0,2.5402866646774744,2.1183450268262485,1.0,Louisville - KY USA
2021,"Glens Falls, NY",4293.0,29312.0,92870.0,4293.0,14531.0,40052.0,126475.0,58876.0,2.3187356436632376,2.0172045970683365,1.0,Glens Falls - NY USA
2015,"Little Rock-North Little Rock-Conway, AR",13577.0,248258.0,441987.0,13577.0,101082.0,170628.0,703822.0,285287.0,2.5903544553062803,2.456006014918581,1.0,Little Rock - AR USA
2007,"Eau Claire, WI",5653.0,36306.0,115738.0,5653.0,17674.0,44073.0,157697.0,67400.0,2.62605223152497,2.05420391535589,1.0,Eau Claire - WI USA
2006,"Florence-Muscle Shoals, AL",2800.0,30972.0,108881.0,2800.0,13614.0,44001.0,142653.0,60415.0,2.4745119429103886,2.2750110180696343,1.0,Florence-Muscle Shoals - AL USA
2019,"Harrisburg-Carlisle, PA",19924.0,152866.0,404024.0,19924.0,73090.0,161275.0,576814.0,254289.0,2.505186792745311,2.0914762621425638,1.0,Harrisburg - PA USA
2005,"Spartanburg, SC",0.0,76451.0,184699.0,,31184.0,71143.0,261150.0,,2.59616546954725,2.4516097998973834,,Spartanburg - SC USA
2010,"Lafayette, LA",8531.0,128614.0,277875.0,8531.0,49635.0,105168.0,415020.0,163334.0,2.642201049748973,2.591195728820389,1.0,Lafayette - LA USA
2009,"Santa Rosa, CA",10861.0,182820.0,278394.0,10861.0,71691.0,108687.0,472075.0,191239.0,2.561428689723702,2.550110892580659,1.0,Santa Rosa - CA USA
2008,"Beaumont-Port Arthur, TX",24802.0,98957.0,257063.0,24802.0,44536.0,102163.0,380822.0,171501.0,2.5162044967356088,2.2219552721393927,1.0,Beaumont - TX USA
2011,"Springfield, OH",3186.0,44213.0,85938.0,3186.0,16698.0,36255.0,133337.0,56139.0,2.370376499793132,2.647802131991855,1.0,Springfield - OH USA
2005,"Springfield, IL",0.0,57635.0,167687.0,,26548.0,68338.0,225322.0,,2.4537885217594897,2.1709733313243937,,Springfield - IL USA
2005,"Barnstable Town, MA",0.0,44373.0,196905.0,,23318.0,86284.0,241278.0,,2.2820569282833434,1.9029505103353632,,Barnstable Town - MA USA
2014,"Salt Lake City, UT",13246.0,355669.0,836078.0,13246.0,128639.0,264763.0,1204993.0,406648.0,3.1578354981625076,2.7648613561983537,1.0,Salt Lake City - UT USA
2007,"Modesto, CA",9075.0,180408.0,321559.0,9075.0,57016.0,100247.0,511042.0,166338.0,3.2076670623559806,3.1641644450680513,1.0,Modesto - CA USA
2011,"Providence-Warwick, RI-MA",57110.0,531218.0,992401.0,57110.0,239738.0,375222.0,1580729.0,672070.0,2.6448369232081275,2.215827278111939,1.0,Providence - RI USA
2007,"Spartanburg, SC",8232.0,62583.0,204726.0,8232.0,27104.0,77381.0,275541.0,112717.0,2.6456882180380195,2.3089949822904368,1.0,Spartanburg - SC USA
2015,"Odessa, TX",1961.0,41106.0,116544.0,1961.0,15835.0,36188.0,159611.0,53984.0,3.2205150878744333,2.5958951689295864,1.0,Odessa - TX USA
2021,"Fayetteville-Springdale-Rogers, AR-MO",11491.0,174757.0,358245.0,11491.0,70933.0,129839.0,544493.0,212263.0,2.759147867743898,2.4636910887739134,1.0,Northwest Arkansas - AR USA
2015,"Kansas City, MO-KS",40126.0,665746.0,1439645.0,40126.0,287835.0,544971.0,2145517.0,872932.0,2.641691025761004,2.312943179252002,1.0,Kansas City - MO USA
2007,"San Luis Obispo-Paso Robles-Arroyo Grande, CA",18418.0,96265.0,147371.0,18418.0,44680.0,59702.0,262054.0,122800.0,2.46844326823222,2.1545434198746642,1.0,San Luis Obispo - CA USA
2017,"Ocala, FL",9115.0,86590.0,258281.0,9115.0,32622.0,107998.0,353986.0,149735.0,2.3915350284264525,2.6543436944393353,1.0,Ocala - FL USA
2013,"Dayton, OH",26444.0,276085.0,500178.0,26444.0,118042.0,205848.0,802707.0,350334.0,2.4298414363996734,2.338870910353942,1.0,Dayton - OH USA
2009,"Yakima, WA",4614.0,82433.0,151963.0,4614.0,27938.0,52060.0,239010.0,84612.0,2.9189973107952363,2.9505691173312334,1.0,Yakima - WA USA
2020,"Kalamazoo-Portage, MI",11808.0,92495.0,281089.0,11808.0,40582.0,109730.0,385392.0,162120.0,2.5616422127039096,2.2792124587255436,1.0,Kalamazoo - MI USA
2011,"Jackson, TN",5460.0,36985.0,74626.0,5460.0,12793.0,28325.0,117071.0,46578.0,2.6346337157987643,2.8910341593058706,1.0,Jackson - TN USA
2016,"San Francisco-Oakland-Hayward, CA",80044.0,2015864.0,2582692.0,80044.0,786245.0,905539.0,4678600.0,1771828.0,2.8521046581097003,2.5639132840272434,1.0,San Francisco - CA USA
2007,"Boise City, ID",10242.0,140836.0,401654.0,10242.0,58799.0,146774.0,552732.0,215815.0,2.736547344897598,2.395210802904811,1.0,Boise - ID USA
2020,"Fort Wayne, IN",6198.0,97828.0,279522.0,6198.0,44376.0,108476.0,383548.0,159050.0,2.5768096168737786,2.204524968451415,1.0,Fort Wayne - IN USA
2017,"Janesville-Beloit, WI",3010.0,53051.0,106366.0,3010.0,22887.0,41990.0,162427.0,67887.0,2.5331269349845202,2.3179534233407613,1.0,Janesville-Beloit - WI USA
2010,"Oklahoma City, OK",33680.0,403757.0,889801.0,33680.0,165017.0,335628.0,1327238.0,534325.0,2.6511524664211565,2.446760030784707,1.0,Oklahoma City - OK USA
2015,"Chicago-Naperville-Elgin, IL-IN-WI",154641.0,3190746.0,6157159.0,154641.0,1269602.0,2183793.0,9502546.0,3608036.0,2.819479227197816,2.51318602207621,1.0,Chicago - IL USA
2005,"Canton-Massillon, OH",0.0,102648.0,303874.0,,45300.0,115701.0,406522.0,,2.626373151485294,2.265960264900662,,Canton - OH USA
2005,"Baltimore-Columbia-Towson, MD",0.0,715741.0,1816081.0,,316164.0,669818.0,2531822.0,,2.711305160506287,2.263828266342784,,Baltimore - MD USA
2010,"Salinas, CA",19298.0,224688.0,228525.0,19298.0,68103.0,74946.0,472511.0,162347.0,3.049195420702906,3.299237919034404,1.0,Salinas - CA USA
2010,"Baton Rouge, LA",24652.0,223107.0,556437.0,24652.0,89315.0,202375.0,804196.0,316342.0,2.7495342804200122,2.4979790628673797,1.0,Baton Rouge - LA USA
2017,"Lawrence, KS",8083.0,49146.0,63358.0,8083.0,22709.0,24934.0,120587.0,55726.0,2.5410283147509425,2.164163987846228,1.0,
2010,"Allentown-Bethlehem-Easton, PA-NJ",29286.0,197952.0,595366.0,29286.0,85648.0,225820.0,822604.0,340754.0,2.636462669382694,2.3112273491500095,1.0,Lehigh Valley - PA USA
2009,"Canton-Massillon, OH",12824.0,105414.0,289599.0,12824.0,48925.0,112683.0,407837.0,174432.0,2.570032746731983,2.154603985692386,1.0,Canton - OH USA
2006,"Gainesville, GA",3297.0,49954.0,120106.0,3297.0,15707.0,38716.0,173357.0,57720.0,3.102231635499535,3.180365442159547,1.0,Gainesville - GA USA
2022,"Philadelphia-Camden-Wilmington, PA-NJ-DE-MD",165505.0,1708394.0,4412140.0,165505.0,826513.0,1671777.0,6286039.0,2663795.0,2.63919171037764,2.0669898719076407,1.0,Philadelphia - PA USA
2021,"Spokane-Spokane Valley, WA",18851.0,192121.0,445275.0,18851.0,86594.0,174501.0,656247.0,279946.0,2.551704574758884,2.2186410143889876,1.0,Spokane - WA USA
2016,"Roanoke, VA",8887.0,93920.0,230451.0,8887.0,41499.0,94571.0,333258.0,144957.0,2.436804094278373,2.263187064748548,1.0,
2023,"Panama City, FL",2770.0,50619.0,137630.0,2770.0,25217.0,55472.0,191019.0,83459.0,2.4810715315835017,2.0073363207360115,1.0,Panama City - FL USA
2014,"Asheville, NC",11090.0,141163.0,351127.0,11090.0,64731.0,141708.0,503380.0,217529.0,2.4778205888164395,2.1807634672722496,1.0,
2014,"Gulfport-Biloxi-Pascagoula, MS",6264.0,126862.0,206861.0,6264.0,50008.0,77913.0,339987.0,134185.0,2.655025477134753,2.536834106542953,1.0,Gulfport-Biloxi-Pascagoula - MS USA
2011,"Albany-Schenectady-Troy, NY",31852.0,241437.0,565369.0,31852.0,113637.0,219548.0,838658.0,365037.0,2.575149853335034,2.1246337020512684,1.0,Albany - NY USA
2011,"Redding, CA",3184.0,63693.0,111124.0,3184.0,24572.0,44530.0,178001.0,72286.0,2.4954861890860096,2.592096695425688,1.0,Redding - CA USA
2022,"Mansfield, OH",6915.0,31558.0,86914.0,6915.0,14846.0,35402.0,125387.0,57163.0,2.4550590362126434,2.1256904216624006,1.0,Mansfield - OH USA
2008,"Fayetteville-Springdale-Rogers, AR-MO",8380.0,125434.0,271786.0,8380.0,53648.0,93980.0,405600.0,156008.0,2.891955735262822,2.3380927527587234,1.0,Northwest Arkansas - AR USA
2016,"Lima, OH",4442.0,33327.0,65842.0,4442.0,13810.0,26172.0,103611.0,44424.0,2.5157420143664986,2.413251267197683,1.0,
2023,"Tuscaloosa, AL",15077.0,72088.0,149815.0,15077.0,34271.0,59696.0,236980.0,109044.0,2.5096321361565264,2.103469405619912,1.0,
2022,"Buffalo-Cheektowaga-Niagara Falls, NY",33481.0,333595.0,795250.0,33481.0,172421.0,333005.0,1162326.0,538907.0,2.3881022807465353,1.9347701266087078,1.0,Buffalo - NY USA
2010,"Killeen-Temple, TX",21328.0,156371.0,209909.0,21328.0,53701.0,70570.0,387608.0,145599.0,2.9744792404704548,2.9118824602893802,1.0,Killeen - TX USA
2023,"Columbia, SC",29016.0,207107.0,568688.0,29016.0,96966.0,226614.0,804811.0,352596.0,2.509500736935935,2.135872367634016,1.0,
2015,"Portland-Vancouver-Hillsboro, OR-WA",39051.0,836320.0,1531304.0,39051.0,350590.0,556689.0,2406675.0,946330.0,2.750735150146671,2.385464502695456,1.0,Portland - OR USA
2008,"Iowa City, IA",9123.0,41615.0,77482.0,9123.0,18667.0,30585.0,128220.0,58375.0,2.533333333333333,2.229335190443028,1.0,Iowa City - IA USA
2009,"Birmingham-Hoover, AL",25852.0,288119.0,752460.0,25852.0,126796.0,296080.0,1066431.0,448728.0,2.541407727641178,2.272303542698508,1.0,Birmingham - AL USA
2017,"La Crosse-Onalaska, WI-MN",4700.0,42855.0,70273.0,4700.0,18526.0,29178.0,117828.0,52404.0,2.4084241551854135,2.313235452877038,1.0,La Crosse-Onalaska - WI USA
2014,"Houma-Thibodaux, LA",3591.0,65782.0,164966.0,3591.0,23689.0,59867.0,234339.0,87147.0,2.7555414502146425,2.7769006711976023,1.0,Houma-Thibodaux - LA USA
2006,"Charlotte-Concord-Gastonia, NC-SC",34955.0,531717.0,1345279.0,34955.0,227575.0,512128.0,1911951.0,774658.0,2.6268413365408647,2.3364473250576734,1.0,Charlotte - NC USA
2010,"Monroe, LA",7109.0,56020.0,90177.0,7109.0,22015.0,35057.0,153306.0,64181.0,2.5722965456256954,2.5446286622757213,1.0,Monroe - LA USA
2008,"Orlando-Kissimmee-Sanford, FL",33224.0,645334.0,1375682.0,33224.0,245834.0,503939.0,2054240.0,782997.0,2.729858177279393,2.625080338765183,1.0,Orlando - FL USA
2019,"Janesville-Beloit, WI",2662.0,44156.0,116226.0,2662.0,20699.0,44617.0,163044.0,67978.0,2.6049711993186455,2.133243151843084,1.0,Janesville-Beloit - WI USA
2015,"Huntsville, AL",11407.0,126219.0,279712.0,11407.0,52334.0,109989.0,417338.0,173730.0,2.543090672703634,2.411797301945198,1.0,Huntsville - AL USA
2007,"Johnstown, PA",8614.0,25004.0,88293.0,8614.0,13719.0,35707.0,121911.0,58040.0,2.472708432520234,1.8225818208324223,1.0,Johnstown - PA USA
2018,"Grand Rapids-Wyoming, MI",21315.0,221112.0,701856.0,21315.0,93272.0,254213.0,944283.0,368800.0,2.760897357727575,2.370614975555365,1.0,Grand Rapids - MI USA
2012,"Owensboro, KY",3168.0,28424.0,76675.0,3168.0,12086.0,30259.0,108267.0,45513.0,2.5339568392874847,2.3518120139003806,1.0,Owensboro - KY USA
2021,"Orlando-Kissimmee-Sanford, FL",42860.0,894427.0,1705700.0,42860.0,356233.0,610091.0,2642987.0,1009184.0,2.7958124279820553,2.5107920939385178,1.0,Orlando - FL USA
2019,"Nashville-Davidson--Murfreesboro--Franklin, TN",41769.0,633371.0,1430891.0,41769.0,266244.0,532146.0,2106031.0,840159.0,2.6889068037718973,2.3789118252430104,1.0,Nashville - TN USA
2013,"Pittsfield, MA",7144.0,35739.0,87001.0,7144.0,18153.0,36811.0,129884.0,62108.0,2.3634511423215887,1.9687654933068914,1.0,Pittsfield - MA USA
2019,"Santa Maria-Santa Barbara, CA",21146.0,208520.0,216866.0,21146.0,69551.0,76915.0,446532.0,167612.0,2.8195540531755836,2.998087734180673,1.0,Santa Barbara - CA USA
2013,"Yuma, AZ",7190.0,55018.0,139109.0,7190.0,20190.0,49554.0,201317.0,76934.0,2.8072204060217136,2.7250123823675088,1.0,Yuma - AZ USA
2007,"Little Rock-North Little Rock-Conway, AR",17412.0,191535.0,429425.0,17412.0,81152.0,167528.0,638372.0,266092.0,2.563302850866721,2.360200611198738,1.0,Little Rock - AR USA
2005,"Wichita, KS",0.0,153605.0,393658.0,,69802.0,146015.0,547263.0,,2.696010683833853,2.200581645225065,,Wichita - KS USA
2018,"Salinas, CA",18041.0,241181.0,238407.0,18041.0,68734.0,76326.0,497629.0,163101.0,3.1235358855435895,3.5089038903599383,1.0,Salinas - CA USA
2023,"Hanford-Corcoran, CA",14074.0,58975.0,79540.0,14074.0,19943.0,24319.0,152589.0,58336.0,3.270693696286854,2.957177957177957,1.0,Hanford-Corcoran - CA USA
2007,"Corpus Christi, TX",8408.0,135446.0,245715.0,8408.0,53921.0,87464.0,389569.0,149793.0,2.809327266075185,2.511934125850782,1.0,Corpus Christi - TX USA
2007,"Hilton Head Island-Bluffton-Beaufort, SC",7072.0,51315.0,108466.0,7072.0,20315.0,46313.0,166853.0,73700.0,2.3420205989678924,2.5259660349495445,1.0,Hilton Head Island - SC USA
2016,"Kansas City, MO-KS",36812.0,682835.0,1441149.0,36812.0,298985.0,537331.0,2160796.0,873128.0,2.682050728508126,2.2838436710871783,1.0,Kansas City - MO USA
2005,"Washington-Arlington-Alexandria, DC-VA-MD-WV",0.0,1485711.0,3557716.0,,646837.0,1272110.0,5043427.0,,2.796704687487717,2.296886232543902,,Washington - DC USA
2020,"Anchorage, AK",10169.0,110859.0,327980.0,10169.0,43425.0,119278.0,449008.0,172872.0,2.7497107597377557,2.5528842832469776,1.0,Anchorage - AK USA
2017,"Springfield, IL",4431.0,55893.0,136371.0,4431.0,24993.0,59591.0,196695.0,89015.0,2.288449598093672,2.23634617692954,1.0,Springfield - IL USA
2010,"Stockton-Lodi, CA",19117.0,291745.0,376869.0,19117.0,90440.0,125029.0,687731.0,234586.0,3.014252693375137,3.225840336134454,1.0,Stockton - CA USA
2013,"Johnstown, PA",9123.0,27572.0,104170.0,9123.0,13992.0,43415.0,140865.0,66530.0,2.3994011286421744,1.9705546026300744,1.0,Johnstown - PA USA
2011,"Muskegon, MI",7950.0,36173.0,127872.0,7950.0,15241.0,47598.0,171995.0,70789.0,2.686499432749275,2.3734006954924216,1.0,Muskegon - MI USA
2020,"Philadelphia-Camden-Wilmington, PA-NJ-DE-MD",160610.0,1727303.0,4283118.0,160610.0,813760.0,1596449.0,6171031.0,2570819.0,2.6829031181077503,2.122619691309477,1.0,Philadelphia - PA USA
2011,"Burlington-South Burlington, VT",10399.0,54534.0,149238.0,10399.0,25446.0,59061.0,214171.0,94906.0,2.526845126225428,2.143126621079934,1.0,Burlington - VT USA
2017,"Iowa City, IA",7810.0,48512.0,92851.0,7810.0,23755.0,35435.0,149173.0,67000.0,2.620318893749118,2.0421805935592507,1.0,Iowa City - IA USA
2019,"Flagstaff, AZ",15196.0,43405.0,84472.0,15196.0,18967.0,30025.0,143073.0,64188.0,2.8133888426311406,2.288448357673855,1.0,Flagstaff - AZ USA
2021,"Scranton--Wilkes-Barre--Hazleton, PA",16572.0,142326.0,349515.0,16572.0,66912.0,142352.0,508413.0,225836.0,2.455286894458806,2.1270624103299856,1.0,Scranton - PA USA
2017,"Brownsville-Harlingen, TX",3221.0,147018.0,273182.0,3221.0,41896.0,81128.0,423421.0,126245.0,3.3672961246425404,3.50911781554325,1.0,Brownsville-Harlingen - TX USA
2023,"Clarksville, TN-KY",12092.0,122870.0,214272.0,12092.0,52819.0,79365.0,349234.0,144276.0,2.6998298998298997,2.3262462371495105,1.0,Clarksville - TN USA
2006,"Mansfield, OH",6823.0,27846.0,92282.0,6823.0,13774.0,35379.0,126951.0,55976.0,2.608383504338732,2.0216349644257297,1.0,Mansfield - OH USA
2018,"Columbus, OH",51337.0,694264.0,1262056.0,51337.0,296007.0,468617.0,2007657.0,815961.0,2.6931502698365617,2.34543102021236,1.0,Columbus - OH USA
2022,"Worcester, MA-CT",28575.0,277391.0,663861.0,28575.0,132524.0,249674.0,969827.0,410773.0,2.6589112202311815,2.093137846729649,1.0,Worcester - MA USA
2022,"Burlington, NC",6504.0,59189.0,110475.0,6504.0,26830.0,43295.0,176168.0,76629.0,2.5516803326019173,2.2060752888557587,1.0,Burlington - NC USA
2007,"Monroe, LA",3902.0,50027.0,95531.0,3902.0,19140.0,33878.0,149460.0,56920.0,2.8198535923017887,2.6137408568443052,1.0,Monroe - LA USA
2022,"Stockton-Lodi, CA",14313.0,273441.0,506108.0,14313.0,88078.0,153824.0,793862.0,256215.0,3.2901757853130853,3.10453234632939,1.0,Stockton - CA USA
2008,"Muskegon, MI",6643.0,41463.0,126144.0,6643.0,15997.0,50387.0,174250.0,73027.0,2.503502887649592,2.59192348565356,1.0,Muskegon - MI USA
2010,"Scranton--Wilkes-Barre--Hazleton, PA",26497.0,171173.0,434162.0,26497.0,78863.0,173001.0,631832.0,278361.0,2.50959243010156,2.170510885966803,1.0,Scranton - PA USA
2019,"Springfield, IL",3869.0,57297.0,133171.0,3869.0,27815.0,55447.0,194337.0,87131.0,2.401771060652515,2.0599316915333454,1.0,Springfield - IL USA
2015,"Lake Havasu City-Kingman, AZ",2919.0,81468.0,140289.0,2919.0,30530.0,61320.0,224676.0,94769.0,2.2878180039138942,2.6684572551588603,1.0,Lake Havasu - AZ USA
2014,"Wenatchee, WA",1302.0,37903.0,74916.0,1302.0,12521.0,28979.0,114121.0,42802.0,2.585182373442838,3.027154380640524,1.0,
2009,"Fayetteville-Springdale-Rogers, AR-MO",9194.0,143646.0,272883.0,9194.0,54978.0,96765.0,425723.0,160937.0,2.8200589055960315,2.612790570773764,1.0,Northwest Arkansas - AR USA
2011,"Anchorage, AK",11418.0,139875.0,292943.0,11418.0,57163.0,104949.0,444236.0,173530.0,2.7912891023258917,2.446949950142575,1.0,Anchorage - AK USA
2018,"Springfield, MO",11589.0,143905.0,261354.0,11589.0,67499.0,106396.0,416848.0,185484.0,2.4564269333433586,2.131957510481637,1.0,Springfield - MO USA
2012,"Olympia-Tumwater, WA",3208.0,78730.0,176155.0,3208.0,34022.0,68313.0,258093.0,105543.0,2.5786453530074804,2.314090882370231,1.0,Olympia - WA USA
2020,"Lakeland-Winter Haven, FL",14987.0,232058.0,503521.0,14987.0,71354.0,181111.0,750566.0,267452.0,2.780179006244789,3.2522073044258204,1.0,Lakeland - FL USA
2006,"Little Rock-North Little Rock-Conway, AR",19443.0,184560.0,420786.0,19443.0,85622.0,167539.0,624789.0,272604.0,2.5115704403153893,2.155520777370302,1.0,Little Rock - AR USA
2021,"Bloomington, IL",9042.0,52453.0,109916.0,9042.0,25479.0,43784.0,171411.0,78305.0,2.5104147633838845,2.0586757722045608,1.0,Bloomington - IL USA
2019,"Huntsville, AL",12625.0,119449.0,308002.0,12625.0,56511.0,118207.0,440076.0,187343.0,2.605615572681821,2.1137300702518096,1.0,Huntsville - AL USA
2008,"Durham-Chapel Hill, NC",28492.0,154325.0,269213.0,28492.0,71995.0,106775.0,452030.0,207262.0,2.52131116834465,2.1435516355302453,1.0,Durham - NC USA
2014,"Bloomington, IN",14129.0,55653.0,72394.0,14129.0,24518.0,29485.0,142176.0,68132.0,2.4552823469560794,2.2698833510074232,1.0,Bloomington - IN USA
2016,"Boston-Cambridge-Newton, MA-NH",170602.0,1583777.0,3102753.0,170602.0,701301.0,1120455.0,4857132.0,1992358.0,2.7691901950546876,2.2583412828443135,1.0,Boston - MA USA
2013,"New Haven-Milford, CT",29626.0,288168.0,544781.0,29626.0,124388.0,196660.0,862575.0,350674.0,2.7701667853147565,2.3166864970897514,1.0,New Haven - CT USA
2013,"Richmond, VA",41108.0,405517.0,786556.0,41108.0,166148.0,295226.0,1233181.0,502482.0,2.6642504386470027,2.4406974504658496,1.0,Richmond - VA USA
2006,"Tyler, TX",1912.0,52850.0,139814.0,1912.0,19596.0,49468.0,194576.0,70976.0,2.826352389423466,2.6969789753010818,1.0,Tyler - TX USA
2010,"Yakima, WA",3114.0,95821.0,145491.0,3114.0,30128.0,49748.0,244426.0,82990.0,2.9245597812977406,3.180463356346256,1.0,Yakima - WA USA
2009,"Charlotte-Concord-Gastonia, NC-SC",31004.0,611952.0,1452941.0,31004.0,260196.0,551153.0,2095897.0,842353.0,2.6361845077501167,2.351888576304017,1.0,Charlotte - NC USA
2005,"Jackson, MS",0.0,131887.0,318274.0,,56811.0,117024.0,450161.0,,2.719732704402516,2.321504638186267,,Jackson - MS USA
2010,"Charlottesville, VA",10910.0,59245.0,114329.0,10910.0,26457.0,44602.0,184484.0,81969.0,2.563315546388054,2.239293948671429,1.0,Charlottesville - VA USA
2011,"San Diego-Carlsbad, CA",89979.0,1413257.0,1635829.0,89979.0,492936.0,568117.0,3139065.0,1151032.0,2.8793875205283417,2.8670192479348233,1.0,San Diego - CA USA
2022,"Napa, CA",4316.0,49729.0,80526.0,4316.0,19234.0,31790.0,134571.0,55340.0,2.533060710915382,2.585473640428408,1.0,Napa - CA USA
2013,"Hilton Head Island-Bluffton-Beaufort, SC",6288.0,68323.0,124088.0,6288.0,22640.0,52292.0,198699.0,81220.0,2.372982482980188,3.0178003533568907,1.0,Hilton Head Island - SC USA
2014,"Greenville, NC",6427.0,77318.0,91779.0,6427.0,33138.0,35274.0,175524.0,74839.0,2.6018880762034358,2.3332126259882915,1.0,Greenville - NC USA
2008,"Montgomery, AL",16519.0,102640.0,233949.0,16519.0,40985.0,91730.0,353108.0,149234.0,2.55040880845961,2.5043308527510066,1.0,Montgomery - AL USA
2008,"Decatur, AL",2557.0,42946.0,104752.0,2557.0,17392.0,41927.0,150255.0,61876.0,2.498437760870084,2.469296228150874,1.0,Decatur - AL USA
2023,"Bridgeport-Stamford-Norwalk, CT",16514.0,296213.0,638008.0,16514.0,127181.0,229751.0,950735.0,373446.0,2.7769541808305513,2.3290664486047445,1.0,Stamford - CT USA
2013,"Chico, CA",5270.0,91476.0,125413.0,5270.0,36446.0,48711.0,222159.0,90427.0,2.574634066227341,2.5099050650277124,1.0,Chico - CA USA
2010,"Prescott, AZ",6977.0,66382.0,137657.0,6977.0,28075.0,62531.0,211016.0,97583.0,2.2014200956325665,2.364452359750668,1.0,Prescott - AZ USA
2006,"Medford, OR",3097.0,66611.0,127382.0,3097.0,29330.0,51601.0,197090.0,84028.0,2.4685955698532975,2.27108762359359,1.0,Medford - OR USA
2009,"Greenville, NC",6119.0,67013.0,86020.0,6119.0,32408.0,34405.0,159152.0,72932.0,2.5002179915709926,2.0677919032337693,1.0,Greenville - NC USA
2018,"College Station-Bryan, TX",16098.0,104880.0,106299.0,16098.0,44445.0,36586.0,227277.0,97129.0,2.905455638768928,2.359770502868714,1.0,College Station-Bryan - TX USA
2008,"Santa Cruz-Watsonville, CA",4301.0,100346.0,148479.0,4301.0,38008.0,55751.0,253126.0,98060.0,2.6632526770820255,2.640128394022311,1.0,Santa Cruz - CA USA
2014,"Boston-Cambridge-Newton, MA-NH",170262.0,1584069.0,3030326.0,170262.0,689268.0,1105431.0,4784657.0,1964961.0,2.741307236724861,2.2981902540086003,1.0,Boston - MA USA
2012,"Decatur, AL",1808.0,38346.0,113960.0,1808.0,17355.0,42435.0,154114.0,61598.0,2.6855190291033346,2.2095073465859985,1.0,Decatur - AL USA
2023,"Cleveland-Elyria, OH",41950.0,551260.0,1374253.0,41950.0,283353.0,574049.0,1967463.0,899352.0,2.3939646267130508,1.945488489622485,1.0,Cleveland - OH USA
2022,"Eugene, OR",9692.0,141279.0,231131.0,9692.0,64344.0,95972.0,382102.0,170008.0,2.4083170091276624,2.1956825811264453,1.0,Eugene - OR USA
2021,"Bend-Redmond, OR",1161.0,41508.0,162155.0,1161.0,20889.0,62875.0,204824.0,84925.0,2.5790059642147116,1.98707453683757,1.0,Bend - OR USA
2014,"Lansing-East Lansing, MI",20654.0,148523.0,301241.0,20654.0,64383.0,118974.0,470418.0,204011.0,2.5319901827289995,2.306866719475638,1.0,Lansing - MI USA
2021,"Birmingham-Hoover, AL",22213.0,307100.0,832991.0,22213.0,136094.0,319736.0,1162304.0,478043.0,2.605246203117572,2.256528575837289,1.0,Birmingham - AL USA
2015,"Decatur, IL",3563.0,30287.0,73395.0,3563.0,14567.0,29861.0,107245.0,47991.0,2.4578882153980106,2.0791515068305073,1.0,Decatur - IL USA
2009,"Hanford-Corcoran, CA",16012.0,63365.0,69255.0,16012.0,19270.0,19399.0,148632.0,54681.0,3.5700293829578844,3.2882719252724444,1.0,Hanford-Corcoran - CA USA
2018,"Wenatchee, WA",1829.0,37322.0,80888.0,1829.0,16276.0,31580.0,120039.0,49685.0,2.5613679544015198,2.2930695502580485,1.0,
2023,"Portland-Vancouver-Hillsboro, OR-WA",43969.0,774149.0,1623393.0,43969.0,379681.0,622389.0,2441511.0,1046039.0,2.608325339940134,2.0389458519125268,1.0,Portland - OR USA
2018,"Wichita, KS",9493.0,183295.0,421056.0,9493.0,80766.0,155486.0,613844.0,245745.0,2.707999434032646,2.2694574449644653,1.0,Wichita - KS USA
2010,"Lewiston-Auburn, ME",4071.0,31916.0,71720.0,4071.0,14249.0,29669.0,107707.0,47989.0,2.4173379621827498,2.2398764825601796,1.0,Lewiston-Auburn - ME USA
2021,"Burlington-South Burlington, VT",11669.0,66560.0,148375.0,11669.0,32841.0,60092.0,226604.0,104602.0,2.4691306663116555,2.0267348740903137,1.0,Burlington - VT USA
2019,"Los Angeles-Long Beach-Anaheim, CA",233678.0,6427933.0,6553533.0,233678.0,2263273.0,2109408.0,13215144.0,4606359.0,3.1068114845492194,2.8401050160541836,1.0,Los Angeles - CA USA
2009,"Anniston-Oxford-Jacksonville, AL",2510.0,27787.0,83780.0,2510.0,13591.0,32944.0,114077.0,49045.0,2.543103448275862,2.044514752409683,1.0,Anniston-Oxford - AL USA
2014,"Madera, CA",8234.0,61893.0,84572.0,8234.0,17136.0,25759.0,154699.0,51129.0,3.2832019876548,3.6118697478991595,1.0,Madera - CA USA
2008,"Cincinnati, OH-KY-IN",49351.0,550592.0,1488321.0,49351.0,242974.0,547056.0,2088264.0,839381.0,2.7206008160042114,2.2660531579510566,1.0,Cincinnati - OH USA
2016,"Sheboygan, WI",3126.0,26446.0,85944.0,3126.0,13437.0,34215.0,115516.0,50778.0,2.511880754055239,1.968147652005656,1.0,Sheboygan - WI USA
2006,"Seattle-Tacoma-Bellevue, WA",64073.0,1031895.0,2167372.0,64073.0,474754.0,818484.0,3263340.0,1357311.0,2.6480322156572393,2.1735361892685474,1.0,Seattle - WA USA
2005,"Reno, NV",0.0,145919.0,230153.0,,63149.0,88714.0,376072.0,,2.5943255855896474,2.310709591600817,,Reno - NV USA
2012,"Jackson, MI",9000.0,41692.0,109133.0,9000.0,17471.0,42949.0,159825.0,69420.0,2.540990477077464,2.386354530364604,1.0,Jackson - MI USA
2015,"Iowa City, IA",7574.0,56408.0,79999.0,7574.0,23407.0,32304.0,143981.0,63285.0,2.4764425458147596,2.409877387106421,1.0,Iowa City - IA USA
2006,"Portland-South Portland, ME",11331.0,122948.0,414744.0,11331.0,59431.0,167332.0,549023.0,238094.0,2.4785695503549827,2.0687519981154616,1.0,Portland - ME USA
2012,"Blacksburg-Christiansburg-Radford, VA",13030.0,64629.0,102532.0,13030.0,27721.0,41705.0,180191.0,82456.0,2.458506174319626,2.3314094008152666,1.0,Blacksburg - VA USA
2019,"Hanford-Corcoran, CA",14461.0,64903.0,73631.0,14461.0,21405.0,23356.0,152995.0,59222.0,3.1525518068162355,3.032142022891848,1.0,Hanford-Corcoran - CA USA
2019,"Minneapolis-St. Paul-Bloomington, MN-WI",64848.0,931032.0,2704424.0,64848.0,423671.0,997674.0,3700304.0,1486193.0,2.710729156016895,2.1975353517233893,1.0,Minneapolis - MN USA
2005,"Daphne-Fairhope-Foley, AL",0.0,37580.0,120377.0,,15523.0,50629.0,157957.0,,2.3776294218728395,2.4209237905044128,,Daphne-Fairhope-Foley - AL USA
2017,"Tyler, TX",5806.0,71402.0,150859.0,5806.0,25543.0,51750.0,228067.0,83099.0,2.915149758454106,2.795364679168461,1.0,Tyler - TX USA
2013,"La Crosse-Onalaska, WI-MN",4634.0,35564.0,75935.0,4634.0,17132.0,28500.0,116133.0,50266.0,2.6643859649122805,2.0758813915479806,1.0,La Crosse-Onalaska - WI USA
2010,"Lancaster, PA",13529.0,130849.0,375914.0,13529.0,57888.0,136139.0,520292.0,207556.0,2.7612513680870285,2.260382117191819,1.0,Lancaster - PA USA
2014,"Lancaster, PA",12598.0,153616.0,365959.0,12598.0,62534.0,132230.0,532173.0,207362.0,2.7675943431898964,2.4565196533086002,1.0,Lancaster - PA USA
2009,"Ocean City, NJ",3478.0,26988.0,65654.0,3478.0,15730.0,31260.0,96120.0,50468.0,2.100255918106206,1.715702479338843,1.0,Ocean City - NJ USA
2008,"Anchorage, AK",8123.0,125321.0,284194.0,8123.0,48714.0,97323.0,417638.0,154160.0,2.9201113816877817,2.5725869359937596,1.0,Anchorage - AK USA
2009,"Burlington, NC",4999.0,42246.0,102997.0,4999.0,17797.0,40286.0,150242.0,63082.0,2.556644988333416,2.3737708602573466,1.0,Burlington - NC USA
2018,"Waco, TX",10281.0,99148.0,145559.0,10281.0,39123.0,53035.0,254988.0,102439.0,2.7445837654379184,2.534263732331365,1.0,Waco - TX USA
2017,"Muskegon, MI",6352.0,38931.0,127642.0,6352.0,16422.0,48159.0,172925.0,70933.0,2.6504287879731723,2.3706613080014614,1.0,Muskegon - MI USA
2006,"Scranton--Wilkes-Barre--Hazleton, PA",25289.0,144734.0,445611.0,25289.0,72421.0,179057.0,615634.0,276767.0,2.4886544508173376,1.9985087198464533,1.0,Scranton - PA USA
2010,"Palm Bay-Melbourne-Titusville, FL",9340.0,134427.0,400227.0,9340.0,54610.0,167335.0,543994.0,231285.0,2.39177099829683,2.4615821278154186,1.0,Melbourne - FL USA
2016,"Oxnard-Thousand Oaks-Ventura, CA",12629.0,326089.0,511037.0,12629.0,101707.0,166385.0,849755.0,280721.0,3.0714126874417764,3.2061608345541606,1.0,Ventura - CA USA
2011,"Cleveland-Elyria, OH",44862.0,624121.0,1400249.0,44862.0,291608.0,553172.0,2069232.0,889642.0,2.531308526100381,2.1402739293846533,1.0,Cleveland - OH USA
2007,"Hickory-Lenoir-Morganton, NC",5706.0,84606.0,270278.0,5706.0,35496.0,101225.0,360590.0,142427.0,2.67007162262287,2.383536173089926,1.0,Hickory - NC USA
2006,"Richmond, VA",36306.0,308419.0,739235.0,36306.0,130720.0,284239.0,1083960.0,451265.0,2.600751480268366,2.3593864749082005,1.0,Richmond - VA USA
2006,"San Jose-Sunnyvale-Santa Clara, CA",34324.0,625044.0,1072381.0,34324.0,231067.0,354361.0,1731749.0,619752.0,3.0262387790981515,2.7050336049717183,1.0,San Jose - CA USA
2008,"Jackson, MI",9118.0,29027.0,122074.0,9118.0,12255.0,46256.0,160219.0,67629.0,2.639095468695953,2.3685842513259896,1.0,Jackson - MI USA
2017,"Lewiston-Auburn, ME",2999.0,28038.0,76499.0,2999.0,15332.0,30646.0,107536.0,48977.0,2.496214840435946,1.8287242368901644,1.0,Lewiston-Auburn - ME USA
2013,"Baton Rouge, LA",21635.0,234292.0,563044.0,21635.0,94715.0,206671.0,818971.0,323021.0,2.7243493281592484,2.4736525365570396,1.0,Baton Rouge - LA USA
2005,"Jackson, MI",0.0,28727.0,123650.0,,12645.0,47927.0,152377.0,,2.57996536399107,2.2718070383550812,,Jackson - MI USA
2014,"Punta Gorda, FL",3208.0,36116.0,128783.0,3208.0,15634.0,59599.0,168107.0,78441.0,2.160824846054464,2.310093386209543,1.0,Punta Gorda - FL USA
2005,"Hattiesburg, MS",0.0,38145.0,76802.0,,16071.0,27408.0,114947.0,,2.8021745475773496,2.3735299607989546,,Hattiesburg - MS USA
2010,"Rochester, NY",42429.0,277085.0,734605.0,42429.0,130396.0,283518.0,1054119.0,456343.0,2.5910347843875874,2.1249501518451486,1.0,Rochester - NY USA
2020,"Gulfport-Biloxi-Pascagoula, MS",6961.0,110788.0,231433.0,6961.0,49462.0,88562.0,349182.0,144985.0,2.6132314085047765,2.23986090331972,1.0,Gulfport-Biloxi-Pascagoula - MS USA
2016,"Johnstown, PA",7133.0,27809.0,100076.0,7133.0,14517.0,41926.0,135018.0,63576.0,2.386967514191671,1.9156161741406628,1.0,Johnstown - PA USA
2017,"Lancaster, PA",11022.0,159428.0,372202.0,11022.0,67376.0,133774.0,542652.0,212172.0,2.7823194342697386,2.3662431726430775,1.0,Lancaster - PA USA
2021,"El Paso, TX",12451.0,273401.0,582119.0,12451.0,104748.0,193309.0,867971.0,310508.0,3.0113393582295704,2.6100832474128386,1.0,El Paso - TX USA
2009,"Little Rock-North Little Rock-Conway, AR",12313.0,206009.0,439236.0,12313.0,92705.0,164919.0,657558.0,269937.0,2.6633438233314535,2.2221994498678606,1.0,Little Rock - AR USA
2019,"Oshkosh-Neenah, WI",7354.0,58207.0,106134.0,7354.0,27287.0,43952.0,171695.0,78593.0,2.414770658900619,2.1331403232308426,1.0,
2013,"St. Joseph, MO-KS",7814.0,34556.0,77447.0,7814.0,14755.0,28171.0,119817.0,50740.0,2.7491746831848354,2.3419857675364284,1.0,
2006,"Barnstable Town, MA",5674.0,46425.0,198585.0,5674.0,22936.0,85259.0,250684.0,113869.0,2.3291969176274647,2.024110568538542,1.0,Barnstable Town - MA USA
2010,"Hartford-West Hartford-East Hartford, CT",52439.0,323952.0,836759.0,52439.0,150224.0,321936.0,1213150.0,524599.0,2.5991470354356143,2.156459686867611,1.0,Hartford - CT USA
2014,"Erie, PA",12288.0,83194.0,182667.0,12288.0,37554.0,71101.0,278149.0,120943.0,2.5691199842477603,2.2153166107471907,1.0,Erie - PA USA
2022,"Corpus Christi, TX",14519.0,150947.0,317206.0,14519.0,64346.0,115280.0,482672.0,194145.0,2.7516134628730047,2.34586454480465,1.0,Corpus Christi - TX USA
2018,"Corpus Christi, TX",17481.0,168274.0,306676.0,17481.0,64682.0,106690.0,492431.0,188853.0,2.8744587121567156,2.601558393370644,1.0,Corpus Christi - TX USA
2017,"Memphis, TN-MS-AR",21025.0,471285.0,749682.0,21025.0,181868.0,272448.0,1241992.0,475341.0,2.751651691331924,2.5913574680537534,1.0,Memphis - TN USA
2008,"Auburn-Opelika, AL",5273.0,39450.0,88414.0,5273.0,19355.0,36631.0,133137.0,61259.0,2.4136387213016297,2.0382330147248773,1.0,Auburn-Opelika - AL USA
2013,"Laredo, TX",3083.0,85596.0,173868.0,3083.0,23975.0,44721.0,262547.0,71779.0,3.8878379284899713,3.5702189781021896,1.0,Laredo - TX USA
2005,"Winston-Salem, NC",0.0,171323.0,419014.0,,71145.0,167991.0,590337.0,,2.4942645736974005,2.4080820858809475,,Winston-Salem - NC USA
2023,"Chicago-Naperville-Elgin, IL-IN-WI",149414.0,2680350.0,6550563.0,149414.0,1275370.0,2447670.0,9380327.0,3872454.0,2.6762443466643786,2.1016254106651404,1.0,Chicago - IL USA
2015,"Waco, TX",9361.0,87278.0,149459.0,9361.0,35876.0,51433.0,246098.0,96670.0,2.905896992203449,2.4327684245735313,1.0,Waco - TX USA
2017,"Pittsfield, MA",6848.0,28472.0,90804.0,6848.0,16246.0,37948.0,126124.0,61042.0,2.3928533783071573,1.7525544749476794,1.0,Pittsfield - MA USA
2014,"Gainesville, GA",2402.0,62879.0,125687.0,2402.0,19998.0,43385.0,190968.0,65785.0,2.8970150973838886,3.1442644264426445,1.0,Gainesville - GA USA
2012,"Ocala, FL",8450.0,92789.0,234329.0,8450.0,34398.0,99512.0,335568.0,142360.0,2.354781332904574,2.6975114832257687,1.0,Ocala - FL USA
2014,"Springfield, IL",4674.0,56761.0,138245.0,4674.0,26206.0,57081.0,199680.0,87961.0,2.4219092167271072,2.165954361596581,1.0,Springfield - IL USA
2021,"Springfield, MO",11582.0,124324.0,296122.0,11582.0,63887.0,113867.0,432028.0,189336.0,2.6005954315122026,1.945998403431058,1.0,Springfield - MO USA
2023,"Grand Rapids-Wyoming, MI",21718.0,210635.0,731013.0,21718.0,99267.0,272947.0,963366.0,393932.0,2.678223244805768,2.1219035530438113,1.0,Grand Rapids - MI USA
2011,"Kennewick-Richland, WA",4093.0,81455.0,178702.0,4093.0,28355.0,60575.0,264250.0,93023.0,2.95009492364837,2.872685593369776,1.0,Kennewick-Richland - WA USA
2015,"Sacramento--Roseville--Arden-Arcade, CA",39650.0,899133.0,1337320.0,39650.0,333215.0,476080.0,2276103.0,848945.0,2.8090236934968913,2.69835691670543,1.0,Sacramento - CA USA
2012,"Burlington-South Burlington, VT",10484.0,56667.0,146233.0,10484.0,28236.0,56742.0,213384.0,95462.0,2.577156251101477,2.0069060773480665,1.0,Burlington - VT USA
2020,"Knoxville, TN",21483.0,258395.0,696918.0,21483.0,117330.0,282956.0,976796.0,421769.0,2.4629907123369006,2.2022926787692834,1.0,Knoxville - TN USA
2014,"Richmond, VA",38955.0,410734.0,791083.0,38955.0,166640.0,299638.0,1240772.0,505233.0,2.6401290891008484,2.464798367738838,1.0,Richmond - VA USA
2019,"Harrisonburg, VA",8806.0,48708.0,77324.0,8806.0,18201.0,28897.0,134838.0,55904.0,2.675848704017718,2.6761166968847867,1.0,
2010,"Minneapolis-St. Paul-Bloomington, MN-WI",61200.0,783552.0,2315702.0,61200.0,349525.0,871551.0,3160454.0,1282276.0,2.6569896655502663,2.2417623918174665,1.0,Minneapolis - MN USA
2006,"Philadelphia-Camden-Wilmington, PA-NJ-DE-MD",186243.0,1381094.0,4279212.0,186243.0,629212.0,1539591.0,5846549.0,2355046.0,2.7794472687876195,2.194958138115611,1.0,Philadelphia - PA USA
2010,"Fayetteville, NC",17170.0,129405.0,173664.0,17170.0,50053.0,68193.0,320239.0,135416.0,2.546654348686815,2.5853595189099554,1.0,Fayetteville - NC USA
2005,"Waco, TX",0.0,76961.0,137629.0,,31784.0,48816.0,214590.0,,2.819342019010161,2.421375534860307,,Waco - TX USA
2008,"Boston-Cambridge-Newton, MA-NH",159232.0,1379165.0,3145010.0,159232.0,629785.0,1130604.0,4683407.0,1919621.0,2.781707830504757,2.1898981398413744,1.0,Boston - MA USA
2016,"Indianapolis-Carmel-Anderson, IN",36553.0,642782.0,1320710.0,36553.0,274015.0,491225.0,2000045.0,801793.0,2.688605018067077,2.3457912887980585,1.0,Indianapolis - IN USA
2018,"Utica-Rome, NY",13915.0,78863.0,180608.0,13915.0,37281.0,68827.0,273386.0,120023.0,2.624086477690441,2.1153670770633837,1.0,Utica - NY USA
2022,"Charlotte-Concord-Gastonia, NC-SC",41768.0,825823.0,1931610.0,41768.0,373055.0,729858.0,2799201.0,1144681.0,2.6465559053952963,2.2136762675744865,1.0,Charlotte - NC USA
2016,"Santa Rosa, CA",8681.0,190277.0,304035.0,8681.0,72148.0,115355.0,502993.0,196184.0,2.6356464825972,2.637314963685757,1.0,Santa Rosa - CA USA
2015,"Yuba City, CA",2321.0,70692.0,97755.0,2321.0,23403.0,34858.0,170768.0,60582.0,2.8043777612025935,3.020638379694911,1.0,Yuba City - CA USA
2012,"Santa Rosa, CA",9659.0,200431.0,281604.0,9659.0,74813.0,109535.0,491694.0,194007.0,2.5709042771716804,2.6790932057262777,1.0,Santa Rosa - CA USA
2018,"Dayton, OH",29773.0,275899.0,501069.0,29773.0,126926.0,204500.0,806741.0,361199.0,2.4502151589242054,2.173699636008383,1.0,Dayton - OH USA
2009,"Monroe, LA",4650.0,53174.0,93745.0,4650.0,22213.0,35165.0,151569.0,62028.0,2.6658609412768377,2.393823436726241,1.0,Monroe - LA USA
2007,"Olympia-Tumwater, WA",4357.0,76703.0,157311.0,4357.0,33019.0,61835.0,238371.0,99211.0,2.544044634915501,2.322995850873739,1.0,Olympia - WA USA
2018,"Oshkosh-Neenah, WI",8004.0,45781.0,117407.0,8004.0,22867.0,48464.0,171192.0,79335.0,2.422561076262793,2.002055363624437,1.0,
2018,"Omaha-Council Bluffs, NE-IA",20099.0,306316.0,708031.0,20099.0,138138.0,264583.0,1034446.0,422820.0,2.676026048536754,2.2174636957245655,1.0,Omaha - NE USA
2008,"Lincoln, NE",14958.0,76565.0,187388.0,14958.0,38789.0,68738.0,278911.0,122485.0,2.7261194681253453,1.9738843486555466,1.0,Lincoln - NE USA
2012,"Augusta-Richmond County, GA-SC",13941.0,168512.0,340096.0,13941.0,63910.0,124856.0,522549.0,202707.0,2.723905939642468,2.63670787044281,1.0,Augusta - GA USA
2012,"Denver-Aurora-Lakewood, CO",35893.0,951027.0,1743556.0,35893.0,389701.0,663163.0,2730476.0,1088757.0,2.6291515057384083,2.440401743901093,1.0,Denver - CO USA
2020,"Greenville, NC",7650.0,74737.0,105205.0,7650.0,29869.0,44810.0,187592.0,82329.0,2.347801829948672,2.5021594295088554,1.0,Greenville - NC USA
2022,"Joplin, MO",3588.0,58488.0,122069.0,3588.0,23806.0,47154.0,184145.0,74548.0,2.5887305424778386,2.456859615223053,1.0,Joplin - MO USA
2015,"Charleston-North Charleston, SC",17187.0,248704.0,478510.0,17187.0,95046.0,178674.0,744401.0,290907.0,2.6781176891993237,2.6166698230330576,1.0,Charleston - SC USA
2012,"Bloomington, IL",8482.0,49300.0,114467.0,8482.0,22669.0,43075.0,172249.0,74226.0,2.657388276262333,2.1747761259870306,1.0,Bloomington - IL USA
2012,"Albuquerque, NM",14725.0,275526.0,596526.0,14725.0,113026.0,226729.0,886777.0,354480.0,2.63100882551416,2.4377222939854546,1.0,Albuquerque - NM USA
2006,"Hickory-Lenoir-Morganton, NC",7901.0,88378.0,263773.0,7901.0,34568.0,100673.0,360052.0,143142.0,2.6200967488800373,2.5566419810229113,1.0,Hickory - NC USA
2019,"Hilton Head Island-Bluffton-Beaufort, SC",4862.0,57251.0,160149.0,4862.0,20450.0,63644.0,222262.0,88956.0,2.516325183835083,2.799559902200489,1.0,Hilton Head Island - SC USA
2021,"Punta Gorda, FL",4959.0,32838.0,156990.0,4959.0,15389.0,73599.0,194787.0,93947.0,2.133045285941385,2.133861849372929,1.0,Punta Gorda - FL USA
2007,"Milwaukee-Waukesha-West Allis, WI",32766.0,491750.0,1020119.0,32766.0,218630.0,387138.0,1544635.0,638534.0,2.635026786313924,2.2492338654347526,1.0,Milwaukee - WI USA
2005,"Rochester, NY",0.0,254298.0,744188.0,,123104.0,282245.0,998486.0,,2.636673811759287,2.0657167923056927,,Rochester - NY USA
2014,"Portland-Vancouver-Hillsboro, OR-WA",39543.0,900204.0,1425164.0,39543.0,364662.0,535183.0,2364911.0,939388.0,2.662947066704286,2.468598318442832,1.0,Portland - OR USA
2015,"Chattanooga, TN-GA",17084.0,166417.0,346681.0,17084.0,67590.0,134822.0,530182.0,219496.0,2.5713978430819897,2.4621541648172807,1.0,Chattanooga - TN USA
2012,"Youngstown-Warren-Boardman, OH-PA",19630.0,154870.0,383875.0,19630.0,69578.0,159749.0,558375.0,248957.0,2.402988438112289,2.2258472505677083,1.0,Youngstown - OH USA
2007,"Chico, CA",4096.0,90176.0,124506.0,4096.0,34884.0,50961.0,218778.0,89941.0,2.4431624183198917,2.585024653136108,1.0,Chico - CA USA
2011,"Modesto, CA",5437.0,212297.0,300740.0,5437.0,69596.0,98263.0,518474.0,173296.0,3.0605619612672115,3.0504195643427785,1.0,Modesto - CA USA
2022,"Beckley, WV",4018.0,26364.0,82015.0,4018.0,11682.0,32427.0,112397.0,48127.0,2.5292194775958308,2.2568053415511042,1.0,
2009,"Stockton-Lodi, CA",29836.0,253433.0,392159.0,29836.0,81697.0,126816.0,675428.0,238349.0,3.0923463916225082,3.102109012570841,1.0,Stockton - CA USA
2011,"Punta Gorda, FL",3221.0,39426.0,117993.0,3221.0,15041.0,53211.0,160640.0,71473.0,2.2174550374922477,2.6212352902067684,1.0,Punta Gorda - FL USA
2013,"Port St. Lucie, FL",6505.0,137916.0,293584.0,6505.0,48871.0,117011.0,438005.0,172387.0,2.509029065643401,2.822041701622639,1.0,Port St. Lucie - FL USA
2007,"Lake Charles, LA",2255.0,54394.0,127778.0,2255.0,22945.0,50528.0,184427.0,75728.0,2.5288552881570614,2.3706254085857483,1.0,Lake Charles - LA USA
2019,"Port St. Lucie, FL",7003.0,113038.0,369287.0,7003.0,42341.0,139573.0,489328.0,188917.0,2.64583407965724,2.6697054864079734,1.0,Port St. Lucie - FL USA
2010,"Denver-Aurora-Lakewood, CO",31232.0,833037.0,1709374.0,31232.0,357162.0,650743.0,2573643.0,1039137.0,2.6268035153662814,2.3323785845078704,1.0,Denver - CO USA
2020,"Jackson, TN",5244.0,43881.0,63458.0,5244.0,15577.0,25309.0,112583.0,46130.0,2.5073294085108064,2.81703794055338,1.0,Jackson - TN USA
2019,"Seattle-Tacoma-Bellevue, WA",68311.0,1407586.0,2502761.0,68311.0,624343.0,916903.0,3978658.0,1609557.0,2.729580991664331,2.2545075383242863,1.0,Seattle - WA USA
2022,"Asheville, NC",12102.0,141375.0,379698.0,12102.0,65301.0,150103.0,533175.0,227506.0,2.5295830196598335,2.1649745026875546,1.0,
2009,"East Stroudsburg, PA",4228.0,32460.0,129871.0,4228.0,12710.0,46613.0,166559.0,63551.0,2.786154077188767,2.5538945712037764,1.0,East Stroudsburg - PA USA
2016,"Santa Maria-Santa Barbara, CA",19275.0,215981.0,210176.0,19275.0,70077.0,72371.0,445432.0,161723.0,2.9041466885907337,3.082052599283645,1.0,Santa Barbara - CA USA
2015,"Colorado Springs, CO",15782.0,247492.0,433920.0,15782.0,99812.0,161624.0,697194.0,277218.0,2.6847497896352026,2.4795816134332545,1.0,Colorado Springs - CO USA
2006,"Rockford, IL",5262.0,80605.0,262356.0,5262.0,33547.0,91793.0,348223.0,130602.0,2.85812643665639,2.40274838286583,1.0,Rockford - IL USA
2016,"Cape Coral-Fort Myers, FL",10858.0,239242.0,472986.0,10858.0,77636.0,184101.0,723086.0,272595.0,2.569165838317011,3.081585862228863,1.0,Fort Myers - FL USA
2005,"Morgantown, WV",0.0,30976.0,76918.0,,15274.0,29128.0,107894.0,,2.640689371051909,2.028021474400943,,Morgantown - WV USA
2013,"Medford, OR",3882.0,79818.0,124951.0,3882.0,31120.0,51863.0,208651.0,86865.0,2.409251296685498,2.564845758354756,1.0,Medford - OR USA
2011,"Portland-South Portland, ME",11625.0,138764.0,399224.0,11625.0,66975.0,158235.0,549613.0,236835.0,2.5229816412298165,2.071877566256066,1.0,Portland - ME USA
2018,"Palm Bay-Melbourne-Titusville, FL",6948.0,134123.0,455707.0,6948.0,55228.0,171133.0,596778.0,233309.0,2.662882085863042,2.42853262837691,1.0,Melbourne - FL USA
2023,"Ithaca, NY",16885.0,33755.0,53856.0,16885.0,18606.0,24449.0,104496.0,59940.0,2.202789480142337,1.8141997205202622,1.0,
2008,"Providence-Warwick, RI-MA",54246.0,478720.0,1042394.0,54246.0,220717.0,377265.0,1575360.0,652228.0,2.7630286403456457,2.1689312558615783,1.0,Providence - RI USA
2020,"Riverside-San Bernardino-Ontario, CA",88740.0,1541023.0,3038522.0,88740.0,481833.0,909979.0,4668285.0,1480552.0,3.3391122212710402,3.1982512613291325,1.0,Inland Empire - CA USA
2019,"Atlanta-Sandy Springs-Roswell, GA",92775.0,1938234.0,3965691.0,92775.0,779351.0,1400637.0,5996700.0,2272763.0,2.8313481651562826,2.4869846834096574,1.0,Atlanta - GA USA
2008,"Springfield, OH",3346.0,38070.0,94265.0,3346.0,15335.0,37819.0,135681.0,56500.0,2.492530209682964,2.4825562438865343,1.0,Springfield - OH USA
2019,"Austin-Round Rock, TX",47590.0,825443.0,1397524.0,47590.0,350102.0,482757.0,2270557.0,880449.0,2.894880861385749,2.3577214640304827,1.0,Austin - TX USA
2019,"Racine, WI",5615.0,61993.0,128775.0,5615.0,26185.0,52720.0,196383.0,84520.0,2.442621396054628,2.3675004773725417,1.0,Racine - WI USA
2017,"Rochester, NY",47003.0,314104.0,750667.0,47003.0,148796.0,297214.0,1111774.0,493013.0,2.525678467366948,2.11097072501949,1.0,Rochester - NY USA
2015,"Bellingham, WA",5069.0,75290.0,131407.0,5069.0,29824.0,50199.0,211766.0,85092.0,2.6177214685551506,2.5244769313304722,1.0,Bellingham - WA USA
2018,"Dallas-Fort Worth-Arlington, TX",81302.0,2714210.0,4606047.0,81302.0,1058488.0,1515965.0,7401559.0,2655755.0,3.038359724663828,2.5642331325437793,1.0,Dallas-Fort Worth - TX USA
2006,"Columbia, MO",9917.0,48996.0,86987.0,9917.0,25788.0,36961.0,145900.0,72666.0,2.353480695868618,1.899953466728711,1.0,Columbia - MO USA
2011,"St. Cloud, MN",9062.0,44139.0,136229.0,9062.0,19192.0,52840.0,189430.0,81094.0,2.578141559424678,2.2998645268862026,1.0,St. Cloud - MN USA
2022,"Coeur d'Alene, ID",2084.0,46415.0,129841.0,2084.0,20852.0,48495.0,178340.0,71431.0,2.6774100422723994,2.225925570688663,1.0,
2019,"El Centro, CA",10705.0,80132.0,90515.0,10705.0,22055.0,26127.0,181352.0,58887.0,3.4644237761702454,3.6332804352754478,1.0,El Centro - CA USA
2017,"Chattanooga, TN-GA",17881.0,168426.0,352643.0,17881.0,76853.0,135596.0,538950.0,230330.0,2.600688810879377,2.191534487918494,1.0,Chattanooga - TN USA
2016,"Ogden-Clearfield, UT",5630.0,120011.0,464112.0,5630.0,44168.0,138998.0,589753.0,188796.0,3.3389832947236653,2.7171481615649338,1.0,Ogden - UT USA
2020,"Punta Gorda, FL",3071.0,30949.0,162652.0,3071.0,17124.0,71687.0,196672.0,91882.0,2.2689190508739383,1.8073464143891613,1.0,Punta Gorda - FL USA
2017,"Jackson, MI",9807.0,32769.0,116106.0,9807.0,15898.0,46322.0,158682.0,72027.0,2.506497992314667,2.0612026670021386,1.0,Jackson - MI USA
2023,"Niles-Benton Harbor, MI",4053.0,31595.0,117486.0,4053.0,16890.0,48239.0,153134.0,69182.0,2.435498248305313,1.8706335109532268,1.0,Niles-Benton Harbor - MI USA
2012,"Des Moines-West Des Moines, IA",17285.0,169006.0,463146.0,17285.0,72498.0,180840.0,649437.0,270623.0,2.561081619110816,2.3311815498358577,1.0,
2007,"College Station-Bryan, TX",13566.0,75692.0,81833.0,13566.0,32808.0,29097.0,171091.0,75471.0,2.8124205244526927,2.3071202145818095,1.0,College Station-Bryan - TX USA
2012,"Mobile, AL",10245.0,139211.0,263886.0,10245.0,55494.0,101262.0,413342.0,167001.0,2.6059726254666113,2.508577503874293,1.0,Mobile - AL USA
2010,"Little Rock-North Little Rock-Conway, AR",18890.0,217042.0,438038.0,18890.0,92841.0,169278.0,673970.0,281009.0,2.5876841645104505,2.3377817989896705,1.0,Little Rock - AR USA
2018,"Salisbury, MD-DE",13971.0,110292.0,285438.0,13971.0,41814.0,119491.0,409701.0,175276.0,2.388782418759572,2.63768115942029,1.0,Salisbury - MD USA
2008,"Battle Creek, MI",2446.0,34118.0,99286.0,2446.0,16262.0,36362.0,135850.0,55070.0,2.730487871954238,2.0980199237486166,1.0,Battle Creek - MI USA
2023,"Wenatchee, WA",2835.0,42336.0,79817.0,2835.0,16926.0,32746.0,124988.0,52507.0,2.4374580101386427,2.501240694789082,1.0,
2022,"Medford, OR",4267.0,72943.0,144650.0,4267.0,32759.0,59795.0,221860.0,96821.0,2.4190985868383645,2.2266552703073965,1.0,Medford - OR USA
2017,"Florence, SC",4020.0,62488.0,138830.0,4020.0,27009.0,52448.0,205338.0,83477.0,2.6470027455765712,2.3135991706468215,1.0,
2020,"Bismarck, ND",3909.0,31242.0,98103.0,3909.0,16730.0,41384.0,133254.0,62023.0,2.3705538372317805,1.8674237895995218,1.0,
2007,"Fayetteville, NC",12284.0,117104.0,176694.0,12284.0,46115.0,70071.0,306082.0,128470.0,2.5216423342038787,2.539390653800282,1.0,Fayetteville - NC USA
2022,"Phoenix-Mesa-Scottsdale, AZ",85706.0,1535892.0,3381870.0,85706.0,628657.0,1256451.0,5003468.0,1970814.0,2.691605164069271,2.443131946355485,1.0,Phoenix - AZ USA
2011,"Springfield, MA",34535.0,201448.0,366710.0,34535.0,86869.0,141412.0,602693.0,262816.0,2.593202839928719,2.3189860594688554,1.0,Springfield - MA USA
2017,"Manchester-Nashua, NH",5585.0,118538.0,230075.0,5585.0,53685.0,88353.0,354198.0,147623.0,2.604042873473453,2.208028313309118,1.0,Manchester - NH USA
2021,"Naples-Immokalee-Marco Island, FL",3316.0,116965.0,265455.0,3316.0,44576.0,119366.0,385736.0,167258.0,2.223874470117119,2.6239456209619525,1.0,Naples - FL USA
2011,"Lincoln, NE",13516.0,99976.0,176314.0,13516.0,45944.0,68792.0,289806.0,128252.0,2.563001511803698,2.1760403970050497,1.0,Lincoln - NE USA
2010,"Erie, PA",10647.0,73018.0,196896.0,10647.0,35451.0,73938.0,280561.0,120036.0,2.6629879087884443,2.0596880200840597,1.0,Erie - PA USA
2013,"Yakima, WA",3290.0,90393.0,153055.0,3290.0,29768.0,49974.0,246738.0,83032.0,3.062692600152079,3.0365829078204785,1.0,Yakima - WA USA
2017,"Boise City, ID",13018.0,216572.0,506512.0,13018.0,85286.0,182815.0,736102.0,281119.0,2.7706260427207834,2.539361677180311,1.0,Boise - ID USA
2019,"Urban Honolulu, HI",36230.0,365336.0,573283.0,36230.0,134367.0,182088.0,974849.0,352685.0,3.14838429770221,2.7189414067442153,1.0,Honolulu - HI USA
2021,"Urban Honolulu, HI",36481.0,361971.0,602710.0,36481.0,138736.0,199358.0,1001162.0,374575.0,3.0232546474182125,2.609063256833122,1.0,Honolulu - HI USA
2013,"Allentown-Bethlehem-Easton, PA-NJ",23295.0,224679.0,579633.0,23295.0,96905.0,216322.0,827607.0,336522.0,2.679491683693753,2.3185490944739695,1.0,Lehigh Valley - PA USA
2006,"Lakeland-Winter Haven, FL",12941.0,163673.0,384914.0,12941.0,66243.0,158575.0,561528.0,237759.0,2.427330915970361,2.4707969143909545,1.0,Lakeland - FL USA
2020,"Chicago-Naperville-Elgin, IL-IN-WI",160928.0,2785196.0,6371022.0,160928.0,1267348.0,2310093.0,9317146.0,3738369.0,2.757907149192695,2.1976568393211653,1.0,Chicago - IL USA
2014,"Eugene, OR",7793.0,140972.0,209411.0,7793.0,58865.0,86867.0,358176.0,153525.0,2.4107083242197844,2.3948356408731843,1.0,Eugene - OR USA
2010,"Phoenix-Mesa-Scottsdale, AZ",73707.0,1495797.0,2695481.0,73707.0,543370.0,982666.0,4264985.0,1599743.0,2.7430286587711388,2.7528148407162707,1.0,Phoenix - AZ USA
2010,"Ocean City, NJ",1421.0,20603.0,75321.0,1421.0,10152.0,32611.0,97345.0,44184.0,2.3096807825580328,2.0294523246650904,1.0,Ocean City - NJ USA
2021,"Erie, PA",12819.0,73278.0,182539.0,12819.0,35260.0,75301.0,268636.0,123380.0,2.424124513618677,2.0782189449801476,1.0,Erie - PA USA
2011,"Springfield, IL",13720.0,56978.0,170677.0,13720.0,27251.0,70525.0,241375.0,111496.0,2.4200921658986174,2.0908590510439984,1.0,Springfield - IL USA
2009,"Lake Havasu City-Kingman, AZ",2406.0,72256.0,140275.0,2406.0,23314.0,58309.0,214937.0,84029.0,2.405717813716579,3.0992536673243545,1.0,Lake Havasu - AZ USA
2014,"Buffalo-Cheektowaga-Niagara Falls, NY",32029.0,335924.0,768125.0,32029.0,157620.0,312943.0,1136078.0,502592.0,2.454520471779206,2.131227001649537,1.0,Buffalo - NY USA
2010,"Youngstown-Warren-Boardman, OH-PA",17876.0,137870.0,409704.0,17876.0,62628.0,166331.0,565450.0,246835.0,2.463184854296553,2.2014115092290987,1.0,Youngstown - OH USA
2009,"San Francisco-Oakland-Hayward, CA",70610.0,1743844.0,2502992.0,70610.0,690649.0,869001.0,4317446.0,1630260.0,2.88030968894167,2.5249352420694158,1.0,San Francisco - CA USA
2021,"Joplin, MO",3026.0,50211.0,129511.0,3026.0,20551.0,49094.0,182748.0,72671.0,2.638020939422333,2.4432387718359205,1.0,Joplin - MO USA
2015,"Roanoke, VA",8755.0,107138.0,221261.0,8755.0,44854.0,93630.0,337154.0,147239.0,2.363142155292107,2.388594105319481,1.0,
2017,"Midland, TX",1973.0,49741.0,113387.0,1973.0,19333.0,37412.0,165101.0,58718.0,3.0307655297765423,2.572854704391455,1.0,Midland - TX USA
2007,"Lakeland-Winter Haven, FL",13211.0,157173.0,404076.0,13211.0,62193.0,163680.0,574460.0,239084.0,2.4686950146627566,2.52718151560465,1.0,Lakeland - FL USA
2016,"Houma-Thibodaux, LA",4000.0,60531.0,170081.0,4000.0,22621.0,62972.0,234612.0,89593.0,2.7008988121704887,2.675876398037222,1.0,Houma-Thibodaux - LA USA
2008,"Burlington-South Burlington, VT",8042.0,53146.0,147826.0,8042.0,24041.0,57736.0,209014.0,89819.0,2.5603782735208536,2.210640156399484,1.0,Burlington - VT USA
2006,"Iowa City, IA",9353.0,34228.0,74369.0,9353.0,19766.0,30751.0,117950.0,59870.0,2.418425417059608,1.7316604269958515,1.0,Iowa City - IA USA
2010,"Winston-Salem, NC",13976.0,184531.0,442954.0,13976.0,77325.0,175780.0,641461.0,267081.0,2.5199340084196153,2.386433882961526,1.0,Winston-Salem - NC USA
2022,"Pensacola-Ferry Pass-Brent, FL",23749.0,142647.0,357396.0,23749.0,64602.0,142727.0,523792.0,231078.0,2.5040531924583296,2.208089532831801,1.0,Pensacola - FL USA
2006,"Ann Arbor, MI",22026.0,103480.0,218554.0,22026.0,49868.0,84185.0,344060.0,156079.0,2.596115697570826,2.0750782064650677,1.0,Ann Arbor - MI USA
2023,"San Jose-Sunnyvale-Santa Clara, CA",41000.0,801482.0,1035041.0,41000.0,305650.0,359900.0,1877523.0,706550.0,2.8759127535426505,2.622221495174219,1.0,San Jose - CA USA
2019,"Brownsville-Harlingen, TX",3280.0,143210.0,276831.0,3280.0,45220.0,84087.0,423321.0,132587.0,3.292197367012737,3.1669615214506854,1.0,Brownsville-Harlingen - TX USA
2008,"Morgantown, WV",9542.0,34060.0,75653.0,9542.0,14743.0,28216.0,119255.0,52501.0,2.681209242982705,2.3102489316963983,1.0,Morgantown - WV USA
2008,"Laredo, TX",1124.0,76306.0,159522.0,1124.0,22943.0,42168.0,236952.0,66235.0,3.7830108138873078,3.3258946083772827,1.0,Laredo - TX USA
2014,"Bakersfield, CA",32656.0,388052.0,453799.0,32656.0,114344.0,146790.0,874507.0,293790.0,3.0914844335445193,3.3937242006576644,1.0,Bakersfield - CA USA
2006,"Lake Havasu City-Kingman, AZ",3877.0,70762.0,136685.0,3877.0,26007.0,58082.0,211324.0,87966.0,2.353310836403705,2.7208828392355904,1.0,Lake Havasu - AZ USA
2006,"Madera, CA",10468.0,57672.0,78216.0,10468.0,15932.0,25120.0,146356.0,51520.0,3.1136942675159234,3.619884509163947,1.0,Madera - CA USA
2023,"Daphne-Fairhope-Foley, AL",2917.0,60787.0,189759.0,2917.0,26348.0,79350.0,253463.0,108615.0,2.3914177693761816,2.307082131471079,1.0,Daphne-Fairhope-Foley - AL USA
2010,"Jackson, MI",6993.0,34810.0,118327.0,6993.0,14098.0,44291.0,160130.0,65382.0,2.6715811338646676,2.4691445595119874,1.0,Jackson - MI USA
2007,"La Crosse-Onalaska, WI-MN",5057.0,32765.0,73510.0,5057.0,15566.0,29148.0,111332.0,49771.0,2.5219569095649788,2.1049081331106256,1.0,La Crosse-Onalaska - WI USA
2020,"Pittsburgh, PA",63687.0,560253.0,1646664.0,63687.0,311094.0,688879.0,2270604.0,1063660.0,2.390353022809521,1.8009122644602595,1.0,Pittsburgh - PA USA
2010,"Yuba City, CA",4518.0,65295.0,97382.0,4518.0,22164.0,33076.0,167195.0,59758.0,2.944189140162051,2.9459935029778017,1.0,Yuba City - CA USA
2019,Not in identifiable area,2483433.0,18803812.0,48270439.0,2483433.0,8105738.0,19077963.0,69557684.0,29667134.0,2.530167345434101,2.3198149261671177,1.0,
2008,"Santa Maria-Santa Barbara, CA",16143.0,184265.0,204972.0,16143.0,64139.0,75071.0,405380.0,155353.0,2.730375244768286,2.8729010430471322,1.0,Santa Barbara - CA USA
2017,"Detroit-Warren-Dearborn, MI",48872.0,1205316.0,2972266.0,48872.0,524634.0,1148597.0,4226454.0,1722103.0,2.5877361685604265,2.297441645032537,1.0,Detroit - MI USA
2012,"Bremerton-Silverdale, WA",9095.0,73467.0,173034.0,9095.0,30030.0,66996.0,255596.0,106121.0,2.5827512090274047,2.4464535464535464,1.0,Bremerton - WA USA
2021,"Beaumont-Port Arthur, TX",15450.0,109232.0,270777.0,15450.0,46381.0,102108.0,395459.0,163939.0,2.6518686097073685,2.3551023048230957,1.0,Beaumont - TX USA
2023,"Iowa City, IA",9533.0,50922.0,97574.0,9533.0,25883.0,38192.0,158029.0,73608.0,2.554828236279849,1.9673917242978016,1.0,Iowa City - IA USA
2018,"Ocean City, NJ",2549.0,20058.0,79439.0,2549.0,9520.0,34135.0,102046.0,46204.0,2.3272008202724477,2.1069327731092438,1.0,Ocean City - NJ USA
2015,"Beaumont-Port Arthur, TX",18187.0,122220.0,254694.0,18187.0,49997.0,98410.0,395101.0,166594.0,2.5880906411950004,2.444546672800368,1.0,Beaumont - TX USA
2022,"Lancaster, PA",16660.0,137544.0,403362.0,16660.0,64283.0,147732.0,557566.0,228675.0,2.7303630899195843,2.139663674688487,1.0,Lancaster - PA USA
2022,"Oxnard-Thousand Oaks-Ventura, CA",13050.0,283825.0,536088.0,13050.0,96834.0,181797.0,832963.0,291681.0,2.9488275384082248,2.931046946320507,1.0,Ventura - CA USA
2020,"Palm Bay-Melbourne-Titusville, FL",5904.0,141370.0,448936.0,5904.0,61308.0,178661.0,596210.0,245873.0,2.51278118895562,2.3058980883408364,1.0,Melbourne - FL USA
2018,"Allentown-Bethlehem-Easton, PA-NJ",24593.0,245360.0,574046.0,24593.0,100455.0,220045.0,843999.0,345093.0,2.6087663886932217,2.4424866855806084,1.0,Lehigh Valley - PA USA
2006,"Yakima, WA",5145.0,78808.0,149079.0,5145.0,27247.0,49274.0,233032.0,81666.0,3.0255104111701914,2.8923551216647705,1.0,Yakima - WA USA
2010,"Cleveland-Elyria, OH",46624.0,605408.0,1423659.0,46624.0,272359.0,568572.0,2075691.0,887555.0,2.5039203478187457,2.2228308959865473,1.0,Cleveland - OH USA
2021,"Laredo, TX",2058.0,82920.0,183054.0,2058.0,27836.0,50894.0,268032.0,80788.0,3.596769756749322,2.9788762753269147,1.0,Laredo - TX USA
2009,"Monroe, MI",1767.0,24644.0,126271.0,1767.0,11641.0,49144.0,152682.0,62552.0,2.5694082695751264,2.117000257709819,1.0,Monroe - MI USA
2017,"Cape Coral-Fort Myers, FL",10327.0,235485.0,493674.0,10327.0,75296.0,190971.0,739486.0,276594.0,2.58507312628619,3.1274569698257544,1.0,Fort Myers - FL USA
2014,"Columbia, MO",9631.0,68120.0,94987.0,9631.0,30091.0,37107.0,172738.0,76829.0,2.559813512275312,2.2637998072513374,1.0,Columbia - MO USA
2012,"Portland-Vancouver-Hillsboro, OR-WA",39605.0,853395.0,1413545.0,39605.0,346647.0,531097.0,2306545.0,917349.0,2.6615571166848992,2.46185600913898,1.0,Portland - OR USA
2019,"Hickory-Lenoir-Morganton, NC",8924.0,109991.0,296254.0,8924.0,42262.0,121807.0,415169.0,172993.0,2.4321590713177406,2.602598078652217,1.0,Hickory - NC USA
2020,"San Jose-Sunnyvale-Santa Clara, CA",33938.0,738787.0,1118016.0,33938.0,274366.0,363416.0,1890741.0,671720.0,3.07640830343188,2.692706093320601,1.0,San Jose - CA USA
2019,"Portland-South Portland, ME",12745.0,124251.0,401945.0,12745.0,63691.0,163214.0,538941.0,239650.0,2.462687024397417,1.9508407781319181,1.0,Portland - ME USA
2009,"Cape Coral-Fort Myers, FL",7084.0,164612.0,415208.0,7084.0,64201.0,173936.0,586904.0,245221.0,2.387130898721369,2.564009906387751,1.0,Fort Myers - FL USA
2008,"Medford, OR",2102.0,74493.0,124516.0,2102.0,31480.0,50536.0,201111.0,84118.0,2.463906917840747,2.3663595933926302,1.0,Medford - OR USA
2012,"Morgantown, WV",10284.0,43765.0,80794.0,10284.0,19946.0,29124.0,134843.0,59354.0,2.7741381678340886,2.194174270530432,1.0,Morgantown - WV USA
2017,"Baltimore-Columbia-Towson, MD",68205.0,817770.0,1873034.0,68205.0,348423.0,687118.0,2759009.0,1103746.0,2.7259277154724515,2.347060900112794,1.0,Baltimore - MD USA
2017,"Columbus, OH",50908.0,693246.0,1234493.0,50908.0,292678.0,458990.0,1978647.0,802576.0,2.6895858297566395,2.3686303719445942,1.0,Columbus - OH USA
2009,"Jacksonville, FL",21886.0,388475.0,891836.0,21886.0,161253.0,337815.0,1302197.0,520954.0,2.640013024880482,2.409102466310704,1.0,Jacksonville - FL USA
2015,"Corpus Christi, TX",16777.0,189548.0,284753.0,16777.0,72251.0,100329.0,491078.0,189357.0,2.838192347177785,2.6234654191637485,1.0,Corpus Christi - TX USA
2006,"Washington-Arlington-Alexandria, DC-VA-MD-WV",96567.0,1481827.0,3641661.0,96567.0,621400.0,1297178.0,5220055.0,2015145.0,2.8073718487362567,2.3846588348889606,1.0,Washington - DC USA
2021,"Pittsfield, MA",6398.0,29412.0,92817.0,6398.0,16957.0,40807.0,128627.0,64162.0,2.2745362315289044,1.734504924220086,1.0,Pittsfield - MA USA
2006,"Deltona-Daytona Beach-Ormond Beach, FL",15458.0,151785.0,486760.0,15458.0,64253.0,204774.0,654003.0,284485.0,2.3770595876429623,2.362302149315985,1.0,Daytona Beach - FL USA
2018,"Minneapolis-St. Paul-Bloomington, MN-WI",66584.0,943291.0,2666090.0,66584.0,425878.0,978038.0,3675965.0,1470500.0,2.7259574781347964,2.214932445442122,1.0,Minneapolis - MN USA
2015,"Myrtle Beach-Conway-North Myrtle Beach, SC-NC",4223.0,130207.0,297723.0,4223.0,49875.0,124933.0,432153.0,179031.0,2.383061320867985,2.6106666666666665,1.0,
2011,"College Station-Bryan, TX",14322.0,95551.0,87425.0,14322.0,37000.0,31707.0,197298.0,83029.0,2.757277572775728,2.5824594594594594,1.0,College Station-Bryan - TX USA
2012,"Rockford, IL",4484.0,103454.0,238178.0,4484.0,42123.0,88278.0,346116.0,134885.0,2.698044812977186,2.4559979108800416,1.0,Rockford - IL USA
2011,"Owensboro, KY",1764.0,26895.0,78338.0,1764.0,10824.0,28548.0,106997.0,41136.0,2.74408014571949,2.4847560975609757,1.0,Owensboro - KY USA
2008,"Las Vegas-Henderson-Paradise, NV",21955.0,764657.0,1079695.0,21955.0,287132.0,397504.0,1866307.0,706591.0,2.71618650378361,2.6630852708858646,1.0,Las Vegas - NV USA
2022,"Monroe, MI",1521.0,24923.0,129127.0,1521.0,13107.0,49839.0,155571.0,64467.0,2.5908826421075863,1.9015030136568245,1.0,Monroe - MI USA
2016,"Little Rock-North Little Rock-Conway, AR",13614.0,249459.0,443030.0,13614.0,104760.0,170194.0,706103.0,288568.0,2.6030882404785127,2.3812428407789232,1.0,Little Rock - AR USA
2006,"Salinas, CA",20180.0,188335.0,255400.0,20180.0,60068.0,79339.0,463915.0,159587.0,3.219097795535613,3.1353632549776917,1.0,Salinas - CA USA
2006,"Kennewick-Richland, WA",1864.0,65036.0,159140.0,1864.0,24150.0,52798.0,226040.0,78812.0,3.01412932308042,2.6930020703933746,1.0,Kennewick-Richland - WA USA
2015,"Des Moines-West Des Moines, IA",15245.0,185345.0,482594.0,15245.0,81925.0,182545.0,683184.0,279715.0,2.6436988139910707,2.262374122673177,1.0,
2010,"Charleston-North Charleston, SC",17776.0,237255.0,451226.0,17776.0,92019.0,175327.0,706257.0,285122.0,2.5736252830425435,2.578326215238157,1.0,Charleston - SC USA
2017,"San Luis Obispo-Paso Robles-Arroyo Grande, CA",15863.0,105434.0,161135.0,15863.0,41752.0,62792.0,282432.0,120407.0,2.566170849789782,2.525244299674267,1.0,San Luis Obispo - CA USA
2008,"Provo-Orem, UT",14095.0,142868.0,373955.0,14095.0,38699.0,95948.0,530918.0,148742.0,3.89747571601284,3.6917749812656657,1.0,Provo - UT USA
2023,"Greenville-Anderson-Mauldin, SC",21012.0,263126.0,757373.0,21012.0,122967.0,304285.0,1041511.0,448264.0,2.4890250916081964,2.139809867688079,1.0,Greenville - SC USA
2022,"Gainesville, FL",19119.0,112030.0,152976.0,19119.0,52612.0,63895.0,284125.0,135626.0,2.3941779481962593,2.129362122709648,1.0,Gainesville - FL USA
2006,"Wichita, KS",8587.0,153556.0,405554.0,8587.0,70212.0,153104.0,567697.0,231903.0,2.6488791932281326,2.1870335555175755,1.0,Wichita - KS USA
2006,"New Haven-Milford, CT",24546.0,237809.0,582956.0,24546.0,108320.0,212517.0,845311.0,345383.0,2.7431029047088,2.1954302067946823,1.0,New Haven - CT USA
2021,"Knoxville, TN",20192.0,270621.0,710069.0,20192.0,121270.0,285185.0,1000882.0,426647.0,2.48985395445062,2.2315576812072235,1.0,Knoxville - TN USA
2014,"Monroe, LA",11071.0,58931.0,86388.0,11071.0,22697.0,35069.0,156390.0,68837.0,2.463372209073541,2.5964224346829976,1.0,Monroe - LA USA
2023,"Knoxville, TN",19213.0,236145.0,654538.0,19213.0,104800.0,260404.0,909896.0,384417.0,2.513548178983426,2.2532919847328245,1.0,Knoxville - TN USA
2006,"Glens Falls, NY",5992.0,35332.0,88352.0,5992.0,16596.0,36092.0,129676.0,58680.0,2.447966308323174,2.128946734152808,1.0,Glens Falls - NY USA
2015,"Mansfield, OH",7126.0,36484.0,78117.0,7126.0,15082.0,31907.0,121727.0,54115.0,2.448271539160686,2.4190425672987668,1.0,Mansfield - OH USA
2015,"Virginia Beach-Norfolk-Newport News, VA-NC",68421.0,615687.0,980861.0,68421.0,247685.0,371817.0,1664969.0,687923.0,2.638020854345014,2.4857661949653793,1.0,Norfolk - VA USA
2011,"East Stroudsburg, PA",3305.0,27572.0,139070.0,3305.0,10958.0,46569.0,169947.0,60832.0,2.986321372586914,2.5161525825880635,1.0,East Stroudsburg - PA USA
2013,"Erie, PA",12876.0,83647.0,183917.0,12876.0,35333.0,75400.0,280440.0,123609.0,2.4392175066312998,2.367390258398664,1.0,Erie - PA USA
2007,"Vallejo-Fairfield, CA",12780.0,131480.0,264443.0,12780.0,45255.0,90082.0,408703.0,148117.0,2.935580915166182,2.9053143299082973,1.0,Vallejo-Fairfield - CA USA
2017,"Yuba City, CA",2177.0,67869.0,103378.0,2177.0,23089.0,35084.0,173424.0,60350.0,2.946585338045833,2.939451686950496,1.0,Yuba City - CA USA
2005,"Lake Charles, LA",0.0,50924.0,127618.0,,21643.0,50597.0,178542.0,,2.5222444018420065,2.352908561659659,,Lake Charles - LA USA
2019,"Scranton--Wilkes-Barre--Hazleton, PA",16990.0,152114.0,325850.0,16990.0,69922.0,136217.0,494954.0,223129.0,2.392139013485835,2.1754812505363117,1.0,Scranton - PA USA
2007,"Indianapolis-Carmel-Anderson, IN",32729.0,463218.0,1279490.0,32729.0,212607.0,477484.0,1775437.0,722820.0,2.6796499987434133,2.178752345877605,1.0,Indianapolis - IN USA
2012,"Binghamton, NY",10719.0,63516.0,163416.0,10719.0,31357.0,64970.0,237651.0,107046.0,2.5152531937817453,2.025576426316293,1.0,Binghamton - NY USA
2014,"Milwaukee-Waukesha-West Allis, WI",31214.0,555111.0,986548.0,31214.0,250367.0,375881.0,1572873.0,657462.0,2.62462853935155,2.217189166303866,1.0,Milwaukee - WI USA
2005,"Vallejo-Fairfield, CA",0.0,121530.0,275211.0,,45530.0,90536.0,396741.0,,3.0397963241141643,2.669229079727652,,Vallejo-Fairfield - CA USA
2020,"Muskegon, MI",5897.0,24497.0,143907.0,5897.0,11940.0,52549.0,174301.0,70386.0,2.738529753182744,2.051675041876047,1.0,Muskegon - MI USA
2008,"San Jose-Sunnyvale-Santa Clara, CA",30435.0,653256.0,1080348.0,30435.0,232519.0,355427.0,1764039.0,618381.0,3.0395777473292687,2.809473634412672,1.0,San Jose - CA USA
2019,"San Francisco-Oakland-Hayward, CA",78739.0,2007719.0,2647105.0,78739.0,791953.0,929625.0,4733563.0,1800317.0,2.847497646900632,2.53514918183276,1.0,San Francisco - CA USA
2008,"Odessa, TX",2527.0,38718.0,90690.0,2527.0,15179.0,30874.0,131935.0,48580.0,2.9374230744315604,2.550760919691679,1.0,Odessa - TX USA
2005,"Hanford-Corcoran, CA",0.0,54164.0,65587.0,,16671.0,21168.0,119751.0,,3.0984032501889645,3.24899526123208,,Hanford-Corcoran - CA USA
2016,"Madera, CA",7309.0,62036.0,84916.0,7309.0,17615.0,26754.0,154261.0,51678.0,3.173955296404276,3.521771217712177,1.0,Madera - CA USA
2009,"Buffalo-Cheektowaga-Niagara Falls, NY",27869.0,309459.0,786721.0,27869.0,155937.0,309340.0,1124049.0,493146.0,2.5432242839593973,1.984512976394313,1.0,Buffalo - NY USA
2021,"Hickory-Lenoir-Morganton, NC",9343.0,108117.0,293750.0,9343.0,46678.0,118773.0,411210.0,174794.0,2.473205189731673,2.3162303440592997,1.0,Hickory - NC USA
2012,"Lafayette, LA",8386.0,152430.0,366775.0,8386.0,61503.0,135896.0,527591.0,205785.0,2.698938894448696,2.4784156870396568,1.0,Lafayette - LA USA
2023,"Blacksburg-Christiansburg-Radford, VA",13364.0,57877.0,108811.0,13364.0,26367.0,45051.0,180052.0,84782.0,2.415284899336308,2.1950544240907193,1.0,Blacksburg - VA USA
2023,"Fort Collins, CO",11372.0,117639.0,242089.0,11372.0,57731.0,98767.0,371100.0,167870.0,2.451112213593609,2.0377093762449983,1.0,Fort Collins - CO USA
2017,"Lincoln, NE",13649.0,104154.0,196668.0,13649.0,46688.0,76266.0,314471.0,136603.0,2.578711352371961,2.230851610692255,1.0,Lincoln - NE USA
2020,"Charlotte-Concord-Gastonia, NC-SC",37194.0,815480.0,1852204.0,37194.0,346913.0,662274.0,2704878.0,1046381.0,2.7967336782056975,2.35067581785635,1.0,Charlotte - NC USA
2013,"Miami-Fort Lauderdale-West Palm Beach, FL",79269.0,2232641.0,3481128.0,79269.0,791458.0,1231777.0,5793038.0,2102504.0,2.826102451986033,2.820921640819854,1.0,Miami - FL USA
2017,"Washington-Arlington-Alexandria, DC-VA-MD-WV",109578.0,2036256.0,3976009.0,109578.0,791635.0,1378108.0,6121843.0,2279321.0,2.8851214853988223,2.5722157307344924,1.0,Washington - DC USA
2011,"Dover, DE",5163.0,43486.0,116882.0,5163.0,16363.0,40436.0,165531.0,61962.0,2.890543080423385,2.657581128154984,1.0,Dover - DE USA
2015,"New Orleans-Metairie, LA",19066.0,457157.0,785488.0,19066.0,191581.0,290174.0,1261711.0,500821.0,2.70695513726247,2.386233499146575,1.0,New Orleans - LA USA
2014,"Riverside-San Bernardino-Ontario, CA",90302.0,1723098.0,2630446.0,90302.0,511549.0,806103.0,4443846.0,1407954.0,3.2631636403784627,3.3683928616808947,1.0,Inland Empire - CA USA
2022,"Decatur, AL",2326.0,32646.0,122309.0,2326.0,14955.0,47661.0,157281.0,64942.0,2.5662281529972093,2.182948846539619,1.0,Decatur - AL USA
2022,"Atlantic City-Hammonton, NJ",5663.0,68360.0,191195.0,5663.0,29814.0,72594.0,265218.0,108071.0,2.633757610821831,2.2928825384047764,1.0,Atlantic City - NJ USA
2022,"Santa Maria-Santa Barbara, CA",23235.0,205991.0,214780.0,23235.0,74933.0,75918.0,444006.0,174086.0,2.8291050870676258,2.7490024421816823,1.0,Santa Barbara - CA USA
2007,"Sumter, SC",2975.0,35131.0,65795.0,2975.0,13356.0,26089.0,103901.0,42420.0,2.5219441143777073,2.630353399221324,1.0,Sumter - SC USA
2014,"Merced, CA",5482.0,139549.0,120762.0,5482.0,40856.0,38400.0,265793.0,84738.0,3.14484375,3.415630507147053,1.0,Merced - CA USA
2013,"Fayetteville-Springdale-Rogers, AR-MO",10140.0,170701.0,272872.0,10140.0,63947.0,99894.0,453713.0,173981.0,2.73161551244319,2.669413733247846,1.0,Northwest Arkansas - AR USA
2018,"Myrtle Beach-Conway-North Myrtle Beach, SC-NC",6519.0,119521.0,354717.0,6519.0,44435.0,143551.0,480757.0,194505.0,2.471017269123865,2.689794081242264,1.0,
2023,"Eugene, OR",9682.0,136888.0,234555.0,9682.0,65981.0,96021.0,381125.0,171684.0,2.4427468991158183,2.074657856049469,1.0,Eugene - OR USA
2020,"Parkersburg-Vienna, WV",1306.0,22342.0,73882.0,1306.0,9758.0,30681.0,97530.0,41745.0,2.408070141129689,2.2896085263373642,1.0,
2022,"Erie, PA",13763.0,69403.0,184631.0,13763.0,33425.0,77861.0,267797.0,125049.0,2.3712898627040495,2.076379955123411,1.0,Erie - PA USA
2012,"Knoxville, TN",21560.0,262700.0,643454.0,21560.0,117879.0,256882.0,927714.0,396321.0,2.5048621546079524,2.2285564010553194,1.0,Knoxville - TN USA
2011,"Manchester-Nashua, NH",4924.0,106151.0,236098.0,4924.0,48415.0,86752.0,347173.0,140091.0,2.721528033935817,2.1925229784157803,1.0,Manchester - NH USA
2022,"Odessa, TX",2190.0,47367.0,111259.0,2190.0,23367.0,40371.0,160816.0,65928.0,2.7559138985905722,2.0270894851713956,1.0,Odessa - TX USA
2018,"New York-Newark-Jersey City, NY-NJ-PA",405329.0,8695800.0,10819192.0,405329.0,3509523.0,3750360.0,19920321.0,7665212.0,2.8848409219381606,2.477772620381744,1.0,New York - NY USA
2017,"Lubbock, TX",11634.0,123098.0,170116.0,11634.0,52854.0,59435.0,304848.0,123923.0,2.8622192310927903,2.329019563325387,1.0,Lubbock - TX USA
2018,"Salt Lake City, UT",13888.0,359638.0,903733.0,13888.0,135293.0,284757.0,1277259.0,433938.0,3.1736989784272205,2.658215872218075,1.0,Salt Lake City - UT USA
2019,"Ocean City, NJ",3286.0,25813.0,73078.0,3286.0,12430.0,32855.0,102177.0,48571.0,2.2242581037893774,2.076669348350764,1.0,Ocean City - NJ USA
2022,"Norwich-New London, CT",13023.0,80653.0,187169.0,13023.0,39221.0,76385.0,280845.0,128629.0,2.4503371080709564,2.0563728614772696,1.0,Norwich - CT USA
2011,"Phoenix-Mesa-Scottsdale, AZ",77712.0,1586291.0,2653954.0,77712.0,574589.0,976023.0,4317957.0,1628324.0,2.719151085578926,2.760740285665058,1.0,Phoenix - AZ USA
2014,"Grand Junction, CO",2836.0,39497.0,83771.0,2836.0,18392.0,33469.0,126104.0,54697.0,2.5029430219008635,2.147509786863854,1.0,Grand Junction - CO USA
2013,"Wenatchee, WA",1611.0,44564.0,67322.0,1611.0,15886.0,25481.0,113497.0,42978.0,2.6420470154232567,2.8052373158756136,1.0,
2019,"Joplin, MO",3514.0,54583.0,121478.0,3514.0,22586.0,44583.0,179575.0,70683.0,2.72476055895745,2.4166740458691223,1.0,Joplin - MO USA
2018,"Atlanta-Sandy Springs-Roswell, GA",91164.0,1983566.0,3853739.0,91164.0,767881.0,1356829.0,5928469.0,2215874.0,2.840254004004926,2.5831684857419313,1.0,Atlanta - GA USA
2010,"Saginaw, MI",4078.0,47203.0,148569.0,4078.0,19798.0,55812.0,199850.0,79688.0,2.661954418404644,2.3842307303768058,1.0,Saginaw - MI USA
2018,"Jackson, MI",8814.0,37432.0,112120.0,8814.0,17226.0,45373.0,158366.0,71413.0,2.4710731051506403,2.1729943109253456,1.0,Jackson - MI USA
2011,"Yuba City, CA",2438.0,69612.0,95421.0,2438.0,21829.0,33589.0,167471.0,57856.0,2.8408407514364824,3.188968802968528,1.0,Yuba City - CA USA
2016,"Richmond, VA",36319.0,410825.0,818280.0,36319.0,168703.0,311589.0,1265424.0,516611.0,2.6261517576037665,2.435196765914062,1.0,Richmond - VA USA
2022,"Louisville/Jefferson County, KY-IN",22153.0,329154.0,941276.0,22153.0,162847.0,376020.0,1292583.0,561020.0,2.50326046486889,2.0212469373092534,1.0,Louisville - KY USA
2009,"Hartford-West Hartford-East Hartford, CT",49594.0,306241.0,840519.0,49594.0,138321.0,319465.0,1196354.0,507380.0,2.6310206125866684,2.2139877531249774,1.0,Hartford - CT USA
2017,"Merced, CA",5556.0,146168.0,121320.0,5556.0,41273.0,39696.0,273044.0,86525.0,3.0562273276904475,3.541492016572578,1.0,Merced - CA USA
2023,"Fresno, CA",19762.0,401154.0,595566.0,19762.0,136981.0,191913.0,1016482.0,348656.0,3.103312438448672,2.9285375344025812,1.0,Fresno - CA USA
2006,"Bakersfield, CA",33917.0,283675.0,462113.0,33917.0,90729.0,147501.0,779705.0,272147.0,3.132948251198297,3.126618831906006,1.0,Bakersfield - CA USA
2016,"Springfield, OH",3369.0,48084.0,83389.0,3369.0,19115.0,35433.0,134842.0,57917.0,2.3534275957440802,2.5155113784985614,1.0,Springfield - OH USA
2009,"Baltimore-Columbia-Towson, MD",67110.0,746931.0,1828991.0,67110.0,317144.0,670769.0,2643032.0,1055023.0,2.7267077041425587,2.3551793507050425,1.0,Baltimore - MD USA
2017,"Decatur, IL",4041.0,25857.0,76210.0,4041.0,11878.0,31099.0,106108.0,47018.0,2.450561111289752,2.1768816299040243,1.0,Decatur - IL USA
2007,"Merced, CA",1967.0,103764.0,139781.0,1967.0,31792.0,41690.0,245512.0,75449.0,3.3528663948189013,3.263839959738299,1.0,Merced - CA USA
2014,"Lafayette-West Lafayette, IN",15428.0,75948.0,92412.0,15428.0,30508.0,35327.0,183788.0,81263.0,2.6159028505109405,2.4894453913727546,1.0,
2016,"Bloomington, IN",15064.0,56243.0,74643.0,15064.0,24313.0,30200.0,145950.0,69577.0,2.4716225165562915,2.313289186854769,1.0,Bloomington - IN USA
2014,"Yuma, AZ",5354.0,64446.0,133500.0,5354.0,24049.0,46545.0,203300.0,75948.0,2.868192072188205,2.6797787849806647,1.0,Yuma - AZ USA
2013,"Springfield, OH",3917.0,41878.0,91083.0,3917.0,17655.0,36718.0,136878.0,58290.0,2.480608965629936,2.3720192580005666,1.0,Springfield - OH USA
2006,"Gadsden, AL",2596.0,24431.0,76404.0,2596.0,11719.0,31616.0,103431.0,45931.0,2.4166244939271255,2.0847341923372302,1.0,Gadsden - AL USA
2008,"Flint, MI",6566.0,128606.0,364447.0,6566.0,56426.0,140173.0,499619.0,203165.0,2.5999800246837834,2.2791975330521392,1.0,Flint - MI USA
2015,"Daphne-Fairhope-Foley, AL",3221.0,52794.0,147756.0,3221.0,19325.0,52944.0,203771.0,75490.0,2.790797824116047,2.731901681759379,1.0,Daphne-Fairhope-Foley - AL USA
2015,"Lawrence, KS",8836.0,47059.0,62153.0,8836.0,19407.0,23409.0,118048.0,51652.0,2.6550899226793114,2.424846704797238,1.0,
2012,"Anniston-Oxford-Jacksonville, AL",2896.0,34839.0,79707.0,2896.0,14916.0,31069.0,117442.0,48881.0,2.5654832791528532,2.335679806918745,1.0,Anniston-Oxford - AL USA
2008,"Grand Rapids-Wyoming, MI",21509.0,180689.0,663519.0,21509.0,79092.0,238366.0,865717.0,338967.0,2.7836142738477805,2.284542052293532,1.0,Grand Rapids - MI USA
2015,"New Haven-Milford, CT",27595.0,290211.0,540438.0,27595.0,124623.0,198646.0,858244.0,350864.0,2.7206085196782217,2.328711393562986,1.0,New Haven - CT USA
2020,"Corpus Christi, TX",18360.0,156942.0,307606.0,18360.0,63788.0,114059.0,482908.0,196207.0,2.696902480295286,2.460368721389603,1.0,Corpus Christi - TX USA
2011,"Gainesville, GA",2906.0,52936.0,127784.0,2906.0,18207.0,41837.0,183626.0,62950.0,3.05432989937137,2.907453177349371,1.0,Gainesville - GA USA
2010,"Miami-Fort Lauderdale-West Palm Beach, FL",80713.0,1934400.0,3511354.0,80713.0,707450.0,1266068.0,5526467.0,2054231.0,2.773432390677278,2.7343275143119654,1.0,Miami - FL USA
2017,"Charleston, WV",3396.0,50236.0,139494.0,3396.0,23303.0,55590.0,193126.0,82289.0,2.5093362115488396,2.155773934686521,1.0,
2019,"Albany-Schenectady-Troy, NY",30997.0,257378.0,561302.0,30997.0,127417.0,222739.0,849677.0,381153.0,2.519998742923332,2.0199659386110174,1.0,Albany - NY USA
2019,"Trenton, NJ",18564.0,124090.0,224387.0,18564.0,49513.0,81337.0,367041.0,149414.0,2.7587321883029863,2.506210490174298,1.0,Trenton - NJ USA
2016,"Spokane-Spokane Valley, WA",18306.0,205612.0,381393.0,18306.0,84798.0,152982.0,605311.0,256086.0,2.493058006824332,2.424726998278261,1.0,Spokane - WA USA
2017,"Kankakee, IL",5385.0,30959.0,73131.0,5385.0,12672.0,26956.0,109475.0,45013.0,2.7129767027748923,2.443102904040404,1.0,Kankakee - IL USA
2019,"Owensboro, KY",3445.0,33841.0,73902.0,3445.0,14507.0,29725.0,111188.0,47677.0,2.48619007569386,2.33273592059006,1.0,Owensboro - KY USA
2016,"Wichita Falls, TX",16470.0,45064.0,70693.0,16470.0,20868.0,28618.0,132227.0,65956.0,2.4702285275001747,2.159478627563734,1.0,Wichita Falls - TX USA
2016,"Bangor, ME",6638.0,36916.0,108216.0,6638.0,18065.0,42130.0,151770.0,66833.0,2.5686209352005696,2.04350954885137,1.0,Bangor - ME USA
2016,"Buffalo-Cheektowaga-Niagara Falls, NY",31118.0,326526.0,774696.0,31118.0,158997.0,308262.0,1132340.0,498377.0,2.513108978725889,2.053661389837544,1.0,Buffalo - NY USA
2022,"Mobile, AL",8524.0,124864.0,278137.0,8524.0,55002.0,107603.0,411525.0,171129.0,2.5848442887280094,2.270171993745682,1.0,Mobile - AL USA
2012,"Wausau, WI",2075.0,28674.0,104239.0,2075.0,13545.0,38602.0,134988.0,54222.0,2.70035231335164,2.1169435215946844,1.0,Wausau - WI USA
2014,"Myrtle Beach-Conway-North Myrtle Beach, SC-NC",3677.0,129050.0,285037.0,3677.0,52088.0,122909.0,417764.0,178674.0,2.319089733054536,2.4775380125940716,1.0,
2016,"Chicago-Naperville-Elgin, IL-IN-WI",154457.0,3095876.0,6210051.0,154457.0,1271728.0,2201872.0,9460384.0,3628057.0,2.8203505925866716,2.4343853402614397,1.0,Chicago - IL USA
2009,"Dallas-Fort Worth-Arlington, TX",105712.0,2178750.0,4131214.0,105712.0,831325.0,1359356.0,6415676.0,2296393.0,3.039096454497571,2.6208161669623795,1.0,Dallas-Fort Worth - TX USA
2011,"Florence-Muscle Shoals, AL",2602.0,35033.0,109785.0,2602.0,17158.0,44403.0,147420.0,64163.0,2.4724680764813187,2.041788087189649,1.0,Florence-Muscle Shoals - AL USA
2014,"Corpus Christi, TX",15069.0,175773.0,294047.0,15069.0,67395.0,105290.0,484889.0,187754.0,2.792734352740051,2.6081014912085467,1.0,Corpus Christi - TX USA
2012,"Omaha-Council Bluffs, NE-IA",20567.0,299836.0,661332.0,20567.0,129302.0,253117.0,981735.0,402986.0,2.6127522055018035,2.318881378478291,1.0,Omaha - NE USA
2007,"Jackson, MS",16839.0,132546.0,327397.0,16839.0,55015.0,120627.0,476782.0,192481.0,2.7141270196556326,2.4092701990366265,1.0,Jackson - MS USA
2007,"Anniston-Oxford-Jacksonville, AL",2995.0,30968.0,79124.0,2995.0,13845.0,32940.0,113087.0,49780.0,2.402064359441409,2.2367641747923437,1.0,Anniston-Oxford - AL USA
2010,"Utica-Rome, NY",14607.0,78416.0,206373.0,14607.0,34738.0,81120.0,299396.0,130465.0,2.5440458579881655,2.2573550578617074,1.0,Utica - NY USA
2013,"Chicago-Naperville-Elgin, IL-IN-WI",156354.0,3074496.0,6256823.0,156354.0,1231348.0,2202458.0,9487673.0,3590160.0,2.8408364654399767,2.4968538544749332,1.0,Chicago - IL USA
2022,"Indianapolis-Carmel-Anderson, IN",41022.0,585117.0,1515772.0,41022.0,277116.0,575265.0,2141911.0,893403.0,2.634910867165567,2.111451522106266,1.0,Indianapolis - IN USA
2012,"Bellingham, WA",5939.0,72579.0,127103.0,5939.0,29427.0,49602.0,205621.0,84968.0,2.562457158985525,2.4664084004485676,1.0,Bellingham - WA USA
2012,"Wilmington, NC",7442.0,94381.0,161416.0,7442.0,38780.0,67079.0,263239.0,113301.0,2.4063566839100163,2.433754512635379,1.0,
2019,"Bakersfield, CA",27697.0,360513.0,512821.0,27697.0,112991.0,159898.0,901031.0,300586.0,3.207175824588175,3.190634652317441,1.0,Bakersfield - CA USA
2022,"Knoxville, TN",19985.0,232798.0,642403.0,19985.0,109490.0,254481.0,895186.0,383956.0,2.524365276779013,2.1262033062380126,1.0,Knoxville - TN USA
2005,"Albany-Schenectady-Troy, NY",0.0,222375.0,570464.0,,109165.0,216772.0,792839.0,,2.631631391508128,2.03705400082444,,Albany - NY USA
2006,"McAllen-Edinburg-Mission, TX",5159.0,196439.0,499017.0,5159.0,59217.0,143768.0,700615.0,208144.0,3.4709879806354684,3.3172737558471384,1.0,McAllen - TX USA
2020,"Fayetteville, NC",16767.0,154762.0,162618.0,16767.0,66256.0,66899.0,334147.0,149922.0,2.4307986666467363,2.335818642839894,1.0,Fayetteville - NC USA
2008,"Portland-Vancouver-Hillsboro, OR-WA",39571.0,669721.0,1515098.0,39571.0,291206.0,545982.0,2224390.0,876759.0,2.774996245297464,2.299818685054566,1.0,Portland - OR USA
2020,"Olympia-Tumwater, WA",3361.0,83009.0,207144.0,3361.0,37952.0,76734.0,293514.0,118047.0,2.6995073891625614,2.187210160202361,1.0,Olympia - WA USA
2007,"Monroe, MI",1542.0,23045.0,129042.0,1542.0,10642.0,46690.0,153629.0,58874.0,2.7638038123795243,2.1654764142078555,1.0,Monroe - MI USA
2019,"Lakeland-Winter Haven, FL",13888.0,237804.0,473634.0,13888.0,73163.0,165467.0,725326.0,252518.0,2.8624076099766116,3.250331451690062,1.0,Lakeland - FL USA
2015,"Barnstable Town, MA",3121.0,48788.0,190251.0,3121.0,24458.0,82972.0,242160.0,110551.0,2.29295424962638,1.9947665385558917,1.0,Barnstable Town - MA USA
2022,"Lakeland-Winter Haven, FL",15689.0,211367.0,559937.0,15689.0,84336.0,207656.0,786993.0,307681.0,2.6964643448780676,2.5062488142667427,1.0,Lakeland - FL USA
2014,"New Haven-Milford, CT",29233.0,280019.0,552220.0,29233.0,122250.0,203800.0,861472.0,355283.0,2.7096172718351323,2.2905439672801635,1.0,New Haven - CT USA
2012,"Lafayette-West Lafayette, IN",13366.0,64624.0,98904.0,13366.0,30310.0,37667.0,176894.0,81343.0,2.6257466748081875,2.1321016166281757,1.0,
2012,"Wichita, KS",10094.0,189118.0,405630.0,10094.0,82819.0,147712.0,604842.0,240625.0,2.746086980069324,2.283509822625243,1.0,Wichita - KS USA
2014,"Syracuse, NY",33069.0,192122.0,449947.0,33069.0,87267.0,173661.0,675138.0,293997.0,2.5909501845549663,2.2015423928862,1.0,Syracuse - NY USA
2007,"Gainesville, FL",13525.0,89577.0,136939.0,13525.0,42441.0,53470.0,240041.0,109436.0,2.561043575836918,2.1106241605994205,1.0,Gainesville - FL USA
2020,"Burlington-South Burlington, VT",9876.0,62974.0,145279.0,9876.0,31123.0,57126.0,218129.0,98125.0,2.5431327241536255,2.0233910612730135,1.0,Burlington - VT USA
2006,"Provo-Orem, UT",11639.0,127870.0,325557.0,11639.0,40879.0,86668.0,465066.0,139186.0,3.756369132782573,3.128011937669708,1.0,Provo - UT USA
2021,"Monroe, LA",3374.0,56559.0,98444.0,3374.0,24366.0,37227.0,158377.0,64967.0,2.644424745480431,2.3212262989411476,1.0,Monroe - LA USA
2008,"Worcester, MA-CT",29376.0,213487.0,558125.0,29376.0,98163.0,202116.0,800988.0,329655.0,2.761409289714817,2.1748214704114583,1.0,Worcester - MA USA
2008,"Columbus, OH",43580.0,541049.0,1153454.0,43580.0,239046.0,438459.0,1738083.0,721085.0,2.6306997917707244,2.2633677200204145,1.0,Columbus - OH USA
2010,"Eau Claire, WI",7450.0,44632.0,109342.0,7450.0,20024.0,43414.0,161424.0,70888.0,2.5185884737642237,2.228925289652417,1.0,Eau Claire - WI USA
2010,"Niles-Benton Harbor, MI",3802.0,38504.0,114661.0,3802.0,16385.0,43530.0,156967.0,63717.0,2.6340684585343443,2.34995422642661,1.0,Niles-Benton Harbor - MI USA
2005,"Gainesville, FL",0.0,96289.0,115542.0,,47009.0,47432.0,211831.0,,2.4359504132231407,2.0483098981046184,,Gainesville - FL USA
2008,"Gulfport-Biloxi-Pascagoula, MS",6693.0,91421.0,210976.0,6693.0,37717.0,81622.0,309090.0,126032.0,2.5847933155276763,2.4238672216772277,1.0,Gulfport-Biloxi-Pascagoula - MS USA
2021,"Madera, CA",7455.0,55221.0,96535.0,7455.0,16196.0,27852.0,159211.0,51503.0,3.465998851069941,3.409545566806619,1.0,Madera - CA USA
2009,"Orlando-Kissimmee-Sanford, FL",29020.0,678991.0,1374780.0,29020.0,249397.0,491274.0,2082791.0,769691.0,2.798397635535363,2.7225307441549016,1.0,Orlando - FL USA
2010,"Monroe, MI",3600.0,27495.0,120837.0,3600.0,11960.0,46635.0,151932.0,62195.0,2.591122547442908,2.2989130434782608,1.0,Monroe - MI USA
2015,"Columbus, OH",49117.0,710579.0,1161239.0,49117.0,295696.0,438928.0,1920935.0,783741.0,2.6456252506105784,2.403072750392295,1.0,Columbus - OH USA
2012,"Jackson, TN",4580.0,36852.0,73457.0,4580.0,14698.0,28341.0,114889.0,47619.0,2.5918986627147946,2.5072799020274865,1.0,Jackson - TN USA
2013,"Phoenix-Mesa-Scottsdale, AZ",69843.0,1707690.0,2609712.0,69843.0,602882.0,946752.0,4387245.0,1619477.0,2.75648955587102,2.8325443453279413,1.0,Phoenix - AZ USA
2023,"Springfield, IL",3193.0,49747.0,139963.0,3193.0,25262.0,60215.0,192903.0,88670.0,2.324387611060367,1.9692423402739292,1.0,Springfield - IL USA
2019,"Parkersburg-Vienna, WV",1475.0,18728.0,76645.0,1475.0,9297.0,30406.0,96848.0,41178.0,2.5207195948168124,2.014413251586533,1.0,
2023,"Fort Wayne, IN",5644.0,104635.0,284117.0,5644.0,50802.0,109350.0,394396.0,165796.0,2.5982350251486053,2.0596630053934883,1.0,Fort Wayne - IN USA
2021,"Lubbock, TX",11688.0,114541.0,187985.0,11688.0,54462.0,70227.0,314214.0,136377.0,2.6768194569040396,2.1031361316147037,1.0,Lubbock - TX USA
2006,"Racine, WI",8215.0,47735.0,140024.0,8215.0,22433.0,52721.0,195974.0,83369.0,2.6559435519053127,2.127891944902599,1.0,Racine - WI USA
2017,"Dover, DE",5304.0,44434.0,127169.0,5304.0,17804.0,46003.0,176907.0,69111.0,2.7643631937047584,2.4957312963379015,1.0,Dover - DE USA
2019,"Daphne-Fairhope-Foley, AL",3040.0,42412.0,177835.0,3040.0,18410.0,63916.0,223287.0,85366.0,2.7823236748232056,2.3037479630635525,1.0,Daphne-Fairhope-Foley - AL USA
2009,"Terre Haute, IN",9175.0,38684.0,99321.0,9175.0,18091.0,41154.0,147180.0,68420.0,2.4133984545852165,2.138300812558731,1.0,Terre Haute - IN USA
2013,"Rochester, NY",46982.0,308237.0,763224.0,46982.0,144085.0,295213.0,1118443.0,486280.0,2.5853333017177427,2.139271957525072,1.0,Rochester - NY USA
2021,"Myrtle Beach-Conway-North Myrtle Beach, SC-NC",5810.0,120171.0,383918.0,5810.0,48820.0,161853.0,509899.0,216483.0,2.372016582948725,2.4615116755428104,1.0,
2008,"Vallejo-Fairfield, CA",10741.0,141960.0,254739.0,10741.0,48382.0,87654.0,407440.0,146777.0,2.9061879663221304,2.9341490637013767,1.0,Vallejo-Fairfield - CA USA
2021,"Deltona-Daytona Beach-Ormond Beach, FL",11128.0,169370.0,504828.0,11128.0,72572.0,218959.0,685326.0,302659.0,2.3055823236313646,2.333820206140109,1.0,Daytona Beach - FL USA
2019,"Providence-Warwick, RI-MA",55091.0,531358.0,1061749.0,55091.0,241072.0,397116.0,1648198.0,693279.0,2.673649512988648,2.204146479060198,1.0,Providence - RI USA
2005,"Gainesville, GA",0.0,48439.0,115822.0,,15147.0,38357.0,164261.0,,3.01957921630993,3.1979269822407077,,Gainesville - GA USA
2011,"Stockton-Lodi, CA",16459.0,294003.0,385754.0,16459.0,88938.0,124810.0,696216.0,230207.0,3.090729909462383,3.3057073466909532,1.0,Stockton - CA USA
2011,"Los Angeles-Long Beach-Anaheim, CA",216901.0,6209501.0,6520540.0,216901.0,2126145.0,2068510.0,12946942.0,4411556.0,3.152288362154401,2.9205444595735472,1.0,Los Angeles - CA USA
2023,"Lincoln, NE",14450.0,108476.0,204104.0,14450.0,59012.0,78994.0,327030.0,152456.0,2.583791174013216,1.8382023995119636,1.0,Lincoln - NE USA
2011,"McAllen-Edinburg-Mission, TX",7079.0,240058.0,551073.0,7079.0,69349.0,146530.0,798210.0,222958.0,3.7608203098341635,3.4615928131624103,1.0,McAllen - TX USA
2006,"La Crosse-Onalaska, WI-MN",5457.0,25441.0,78447.0,5457.0,13784.0,30518.0,109345.0,49759.0,2.5705157611901175,1.8456906558328496,1.0,La Crosse-Onalaska - WI USA
2018,"Des Moines-West Des Moines, IA",16812.0,189944.0,509122.0,16812.0,82604.0,195678.0,715878.0,295094.0,2.601835668802829,2.2994528110018884,1.0,
2010,"Augusta-Richmond County, GA-SC",18205.0,158218.0,332432.0,18205.0,62973.0,126260.0,508855.0,207438.0,2.632916204657057,2.5124735997967385,1.0,Augusta - GA USA
2008,"Washington-Arlington-Alexandria, DC-VA-MD-WV",112156.0,1554890.0,3618896.0,112156.0,653189.0,1303302.0,5285942.0,2068647.0,2.776713302058924,2.380459560709075,1.0,Washington - DC USA
2018,"Birmingham-Hoover, AL",23597.0,316066.0,798724.0,23597.0,132841.0,300717.0,1138387.0,457155.0,2.656065337177479,2.3792804932212195,1.0,Birmingham - AL USA
2012,"Raleigh, NC",28594.0,398987.0,820494.0,28594.0,159120.0,302828.0,1248075.0,490542.0,2.709439021490747,2.5074597787833084,1.0,Raleigh - NC USA
2013,"Pueblo, CO",5106.0,59270.0,89346.0,5106.0,22464.0,37340.0,153722.0,64910.0,2.392769148366363,2.6384437321937324,1.0,Pueblo - CO USA
2023,"El Paso, TX",14744.0,281666.0,573626.0,14744.0,109871.0,191330.0,870036.0,315945.0,2.9980975278314954,2.5636064111549,1.0,El Paso - TX USA
2019,"Salinas, CA",17094.0,232450.0,246775.0,17094.0,67293.0,80140.0,496319.0,164527.0,3.079298727227352,3.4542968808048387,1.0,Salinas - CA USA
2006,"Knoxville, TN",20901.0,220008.0,647710.0,20901.0,102614.0,257258.0,888619.0,380773.0,2.5177448320363216,2.144034927008011,1.0,Knoxville - TN USA
2023,"Wichita, KS",13699.0,185725.0,430900.0,13699.0,88185.0,163317.0,630324.0,265201.0,2.638427108016924,2.1060838010999605,1.0,Wichita - KS USA
2022,"Miami-Fort Lauderdale-West Palm Beach, FL",87991.0,2322989.0,3691696.0,87991.0,935164.0,1397039.0,6102676.0,2420194.0,2.6425146327339464,2.4840445098399853,1.0,Miami - FL USA
2019,"Grand Junction, CO",2666.0,38051.0,94281.0,2666.0,16777.0,39181.0,134998.0,58624.0,2.4062938669252953,2.2680455385348988,1.0,Grand Junction - CO USA
2008,"Jackson, TN",1758.0,28906.0,79727.0,1758.0,14011.0,30325.0,110391.0,46094.0,2.6290849134377576,2.0630932838484046,1.0,Jackson - TN USA
2015,"Las Vegas-Henderson-Paradise, NV",22013.0,1009290.0,1083583.0,22013.0,360203.0,380763.0,2114886.0,762979.0,2.8458201033188626,2.802003314797489,1.0,Las Vegas - NV USA
2014,"Gainesville, FL",16988.0,109664.0,130091.0,16988.0,46476.0,50739.0,256743.0,114203.0,2.563925185754548,2.3595834409157415,1.0,Gainesville - FL USA
2019,"Colorado Springs, CO",17181.0,235708.0,492377.0,17181.0,97318.0,178461.0,745266.0,292960.0,2.759017376345532,2.4220390883495346,1.0,Colorado Springs - CO USA
2018,"Racine, WI",5460.0,59454.0,131282.0,5460.0,24505.0,52303.0,196196.0,82268.0,2.5100281054624016,2.4261987349520506,1.0,Racine - WI USA
2014,"Santa Maria-Santa Barbara, CA",18220.0,218577.0,202776.0,18220.0,68686.0,74227.0,439573.0,161133.0,2.7318361243213385,3.182264216870978,1.0,Santa Barbara - CA USA
2008,"Pueblo, CO",5291.0,46335.0,96050.0,5291.0,19428.0,38328.0,147676.0,63047.0,2.5060008348987686,2.384959851760346,1.0,Pueblo - CO USA
2014,"Goldsboro, NC",3046.0,51539.0,70189.0,3046.0,19605.0,26676.0,124774.0,49327.0,2.6311665916929075,2.6288701861769956,1.0,Goldsboro - NC USA
2023,"Salinas, CA",20738.0,219874.0,257640.0,20738.0,67430.0,84935.0,498252.0,173103.0,3.0333784658856775,3.2607741361411833,1.0,Salinas - CA USA
2013,"Jacksonville, FL",25183.0,449994.0,887539.0,25183.0,175923.0,328052.0,1362716.0,529158.0,2.7054826673820003,2.5579031735475177,1.0,Jacksonville - FL USA
2009,"Decatur, AL",2452.0,37345.0,111539.0,2452.0,16985.0,43549.0,151336.0,62986.0,2.561229878986888,2.198704739476008,1.0,Decatur - AL USA
2010,"Lake Havasu City-Kingman, AZ",2211.0,76094.0,142321.0,2211.0,25827.0,64276.0,220626.0,92314.0,2.2142168149853756,2.9462965114027955,1.0,Lake Havasu - AZ USA
2013,"Boise City, ID",11235.0,218698.0,444485.0,11235.0,77670.0,164888.0,674418.0,253793.0,2.695678278589103,2.815733230333462,1.0,Boise - ID USA
2005,"Joplin, MO",0.0,49684.0,118574.0,,20463.0,44947.0,168258.0,,2.6380848554964738,2.427991985534868,,Joplin - MO USA
2011,"Williamsport, PA",4990.0,29883.0,81781.0,4990.0,14928.0,31579.0,116654.0,51497.0,2.589727350454416,2.0018086816720255,1.0,Williamsport - PA USA
2013,"Minneapolis-St. Paul-Bloomington, MN-WI",66004.0,903598.0,2533822.0,66004.0,408843.0,939128.0,3503424.0,1413975.0,2.698058198669404,2.2101344525893802,1.0,Minneapolis - MN USA
2022,"Kalamazoo-Portage, MI",8592.0,92722.0,287047.0,8592.0,49409.0,111990.0,388361.0,169991.0,2.563148495401375,1.8766216681171446,1.0,Kalamazoo - MI USA
2012,"Charleston-North Charleston, SC",17755.0,244419.0,435163.0,17755.0,95967.0,166164.0,697337.0,279886.0,2.618876531619364,2.5469067491950357,1.0,Charleston - SC USA
2009,"Brownsville-Harlingen, TX",3436.0,132508.0,260533.0,3436.0,39275.0,77755.0,396477.0,120466.0,3.3506912738730628,3.373851050286442,1.0,Brownsville-Harlingen - TX USA
2017,"Youngstown-Warren-Boardman, OH-PA",17928.0,146562.0,377764.0,17928.0,69254.0,162173.0,542254.0,249355.0,2.3293889858361134,2.1162965316082825,1.0,Youngstown - OH USA
2021,"Visalia-Porterville, CA",5965.0,206731.0,264296.0,5965.0,59997.0,83544.0,476992.0,149506.0,3.1635545341377,3.4456889511142226,1.0,Visalia - CA USA
2011,"Reading, PA",13433.0,105929.0,293964.0,13433.0,43148.0,112277.0,413326.0,168858.0,2.6182031938865484,2.4550152961898584,1.0,Reading - PA USA
2009,"Elizabethtown-Fort Knox, KY",5145.0,46418.0,74808.0,5145.0,17394.0,31216.0,126371.0,53755.0,2.3964633521271144,2.6686213636886285,1.0,Elizabethtown-Fort Knox - KY USA
2010,"San Jose-Sunnyvale-Santa Clara, CA",24119.0,730632.0,1033082.0,24119.0,254752.0,344484.0,1787833.0,623355.0,2.998925929796449,2.868012812460746,1.0,San Jose - CA USA
2018,"Worcester, MA-CT",36670.0,262351.0,643847.0,36670.0,119385.0,232346.0,942868.0,388401.0,2.771069869935355,2.197520626544373,1.0,Worcester - MA USA
2013,"Ocean City, NJ",2418.0,23464.0,83430.0,2418.0,10667.0,32900.0,109312.0,45985.0,2.5358662613981764,2.1996812599606264,1.0,Ocean City - NJ USA
2019,"Bridgeport-Stamford-Norwalk, CT",18172.0,286883.0,638282.0,18172.0,114667.0,225889.0,943337.0,358728.0,2.8256444536918575,2.501879355001875,1.0,Stamford - CT USA
2021,"Reno, NV",6198.0,184016.0,303492.0,6198.0,79640.0,118378.0,493706.0,204216.0,2.563753400125023,2.3105976896032145,1.0,Reno - NV USA
2013,"Blacksburg-Christiansburg-Radford, VA",13160.0,63834.0,103042.0,13160.0,27033.0,42212.0,180036.0,82405.0,2.441059414384535,2.3613361447120185,1.0,Blacksburg - VA USA
2011,"Atlanta-Sandy Springs-Roswell, GA",80698.0,1788310.0,3354618.0,80698.0,662061.0,1183771.0,5223626.0,1926530.0,2.8338403289149676,2.7011257270855706,1.0,Atlanta - GA USA
2018,"Winston-Salem, NC",13257.0,221289.0,418955.0,13257.0,94529.0,166235.0,653501.0,274021.0,2.520257466839113,2.3409641485681645,1.0,Winston-Salem - NC USA
2015,"Tyler, TX",5504.0,66181.0,151266.0,5504.0,26177.0,52203.0,222951.0,83884.0,2.897649560370094,2.5282117889750544,1.0,Tyler - TX USA
2020,"St. Louis, MO-IL",56635.0,715570.0,2056829.0,56635.0,351542.0,810206.0,2829034.0,1218383.0,2.5386494298980753,2.035517804415973,1.0,Saint Louis - MO USA
2011,"Napa, CA",5030.0,62915.0,69795.0,5030.0,23184.0,26749.0,137740.0,54963.0,2.6092564208007776,2.713724982746722,1.0,Napa - CA USA
2023,"Syracuse, NY",36475.0,162731.0,461509.0,36475.0,90284.0,186583.0,660715.0,313342.0,2.473478291162646,1.802434539896327,1.0,Syracuse - NY USA
2005,"Greeley, CO",0.0,54407.0,172018.0,,20253.0,56929.0,226425.0,,3.021623425670572,2.686367451735545,,Greeley - CO USA
2009,"Hammond, LA",1214.0,31763.0,85659.0,1214.0,13508.0,32282.0,118636.0,47004.0,2.6534601325816243,2.3514213799230084,1.0,Hammond - LA USA
2011,"Fayetteville-Springdale-Rogers, AR-MO",9485.0,163013.0,262188.0,9485.0,64895.0,98027.0,434686.0,172407.0,2.6746508614973425,2.5119500731951616,1.0,Northwest Arkansas - AR USA
2016,"Fort Wayne, IN",5670.0,106050.0,258850.0,5670.0,46109.0,96654.0,370570.0,148433.0,2.6781095453887063,2.2999848185820557,1.0,Fort Wayne - IN USA
2007,"Kingsport-Bristol-Bristol, TN-VA",7152.0,75846.0,252347.0,7152.0,37433.0,106424.0,335345.0,151009.0,2.3711474855295798,2.026180108460449,1.0,Kingsport - TN USA
2015,"Wenatchee, WA",1999.0,34778.0,79743.0,1999.0,12464.0,28841.0,116520.0,43304.0,2.764917998682431,2.790275994865212,1.0,
2006,"Odessa, TX",1678.0,31178.0,94736.0,1678.0,13026.0,32500.0,127592.0,47204.0,2.9149538461538462,2.393520651005681,1.0,Odessa - TX USA
2005,"Allentown-Bethlehem-Easton, PA-NJ",0.0,170201.0,586586.0,,80217.0,221668.0,756787.0,,2.646236714365628,2.12175723350412,,Lehigh Valley - PA USA
2011,"Chicago-Naperville-Elgin, IL-IN-WI",156862.0,2947419.0,6388156.0,156862.0,1166002.0,2233813.0,9492437.0,3556677.0,2.8597541513098905,2.527799266210521,1.0,Chicago - IL USA
2005,"Bridgeport-Stamford-Norwalk, CT",0.0,208856.0,667991.0,,90384.0,232071.0,876847.0,,2.87839066492582,2.310762966896796,,Stamford - CT USA
2012,"Fayetteville-Springdale-Rogers, AR-MO",10317.0,157642.0,275671.0,10317.0,64169.0,101280.0,443630.0,175766.0,2.721870063191153,2.4566691081363277,1.0,Northwest Arkansas - AR USA
2011,"Syracuse, NY",29788.0,177750.0,432263.0,29788.0,78144.0,165205.0,639801.0,273137.0,2.616524923579795,2.274646805896806,1.0,Syracuse - NY USA
2021,"St. Joseph, MO-KS",5839.0,30458.0,76315.0,5839.0,14202.0,29816.0,112612.0,49857.0,2.559531795009391,2.1446275172510916,1.0,
2019,"Las Vegas-Henderson-Paradise, NV",21882.0,981930.0,1262482.0,21882.0,371682.0,441923.0,2266294.0,835487.0,2.856791794045569,2.6418551342276464,1.0,Las Vegas - NV USA
2008,"Miami-Fort Lauderdale-West Palm Beach, FL",91658.0,1706803.0,3560285.0,91658.0,658280.0,1328071.0,5358746.0,2078009.0,2.6807941744078443,2.5928222033177373,1.0,Miami - FL USA
2019,"Vallejo-Fairfield, CA",11325.0,158004.0,278468.0,11325.0,57000.0,93393.0,447797.0,161718.0,2.98167956913259,2.772,1.0,Vallejo-Fairfield - CA USA
2017,"Portland-Vancouver-Hillsboro, OR-WA",39300.0,817325.0,1615117.0,39300.0,345461.0,595199.0,2471742.0,979960.0,2.713574787592049,2.365896584563815,1.0,Portland - OR USA
2023,"Lebanon, PA",4626.0,38373.0,101871.0,4626.0,16910.0,41103.0,144870.0,62639.0,2.4784322312239984,2.2692489651094028,1.0,Lebanon - PA USA
2011,"Houma-Thibodaux, LA",3684.0,59776.0,168509.0,3684.0,23684.0,60846.0,231969.0,88214.0,2.769434309568419,2.5238979902043575,1.0,Houma-Thibodaux - LA USA
2006,"Rocky Mount, NC",2311.0,52531.0,91387.0,2311.0,21411.0,34911.0,146229.0,58633.0,2.6177136146200337,2.4534585026388305,1.0,Rocky Mount - NC USA
2011,"Fort Wayne, IN",5882.0,94633.0,258019.0,5882.0,41477.0,95247.0,358534.0,142606.0,2.708946213529035,2.2815777418810423,1.0,Fort Wayne - IN USA
2012,"Coeur d'Alene, ID",1478.0,44783.0,89705.0,1478.0,16305.0,36978.0,135966.0,54761.0,2.4259018876088483,2.7465808034345294,1.0,
2014,"Lake Havasu City-Kingman, AZ",3029.0,74246.0,143984.0,3029.0,29096.0,60480.0,221259.0,92605.0,2.3806878306878305,2.5517596920538907,1.0,Lake Havasu - AZ USA
2015,"Grand Rapids-Wyoming, MI",19690.0,241806.0,654678.0,19690.0,98367.0,237489.0,916174.0,355546.0,2.756666624559453,2.458202445942237,1.0,Grand Rapids - MI USA
2019,"Dayton, OH",28512.0,261070.0,517306.0,28512.0,118576.0,213681.0,806888.0,360769.0,2.420926521309803,2.2017102955066794,1.0,Dayton - OH USA
2008,"Dallas-Fort Worth-Arlington, TX",96965.0,2090335.0,4079260.0,96965.0,806849.0,1365332.0,6266560.0,2269146.0,2.987742175529468,2.5907387875550443,1.0,Dallas-Fort Worth - TX USA
2011,"Provo-Orem, UT",10980.0,161852.0,356492.0,10980.0,49193.0,93985.0,529324.0,154158.0,3.793073362770655,3.2901429065110888,1.0,Provo - UT USA
2014,"Bend-Redmond, OR",1161.0,57675.0,111422.0,1161.0,22903.0,43315.0,170258.0,67379.0,2.5723652314440724,2.5182290529624938,1.0,Bend - OR USA
2022,"Grand Junction, CO",4222.0,30341.0,106456.0,4222.0,14803.0,44222.0,141019.0,63247.0,2.4073085794400977,2.0496520975477943,1.0,Grand Junction - CO USA
2009,"Anchorage, AK",7930.0,127467.0,292526.0,7930.0,47189.0,99169.0,427923.0,154288.0,2.9497726103923605,2.701201551208968,1.0,Anchorage - AK USA
2017,"Gainesville, FL",13903.0,104475.0,147977.0,13903.0,43378.0,54335.0,266355.0,111616.0,2.723419527008374,2.408478952464383,1.0,Gainesville - FL USA
2009,"Spokane-Spokane Valley, WA",19060.0,140888.0,308916.0,19060.0,64823.0,121004.0,468864.0,204887.0,2.552940398664507,2.173426098761242,1.0,Spokane - WA USA
2021,"Tuscaloosa, AL",12464.0,77196.0,156642.0,12464.0,34735.0,59222.0,246302.0,106421.0,2.644996791732802,2.2224269468835467,1.0,
2022,"Midland, TX",1648.0,53248.0,116939.0,1648.0,24923.0,44475.0,171835.0,71046.0,2.629319842608207,2.1365004212975967,1.0,Midland - TX USA
2018,"Jefferson City, MO",10158.0,39907.0,99924.0,10158.0,17595.0,39459.0,149989.0,67212.0,2.532350034212727,2.2680875248650185,1.0,
2013,"Amarillo, TX",9404.0,85212.0,153821.0,9404.0,34384.0,57835.0,248437.0,101623.0,2.659652459583297,2.4782456956724057,1.0,Amarillo - TX USA
2020,"Lake Havasu City-Kingman, AZ",3538.0,59473.0,173265.0,3538.0,29441.0,80525.0,236276.0,113504.0,2.151692021111456,2.0200740463978804,1.0,Lake Havasu - AZ USA
2015,"Utica-Rome, NY",13431.0,81114.0,179640.0,13431.0,36196.0,70113.0,274185.0,119740.0,2.5621496726712594,2.2409658525803957,1.0,Utica - NY USA
2012,"San Luis Obispo-Paso Robles-Arroyo Grande, CA",17635.0,113806.0,143789.0,17635.0,46347.0,55551.0,275230.0,119533.0,2.5884142499684972,2.455520314151941,1.0,San Luis Obispo - CA USA
2017,"Niles-Benton Harbor, MI",3800.0,42811.0,107730.0,3800.0,20485.0,43681.0,154341.0,67966.0,2.466289691170074,2.0898706370515012,1.0,Niles-Benton Harbor - MI USA
2013,"Corpus Christi, TX",16341.0,177720.0,290371.0,16341.0,68057.0,103165.0,484432.0,187563.0,2.814627053748849,2.6113404939976785,1.0,Corpus Christi - TX USA
2021,"East Stroudsburg, PA",2688.0,24575.0,142473.0,2688.0,12406.0,53500.0,169736.0,68594.0,2.663046728971963,1.9808963404804127,1.0,East Stroudsburg - PA USA
2013,"Gainesville, GA",2256.0,72863.0,112559.0,2256.0,22696.0,38241.0,187678.0,63193.0,2.9434115216652286,3.2103894959464223,1.0,Gainesville - GA USA
2006,"Burlington-South Burlington, VT",8009.0,46501.0,151112.0,8009.0,23200.0,57344.0,205622.0,88553.0,2.6351841517857144,2.0043534482758623,1.0,Burlington - VT USA
2018,"Johnstown, PA",6698.0,26685.0,98223.0,6698.0,14441.0,42042.0,131606.0,63181.0,2.3363065505922647,1.847863721348937,1.0,Johnstown - PA USA
2023,"Mount Vernon-Anacortes, WA",1667.0,38738.0,90922.0,1667.0,16253.0,36834.0,131327.0,54754.0,2.4684259108432425,2.3834369039561927,1.0,
2023,"St. Louis, MO-IL",62438.0,705115.0,2116295.0,62438.0,355193.0,857758.0,2883848.0,1275389.0,2.467240177299425,1.9851601805215755,1.0,Saint Louis - MO USA
2007,"Muncie, IN",9361.0,33711.0,72259.0,9361.0,15476.0,32368.0,115331.0,57205.0,2.2324209095402865,2.178276040320496,1.0,Muncie - IN USA
2013,"Eugene, OR",7370.0,135039.0,213273.0,7370.0,57575.0,86591.0,355682.0,151536.0,2.4629926897714545,2.3454450716456794,1.0,Eugene - OR USA
2007,"Michigan City-La Porte, IN",5876.0,24976.0,78943.0,5876.0,10882.0,30922.0,109795.0,47680.0,2.552971994049544,2.2951663297188016,1.0,Michigan City-La Porte - IN USA
2017,"Bloomington, IN",15901.0,59595.0,72371.0,15901.0,26938.0,30109.0,147867.0,72948.0,2.4036334650768874,2.2123023238547774,1.0,Bloomington - IN USA
2011,"Sacramento--Roseville--Arden-Arcade, CA",39471.0,847346.0,1289516.0,39471.0,313527.0,468491.0,2176333.0,821489.0,2.752488308206561,2.702625292239584,1.0,Sacramento - CA USA
2013,"Worcester, MA-CT",32561.0,283093.0,603830.0,32561.0,121497.0,222581.0,919484.0,376639.0,2.7128550954483988,2.3300410709729458,1.0,Worcester - MA USA
2008,"Florence-Muscle Shoals, AL",2502.0,34454.0,106934.0,2502.0,15453.0,44403.0,143890.0,62358.0,2.408260703105646,2.2295994305312883,1.0,Florence-Muscle Shoals - AL USA
2023,"Tampa-St. Petersburg-Clearwater, FL",62764.0,986689.0,2294436.0,62764.0,438154.0,920631.0,3343889.0,1421549.0,2.49224282041339,2.2519228399147333,1.0,Tampa - FL USA
2011,"Brownsville-Harlingen, TX",3345.0,133397.0,277109.0,3345.0,38732.0,80050.0,413851.0,122127.0,3.461698938163648,3.44410306723123,1.0,Brownsville-Harlingen - TX USA
2008,"Hattiesburg, MS",4156.0,41330.0,83163.0,4156.0,16139.0,29019.0,128649.0,49314.0,2.8658120541714047,2.560877377780532,1.0,Hattiesburg - MS USA
2020,"Myrtle Beach-Conway-North Myrtle Beach, SC-NC",5978.0,109442.0,408290.0,5978.0,44704.0,181521.0,523710.0,232203.0,2.249271434159133,2.448147816750179,1.0,
2016,"Port St. Lucie, FL",6700.0,140195.0,317878.0,6700.0,48445.0,126148.0,464773.0,181293.0,2.5198814091384723,2.8939002993084944,1.0,Port St. Lucie - FL USA
2012,"Janesville-Beloit, WI",3195.0,49638.0,107753.0,3195.0,19857.0,43430.0,160586.0,66482.0,2.4810729910200324,2.499773379664602,1.0,Janesville-Beloit - WI USA
2017,"Nashville-Davidson--Murfreesboro--Franklin, TN",38330.0,645311.0,1362198.0,38330.0,267423.0,502612.0,2045839.0,808365.0,2.7102377181603305,2.413072174046361,1.0,Nashville - TN USA
2019,"Toledo, OH",18522.0,200259.0,423790.0,18522.0,95908.0,172179.0,642571.0,286609.0,2.461333844429344,2.088032280935897,1.0,Toledo - OH USA
2019,"Ocala, FL",9727.0,102411.0,253816.0,9727.0,41070.0,104552.0,365954.0,155349.0,2.4276532251893794,2.493571950328707,1.0,Ocala - FL USA
2016,"Rochester, NY",47600.0,318646.0,747983.0,47600.0,147152.0,296126.0,1114229.0,490878.0,2.5258943827965123,2.1654207893878437,1.0,Rochester - NY USA
2020,"Modesto, CA",5183.0,208368.0,336881.0,5183.0,68320.0,105202.0,550432.0,178705.0,3.2022299956274596,3.0498829039812647,1.0,Modesto - CA USA
2021,"Lynchburg, VA",12402.0,64305.0,186702.0,12402.0,28049.0,75843.0,263409.0,116294.0,2.4616905976820536,2.292595101429641,1.0,Lynchburg - VA USA
2007,"St. Louis, MO-IL",58046.0,614876.0,2035223.0,58046.0,284892.0,773490.0,2708145.0,1116428.0,2.631220830262835,2.1582775227103603,1.0,Saint Louis - MO USA
2010,"Manchester-Nashua, NH",9216.0,106585.0,232126.0,9216.0,45777.0,88725.0,347927.0,143718.0,2.616241194702733,2.328352666186076,1.0,Manchester - NH USA
2005,"Dover, DE",0.0,36749.0,102074.0,,14610.0,39316.0,138823.0,,2.596245803235324,2.51533196440794,,Dover - DE USA
2013,"Denver-Aurora-Lakewood, CO",35446.0,934183.0,1813107.0,35446.0,384169.0,683320.0,2782736.0,1102935.0,2.6533790903237136,2.4316980287321464,1.0,Denver - CO USA
2006,"Houston-The Woodlands-Sugar Land, TX",80494.0,1789527.0,3619322.0,80494.0,677209.0,1167215.0,5489343.0,1924918.0,3.100818615250832,2.6425032744691817,1.0,Houston - TX USA
2021,"Cape Coral-Fort Myers, FL",9800.0,212896.0,565319.0,9800.0,84618.0,235847.0,788015.0,330265.0,2.396973461608585,2.515965870145832,1.0,Fort Myers - FL USA
2017,"St. George, UT",2276.0,49079.0,114630.0,2276.0,16191.0,39948.0,165985.0,58415.0,2.8694803244217484,3.031251930084615,1.0,
2016,"College Station-Bryan, TX",14797.0,103425.0,101032.0,14797.0,42426.0,35846.0,219254.0,93069.0,2.8185013669586563,2.4377740065054447,1.0,College Station-Bryan - TX USA
2012,"Chico, CA",5597.0,92715.0,123103.0,5597.0,34491.0,50897.0,221415.0,90985.0,2.4186690767628742,2.6880925458815343,1.0,Chico - CA USA
2018,"Iowa City, IA",8082.0,51979.0,91696.0,8082.0,25806.0,35062.0,151757.0,68950.0,2.6152529804346587,2.01422149887623,1.0,Iowa City - IA USA
2008,"Springfield, MA",41039.0,174046.0,381429.0,41039.0,80089.0,144889.0,596514.0,266017.0,2.6325600977299866,2.1731573624342917,1.0,Springfield - MA USA
2016,"Shreveport-Bossier City, LA",8910.0,158466.0,246300.0,8910.0,64075.0,96255.0,413676.0,169240.0,2.558828112825308,2.4731330472103004,1.0,Shreveport - LA USA
2007,"Burlington-South Burlington, VT",9082.0,56339.0,141877.0,9082.0,25270.0,55826.0,207298.0,90178.0,2.5414143947264716,2.2294815987336762,1.0,Burlington - VT USA
2014,"Rochester, NY",46701.0,311543.0,759672.0,46701.0,145093.0,296333.0,1117916.0,488127.0,2.56357543709273,2.1471952471862874,1.0,Rochester - NY USA
2006,"Prescott, AZ",4273.0,60576.0,143079.0,4273.0,24739.0,60505.0,207928.0,89517.0,2.3647467151475086,2.4486034197016857,1.0,Prescott - AZ USA
2012,"Philadelphia-Camden-Wilmington, PA-NJ-DE-MD",164084.0,1720957.0,4173344.0,164084.0,723345.0,1515924.0,6058385.0,2403353.0,2.753003448721704,2.3791648521798034,1.0,Philadelphia - PA USA
2021,"Goldsboro, NC",2875.0,44005.0,69950.0,2875.0,18915.0,28018.0,116830.0,49808.0,2.4966093225783426,2.3264604810996565,1.0,Goldsboro - NC USA
2018,"Lakeland-Winter Haven, FL",11038.0,220600.0,475177.0,11038.0,72146.0,169025.0,706815.0,252209.0,2.81128235468126,3.057688575943226,1.0,Lakeland - FL USA
2022,"St. Cloud, MN",9645.0,52781.0,151627.0,9645.0,26222.0,56199.0,214053.0,92066.0,2.698037331625118,2.012851803828846,1.0,St. Cloud - MN USA
2013,Not in identifiable area,2509484.0,19615249.0,46882681.0,2509484.0,8029232.0,18293715.0,69007414.0,28832431.0,2.562775302884078,2.442979477987434,1.0,
2017,"Greensboro-High Point, NC",21976.0,268232.0,516407.0,21976.0,114506.0,202243.0,806615.0,338725.0,2.5533986343161446,2.3425148027177616,1.0,Greensboro - NC USA
2014,"Allentown-Bethlehem-Easton, PA-NJ",22616.0,229185.0,577693.0,22616.0,95068.0,220308.0,829494.0,337992.0,2.6222061840695754,2.410748096099634,1.0,Lehigh Valley - PA USA
2013,"Bend-Redmond, OR",1134.0,61190.0,103518.0,1134.0,24311.0,40754.0,165842.0,66199.0,2.5400696864111496,2.516967627822796,1.0,Bend - OR USA
2008,"Reno, NV",7653.0,160957.0,241966.0,7653.0,62515.0,93342.0,410576.0,163510.0,2.5922521480148273,2.5746940734223784,1.0,Reno - NV USA
2008,"Palm Bay-Melbourne-Titusville, FL",9420.0,128083.0,398909.0,9420.0,54088.0,163381.0,536412.0,226889.0,2.4415874550896373,2.3680483656263864,1.0,Melbourne - FL USA
2013,"Salinas, CA",17143.0,246351.0,221556.0,17143.0,70466.0,72380.0,485050.0,159989.0,3.0610113290964356,3.4960264524735334,1.0,Salinas - CA USA
2016,"Burlington, NC",4914.0,55371.0,99781.0,4914.0,23016.0,41353.0,160066.0,69283.0,2.4129083742412885,2.4057612095933263,1.0,Burlington - NC USA
2008,"Norwich-New London, CT",9850.0,70596.0,183904.0,9850.0,32318.0,71083.0,264350.0,113251.0,2.587172741724463,2.1844173525589454,1.0,Norwich - CT USA
2008,"Tallahassee, FL",16513.0,116329.0,178673.0,16513.0,51402.0,74012.0,311515.0,141927.0,2.4141085229422257,2.26312205750749,1.0,Tallahassee - FL USA
2008,"San Diego-Carlsbad, CA",117875.0,1221807.0,1662043.0,117875.0,453863.0,584095.0,3001725.0,1155833.0,2.845501159914055,2.6920171946159965,1.0,San Diego - CA USA
2019,"Charlotte-Concord-Gastonia, NC-SC",41791.0,839852.0,1768066.0,41791.0,345584.0,643161.0,2649709.0,1030536.0,2.7490255161615833,2.4302398259178664,1.0,Charlotte - NC USA
2014,"Rockford, IL",4193.0,114085.0,223835.0,4193.0,46618.0,86519.0,342113.0,137330.0,2.5871195922282966,2.4472306834270023,1.0,Rockford - IL USA
2020,"Fresno, CA",18022.0,418610.0,561863.0,18022.0,141252.0,172168.0,998495.0,331442.0,3.2634577854188933,2.963568657434939,1.0,Fresno - CA USA
2016,"Stockton-Lodi, CA",14423.0,336000.0,383215.0,14423.0,104737.0,122449.0,733638.0,241609.0,3.129588645068559,3.208035364770807,1.0,Stockton - CA USA
2020,"Wichita Falls, TX",11969.0,42742.0,81959.0,11969.0,19149.0,29664.0,136670.0,60782.0,2.7629112729234087,2.232074781972949,1.0,Wichita Falls - TX USA
2023,"Burlington, NC",6571.0,50672.0,121760.0,6571.0,23862.0,47049.0,179003.0,77482.0,2.587940232523539,2.1235437096639007,1.0,Burlington - NC USA
2005,"Scranton--Wilkes-Barre--Hazleton, PA",0.0,156944.0,437685.0,,79483.0,176926.0,594629.0,,2.473830867142195,1.9745605978636942,,Scranton - PA USA
2009,"Denver-Aurora-Lakewood, CO",29035.0,805981.0,1729164.0,29035.0,336942.0,641556.0,2564180.0,1007533.0,2.6952658848175375,2.3920467023998198,1.0,Denver - CO USA
2006,"Minneapolis-St. Paul-Bloomington, MN-WI",65916.0,617231.0,2372934.0,65916.0,295738.0,891339.0,3056081.0,1252993.0,2.66221269348699,2.087087219092575,1.0,Minneapolis - MN USA
2007,"New Orleans-Metairie, LA",23240.0,331709.0,740201.0,23240.0,128661.0,263828.0,1095150.0,415729.0,2.8056195703261215,2.578162768826606,1.0,New Orleans - LA USA
2022,"Detroit-Warren-Dearborn, MI",45301.0,1070812.0,3286040.0,45301.0,510892.0,1274287.0,4402153.0,1830480.0,2.578728339848088,2.0959654878134715,1.0,Detroit - MI USA
2006,"Pittsburgh, PA",75836.0,526791.0,1724810.0,75836.0,274347.0,686096.0,2327437.0,1036279.0,2.513948485343159,1.9201631510459383,1.0,Pittsburgh - PA USA
2022,"Tuscaloosa, AL",16257.0,74838.0,145767.0,16257.0,34382.0,54693.0,236862.0,105332.0,2.665185672755197,2.176662206968763,1.0,
2015,"Rocky Mount, NC",3103.0,53722.0,91246.0,3103.0,23544.0,33907.0,148071.0,60554.0,2.691066741380836,2.2817703024125042,1.0,Rocky Mount - NC USA
2018,"Lancaster, PA",11964.0,147900.0,384178.0,11964.0,65586.0,136904.0,544042.0,214454.0,2.8061853561619823,2.255054432348367,1.0,Lancaster - PA USA
2009,"Sheboygan, WI",3060.0,23454.0,88085.0,3060.0,11190.0,34614.0,114599.0,48864.0,2.544779568960536,2.0959785522788206,1.0,Sheboygan - WI USA
2009,"Eugene, OR",8824.0,136123.0,206292.0,8824.0,57228.0,83554.0,351239.0,149606.0,2.4689661775618164,2.3786083735234502,1.0,Eugene - OR USA
2007,"Bellingham, WA",4689.0,70074.0,118255.0,4689.0,28715.0,47044.0,193018.0,80448.0,2.513710568829181,2.4403273550409192,1.0,Bellingham - WA USA
2020,"Dayton, OH",28885.0,240804.0,540820.0,28885.0,117433.0,224035.0,810509.0,370353.0,2.4139978128417434,2.0505650030230003,1.0,Dayton - OH USA
2005,"Lebanon, PA",0.0,26817.0,89698.0,,13683.0,34846.0,116515.0,,2.574126155082362,1.9598772199079149,,Lebanon - PA USA
2006,"Morgantown, WV",8204.0,27338.0,80125.0,8204.0,13192.0,30305.0,115667.0,51701.0,2.643953143045702,2.072316555488175,1.0,Morgantown - WV USA
2018,"Miami-Fort Lauderdale-West Palm Beach, FL",79973.0,2402870.0,3678961.0,79973.0,854121.0,1280303.0,6161804.0,2214397.0,2.873508068012025,2.8132665043945764,1.0,Miami - FL USA
2008,"Killeen-Temple, TX",17262.0,139769.0,200777.0,17262.0,49898.0,70083.0,357808.0,137243.0,2.8648459683518115,2.8010942322337566,1.0,Killeen - TX USA
2007,"Pensacola-Ferry Pass-Brent, FL",25643.0,115803.0,312118.0,25643.0,46701.0,121146.0,453564.0,193490.0,2.5763789146979676,2.4796685295818075,1.0,Pensacola - FL USA
2006,"New Orleans-Metairie, LA",27406.0,301618.0,766051.0,27406.0,117921.0,259517.0,1095075.0,404844.0,2.9518335985696504,2.5577971692913053,1.0,New Orleans - LA USA
2012,"Portland-South Portland, ME",11442.0,137984.0,368569.0,11442.0,64888.0,148570.0,517995.0,224900.0,2.480776738237868,2.1264948834915547,1.0,Portland - ME USA
2014,"Chattanooga, TN-GA",17136.0,164387.0,345524.0,17136.0,69171.0,130237.0,527047.0,216544.0,2.653040226663698,2.3765306269968627,1.0,Chattanooga - TN USA
2017,"Wichita, KS",9871.0,198789.0,405953.0,9871.0,81449.0,152103.0,614613.0,243423.0,2.668934866504934,2.44065611609719,1.0,Wichita - KS USA
2005,"Sheboygan, WI",0.0,20932.0,84875.0,,10435.0,33173.0,105807.0,,2.558556657522684,2.005941542884523,,Sheboygan - WI USA
2010,"Laredo, TX",1511.0,93879.0,156285.0,1511.0,26357.0,40358.0,251675.0,68226.0,3.872466425491848,3.561824183328907,1.0,Laredo - TX USA
2007,"Saginaw, MI",5063.0,43928.0,153298.0,5063.0,19208.0,56795.0,202289.0,81066.0,2.6991460515890484,2.286963765097876,1.0,Saginaw - MI USA
2007,"Hattiesburg, MS",5674.0,35268.0,85017.0,5674.0,15482.0,29543.0,125959.0,50699.0,2.8777375351183023,2.2780002583645524,1.0,Hattiesburg - MS USA
2022,"Iowa City, IA",7898.0,46405.0,101694.0,7898.0,24915.0,38422.0,155997.0,71235.0,2.646764874290771,1.8625326108769817,1.0,Iowa City - IA USA
2021,"Lewiston-Auburn, ME",3419.0,29423.0,77906.0,3419.0,14562.0,31761.0,110748.0,49742.0,2.45288246591732,2.0205328938332645,1.0,Lewiston-Auburn - ME USA
2015,"St. Louis, MO-IL",61718.0,808204.0,1974182.0,61718.0,355885.0,765348.0,2844104.0,1182951.0,2.579456665464599,2.2709695547719067,1.0,Saint Louis - MO USA
2017,"Lafayette-West Lafayette, IN",16461.0,63935.0,110354.0,16461.0,28148.0,41354.0,190750.0,85963.0,2.668520578420467,2.2713869546681824,1.0,
2005,"Elizabethtown-Fort Knox, KY",0.0,36159.0,85984.0,,14356.0,31836.0,122143.0,,2.7008418142982786,2.5187378099749234,,Elizabethtown-Fort Knox - KY USA
2016,"Portland-South Portland, ME",11593.0,131247.0,386807.0,11593.0,65408.0,151390.0,529647.0,228391.0,2.5550366602813925,2.0065894080234834,1.0,Portland - ME USA
2018,"Yakima, WA",3643.0,94525.0,153125.0,3643.0,31350.0,51971.0,251293.0,86964.0,2.9463546978122412,3.015151515151515,1.0,Yakima - WA USA
2008,"Wichita, KS",12287.0,159936.0,408066.0,12287.0,76544.0,154842.0,580289.0,243673.0,2.635370248382222,2.089464882943144,1.0,Wichita - KS USA
2023,"Lubbock, TX",13386.0,135175.0,172833.0,13386.0,61107.0,66947.0,321394.0,141440.0,2.5816392071340015,2.2121033596805604,1.0,Lubbock - TX USA
2005,"Birmingham-Hoover, AL",0.0,263920.0,743737.0,,116916.0,290528.0,1007657.0,,2.5599494713074127,2.257347155222553,,Birmingham - AL USA
2015,"Fayetteville, NC",11585.0,147729.0,165487.0,11585.0,59291.0,60896.0,324801.0,131772.0,2.7175348134524433,2.491592315865814,1.0,Fayetteville - NC USA
2013,"San Angelo, TX",6013.0,35836.0,72816.0,6013.0,16469.0,26907.0,114665.0,49389.0,2.7062102798528263,2.175966968243366,1.0,San Angelo - TX USA
2017,"Reading, PA",13090.0,104352.0,299953.0,13090.0,42785.0,112370.0,417395.0,168245.0,2.669333451988965,2.438985625803436,1.0,Reading - PA USA
2014,"Bloomington, IL",6742.0,57185.0,109490.0,6742.0,24286.0,42076.0,173417.0,73104.0,2.6021960262382358,2.3546487688380138,1.0,Bloomington - IL USA
2008,"Lake Havasu City-Kingman, AZ",4115.0,74527.0,140207.0,4115.0,26133.0,56955.0,218849.0,87203.0,2.4617153893424635,2.8518348448322044,1.0,Lake Havasu - AZ USA
2018,"Reading, PA",12016.0,111534.0,295673.0,12016.0,44630.0,112376.0,419223.0,169022.0,2.631104506300278,2.499081335424602,1.0,Reading - PA USA
2014,"Tampa-St. Petersburg-Clearwater, FL",48269.0,1067519.0,1800190.0,48269.0,424191.0,725545.0,2915978.0,1198005.0,2.481155545141928,2.51659983356554,1.0,Tampa - FL USA
2015,"Modesto, CA",4976.0,233993.0,299052.0,4976.0,75435.0,96523.0,538021.0,176934.0,3.098246013903422,3.1019155564393186,1.0,Modesto - CA USA
2006,"Manchester-Nashua, NH",5368.0,96900.0,248245.0,5368.0,42707.0,89421.0,350513.0,137496.0,2.776137596314065,2.26894888425785,1.0,Manchester - NH USA
2011,"Milwaukee-Waukesha-West Allis, WI",29982.0,548700.0,983503.0,29982.0,244159.0,370948.0,1562185.0,645089.0,2.6513230964987007,2.2473060587567937,1.0,Milwaukee - WI USA
2013,"Syracuse, NY",30282.0,199399.0,442623.0,30282.0,89871.0,170695.0,672304.0,290848.0,2.5930636515422245,2.21872461639461,1.0,Syracuse - NY USA
2023,"Tulsa, OK",22973.0,355013.0,797045.0,22973.0,162130.0,301245.0,1175031.0,486348.0,2.645836445418181,2.1896811200888178,1.0,
2019,"Iowa City, IA",6741.0,55027.0,88875.0,6741.0,25919.0,34862.0,150643.0,67522.0,2.5493373874132295,2.1230371542111963,1.0,Iowa City - IA USA
2017,"Oxnard-Thousand Oaks-Ventura, CA",11812.0,318559.0,522744.0,11812.0,101770.0,170317.0,853115.0,283899.0,3.069241473252817,3.130185712881989,1.0,Ventura - CA USA
2016,"Tuscaloosa, AL",12256.0,77493.0,136876.0,12256.0,30012.0,51084.0,226625.0,93352.0,2.679429958499726,2.582067173130748,1.0,
2021,"Charleston-North Charleston, SC",15729.0,209955.0,587450.0,15729.0,91028.0,225350.0,813134.0,332107.0,2.606833814067007,2.3064881135474797,1.0,Charleston - SC USA
2005,"Burlington, NC",0.0,37226.0,100480.0,,15557.0,39883.0,137706.0,,2.519369154777725,2.3928778042038954,,Burlington - NC USA
2014,"Bellingham, WA",6123.0,72853.0,129856.0,6123.0,30335.0,51638.0,208832.0,88096.0,2.5147372090321083,2.4016152958628645,1.0,Bellingham - WA USA
2014,"San Francisco-Oakland-Hayward, CA",83514.0,1988372.0,2523906.0,83514.0,778686.0,887241.0,4595792.0,1749441.0,2.844667908719277,2.5534965313361226,1.0,San Francisco - CA USA
2014,"Seattle-Tacoma-Bellevue, WA",64517.0,1340528.0,2267068.0,64517.0,571219.0,835039.0,3672113.0,1470775.0,2.7149246921401278,2.346784683282594,1.0,Seattle - WA USA
2017,"Baton Rouge, LA",24047.0,249554.0,561171.0,24047.0,95586.0,204068.0,834772.0,323701.0,2.74992159476253,2.6107798213127444,1.0,Baton Rouge - LA USA
2018,"Glens Falls, NY",4176.0,31979.0,89057.0,4176.0,15904.0,36092.0,125212.0,56172.0,2.467499722930289,2.0107520120724347,1.0,Glens Falls - NY USA
2007,"Charleston-North Charleston, SC",15559.0,200538.0,455134.0,15559.0,84954.0,173217.0,671231.0,273730.0,2.627536558190016,2.3605480613037644,1.0,Charleston - SC USA
2019,"Wichita Falls, TX",12616.0,42956.0,76180.0,12616.0,18846.0,29469.0,131752.0,60931.0,2.585089415996471,2.279316565849517,1.0,Wichita Falls - TX USA
2006,"Hartford-West Hartford-East Hartford, CT",50691.0,308873.0,829473.0,50691.0,141634.0,314615.0,1189037.0,506940.0,2.6364699712346837,2.1807828628719093,1.0,Hartford - CT USA
2016,"Knoxville, TN",22108.0,285389.0,644830.0,22108.0,120343.0,258735.0,952327.0,401186.0,2.4922410961021897,2.37146323425542,1.0,Knoxville - TN USA
2012,"Grand Rapids-Wyoming, MI",19527.0,222462.0,641773.0,19527.0,93139.0,233079.0,883762.0,345745.0,2.7534569823965267,2.3884946155745714,1.0,Grand Rapids - MI USA
2018,"Colorado Springs, CO",18833.0,228287.0,492117.0,18833.0,91526.0,180170.0,739237.0,290529.0,2.7314036743075985,2.494231147433516,1.0,Colorado Springs - CO USA
2014,"Auburn-Opelika, AL",5094.0,62976.0,85524.0,5094.0,24375.0,33505.0,153594.0,62974.0,2.552574242650351,2.583630769230769,1.0,Auburn-Opelika - AL USA
2015,"Bremerton-Silverdale, WA",6344.0,76719.0,176686.0,6344.0,31720.0,66770.0,259749.0,104834.0,2.6461884079676503,2.4186317780580078,1.0,Bremerton - WA USA
2013,"Prescott, AZ",4071.0,70418.0,141021.0,4071.0,30593.0,60471.0,215510.0,95135.0,2.3320434588480428,2.3017683783872127,1.0,Prescott - AZ USA
2007,"El Paso, TX",9519.0,234291.0,490779.0,9519.0,81741.0,149643.0,734589.0,240903.0,3.2796656041378482,2.866260505743752,1.0,El Paso - TX USA
2021,"Bremerton-Silverdale, WA",5668.0,75625.0,192513.0,5668.0,34068.0,72331.0,273806.0,112067.0,2.661555902724973,2.2198250557708112,1.0,Bremerton - WA USA
2006,"Merced, CA",4924.0,111885.0,128998.0,4924.0,33270.0,38910.0,245807.0,77104.0,3.3152916987920844,3.3629395852119024,1.0,Merced - CA USA
2021,"Tyler, TX",6528.0,62841.0,167942.0,6528.0,24830.0,56345.0,237311.0,87703.0,2.980601650545745,2.5308497784937574,1.0,Tyler - TX USA
2014,"Iowa City, IA",8242.0,46416.0,87572.0,8242.0,21823.0,33751.0,142230.0,63816.0,2.5946490474356314,2.126930302891445,1.0,Iowa City - IA USA
2016,"St. George, UT",1979.0,52700.0,105664.0,1979.0,13756.0,38018.0,160343.0,53753.0,2.7793150612867588,3.831055539400989,1.0,
2016,"Homosassa Springs, FL",2722.0,25760.0,114894.0,2722.0,12172.0,51410.0,143376.0,66304.0,2.234857031705894,2.1163325665461716,1.0,
2015,"Charlotte-Concord-Gastonia, NC-SC",39216.0,836344.0,1584275.0,39216.0,327417.0,594351.0,2459835.0,960984.0,2.665554529225996,2.5543695043323957,1.0,Charlotte - NC USA
2010,"Boston-Cambridge-Newton, MA-NH",166588.0,1484765.0,3069958.0,166588.0,677445.0,1122699.0,4721311.0,1966732.0,2.7344444058469812,2.191712980389552,1.0,Boston - MA USA
2018,"Rockford, IL",4749.0,98718.0,234284.0,4749.0,42039.0,91011.0,337751.0,137799.0,2.574238278889365,2.34824805537715,1.0,Rockford - IL USA
2015,"Johnstown, PA",7681.0,31791.0,97385.0,7681.0,15635.0,41409.0,136857.0,64725.0,2.351783428723224,2.033322673488967,1.0,Johnstown - PA USA
2015,"Oxnard-Thousand Oaks-Ventura, CA",11428.0,317926.0,521140.0,11428.0,98002.0,171563.0,850494.0,280993.0,3.037601347609916,3.244076651496908,1.0,Ventura - CA USA
2017,"Lima, OH",3551.0,30702.0,68868.0,3551.0,13695.0,27177.0,103121.0,44423.0,2.5340545314052325,2.24184008762322,1.0,
2019,"Champaign-Urbana, IL",16500.0,89185.0,105108.0,16500.0,39753.0,42012.0,210793.0,98265.0,2.501856612396458,2.2434784796116016,1.0,Champaign-Urbana - IL USA
2009,"Kalamazoo-Portage, MI",9372.0,87202.0,229996.0,9372.0,41977.0,87238.0,326570.0,138587.0,2.636419908755359,2.0773757057436213,1.0,Kalamazoo - MI USA
2007,"Jacksonville, FL",21851.0,369670.0,883518.0,21851.0,154772.0,345470.0,1275039.0,522093.0,2.5574376935768663,2.3884811206161323,1.0,Jacksonville - FL USA
2023,"Baton Rouge, LA",28318.0,228633.0,596485.0,28318.0,99540.0,225789.0,853436.0,353647.0,2.641780600472122,2.296895720313442,1.0,Baton Rouge - LA USA
2005,"McAllen-Edinburg-Mission, TX",0.0,209661.0,465334.0,,59861.0,136933.0,674995.0,,3.3982604631462103,3.502464041696597,,McAllen - TX USA
2019,"Ann Arbor, MI",21669.0,120204.0,225983.0,21669.0,53399.0,88281.0,367856.0,163349.0,2.5598146826610484,2.251053390512931,1.0,Ann Arbor - MI USA
2018,"San Antonio-New Braunfels, TX",42090.0,826556.0,1574004.0,42090.0,306301.0,492188.0,2442650.0,840579.0,3.1979731322177702,2.6985089829938524,1.0,San Antonio - TX USA
2016,"East Stroudsburg, PA",2140.0,39335.0,124372.0,2140.0,14647.0,42637.0,165847.0,59424.0,2.9169969744588036,2.6855328736259985,1.0,East Stroudsburg - PA USA
2008,"Utica-Rome, NY",15950.0,77032.0,201037.0,15950.0,38175.0,78665.0,294019.0,132790.0,2.555609229009089,2.017865094957433,1.0,Utica - NY USA
2013,"Memphis, TN-MS-AR",22815.0,491183.0,722874.0,22815.0,181037.0,271279.0,1236872.0,475131.0,2.664688383546091,2.713163607439363,1.0,Memphis - TN USA
2023,"Charlotte-Concord-Gastonia, NC-SC",38726.0,867053.0,1943104.0,38726.0,385466.0,738057.0,2848883.0,1162249.0,2.632728908471839,2.2493631085491326,1.0,Charlotte - NC USA
2011,"Lake Havasu City-Kingman, AZ",5302.0,75070.0,142150.0,5302.0,26856.0,60946.0,222522.0,93104.0,2.3323926098513437,2.7952785224903187,1.0,Lake Havasu - AZ USA
2017,"Amarillo, TX",9344.0,84309.0,161001.0,9344.0,34128.0,59942.0,254654.0,103414.0,2.6859464148677055,2.470376230661041,1.0,Amarillo - TX USA
2016,"Orlando-Kissimmee-Sanford, FL",42993.0,948003.0,1413938.0,42993.0,344207.0,496438.0,2404934.0,883638.0,2.848166336984679,2.7541653714189427,1.0,Orlando - FL USA
2013,"Milwaukee-Waukesha-West Allis, WI",31278.0,555118.0,983967.0,31278.0,245918.0,377042.0,1570363.0,654238.0,2.6097013064857495,2.2573296789986905,1.0,Milwaukee - WI USA
2016,"Bismarck, ND",3964.0,33046.0,98333.0,3964.0,16951.0,40324.0,135343.0,61239.0,2.4385725622458088,1.9495015043360273,1.0,
2005,"Clarksville, TN-KY",0.0,84744.0,155064.0,,32048.0,60638.0,239808.0,,2.557208351198918,2.644283574638043,,Clarksville - TN USA
2010,"Lubbock, TX",14316.0,104806.0,161241.0,14316.0,43607.0,61204.0,280363.0,119127.0,2.6344846742043004,2.4034214690302016,1.0,Lubbock - TX USA
2023,"Fayetteville-Springdale-Rogers, AR-MO",13317.0,201686.0,358309.0,13317.0,86610.0,130467.0,573312.0,230394.0,2.7463573164095134,2.32866874494862,1.0,Northwest Arkansas - AR USA
2006,Not in identifiable area,2475803.0,16774437.0,47935944.0,2475803.0,7274834.0,18750764.0,67186184.0,28501401.0,2.556479511981485,2.3058171499170976,1.0,
2020,"State College, PA",18939.0,36493.0,106491.0,18939.0,17283.0,41136.0,161923.0,77358.0,2.5887543757292883,2.111496846612278,1.0,State College - PA USA
2018,"Yuma, AZ",6302.0,71752.0,134098.0,6302.0,26414.0,48117.0,212152.0,80833.0,2.786915227466384,2.716438252441887,1.0,Yuma - AZ USA
2009,Not in identifiable area,2590455.0,17731955.0,47500381.0,2590455.0,7598910.0,18811788.0,67822791.0,29001153.0,2.525032761372816,2.3334866447951086,1.0,
2021,"Sacramento--Roseville--Arden-Arcade, CA",37362.0,851247.0,1523071.0,37362.0,334054.0,545592.0,2411680.0,917008.0,2.7915933518086775,2.548231723014842,1.0,Sacramento - CA USA
2023,"Yakima, WA",4039.0,93252.0,159281.0,4039.0,34052.0,55362.0,256572.0,93453.0,2.877081752826849,2.738517561376718,1.0,Yakima - WA USA
2015,"Napa, CA",4064.0,56704.0,81394.0,4064.0,18905.0,30714.0,142162.0,53683.0,2.6500618610405677,2.9994181433483207,1.0,Napa - CA USA
2010,"Milwaukee-Waukesha-West Allis, WI",28444.0,516245.0,1012680.0,28444.0,233819.0,381422.0,1557369.0,643685.0,2.6550120339151912,2.207883020627066,1.0,Milwaukee - WI USA
2009,"Burlington-South Burlington, VT",8435.0,49056.0,150004.0,8435.0,23880.0,57063.0,207495.0,89378.0,2.628743669277816,2.0542713567839197,1.0,Burlington - VT USA
2013,"Little Rock-North Little Rock-Conway, AR",11580.0,223550.0,460438.0,11580.0,88136.0,168975.0,695568.0,268691.0,2.724888297085368,2.5364209857492965,1.0,Little Rock - AR USA
2023,"San Luis Obispo-Paso Robles-Arroyo Grande, CA",17302.0,96740.0,167766.0,17302.0,41689.0,68594.0,281808.0,127585.0,2.4457824299501416,2.320516203315023,1.0,San Luis Obispo - CA USA
2023,"Crestview-Fort Walton Beach-Destin, FL",10290.0,86463.0,253467.0,10290.0,37497.0,100729.0,350220.0,148516.0,2.516325983579704,2.3058644691575325,1.0,
2007,"Birmingham-Hoover, AL",22594.0,264887.0,755972.0,22594.0,115783.0,293038.0,1043453.0,431415.0,2.5797746367365324,2.2877883627130062,1.0,Birmingham - AL USA
2019,"Yuma, AZ",6193.0,70284.0,137458.0,6193.0,26019.0,48022.0,213935.0,80234.0,2.862396401649244,2.701256773895999,1.0,Yuma - AZ USA
2012,"Muskegon, MI",6547.0,41829.0,121737.0,6547.0,16809.0,47051.0,170113.0,70407.0,2.587341395507003,2.4884883098340174,1.0,Muskegon - MI USA
2011,"Toledo, OH",16282.0,212726.0,379647.0,16282.0,90992.0,151990.0,608655.0,259264.0,2.4978419632870583,2.3378538772639352,1.0,Toledo - OH USA
2012,"Deltona-Daytona Beach-Ormond Beach, FL",11082.0,174659.0,409012.0,11082.0,66917.0,167040.0,594753.0,245039.0,2.448587164750958,2.6100841340765424,1.0,Daytona Beach - FL USA
2013,"Salt Lake City, UT",13234.0,353470.0,824897.0,13234.0,125383.0,257581.0,1191601.0,396198.0,3.2024761143096736,2.819122209549939,1.0,Salt Lake City - UT USA
2011,"Spartanburg, SC",7649.0,84195.0,195207.0,7649.0,33485.0,71935.0,287051.0,113069.0,2.7136581636199346,2.5144094370613708,1.0,Spartanburg - SC USA
2006,"Greenville-Anderson-Mauldin, SC",30249.0,238821.0,642857.0,30249.0,103982.0,247476.0,911927.0,381707.0,2.597653913914885,2.296753284222269,1.0,Greenville - SC USA
2023,"Mobile, AL",7911.0,115306.0,288146.0,7911.0,54541.0,109421.0,411363.0,171873.0,2.6333701940212575,2.114115986138868,1.0,Mobile - AL USA
2016,"Los Angeles-Long Beach-Anaheim, CA",220448.0,6604817.0,6487428.0,220448.0,2269041.0,2068762.0,13312693.0,4558251.0,3.1358986678989655,2.9108407472584235,1.0,Los Angeles - CA USA
2010,"Springfield, IL",5578.0,63888.0,171241.0,5578.0,30193.0,69118.0,240707.0,104889.0,2.477516710552967,2.115987149339251,1.0,Springfield - IL USA
2006,"Brownsville-Harlingen, TX",2014.0,111108.0,274626.0,2014.0,35512.0,80558.0,387748.0,118084.0,3.4090468978872366,3.128745212885785,1.0,Brownsville-Harlingen - TX USA
2012,"Tucson, AZ",25190.0,352847.0,613708.0,25190.0,148350.0,237754.0,991745.0,411294.0,2.581273080579086,2.3784765756656556,1.0,Tucson - AZ USA
2023,"Philadelphia-Camden-Wilmington, PA-NJ-DE-MD",164822.0,1643937.0,4480697.0,164822.0,812084.0,1686379.0,6289456.0,2663285.0,2.6569928823829043,2.0243435408159747,1.0,Philadelphia - PA USA
2009,"Albany-Schenectady-Troy, NY",34985.0,224389.0,567324.0,34985.0,107802.0,216231.0,826698.0,359018.0,2.623694104915576,2.081491994582661,1.0,Albany - NY USA
2012,"Salinas, CA",19703.0,238831.0,225100.0,19703.0,68694.0,72518.0,483634.0,160915.0,3.1040569237982294,3.4767374152036568,1.0,Salinas - CA USA
2005,"Kingsport-Bristol-Bristol, TN-VA",0.0,79985.0,248549.0,,36831.0,106612.0,328534.0,,2.3313416876149025,2.171676033775895,,Kingsport - TN USA
2022,"Toledo, OH",13999.0,169913.0,351612.0,13999.0,85405.0,147215.0,535524.0,246619.0,2.38842509255171,1.989497102043206,1.0,Toledo - OH USA
2020,"Hanford-Corcoran, CA",15560.0,56200.0,73992.0,15560.0,18612.0,23936.0,145752.0,58108.0,3.0912433155080214,3.0195572748764237,1.0,Hanford-Corcoran - CA USA
2019,"East Stroudsburg, PA",2229.0,40153.0,127899.0,2229.0,14644.0,41630.0,170281.0,58503.0,3.072279606053327,2.7419420923245017,1.0,East Stroudsburg - PA USA
2021,"Syracuse, NY",34073.0,175845.0,460842.0,34073.0,88792.0,187757.0,670760.0,310622.0,2.4544597538307493,1.9804149022434454,1.0,Syracuse - NY USA
2012,"La Crosse-Onalaska, WI-MN",5281.0,33860.0,77555.0,5281.0,17033.0,29927.0,116696.0,52241.0,2.591472583285996,1.9879058298596841,1.0,La Crosse-Onalaska - WI USA
2011,"Denver-Aurora-Lakewood, CO",32322.0,886803.0,1692932.0,32322.0,372832.0,639016.0,2612057.0,1044170.0,2.6492795172577837,2.3785592438417305,1.0,Denver - CO USA
2017,"Columbia, MO",8651.0,67436.0,102149.0,8651.0,30465.0,39890.0,178236.0,79006.0,2.560767109551266,2.2135565402921387,1.0,Columbia - MO USA
2009,"Olympia-Tumwater, WA",2609.0,72044.0,176396.0,2609.0,29383.0,67319.0,251049.0,99311.0,2.6203003609679287,2.451893952285335,1.0,Olympia - WA USA
2017,"Miami-Fort Lauderdale-West Palm Beach, FL",85383.0,2399621.0,3633696.0,85383.0,850091.0,1245894.0,6118700.0,2181368.0,2.916537040871856,2.822781325763948,1.0,Miami - FL USA
2013,"Yuba City, CA",2366.0,70964.0,95632.0,2366.0,24076.0,32731.0,168962.0,59173.0,2.92175613332926,2.9474995846486127,1.0,Yuba City - CA USA
2005,"Tucson, AZ",0.0,291321.0,610252.0,,126290.0,237418.0,901573.0,,2.570369559174115,2.306762213952015,,Tucson - AZ USA
2020,"Prescott, AZ",5115.0,59074.0,177081.0,5115.0,27907.0,78707.0,241270.0,111729.0,2.249876122835326,2.1168165693195258,1.0,Prescott - AZ USA
2016,"Louisville/Jefferson County, KY-IN",26137.0,389418.0,844103.0,26137.0,168871.0,324482.0,1259658.0,519490.0,2.6013862094045277,2.3060087285561166,1.0,Louisville - KY USA
2018,"Pueblo, CO",4504.0,53549.0,101386.0,4504.0,22630.0,39519.0,159439.0,66653.0,2.565500139173562,2.366283694211224,1.0,Pueblo - CO USA
2018,"Spartanburg, SC",7996.0,83598.0,222957.0,7996.0,33457.0,82560.0,314551.0,124013.0,2.700545058139535,2.4986699345428462,1.0,Spartanburg - SC USA
2019,"Atlantic City-Hammonton, NJ",5517.0,77616.0,170689.0,5517.0,33420.0,64208.0,253822.0,103145.0,2.6583759033142287,2.3224416517055655,1.0,Atlantic City - NJ USA
2022,"Lansing-East Lansing, MI",21008.0,124489.0,326406.0,21008.0,63478.0,130960.0,471903.0,215446.0,2.4924098961514964,1.9611361416553768,1.0,Lansing - MI USA
2014,"Provo-Orem, UT",13112.0,164999.0,382356.0,13112.0,49166.0,101844.0,560467.0,164122.0,3.754330151997172,3.3559573689134767,1.0,Provo - UT USA
2015,"Atlanta-Sandy Springs-Roswell, GA",86802.0,2079396.0,3517086.0,86802.0,771978.0,1245588.0,5683284.0,2104368.0,2.8236351024576343,2.6935948951913136,1.0,Atlanta - GA USA
2014,"St. Louis, MO-IL",56515.0,790565.0,1990579.0,56515.0,348789.0,761432.0,2837659.0,1166736.0,2.6142570840206347,2.2665995773949295,1.0,Saint Louis - MO USA
2020,"Binghamton, NY",10511.0,63880.0,151000.0,10511.0,34294.0,63026.0,225391.0,107831.0,2.39583663884746,1.8627165101767074,1.0,Binghamton - NY USA
2011,"Grand Junction, CO",2871.0,37162.0,104109.0,2871.0,16823.0,41768.0,144142.0,61462.0,2.492554108408351,2.20899958390299,1.0,Grand Junction - CO USA
2023,"Pittsfield, MA",6047.0,32290.0,88667.0,6047.0,17620.0,41188.0,127004.0,64855.0,2.1527386617461395,1.8325766174801361,1.0,Pittsfield - MA USA
2014,"Memphis, TN-MS-AR",21176.0,484590.0,730855.0,21176.0,182713.0,271322.0,1236621.0,475211.0,2.6936813085558855,2.652192235910964,1.0,Memphis - TN USA
2007,"North Port-Sarasota-Bradenton, FL",5684.0,167238.0,514053.0,5684.0,70646.0,226240.0,686975.0,302570.0,2.2721578854314,2.367267785861903,1.0,Sarasota - FL USA
2018,"Punta Gorda, FL",3561.0,29519.0,151879.0,3561.0,12287.0,62688.0,184959.0,78536.0,2.42277628892292,2.4024578823146414,1.0,Punta Gorda - FL USA
2011,"Racine, WI",4763.0,59592.0,130645.0,4763.0,24108.0,51795.0,195000.0,80666.0,2.5223477169610966,2.471876555500249,1.0,Racine - WI USA
2014,"Blacksburg-Christiansburg-Radford, VA",13088.0,61691.0,105870.0,13088.0,26775.0,40409.0,180649.0,80272.0,2.61996089979955,2.3040522875816993,1.0,Blacksburg - VA USA
2008,"Phoenix-Mesa-Scottsdale, AZ",62097.0,1365884.0,2904071.0,62097.0,464753.0,1018127.0,4332052.0,1544977.0,2.8523661586422913,2.938946063823149,1.0,Phoenix - AZ USA
2023,"Chattanooga, TN-GA",14173.0,164884.0,380385.0,14173.0,72505.0,152576.0,559442.0,239254.0,2.493085413171141,2.2741052341217847,1.0,Chattanooga - TN USA
2006,"Chicago-Naperville-Elgin, IL-IN-WI",163291.0,2583980.0,6748168.0,163291.0,1055728.0,2324895.0,9495439.0,3543914.0,2.90256893322064,2.447581195156328,1.0,Chicago - IL USA
2010,"Cincinnati, OH-KY-IN",46058.0,574328.0,1443421.0,46058.0,247306.0,540262.0,2063807.0,833626.0,2.671705579885315,2.3223375089969513,1.0,Cincinnati - OH USA
2022,"Modesto, CA",6018.0,197389.0,347974.0,6018.0,66111.0,110989.0,551381.0,183118.0,3.1352115975457027,2.985720984405016,1.0,Modesto - CA USA
2022,"Santa Fe, NM",2716.0,37433.0,105028.0,2716.0,21413.0,46859.0,145177.0,70988.0,2.241362385027423,1.7481436510530985,1.0,Santa Fe - NM USA
2008,"Sheboygan, WI",3163.0,23473.0,87876.0,3163.0,13311.0,32880.0,114512.0,49354.0,2.6726277372262772,1.7634287431447675,1.0,Sheboygan - WI USA
2013,"Cape Coral-Fort Myers, FL",11380.0,233232.0,416633.0,11380.0,74991.0,166249.0,661245.0,252620.0,2.506078232049516,3.1101332159859183,1.0,Fort Myers - FL USA
2008,"Deltona-Daytona Beach-Ormond Beach, FL",15977.0,148379.0,498121.0,15977.0,61224.0,203394.0,662477.0,280595.0,2.449044711250086,2.423543055011107,1.0,Daytona Beach - FL USA
2021,"Springfield, OH",2781.0,36844.0,95881.0,2781.0,16482.0,40531.0,135506.0,59794.0,2.3656213762305396,2.235408324232496,1.0,Springfield - OH USA
2013,"Lubbock, TX",12397.0,108714.0,168624.0,12397.0,44237.0,61601.0,289735.0,118235.0,2.7373581597701335,2.4575355471663993,1.0,Lubbock - TX USA
2023,"Shreveport-Bossier City, LA",9382.0,130383.0,251868.0,9382.0,58447.0,109225.0,391633.0,177054.0,2.3059555962462808,2.2307902886375692,1.0,Shreveport - LA USA
2016,"Memphis, TN-MS-AR",22128.0,510474.0,704591.0,22128.0,196825.0,263270.0,1237193.0,482223.0,2.6763056937744523,2.5935424869808203,1.0,Memphis - TN USA
2014,"Las Vegas-Henderson-Paradise, NV",21759.0,1000367.0,1047030.0,21759.0,361242.0,370079.0,2069156.0,753080.0,2.8292067369399505,2.769243332724323,1.0,Las Vegas - NV USA
2010,"Binghamton, NY",12307.0,63386.0,175311.0,12307.0,30098.0,70732.0,251004.0,113137.0,2.4785245716224624,2.105987108777992,1.0,Binghamton - NY USA
2005,"Muncie, IN",0.0,32953.0,75332.0,,15792.0,30494.0,108285.0,,2.4703876172361774,2.0866894630192503,,Muncie - IN USA
2019,"Fayetteville-Springdale-Rogers, AR-MO",11123.0,179787.0,327597.0,11123.0,73804.0,116194.0,518507.0,201121.0,2.819396870750641,2.436006178526909,1.0,Northwest Arkansas - AR USA
2021,"Springfield, IL",2857.0,47605.0,143589.0,2857.0,24351.0,60063.0,194051.0,87271.0,2.3906398281804107,1.9549505153792452,1.0,Springfield - IL USA
2015,"Spokane-Spokane Valley, WA",16784.0,207002.0,369718.0,16784.0,88030.0,147613.0,593504.0,252427.0,2.504643899927513,2.3514938089287742,1.0,Spokane - WA USA
2016,"Austin-Round Rock, TX",43611.0,782225.0,1272798.0,43611.0,316474.0,440816.0,2098634.0,800901.0,2.887367972124424,2.4716880375639074,1.0,Austin - TX USA
2018,"Florence, SC",4466.0,65861.0,134922.0,4466.0,25134.0,50693.0,205249.0,80293.0,2.6615509044641272,2.6203946844911274,1.0,
2009,"Decatur, IL",2638.0,30874.0,74701.0,2638.0,14199.0,31423.0,108213.0,48260.0,2.377271425389046,2.1743784773575605,1.0,Decatur - IL USA
2018,"Syracuse, NY",32720.0,197400.0,432685.0,32720.0,87091.0,173446.0,662805.0,293257.0,2.494638100619213,2.266594711279007,1.0,Syracuse - NY USA
2006,"Burlington, NC",4331.0,48450.0,89953.0,4331.0,19803.0,36577.0,142734.0,60711.0,2.459277688164694,2.446599000151492,1.0,Burlington - NC USA
2012,"Springfield, MA",19823.0,187298.0,366831.0,19823.0,80026.0,140128.0,573952.0,239977.0,2.6178279858415165,2.3404643490865467,1.0,Springfield - MA USA
2008,"Binghamton, NY",11631.0,59411.0,174299.0,11631.0,29898.0,68349.0,245341.0,109878.0,2.550132408667281,1.9871228844738777,1.0,Binghamton - NY USA
2014,"Bridgeport-Stamford-Norwalk, CT",17709.0,281153.0,646183.0,17709.0,111717.0,226703.0,945045.0,356129.0,2.8503504585294417,2.5166536874423766,1.0,Stamford - CT USA
2010,"Johnstown, PA",6624.0,27848.0,91145.0,6624.0,14107.0,37317.0,125617.0,58048.0,2.4424525015408527,1.974055433472744,1.0,Johnstown - PA USA
2016,"Lafayette, LA",9158.0,159246.0,376170.0,9158.0,62321.0,134934.0,544574.0,206413.0,2.787807372493219,2.5552542481667495,1.0,Lafayette - LA USA
2010,"Burlington, NC",3182.0,49653.0,98684.0,3182.0,20507.0,39304.0,151519.0,62993.0,2.5107877060858947,2.42127078558541,1.0,Burlington - NC USA
2016,"Hanford-Corcoran, CA",14440.0,68819.0,66517.0,14440.0,22045.0,21044.0,149776.0,57529.0,3.160853449914465,3.1217509639374006,1.0,Hanford-Corcoran - CA USA
2006,"Bridgeport-Stamford-Norwalk, CT",19826.0,215524.0,664793.0,19826.0,94484.0,231428.0,900143.0,345738.0,2.872569438443058,2.2810634604800812,1.0,Stamford - CT USA
2020,"Homosassa Springs, FL",2535.0,18154.0,130377.0,2535.0,7885.0,61276.0,151066.0,71696.0,2.12770089431425,2.3023462270133166,1.0,
2020,"Raleigh, NC",27467.0,415575.0,1021360.0,27467.0,185347.0,358590.0,1464402.0,571404.0,2.848266822833877,2.2421458129886105,1.0,Raleigh - NC USA
2018,"Greenville, NC",7087.0,81152.0,91942.0,7087.0,33280.0,36008.0,180181.0,76375.0,2.5533770273272607,2.4384615384615387,1.0,Greenville - NC USA
2021,"Dayton, OH",28401.0,254936.0,531161.0,28401.0,116213.0,222292.0,814498.0,366906.0,2.3894742050995985,2.1936960581002127,1.0,Dayton - OH USA
2020,"Yuma, AZ",7599.0,49706.0,162813.0,7599.0,19041.0,57424.0,220118.0,84064.0,2.835277932571747,2.6104721390683263,1.0,Yuma - AZ USA
2022,"Wenatchee, WA",2892.0,36718.0,84853.0,2892.0,15149.0,33366.0,124463.0,51407.0,2.5430977641910926,2.423790349197967,1.0,
2006,"Birmingham-Hoover, AL",22347.0,246259.0,757458.0,22347.0,108209.0,295072.0,1026064.0,425628.0,2.5670277084914868,2.2757718858874956,1.0,Birmingham - AL USA
2005,"Modesto, CA",0.0,174056.0,321362.0,,58147.0,100839.0,495418.0,,3.186882059520622,2.99337885015564,,Modesto - CA USA
2007,"Dover, DE",3868.0,38351.0,109856.0,3868.0,17247.0,40183.0,152075.0,61298.0,2.7338924420774955,2.223633095610831,1.0,Dover - DE USA
2020,"Louisville/Jefferson County, KY-IN",25093.0,323248.0,930704.0,25093.0,154191.0,367212.0,1279045.0,546496.0,2.534514122632158,2.096412890505931,1.0,Louisville - KY USA
2016,"Tyler, TX",6143.0,73338.0,146532.0,6143.0,24703.0,51089.0,226013.0,81935.0,2.8681712305975844,2.9687892158847102,1.0,Tyler - TX USA
2009,"Lake Charles, LA",3997.0,46897.0,136668.0,3997.0,21320.0,51126.0,187562.0,76443.0,2.6731604271799085,2.199671669793621,1.0,Lake Charles - LA USA
2023,Not in identifiable area,2430943.0,17067361.0,49978432.0,2430943.0,7968288.0,20268407.0,69476736.0,30667638.0,2.465829307651065,2.141910658851688,1.0,
2016,"Sebastian-Vero Beach, FL",1967.0,34883.0,114955.0,1967.0,12638.0,42789.0,151805.0,57394.0,2.686554955712917,2.760167748061402,1.0,
2023,"Greensboro-High Point, NC",30150.0,264871.0,540675.0,30150.0,121293.0,221101.0,835696.0,372544.0,2.4453756428057765,2.183728657053581,1.0,Greensboro - NC USA
2016,"Florence, SC",4997.0,59313.0,142068.0,4997.0,22212.0,53905.0,206378.0,81114.0,2.635525461459976,2.670313344138304,1.0,
2023,"Orlando-Kissimmee-Sanford, FL",50126.0,984711.0,1783939.0,50126.0,407222.0,666441.0,2818776.0,1123789.0,2.6768146017426897,2.4181183727794666,1.0,Orlando - FL USA
2008,"Los Angeles-Long Beach-Anaheim, CA",237215.0,5877082.0,6755936.0,237215.0,2018313.0,2121602.0,12870233.0,4377130.0,3.184355972515109,2.9118783855625963,1.0,Los Angeles - CA USA
2023,"Muncie, IN",7892.0,32180.0,72071.0,7892.0,15532.0,28829.0,112143.0,52253.0,2.4999479690589337,2.0718516610867885,1.0,Muncie - IN USA
2005,"St. Louis, MO-IL",0.0,635410.0,1996228.0,,284388.0,758750.0,2631638.0,,2.6309429983525536,2.2343066514761523,,Saint Louis - MO USA
2022,"Springfield, MA",34509.0,185030.0,353984.0,34509.0,87434.0,138214.0,573523.0,260157.0,2.5611298421288726,2.1162248095706477,1.0,Springfield - MA USA
2006,"Athens-Clarke County, GA",9856.0,74317.0,96860.0,9856.0,28674.0,36490.0,181033.0,75020.0,2.654425870101398,2.5917904722047846,1.0,Athens - GA USA
2023,"Seattle-Tacoma-Bellevue, WA",72705.0,1376188.0,2596297.0,72705.0,648444.0,979249.0,4045190.0,1700398.0,2.6513144256465924,2.1222927500293007,1.0,Seattle - WA USA
2005,"Norwich-New London, CT",0.0,71299.0,179466.0,,33583.0,71281.0,250765.0,,2.5177256211332613,2.123068219039395,,Norwich - CT USA
2010,"Dover, DE",5657.0,36376.0,120666.0,5657.0,13691.0,41206.0,162699.0,60554.0,2.9283599475804496,2.6569279088452267,1.0,Dover - DE USA
2014,"Nashville-Davidson--Murfreesboro--Franklin, TN",38267.0,634432.0,1257361.0,38267.0,256061.0,471504.0,1930060.0,765832.0,2.6667027215039534,2.4776596201686316,1.0,Nashville - TN USA
2018,"Kankakee, IL",5234.0,33144.0,71350.0,5234.0,12939.0,27703.0,109728.0,45876.0,2.5755333357398116,2.561558080222583,1.0,Kankakee - IL USA
2006,"Utica-Rome, NY",15750.0,82868.0,198236.0,15750.0,40180.0,78385.0,296854.0,134315.0,2.5290042737768705,2.0624191139870582,1.0,Utica - NY USA
2013,"Indianapolis-Carmel-Anderson, IN",38010.0,625911.0,1288626.0,38010.0,261767.0,477737.0,1952547.0,777514.0,2.697354402108273,2.3910997184519056,1.0,Indianapolis - IN USA
2017,"Clarksville, TN-KY",12005.0,121821.0,186392.0,12005.0,48246.0,69405.0,320218.0,129656.0,2.6855702038758014,2.5249968909339633,1.0,Clarksville - TN USA
2012,"Greenville, NC",6718.0,78584.0,87421.0,6718.0,34348.0,35393.0,172723.0,76459.0,2.470008193710621,2.2878770234074763,1.0,Greenville - NC USA
2023,"Las Cruces, NM",5197.0,64417.0,155565.0,5197.0,29939.0,57750.0,225179.0,92886.0,2.6937662337662336,2.151608270149304,1.0,Las Cruces - NM USA
2023,"Naples-Immokalee-Marco Island, FL",5518.0,95150.0,303696.0,5518.0,37294.0,128899.0,404364.0,171711.0,2.356077238768338,2.551348742425055,1.0,Naples - FL USA
2021,"Coeur d'Alene, ID",1647.0,42809.0,130376.0,1647.0,17514.0,48413.0,174832.0,67574.0,2.6929956829777124,2.4442731529062462,1.0,
2019,"Little Rock-North Little Rock-Conway, AR",13128.0,236209.0,463390.0,13128.0,99890.0,177007.0,712727.0,290025.0,2.617919065347698,2.364691160276304,1.0,Little Rock - AR USA
2010,"Pueblo, CO",2562.0,51264.0,98736.0,2562.0,19992.0,40090.0,152562.0,62644.0,2.4628585682215016,2.5642256902761105,1.0,Pueblo - CO USA
2012,"Redding, CA",2324.0,70998.0,105042.0,2324.0,25822.0,42343.0,178364.0,70489.0,2.4807406182840137,2.7495159166602123,1.0,Redding - CA USA
2012,"Elkhart-Goshen, IN",3857.0,57764.0,138252.0,3857.0,23443.0,47415.0,199873.0,74715.0,2.915786143625435,2.464019110182144,1.0,Elkhart - IN USA
2011,"Memphis, TN-MS-AR",22496.0,484002.0,815387.0,22496.0,185072.0,295948.0,1321885.0,503516.0,2.7551698271317933,2.6152092158727416,1.0,Memphis - TN USA
2019,"Akron, OH",17235.0,209490.0,476603.0,17235.0,94903.0,190746.0,703328.0,302884.0,2.498626445639751,2.2074117783420966,1.0,Akron - OH USA
2017,"Shreveport-Bossier City, LA",9597.0,160751.0,243445.0,9597.0,64211.0,97459.0,413793.0,171267.0,2.4979222031828767,2.5034807120275344,1.0,Shreveport - LA USA
2005,"Ann Arbor, MI",0.0,95185.0,218027.0,,48380.0,82385.0,313212.0,,2.6464404928081566,1.9674452252997106,,Ann Arbor - MI USA
2009,"Gulfport-Biloxi-Pascagoula, MS",4878.0,99179.0,210066.0,4878.0,37336.0,76763.0,314123.0,118977.0,2.7365527663066844,2.6563906149560745,1.0,Gulfport-Biloxi-Pascagoula - MS USA
2006,"Houma-Thibodaux, LA",3230.0,52243.0,168715.0,3230.0,20437.0,58127.0,224188.0,81794.0,2.902523784127858,2.5562949552282626,1.0,Houma-Thibodaux - LA USA
2021,"Grand Junction, CO",3838.0,33944.0,100600.0,3838.0,16899.0,39515.0,138382.0,60252.0,2.5458686574718463,2.0086395644712707,1.0,Grand Junction - CO USA
2013,"Toledo, OH",17967.0,215358.0,415824.0,17967.0,95465.0,164655.0,649149.0,278087.0,2.5254258904983145,2.2558843555229666,1.0,Toledo - OH USA
2021,"Fayetteville, NC",15500.0,144496.0,176008.0,15500.0,62080.0,67819.0,336004.0,145399.0,2.595260915082794,2.327577319587629,1.0,Fayetteville - NC USA
2023,"Tyler, TX",5967.0,71008.0,168339.0,5967.0,25476.0,56510.0,245314.0,87953.0,2.978924084232879,2.7872507457999687,1.0,Tyler - TX USA
2017,"Hilton Head Island-Bluffton-Beaufort, SC",5558.0,62956.0,146814.0,5558.0,21759.0,57458.0,215328.0,84775.0,2.555153329388423,2.8933314950135576,1.0,Hilton Head Island - SC USA
2017,"Harrisburg-Carlisle, PA",20939.0,156200.0,394895.0,20939.0,70440.0,155914.0,572034.0,247293.0,2.532774478238003,2.217490062464509,1.0,Harrisburg - PA USA
2005,"Bend-Redmond, OR",0.0,42198.0,99969.0,,18721.0,39650.0,142167.0,,2.5212862547288775,2.254046258212702,,Bend - OR USA
2013,"Stockton-Lodi, CA",15961.0,313277.0,375499.0,15961.0,94514.0,121793.0,704737.0,232268.0,3.0830918033056087,3.3146094758448483,1.0,Stockton - CA USA
2014,"Brownsville-Harlingen, TX",3558.0,131732.0,284891.0,3558.0,38678.0,82330.0,420181.0,124566.0,3.460354670229564,3.4058637985418065,1.0,Brownsville-Harlingen - TX USA
2017,"Bangor, ME",7219.0,37747.0,107040.0,7219.0,17121.0,43500.0,152006.0,67840.0,2.460689655172414,2.2047193505052274,1.0,Bangor - ME USA
2012,"Bangor, ME",6385.0,43623.0,103201.0,6385.0,22378.0,40793.0,153209.0,69556.0,2.5298703208883877,1.9493699168826526,1.0,Bangor - ME USA
2007,"Winston-Salem, NC",16349.0,172543.0,430841.0,16349.0,73469.0,172102.0,619733.0,261920.0,2.5034049575251887,2.3485143393812358,1.0,Winston-Salem - NC USA
2008,"Manchester-Nashua, NH",4745.0,99931.0,244096.0,4745.0,43446.0,88572.0,348772.0,136763.0,2.7559048006141897,2.3001196888090965,1.0,Manchester - NH USA
2021,"Milwaukee-Waukesha-West Allis, WI",29023.0,521500.0,1016406.0,29023.0,250547.0,398758.0,1566929.0,678328.0,2.548929425867318,2.0814457965970456,1.0,Milwaukee - WI USA
2014,"Spartanburg, SC",8123.0,90748.0,195211.0,8123.0,36265.0,73914.0,294082.0,118302.0,2.6410558216305438,2.5023576451123675,1.0,Spartanburg - SC USA
2021,"Canton-Massillon, OH",8860.0,106592.0,285294.0,8860.0,51487.0,116846.0,400746.0,177193.0,2.4416240179381408,2.0702701652844406,1.0,Canton - OH USA
2013,"Binghamton, NY",10060.0,61347.0,161844.0,10060.0,28442.0,63524.0,233251.0,102026.0,2.547761475977583,2.156915828704029,1.0,Binghamton - NY USA
2016,"New Orleans-Metairie, LA",25007.0,443973.0,800085.0,25007.0,187257.0,295724.0,1269065.0,507988.0,2.705512572533849,2.370928723625819,1.0,New Orleans - LA USA
2023,"Sacramento--Roseville--Arden-Arcade, CA",44778.0,813843.0,1563296.0,44778.0,324307.0,564312.0,2421917.0,933397.0,2.770268929244815,2.509483298232847,1.0,Sacramento - CA USA
2009,"Port St. Lucie, FL",6974.0,108622.0,290797.0,6974.0,36638.0,118974.0,406393.0,162586.0,2.4442062971741727,2.964736066379169,1.0,Port St. Lucie - FL USA
2013,"Roanoke, VA",9119.0,94703.0,230062.0,9119.0,41847.0,96848.0,333884.0,147814.0,2.375495622005617,2.2630774010084354,1.0,
2006,"Springfield, MA",36125.0,184123.0,376647.0,36125.0,80751.0,141494.0,596895.0,258370.0,2.6619291277368653,2.280132753773947,1.0,Springfield - MA USA
2015,"Worcester, MA-CT",38252.0,280369.0,612250.0,38252.0,120182.0,222851.0,930871.0,381285.0,2.747351369300564,2.332870146943802,1.0,Worcester - MA USA
2007,"Detroit-Warren-Dearborn, MI",62598.0,1011269.0,3394072.0,62598.0,430235.0,1248571.0,4467939.0,1741404.0,2.7183652351368086,2.3505037944379237,1.0,Detroit - MI USA
2009,"Richmond, VA",40995.0,327366.0,748122.0,40995.0,135002.0,285931.0,1116483.0,461928.0,2.6164424284180448,2.4248974089272752,1.0,Richmond - VA USA
2012,"Urban Honolulu, HI",37294.0,395720.0,543486.0,37294.0,141425.0,166648.0,976500.0,345367.0,3.261281263501512,2.7980908608803254,1.0,Honolulu - HI USA
2019,"Worcester, MA-CT",37436.0,278945.0,631298.0,37436.0,126066.0,237732.0,947679.0,401234.0,2.655502835125267,2.212690178160646,1.0,Worcester - MA USA
2022,"Jackson, TN",5252.0,33161.0,77630.0,5252.0,14920.0,29527.0,116043.0,49699.0,2.629119111321841,2.222587131367292,1.0,Jackson - TN USA
2018,"Anchorage, AK",10513.0,125284.0,322058.0,10513.0,50992.0,108885.0,457855.0,170390.0,2.9577811452449834,2.4569344210856605,1.0,Anchorage - AK USA
2014,"New York-Newark-Jersey City, NY-NJ-PA",416594.0,9021780.0,10599187.0,416594.0,3516574.0,3616124.0,20037561.0,7549292.0,2.9310905820707474,2.565502673909322,1.0,New York - NY USA
2010,"Redding, CA",2611.0,58159.0,116337.0,2611.0,22873.0,45036.0,177107.0,70520.0,2.5832001065814016,2.5426922572465354,1.0,Redding - CA USA
2009,"Charleston-North Charleston, SC",18799.0,220402.0,459417.0,18799.0,89671.0,170055.0,698618.0,278525.0,2.7015789009438125,2.4578960868062136,1.0,Charleston - SC USA
2007,"Augusta-Richmond County, GA-SC",19859.0,128248.0,334480.0,19859.0,55665.0,127142.0,482587.0,202666.0,2.6307593084897203,2.3039252672235695,1.0,Augusta - GA USA
2007,"Las Cruces, NM",5229.0,58221.0,135278.0,5229.0,23553.0,46283.0,198728.0,75065.0,2.9228442408659765,2.4719144058081772,1.0,Las Cruces - NM USA
2016,"Amarillo, TX",9911.0,87265.0,156332.0,9911.0,34245.0,57661.0,253508.0,101817.0,2.7112259586202114,2.548255219740108,1.0,Amarillo - TX USA
2005,"Mansfield, OH",0.0,27160.0,94830.0,,13944.0,38127.0,121990.0,,2.487213785506334,1.9477911646586346,,Mansfield - OH USA
2011,"Port St. Lucie, FL",6874.0,110723.0,310719.0,6874.0,39412.0,124696.0,428316.0,170982.0,2.4918120869955733,2.8093727798640007,1.0,Port St. Lucie - FL USA
2023,"College Station-Bryan, TX",16235.0,108760.0,119253.0,16235.0,49663.0,42553.0,244248.0,108451.0,2.8024581110614997,2.189960332642007,1.0,College Station-Bryan - TX USA
2013,"East Stroudsburg, PA",2182.0,31267.0,133541.0,2182.0,12822.0,45674.0,166990.0,60678.0,2.923785961378465,2.4385431289970363,1.0,East Stroudsburg - PA USA
2007,"Greenville, NC",4463.0,59764.0,87936.0,4463.0,29503.0,35046.0,152163.0,69012.0,2.5091593905153227,2.0256923024777143,1.0,Greenville - NC USA
2019,"Lancaster, PA",11443.0,141894.0,392365.0,11443.0,63721.0,140978.0,545702.0,216142.0,2.7831647491097904,2.2268012115315203,1.0,Lancaster - PA USA
2015,"Madera, CA",7990.0,65088.0,81061.0,7990.0,17305.0,27919.0,154139.0,53214.0,2.9034349367814034,3.7612250794568043,1.0,Madera - CA USA
2020,"Sheboygan, WI",2805.0,26028.0,84341.0,2805.0,12280.0,34998.0,113174.0,50083.0,2.4098805646036916,2.119543973941368,1.0,Sheboygan - WI USA
2006,"San Luis Obispo-Paso Robles-Arroyo Grande, CA",17706.0,91007.0,148422.0,17706.0,41317.0,60690.0,257135.0,119713.0,2.4455758774097873,2.2026526611322215,1.0,San Luis Obispo - CA USA
2010,"Lynchburg, VA",11890.0,63797.0,161194.0,11890.0,26342.0,64778.0,236881.0,103010.0,2.488406557781963,2.421873813681573,1.0,Lynchburg - VA USA
2021,"Johnstown, PA",5786.0,23875.0,101893.0,5786.0,12666.0,42662.0,131554.0,61114.0,2.3883784163892927,1.8849676298752567,1.0,Johnstown - PA USA
2018,"Bismarck, ND",4197.0,32623.0,100017.0,4197.0,18288.0,41102.0,136837.0,63587.0,2.4333852367281397,1.7838473315835521,1.0,
2011,"Bloomington, IN",13536.0,55185.0,71109.0,13536.0,24574.0,29046.0,139830.0,67156.0,2.4481512084280106,2.2456661512167333,1.0,Bloomington - IN USA
2015,"Pittsfield, MA",7755.0,36623.0,84207.0,7755.0,18845.0,36652.0,128585.0,63252.0,2.2974735348684927,1.943380206951446,1.0,Pittsfield - MA USA
2022,"Goldsboro, NC",3090.0,43647.0,70664.0,3090.0,18181.0,29102.0,117401.0,50373.0,2.42814926809154,2.400693031186403,1.0,Goldsboro - NC USA
2014,"Colorado Springs, CO",17133.0,233049.0,436867.0,17133.0,92760.0,162570.0,687049.0,272463.0,2.6872547210432427,2.51238680465718,1.0,Colorado Springs - CO USA
2022,"Chicago-Naperville-Elgin, IL-IN-WI",146083.0,2726658.0,6521022.0,146083.0,1286591.0,2421976.0,9393763.0,3854650.0,2.6924387359742625,2.1192888804600685,1.0,Chicago - IL USA
2012,"State College, PA",16297.0,51301.0,87726.0,16297.0,21679.0,35301.0,155324.0,73277.0,2.485085408345373,2.366391438719498,1.0,State College - PA USA
2017,"Glens Falls, NY",4186.0,32108.0,89911.0,4186.0,13857.0,36277.0,126205.0,54320.0,2.478457424814621,2.317096052536624,1.0,Glens Falls - NY USA
2022,"Redding, CA",3999.0,54905.0,121970.0,3999.0,23141.0,48072.0,180874.0,75212.0,2.537235812947246,2.3726286677325956,1.0,Redding - CA USA
2020,"Atlanta-Sandy Springs-Roswell, GA",93172.0,1827712.0,4177869.0,93172.0,774198.0,1458438.0,6098753.0,2325808.0,2.8646188593550086,2.3607810921753867,1.0,Atlanta - GA USA
2018,"Trenton, NJ",15531.0,125594.0,228202.0,15531.0,50491.0,82488.0,369327.0,148510.0,2.7664872466298127,2.487453209482878,1.0,Trenton - NJ USA
2014,"Barnstable Town, MA",3217.0,45345.0,194458.0,3217.0,22306.0,82712.0,243020.0,108235.0,2.351025244220911,2.0328611136017214,1.0,Barnstable Town - MA USA
2022,"Canton-Massillon, OH",8216.0,104357.0,287360.0,8216.0,49099.0,117358.0,399933.0,174673.0,2.448576151604492,2.125440436668771,1.0,Canton - OH USA
2019,"Waco, TX",9065.0,91166.0,156000.0,9065.0,35743.0,57278.0,256231.0,102086.0,2.7235587834770767,2.550597319754917,1.0,Waco - TX USA
2006,"Cleveland-Elyria, OH",39697.0,530119.0,1544585.0,39697.0,249109.0,586075.0,2114401.0,874881.0,2.635473275604658,2.128060407291587,1.0,Cleveland - OH USA
2013,"Monroe, LA",9576.0,54707.0,92363.0,9576.0,21973.0,34505.0,156646.0,66054.0,2.676800463700913,2.489737404997042,1.0,Monroe - LA USA
2005,"Battle Creek, MI",0.0,27199.0,105611.0,,13295.0,40860.0,132810.0,,2.584703866862457,2.045806694245957,,Battle Creek - MI USA
2015,"Brownsville-Harlingen, TX",4374.0,137644.0,280206.0,4374.0,42038.0,80430.0,422224.0,126842.0,3.4838493099589707,3.2742756553594368,1.0,Brownsville-Harlingen - TX USA
2022,"Salinas, CA",21741.0,235450.0,243248.0,21741.0,70823.0,82197.0,500439.0,174761.0,2.959329415915423,3.3244849836917387,1.0,Salinas - CA USA
2018,"Saginaw, MI",6586.0,50981.0,133410.0,6586.0,24115.0,54625.0,190977.0,85326.0,2.442288329519451,2.1140783744557328,1.0,Saginaw - MI USA
2005,"Colorado Springs, CO",0.0,163471.0,375616.0,,72565.0,139319.0,539087.0,,2.6960859609959877,2.252752704471853,,Colorado Springs - CO USA
2009,"Bloomington, IN",15749.0,46485.0,68538.0,15749.0,24799.0,29055.0,130772.0,69603.0,2.3589055240061954,1.8744707447880964,1.0,Bloomington - IN USA
2006,"Canton-Massillon, OH",8671.0,99393.0,302119.0,8671.0,46318.0,116308.0,410183.0,171297.0,2.5975771228118445,2.145882810138607,1.0,Canton - OH USA
2005,"Greenville-Anderson-Mauldin, SC",0.0,225104.0,644606.0,,97307.0,249257.0,869710.0,,2.586109918678312,2.3133381976630663,,Greenville - SC USA
2013,"Scranton--Wilkes-Barre--Hazleton, PA",18634.0,145384.0,339030.0,18634.0,64545.0,134504.0,503048.0,217683.0,2.5205941830726224,2.2524440312959952,1.0,Scranton - PA USA
2009,"Muncie, IN",8516.0,35128.0,71089.0,8516.0,16082.0,29905.0,114733.0,54503.0,2.377161009864571,2.184305434647432,1.0,Muncie - IN USA
2019,"Tucson, AZ",30621.0,352515.0,663418.0,30621.0,151519.0,258884.0,1046554.0,441024.0,2.562607190865407,2.3265399058863907,1.0,Tucson - AZ USA
2017,"Bremerton-Silverdale, WA",7112.0,79380.0,179718.0,7112.0,34918.0,69984.0,266210.0,112014.0,2.5679869684499312,2.273326078240449,1.0,Bremerton - WA USA
2023,"Minneapolis-St. Paul-Bloomington, MN-WI",70240.0,836992.0,2772199.0,70240.0,435906.0,1052642.0,3679431.0,1558788.0,2.6335629777265206,1.9201203929287507,1.0,Minneapolis - MN USA
2018,"Toledo, OH",17905.0,212947.0,413699.0,17905.0,95804.0,167767.0,644551.0,281476.0,2.465914035537382,2.2227360026721223,1.0,Toledo - OH USA
2019,"Ogden-Clearfield, UT",5309.0,123907.0,486121.0,5309.0,49615.0,147605.0,615337.0,202529.0,3.293391145286406,2.4973697470523026,1.0,Ogden - UT USA
2005,"Greenville, NC",0.0,54777.0,84343.0,,25356.0,33158.0,139120.0,,2.5436697026358646,2.1603170847136774,,Greenville - NC USA
2021,"Yuba City, CA",2330.0,73491.0,106650.0,2330.0,26809.0,34788.0,182471.0,63927.0,3.0657123145912384,2.741280913126189,1.0,Yuba City - CA USA
2009,"Midland, TX",802.0,36845.0,94623.0,802.0,14149.0,32414.0,132270.0,47365.0,2.919201579564386,2.60407095907838,1.0,Midland - TX USA
2007,"Owensboro, KY",5010.0,30738.0,68302.0,5010.0,13766.0,29441.0,104050.0,48217.0,2.3199619578139328,2.232892634025861,1.0,Owensboro - KY USA
2012,"Yuba City, CA",2304.0,66581.0,99109.0,2304.0,22802.0,33298.0,167994.0,58404.0,2.9764250105111416,2.919963161126217,1.0,Yuba City - CA USA
2018,"Elkhart-Goshen, IN",3425.0,55349.0,146604.0,3425.0,21663.0,51997.0,205378.0,77085.0,2.819470354058888,2.5550016156580346,1.0,Elkhart - IN USA
2014,"Niles-Benton Harbor, MI",5228.0,44428.0,105628.0,5228.0,19908.0,43076.0,155284.0,68212.0,2.4521311170953664,2.2316656620454087,1.0,Niles-Benton Harbor - MI USA
2007,"San Diego-Carlsbad, CA",105491.0,1228314.0,1639489.0,105491.0,461069.0,584195.0,2973294.0,1150755.0,2.8064071072159127,2.6640567897646554,1.0,San Diego - CA USA
2017,"Santa Maria-Santa Barbara, CA",19830.0,215511.0,212821.0,19830.0,71199.0,76266.0,448162.0,167295.0,2.7905095324259825,3.0268824000337085,1.0,Santa Barbara - CA USA
2020,"Ann Arbor, MI",20189.0,115970.0,230463.0,20189.0,56061.0,89808.0,366622.0,166058.0,2.566174505611972,2.068639517668254,1.0,Ann Arbor - MI USA
2023,"Bellingham, WA",4609.0,71858.0,154977.0,4609.0,33840.0,59609.0,231444.0,98058.0,2.599892633662702,2.1234633569739954,1.0,Bellingham - WA USA
2021,"Mobile, AL",6443.0,135154.0,271681.0,6443.0,57820.0,105142.0,413278.0,169405.0,2.5839436191055905,2.337495676236596,1.0,Mobile - AL USA
2020,"San Angelo, TX",7549.0,35484.0,76164.0,7549.0,15063.0,29271.0,119197.0,51883.0,2.602029312288613,2.3557060346544514,1.0,San Angelo - TX USA
2008,"Yuba City, CA",1304.0,70237.0,93713.0,1304.0,23243.0,32972.0,165254.0,57519.0,2.842199441950746,3.0218560426795165,1.0,Yuba City - CA USA
2012,"Madera, CA",7159.0,67502.0,76905.0,7159.0,16874.0,24161.0,151566.0,48194.0,3.183022225901246,4.000355576626763,1.0,Madera - CA USA
2015,"San Jose-Sunnyvale-Santa Clara, CA",35261.0,803926.0,1077675.0,35261.0,276654.0,357130.0,1916862.0,669045.0,3.017598633550808,2.905889667237777,1.0,San Jose - CA USA
2016,"Pueblo, CO",4112.0,53873.0,99595.0,4112.0,20846.0,38618.0,157580.0,63576.0,2.5789787145890517,2.584332725702773,1.0,Pueblo - CO USA
2013,"Sheboygan, WI",2554.0,27942.0,83839.0,2554.0,13256.0,34039.0,114335.0,49849.0,2.4630277035165546,2.1078756789378397,1.0,Sheboygan - WI USA
2021,"San Francisco-Oakland-Hayward, CA",73672.0,1838997.0,2711297.0,73672.0,758799.0,960250.0,4623966.0,1792721.0,2.8235324134340014,2.4235627616799706,1.0,San Francisco - CA USA
2010,"Las Vegas-Henderson-Paradise, NV",20832.0,864729.0,1068383.0,20832.0,314828.0,384129.0,1953944.0,719789.0,2.7813130484811093,2.7466711982415797,1.0,Las Vegas - NV USA
2011,"Atlantic City-Hammonton, NJ",7807.0,80417.0,185827.0,7807.0,32916.0,66846.0,274051.0,107569.0,2.7799269963797384,2.443097581723174,1.0,Atlantic City - NJ USA
2006,"Valdosta, GA",6328.0,45188.0,67526.0,6328.0,18931.0,27121.0,119042.0,52380.0,2.4898049481951254,2.386984311446833,1.0,Valdosta - GA USA
2023,"Palm Bay-Melbourne-Titusville, FL",10134.0,145956.0,487895.0,10134.0,60013.0,198641.0,643985.0,268788.0,2.4561646387201033,2.432073050838985,1.0,Melbourne - FL USA
2007,"Lafayette, LA",5986.0,122469.0,266802.0,5986.0,51854.0,98918.0,395257.0,156758.0,2.6972037445156594,2.3618042966791375,1.0,Lafayette - LA USA
2021,"Salinas, CA",17629.0,235454.0,249923.0,17629.0,73272.0,80259.0,503006.0,171160.0,3.113956067232335,3.213423954580194,1.0,Salinas - CA USA
2013,"Jackson, MI",9337.0,41434.0,109667.0,9337.0,18845.0,42390.0,160438.0,70572.0,2.587096013210663,2.1986733881666223,1.0,Jackson - MI USA
2021,"Jackson, TN",5190.0,35178.0,76895.0,5190.0,16107.0,30244.0,117263.0,51541.0,2.542487766168496,2.1840193704600486,1.0,Jackson - TN USA
2022,"Scranton--Wilkes-Barre--Hazleton, PA",15794.0,157996.0,333574.0,15794.0,73555.0,137828.0,507364.0,227177.0,2.420219403894709,2.1479980966623615,1.0,Scranton - PA USA
2018,"Lawrence, KS",8291.0,47166.0,66136.0,8291.0,23021.0,25885.0,121593.0,57197.0,2.554993239327796,2.048824985882455,1.0,
2018,"Sacramento--Roseville--Arden-Arcade, CA",37057.0,880949.0,1426664.0,37057.0,327840.0,507612.0,2344670.0,872509.0,2.810540333955856,2.687130917520742,1.0,Sacramento - CA USA
2023,"Bakersfield, CA",19351.0,345126.0,549550.0,19351.0,115252.0,174592.0,914027.0,309195.0,3.147624175219941,2.9945337174192206,1.0,Bakersfield - CA USA
2010,"El Centro, CA",10700.0,70052.0,94405.0,10700.0,20734.0,27472.0,175157.0,58906.0,3.4364079790331976,3.3786051895437446,1.0,El Centro - CA USA
2005,"Las Cruces, NM",0.0,62236.0,120920.0,,22492.0,44017.0,183156.0,,2.7471204307426675,2.7670282767206116,,Las Cruces - NM USA
2013,"Olympia-Tumwater, WA",3920.0,87939.0,170111.0,3920.0,36364.0,63451.0,261970.0,103735.0,2.680982175221825,2.4182983170168297,1.0,Olympia - WA USA
2021,"Lebanon, PA",3346.0,35839.0,104456.0,3346.0,15856.0,39050.0,143641.0,58252.0,2.6749295774647885,2.260280020181635,1.0,Lebanon - PA USA
2017,"El Paso, TX",14384.0,292027.0,534155.0,14384.0,103594.0,165929.0,840566.0,283907.0,3.219178082191781,2.8189566963337644,1.0,El Paso - TX USA
2020,"Eau Claire, WI",6827.0,34334.0,107161.0,6827.0,17456.0,39017.0,148322.0,63300.0,2.7465207473665325,1.9668881759853345,1.0,Eau Claire - WI USA
2006,"Vineland-Bridgeton, NJ",11313.0,46403.0,97103.0,11313.0,16507.0,33540.0,154819.0,61360.0,2.895140131186643,2.811110437996002,1.0,Vineland - NJ USA
2012,"Rocky Mount, NC",3441.0,51368.0,96660.0,3441.0,20019.0,35849.0,151469.0,59309.0,2.6963095204887164,2.565962335781008,1.0,Rocky Mount - NC USA
2020,"Anniston-Oxford-Jacksonville, AL",2471.0,28282.0,83529.0,2471.0,13081.0,31281.0,114282.0,46833.0,2.6702790831495156,2.1620671202507453,1.0,Anniston-Oxford - AL USA
2006,"Reno, NV",7968.0,141386.0,246995.0,7968.0,60013.0,96021.0,396349.0,164002.0,2.572301892294394,2.3559228833752686,1.0,Reno - NV USA
2012,"Bakersfield, CA",30649.0,353206.0,472113.0,30649.0,106245.0,149721.0,855968.0,286615.0,3.1532851103051676,3.324448209327498,1.0,Bakersfield - CA USA
2015,"Anniston-Oxford-Jacksonville, AL",2974.0,38178.0,74345.0,2974.0,13493.0,30830.0,115497.0,47297.0,2.4114498864742133,2.8294671311050172,1.0,Anniston-Oxford - AL USA
2007,"Terre Haute, IN",12789.0,34569.0,100805.0,12789.0,17843.0,40145.0,148163.0,70777.0,2.5110225432806077,1.9373984195482823,1.0,Terre Haute - IN USA
2023,"Nashville-Davidson--Murfreesboro--Franklin, TN",37009.0,652932.0,1446521.0,37009.0,307653.0,570248.0,2136462.0,914910.0,2.5366524740113072,2.122300123840821,1.0,Nashville - TN USA
2013,"Kankakee, IL",5151.0,32241.0,74336.0,5151.0,13606.0,28216.0,111728.0,46973.0,2.634533597958605,2.369616345729825,1.0,Kankakee - IL USA
2023,"Hattiesburg, MS",6466.0,45240.0,128885.0,6466.0,22746.0,48013.0,180591.0,77225.0,2.684377147855789,1.9889211289897124,1.0,Hattiesburg - MS USA
2013,"Bismarck, ND",4080.0,27412.0,96746.0,4080.0,14901.0,38554.0,128238.0,57535.0,2.509363490169632,1.8396080799946313,1.0,
2007,"Santa Maria-Santa Barbara, CA",19125.0,178443.0,206787.0,19125.0,65623.0,76843.0,404355.0,161591.0,2.691032364691644,2.719214299864377,1.0,Santa Barbara - CA USA
2022,"Albany-Schenectady-Troy, NY",35829.0,251576.0,587721.0,35829.0,135287.0,231835.0,875126.0,402951.0,2.5350831410270236,1.8595726122982992,1.0,Albany - NY USA
2015,"Asheville, NC",11235.0,156215.0,340943.0,11235.0,69810.0,141129.0,508393.0,222174.0,2.4158252379029115,2.237716659504369,1.0,
2012,"Joplin, MO",3373.0,51983.0,118982.0,3373.0,23392.0,45353.0,174338.0,72118.0,2.623464820408793,2.2222554719562244,1.0,Joplin - MO USA
2017,"Anniston-Oxford-Jacksonville, AL",3673.0,31202.0,80256.0,3673.0,13240.0,31267.0,115131.0,48180.0,2.5667956631592412,2.3566465256797584,1.0,Anniston-Oxford - AL USA
2011,"Vallejo-Fairfield, CA",12295.0,153863.0,250642.0,12295.0,53546.0,86447.0,416800.0,152288.0,2.8993718694691544,2.8734732753146828,1.0,Vallejo-Fairfield - CA USA
2016,"Bellingham, WA",5339.0,80961.0,130510.0,5339.0,34241.0,49770.0,216810.0,89350.0,2.6222624070725336,2.364446131830262,1.0,Bellingham - WA USA
2009,"Manchester-Nashua, NH",6246.0,105245.0,239616.0,6246.0,45046.0,88786.0,351107.0,140078.0,2.6988038654742863,2.336389468543267,1.0,Manchester - NH USA
2020,"Lawrence, KS",7711.0,48105.0,71526.0,7711.0,23357.0,26299.0,127342.0,57367.0,2.7197231833910034,2.0595538810634926,1.0,
2008,"Lewiston-Auburn, ME",4909.0,30261.0,71730.0,4909.0,14200.0,29134.0,106900.0,48243.0,2.462071806137159,2.131056338028169,1.0,Lewiston-Auburn - ME USA
2007,"Greensboro-High Point, NC",23145.0,229255.0,504628.0,23145.0,101379.0,201584.0,757028.0,326108.0,2.5033137550599256,2.2613657660856785,1.0,Greensboro - NC USA
2015,"Gainesville, FL",18281.0,104921.0,137181.0,18281.0,44559.0,51869.0,260383.0,114709.0,2.6447589118741446,2.354653380910703,1.0,Gainesville - FL USA
2016,"Wilmington, NC",7493.0,97305.0,177153.0,7493.0,43880.0,70145.0,281951.0,121518.0,2.5255256967709743,2.217525068368277,1.0,
2020,"Denver-Aurora-Lakewood, CO",32428.0,957885.0,2108848.0,32428.0,426441.0,759290.0,3099161.0,1218159.0,2.777394671337697,2.2462310143724453,1.0,Denver - CO USA
2015,"Akron, OH",16204.0,213906.0,474524.0,16204.0,97233.0,185222.0,704634.0,298659.0,2.561920290246299,2.1999321218104964,1.0,Akron - OH USA
2014,"Louisville/Jefferson County, KY-IN",27488.0,383260.0,834724.0,27488.0,165032.0,320650.0,1245472.0,513170.0,2.6032246998284734,2.322337486063309,1.0,Louisville - KY USA
2006,"Grand Junction, CO",3848.0,34877.0,92499.0,3848.0,15659.0,37045.0,131224.0,56552.0,2.496936158725874,2.2272814355961428,1.0,Grand Junction - CO USA
2017,"Reno, NV",5761.0,179864.0,274773.0,5761.0,75274.0,105575.0,460398.0,186610.0,2.6026331991475256,2.3894571830911073,1.0,Reno - NV USA
2010,"Provo-Orem, UT",15823.0,139921.0,364363.0,15823.0,43130.0,96984.0,520107.0,155937.0,3.756939288954879,3.244168792024113,1.0,Provo - UT USA
2009,"Minneapolis-St. Paul-Bloomington, MN-WI",61071.0,732219.0,2353434.0,61071.0,335951.0,876938.0,3146724.0,1273960.0,2.6836948564208645,2.179541064024218,1.0,Minneapolis - MN USA
2022,"Yuma, AZ",6855.0,62635.0,154603.0,6855.0,27198.0,62162.0,224093.0,96215.0,2.487098227212767,2.3029266857857196,1.0,Yuma - AZ USA
2014,"Fort Collins, CO",9221.0,106864.0,207833.0,9221.0,46299.0,78866.0,323918.0,134386.0,2.635267415616362,2.3081276053478477,1.0,Fort Collins - CO USA
2008,"Glens Falls, NY",6322.0,35230.0,87159.0,6322.0,16882.0,36207.0,128711.0,59411.0,2.4072416935951613,2.086838052363464,1.0,Glens Falls - NY USA
2013,"Virginia Beach-Norfolk-Newport News, VA-NC",67900.0,609971.0,971936.0,67900.0,241031.0,362560.0,1649807.0,671491.0,2.6807590467784643,2.5306744775568286,1.0,Norfolk - VA USA
2013,"Rockford, IL",4660.0,96803.0,243101.0,4660.0,41497.0,89795.0,344564.0,135952.0,2.7072888245447966,2.332771043689905,1.0,Rockford - IL USA
2019,"Washington-Arlington-Alexandria, DC-VA-MD-WV",105621.0,2023210.0,4042090.0,105621.0,814381.0,1394919.0,6170921.0,2314921.0,2.897723810486487,2.4843531467458106,1.0,Washington - DC USA
2019,"Cleveland-Elyria, OH",42895.0,644331.0,1361444.0,42895.0,312871.0,559757.0,2048670.0,915523.0,2.432205403416125,2.0594142633865076,1.0,Cleveland - OH USA
2023,"Deltona-Daytona Beach-Ormond Beach, FL",19903.0,172496.0,529694.0,19903.0,73379.0,226699.0,722093.0,319981.0,2.336551991848222,2.3507543030022213,1.0,Daytona Beach - FL USA
2021,"Hartford-West Hartford-East Hartford, CT",44898.0,332906.0,835142.0,44898.0,156120.0,332053.0,1212946.0,533071.0,2.5150864470430925,2.132372533948245,1.0,Hartford - CT USA
2009,"College Station-Bryan, TX",12268.0,81581.0,86074.0,12268.0,35285.0,30421.0,179923.0,77974.0,2.829427040531212,2.312058948561712,1.0,College Station-Bryan - TX USA
2022,"Beaumont-Port Arthur, TX",16679.0,120872.0,256225.0,16679.0,50510.0,101753.0,393776.0,168942.0,2.5181075742238557,2.3930310829538706,1.0,Beaumont - TX USA
2015,"Hanford-Corcoran, CA",17257.0,70079.0,63752.0,17257.0,22367.0,20325.0,151088.0,59949.0,3.1366297662976628,3.1331425761166005,1.0,Hanford-Corcoran - CA USA
2018,"Merced, CA",6243.0,127633.0,140985.0,6243.0,36213.0,43274.0,274861.0,85730.0,3.2579609003096546,3.524507773451523,1.0,Merced - CA USA
2022,"Cape Coral-Fort Myers, FL",12964.0,224691.0,584870.0,12964.0,88220.0,251046.0,822525.0,352230.0,2.3297323996399064,2.546939469508048,1.0,Fort Myers - FL USA
2022,"Lawrence, KS",8168.0,48209.0,63808.0,8168.0,24206.0,26042.0,120185.0,58416.0,2.45019583749328,1.9916136495083863,1.0,
2017,"San Angelo, TX",5675.0,38128.0,74239.0,5675.0,14788.0,27272.0,118042.0,47735.0,2.722169257846876,2.578306735190695,1.0,San Angelo - TX USA
2018,"Jacksonville, FL",29350.0,518615.0,956141.0,29350.0,208911.0,353945.0,1504106.0,592206.0,2.701382983231858,2.4824686110353213,1.0,Jacksonville - FL USA
2019,"Bend-Redmond, OR",1416.0,55315.0,141034.0,1416.0,22857.0,53671.0,197765.0,77944.0,2.6277505543030686,2.4200463752898456,1.0,Bend - OR USA
2007,Not in identifiable area,2501295.0,16882592.0,47868939.0,2501295.0,7333385.0,18772966.0,67252826.0,28607646.0,2.549886842601217,2.3021554166322917,1.0,
2011,"El Paso, TX",13193.0,302729.0,504131.0,13193.0,101743.0,155543.0,820053.0,270479.0,3.2411037462309458,2.9754282849925793,1.0,El Paso - TX USA
2023,"Canton-Massillon, OH",6834.0,102794.0,288862.0,6834.0,49371.0,118744.0,398490.0,174949.0,2.4326450178535337,2.0820724716939094,1.0,Canton - OH USA
2007,"Jackson, TN",3803.0,36127.0,71453.0,3803.0,15197.0,29821.0,111383.0,48821.0,2.3960631769558365,2.377245508982036,1.0,Jackson - TN USA
2022,"Lewiston-Auburn, ME",4030.0,32026.0,76905.0,4030.0,14805.0,31428.0,112961.0,50263.0,2.4470217640320735,2.163188112124282,1.0,Lewiston-Auburn - ME USA
2023,"Cheyenne, WY",1023.0,29525.0,70202.0,1023.0,14048.0,30412.0,100750.0,45483.0,2.308365119031961,2.101722665148064,1.0,
2017,"Homosassa Springs, FL",3121.0,31367.0,111357.0,3121.0,11531.0,49759.0,145845.0,64411.0,2.237926807210756,2.7202324169629692,1.0,
2014,"McAllen-Edinburg-Mission, TX",10309.0,246062.0,574469.0,10309.0,72178.0,153820.0,830840.0,236307.0,3.73468339617735,3.4090997256781845,1.0,McAllen - TX USA
2021,"Sheboygan, WI",3007.0,22739.0,91854.0,3007.0,13844.0,35572.0,117600.0,52423.0,2.582199482739233,1.6425166136954636,1.0,Sheboygan - WI USA
2016,"Waco, TX",9403.0,94533.0,143827.0,9403.0,36002.0,51161.0,247763.0,96566.0,2.8112624850960692,2.625770790511638,1.0,Waco - TX USA
2015,"Bend-Redmond, OR",1339.0,67615.0,106397.0,1339.0,24576.0,44848.0,175351.0,70763.0,2.3723911880128434,2.7512613932291665,1.0,Bend - OR USA
2015,"Phoenix-Mesa-Scottsdale, AZ",77550.0,1780057.0,2703208.0,77550.0,631701.0,972695.0,4560815.0,1681946.0,2.7790910819938417,2.8178790282111317,1.0,Phoenix - AZ USA
2020,"Lancaster, PA",12017.0,127950.0,402660.0,12017.0,61875.0,149589.0,542627.0,223481.0,2.6917754647734795,2.067878787878788,1.0,Lancaster - PA USA
2017,"Oklahoma City, OK",35497.0,490574.0,929453.0,35497.0,193943.0,343177.0,1455524.0,572617.0,2.7083778924578277,2.5294751550713355,1.0,Oklahoma City - OK USA
2023,"Corpus Christi, TX",15399.0,157666.0,309751.0,15399.0,66562.0,114954.0,482816.0,196915.0,2.694564782434713,2.368708872930501,1.0,Corpus Christi - TX USA
2009,"Utica-Rome, NY",18596.0,77664.0,197487.0,18596.0,36942.0,80670.0,293747.0,136208.0,2.4480847898847156,2.10232255968816,1.0,Utica - NY USA
2005,"Pittsfield, MA",0.0,26996.0,83291.0,,15079.0,33671.0,110287.0,,2.4736717056220487,1.790304396843292,,Pittsfield - MA USA
2023,"Lewiston-Auburn, ME",4366.0,38288.0,71142.0,4366.0,17645.0,30595.0,113796.0,52606.0,2.3252819088086287,2.169906489090394,1.0,Lewiston-Auburn - ME USA
2014,"Oklahoma City, OK",38147.0,479326.0,891420.0,38147.0,192842.0,332767.0,1408893.0,563756.0,2.6788113003993788,2.485589238858755,1.0,Oklahoma City - OK USA
2013,"Mansfield, OH",7073.0,36665.0,78077.0,7073.0,15942.0,31905.0,121815.0,54920.0,2.4471712897664943,2.2998996361811566,1.0,Mansfield - OH USA
2022,"State College, PA",22918.0,48544.0,87804.0,22918.0,24084.0,36373.0,159266.0,83375.0,2.4139883979875183,2.0156120245806344,1.0,State College - PA USA
2011,"Michigan City-La Porte, IN",8491.0,25423.0,77280.0,8491.0,10619.0,31457.0,111194.0,50567.0,2.456686905935086,2.3941049063000284,1.0,Michigan City-La Porte - IN USA
2014,"Pensacola-Ferry Pass-Brent, FL",24825.0,156091.0,292501.0,24825.0,63744.0,107436.0,473417.0,196005.0,2.7225604080568897,2.4487167419678717,1.0,Pensacola - FL USA
2022,"San Antonio-New Braunfels, TX",49283.0,819110.0,1701885.0,49283.0,350199.0,591145.0,2570278.0,990627.0,2.8789637060281317,2.3389844060091547,1.0,San Antonio - TX USA
2013,"Jefferson City, MO",9832.0,38701.0,99646.0,9832.0,16384.0,37595.0,148179.0,63811.0,2.6505120361750234,2.36212158203125,1.0,
2011,"Lancaster, PA",14462.0,134331.0,374889.0,14462.0,57114.0,136117.0,523682.0,207693.0,2.7541673707178385,2.3519802500262634,1.0,Lancaster - PA USA
2010,"La Crosse-Onalaska, WI-MN",5479.0,34376.0,75036.0,5479.0,16306.0,29593.0,114891.0,51378.0,2.535599635048829,2.108181037654851,1.0,La Crosse-Onalaska - WI USA
2016,"Redding, CA",3593.0,60903.0,115204.0,3593.0,24409.0,47687.0,179700.0,75689.0,2.41583660117013,2.495104264820353,1.0,Redding - CA USA
2023,"Denver-Aurora-Lakewood, CO",33663.0,967205.0,2027451.0,33663.0,466150.0,791026.0,3028319.0,1290839.0,2.5630649308619438,2.074879330687547,1.0,Denver - CO USA
2019,"Omaha-Council Bluffs, NE-IA",20517.0,298838.0,721864.0,20517.0,136014.0,270623.0,1041219.0,427154.0,2.6674155559579193,2.1971120619936184,1.0,Omaha - NE USA
2009,"Jacksonville, NC",33177.0,63515.0,76640.0,33177.0,27277.0,32588.0,173332.0,93042.0,2.351785933472444,2.328518532096638,1.0,Jacksonville - NC USA
2013,"Visalia-Porterville, CA",6104.0,215115.0,233413.0,6104.0,61881.0,71528.0,454632.0,139513.0,3.263239570517839,3.476268967857662,1.0,Visalia - CA USA
2017,"Deltona-Daytona Beach-Ormond Beach, FL",11110.0,203687.0,434349.0,11110.0,76778.0,183224.0,649146.0,271112.0,2.370590097367157,2.6529344343431713,1.0,Daytona Beach - FL USA
2008,"Decatur, IL",3377.0,27484.0,77298.0,3377.0,13336.0,32623.0,108159.0,49336.0,2.3694326088955644,2.0608878224355127,1.0,Decatur - IL USA
2011,"Billings, MT",3642.0,38091.0,108195.0,3642.0,17858.0,41417.0,149928.0,62917.0,2.6123330999348093,2.1329936163064174,1.0,Billings - MT USA
2017,"Decatur, AL",2206.0,35276.0,114197.0,2206.0,13999.0,42692.0,151679.0,58897.0,2.6749039632718072,2.519894278162726,1.0,Decatur - AL USA
2019,"Norwich-New London, CT",11140.0,79227.0,174682.0,11140.0,38324.0,71428.0,265049.0,120892.0,2.445567564540516,2.0672946456528547,1.0,Norwich - CT USA
2015,"El Centro, CA",10178.0,75885.0,94292.0,10178.0,19642.0,25516.0,180355.0,55336.0,3.695406803574228,3.8634049485795745,1.0,El Centro - CA USA
2006,"Atlantic City-Hammonton, NJ",10774.0,74121.0,186799.0,10774.0,33022.0,70483.0,271694.0,114279.0,2.650270277939361,2.2445945127490763,1.0,Atlantic City - NJ USA
2013,"San Antonio-New Braunfels, TX",40200.0,782334.0,1389161.0,40200.0,295554.0,460238.0,2211695.0,795992.0,3.018353547512374,2.6470086684666763,1.0,San Antonio - TX USA
2015,"State College, PA",19014.0,56059.0,85905.0,19014.0,24281.0,31835.0,160978.0,75130.0,2.6984451075859903,2.308759935752234,1.0,State College - PA USA
2009,"Boise City, ID",15304.0,160183.0,395714.0,15304.0,60971.0,145285.0,571201.0,221560.0,2.723708572805176,2.6271998163061125,1.0,Boise - ID USA
2007,"Valdosta, GA",4397.0,40268.0,79621.0,4397.0,16548.0,30222.0,124286.0,51167.0,2.6345377539540733,2.4334058496495046,1.0,Valdosta - GA USA
2009,"McAllen-Edinburg-Mission, TX",4545.0,217084.0,519611.0,4545.0,68834.0,151082.0,741240.0,224461.0,3.439264770124833,3.153732167242932,1.0,McAllen - TX USA
2022,"Palm Bay-Melbourne-Titusville, FL",8965.0,146808.0,475474.0,8965.0,61389.0,194334.0,631247.0,264688.0,2.4466845739808782,2.3914382055417094,1.0,Melbourne - FL USA
2013,"Springfield, IL",3344.0,57067.0,137966.0,3344.0,25052.0,57708.0,198377.0,86104.0,2.3907603798433494,2.2779418808877536,1.0,Springfield - IL USA
2009,"Huntsville, AL",13326.0,99590.0,293452.0,13326.0,43621.0,111630.0,406368.0,168577.0,2.628791543491893,2.2830746658719425,1.0,Huntsville - AL USA
2011,"San Francisco-Oakland-Hayward, CA",80217.0,1849509.0,2461042.0,80217.0,750405.0,872437.0,4390768.0,1703059.0,2.8208821955052343,2.464681072221001,1.0,San Francisco - CA USA
2017,"Beaumont-Port Arthur, TX",18668.0,106496.0,273599.0,18668.0,45696.0,99020.0,398763.0,163384.0,2.7630680670571603,2.330532212885154,1.0,Beaumont - TX USA
2012,"Laredo, TX",3459.0,91034.0,164822.0,3459.0,25004.0,43976.0,259315.0,72439.0,3.747998908495543,3.6407774756039033,1.0,Laredo - TX USA
2022,"Cleveland, TN",2807.0,33425.0,93084.0,2807.0,13838.0,35541.0,129316.0,52186.0,2.6190596775554993,2.4154502095678567,1.0,
2018,"Joplin, MO",3999.0,57750.0,117591.0,3999.0,24609.0,46536.0,179340.0,75144.0,2.5268824136152657,2.3467024259417286,1.0,Joplin - MO USA
2007,"Lincoln, NE",12302.0,89684.0,173697.0,12302.0,38997.0,69622.0,275683.0,120921.0,2.4948579472005976,2.299766648716568,1.0,Lincoln - NE USA
2016,"Bridgeport-Stamford-Norwalk, CT",18474.0,295387.0,630424.0,18474.0,116745.0,218573.0,944285.0,353792.0,2.884272073860907,2.5301897297528804,1.0,Stamford - CT USA
2018,"Cincinnati, OH-KY-IN",49267.0,642060.0,1449166.0,49267.0,289724.0,552625.0,2140493.0,891616.0,2.6223315991857046,2.21610912454612,1.0,Cincinnati - OH USA
2023,"Oklahoma City, OK",31342.0,468412.0,916302.0,31342.0,214504.0,345627.0,1416056.0,591473.0,2.651129686048833,2.183698206094059,1.0,Oklahoma City - OK USA
2007,"Rocky Mount, NC",6488.0,50167.0,89119.0,6488.0,21784.0,36794.0,145774.0,65066.0,2.422106865249769,2.3029287550495776,1.0,Rocky Mount - NC USA
2021,"Brownsville-Harlingen, TX",2210.0,135529.0,285165.0,2210.0,46927.0,88808.0,422904.0,137945.0,3.2110282857400234,2.888081488269014,1.0,Brownsville-Harlingen - TX USA
2023,"Virginia Beach-Norfolk-Newport News, VA-NC",52465.0,572513.0,1082103.0,52465.0,254995.0,423219.0,1707081.0,730679.0,2.5568393668526226,2.2451930430008433,1.0,Norfolk - VA USA
2012,"Greenville-Anderson-Mauldin, SC",25134.0,266400.0,625729.0,25134.0,112203.0,236755.0,917263.0,374092.0,2.642938903085468,2.3742680676987247,1.0,Greenville - SC USA
2007,"Elkhart-Goshen, IN",2564.0,54472.0,141041.0,2564.0,21751.0,49606.0,198077.0,73921.0,2.8432246099262186,2.504344627833203,1.0,Elkhart - IN USA
2009,"Greenville-Anderson-Mauldin, SC",31664.0,266818.0,659698.0,31664.0,110901.0,258835.0,958180.0,401400.0,2.54872022717175,2.4059115787955023,1.0,Greenville - SC USA
2011,"Bellingham, WA",5391.0,70143.0,128368.0,5391.0,29697.0,50261.0,203902.0,85349.0,2.5540279739758462,2.361955753106374,1.0,Bellingham - WA USA
2013,"Charleston-North Charleston, SC",16314.0,244842.0,450863.0,16314.0,97149.0,170854.0,712019.0,284317.0,2.6388788088075197,2.5202729827378563,1.0,Charleston - SC USA
2013,"Boston-Cambridge-Newton, MA-NH",170269.0,1562617.0,3009836.0,170269.0,692401.0,1089627.0,4742722.0,1952297.0,2.7622626825510013,2.256809276705262,1.0,Boston - MA USA
2007,"Toledo, OH",17803.0,161218.0,430953.0,17803.0,76408.0,167313.0,609974.0,261524.0,2.5757293216904844,2.1099623076117684,1.0,Toledo - OH USA
2013,"Ocala, FL",8688.0,86881.0,242482.0,8688.0,34090.0,99008.0,338051.0,141786.0,2.449115223012282,2.548577295394544,1.0,Ocala - FL USA
2006,"Kankakee, IL",4892.0,30313.0,73608.0,4892.0,12760.0,27480.0,108813.0,45132.0,2.6786026200873363,2.375626959247649,1.0,Kankakee - IL USA
2021,"Toledo, OH",15935.0,187503.0,440865.0,15935.0,94115.0,179051.0,644303.0,289101.0,2.462231431268186,1.9922754077458429,1.0,Toledo - OH USA
2022,"Mankato-North Mankato, MN",7184.0,28059.0,68722.0,7184.0,15292.0,25950.0,103965.0,48426.0,2.6482466281310213,1.834880983520795,1.0,
2008,"Gainesville, FL",15663.0,88917.0,136914.0,15663.0,43193.0,55631.0,241494.0,114487.0,2.461109812874117,2.0585974579214223,1.0,Gainesville - FL USA
2008,"Johnstown, PA",7349.0,28774.0,88873.0,7349.0,14603.0,37089.0,124996.0,59041.0,2.396209118606595,1.9704170375950147,1.0,Johnstown - PA USA
2006,"Akron, OH",15084.0,176796.0,509175.0,15084.0,84685.0,196152.0,701055.0,295921.0,2.59581854888046,2.0876896734958965,1.0,Akron - OH USA
2009,"York-Hanover, PA",8952.0,91485.0,328404.0,8952.0,39108.0,126261.0,428841.0,174321.0,2.6009931807921687,2.339291193617674,1.0,York - PA USA
2021,"Yakima, WA",3356.0,94979.0,157637.0,3356.0,33161.0,53830.0,255972.0,90347.0,2.928422812558053,2.8641777992219777,1.0,Yakima - WA USA
2013,"Pittsburgh, PA",64410.0,577248.0,1671185.0,64410.0,292242.0,675694.0,2312843.0,1032346.0,2.4732867244640326,1.97523969860595,1.0,Pittsburgh - PA USA
2012,"North Port-Sarasota-Bradenton, FL",9691.0,218556.0,491511.0,9691.0,85313.0,218040.0,719758.0,313044.0,2.254223995597138,2.5618135571366616,1.0,Sarasota - FL USA
2009,"Medford, OR",4085.0,76082.0,121164.0,4085.0,32034.0,51334.0,201331.0,87453.0,2.360307008999883,2.375039021040145,1.0,Medford - OR USA
2015,"Tucson, AZ",28094.0,370653.0,610630.0,28094.0,154833.0,241160.0,1009377.0,424087.0,2.5320534085254605,2.3938888996531746,1.0,Tucson - AZ USA
2022,"New Haven-Milford, CT",30182.0,285804.0,531319.0,30182.0,133690.0,204012.0,847305.0,367884.0,2.604351704801678,2.1378113546263746,1.0,New Haven - CT USA
2021,"Jackson, MS",22396.0,183350.0,409641.0,22396.0,79967.0,158918.0,615387.0,261281.0,2.5776878641815277,2.292820788575287,1.0,Jackson - MS USA
2016,"Baton Rouge, LA",21745.0,268378.0,543840.0,21745.0,99920.0,196822.0,833963.0,318487.0,2.763105750373434,2.6859287429943954,1.0,Baton Rouge - LA USA
2006,"Springfield, IL",10888.0,57876.0,166171.0,10888.0,27639.0,69457.0,234935.0,107984.0,2.392429848683358,2.0939976120699013,1.0,Springfield - IL USA
2023,"Kansas City, MO-KS",32181.0,640105.0,1601357.0,32181.0,315146.0,612100.0,2273643.0,959427.0,2.616168926645973,2.031137948760257,1.0,Kansas City - MO USA
2022,"San Angelo, TX",4694.0,32209.0,82231.0,4694.0,15700.0,31143.0,119134.0,51537.0,2.640432842051183,2.0515286624203823,1.0,San Angelo - TX USA
2016,"Ocean City, NJ",3381.0,27682.0,73935.0,3381.0,11016.0,31792.0,104998.0,46189.0,2.3255850528434827,2.512890341321714,1.0,Ocean City - NJ USA
2020,"Iowa City, IA",7351.0,53313.0,87344.0,7351.0,25962.0,32900.0,148008.0,66213.0,2.6548328267477204,2.053501271088514,1.0,Iowa City - IA USA
2006,"Gulfport-Biloxi-Pascagoula, MS",5443.0,81748.0,215178.0,5443.0,31516.0,79336.0,302369.0,116295.0,2.712236563476858,2.593857088463003,1.0,Gulfport-Biloxi-Pascagoula - MS USA
2012,"Monroe, MI",1126.0,29713.0,120108.0,1126.0,13407.0,44099.0,150947.0,58632.0,2.7235991745844577,2.216230327440889,1.0,Monroe - MI USA
2019,"Gainesville, GA",1795.0,56367.0,146404.0,1795.0,17176.0,48449.0,204566.0,67420.0,3.0218167557637927,3.2817303213786677,1.0,Gainesville - GA USA
2010,"St. Louis, MO-IL",53400.0,703545.0,1962868.0,53400.0,312852.0,762461.0,2719813.0,1128713.0,2.5743847882055606,2.248810939357907,1.0,Saint Louis - MO USA
2015,"Bangor, ME",6733.0,42268.0,103918.0,6733.0,19363.0,39736.0,152919.0,65832.0,2.6152103885645257,2.1829261994525644,1.0,Bangor - ME USA
2023,"Waco, TX",8208.0,79759.0,180385.0,8208.0,33677.0,63287.0,268352.0,105172.0,2.8502694076192583,2.368352287911631,1.0,Waco - TX USA
2006,"Baton Rouge, LA",22991.0,213808.0,527853.0,22991.0,89828.0,189407.0,764652.0,302226.0,2.7868716573305106,2.3801932582268335,1.0,Baton Rouge - LA USA
2016,"Gainesville, FL",17823.0,118253.0,128495.0,17823.0,44507.0,49920.0,264571.0,112250.0,2.5740184294871793,2.6569528388792776,1.0,Gainesville - FL USA
2009,"Santa Maria-Santa Barbara, CA",15370.0,189706.0,202151.0,15370.0,65085.0,75043.0,407227.0,155498.0,2.6938022200604985,2.91474226012138,1.0,Santa Barbara - CA USA
2008,"Fayetteville, NC",19297.0,115485.0,177949.0,19297.0,47511.0,73538.0,312731.0,140346.0,2.4198237645842964,2.4307002588874154,1.0,Fayetteville - NC USA
2019,"Lynchburg, VA",11817.0,70114.0,184240.0,11817.0,30059.0,72820.0,266171.0,114696.0,2.530074155451799,2.332545992880668,1.0,Lynchburg - VA USA
2007,"Lansing-East Lansing, MI",21348.0,115829.0,319316.0,21348.0,54147.0,123911.0,456493.0,199406.0,2.5769786378933266,2.139158217445103,1.0,Lansing - MI USA
2017,"Ogden-Clearfield, UT",4979.0,134187.0,459413.0,4979.0,46953.0,141337.0,598579.0,193269.0,3.25047935077156,2.8579004536451347,1.0,Ogden - UT USA
2018,"Springfield, OH",2239.0,47552.0,83999.0,2239.0,19681.0,35646.0,133790.0,57566.0,2.356477585142793,2.4161373913927138,1.0,Springfield - OH USA
2012,"Spokane-Spokane Valley, WA",18254.0,187609.0,376095.0,18254.0,82975.0,148626.0,581958.0,249855.0,2.530479189374672,2.2610304308526663,1.0,Spokane - WA USA
2021,"Sebastian-Vero Beach, FL",1543.0,37461.0,124582.0,1543.0,15060.0,54914.0,163586.0,71517.0,2.268674654914958,2.487450199203187,1.0,
2010,"Trenton, NJ",17884.0,103893.0,244787.0,17884.0,42448.0,89051.0,366564.0,149383.0,2.748840552043211,2.447535808518658,1.0,Trenton - NJ USA
2020,"College Station-Bryan, TX",15337.0,101995.0,118515.0,15337.0,41411.0,38630.0,235847.0,95378.0,3.067952368625421,2.4629929245852553,1.0,College Station-Bryan - TX USA
2009,"San Angelo, TX",4107.0,33001.0,74119.0,4107.0,14715.0,28822.0,111227.0,47644.0,2.5716119630837553,2.2426775399252463,1.0,San Angelo - TX USA
2011,"Tampa-St. Petersburg-Clearwater, FL",48326.0,918792.0,1857609.0,48326.0,372076.0,737957.0,2824727.0,1158359.0,2.5172320338447904,2.4693664735161636,1.0,Tampa - FL USA
2014,"Lynchburg, VA",12288.0,68280.0,176544.0,12288.0,28614.0,69784.0,257112.0,110686.0,2.529863579043907,2.386244495701405,1.0,Lynchburg - VA USA
2018,"Montgomery, AL",12426.0,126327.0,235051.0,12426.0,51642.0,91086.0,373804.0,155154.0,2.5805392705794525,2.446206576042756,1.0,Montgomery - AL USA
2009,"Philadelphia-Camden-Wilmington, PA-NJ-DE-MD",194668.0,1535087.0,4259396.0,194668.0,667688.0,1534511.0,5989151.0,2396867.0,2.775735071302845,2.299108266136279,1.0,Philadelphia - PA USA
2022,"Lafayette-West Lafayette, IN",15429.0,69197.0,103382.0,15429.0,34102.0,41940.0,188008.0,91471.0,2.4649976156413924,2.0291185267726233,1.0,
2021,"Cleveland-Elyria, OH",40536.0,603060.0,1430110.0,40536.0,306086.0,583950.0,2073706.0,930572.0,2.449028170220053,1.9702305887887719,1.0,Cleveland - OH USA
2019,"Fayetteville, NC",15387.0,155244.0,163772.0,15387.0,63941.0,64194.0,334403.0,143522.0,2.5512041623827773,2.4279257440452917,1.0,Fayetteville - NC USA
2022,"Muskegon, MI",5452.0,33729.0,136834.0,5452.0,13769.0,53486.0,176015.0,72707.0,2.5583143252439893,2.4496332340765488,1.0,Muskegon - MI USA
2018,"Redding, CA",3686.0,60228.0,116620.0,3686.0,23174.0,45025.0,180534.0,71885.0,2.59011660188784,2.5989470958833176,1.0,Redding - CA USA
2017,"Santa Rosa, CA",7900.0,199718.0,296672.0,7900.0,73396.0,115432.0,504290.0,196728.0,2.570101878162035,2.721101967409668,1.0,Santa Rosa - CA USA
2006,"San Antonio-New Braunfels, TX",65200.0,606072.0,1426747.0,65200.0,234370.0,483700.0,2098019.0,783270.0,2.9496526772793055,2.5859623671971668,1.0,San Antonio - TX USA
2011,"Winston-Salem, NC",13554.0,190477.0,441079.0,13554.0,77969.0,176333.0,645110.0,267856.0,2.501397923247492,2.442983749951904,1.0,Winston-Salem - NC USA
2012,"Monroe, LA",9160.0,58134.0,88668.0,9160.0,23405.0,34728.0,155962.0,67293.0,2.553213545266068,2.483828241828669,1.0,Monroe - LA USA
2022,"Minneapolis-St. Paul-Bloomington, MN-WI",66725.0,870310.0,2717965.0,66725.0,435259.0,1034351.0,3655000.0,1536335.0,2.6277008481646944,1.9995221236091614,1.0,Minneapolis - MN USA
2014,"Raleigh, NC",27838.0,427734.0,846897.0,27838.0,170169.0,309655.0,1302469.0,507662.0,2.7349695629006474,2.5135835551716235,1.0,Raleigh - NC USA
2012,"Cincinnati, OH-KY-IN",45971.0,628128.0,1407593.0,45971.0,272740.0,526950.0,2081692.0,845661.0,2.671207894487143,2.3030285253354843,1.0,Cincinnati - OH USA
2021,"Fresno, CA",16794.0,428767.0,567541.0,16794.0,141301.0,181347.0,1013102.0,339442.0,3.1295858216568235,3.0344229694057367,1.0,Fresno - CA USA
2006,"Flint, MI",5811.0,123750.0,385292.0,5811.0,53859.0,150770.0,514853.0,210440.0,2.5554951250248723,2.297666128223695,1.0,Flint - MI USA
2010,"New Orleans-Metairie, LA",17736.0,411484.0,813226.0,17736.0,168223.0,306983.0,1242446.0,492942.0,2.649091317760267,2.4460626668172605,1.0,New Orleans - LA USA
2011,"Pittsfield, MA",7383.0,28872.0,79381.0,7383.0,15522.0,33373.0,115636.0,56278.0,2.3785994666347046,1.8600695786625434,1.0,Pittsfield - MA USA
2019,"Salt Lake City, UT",15264.0,327898.0,945604.0,15264.0,133281.0,290602.0,1288766.0,439147.0,3.253948699596011,2.460200628746783,1.0,Salt Lake City - UT USA
2016,"Sacramento--Roseville--Arden-Arcade, CA",37879.0,890374.0,1367969.0,37879.0,334491.0,482413.0,2296222.0,854783.0,2.8356802159145795,2.6618773001366254,1.0,Sacramento - CA USA
2005,"Lancaster, PA",0.0,121567.0,353554.0,,54452.0,129142.0,475121.0,,2.7377150733301328,2.2325534415632116,,Lancaster - PA USA
2021,"Florence, SC",3309.0,57488.0,138169.0,3309.0,24160.0,53759.0,198966.0,81228.0,2.5701556948603956,2.3794701986754965,1.0,
2010,"Los Angeles-Long Beach-Anaheim, CA",227578.0,6034387.0,6585791.0,227578.0,2101681.0,2086838.0,12847756.0,4416097.0,3.1558707479928962,2.8712192763792412,1.0,Los Angeles - CA USA
2010,"Detroit-Warren-Dearborn, MI",41028.0,1125990.0,3125273.0,41028.0,477220.0,1178174.0,4292291.0,1696422.0,2.6526412906752315,2.3594778089769917,1.0,Detroit - MI USA
2013,"Lansing-East Lansing, MI",20717.0,151399.0,295345.0,20717.0,66503.0,116632.0,467461.0,203852.0,2.532281020646135,2.2765739891433467,1.0,Lansing - MI USA
2017,"Syracuse, NY",33478.0,197635.0,436345.0,33478.0,88623.0,173103.0,667458.0,295204.0,2.5207246552630513,2.2300644302269164,1.0,Syracuse - NY USA
2012,"Memphis, TN-MS-AR",21489.0,462208.0,751055.0,21489.0,171060.0,277499.0,1234752.0,470048.0,2.7065142577090366,2.702022682099848,1.0,Memphis - TN USA
2021,"Greensboro-High Point, NC",24610.0,234440.0,564200.0,24610.0,106160.0,220241.0,823250.0,351011.0,2.5617391857101994,2.208364732479277,1.0,Greensboro - NC USA
2007,"Memphis, TN-MS-AR",28070.0,420803.0,833386.0,28070.0,171068.0,309345.0,1282259.0,508483.0,2.69403416896992,2.4598580681366475,1.0,Memphis - TN USA
2019,"Niles-Benton Harbor, MI",2638.0,38417.0,111609.0,2638.0,15875.0,45934.0,152664.0,64447.0,2.4297687987111942,2.419968503937008,1.0,Niles-Benton Harbor - MI USA
2006,"Ogden-Clearfield, UT",5870.0,94930.0,388562.0,5870.0,37410.0,119522.0,489362.0,162802.0,3.250966349291344,2.537556802993852,1.0,Ogden - UT USA
2020,"Lima, OH",3917.0,37203.0,62440.0,3917.0,16406.0,24973.0,103560.0,45296.0,2.5003003243502984,2.2676459831768865,1.0,
2012,"Hickory-Lenoir-Morganton, NC",8815.0,114214.0,285107.0,8815.0,47204.0,110152.0,408136.0,166171.0,2.5883052509259934,2.4195830861791374,1.0,Hickory - NC USA
2022,"Hattiesburg, MS",6026.0,52356.0,120325.0,6026.0,22971.0,44993.0,178707.0,73990.0,2.674304891872069,2.2792216272691657,1.0,Hattiesburg - MS USA
2007,"Clarksville, TN-KY",13282.0,85344.0,170630.0,13282.0,33289.0,67021.0,269256.0,113592.0,2.5459184434729414,2.5637297605815736,1.0,Clarksville - TN USA
2021,"La Crosse-Onalaska, WI-MN",4216.0,35168.0,80205.0,4216.0,17458.0,32758.0,119589.0,54432.0,2.4484095488125037,2.0144346431435447,1.0,La Crosse-Onalaska - WI USA
2017,"Muncie, IN",7642.0,39379.0,68329.0,7642.0,18261.0,28327.0,115350.0,54230.0,2.412150951389134,2.1564536443787308,1.0,Muncie - IN USA
2008,"Houma-Thibodaux, LA",3536.0,43799.0,178247.0,3536.0,18642.0,63232.0,225582.0,85410.0,2.8189366143724697,2.3494796695633515,1.0,Houma-Thibodaux - LA USA
2010,"Jackson, TN",3757.0,39009.0,71503.0,3757.0,13852.0,25765.0,114269.0,43374.0,2.775198913254415,2.8161276349985562,1.0,Jackson - TN USA
2008,"Alexandria, LA",4663.0,39331.0,89147.0,4663.0,15357.0,32641.0,133141.0,52661.0,2.7311356882448456,2.5611121963925245,1.0,Alexandria - LA USA
2010,"Buffalo-Cheektowaga-Niagara Falls, NY",30405.0,336616.0,767808.0,30405.0,159842.0,304738.0,1134829.0,494985.0,2.5195676285858672,2.1059296054854166,1.0,Buffalo - NY USA
2019,"Saginaw, MI",6553.0,46550.0,137443.0,6553.0,21225.0,57825.0,190546.0,85603.0,2.3768785127539993,2.193168433451119,1.0,Saginaw - MI USA
2007,"Williamsport, PA",4883.0,29306.0,82522.0,4883.0,13902.0,33858.0,116711.0,52643.0,2.437296946068876,2.1080420083441234,1.0,Williamsport - PA USA
2006,"Bend-Redmond, OR",484.0,40939.0,107721.0,484.0,17708.0,41968.0,149144.0,60160.0,2.566741326725124,2.311892929749266,1.0,Bend - OR USA
2008,"Bremerton-Silverdale, WA",5905.0,67053.0,166726.0,5905.0,28765.0,64635.0,239684.0,99305.0,2.579500270751141,2.331062054580219,1.0,Bremerton - WA USA
2007,"Ocean City, NJ",3166.0,21748.0,71415.0,3166.0,12016.0,34702.0,96329.0,49884.0,2.057950550400553,1.8099201065246338,1.0,Ocean City - NJ USA
2014,"Worcester, MA-CT",35244.0,281900.0,609999.0,35244.0,121431.0,221602.0,927143.0,378277.0,2.7526782249257677,2.321482982105064,1.0,Worcester - MA USA
2016,"Salt Lake City, UT",14360.0,358987.0,866876.0,14360.0,132180.0,271764.0,1240223.0,418304.0,3.189811748428784,2.715894991678015,1.0,Salt Lake City - UT USA
2008,"Virginia Beach-Norfolk-Newport News, VA-NC",60159.0,554240.0,1010961.0,60159.0,224615.0,384946.0,1625360.0,669720.0,2.6262410831649112,2.4675110745052646,1.0,Norfolk - VA USA
2008,"Yakima, WA",4361.0,75541.0,154605.0,4361.0,26392.0,51016.0,234507.0,81769.0,3.0305198369139092,2.8622688693543497,1.0,Yakima - WA USA
2013,"Gadsden, AL",1328.0,25958.0,76689.0,1328.0,11132.0,29003.0,103975.0,41463.0,2.6441747405440816,2.3318361480416816,1.0,Gadsden - AL USA
2009,"Ann Arbor, MI",27293.0,108480.0,211611.0,27293.0,51721.0,82420.0,347384.0,161434.0,2.5674714875030333,2.0974072427060575,1.0,Ann Arbor - MI USA
2013,"Albany-Schenectady-Troy, NY",31229.0,258791.0,554937.0,31229.0,121487.0,213667.0,844957.0,366383.0,2.597204996560068,2.1301950002880967,1.0,Albany - NY USA
2006,"Lewiston-Auburn, ME",5543.0,31381.0,70609.0,5543.0,14763.0,28921.0,107533.0,49227.0,2.441443933473946,2.1256519677572308,1.0,Lewiston-Auburn - ME USA
2021,"Niles-Benton Harbor, MI",3013.0,40540.0,109556.0,3013.0,18497.0,47267.0,153109.0,68777.0,2.3178115810184696,2.1917067632589067,1.0,Niles-Benton Harbor - MI USA
2009,"Youngstown-Warren-Boardman, OH-PA",18107.0,122716.0,421843.0,18107.0,61884.0,171804.0,562666.0,251795.0,2.4553735652254893,1.9830004524594402,1.0,Youngstown - OH USA
2020,"Coeur d'Alene, ID",1404.0,28237.0,117832.0,1404.0,12807.0,47811.0,147473.0,62022.0,2.4645374495409005,2.204809869602561,1.0,
2007,"Madera, CA",8959.0,53583.0,83787.0,8959.0,15934.0,27421.0,146329.0,52314.0,3.0555778418000803,3.3628090874858794,1.0,Madera - CA USA
2007,"East Stroudsburg, PA",5156.0,31864.0,127604.0,5156.0,13600.0,46752.0,164624.0,65508.0,2.7293805612594113,2.342941176470588,1.0,East Stroudsburg - PA USA
2022,"Port St. Lucie, FL",7371.0,103792.0,409817.0,7371.0,39890.0,161196.0,520980.0,208457.0,2.5423521675475818,2.6019553772875406,1.0,Port St. Lucie - FL USA
2016,"Albany-Schenectady-Troy, NY",31798.0,263838.0,555169.0,31798.0,124321.0,206246.0,850805.0,362365.0,2.6917806890800304,2.1222319640286034,1.0,Albany - NY USA
2009,"Gainesville, FL",16634.0,99524.0,127556.0,16634.0,42829.0,52865.0,243714.0,112328.0,2.412862952804313,2.3237525975390505,1.0,Gainesville - FL USA
2022,"Springfield, OH",2502.0,40027.0,92470.0,2502.0,17864.0,38169.0,134999.0,58535.0,2.4226466504231183,2.240651589789521,1.0,Springfield - OH USA
2014,"Lakeland-Winter Haven, FL",12699.0,219031.0,402598.0,12699.0,69391.0,148896.0,634328.0,230986.0,2.703887277025575,3.1564756236399534,1.0,Lakeland - FL USA
2019,"Midland, TX",1822.0,44486.0,130651.0,1822.0,17433.0,41892.0,176959.0,61147.0,3.118757758044495,2.551826994780015,1.0,Midland - TX USA
2014,"Detroit-Warren-Dearborn, MI",44626.0,1223481.0,2939907.0,44626.0,521495.0,1101698.0,4208014.0,1667819.0,2.6685234973649767,2.346103030709786,1.0,Detroit - MI USA
2015,"Memphis, TN-MS-AR",22785.0,479281.0,736570.0,22785.0,185334.0,269846.0,1238636.0,477965.0,2.729593916530169,2.586039258851587,1.0,Memphis - TN USA
2005,"Tampa-St. Petersburg-Clearwater, FL",0.0,711206.0,1877077.0,,322359.0,780768.0,2588283.0,,2.404141819336858,2.2062545174789596,,Tampa - FL USA
2021,"San Jose-Sunnyvale-Santa Clara, CA",34860.0,771530.0,1079962.0,34860.0,287532.0,363062.0,1886352.0,685454.0,2.974593871019275,2.6832839475258408,1.0,San Jose - CA USA
2022,"Lake Havasu City-Kingman, AZ",5041.0,56629.0,159155.0,5041.0,23569.0,75943.0,220825.0,104553.0,2.0957165242352818,2.4026899741185455,1.0,Lake Havasu - AZ USA
2019,"Muskegon, MI",6591.0,38471.0,129177.0,6591.0,17168.0,48981.0,174239.0,72740.0,2.637287927972071,2.240855079217148,1.0,Muskegon - MI USA
2011,"Hanford-Corcoran, CA",21551.0,61372.0,71033.0,21551.0,17949.0,22851.0,153956.0,62351.0,3.1085291672136885,3.4192434118892416,1.0,Hanford-Corcoran - CA USA
2022,"Des Moines-West Des Moines, IA",8656.0,150761.0,466106.0,8656.0,75804.0,180553.0,625523.0,265013.0,2.5815466926608805,1.9888264471531845,1.0,
2011,"New Orleans-Metairie, LA",23806.0,432648.0,804151.0,23806.0,181195.0,301509.0,1260605.0,506510.0,2.6670878812904424,2.3877480062915644,1.0,New Orleans - LA USA
2012,"Albany-Schenectady-Troy, NY",31211.0,255120.0,556078.0,31211.0,118042.0,212536.0,842409.0,361789.0,2.616394399066511,2.1612646346215754,1.0,Albany - NY USA
2021,"Bloomington, IN",16176.0,46299.0,77064.0,16176.0,24597.0,32117.0,139539.0,72890.0,2.399476912538531,1.8823027198438833,1.0,Bloomington - IN USA
2020,"Colorado Springs, CO",18917.0,213194.0,516915.0,18917.0,86028.0,191093.0,749026.0,296038.0,2.705044140811019,2.4781931464174454,1.0,Colorado Springs - CO USA
2017,"Wenatchee, WA",1166.0,43072.0,73676.0,1166.0,15651.0,26818.0,117914.0,43635.0,2.7472593034529047,2.75202862436905,1.0,
2009,"Spartanburg, SC",8119.0,75452.0,203237.0,8119.0,29646.0,77045.0,286808.0,114810.0,2.637899928613148,2.5450988328948254,1.0,Spartanburg - SC USA
2022,"Hartford-West Hartford-East Hartford, CT",49616.0,305472.0,792138.0,49616.0,154796.0,307298.0,1147226.0,511710.0,2.577751889045812,1.9733843251763612,1.0,Hartford - CT USA
2014,"Providence-Warwick, RI-MA",55285.0,561768.0,1013402.0,55285.0,254524.0,378513.0,1630455.0,688322.0,2.677324160596862,2.2071317439612765,1.0,Providence - RI USA
2007,"Evansville, IN-KY",9544.0,62965.0,184684.0,9544.0,30110.0,74265.0,257193.0,113919.0,2.486824210597186,2.0911657256725342,1.0,Evansville - IN USA
2005,"Nashville-Davidson--Murfreesboro--Franklin, TN",0.0,428459.0,1020216.0,,194264.0,396029.0,1448675.0,,2.576114375462403,2.2055501791376684,,Nashville - TN USA
2008,"Madera, CA",13248.0,61371.0,74480.0,13248.0,17297.0,24591.0,149099.0,55136.0,3.028750355821235,3.548071919986125,1.0,Madera - CA USA
2012,"Pensacola-Ferry Pass-Brent, FL",23754.0,149307.0,288401.0,23754.0,61835.0,110578.0,461462.0,196167.0,2.608122773065167,2.4146033799628044,1.0,Pensacola - FL USA
2017,"Omaha-Council Bluffs, NE-IA",20930.0,319454.0,687604.0,20930.0,140860.0,259261.0,1027988.0,421051.0,2.6521690497220947,2.2678830044015332,1.0,Omaha - NE USA
2005,"Erie, PA",0.0,71624.0,193678.0,,32376.0,75702.0,265302.0,,2.5584264616522683,2.212255992092908,,Erie - PA USA
2017,"Jackson, TN",5613.0,38257.0,69499.0,5613.0,14368.0,27479.0,113369.0,47460.0,2.5291677280832636,2.662653118040089,1.0,Jackson - TN USA
2008,"Hickory-Lenoir-Morganton, NC",7903.0,91319.0,263892.0,7903.0,38066.0,98412.0,363114.0,144381.0,2.6815022558224606,2.3989649556034256,1.0,Hickory - NC USA
2013,"Michigan City-La Porte, IN",9554.0,29851.0,72362.0,9554.0,12865.0,29881.0,111767.0,52300.0,2.421672634784646,2.3203264671589583,1.0,Michigan City-La Porte - IN USA
2008,"Bloomington, IL",10062.0,42367.0,112910.0,10062.0,19619.0,43186.0,165339.0,72867.0,2.614504700597416,2.1594882511850755,1.0,Bloomington - IL USA
2007,"Yuma, AZ",6750.0,50084.0,133589.0,6750.0,20237.0,49936.0,190423.0,76923.0,2.675204261454662,2.474872757819835,1.0,Yuma - AZ USA
2021,"Minneapolis-St. Paul-Bloomington, MN-WI",59994.0,850689.0,2840627.0,59994.0,414757.0,1064501.0,3751310.0,1539252.0,2.668505713005436,2.051053990649947,1.0,Minneapolis - MN USA
2008,"Philadelphia-Camden-Wilmington, PA-NJ-DE-MD",196346.0,1456011.0,4204885.0,196346.0,668371.0,1543505.0,5857242.0,2408222.0,2.724244495482684,2.1784472994788824,1.0,Philadelphia - PA USA
2010,"Modesto, CA",6422.0,210413.0,298380.0,6422.0,67425.0,98336.0,515215.0,172183.0,3.0342905955092743,3.120697070819429,1.0,Modesto - CA USA
2007,"New Haven-Milford, CT",29724.0,235031.0,580597.0,29724.0,106325.0,214878.0,845352.0,350927.0,2.701984381835274,2.21049612038561,1.0,New Haven - CT USA
2014,"Lima, OH",4565.0,33294.0,67468.0,4565.0,12854.0,26557.0,105327.0,43976.0,2.5404977971909477,2.5901664851408124,1.0,
2015,"Montgomery, AL",11329.0,131896.0,231829.0,11329.0,53034.0,91345.0,375054.0,155708.0,2.537949531994088,2.487008334276125,1.0,Montgomery - AL USA
2020,"Santa Maria-Santa Barbara, CA",23069.0,198862.0,227853.0,23069.0,67645.0,82288.0,449784.0,173002.0,2.768969959167801,2.939788602261808,1.0,Santa Barbara - CA USA
2010,"Elizabethtown-Fort Knox, KY",12618.0,41237.0,81745.0,12618.0,16093.0,33764.0,135600.0,62475.0,2.4210697784622677,2.562418442801218,1.0,Elizabethtown-Fort Knox - KY USA
2010,"Cape Coral-Fort Myers, FL",6924.0,200780.0,412320.0,6924.0,67527.0,166165.0,620024.0,240616.0,2.481388980832305,2.973329186843781,1.0,Fort Myers - FL USA
2015,"Eugene, OR",8433.0,143425.0,211470.0,8433.0,61716.0,84886.0,363328.0,155035.0,2.4912235233136206,2.323951649491218,1.0,Eugene - OR USA
2010,"Bloomington, IL",8558.0,45663.0,115679.0,8558.0,19565.0,42011.0,169900.0,70134.0,2.7535407393301754,2.3339125990288783,1.0,Bloomington - IL USA
2011,"Altoona, PA",3388.0,28829.0,94864.0,3388.0,12843.0,38006.0,127081.0,54237.0,2.496026943114245,2.2447247527836174,1.0,Altoona - PA USA
2006,"York-Hanover, PA",5824.0,89215.0,321298.0,5824.0,38845.0,123439.0,416337.0,168108.0,2.6028888762870728,2.2966919809499293,1.0,York - PA USA
2022,"Springfield, IL",3133.0,41884.0,148618.0,3133.0,21798.0,60395.0,193635.0,85326.0,2.460766619753291,1.9214606844664648,1.0,Springfield - IL USA
2020,"New Haven-Milford, CT",29227.0,268858.0,553696.0,29227.0,126694.0,207316.0,851781.0,363237.0,2.6707827664049084,2.122105229924069,1.0,New Haven - CT USA
2006,"Boise City, ID",13398.0,132186.0,386927.0,13398.0,56942.0,143050.0,532511.0,213390.0,2.704837469416288,2.321414772926838,1.0,Boise - ID USA
2013,"Punta Gorda, FL",3610.0,40834.0,120295.0,3610.0,14495.0,54540.0,164739.0,72645.0,2.2056288962229558,2.8171093480510523,1.0,Punta Gorda - FL USA
2009,"Mobile, AL",8707.0,130719.0,272377.0,8707.0,56438.0,106175.0,411803.0,171320.0,2.5653590769955263,2.3161522378539283,1.0,Mobile - AL USA
2018,"Bangor, ME",5914.0,40135.0,104550.0,5914.0,21026.0,40739.0,150599.0,67679.0,2.56633692530499,1.9088271663654524,1.0,Bangor - ME USA
2011,"Blacksburg-Christiansburg-Radford, VA",13230.0,63298.0,99580.0,13230.0,25931.0,41986.0,176108.0,81147.0,2.3717429619396944,2.4410165439049787,1.0,Blacksburg - VA USA
2005,"Altoona, PA",0.0,30364.0,93713.0,,15206.0,37430.0,124077.0,,2.5036868821800695,1.9968433513086938,,Altoona - PA USA
2011,"Gulfport-Biloxi-Pascagoula, MS",6675.0,112655.0,211820.0,6675.0,42811.0,80846.0,331150.0,130332.0,2.620043044801227,2.6314498610170283,1.0,Gulfport-Biloxi-Pascagoula - MS USA
2013,"Lincoln, NE",13705.0,97951.0,185875.0,13705.0,44802.0,72246.0,297531.0,130753.0,2.572806798992332,2.1863086469354047,1.0,Lincoln - NE USA
2015,"Punta Gorda, FL",3422.0,48829.0,120510.0,3422.0,18000.0,54672.0,172761.0,76094.0,2.2042361720807726,2.7127222222222223,1.0,Punta Gorda - FL USA
2019,"Riverside-San Bernardino-Ontario, CA",83787.0,1599809.0,2966052.0,83787.0,496815.0,882892.0,4649648.0,1463494.0,3.3594731858483255,3.220130229562312,1.0,Inland Empire - CA USA
2006,"Champaign-Urbana, IL",16594.0,60374.0,108099.0,16594.0,30971.0,42989.0,185067.0,90554.0,2.5145734955453722,1.9493719931548867,1.0,Champaign-Urbana - IL USA
2010,"Greenville, NC",6980.0,67814.0,93924.0,6980.0,27329.0,36494.0,168718.0,70803.0,2.5736833452074315,2.481393391635259,1.0,Greenville - NC USA
2017,"Buffalo-Cheektowaga-Niagara Falls, NY",30491.0,331426.0,772843.0,30491.0,164543.0,310508.0,1134760.0,505542.0,2.4889632473237406,2.0142212066146845,1.0,Buffalo - NY USA
2017,"Saginaw, MI",6546.0,50559.0,134979.0,6546.0,23286.0,57671.0,192084.0,87503.0,2.3405004248235683,2.1712187580520483,1.0,Saginaw - MI USA
2011,"Gadsden, AL",1870.0,29220.0,73429.0,1870.0,11308.0,29135.0,104519.0,42313.0,2.5203020422172644,2.5840113194198797,1.0,Gadsden - AL USA
2009,"Yuma, AZ",5219.0,61969.0,129703.0,5219.0,22288.0,49392.0,196891.0,76899.0,2.6259920634920637,2.7803750897343864,1.0,Yuma - AZ USA
2020,"Santa Cruz-Watsonville, CA",13908.0,89621.0,164462.0,13908.0,35432.0,60158.0,267991.0,109498.0,2.733834236510522,2.5293802212689096,1.0,Santa Cruz - CA USA
2007,"Urban Honolulu, HI",28985.0,350180.0,526635.0,28985.0,131112.0,173498.0,905800.0,333595.0,3.0353952206941868,2.670846299347123,1.0,Honolulu - HI USA
2012,"Detroit-Warren-Dearborn, MI",45092.0,1195230.0,2963207.0,45092.0,504785.0,1108261.0,4203529.0,1658138.0,2.67374472258791,2.36780015254019,1.0,Detroit - MI USA
2023,"Salem, OR",13711.0,167912.0,306253.0,13711.0,69679.0,116324.0,487876.0,199714.0,2.632758502114783,2.4097934815367617,1.0,
2009,"Jackson, MS",22355.0,162975.0,298574.0,22355.0,62840.0,113301.0,483904.0,198496.0,2.6352282857168072,2.5934914067472947,1.0,Jackson - MS USA
2010,"Mansfield, OH",6645.0,32157.0,85477.0,6645.0,14031.0,33623.0,124279.0,54299.0,2.5422181244981115,2.291853752405388,1.0,Mansfield - OH USA
2013,"Tucson, AZ",26527.0,373419.0,596763.0,26527.0,155675.0,236299.0,996709.0,418501.0,2.5254571538601516,2.398708848562711,1.0,Tucson - AZ USA
2015,"Amarillo, TX",9087.0,83722.0,159041.0,9087.0,34614.0,57424.0,251850.0,101125.0,2.769591111730287,2.4187323048477496,1.0,Amarillo - TX USA
2009,"Merced, CA",4702.0,113480.0,126780.0,4702.0,34188.0,39892.0,244962.0,78782.0,3.178080818209165,3.3192933192933194,1.0,Merced - CA USA
2016,"Iowa City, IA",8937.0,53015.0,84405.0,8937.0,24366.0,32851.0,146357.0,66154.0,2.5693281787464612,2.1757777230567186,1.0,Iowa City - IA USA
2007,"Wichita Falls, TX",11009.0,38783.0,78293.0,11009.0,17022.0,31311.0,128085.0,59342.0,2.5004950336942287,2.278404417812243,1.0,Wichita Falls - TX USA
2012,"Ann Arbor, MI",16926.0,127764.0,206015.0,16926.0,56031.0,81534.0,350705.0,154491.0,2.526737312041602,2.280237725544788,1.0,Ann Arbor - MI USA
2016,"Lewiston-Auburn, ME",3019.0,35073.0,69071.0,3019.0,17071.0,27846.0,107163.0,47936.0,2.4804639804639805,2.0545369339816064,1.0,Lewiston-Auburn - ME USA
2018,"Homosassa Springs, FL",2401.0,29592.0,115874.0,2401.0,10689.0,51604.0,147867.0,64694.0,2.24544608945043,2.768453550378894,1.0,
2017,"Rockford, IL",4876.0,96846.0,236710.0,4876.0,41617.0,90863.0,338432.0,137356.0,2.6051308013162675,2.3270778768291804,1.0,Rockford - IL USA
2020,"Flagstaff, AZ",15112.0,46890.0,83149.0,15112.0,22818.0,33787.0,145151.0,71717.0,2.460976115073845,2.054956613200105,1.0,Flagstaff - AZ USA
2015,"Louisville/Jefferson County, KY-IN",25178.0,385829.0,845721.0,25178.0,163494.0,324706.0,1256728.0,513378.0,2.6045745997918117,2.359896999278261,1.0,Louisville - KY USA
2007,"Panama City, FL",4248.0,50715.0,109088.0,4248.0,22653.0,49341.0,164051.0,76242.0,2.210899657485661,2.2387763210170837,1.0,Panama City - FL USA
2007,"Pittsburgh, PA",64217.0,526999.0,1719069.0,64217.0,268375.0,691609.0,2310285.0,1024201.0,2.4856081976955187,1.9636665114112715,1.0,Pittsburgh - PA USA
2005,"Fort Collins, CO",0.0,73722.0,177031.0,,33144.0,69009.0,250753.0,,2.5653320581373444,2.2242939898624186,,Fort Collins - CO USA
2007,"Stockton-Lodi, CA",22131.0,232931.0,415816.0,22131.0,75979.0,131391.0,670878.0,229501.0,3.164722089031973,3.0657286881901578,1.0,Stockton - CA USA
2015,"Springfield, MA",19747.0,196840.0,362126.0,19747.0,81608.0,137159.0,578713.0,238514.0,2.640191310814456,2.412018429565729,1.0,Springfield - MA USA
2013,"Myrtle Beach-Conway-North Myrtle Beach, SC-NC",3433.0,132191.0,269389.0,3433.0,47287.0,115259.0,405013.0,165979.0,2.3372491519100462,2.795504049738829,1.0,
2006,"Yuba City, CA",1851.0,63909.0,96232.0,1851.0,21633.0,32953.0,161992.0,56437.0,2.9202803993566593,2.954236582998197,1.0,Yuba City - CA USA
2012,"St. Louis, MO-IL",58030.0,777268.0,1994967.0,58030.0,340580.0,774838.0,2830265.0,1173448.0,2.574689160831038,2.282189206647484,1.0,Saint Louis - MO USA
2010,"Atlantic City-Hammonton, NJ",9071.0,64411.0,201279.0,9071.0,26847.0,73249.0,274761.0,109167.0,2.747873691108411,2.399187991209446,1.0,Atlantic City - NJ USA
2023,"Rocky Mount, NC",2525.0,57308.0,85551.0,2525.0,24978.0,35017.0,145384.0,62520.0,2.443127623725619,2.2943390183361356,1.0,Rocky Mount - NC USA
2018,"Sebastian-Vero Beach, FL",1728.0,26697.0,129074.0,1728.0,9982.0,47654.0,157499.0,59364.0,2.708565912620137,2.6745141254257665,1.0,
2016,"Lake Havasu City-Kingman, AZ",4250.0,71468.0,147829.0,4250.0,29059.0,64260.0,223547.0,97569.0,2.3004824151882977,2.4594101655253104,1.0,Lake Havasu - AZ USA
2022,"Lawton, OK",9185.0,50136.0,68823.0,9185.0,21222.0,26737.0,128144.0,57144.0,2.5740733814564085,2.3624540571105457,1.0,
2019,"Kankakee, IL",5463.0,30465.0,73852.0,5463.0,12694.0,26888.0,109780.0,45045.0,2.7466527819101456,2.399952733574917,1.0,Kankakee - IL USA
2023,"Wausau, WI",1455.0,28429.0,108672.0,1455.0,14834.0,43270.0,138556.0,59559.0,2.5114860180263463,1.9164756640151004,1.0,Wausau - WI USA
2012,"Iowa City, IA",8143.0,46721.0,81436.0,8143.0,22014.0,33339.0,136300.0,63496.0,2.442664746993011,2.1223312437539747,1.0,Iowa City - IA USA
2016,"Riverside-San Bernardino-Ontario, CA",92615.0,1740654.0,2695971.0,92615.0,522232.0,825976.0,4529240.0,1440823.0,3.263982246457524,3.3331048269734525,1.0,Inland Empire - CA USA
2018,"Fresno, CA",16277.0,470444.0,506819.0,16277.0,149611.0,159909.0,993540.0,325797.0,3.1694213583975888,3.144447934978043,1.0,Fresno - CA USA
2011,"Daphne-Fairhope-Foley, AL",2519.0,45518.0,138807.0,2519.0,19353.0,55107.0,186844.0,76979.0,2.5188633023027927,2.3519867720766805,1.0,Daphne-Fairhope-Foley - AL USA
2023,"Albany, OR",1316.0,39873.0,78689.0,1316.0,17120.0,29851.0,119878.0,48287.0,2.636059093497705,2.3290303738317757,1.0,
2007,"Springfield, MO",14027.0,100701.0,261958.0,14027.0,49243.0,103228.0,376686.0,166498.0,2.5376641996357576,2.0449810125296994,1.0,Springfield - MO USA
2012,"Punta Gorda, FL",3392.0,33069.0,126091.0,3392.0,14329.0,57481.0,162552.0,75202.0,2.193611802160714,2.3078372531230373,1.0,Punta Gorda - FL USA
2021,"Lansing-East Lansing, MI",17757.0,121269.0,333692.0,17757.0,64221.0,127619.0,472718.0,209597.0,2.6147517219222842,1.8883075629466997,1.0,Lansing - MI USA
2014,"Salinas, CA",19029.0,240978.0,230330.0,19029.0,67661.0,73492.0,490337.0,160182.0,3.1340826212376856,3.5615494893661044,1.0,Salinas - CA USA
2012,"Little Rock-North Little Rock-Conway, AR",12224.0,224974.0,452530.0,12224.0,93687.0,173065.0,689728.0,278976.0,2.6147979083003494,2.401336364703748,1.0,Little Rock - AR USA
2010,"New York-Newark-Jersey City, NY-NJ-PA",406685.0,8420671.0,10705332.0,406685.0,3321779.0,3688725.0,19532688.0,7417189.0,2.902176768395584,2.534988330048447,1.0,New York - NY USA
2011,"Anniston-Oxford-Jacksonville, AL",2559.0,38995.0,76233.0,2559.0,13634.0,31088.0,117787.0,47281.0,2.452168039114771,2.8601290890421005,1.0,Anniston-Oxford - AL USA
2010,"Amarillo, TX",4555.0,80466.0,157598.0,4555.0,33538.0,57698.0,242619.0,95791.0,2.7314291656556553,2.39924861351303,1.0,Amarillo - TX USA
2023,"Los Angeles-Long Beach-Anaheim, CA",254820.0,6059663.0,6485467.0,254820.0,2350830.0,2192174.0,12799950.0,4797824.0,2.9584636073596347,2.577669589038765,1.0,Los Angeles - CA USA
2013,"Jackson, TN",4916.0,35883.0,73699.0,4916.0,13972.0,27227.0,114498.0,46115.0,2.7068351268960957,2.5682078442599483,1.0,Jackson - TN USA
2011,"Las Cruces, NM",5099.0,64547.0,144244.0,5099.0,23829.0,51249.0,213890.0,80177.0,2.8145719916486174,2.708758235763146,1.0,Las Cruces - NM USA
2006,"Colorado Springs, CO",15657.0,155512.0,405918.0,15657.0,68490.0,150357.0,577087.0,234504.0,2.699694726550809,2.2705796466637467,1.0,Colorado Springs - CO USA
2013,"Naples-Immokalee-Marco Island, FL",3605.0,106981.0,228356.0,3605.0,38177.0,92437.0,338942.0,134219.0,2.470396053528349,2.8022369489483197,1.0,Naples - FL USA
2021,"Oklahoma City, OK",35105.0,473389.0,1006544.0,35105.0,209598.0,382361.0,1515038.0,627064.0,2.632444208483606,2.258556856458554,1.0,Oklahoma City - OK USA
2010,"Owensboro, KY",3783.0,29523.0,74188.0,3783.0,12739.0,28364.0,107494.0,44886.0,2.615569031166267,2.317528848418243,1.0,Owensboro - KY USA
2013,"Madera, CA",7888.0,63491.0,81177.0,7888.0,18624.0,25925.0,152556.0,52437.0,3.13122468659595,3.409095790378007,1.0,Madera - CA USA
2019,"Burlington-South Burlington, VT",10766.0,59250.0,149890.0,10766.0,29718.0,60141.0,219906.0,100625.0,2.4923097387805324,1.9937411669695135,1.0,Burlington - VT USA
2021,"Napa, CA",3193.0,42952.0,89875.0,3193.0,15816.0,34162.0,136020.0,53171.0,2.630847140097184,2.715730905412241,1.0,Napa - CA USA
2012,"College Station-Bryan, TX",14783.0,90494.0,96323.0,14783.0,37762.0,33018.0,201600.0,85563.0,2.9172875401296263,2.3964302738202425,1.0,College Station-Bryan - TX USA
2023,"Pensacola-Ferry Pass-Brent, FL",22875.0,131038.0,376604.0,22875.0,56724.0,147621.0,530517.0,227220.0,2.5511546460191976,2.3100980184754247,1.0,Pensacola - FL USA
2021,"Denver-Aurora-Lakewood, CO",30238.0,916516.0,2114333.0,30238.0,422652.0,802638.0,3061087.0,1255528.0,2.6342298769806565,2.168488496446249,1.0,Denver - CO USA
2012,"Anchorage, AK",11447.0,142033.0,296450.0,11447.0,54270.0,103840.0,449930.0,169557.0,2.854872881355932,2.617154965911185,1.0,Anchorage - AK USA
2012,"Las Cruces, NM",5255.0,72522.0,136868.0,5255.0,24861.0,48855.0,214645.0,78971.0,2.801514686316651,2.917099070833836,1.0,Las Cruces - NM USA
2019,"Muncie, IN",7649.0,41310.0,65354.0,7649.0,17234.0,28406.0,114313.0,53289.0,2.30071111736957,2.3970059185331323,1.0,Muncie - IN USA
2006,"Decatur, IL",4771.0,25362.0,79130.0,4771.0,13300.0,33460.0,109263.0,51531.0,2.3649133293484756,1.9069172932330827,1.0,Decatur - IL USA
2015,"Albany-Schenectady-Troy, NY",30888.0,256714.0,562100.0,30888.0,122421.0,207539.0,849702.0,360848.0,2.7084066127330284,2.096976825871378,1.0,Albany - NY USA
2021,"Rockford, IL",4800.0,100673.0,230940.0,4800.0,43323.0,90685.0,336413.0,138808.0,2.546617411920384,2.3237772084112365,1.0,Rockford - IL USA
2016,"Atlantic City-Hammonton, NJ",5822.0,81642.0,173585.0,5822.0,29536.0,63330.0,261049.0,98688.0,2.740960050528975,2.7641522210184184,1.0,Atlantic City - NJ USA
2022,"Dothan, AL",1381.0,40045.0,111186.0,1381.0,18129.0,41978.0,152612.0,61488.0,2.648673114488542,2.208891830768382,1.0,
2022,"Merced, CA",3866.0,122041.0,164224.0,3866.0,36703.0,51127.0,290131.0,91696.0,3.2120797230426192,3.325096041195543,1.0,Merced - CA USA
2015,"Ann Arbor, MI",18845.0,123809.0,215385.0,18845.0,57350.0,80747.0,358039.0,156942.0,2.667405600208057,2.158831734960767,1.0,Ann Arbor - MI USA
2007,"Miami-Fort Lauderdale-West Palm Beach, FL",82821.0,1675083.0,3596830.0,82821.0,640844.0,1347602.0,5354734.0,2071267.0,2.6690595591279918,2.61387014624464,1.0,Miami - FL USA
2022,"Salem, OR",13106.0,166053.0,307839.0,13106.0,66709.0,118800.0,486998.0,198615.0,2.591237373737374,2.489214348888456,1.0,
2007,"Niles-Benton Harbor, MI",4874.0,35012.0,119588.0,4874.0,16323.0,47322.0,159474.0,68519.0,2.527112125438485,2.144948845187772,1.0,Niles-Benton Harbor - MI USA
2019,"Jackson, MS",23654.0,180378.0,418326.0,23654.0,75967.0,151985.0,622358.0,251606.0,2.7524163568773234,2.374425737491279,1.0,Jackson - MS USA
2023,"Greeley, CO",4585.0,79812.0,274965.0,4585.0,32275.0,96781.0,359362.0,133641.0,2.841105175602649,2.472873741285825,1.0,Greeley - CO USA
2014,"Morgantown, WV",9384.0,43996.0,84308.0,9384.0,17495.0,32309.0,137688.0,59188.0,2.6094277136401622,2.514775650185767,1.0,Morgantown - WV USA
2017,"Mansfield, OH",7246.0,29943.0,83260.0,7246.0,15172.0,33826.0,120449.0,56244.0,2.461420209306451,1.9735697337200107,1.0,Mansfield - OH USA
2006,"Wausau, WI",1861.0,22901.0,105407.0,1861.0,11664.0,40237.0,130169.0,53762.0,2.619653552700251,1.9633916323731138,1.0,Wausau - WI USA
2005,"Charlottesville, VA",0.0,56011.0,106857.0,,26733.0,42433.0,162868.0,,2.5182523036316073,2.0952006882878838,,Charlottesville - VA USA
2007,"Boston-Cambridge-Newton, MA-NH",147146.0,1327543.0,3160232.0,147146.0,602698.0,1135510.0,4634921.0,1885354.0,2.783094820829407,2.2026670073569186,1.0,Boston - MA USA
2012,"New York-Newark-Jersey City, NY-NJ-PA",418244.0,8717586.0,10641671.0,418244.0,3407678.0,3675716.0,19777501.0,7501638.0,2.8951287313818588,2.558218822318306,1.0,New York - NY USA
2020,"Yakima, WA",3258.0,88734.0,158947.0,3258.0,33757.0,53880.0,250939.0,90895.0,2.950018559762435,2.6286103622952277,1.0,Yakima - WA USA
2018,"Detroit-Warren-Dearborn, MI",46115.0,1182351.0,3009168.0,46115.0,518315.0,1158812.0,4237634.0,1723242.0,2.59676979527309,2.2811437060474806,1.0,Detroit - MI USA
2021,"Lancaster, PA",13948.0,149522.0,391030.0,13948.0,64369.0,145693.0,554500.0,224010.0,2.6839312801575916,2.3228883468750485,1.0,Lancaster - PA USA
2008,"Baton Rouge, LA",29794.0,221902.0,526335.0,29794.0,93690.0,199924.0,778031.0,323408.0,2.6326754166583304,2.368470487778845,1.0,Baton Rouge - LA USA
2018,"Fayetteville, NC",15563.0,146743.0,170011.0,15563.0,61994.0,65894.0,332317.0,143451.0,2.5800679879806965,2.3670516501596928,1.0,Fayetteville - NC USA
2021,Not in identifiable area,2322221.0,17793539.0,49814507.0,2322221.0,7866183.0,19700206.0,69930267.0,29888610.0,2.528628736166515,2.2620296273300533,1.0,
2008,"Fort Wayne, IN",7937.0,81552.0,260884.0,7937.0,38155.0,99632.0,350373.0,145724.0,2.6184759916492695,2.1373869741842486,1.0,Fort Wayne - IN USA
2020,"Portland-Vancouver-Hillsboro, OR-WA",41309.0,850988.0,1629771.0,41309.0,393426.0,612828.0,2522068.0,1047563.0,2.659426462237365,2.163019220895416,1.0,Portland - OR USA
2020,"Scranton--Wilkes-Barre--Hazleton, PA",16876.0,143776.0,319955.0,16876.0,65310.0,131123.0,480607.0,213309.0,2.4401134812351764,2.2014392895421833,1.0,Scranton - PA USA
2020,"Grand Rapids-Wyoming, MI",22065.0,195956.0,750781.0,22065.0,97283.0,265329.0,968802.0,384677.0,2.8296228455992374,2.0142882106842923,1.0,Grand Rapids - MI USA
2006,"Santa Rosa, CA",11110.0,168485.0,287427.0,11110.0,64501.0,113982.0,467022.0,189593.0,2.5216876348897195,2.612130044495434,1.0,Santa Rosa - CA USA
2021,"Pittsburgh, PA",61582.0,533715.0,1706366.0,61582.0,289743.0,714131.0,2301663.0,1065456.0,2.3894299505272842,1.8420289705014443,1.0,Pittsburgh - PA USA
2016,"Springfield, MA",21836.0,189866.0,367539.0,21836.0,81901.0,140994.0,579241.0,244731.0,2.6067705008723774,2.3182378725534485,1.0,Springfield - MA USA
2010,"Ann Arbor, MI",22923.0,104726.0,217233.0,22923.0,49622.0,82407.0,344882.0,154952.0,2.6360988750955623,2.1104751924549596,1.0,Ann Arbor - MI USA
2017,"Worcester, MA-CT",35810.0,279921.0,620355.0,35810.0,124671.0,225269.0,936086.0,385750.0,2.75384096347034,2.245277570565729,1.0,Worcester - MA USA
2009,"Oxnard-Thousand Oaks-Ventura, CA",8157.0,283115.0,511646.0,8157.0,91173.0,169074.0,802918.0,268404.0,3.0261660574659617,3.1052504579206563,1.0,Ventura - CA USA
2015,"Champaign-Urbana, IL",15055.0,86393.0,106915.0,15055.0,35349.0,44325.0,208363.0,94729.0,2.412069937958263,2.4440012447311097,1.0,Champaign-Urbana - IL USA
2015,"Deltona-Daytona Beach-Ormond Beach, FL",10332.0,184780.0,428740.0,10332.0,73090.0,175848.0,623852.0,259270.0,2.4381283836040217,2.528116021343549,1.0,Daytona Beach - FL USA
2016,"Asheville, NC",11265.0,149110.0,351747.0,11265.0,64801.0,145331.0,512122.0,221397.0,2.420316381226304,2.3010447369639357,1.0,
2015,"Merced, CA",6368.0,134324.0,127861.0,6368.0,38496.0,40602.0,268553.0,85466.0,3.149130584700261,3.4892975893599334,1.0,Merced - CA USA
2013,"Lakeland-Winter Haven, FL",14520.0,211498.0,397554.0,14520.0,65822.0,148678.0,623572.0,229020.0,2.6739262029352022,3.2131810033119628,1.0,Lakeland - FL USA
2010,"Billings, MT",5079.0,42145.0,100874.0,5079.0,19058.0,43217.0,148098.0,67354.0,2.3341277737927206,2.211407283030748,1.0,Billings - MT USA
2022,Not in identifiable area,2436827.0,17176108.0,49616375.0,2436827.0,7911924.0,20025859.0,69229310.0,30374610.0,2.4776153172755286,2.1709141796609774,1.0,
2022,"Denver-Aurora-Lakewood, CO",36116.0,916098.0,2071484.0,36116.0,438061.0,799604.0,3023698.0,1273781.0,2.5906373654959203,2.091256697126656,1.0,Denver - CO USA
2013,"Atlanta-Sandy Springs-Roswell, GA",84141.0,1906271.0,3505482.0,84141.0,714938.0,1229514.0,5495894.0,2028593.0,2.851111902751819,2.6663444942078893,1.0,Atlanta - GA USA
2005,"Virginia Beach-Norfolk-Newport News, VA-NC",0.0,514089.0,1042228.0,,216280.0,390758.0,1556317.0,,2.6671955532580265,2.3769604216756055,,Norfolk - VA USA
2007,"Norwich-New London, CT",14195.0,64845.0,188425.0,14195.0,29600.0,73395.0,267465.0,117190.0,2.5672729749982968,2.1907094594594594,1.0,Norwich - CT USA
2020,"Harrisburg-Carlisle, PA",19902.0,166479.0,393933.0,19902.0,80983.0,156093.0,580314.0,256978.0,2.5237070208145145,2.055727745329267,1.0,Harrisburg - PA USA
2005,"Peoria, IL",0.0,70484.0,261411.0,,35103.0,104536.0,331895.0,,2.5006791918573508,2.007919551035524,,Peoria - IL USA
2022,"San Diego-Carlsbad, CA",114392.0,1357795.0,1802408.0,114392.0,531293.0,641052.0,3274595.0,1286737.0,2.8116408653276177,2.555642555049662,1.0,San Diego - CA USA
2018,"Bellingham, WA",4899.0,79421.0,141308.0,4899.0,33876.0,53204.0,225628.0,91979.0,2.6559657168633937,2.344462156098713,1.0,Bellingham - WA USA
2014,"Pittsfield, MA",7187.0,35882.0,86001.0,7187.0,18254.0,36453.0,129070.0,61894.0,2.35922969302938,1.965706146598006,1.0,Pittsfield - MA USA
2023,"Indianapolis-Carmel-Anderson, IN",40120.0,601463.0,1518766.0,40120.0,286612.0,582807.0,2160349.0,909539.0,2.605950168752263,2.0985269283909953,1.0,Indianapolis - IN USA
2008,"Buffalo-Cheektowaga-Niagara Falls, NY",35544.0,309649.0,779369.0,35544.0,158618.0,312927.0,1124562.0,507089.0,2.4905776746653374,1.9521681019808597,1.0,Buffalo - NY USA
2010,"Clarksville, TN-KY",16890.0,93984.0,172367.0,16890.0,35400.0,66272.0,283241.0,118562.0,2.6009023418638337,2.654915254237288,1.0,Clarksville - TN USA
2009,"Vineland-Bridgeton, NJ",11898.0,48150.0,97985.0,11898.0,16754.0,34844.0,158033.0,63496.0,2.812105383997245,2.873940551510087,1.0,Vineland - NJ USA
2008,"Napa, CA",5481.0,42787.0,85272.0,5481.0,16369.0,29964.0,133540.0,51814.0,2.845814977973568,2.613904331358055,1.0,Napa - CA USA
2006,"Kalamazoo-Portage, MI",9678.0,77697.0,232465.0,9678.0,38257.0,87548.0,319840.0,135483.0,2.655286242975282,2.0309224455655173,1.0,Kalamazoo - MI USA
2006,"Jackson, TN",4615.0,30316.0,76947.0,4615.0,13575.0,31162.0,111878.0,49352.0,2.469257428919838,2.233222836095764,1.0,Jackson - TN USA
2011,"Boston-Cambridge-Newton, MA-NH",166409.0,1518499.0,3070221.0,166409.0,693241.0,1124160.0,4755129.0,1983810.0,2.7311245730145175,2.1904344953630845,1.0,Boston - MA USA
2010,"Dayton, OH",27477.0,256071.0,520927.0,27477.0,114071.0,214220.0,804475.0,355768.0,2.431738399775931,2.2448387407842483,1.0,Dayton - OH USA
2013,"Fresno, CA",17832.0,459148.0,478544.0,17832.0,140010.0,153507.0,955524.0,311349.0,3.1174083266561134,3.2793943289765015,1.0,Fresno - CA USA
2011,"Hartford-West Hartford-East Hartford, CT",51212.0,351601.0,810885.0,51212.0,152656.0,312277.0,1213698.0,516145.0,2.5966849944120125,2.303224242741851,1.0,Hartford - CT USA
2014,"Washington-Arlington-Alexandria, DC-VA-MD-WV",106906.0,2027696.0,3804149.0,106906.0,794521.0,1326177.0,5938751.0,2227604.0,2.868507748211589,2.5520986858748858,1.0,Washington - DC USA
2009,"Athens-Clarke County, GA",12928.0,70118.0,97440.0,12928.0,25521.0,34754.0,180486.0,73203.0,2.8037060482246647,2.747462873711845,1.0,Athens - GA USA
2010,"Santa Fe, NM",3723.0,47361.0,111548.0,3723.0,20879.0,47994.0,162632.0,72596.0,2.3242071925657375,2.2683557641649505,1.0,Santa Fe - NM USA
2007,"Reading, PA",13804.0,89340.0,298560.0,13804.0,36329.0,112311.0,401704.0,162444.0,2.658332665544782,2.4591923807426572,1.0,Reading - PA USA
2007,"Davenport-Moline-Rock Island, IA-IL",9070.0,85826.0,275839.0,9070.0,41729.0,107135.0,370735.0,157934.0,2.5746861436505344,2.056747106328932,1.0,Davenport - IA USA
2014,"Napa, CA",4076.0,54905.0,82687.0,4076.0,18681.0,31835.0,141668.0,54592.0,2.5973613946913776,2.9390824902307155,1.0,Napa - CA USA
2016,"Trenton, NJ",17332.0,126887.0,227260.0,17332.0,46836.0,81496.0,371479.0,145664.0,2.7886031216256013,2.7091767016824666,1.0,Trenton - NJ USA
2012,"Rochester, NY",47240.0,314196.0,755623.0,47240.0,145197.0,298520.0,1117059.0,490957.0,2.531230738308991,2.163929006797661,1.0,Rochester - NY USA
2005,"State College, PA",0.0,44424.0,76910.0,,20658.0,29907.0,121334.0,,2.57163874678169,2.150450188788847,,State College - PA USA
2017,"Erie, PA",14251.0,75723.0,185501.0,14251.0,36545.0,71913.0,275475.0,122709.0,2.5795196974121506,2.0720481598029825,1.0,Erie - PA USA
2018,"San Diego-Carlsbad, CA",94240.0,1477494.0,1771576.0,94240.0,526191.0,604721.0,3343310.0,1225152.0,2.929575787842658,2.8079043541223623,1.0,San Diego - CA USA
2009,"La Crosse-Onalaska, WI-MN",4707.0,32100.0,76808.0,4707.0,15324.0,29748.0,113615.0,49779.0,2.581955089417776,2.0947533281127644,1.0,La Crosse-Onalaska - WI USA
2013,"Modesto, CA",6376.0,236220.0,283602.0,6376.0,73690.0,93722.0,526198.0,173788.0,3.0259917628731783,3.205590989279414,1.0,Modesto - CA USA
2010,"New Haven-Milford, CT",24281.0,273075.0,565796.0,24281.0,121182.0,208413.0,863152.0,353876.0,2.7147826671080977,2.2534287270386693,1.0,New Haven - CT USA
2014,"Muskegon, MI",6641.0,41042.0,124803.0,6641.0,16741.0,47906.0,172486.0,71288.0,2.6051642800484283,2.451585926766621,1.0,Muskegon - MI USA
2007,"Flint, MI",6797.0,116238.0,383463.0,6797.0,51730.0,147293.0,506498.0,205820.0,2.603402741474476,2.247013338488305,1.0,Flint - MI USA
2011,"Salisbury, MD-DE",14940.0,97052.0,264779.0,14940.0,33899.0,103888.0,376771.0,152727.0,2.5486966733405207,2.8629753090061656,1.0,Salisbury - MD USA
2009,"Wausau, WI",3779.0,26651.0,101251.0,3779.0,13112.0,40095.0,131681.0,56986.0,2.5252774660182067,2.0325655887736427,1.0,Wausau - WI USA
2014,"Albany-Schenectady-Troy, NY",31863.0,253287.0,562720.0,31863.0,123219.0,212005.0,847870.0,367087.0,2.6542770217683547,2.055583960265868,1.0,Albany - NY USA
2015,"Janesville-Beloit, WI",2824.0,40459.0,117906.0,2824.0,19071.0,45983.0,161189.0,67878.0,2.564121523171607,2.12149336689214,1.0,Janesville-Beloit - WI USA
2008,"Trenton, NJ",15390.0,104196.0,245353.0,15390.0,41971.0,85934.0,364939.0,143295.0,2.8551330090534597,2.482571299230421,1.0,Trenton - NJ USA
2012,"Columbia, MO",9538.0,68980.0,90056.0,9538.0,29241.0,37119.0,168574.0,75898.0,2.4261429456612515,2.359016449505831,1.0,Columbia - MO USA
2019,"St. Joseph, MO-KS",7256.0,35043.0,75102.0,7256.0,16099.0,27971.0,117401.0,51326.0,2.684995173572629,2.176719050872725,1.0,
2016,"Ithaca, NY",14188.0,40480.0,50352.0,14188.0,16743.0,20940.0,105020.0,51871.0,2.4045845272206305,2.4177268112046826,1.0,
2008,"Chico, CA",5400.0,88593.0,126278.0,5400.0,36453.0,49985.0,220271.0,91838.0,2.5263178953686105,2.4303349518558144,1.0,Chico - CA USA
2015,"Allentown-Bethlehem-Easton, PA-NJ",24303.0,237163.0,571733.0,24303.0,99012.0,215972.0,833199.0,339287.0,2.6472551997481153,2.3952955197349817,1.0,Lehigh Valley - PA USA
2005,"Santa Rosa, CA",0.0,159212.0,292015.0,,63953.0,112664.0,451227.0,,2.5919104594191578,2.489515738120182,,Santa Rosa - CA USA
2023,"Ocean City, NJ",1483.0,21038.0,81684.0,1483.0,11120.0,41406.0,104205.0,54009.0,1.9727575713664687,1.891906474820144,1.0,Ocean City - NJ USA
2011,"Rocky Mount, NC",2982.0,53479.0,94905.0,2982.0,21324.0,36045.0,151366.0,60351.0,2.6329588014981273,2.5079253423372725,1.0,Rocky Mount - NC USA
2009,"Waco, TX",6232.0,90160.0,137035.0,6232.0,32834.0,48514.0,233427.0,87580.0,2.8246485550562723,2.7459340927087776,1.0,Waco - TX USA
2009,"Williamsport, PA",5332.0,33716.0,77780.0,5332.0,15486.0,32575.0,116828.0,53393.0,2.387720644666155,2.177192302725042,1.0,Williamsport - PA USA
2014,"Columbus, OH",49515.0,681620.0,1163759.0,49515.0,291014.0,436841.0,1894894.0,777370.0,2.66403336683141,2.3422240854391885,1.0,Columbus - OH USA
2017,"Portland-South Portland, ME",11994.0,121518.0,398935.0,11994.0,56068.0,160047.0,532447.0,228109.0,2.492611545358551,2.1673325247913247,1.0,Portland - ME USA
2006,"Worcester, MA-CT",24066.0,209491.0,557156.0,24066.0,96535.0,200592.0,790713.0,321193.0,2.7775584270559146,2.170104107318589,1.0,Worcester - MA USA
2012,"Las Vegas-Henderson-Paradise, NV",22102.0,951436.0,1028004.0,22102.0,338559.0,377277.0,2001542.0,737938.0,2.7247990203484442,2.810251684344531,1.0,Las Vegas - NV USA
2018,"Charlotte-Concord-Gastonia, NC-SC",39540.0,845841.0,1722227.0,39540.0,339262.0,636173.0,2607608.0,1014975.0,2.7071677043822984,2.4931793127435435,1.0,Charlotte - NC USA
2012,"Santa Cruz-Watsonville, CA",12395.0,117779.0,137399.0,12395.0,40465.0,52790.0,267573.0,105650.0,2.6027467323356697,2.910638823674781,1.0,Santa Cruz - CA USA
2021,"Charlotte-Concord-Gastonia, NC-SC",35584.0,803804.0,1860661.0,35584.0,355285.0,699583.0,2700049.0,1090452.0,2.659671547193114,2.2624203104549867,1.0,Charlotte - NC USA
2019,"Lincoln, NE",13173.0,104216.0,201487.0,13173.0,51123.0,77262.0,318876.0,141558.0,2.6078408532007975,2.038534514797645,1.0,Lincoln - NE USA
2005,"Portland-Vancouver-Hillsboro, OR-WA",0.0,681264.0,1387993.0,,294049.0,507273.0,2069257.0,,2.7361854464952797,2.3168383500709067,,Portland - OR USA
2013,"Parkersburg-Vienna, WV",1593.0,25690.0,74229.0,1593.0,11371.0,30274.0,101512.0,43238.0,2.45190592587699,2.2592560021106323,1.0,
2008,"La Crosse-Onalaska, WI-MN",5388.0,27491.0,79650.0,5388.0,14240.0,31453.0,112529.0,51081.0,2.5323498553397132,1.9305477528089887,1.0,La Crosse-Onalaska - WI USA
2017,"Sebastian-Vero Beach, FL",1528.0,37109.0,115698.0,1528.0,13123.0,44921.0,154335.0,59572.0,2.575588254936444,2.8277832812619064,1.0,
2011,"Little Rock-North Little Rock-Conway, AR",13703.0,215721.0,452671.0,13703.0,91082.0,172591.0,682095.0,277376.0,2.6227960901785146,2.3684262532662874,1.0,Little Rock - AR USA
2023,"San Diego-Carlsbad, CA",120217.0,1351061.0,1797524.0,120217.0,539143.0,642117.0,3268802.0,1301477.0,2.799371454111945,2.5059418373233076,1.0,San Diego - CA USA
2016,"Jacksonville, FL",29571.0,495877.0,919732.0,29571.0,191418.0,346164.0,1445180.0,567153.0,2.6569256190707295,2.5905452987702304,1.0,Jacksonville - FL USA
2009,"State College, PA",17621.0,52373.0,76331.0,17621.0,23516.0,29729.0,146325.0,70866.0,2.567560294661778,2.2271219595169245,1.0,State College - PA USA
2016,"Fresno, CA",15990.0,451618.0,512891.0,15990.0,141098.0,162116.0,980499.0,319204.0,3.1637284413629745,3.200739911267346,1.0,Fresno - CA USA
2012,"Midland, TX",2105.0,40504.0,104341.0,2105.0,17185.0,34031.0,146950.0,53321.0,3.066057418236314,2.356939191155077,1.0,Midland - TX USA
2022,"Grand Rapids-Wyoming, MI",22560.0,229027.0,707926.0,22560.0,105037.0,262561.0,959513.0,390158.0,2.6962343988635022,2.180441177870655,1.0,Grand Rapids - MI USA
2011,"Jackson, MS",15409.0,149981.0,323993.0,15409.0,57426.0,119962.0,489383.0,192797.0,2.700796919024358,2.6117263957092605,1.0,Jackson - MS USA
2013,"Oklahoma City, OK",36161.0,464622.0,890266.0,36161.0,189090.0,330120.0,1391049.0,555371.0,2.6967951048103718,2.4571473901316834,1.0,Oklahoma City - OK USA
2017,"Salisbury, MD-DE",13701.0,101886.0,290314.0,13701.0,39004.0,115110.0,405901.0,167815.0,2.5220571627139257,2.61219362116706,1.0,Salisbury - MD USA
2022,"Sebastian-Vero Beach, FL",1878.0,32244.0,133432.0,1878.0,14206.0,57993.0,167554.0,74077.0,2.3008294104460885,2.269745178093763,1.0,
2014,"St. George, UT",2299.0,48899.0,100898.0,2299.0,15515.0,33953.0,152096.0,51767.0,2.971696168232557,3.1517241379310343,1.0,
2016,"Lebanon, PA",3385.0,39488.0,96018.0,3385.0,15504.0,35639.0,138891.0,54528.0,2.6941833384775107,2.546955624355005,1.0,Lebanon - PA USA
2019,"La Crosse-Onalaska, WI-MN",5158.0,34474.0,78403.0,5158.0,16663.0,31513.0,118035.0,53334.0,2.487957350934535,2.0688951569345257,1.0,La Crosse-Onalaska - WI USA
2010,"Las Cruces, NM",6123.0,71749.0,132748.0,6123.0,26942.0,46672.0,210620.0,79737.0,2.8442749400068563,2.6630910845520006,1.0,Las Cruces - NM USA
2005,"Wichita Falls, TX",0.0,33549.0,80305.0,,16263.0,31222.0,113854.0,,2.57206456985459,2.062903523335178,,Wichita Falls - TX USA
2012,"Atlantic City-Hammonton, NJ",7333.0,85461.0,171891.0,7333.0,32737.0,62558.0,264685.0,102628.0,2.747706128712555,2.6105324250847666,1.0,Atlantic City - NJ USA
2018,"Decatur, AL",1247.0,42347.0,107920.0,1247.0,15970.0,41893.0,151514.0,59110.0,2.5760866970615615,2.651659361302442,1.0,Decatur - AL USA
2016,"Grand Rapids-Wyoming, MI",21685.0,232832.0,670610.0,21685.0,97387.0,241510.0,925127.0,360582.0,2.776738023270258,2.3907913787261132,1.0,Grand Rapids - MI USA
2021,"Montgomery, AL",12275.0,118177.0,256572.0,12275.0,52268.0,98729.0,387024.0,163272.0,2.5987501139482827,2.260981862707584,1.0,Montgomery - AL USA
2010,"Anchorage, AK",12437.0,135237.0,294025.0,12437.0,51946.0,106208.0,441699.0,170591.0,2.7683884453148537,2.6034150848958535,1.0,Anchorage - AK USA
2018,"Tuscaloosa, AL",11742.0,71126.0,145200.0,11742.0,29007.0,52131.0,228068.0,92880.0,2.785290901766703,2.4520288206295033,1.0,
2022,"Spokane-Spokane Valley, WA",19086.0,194485.0,448765.0,19086.0,91104.0,176539.0,662336.0,286729.0,2.5420162117152585,2.1347580786793117,1.0,Spokane - WA USA
2023,"Jonesboro, AR",3813.0,50665.0,82016.0,3813.0,22893.0,33410.0,136494.0,60116.0,2.4548338820712363,2.2131219149958503,1.0,
2019,"Reading, PA",14051.0,112365.0,294870.0,14051.0,46790.0,107907.0,421286.0,168748.0,2.732630876588173,2.4014746740756574,1.0,Reading - PA USA
2010,"Rocky Mount, NC",4270.0,54263.0,93902.0,4270.0,21938.0,37895.0,152435.0,64103.0,2.4779522364428024,2.473470690126721,1.0,Rocky Mount - NC USA
2019,"Monroe, LA",6818.0,58874.0,86658.0,6818.0,24522.0,33313.0,152350.0,64653.0,2.6013268093537056,2.4008645298099665,1.0,Monroe - LA USA
2015,"Buffalo-Cheektowaga-Niagara Falls, NY",31847.0,338949.0,764619.0,31847.0,163311.0,304681.0,1135415.0,499839.0,2.5095723067733138,2.075481749545346,1.0,Buffalo - NY USA
2023,"Portland-South Portland, ME",14392.0,122922.0,429336.0,14392.0,66573.0,178424.0,566650.0,259389.0,2.4062682150383354,1.8464242260375827,1.0,Portland - ME USA
2008,"Valdosta, GA",5444.0,39738.0,79129.0,5444.0,16136.0,30028.0,124311.0,51608.0,2.635173837751432,2.4626921170054534,1.0,Valdosta - GA USA
2023,"Michigan City-La Porte, IN",7029.0,22045.0,82833.0,7029.0,11553.0,34172.0,111907.0,52754.0,2.4240021069881776,1.9081623820652645,1.0,Michigan City-La Porte - IN USA
2022,"Bremerton-Silverdale, WA",7294.0,72684.0,197662.0,7294.0,32064.0,77181.0,277640.0,116539.0,2.561018903616175,2.2668413173652695,1.0,Bremerton - WA USA
2012,"Cape Coral-Fort Myers, FL",9460.0,227107.0,409050.0,9460.0,78416.0,166684.0,645617.0,254560.0,2.4540447793429485,2.896181901652724,1.0,Fort Myers - FL USA
2005,"York-Hanover, PA",0.0,80108.0,312808.0,,36536.0,121176.0,392916.0,,2.5814352677097774,2.1925771841471424,,York - PA USA
2006,"Napa, CA",6629.0,46182.0,80409.0,6629.0,18466.0,29388.0,133220.0,54483.0,2.736116782360147,2.5009206108523774,1.0,Napa - CA USA
2011,"San Antonio-New Braunfels, TX",53661.0,771745.0,1527271.0,53661.0,297718.0,522108.0,2352677.0,873487.0,2.9252012993480276,2.5922013448968486,1.0,San Antonio - TX USA
2006,"Austin-Round Rock, TX",41435.0,532952.0,1001427.0,41435.0,229762.0,356564.0,1575814.0,627761.0,2.8085476941026015,2.3195828727117624,1.0,Austin - TX USA
2014,"Lebanon, PA",2253.0,37544.0,95672.0,2253.0,15514.0,35721.0,135469.0,53488.0,2.678312477254276,2.420007734949078,1.0,Lebanon - PA USA
2011,"Pittsburgh, PA",67741.0,597620.0,1648353.0,67741.0,295731.0,663702.0,2313714.0,1027174.0,2.483573953370639,2.020822977638462,1.0,Pittsburgh - PA USA
2021,"Philadelphia-Camden-Wilmington, PA-NJ-DE-MD",159674.0,1704792.0,4401628.0,159674.0,803040.0,1653622.0,6266094.0,2616336.0,2.661810256515697,2.122922893006575,1.0,Philadelphia - PA USA
2010,"Spokane-Spokane Valley, WA",15188.0,155127.0,301720.0,15188.0,68746.0,118926.0,472035.0,202860.0,2.537039839900442,2.2565240159427455,1.0,Spokane - WA USA
2006,"Indianapolis-Carmel-Anderson, IN",35562.0,463693.0,1246861.0,35562.0,209531.0,467982.0,1746116.0,713075.0,2.6643353804206145,2.213004280989448,1.0,Indianapolis - IN USA
2016,"Akron, OH",16197.0,211013.0,474385.0,16197.0,97606.0,187063.0,701595.0,300866.0,2.5359638196757244,2.1618855398233716,1.0,Akron - OH USA
2015,"St. George, UT",2330.0,56485.0,97009.0,2330.0,17557.0,34896.0,155824.0,54783.0,2.779946125630445,3.2172352907672153,1.0,
2015,"Washington-Arlington-Alexandria, DC-VA-MD-WV",106765.0,2095301.0,3798025.0,106765.0,812248.0,1327687.0,6000091.0,2246700.0,2.8606328148125275,2.579632082812146,1.0,Washington - DC USA
2022,"St. Joseph, MO-KS",4901.0,29865.0,77454.0,4901.0,14490.0,30277.0,112220.0,49668.0,2.55817947617003,2.0610766045548656,1.0,
2023,"Fayetteville, NC",18601.0,131138.0,188422.0,18601.0,57008.0,74414.0,338161.0,150023.0,2.532077297282769,2.300343811394892,1.0,Fayetteville - NC USA
2005,"Monroe, MI",0.0,21053.0,123183.0,,10843.0,45659.0,144236.0,,2.697890886791213,1.9416213225122199,,Monroe - MI USA
2015,"Dallas-Fort Worth-Arlington, TX",78406.0,2587926.0,4307370.0,78406.0,997078.0,1438629.0,6973702.0,2514113.0,2.994079780123993,2.5955100804550897,1.0,Dallas-Fort Worth - TX USA
2005,"Pensacola-Ferry Pass-Brent, FL",0.0,116082.0,297752.0,,50342.0,119243.0,413834.0,,2.497018692921178,2.305867863811529,,Pensacola - FL USA
2015,"Yuma, AZ",5689.0,66430.0,132658.0,5689.0,25250.0,46501.0,204777.0,77440.0,2.8527988645405475,2.630891089108911,1.0,Yuma - AZ USA
2005,"Jacksonville, NC",0.0,53737.0,72278.0,,20618.0,31207.0,126015.0,,2.316082930111834,2.6063148705015036,,Jacksonville - NC USA
2007,"Alexandria, LA",5846.0,40635.0,83568.0,5846.0,17136.0,33778.0,130049.0,56760.0,2.47403635502398,2.3713235294117645,1.0,Alexandria - LA USA
2009,"Redding, CA",2989.0,64131.0,114013.0,2989.0,24303.0,45435.0,181133.0,72727.0,2.5093650269615937,2.6388100234538947,1.0,Redding - CA USA
2015,"Yakima, WA",4122.0,91046.0,153935.0,4122.0,29707.0,52002.0,249103.0,85831.0,2.9601746086688974,3.064799542195442,1.0,Yakima - WA USA
2014,"Bangor, ME",6502.0,41041.0,105534.0,6502.0,18707.0,42511.0,153077.0,67720.0,2.4825104090705934,2.1938846421125784,1.0,Bangor - ME USA
2005,"Dayton, OH",0.0,233327.0,546808.0,,106719.0,220764.0,780135.0,,2.4768893479009257,2.1863679382303056,,Dayton - OH USA
2010,"Wichita, KS",8122.0,166095.0,425978.0,8122.0,73365.0,153726.0,600195.0,235213.0,2.7710211675318424,2.263954201594766,1.0,Wichita - KS USA
2023,"Montgomery, AL",15339.0,141514.0,273446.0,15339.0,60576.0,113893.0,430299.0,189808.0,2.4009026015646264,2.3361397253037506,1.0,Montgomery - AL USA
2006,"Bangor, ME",8459.0,38973.0,119907.0,8459.0,19641.0,49011.0,167339.0,77111.0,2.4465324110913875,1.984267603482511,1.0,Bangor - ME USA
2007,"Lancaster, PA",20664.0,121946.0,355987.0,20664.0,54327.0,131808.0,498597.0,206799.0,2.700799647972809,2.2446665562243453,1.0,Lancaster - PA USA
2018,"El Paso, TX",15142.0,293733.0,532053.0,15142.0,105241.0,164920.0,840928.0,285303.0,3.2261278195488723,2.791051016238918,1.0,El Paso - TX USA
2019,"New Haven-Milford, CT",28840.0,291748.0,534735.0,28840.0,128537.0,200471.0,855323.0,357848.0,2.6673932888048646,2.2697589021060085,1.0,New Haven - CT USA
2012,"Lebanon, PA",3353.0,36540.0,95553.0,3353.0,15071.0,37353.0,135446.0,55777.0,2.558107782507429,2.4245239201114726,1.0,Lebanon - PA USA
2023,"Cape Coral-Fort Myers, FL",13387.0,207123.0,613898.0,13387.0,81660.0,244678.0,834408.0,339725.0,2.5090036701297214,2.536407053637032,1.0,Fort Myers - FL USA
2020,"Naples-Immokalee-Marco Island, FL",4110.0,123634.0,275656.0,4110.0,40289.0,107894.0,403400.0,152293.0,2.5548779357517564,3.06867879570106,1.0,Naples - FL USA
2010,"Medford, OR",2867.0,72447.0,128309.0,2867.0,29682.0,51826.0,203623.0,84375.0,2.4757650600084897,2.440772185162725,1.0,Medford - OR USA
2016,"San Angelo, TX",5738.0,41746.0,70570.0,5738.0,16929.0,26568.0,118054.0,49235.0,2.656202950918398,2.465946009805659,1.0,San Angelo - TX USA
2020,"Atlantic City-Hammonton, NJ",6522.0,76865.0,174581.0,6522.0,35160.0,68004.0,257968.0,109686.0,2.5672166343156286,2.1861490329920366,1.0,Atlantic City - NJ USA
2012,"Orlando-Kissimmee-Sanford, FL",41250.0,827355.0,1318588.0,41250.0,294624.0,466217.0,2187193.0,802091.0,2.828270955370568,2.808172450309547,1.0,Orlando - FL USA
2014,"Anniston-Oxford-Jacksonville, AL",3196.0,35004.0,77998.0,3196.0,14875.0,31212.0,116198.0,49283.0,2.4989747533000126,2.3532100840336136,1.0,Anniston-Oxford - AL USA
2018,"Tampa-St. Petersburg-Clearwater, FL",51600.0,1062244.0,2029564.0,51600.0,431767.0,795561.0,3143408.0,1278928.0,2.551110474243961,2.460225075098375,1.0,Tampa - FL USA
2008,"Terre Haute, IN",10517.0,39644.0,99357.0,10517.0,17286.0,41130.0,149518.0,68933.0,2.4156819839533186,2.293416637741525,1.0,Terre Haute - IN USA
2014,"Utica-Rome, NY",13378.0,87566.0,175564.0,13378.0,38400.0,70695.0,276508.0,122473.0,2.483400523375062,2.2803645833333333,1.0,Utica - NY USA
2005,"Gadsden, AL",0.0,28362.0,76168.0,,11000.0,31161.0,104530.0,,2.4443374731234555,2.5783636363636364,,Gadsden - AL USA
2023,"Jackson, TN",5490.0,41342.0,71823.0,5490.0,16997.0,30201.0,118655.0,52688.0,2.3781662858845736,2.4323115843972465,1.0,Jackson - TN USA
2006,"Denver-Aurora-Lakewood, CO",29164.0,676251.0,1716083.0,29164.0,302335.0,650486.0,2421498.0,981985.0,2.6381551639850818,2.236760547075264,1.0,Denver - CO USA
2009,"Cleveland-Elyria, OH",50342.0,601220.0,1440263.0,50342.0,278442.0,559879.0,2091825.0,888663.0,2.572454048106823,2.1592288519691714,1.0,Cleveland - OH USA
2011,"Utica-Rome, NY",14542.0,89723.0,193615.0,14542.0,39181.0,78549.0,297880.0,132272.0,2.4648945244369758,2.289961971363671,1.0,Utica - NY USA
2009,"Champaign-Urbana, IL",21343.0,74052.0,100325.0,21343.0,36414.0,41609.0,195720.0,99366.0,2.4111370136268597,2.033613445378151,1.0,Champaign-Urbana - IL USA
2013,"Decatur, IL",3771.0,30233.0,75285.0,3771.0,13271.0,31694.0,109289.0,48736.0,2.375370732630782,2.2781252354758497,1.0,Decatur - IL USA
2023,"Beaumont-Port Arthur, TX",15316.0,111043.0,269206.0,15316.0,47612.0,102682.0,395565.0,165610.0,2.6217448043474025,2.332248172729564,1.0,Beaumont - TX USA
2007,"Fayetteville-Springdale-Rogers, AR-MO",10061.0,126274.0,261193.0,10061.0,51726.0,96927.0,397528.0,158714.0,2.6947393399156065,2.4412094497931407,1.0,Northwest Arkansas - AR USA
2010,"Terre Haute, IN",8846.0,40013.0,101742.0,8846.0,17662.0,38803.0,150601.0,65311.0,2.6220137618225396,2.265485222511607,1.0,Terre Haute - IN USA
2012,"Lubbock, TX",11913.0,108437.0,165625.0,11913.0,45769.0,60488.0,285975.0,118170.0,2.7381464092051315,2.369223710371649,1.0,Lubbock - TX USA
2017,"Eau Claire, WI",6582.0,48503.0,102975.0,6582.0,22157.0,41196.0,158060.0,69935.0,2.4996358869793185,2.1890598907794376,1.0,Eau Claire - WI USA
2020,"Odessa, TX",1825.0,58116.0,114901.0,1825.0,20679.0,39707.0,174842.0,62211.0,2.8937215100611984,2.810387349484985,1.0,Odessa - TX USA
2020,"St. Joseph, MO-KS",6281.0,31201.0,79905.0,6281.0,14247.0,29520.0,117387.0,50048.0,2.706808943089431,2.190004913315084,1.0,
2009,"Elkhart-Goshen, IN",2224.0,48533.0,149692.0,2224.0,17838.0,51220.0,200449.0,71282.0,2.922530261616556,2.720764659715215,1.0,Elkhart - IN USA
2016,"Miami-Fort Lauderdale-West Palm Beach, FL",83038.0,2476979.0,3475199.0,83038.0,871669.0,1220023.0,6035216.0,2174730.0,2.8484700698265524,2.841650901890511,1.0,Miami - FL USA
2023,"Reno, NV",7595.0,171116.0,319722.0,7595.0,75155.0,125985.0,498433.0,208735.0,2.5377783069413025,2.2768411948639478,1.0,Reno - NV USA
2023,"Glens Falls, NY",3589.0,28705.0,92639.0,3589.0,15309.0,40525.0,124933.0,59423.0,2.2859716224552744,1.8750408256581097,1.0,Glens Falls - NY USA
2021,"Oxnard-Thousand Oaks-Ventura, CA",13464.0,287962.0,537570.0,13464.0,97063.0,182107.0,838996.0,292634.0,2.9519458340426232,2.9667535518168613,1.0,Ventura - CA USA
2009,"Salt Lake City, UT",12696.0,270430.0,751937.0,12696.0,105436.0,230963.0,1035063.0,349095.0,3.255659997488775,2.5648734777495354,1.0,Salt Lake City - UT USA
2022,"Waco, TX",8142.0,91239.0,167342.0,8142.0,36829.0,57895.0,266723.0,102866.0,2.8904395889109593,2.4773683781802385,1.0,Waco - TX USA
2022,"Racine, WI",4845.0,47791.0,143530.0,4845.0,21481.0,57090.0,196166.0,83416.0,2.514100543002277,2.2248033145570503,1.0,Racine - WI USA
2022,"Salisbury, MD-DE",12580.0,96435.0,330152.0,12580.0,40600.0,138427.0,439167.0,191607.0,2.385026042607295,2.3752463054187194,1.0,Salisbury - MD USA
2012,"Gainesville, GA",2517.0,65146.0,117918.0,2517.0,20518.0,39982.0,185581.0,63017.0,2.949277174728628,3.1750657958865385,1.0,Gainesville - GA USA
2020,"Glens Falls, NY",3964.0,28292.0,89952.0,3964.0,16061.0,40790.0,122208.0,60815.0,2.205246383917627,1.7615341510491251,1.0,Glens Falls - NY USA
2022,"St. George, UT",2764.0,46301.0,148496.0,2764.0,17044.0,54847.0,197561.0,74655.0,2.707458931208635,2.71655714620981,1.0,
2014,"Boise City, ID",11599.0,210079.0,469790.0,11599.0,80475.0,169188.0,691468.0,261262.0,2.776733574485188,2.610487729108419,1.0,Boise - ID USA
2005,"San Jose-Sunnyvale-Santa Clara, CA",0.0,610787.0,1060711.0,,230343.0,349687.0,1671498.0,,3.033315507868465,2.6516412480518183,,San Jose - CA USA
2016,"Detroit-Warren-Dearborn, MI",48049.0,1237103.0,2925743.0,48049.0,536806.0,1119876.0,4210895.0,1704731.0,2.612559783404591,2.3045625421474423,1.0,Detroit - MI USA
2007,"Pittsfield, MA",6459.0,31553.0,79373.0,6459.0,17053.0,33205.0,117385.0,56717.0,2.3903930131004367,1.8502902715064797,1.0,Pittsfield - MA USA
2022,"Yakima, WA",3635.0,93262.0,159752.0,3635.0,31693.0,55923.0,256649.0,91251.0,2.856642168696243,2.9426687281103083,1.0,Yakima - WA USA
2017,"Philadelphia-Camden-Wilmington, PA-NJ-DE-MD",161701.0,1764639.0,4209921.0,161701.0,770826.0,1524273.0,6136261.0,2456800.0,2.7619206008372514,2.289283184531918,1.0,Philadelphia - PA USA
2005,"Fort Wayne, IN",0.0,79695.0,254397.0,,38095.0,95070.0,334092.0,,2.6758914484064373,2.0920068250426564,,Fort Wayne - IN USA
2017,"Charleston-North Charleston, SC",17497.0,255594.0,502550.0,17497.0,104709.0,185876.0,775641.0,308082.0,2.703684176547806,2.4409936108643957,1.0,Charleston - SC USA
2015,"Prescott, AZ",3957.0,63228.0,154862.0,3957.0,27581.0,67339.0,222047.0,98877.0,2.299737150833841,2.292447699503281,1.0,Prescott - AZ USA
2019,"Augusta-Richmond County, GA-SC",15432.0,163350.0,377796.0,15432.0,60398.0,131542.0,556578.0,207372.0,2.8720560733453953,2.7045597536342263,1.0,Augusta - GA USA
2023,"Odessa, TX",2136.0,49335.0,113194.0,2136.0,24057.0,42880.0,164665.0,69073.0,2.639785447761194,2.0507544581618657,1.0,Odessa - TX USA
2020,"Buffalo-Cheektowaga-Niagara Falls, NY",29316.0,314264.0,779764.0,29316.0,172698.0,330416.0,1123344.0,532430.0,2.3599462495762915,1.819731554505553,1.0,Buffalo - NY USA
2012,"Shreveport-Bossier City, LA",8592.0,153252.0,258394.0,8592.0,60215.0,99245.0,420238.0,168052.0,2.60359715854703,2.54508012953583,1.0,Shreveport - LA USA
2007,"Worcester, MA-CT",26493.0,205067.0,565969.0,26493.0,93770.0,203363.0,797529.0,323626.0,2.7830480470882115,2.1869147915111444,1.0,Worcester - MA USA
2020,"Pensacola-Ferry Pass-Brent, FL",22071.0,136746.0,355062.0,22071.0,58896.0,131417.0,513879.0,212384.0,2.7017965712198575,2.3218215158924207,1.0,Pensacola - FL USA
2011,"Oklahoma City, OK",34765.0,426870.0,886784.0,34765.0,174505.0,334542.0,1348419.0,543812.0,2.650740415254288,2.4461763273258645,1.0,Oklahoma City - OK USA
2009,"Lakeland-Winter Haven, FL",14310.0,164885.0,403934.0,14310.0,63867.0,158372.0,583129.0,236549.0,2.550539236733766,2.5816932061941222,1.0,Lakeland - FL USA
2019,"Lebanon, PA",3693.0,39924.0,98433.0,3693.0,16329.0,37532.0,142050.0,57554.0,2.6226420121496323,2.444975197501378,1.0,Lebanon - PA USA
2016,"Lansing-East Lansing, MI",21716.0,147679.0,306310.0,21716.0,65786.0,119606.0,475705.0,207108.0,2.5609919234820997,2.244839327516493,1.0,Lansing - MI USA
2010,"Daphne-Fairhope-Foley, AL",2810.0,52489.0,127918.0,2810.0,19463.0,48633.0,183217.0,70906.0,2.630271626262003,2.696860710065252,1.0,Daphne-Fairhope-Foley - AL USA
2023,"Salt Lake City, UT",17638.0,369780.0,942924.0,17638.0,159123.0,322477.0,1330342.0,499238.0,2.92400388244743,2.323862672272393,1.0,Salt Lake City - UT USA
2010,"Gainesville, GA",4178.0,60238.0,115801.0,4178.0,21014.0,39955.0,180217.0,65147.0,2.8982855712676763,2.8665651470448275,1.0,Gainesville - GA USA
2020,"Kankakee, IL",5114.0,31193.0,72068.0,5114.0,12893.0,28694.0,108375.0,46701.0,2.511605213633512,2.4193748545722484,1.0,Kankakee - IL USA
2009,"Chattanooga, TN-GA",8309.0,138523.0,336762.0,8309.0,59316.0,131979.0,483594.0,199604.0,2.551633214375014,2.3353395373929464,1.0,Chattanooga - TN USA
2005,"Austin-Round Rock, TX",0.0,496379.0,985636.0,,219395.0,348555.0,1482015.0,,2.827777538695471,2.262490029399029,,Austin - TX USA
2021,"Corpus Christi, TX",17161.0,158891.0,304990.0,17161.0,63447.0,111601.0,481042.0,192209.0,2.732860816659349,2.50431068450833,1.0,Corpus Christi - TX USA
2008,"Grand Junction, CO",1044.0,45045.0,93860.0,1044.0,17144.0,38544.0,139949.0,56732.0,2.4351390618513906,2.6274498366775547,1.0,Grand Junction - CO USA
2007,"Montgomery, AL",15878.0,105673.0,231547.0,15878.0,42416.0,91110.0,353098.0,149404.0,2.541400504884206,2.4913476046774803,1.0,Montgomery - AL USA
2011,"Laredo, TX",4354.0,92257.0,160069.0,4354.0,26109.0,41353.0,256680.0,71816.0,3.870795347375039,3.533532498372209,1.0,Laredo - TX USA
2006,"Toledo, OH",18799.0,165237.0,428231.0,18799.0,81012.0,164446.0,612267.0,264257.0,2.6040827992167643,2.039660790993927,1.0,Toledo - OH USA
2015,"San Luis Obispo-Paso Robles-Arroyo Grande, CA",15786.0,105531.0,159923.0,15786.0,41981.0,62779.0,281240.0,120546.0,2.547396422370538,2.5137800433529454,1.0,San Luis Obispo - CA USA
2006,"Oklahoma City, OK",31048.0,358332.0,852735.0,31048.0,156937.0,324701.0,1242115.0,512686.0,2.626216118829323,2.2832856496555944,1.0,Oklahoma City - OK USA
2022,"College Station-Bryan, TX",20671.0,107975.0,113687.0,20671.0,51160.0,42420.0,242333.0,114251.0,2.68003300330033,2.110535574667709,1.0,College Station-Bryan - TX USA
2013,"Las Vegas-Henderson-Paradise, NV",20120.0,958703.0,1047551.0,20120.0,342671.0,370909.0,2026374.0,733700.0,2.824280349088321,2.7977360208479856,1.0,Las Vegas - NV USA
2007,"Charlottesville, VA",9470.0,59963.0,108647.0,9470.0,25626.0,45146.0,178080.0,80242.0,2.406569795773712,2.3399281979239834,1.0,Charlottesville - VA USA
2008,"Louisville/Jefferson County, KY-IN",22982.0,309289.0,836755.0,22982.0,140702.0,327779.0,1169026.0,491463.0,2.5528023454827795,2.1981848161362314,1.0,Louisville - KY USA
2012,"Scranton--Wilkes-Barre--Hazleton, PA",17616.0,151554.0,327682.0,17616.0,71953.0,128302.0,496852.0,217871.0,2.553989805303113,2.10629160702125,1.0,Scranton - PA USA
2020,"Sebastian-Vero Beach, FL",1585.0,29623.0,132399.0,1585.0,11969.0,49086.0,163607.0,62640.0,2.697286395306197,2.4749770239786115,1.0,
2006,"Punta Gorda, FL",2175.0,26813.0,125467.0,2175.0,11879.0,59147.0,154455.0,73201.0,2.121274113649044,2.257176530010944,1.0,Punta Gorda - FL USA
2005,"Fresno, CA",0.0,374616.0,489802.0,,117106.0,157284.0,864418.0,,3.1141247679357087,3.1989479616757466,,Fresno - CA USA
2021,"Fort Wayne, IN",5306.0,101695.0,281772.0,5306.0,46789.0,108077.0,388773.0,160172.0,2.607141204881705,2.173480946376285,1.0,Fort Wayne - IN USA
2014,"Rocky Mount, NC",3331.0,54798.0,91405.0,3331.0,22155.0,36559.0,149534.0,62045.0,2.500205147843212,2.473392010832769,1.0,Rocky Mount - NC USA
2017,"York-Hanover, PA",8851.0,111836.0,325041.0,8851.0,44378.0,127403.0,445728.0,180632.0,2.5512821519116504,2.52007751588625,1.0,York - PA USA
2015,"Seattle-Tacoma-Bellevue, WA",65417.0,1352792.0,2317184.0,65417.0,573647.0,863578.0,3735393.0,1502642.0,2.6832364881921493,2.3582307586372804,1.0,Seattle - WA USA
2022,"Bloomington, IN",13022.0,50391.0,76266.0,13022.0,28754.0,31364.0,139679.0,73140.0,2.4316413722739445,1.752486610558531,1.0,Bloomington - IN USA
2011,"Elizabethtown-Fort Knox, KY",4348.0,45037.0,87876.0,4348.0,16094.0,32589.0,137261.0,53031.0,2.696492681579674,2.7983720641232757,1.0,Elizabethtown-Fort Knox - KY USA
2009,"Bangor, ME",8476.0,41956.0,118641.0,8476.0,21303.0,49796.0,169073.0,79575.0,2.3825407663266125,1.9694878655588415,1.0,Bangor - ME USA
2011,"Augusta-Richmond County, GA-SC",13110.0,168686.0,330440.0,13110.0,63652.0,126536.0,512236.0,203298.0,2.611430739078207,2.6501288254885944,1.0,Augusta - GA USA
2021,"Houma-Thibodaux, LA",3540.0,37915.0,185526.0,3540.0,17458.0,72807.0,226981.0,93805.0,2.548189047756397,2.1717837094741665,1.0,Houma-Thibodaux - LA USA
2019,"Kansas City, MO-KS",36323.0,664384.0,1507475.0,36323.0,300989.0,560614.0,2208182.0,897926.0,2.6889713778107573,2.2073364807351763,1.0,Kansas City - MO USA
2015,"Indianapolis-Carmel-Anderson, IN",37633.0,655739.0,1294134.0,37633.0,270007.0,485088.0,1987506.0,792728.0,2.6678334652681577,2.4285999992592786,1.0,Indianapolis - IN USA
2022,"Sheboygan, WI",3348.0,27873.0,86804.0,3348.0,14193.0,36341.0,118025.0,53882.0,2.388596901571228,1.963855421686747,1.0,Sheboygan - WI USA
2013,"Montgomery, AL",13714.0,122934.0,240356.0,13714.0,49625.0,91512.0,377004.0,154851.0,2.6264970714223272,2.4772594458438286,1.0,Montgomery - AL USA
2007,"Brownsville-Harlingen, TX",2193.0,121437.0,263609.0,2193.0,38019.0,79489.0,387239.0,119701.0,3.316295336461649,3.194113469580999,1.0,Brownsville-Harlingen - TX USA
2019,"Greensboro-High Point, NC",26151.0,285460.0,506124.0,26151.0,119163.0,202493.0,817735.0,347807.0,2.499464179008657,2.3955422404605455,1.0,Greensboro - NC USA
2006,"Battle Creek, MI",3392.0,29160.0,105224.0,3392.0,13533.0,40229.0,137776.0,57154.0,2.6156255437619627,2.1547328751939703,1.0,Battle Creek - MI USA
2006,"San Angelo, TX",5019.0,30919.0,70026.0,5019.0,14196.0,28331.0,105964.0,47546.0,2.4717094348946382,2.1780078895463513,1.0,San Angelo - TX USA
2012,"Visalia-Porterville, CA",7669.0,204452.0,241291.0,7669.0,57747.0,74867.0,453412.0,140283.0,3.2229286601573457,3.5404782932446706,1.0,Visalia - CA USA
2023,"Stockton-Lodi, CA",12075.0,287077.0,501881.0,12075.0,93092.0,157999.0,801033.0,263166.0,3.1764821296337318,3.083798822670047,1.0,Stockton - CA USA
2009,"Washington-Arlington-Alexandria, DC-VA-MD-WV",102857.0,1644826.0,3656176.0,102857.0,667510.0,1294329.0,5403859.0,2064696.0,2.82476557351338,2.464121885814445,1.0,Washington - DC USA
2021,"Monroe, MI",1476.0,20599.0,133274.0,1476.0,11046.0,50529.0,155349.0,63051.0,2.6375744621900297,1.8648379503892811,1.0,Monroe - MI USA
2006,"Shreveport-Bossier City, LA",11412.0,130678.0,259732.0,11412.0,52769.0,101271.0,401822.0,165452.0,2.564722378568396,2.4764160776213306,1.0,Shreveport - LA USA
2020,"Boise City, ID",12178.0,200127.0,574422.0,12178.0,88969.0,204206.0,786727.0,305353.0,2.81295358608464,2.249401476918927,1.0,Boise - ID USA
2012,"East Stroudsburg, PA",2497.0,42071.0,124233.0,2497.0,13338.0,44223.0,168801.0,60058.0,2.8092395359880604,3.1542210226420755,1.0,East Stroudsburg - PA USA
2012,"Charlotte-Concord-Gastonia, NC-SC",41440.0,752875.0,1548855.0,41440.0,296400.0,570804.0,2343170.0,908644.0,2.7134620640359914,2.5400641025641026,1.0,Charlotte - NC USA
2005,"Durham-Chapel Hill, NC",0.0,133012.0,259358.0,,66350.0,103351.0,392370.0,,2.509487087691459,2.004702336096458,,Durham - NC USA
2010,"Lincoln, NE",15952.0,101701.0,169040.0,15952.0,46373.0,68276.0,286693.0,130601.0,2.4758333821547835,2.1931080585685634,1.0,Lincoln - NE USA
2015,"Orlando-Kissimmee-Sanford, FL",42714.0,904153.0,1396232.0,42714.0,332085.0,491584.0,2343099.0,866383.0,2.840271449030074,2.7226553442642696,1.0,Orlando - FL USA
2016,"Jackson, TN",5548.0,36958.0,73895.0,5548.0,15633.0,27521.0,116401.0,48702.0,2.6850405145161877,2.3641015799910448,1.0,Jackson - TN USA
2022,"Brownsville-Harlingen, TX",3109.0,133983.0,288207.0,3109.0,46587.0,91394.0,425299.0,141090.0,3.153456463225157,2.8759739841586707,1.0,Brownsville-Harlingen - TX USA
2013,"Palm Bay-Melbourne-Titusville, FL",5604.0,157404.0,387526.0,5604.0,61741.0,156583.0,550534.0,223928.0,2.4748919103606393,2.5494242075768128,1.0,Melbourne - FL USA
2012,"Wichita Falls, TX",15864.0,42410.0,74385.0,15864.0,19424.0,29278.0,132659.0,64566.0,2.540644852790491,2.183381383855025,1.0,Wichita Falls - TX USA
2010,"Visalia-Porterville, CA",4902.0,190800.0,247901.0,4902.0,53143.0,76446.0,443603.0,134491.0,3.2428250006540567,3.5903129292663194,1.0,Visalia - CA USA
2010,"San Luis Obispo-Paso Robles-Arroyo Grande, CA",14965.0,108627.0,146443.0,14965.0,39977.0,59676.0,270035.0,114618.0,2.4539680943762985,2.7172374115116193,1.0,San Luis Obispo - CA USA
2012,"Lake Havasu City-Kingman, AZ",14008.0,80799.0,126365.0,14008.0,29586.0,58495.0,221172.0,102089.0,2.1602701085562868,2.730987629284121,1.0,Lake Havasu - AZ USA
2009,"Augusta-Richmond County, GA-SC",16707.0,150764.0,322533.0,16707.0,58803.0,124673.0,490004.0,200183.0,2.5870316748614375,2.563882795095488,1.0,Augusta - GA USA
2013,"Knoxville, TN",21371.0,276723.0,636274.0,21371.0,120154.0,250689.0,934368.0,392214.0,2.538100993661469,2.303069394277344,1.0,Knoxville - TN USA
2017,"Houston-The Woodlands-Sugar Land, TX",78001.0,2425977.0,4309195.0,78001.0,901932.0,1396732.0,6813173.0,2376665.0,3.0851981625680516,2.689755990473783,1.0,Houston - TX USA
2010,"Vallejo-Fairfield, CA",12220.0,151093.0,250590.0,12220.0,52478.0,87723.0,413903.0,152421.0,2.8566054512499575,2.87916841343039,1.0,Vallejo-Fairfield - CA USA
2005,"Cleveland-Elyria, OH",0.0,569619.0,1510580.0,,269886.0,580685.0,2080199.0,,2.601375961149332,2.1105911384806917,,Cleveland - OH USA
2010,"Hammond, LA",5028.0,40427.0,75788.0,5028.0,14425.0,28802.0,121243.0,48255.0,2.6313450454829526,2.8025649913344886,1.0,Hammond - LA USA
2012,"Lima, OH",4009.0,30417.0,70927.0,4009.0,12903.0,27463.0,105353.0,44375.0,2.5826384590175873,2.357358753778191,1.0,
2013,"Springfield, MA",20276.0,194584.0,359852.0,20276.0,81465.0,138528.0,574712.0,240269.0,2.5976842226842227,2.3885595040815075,1.0,Springfield - MA USA
2010,"Indianapolis-Carmel-Anderson, IN",31561.0,549737.0,1255961.0,31561.0,230229.0,471449.0,1837259.0,733239.0,2.664044255051978,2.3877834677647036,1.0,Indianapolis - IN USA
2014,"New Orleans-Metairie, LA",20252.0,435068.0,796282.0,20252.0,184829.0,289887.0,1251602.0,494968.0,2.7468703322329047,2.3538946810294923,1.0,New Orleans - LA USA
2016,"McAllen-Edinburg-Mission, TX",8546.0,271591.0,570066.0,8546.0,80376.0,154340.0,850203.0,243262.0,3.693572631851756,3.3790061709963175,1.0,McAllen - TX USA
2016,"Oshkosh-Neenah, WI",8278.0,49686.0,111864.0,8278.0,24369.0,45575.0,169828.0,78222.0,2.4545035655512892,2.038901883540564,1.0,
2021,"Flagstaff, AZ",13795.0,48668.0,82376.0,13795.0,23707.0,31439.0,144839.0,68941.0,2.62018512039187,2.052895769182098,1.0,Flagstaff - AZ USA
2018,"Monroe, LA",7339.0,59778.0,87189.0,7339.0,23215.0,32384.0,154306.0,62938.0,2.6923480731225298,2.5749730777514537,1.0,Monroe - LA USA
2006,"Stockton-Lodi, CA",15106.0,245333.0,412762.0,15106.0,78349.0,132113.0,673201.0,225568.0,3.1243102495590898,3.131284381421588,1.0,Stockton - CA USA
2019,"Odessa, TX",1630.0,55936.0,108705.0,1630.0,20027.0,33128.0,166271.0,54785.0,3.2813631972953394,2.7930294102961004,1.0,Odessa - TX USA
2017,"Milwaukee-Waukesha-West Allis, WI",30886.0,558226.0,987534.0,30886.0,249527.0,375970.0,1576646.0,656383.0,2.6266297842913,2.237136662565574,1.0,Milwaukee - WI USA
2014,"Decatur, IL",3928.0,26614.0,77809.0,3928.0,13354.0,30709.0,108351.0,47991.0,2.5337523201667262,1.9929609105885877,1.0,Decatur - IL USA
2009,"Reading, PA",20369.0,87530.0,299190.0,20369.0,40630.0,110313.0,407089.0,171312.0,2.712191672785619,2.1543194683731235,1.0,Reading - PA USA
2019,"Bloomington, IL",8940.0,53850.0,107952.0,8940.0,23370.0,41747.0,170742.0,74057.0,2.585862457182552,2.3042362002567396,1.0,Bloomington - IL USA
2010,"Pittsfield, MA",5925.0,37048.0,73148.0,5925.0,18244.0,31841.0,116121.0,56010.0,2.2972896579881286,2.0306950230212673,1.0,Pittsfield - MA USA
2016,"Toledo, OH",17828.0,222184.0,405581.0,17828.0,100588.0,164454.0,645593.0,282870.0,2.4662276381237307,2.2088519505308786,1.0,Toledo - OH USA
2020,"Oshkosh-Neenah, WI",7310.0,44723.0,119292.0,7310.0,23809.0,46843.0,171325.0,77962.0,2.546634502487031,1.878407324961149,1.0,
2014,"Reno, NV",5780.0,182628.0,251645.0,5780.0,72194.0,94447.0,440053.0,172421.0,2.664404374940443,2.5296839072499098,1.0,Reno - NV USA
2017,"Bakersfield, CA",30028.0,370529.0,492469.0,30028.0,111062.0,158084.0,893026.0,299174.0,3.1152362035373597,3.3362356161423348,1.0,Bakersfield - CA USA
2005,"Miami-Fort Lauderdale-West Palm Beach, FL",0.0,1728075.0,3569271.0,,683921.0,1341529.0,5297346.0,,2.6605992117948998,2.5267172670527738,,Miami - FL USA
2015,"Jefferson City, MO",9803.0,38294.0,102516.0,9803.0,17819.0,37628.0,150613.0,65250.0,2.724460508132242,2.1490543801560134,1.0,
2008,"Spokane-Spokane Valley, WA",13426.0,140546.0,309126.0,13426.0,65498.0,119174.0,463098.0,198098.0,2.593904710759058,2.145805978808513,1.0,Spokane - WA USA
2011,"Greenville, NC",6047.0,73620.0,91718.0,6047.0,28996.0,34325.0,171385.0,69368.0,2.6720466132556444,2.5389708925369017,1.0,Greenville - NC USA
2008,"Jacksonville, NC",24061.0,53591.0,88855.0,24061.0,21089.0,35528.0,166507.0,80678.0,2.500985138482324,2.5411826070463275,1.0,Jacksonville - NC USA
2023,"Spartanburg, SC",7143.0,89343.0,259619.0,7143.0,37479.0,97081.0,356105.0,141703.0,2.674251398316869,2.383814936364364,1.0,Spartanburg - SC USA
2020,"Salisbury, MD-DE",14067.0,98250.0,308934.0,14067.0,39768.0,128179.0,421251.0,182014.0,2.410176393949087,2.47057936028968,1.0,Salisbury - MD USA
2016,"Eugene, OR",8211.0,151645.0,209740.0,8211.0,60246.0,87465.0,369596.0,155922.0,2.3979877665351856,2.5170965707266872,1.0,Eugene - OR USA
2008,"Barnstable Town, MA",4128.0,40951.0,202624.0,4128.0,18812.0,82339.0,247703.0,105279.0,2.4608508726120064,2.1768551988092706,1.0,Barnstable Town - MA USA
2011,"Eau Claire, WI",6693.0,44288.0,111851.0,6693.0,21997.0,42926.0,162832.0,71616.0,2.6056702231747657,2.0133654589262173,1.0,Eau Claire - WI USA
2014,"Los Angeles-Long Beach-Anaheim, CA",219640.0,6511683.0,6530834.0,219640.0,2213006.0,2074970.0,13262157.0,4507616.0,3.14743538460797,2.942460616916538,1.0,Los Angeles - CA USA
2022,"Fort Wayne, IN",6164.0,99980.0,285360.0,6164.0,47172.0,108508.0,391504.0,161844.0,2.6298521767980243,2.1194776562367506,1.0,Fort Wayne - IN USA
2023,"Springfield, MA",34902.0,190342.0,347572.0,34902.0,87054.0,139960.0,572816.0,261916.0,2.483366676193198,2.186481953729869,1.0,Springfield - MA USA
2021,"Santa Maria-Santa Barbara, CA",22947.0,204212.0,219085.0,22947.0,71939.0,78611.0,446244.0,173497.0,2.786950935619697,2.8386827729048223,1.0,Santa Barbara - CA USA
2018,"Memphis, TN-MS-AR",21606.0,476754.0,747621.0,21606.0,187592.0,275604.0,1245981.0,484802.0,2.712663822005486,2.541440999616188,1.0,Memphis - TN USA
2019,"Ithaca, NY",14092.0,39682.0,49363.0,14092.0,20424.0,19897.0,103137.0,54413.0,2.4809267728803337,1.9429103016059537,1.0,
2020,"Janesville-Beloit, WI",3022.0,35300.0,125524.0,3022.0,17845.0,48755.0,163846.0,69622.0,2.574587221823403,1.978145138694312,1.0,Janesville-Beloit - WI USA
2022,"Roanoke, VA",7819.0,90470.0,236763.0,7819.0,41609.0,100598.0,335052.0,150026.0,2.3535557366945663,2.174289216275325,1.0,
2009,"New Orleans-Metairie, LA",22063.0,406318.0,827686.0,22063.0,155749.0,303536.0,1256067.0,481348.0,2.7268132939750145,2.6088000565011655,1.0,New Orleans - LA USA
2019,"Corpus Christi, TX",17030.0,168952.0,305741.0,17030.0,65277.0,108471.0,491723.0,190778.0,2.8186427708788524,2.588231689569067,1.0,Corpus Christi - TX USA
2014,"Anchorage, AK",12109.0,150109.0,293700.0,12109.0,56123.0,100549.0,455918.0,168781.0,2.9209639081442877,2.674643194412273,1.0,Anchorage - AK USA
2014,"Knoxville, TN",22258.0,260247.0,656969.0,22258.0,109455.0,258656.0,939474.0,390369.0,2.5399333477669184,2.3776620528984513,1.0,Knoxville - TN USA
2019,"Decatur, AL",2367.0,33538.0,116767.0,2367.0,13363.0,45952.0,152672.0,61682.0,2.5410645891364902,2.509765771159171,1.0,Decatur - AL USA
2015,"Reno, NV",6128.0,191240.0,249600.0,6128.0,75461.0,97290.0,446968.0,178879.0,2.5655257477644158,2.534289235499132,1.0,Reno - NV USA
2019,"Charleston, WV",2882.0,50791.0,133412.0,2882.0,24262.0,57112.0,187085.0,84256.0,2.3359714245692675,2.0934382985739015,1.0,
2010,"Syracuse, NY",28197.0,177775.0,431783.0,28197.0,83067.0,163289.0,637755.0,274553.0,2.644287122831299,2.140139887079105,1.0,Syracuse - NY USA
2010,"Montgomery, AL",16514.0,117863.0,229562.0,16514.0,45670.0,91350.0,363939.0,153534.0,2.5129939792008757,2.5807532296912634,1.0,Montgomery - AL USA
2014,"Lubbock, TX",11319.0,116958.0,165458.0,11319.0,49470.0,61397.0,293735.0,122186.0,2.694887372347183,2.3642207398423287,1.0,Lubbock - TX USA
2020,"Saginaw, MI",7117.0,42974.0,142021.0,7117.0,18732.0,57978.0,192112.0,83827.0,2.4495670771672016,2.294149049754431,1.0,Saginaw - MI USA
2013,"Lafayette, LA",8875.0,144389.0,379414.0,8875.0,57480.0,141876.0,532678.0,208231.0,2.674264850996645,2.5119867780097427,1.0,Lafayette - LA USA
2008,"Kalamazoo-Portage, MI",10453.0,79854.0,233475.0,10453.0,37905.0,88831.0,323782.0,137189.0,2.6283054339138365,2.106687772061733,1.0,Kalamazoo - MI USA
2009,"Springfield, IL",10223.0,61472.0,165863.0,10223.0,29337.0,70153.0,237558.0,109713.0,2.3643037361196244,2.095374441831135,1.0,Springfield - IL USA
2013,"North Port-Sarasota-Bradenton, FL",10163.0,220764.0,501811.0,10163.0,82747.0,219769.0,732738.0,312679.0,2.283356615355214,2.667939623188756,1.0,Sarasota - FL USA
2022,"Akron, OH",15605.0,189058.0,493289.0,15605.0,92843.0,202065.0,697952.0,310513.0,2.4412392052062457,2.0363193778744764,1.0,Akron - OH USA
2017,"Greenville-Anderson-Mauldin, SC",24733.0,277491.0,672224.0,24733.0,116019.0,259337.0,974448.0,400089.0,2.5920867442748237,2.3917720373387117,1.0,Greenville - SC USA
2018,"Youngstown-Warren-Boardman, OH-PA",17566.0,150314.0,370915.0,17566.0,69606.0,157872.0,538795.0,245044.0,2.349466656531874,2.1594977444473176,1.0,Youngstown - OH USA
2011,"Alexandria, LA",3821.0,39736.0,88120.0,3821.0,14986.0,30323.0,131677.0,49130.0,2.9060449164000923,2.6515414386760976,1.0,Alexandria - LA USA
2023,"Anniston-Oxford-Jacksonville, AL",5153.0,29198.0,82234.0,5153.0,14151.0,32160.0,116585.0,51464.0,2.5570273631840794,2.063317080065013,1.0,Anniston-Oxford - AL USA
2022,"Dover, DE",4097.0,42365.0,140408.0,4097.0,18113.0,55384.0,186870.0,77594.0,2.5351726130290335,2.3389278418815214,1.0,Dover - DE USA
2012,"Bismarck, ND",4563.0,30889.0,89294.0,4563.0,15588.0,36475.0,124746.0,56626.0,2.4480877313228238,1.9815884013343599,1.0,
2021,"Salt Lake City, UT",14702.0,347139.0,960552.0,14702.0,152065.0,311071.0,1322393.0,477838.0,3.0878866882480205,2.28283299904646,1.0,Salt Lake City - UT USA
2019,"St. George, UT",2348.0,51523.0,124174.0,2348.0,18500.0,44644.0,178045.0,65492.0,2.7814263954842757,2.785027027027027,1.0,
2019,"New York-Newark-Jersey City, NY-NJ-PA",414663.0,8693857.0,10731015.0,414663.0,3564332.0,3759006.0,19839535.0,7738001.0,2.8547480371140668,2.4391266021234834,1.0,New York - NY USA
2010,"Ogden-Clearfield, UT",4175.0,123053.0,412831.0,4175.0,45070.0,129422.0,540059.0,178667.0,3.189805442660444,2.7302640337253163,1.0,Ogden - UT USA
2007,"Beaumont-Port Arthur, TX",14710.0,98680.0,262300.0,14710.0,42351.0,99508.0,375690.0,156569.0,2.6359689673192106,2.3300512384595407,1.0,Beaumont - TX USA
2008,"Omaha-Council Bluffs, NE-IA",21920.0,237826.0,675188.0,21920.0,115106.0,253828.0,934934.0,390854.0,2.660021747009786,2.0661477247059232,1.0,Omaha - NE USA
2020,"Chattanooga, TN-GA",16700.0,163393.0,377384.0,16700.0,69543.0,147685.0,557477.0,233928.0,2.555330602295426,2.3495247544684585,1.0,Chattanooga - TN USA
2017,"Port St. Lucie, FL",5538.0,141278.0,325356.0,5538.0,47505.0,129035.0,472172.0,182078.0,2.521455419072345,2.9739606357225554,1.0,Port St. Lucie - FL USA
2011,"Palm Bay-Melbourne-Titusville, FL",6752.0,143334.0,393700.0,6752.0,58230.0,157948.0,543786.0,222930.0,2.4925924987970727,2.461514683153014,1.0,Melbourne - FL USA
2015,"Homosassa Springs, FL",2638.0,27504.0,111066.0,2638.0,11161.0,49379.0,141208.0,63178.0,2.249255756495676,2.4642953140399606,1.0,
2016,"Milwaukee-Waukesha-West Allis, WI",31148.0,562921.0,978814.0,31148.0,251231.0,375093.0,1572883.0,657472.0,2.6095235048374668,2.240651034307072,1.0,Milwaukee - WI USA
2009,"Bakersfield, CA",34377.0,320653.0,452417.0,34377.0,96445.0,145318.0,807447.0,276140.0,3.113289475495121,3.324723935922028,1.0,Bakersfield - CA USA
2012,"Providence-Warwick, RI-MA",56761.0,549174.0,1021527.0,56761.0,245875.0,387363.0,1627462.0,689999.0,2.637131063111345,2.2335495678698525,1.0,Providence - RI USA
2022,"Jackson, MI",8167.0,30366.0,121299.0,8167.0,16177.0,47191.0,159832.0,71535.0,2.570384183424806,1.8771094764171354,1.0,Jackson - MI USA
2006,"Michigan City-La Porte, IN",6915.0,22711.0,80838.0,6915.0,10733.0,31278.0,110464.0,48926.0,2.584500287742183,2.11599739122333,1.0,Michigan City-La Porte - IN USA
2020,"Jackson, MS",24280.0,179786.0,403937.0,24280.0,76021.0,161218.0,608003.0,261519.0,2.5055328809438153,2.364951789637074,1.0,Jackson - MS USA
2010,"Hanford-Corcoran, CA",15562.0,68485.0,69241.0,15562.0,19514.0,21304.0,153288.0,56380.0,3.25014081862561,3.5095316183253047,1.0,Hanford-Corcoran - CA USA
2006,"Saginaw, MI",8217.0,45367.0,152756.0,8217.0,19572.0,57819.0,206340.0,85608.0,2.641968902955776,2.317954220314735,1.0,Saginaw - MI USA
2013,"Bellingham, WA",5521.0,73422.0,127389.0,5521.0,28870.0,49460.0,206332.0,83851.0,2.5755964415689445,2.543193626602009,1.0,Bellingham - WA USA
2021,"Tampa-St. Petersburg-Clearwater, FL",47965.0,964341.0,2206305.0,47965.0,422224.0,887389.0,3218611.0,1357578.0,2.4862884259327083,2.2839559096593276,1.0,Tampa - FL USA
2014,"Mansfield, OH",6768.0,35850.0,79039.0,6768.0,14553.0,32825.0,121657.0,54146.0,2.4078903274942878,2.463409606266749,1.0,Mansfield - OH USA
2023,"Atlantic City-Hammonton, NJ",6205.0,84820.0,174036.0,6205.0,33910.0,72238.0,265061.0,112353.0,2.409202912594479,2.501327042170451,1.0,Atlantic City - NJ USA
2023,"Gainesville, FL",19396.0,104544.0,161884.0,19396.0,53464.0,68289.0,285824.0,141149.0,2.3705721272825784,1.9554092473440072,1.0,Gainesville - FL USA
2015,"Topeka, KS",5170.0,71064.0,148974.0,5170.0,30735.0,59262.0,225208.0,95167.0,2.5138199858256556,2.312152269399707,1.0,
2019,"Springfield, OH",2819.0,40487.0,90592.0,2819.0,17425.0,36981.0,133898.0,57225.0,2.4496903815472812,2.323500717360115,1.0,Springfield - OH USA
2010,"El Paso, TX",11801.0,277704.0,515037.0,11801.0,92442.0,156329.0,804542.0,260572.0,3.294571064869602,3.004089050431622,1.0,El Paso - TX USA
2016,"Mobile, AL",10448.0,130810.0,273868.0,10448.0,54065.0,103076.0,415126.0,167589.0,2.6569521518103145,2.419495052251919,1.0,Mobile - AL USA
2006,"Janesville-Beloit, WI",2326.0,33830.0,122960.0,2326.0,15296.0,47067.0,159116.0,64689.0,2.612446087492298,2.211689330543933,1.0,Janesville-Beloit - WI USA
2013,"Lake Havasu City-Kingman, AZ",7594.0,72546.0,143043.0,7594.0,29034.0,61628.0,223183.0,98256.0,2.3210715908353348,2.498656747261831,1.0,Lake Havasu - AZ USA
2019,"Oxnard-Thousand Oaks-Ventura, CA",12945.0,319992.0,512617.0,12945.0,100614.0,167910.0,845554.0,281469.0,3.0529271633613244,3.1803923907209732,1.0,Ventura - CA USA
2009,"Harrisburg-Carlisle, PA",23227.0,145952.0,368204.0,23227.0,69435.0,146702.0,537383.0,239364.0,2.509877165955474,2.1019946712752935,1.0,Harrisburg - PA USA
2010,"Grand Rapids-Wyoming, MI",21501.0,207050.0,638689.0,21501.0,85169.0,233608.0,867240.0,340278.0,2.73402023903291,2.431048855804342,1.0,Grand Rapids - MI USA
2021,"Seattle-Tacoma-Bellevue, WA",67484.0,1351933.0,2593489.0,67484.0,616403.0,968390.0,4012906.0,1652277.0,2.6781451687853033,2.1932615512903086,1.0,Seattle - WA USA
2022,"Punta Gorda, FL",3913.0,34078.0,164487.0,3913.0,14869.0,75588.0,202478.0,94370.0,2.176099380854104,2.2918824399757884,1.0,Punta Gorda - FL USA
2020,"Topeka, KS",5720.0,53360.0,160960.0,5720.0,28505.0,65559.0,220040.0,99784.0,2.4551930322305098,1.8719522890720925,1.0,
2008,"Muncie, IN",6387.0,29917.0,78323.0,6387.0,13654.0,31417.0,114627.0,51458.0,2.4930133367285228,2.191079537131976,1.0,Muncie - IN USA
2022,"Shreveport-Bossier City, LA",9642.0,140065.0,244134.0,9642.0,62374.0,99681.0,393841.0,171697.0,2.449152797423782,2.24556706319941,1.0,Shreveport - LA USA
2006,"Lansing-East Lansing, MI",20986.0,117121.0,316045.0,20986.0,55238.0,123024.0,454152.0,199248.0,2.5689702822213554,2.1202976212027953,1.0,Lansing - MI USA
2007,"McAllen-Edinburg-Mission, TX",4348.0,200408.0,505824.0,4348.0,60202.0,146736.0,710580.0,211286.0,3.4471704285246973,3.32892594930401,1.0,McAllen - TX USA
2014,"Toledo, OH",18122.0,210274.0,420030.0,18122.0,92605.0,166576.0,648426.0,277303.0,2.521551724137931,2.27065493223908,1.0,Toledo - OH USA
2011,"New York-Newark-Jersey City, NY-NJ-PA",408174.0,8671670.0,10551366.0,408174.0,3376699.0,3624741.0,19631210.0,7409614.0,2.9109296360760673,2.568090907717863,1.0,New York - NY USA
2008,"Fort Collins, CO",9422.0,82000.0,188691.0,9422.0,36975.0,75403.0,280113.0,121800.0,2.5024335901754573,2.217714672075727,1.0,Fort Collins - CO USA
2018,"Portland-South Portland, ME",12630.0,124269.0,399595.0,12630.0,65861.0,162387.0,536494.0,240878.0,2.46075732663329,1.886837430345728,1.0,Portland - ME USA
2014,"Ocala, FL",9610.0,85452.0,243564.0,9610.0,32778.0,99498.0,338626.0,141886.0,2.4479286015799313,2.6069924949661356,1.0,Ocala - FL USA
2018,"Bend-Redmond, OR",1653.0,59656.0,130977.0,1653.0,27132.0,52818.0,192286.0,81603.0,2.479779620583892,2.198732124428719,1.0,Bend - OR USA
2022,"Lima, OH",2474.0,33360.0,65236.0,2474.0,13322.0,27705.0,101070.0,43501.0,2.354665222883956,2.504128509232848,1.0,
2013,"Deltona-Daytona Beach-Ormond Beach, FL",10871.0,182209.0,407642.0,10871.0,68014.0,167602.0,600722.0,246487.0,2.432202479684013,2.678992560355221,1.0,Daytona Beach - FL USA
2022,"Harrisonburg, VA",9252.0,52177.0,74833.0,9252.0,20190.0,30694.0,136262.0,60136.0,2.438033491887665,2.5842991579990096,1.0,
2023,"Atlanta-Sandy Springs-Roswell, GA",84741.0,1808465.0,4381877.0,84741.0,766635.0,1559620.0,6275083.0,2410996.0,2.8095798976673807,2.3589648268080636,1.0,Atlanta - GA USA
2011,"Austin-Round Rock, TX",41428.0,708569.0,1098863.0,41428.0,295178.0,394905.0,1848860.0,731511.0,2.7826008786923437,2.4004803881048047,1.0,Austin - TX USA
2022,"Johnstown, PA",6049.0,27246.0,97917.0,6049.0,13912.0,41313.0,131212.0,61274.0,2.3701256263161716,1.9584531339850488,1.0,Johnstown - PA USA
2013,"Anniston-Oxford-Jacksonville, AL",2566.0,34697.0,79318.0,2566.0,13938.0,29912.0,116581.0,46416.0,2.6517116876170097,2.4893815468503373,1.0,Anniston-Oxford - AL USA
2006,"Gainesville, FL",15284.0,87283.0,124577.0,15284.0,43540.0,52357.0,227144.0,111181.0,2.379376205664954,2.0046623794212217,1.0,Gainesville - FL USA
2021,"Merced, CA",5977.0,140959.0,139455.0,5977.0,42544.0,42422.0,286391.0,90943.0,3.2873273301588797,3.313252162467093,1.0,Merced - CA USA
2019,"Chattanooga, TN-GA",16436.0,171498.0,357712.0,16436.0,74296.0,140285.0,545646.0,231017.0,2.5498948568984567,2.308307311295359,1.0,Chattanooga - TN USA
2006,"Fayetteville, NC",18301.0,114722.0,166592.0,18301.0,47536.0,71531.0,299615.0,137368.0,2.328948288154786,2.413370918882531,1.0,Fayetteville - NC USA
2017,Not in identifiable area,2481181.0,19302467.0,47599090.0,2481181.0,8063128.0,18545939.0,69382738.0,29090248.0,2.5665505531965787,2.3939179683120497,1.0,
2006,"Naples-Immokalee-Marco Island, FL",3287.0,79875.0,231480.0,3287.0,29305.0,91658.0,314642.0,124250.0,2.525475135831024,2.7256440880395836,1.0,Naples - FL USA
2014,"Wichita Falls, TX",15421.0,38430.0,78334.0,15421.0,16181.0,30490.0,132185.0,62092.0,2.5691702197441786,2.3750077251096964,1.0,Wichita Falls - TX USA
2019,"Bangor, ME",6599.0,38216.0,107069.0,6599.0,18582.0,45514.0,151884.0,70695.0,2.352441007162631,2.0566139274566786,1.0,Bangor - ME USA
2016,"Wausau, WI",1942.0,29764.0,104250.0,1942.0,14866.0,40281.0,135956.0,57089.0,2.5880688165636405,2.0021525628951973,1.0,Wausau - WI USA
2016,"Cincinnati, OH-KY-IN",48020.0,632548.0,1436240.0,48020.0,282090.0,540372.0,2116808.0,870482.0,2.6578727247155665,2.2423623666205823,1.0,Cincinnati - OH USA
2008,"Indianapolis-Carmel-Anderson, IN",39322.0,478539.0,1276811.0,39322.0,212057.0,487185.0,1794672.0,738564.0,2.620792922606402,2.2566526924364676,1.0,Indianapolis - IN USA
2013,"Seattle-Tacoma-Bellevue, WA",60755.0,1350205.0,2197065.0,60755.0,567051.0,825287.0,3608025.0,1453093.0,2.662182973923011,2.381099759986315,1.0,Seattle - WA USA
2007,"Erie, PA",14888.0,67974.0,196279.0,14888.0,30698.0,74933.0,279141.0,120519.0,2.6193933247034016,2.2142810606554173,1.0,Erie - PA USA
2011,"Shreveport-Bossier City, LA",8686.0,145188.0,264376.0,8686.0,57225.0,101941.0,418250.0,167852.0,2.5934216850923573,2.537142857142857,1.0,Shreveport - LA USA
2012,"Syracuse, NY",31700.0,195362.0,446401.0,31700.0,88998.0,172598.0,673463.0,293296.0,2.5863625302726567,2.195127980404054,1.0,Syracuse - NY USA
2021,"Fort Collins, CO",8360.0,114952.0,238954.0,8360.0,54146.0,97976.0,362266.0,160482.0,2.4389034049154894,2.1230007756805676,1.0,Fort Collins - CO USA
2020,"Ocean City, NJ",1842.0,23484.0,76088.0,1842.0,10571.0,35763.0,101414.0,48176.0,2.127562005424601,2.2215495222779302,1.0,Ocean City - NJ USA
2005,"Goldsboro, NC",0.0,37049.0,69575.0,,15696.0,27753.0,106624.0,,2.5069361870788742,2.3604102956167177,,Goldsboro - NC USA
2022,"Bakersfield, CA",25923.0,336245.0,553442.0,25923.0,112447.0,171063.0,915610.0,309433.0,3.2353109673044433,2.9902531859453787,1.0,Bakersfield - CA USA
2014,"Houston-The Woodlands-Sugar Land, TX",73627.0,2403773.0,3935163.0,73627.0,902980.0,1298998.0,6412563.0,2275605.0,3.0293834170645373,2.662044563556225,1.0,Houston - TX USA
2020,"Manchester-Nashua, NH",4466.0,128986.0,246151.0,4466.0,60137.0,91587.0,379603.0,156190.0,2.687619421970367,2.1448692152917506,1.0,Manchester - NH USA
2021,"Kankakee, IL",5464.0,27627.0,73944.0,5464.0,11965.0,29056.0,107035.0,46485.0,2.5448788546255505,2.308984538236523,1.0,Kankakee - IL USA
2017,"Coeur d'Alene, ID",1906.0,41292.0,109290.0,1906.0,16655.0,41315.0,152488.0,59876.0,2.645286215660172,2.4792554788351846,1.0,
2023,"Saginaw, MI",5367.0,39731.0,142105.0,5367.0,18257.0,58901.0,187203.0,82525.0,2.412607595796336,2.1762063865914443,1.0,Saginaw - MI USA
2020,"Milwaukee-Waukesha-West Allis, WI",29027.0,561133.0,989726.0,29027.0,282603.0,369832.0,1579886.0,681462.0,2.6761502520063165,1.9855875556876608,1.0,Milwaukee - WI USA
2008,"Hartford-West Hartford-East Hartford, CT",46296.0,310024.0,834750.0,46296.0,145869.0,316818.0,1191070.0,508983.0,2.6347934776433157,2.125359055042538,1.0,Hartford - CT USA
2008,"Las Cruces, NM",4872.0,65158.0,131469.0,4872.0,23620.0,46227.0,201499.0,74719.0,2.843987280160945,2.7585944115156646,1.0,Las Cruces - NM USA
2008,"Riverside-San Bernardino-Ontario, CA",71179.0,1367293.0,2677310.0,71179.0,422717.0,805083.0,4115782.0,1298979.0,3.3255080532069363,3.2345351618222122,1.0,Inland Empire - CA USA
2019,"Mansfield, OH",7481.0,37244.0,76753.0,7481.0,16395.0,33417.0,121478.0,57293.0,2.2968249693269893,2.2716681915218055,1.0,Mansfield - OH USA
2014,"Chico, CA",4553.0,93382.0,125751.0,4553.0,35493.0,49874.0,223686.0,89920.0,2.5213738621325743,2.6309976615107202,1.0,Chico - CA USA
2014,"Canton-Massillon, OH",10275.0,115812.0,278291.0,10275.0,50541.0,109062.0,404378.0,169878.0,2.551677027745686,2.2914465483468867,1.0,Canton - OH USA
2012,"Lansing-East Lansing, MI",22735.0,141882.0,302018.0,22735.0,62151.0,119111.0,466635.0,203997.0,2.5356012458966846,2.282859487377516,1.0,Lansing - MI USA
2010,"Rockford, IL",5313.0,93702.0,250319.0,5313.0,37602.0,92336.0,349334.0,135251.0,2.710957806272743,2.491941917983086,1.0,Rockford - IL USA
2010,"Burlington-South Burlington, VT",9235.0,52703.0,149089.0,9235.0,27653.0,56440.0,211027.0,93328.0,2.641548547129695,1.9058691642859726,1.0,Burlington - VT USA
2013,"San Luis Obispo-Paso Robles-Arroyo Grande, CA",17297.0,114928.0,145354.0,17297.0,45193.0,59476.0,277579.0,121966.0,2.443910148631381,2.5430487022326465,1.0,San Luis Obispo - CA USA
2018,"Orlando-Kissimmee-Sanford, FL",43122.0,950332.0,1537714.0,43122.0,332105.0,525162.0,2531168.0,900389.0,2.9280755271706633,2.8615407777660677,1.0,Orlando - FL USA
2017,"San Antonio-New Braunfels, TX",42536.0,794307.0,1562867.0,42536.0,291381.0,493863.0,2399710.0,827780.0,3.164576005896372,2.726008216047031,1.0,San Antonio - TX USA
2006,"El Paso, TX",16145.0,250282.0,469585.0,16145.0,82820.0,147091.0,736012.0,246056.0,3.192479485488575,3.0219995170248732,1.0,El Paso - TX USA
2005,"San Antonio-New Braunfels, TX",0.0,607018.0,1377346.0,,229642.0,471702.0,1984364.0,,2.919949459616453,2.6433230854982974,,San Antonio - TX USA
2016,"Binghamton, NY",11458.0,68505.0,154200.0,11458.0,31242.0,60893.0,234163.0,103593.0,2.532310774637479,2.1927213366621854,1.0,Binghamton - NY USA
2008,"Panama City, FL",5983.0,55496.0,102301.0,5983.0,24325.0,45368.0,163780.0,75676.0,2.2549153588432373,2.2814388489208635,1.0,Panama City - FL USA
2022,"Blacksburg-Christiansburg-Radford, VA",16904.0,56164.0,110113.0,16904.0,25409.0,43451.0,183181.0,85764.0,2.534187935835769,2.2103978905112363,1.0,Blacksburg - VA USA
2018,"Lincoln, NE",13323.0,101985.0,202221.0,13323.0,48931.0,76986.0,317529.0,139240.0,2.626724339490297,2.084261511107478,1.0,Lincoln - NE USA
2016,"Ocala, FL",9754.0,103146.0,235898.0,9754.0,37538.0,96701.0,348798.0,143993.0,2.439457709847882,2.7477755874047634,1.0,Ocala - FL USA
2005,"Killeen-Temple, TX",0.0,130926.0,171280.0,,47623.0,64355.0,302206.0,,2.6614870639421957,2.7492178149213617,,Killeen - TX USA
2016,"Oklahoma City, OK",38339.0,486874.0,919985.0,38339.0,196219.0,339997.0,1445198.0,574555.0,2.705862110548034,2.481278571392169,1.0,Oklahoma City - OK USA
2020,"Muncie, IN",7583.0,30801.0,74367.0,7583.0,14836.0,31681.0,112751.0,54100.0,2.3473690855717937,2.0760986788891884,1.0,Muncie - IN USA
2023,"Brownsville-Harlingen, TX",3462.0,143503.0,279758.0,3462.0,48701.0,94331.0,426723.0,146494.0,2.9657058655161084,2.9466130058931026,1.0,Brownsville-Harlingen - TX USA
2023,"Jackson, MI",9847.0,28812.0,122172.0,9847.0,13484.0,48368.0,160831.0,71699.0,2.5258848825669866,2.1367546722040935,1.0,Jackson - MI USA
2018,"Ithaca, NY",13496.0,33117.0,55895.0,13496.0,18161.0,22090.0,102508.0,53747.0,2.5303304662743322,1.8235229337591543,1.0,
2006,"Midland, TX",1117.0,34985.0,88373.0,1117.0,14759.0,32133.0,124475.0,48009.0,2.7502256247471446,2.3704180500033876,1.0,Midland - TX USA
2021,"Shreveport-Bossier City, LA",8407.0,147194.0,243027.0,8407.0,62316.0,97546.0,398628.0,168269.0,2.491409181309331,2.362057898453046,1.0,Shreveport - LA USA
2011,"Dayton, OH",29800.0,263398.0,513792.0,29800.0,120432.0,209678.0,806990.0,359910.0,2.4503858297007794,2.1871097382755416,1.0,Dayton - OH USA
2010,"Gadsden, AL",790.0,25379.0,78340.0,790.0,10061.0,29669.0,104509.0,40520.0,2.6404664801644815,2.522512672696551,1.0,Gadsden - AL USA
2021,"Reading, PA",12914.0,106905.0,309444.0,12914.0,46463.0,117849.0,429263.0,177226.0,2.625766871165644,2.3008630523212017,1.0,Reading - PA USA
2016,"Deltona-Daytona Beach-Ormond Beach, FL",9110.0,187115.0,441290.0,9110.0,75213.0,180138.0,637515.0,264461.0,2.4497329824912013,2.487801310943587,1.0,Daytona Beach - FL USA
2012,"Sebastian-Vero Beach, FL",1786.0,36589.0,102288.0,1786.0,15421.0,43529.0,140663.0,60736.0,2.349881688070022,2.3726736268724467,1.0,
2023,"Kalamazoo-Portage, MI",9543.0,98399.0,282049.0,9543.0,51389.0,109945.0,389991.0,170877.0,2.5653645004320342,1.9147872112708946,1.0,Kalamazoo - MI USA
2008,"Columbia, MO",8636.0,58550.0,87159.0,8636.0,27249.0,35971.0,154345.0,71856.0,2.4230352228183816,2.1487027046864107,1.0,Columbia - MO USA
2005,"Blacksburg-Christiansburg-Radford, VA",0.0,50761.0,100576.0,,22124.0,40043.0,151337.0,,2.511699922583223,2.2943861869463027,,Blacksburg - VA USA
2009,"Auburn-Opelika, AL",4781.0,43327.0,87903.0,4781.0,21930.0,34220.0,136011.0,60931.0,2.568760958503799,1.9756953944368445,1.0,Auburn-Opelika - AL USA
2016,"Allentown-Bethlehem-Easton, PA-NJ",21634.0,251811.0,560650.0,21634.0,102036.0,215421.0,834095.0,339091.0,2.602578207324263,2.467864283194167,1.0,Lehigh Valley - PA USA
2008,"Dayton, OH",30405.0,245149.0,524163.0,30405.0,110618.0,213334.0,799717.0,354357.0,2.457006384355049,2.2161763908224703,1.0,Dayton - OH USA
2016,"Owensboro, KY",3728.0,27953.0,78339.0,3728.0,12106.0,30905.0,110020.0,46739.0,2.5348325513670926,2.3090203205022304,1.0,Owensboro - KY USA
2010,"Reno, NV",8181.0,176641.0,237739.0,8181.0,69184.0,94037.0,422561.0,171402.0,2.5281431776853793,2.553205943570768,1.0,Reno - NV USA
2005,"Orlando-Kissimmee-Sanford, FL",0.0,634417.0,1273772.0,,259699.0,486602.0,1908189.0,,2.6176875557437085,2.442893503633052,,Orlando - FL USA
2008,"Dover, DE",2925.0,37856.0,114735.0,2925.0,15919.0,41519.0,155516.0,60363.0,2.7634336087092657,2.378038821534016,1.0,Dover - DE USA
2008,"New Haven-Milford, CT",26708.0,259807.0,559401.0,26708.0,115130.0,207305.0,845916.0,349143.0,2.6984443211692914,2.2566403196386693,1.0,New Haven - CT USA
2020,"Clarksville, TN-KY",13177.0,110553.0,209764.0,13177.0,46071.0,79618.0,333494.0,138866.0,2.634630359968851,2.399622322068112,1.0,Clarksville - TN USA
2016,"Boise City, ID",12110.0,199834.0,505914.0,12110.0,79728.0,181352.0,717858.0,273190.0,2.7896797388504124,2.5064469195263896,1.0,Boise - ID USA
2015,"Port St. Lucie, FL",6772.0,136762.0,311216.0,6772.0,48690.0,125222.0,454750.0,180684.0,2.4853140821900306,2.808831382214007,1.0,Port St. Lucie - FL USA
2017,"Cleveland-Elyria, OH",45572.0,645982.0,1368540.0,45572.0,307012.0,555576.0,2060094.0,908160.0,2.463281351246274,2.1040936510624992,1.0,Cleveland - OH USA
2013,"Augusta-Richmond County, GA-SC",14590.0,161401.0,351796.0,14590.0,60815.0,124443.0,527787.0,199848.0,2.8269649558432373,2.653966948943517,1.0,Augusta - GA USA
2018,"Tyler, TX",5431.0,66944.0,157687.0,5431.0,25715.0,51615.0,230062.0,82761.0,3.0550615131260295,2.6033054637371182,1.0,Tyler - TX USA
2009,"Yuba City, CA",3333.0,67035.0,95114.0,3333.0,21034.0,34773.0,165482.0,59140.0,2.7352831219624423,3.1869829799372447,1.0,Yuba City - CA USA
2008,"Ocean City, NJ",2202.0,21488.0,72180.0,2202.0,11302.0,36055.0,95870.0,49559.0,2.0019414782970464,1.9012564147938418,1.0,Ocean City - NJ USA
2007,"Tallahassee, FL",14767.0,107966.0,185170.0,14767.0,48932.0,74281.0,307903.0,137980.0,2.4928312758309663,2.2064497670236247,1.0,Tallahassee - FL USA
2005,"Bellingham, WA",0.0,59276.0,121987.0,,28715.0,46327.0,181263.0,,2.6331728797461524,2.06428695803587,,Bellingham - WA USA
2022,"Hanford-Corcoran, CA",13485.0,54472.0,84903.0,13485.0,18183.0,25463.0,152860.0,57131.0,3.334367513647253,2.9957652752571082,1.0,Hanford-Corcoran - CA USA
2020,"Owensboro, KY",2669.0,30363.0,79120.0,2669.0,15173.0,32076.0,112152.0,49918.0,2.466641725900985,2.0011204112568377,1.0,Owensboro - KY USA
2008,"Kankakee, IL",3736.0,31055.0,77699.0,3736.0,12659.0,27279.0,112490.0,43674.0,2.8483082224421716,2.45319535508334,1.0,Kankakee - IL USA
2016,"Manchester-Nashua, NH",5402.0,125141.0,216612.0,5402.0,56114.0,82851.0,347155.0,144367.0,2.614476590505848,2.2301208254624516,1.0,Manchester - NH USA
2008,"Charlotte-Concord-Gastonia, NC-SC",31171.0,593759.0,1420694.0,31171.0,250329.0,544429.0,2045624.0,825929.0,2.6095119841154677,2.371914560438463,1.0,Charlotte - NC USA
2012,"Washington-Arlington-Alexandria, DC-VA-MD-WV",104726.0,1956755.0,3701120.0,104726.0,765078.0,1305044.0,5762601.0,2174848.0,2.836011659377002,2.557588899432476,1.0,Washington - DC USA
2023,"El Centro, CA",6752.0,66026.0,106663.0,6752.0,22162.0,27862.0,179441.0,56776.0,3.8282607135166176,2.9792437505640286,1.0,El Centro - CA USA
2020,"Washington-Arlington-Alexandria, DC-VA-MD-WV",106033.0,2001652.0,4101657.0,106033.0,817555.0,1402606.0,6209342.0,2326194.0,2.924311602830731,2.448339255462935,1.0,Washington - DC USA
2018,"Milwaukee-Waukesha-West Allis, WI",29968.0,545714.0,999774.0,29968.0,249646.0,384753.0,1575456.0,664367.0,2.5984826629032134,2.185951307050784,1.0,Milwaukee - WI USA
2017,"New Haven-Milford, CT",29015.0,273802.0,557789.0,29015.0,123581.0,201256.0,860606.0,353852.0,2.771539730492507,2.215567117922658,1.0,New Haven - CT USA
2011,"Oxnard-Thousand Oaks-Ventura, CA",10062.0,283091.0,538088.0,10062.0,91468.0,174024.0,831241.0,275554.0,3.0920332827655956,3.0949731053483185,1.0,Ventura - CA USA
2020,"San Luis Obispo-Paso Robles-Arroyo Grande, CA",16189.0,100467.0,172281.0,16189.0,41034.0,66613.0,288937.0,123836.0,2.5862969690600934,2.448384266705659,1.0,San Luis Obispo - CA USA
2007,"State College, PA",19205.0,40999.0,84485.0,19205.0,19659.0,32856.0,144689.0,71720.0,2.5713720477233992,2.085507909863167,1.0,State College - PA USA
2023,"Muskegon, MI",6609.0,27641.0,143107.0,6609.0,12766.0,57276.0,177357.0,76651.0,2.4985508764578532,2.165204449318502,1.0,Muskegon - MI USA
2013,"Salisbury, MD-DE",13727.0,112345.0,259577.0,13727.0,39371.0,104096.0,385649.0,157194.0,2.4936308791884416,2.8534962281882605,1.0,Salisbury - MD USA
2021,"Cincinnati, OH-KY-IN",47719.0,585870.0,1552833.0,47719.0,277299.0,596356.0,2186422.0,921374.0,2.6038691653978496,2.1127735765365183,1.0,Cincinnati - OH USA
2020,"Joplin, MO",3257.0,49569.0,122781.0,3257.0,21613.0,44208.0,175607.0,69078.0,2.7773479913137895,2.2934807754592144,1.0,Joplin - MO USA
2010,"Valdosta, GA",6151.0,50699.0,72631.0,6151.0,19711.0,27450.0,129481.0,53312.0,2.645938069216758,2.572117091979098,1.0,Valdosta - GA USA
2009,"Owensboro, KY",3617.0,28874.0,71590.0,3617.0,13903.0,28586.0,104081.0,46106.0,2.5043727698873575,2.076817952959793,1.0,Owensboro - KY USA
2020,"Houma-Thibodaux, LA",3838.0,39132.0,184829.0,3838.0,17432.0,68888.0,227799.0,90158.0,2.6830362327255837,2.244837081229922,1.0,Houma-Thibodaux - LA USA
2011,"San Luis Obispo-Paso Robles-Arroyo Grande, CA",14416.0,116760.0,140890.0,14416.0,44237.0,56941.0,272066.0,115594.0,2.474315519572891,2.639419490471777,1.0,San Luis Obispo - CA USA
2011,"Champaign-Urbana, IL",16913.0,80577.0,104861.0,16913.0,36920.0,42073.0,202351.0,95906.0,2.492358519715732,2.182475622968581,1.0,Champaign-Urbana - IL USA
2007,"Eugene, OR",9276.0,107405.0,226707.0,9276.0,50320.0,88054.0,343388.0,147650.0,2.5746360188066415,2.134439586645469,1.0,Eugene - OR USA
2007,"Denver-Aurora-Lakewood, CO",30703.0,719085.0,1728308.0,30703.0,307938.0,650577.0,2478096.0,989218.0,2.6565771615043263,2.33516162344368,1.0,Denver - CO USA
2010,"Bakersfield, CA",33123.0,343466.0,465674.0,33123.0,103490.0,148794.0,842263.0,285407.0,3.129655765689477,3.318832737462557,1.0,Bakersfield - CA USA
2018,"Topeka, KS",6282.0,66308.0,152673.0,6282.0,30439.0,61638.0,225263.0,98359.0,2.4769298160225834,2.1783895660172803,1.0,
2009,"Janesville-Beloit, WI",3321.0,41460.0,115477.0,3321.0,16189.0,47138.0,160258.0,66648.0,2.4497645211930927,2.5609982086602012,1.0,Janesville-Beloit - WI USA
2018,"Pittsburgh, PA",63669.0,572772.0,1645764.0,63669.0,303825.0,690179.0,2282205.0,1057673.0,2.3845466176165893,1.885203653418909,1.0,Pittsburgh - PA USA
2010,"Wichita Falls, TX",12180.0,39701.0,79634.0,12180.0,17372.0,30236.0,131515.0,59788.0,2.6337478502447413,2.2853442320976285,1.0,Wichita Falls - TX USA
2011,"Columbia, MO",8917.0,65350.0,91501.0,8917.0,28265.0,35252.0,165768.0,72434.0,2.595625780097583,2.312046700866796,1.0,Columbia - MO USA
2008,"Lafayette, LA",9194.0,117412.0,271927.0,9194.0,47857.0,103248.0,398533.0,160299.0,2.633726561289323,2.453392398186263,1.0,Lafayette - LA USA
2016,"Burlington-South Burlington, VT",10746.0,56793.0,150229.0,10746.0,29206.0,56534.0,217768.0,96486.0,2.657321258004033,1.9445661850304732,1.0,Burlington - VT USA
2012,"Harrisonburg, VA",8487.0,43654.0,75863.0,8487.0,16596.0,28702.0,128004.0,53785.0,2.643125914570413,2.630392865750783,1.0,
2013,"Youngstown-Warren-Boardman, OH-PA",17998.0,149759.0,386445.0,17998.0,70087.0,158985.0,554202.0,247070.0,2.430701009529201,2.1367586000256824,1.0,Youngstown - OH USA
2011,"Sheboygan, WI",2760.0,27018.0,84722.0,2760.0,13143.0,32835.0,114500.0,48738.0,2.5802345058626464,2.0556950467929695,1.0,Sheboygan - WI USA
2014,"Manchester-Nashua, NH",6405.0,113343.0,236597.0,6405.0,48365.0,87234.0,356345.0,142004.0,2.7122108352247976,2.3434921947689444,1.0,Manchester - NH USA
2008,"Austin-Round Rock, TX",46510.0,577111.0,1088650.0,46510.0,244740.0,382223.0,1712271.0,673473.0,2.848206413533461,2.3580575304404676,1.0,Austin - TX USA
2012,"Toledo, OH",18131.0,202076.0,429828.0,18131.0,90565.0,169768.0,650035.0,278464.0,2.5318552377362047,2.231281400099376,1.0,Toledo - OH USA
2015,"Santa Cruz-Watsonville, CA",13639.0,120975.0,140544.0,13639.0,42249.0,51069.0,275158.0,106957.0,2.752041355812724,2.8633813818078533,1.0,Santa Cruz - CA USA
2014,"Dover, DE",6462.0,57181.0,109241.0,6462.0,19601.0,41669.0,172884.0,67732.0,2.6216371883174543,2.91724911994286,1.0,Dover - DE USA
2016,"Punta Gorda, FL",3683.0,46699.0,128009.0,3683.0,17006.0,58141.0,178391.0,78830.0,2.2016993171772072,2.7460308126543573,1.0,Punta Gorda - FL USA
2007,"Las Vegas-Henderson-Paradise, NV",18100.0,731575.0,1086623.0,18100.0,282949.0,400197.0,1836298.0,701246.0,2.7152202540248926,2.5855366161393043,1.0,Las Vegas - NV USA
2007,"Odessa, TX",2203.0,31105.0,96416.0,2203.0,12773.0,33163.0,129724.0,48139.0,2.9073364894611466,2.435214906443279,1.0,Odessa - TX USA
2009,"Lebanon, PA",4981.0,28886.0,96559.0,4981.0,14079.0,37536.0,130426.0,56596.0,2.572437127024723,2.051708217913204,1.0,Lebanon - PA USA
2017,"Springfield, MO",13002.0,130724.0,270295.0,13002.0,61129.0,105458.0,414021.0,179589.0,2.563058279125339,2.1384940044823244,1.0,Springfield - MO USA
2008,"Greeley, CO",4854.0,74768.0,170324.0,4854.0,27043.0,59120.0,249946.0,91017.0,2.8809878213802436,2.7647820138298265,1.0,Greeley - CO USA
2014,"Prescott, AZ",3743.0,64487.0,150493.0,3743.0,25842.0,64743.0,218723.0,94328.0,2.324467510001081,2.4954337899543377,1.0,Prescott - AZ USA
2006,"Chico, CA",4826.0,83292.0,127720.0,4826.0,34670.0,50843.0,215838.0,90339.0,2.5120468894439747,2.4024228439573116,1.0,Chico - CA USA
2021,"Kansas City, MO-KS",34405.0,657349.0,1557123.0,34405.0,312858.0,590785.0,2248877.0,938048.0,2.6356847245613886,2.1011097686490356,1.0,Kansas City - MO USA
2005,"Williamsport, PA",0.0,33308.0,82111.0,,16753.0,33830.0,115419.0,,2.4271652379544784,1.9881812212738017,,Williamsport - PA USA
2017,"Auburn-Opelika, AL",5599.0,53628.0,101930.0,5599.0,21182.0,37374.0,161157.0,64155.0,2.727297051426125,2.531772259465584,1.0,Auburn-Opelika - AL USA
2018,"Auburn-Opelika, AL",5596.0,56952.0,100976.0,5596.0,24143.0,35193.0,163524.0,64932.0,2.869206944562839,2.358944621629458,1.0,Auburn-Opelika - AL USA
2012,"Boise City, ID",11769.0,210163.0,441806.0,11769.0,79009.0,161758.0,663738.0,252536.0,2.731277587507264,2.65998810262122,1.0,Boise - ID USA
2021,"Bellingham, WA",4808.0,79487.0,144174.0,4808.0,36607.0,55612.0,228469.0,97027.0,2.592498022009638,2.171360668724561,1.0,Bellingham - WA USA
2010,"Gulfport-Biloxi-Pascagoula, MS",4270.0,105686.0,217366.0,4270.0,38652.0,81045.0,327322.0,123967.0,2.682040841507804,2.734295767360033,1.0,Gulfport-Biloxi-Pascagoula - MS USA
2016,"Mansfield, OH",6938.0,39609.0,74335.0,6938.0,16479.0,31959.0,120882.0,55376.0,2.32594887199224,2.4036045876570182,1.0,Mansfield - OH USA
2008,"Rockford, IL",9289.0,83575.0,261939.0,9289.0,35392.0,92184.0,354803.0,136865.0,2.8414800833116374,2.361409358047016,1.0,Rockford - IL USA
2022,"Olympia-Tumwater, WA",4783.0,83284.0,210863.0,4783.0,39302.0,79269.0,298930.0,123354.0,2.6600941099294806,2.119077909521144,1.0,Olympia - WA USA
2015,"Riverside-San Bernardino-Ontario, CA",98971.0,1712010.0,2679873.0,98971.0,527269.0,816253.0,4490854.0,1442493.0,3.283140153849358,3.2469384697374584,1.0,Inland Empire - CA USA
2011,"Seattle-Tacoma-Bellevue, WA",66045.0,1260734.0,2173087.0,66045.0,544969.0,819305.0,3499866.0,1430319.0,2.6523541294145647,2.313404982668739,1.0,Seattle - WA USA
2009,"Springfield, MO",13682.0,123224.0,247895.0,13682.0,57849.0,97504.0,384801.0,169035.0,2.542408516573679,2.1300973223391932,1.0,Springfield - MO USA
2006,"Providence-Warwick, RI-MA",52129.0,495194.0,1044120.0,52129.0,226366.0,380499.0,1591443.0,658994.0,2.7440807991611016,2.1875811738511968,1.0,Providence - RI USA
2005,"Oklahoma City, OK",0.0,393548.0,803973.0,,175570.0,314132.0,1197521.0,,2.559347662765971,2.2415446830324086,,Oklahoma City - OK USA
2005,"Brownsville-Harlingen, TX",0.0,126926.0,252004.0,,38472.0,71956.0,378930.0,,3.5021957863138584,3.299178623414431,,Brownsville-Harlingen - TX USA
2007,"Iowa City, IA",8244.0,41090.0,76404.0,8244.0,19410.0,30844.0,125738.0,58498.0,2.477110621190507,2.1169500257599174,1.0,Iowa City - IA USA
2022,"Cheyenne, WY",775.0,22390.0,77171.0,775.0,11868.0,30691.0,100336.0,43334.0,2.5144504903717704,1.8865857768790024,1.0,
2007,"Mobile, AL",10002.0,123288.0,270921.0,10002.0,50058.0,103836.0,404211.0,163896.0,2.609124003235872,2.4629030324823207,1.0,Mobile - AL USA
2007,"Albuquerque, NM",15900.0,232020.0,567328.0,15900.0,99705.0,216961.0,815248.0,332566.0,2.6148847027806843,2.327064841281781,1.0,Albuquerque - NM USA
2010,"Jacksonville, FL",27296.0,404441.0,889873.0,27296.0,164176.0,331140.0,1321610.0,522612.0,2.6873014434982183,2.4634599454244226,1.0,Jacksonville - FL USA
2017,"Chico, CA",6994.0,96088.0,126260.0,6994.0,37407.0,51390.0,229342.0,95791.0,2.4568982292274764,2.56871708503756,1.0,Chico - CA USA
2021,"Anchorage, AK",11294.0,118906.0,328984.0,11294.0,53609.0,122218.0,459184.0,187121.0,2.6917802614999427,2.2180230931373464,1.0,Anchorage - AK USA
2005,"El Centro, CA",0.0,61532.0,85718.0,,19185.0,25964.0,147250.0,,3.301417347095979,3.20729736773521,,El Centro - CA USA
2008,"Kansas City, MO-KS",18411.0,492647.0,1322710.0,18411.0,228857.0,495732.0,1833768.0,743000.0,2.668195718654434,2.152641168939556,1.0,Kansas City - MO USA
2007,"Bakersfield, CA",41807.0,284798.0,465234.0,41807.0,91877.0,147785.0,791839.0,281469.0,3.1480461481205806,3.0997746987820674,1.0,Bakersfield - CA USA
2011,"Visalia-Porterville, CA",6300.0,199399.0,243678.0,6300.0,56005.0,75886.0,449377.0,138191.0,3.2111061328835357,3.5603785376305686,1.0,Visalia - CA USA
2011,"Hilton Head Island-Bluffton-Beaufort, SC",6460.0,57361.0,126254.0,6460.0,20829.0,51239.0,190075.0,78528.0,2.464021546087941,2.753900811368765,1.0,Hilton Head Island - SC USA
2018,"Michigan City-La Porte, IN",7874.0,29937.0,72124.0,7874.0,12260.0,30862.0,109935.0,50996.0,2.3369839932603202,2.4418433931484502,1.0,Michigan City-La Porte - IN USA
2023,"Urban Honolulu, HI",34140.0,353216.0,602191.0,34140.0,140820.0,197678.0,989547.0,372638.0,3.046322807798541,2.508280073853146,1.0,Honolulu - HI USA
2020,"Lafayette, LA",8593.0,146374.0,386478.0,8593.0,59754.0,148560.0,541445.0,216907.0,2.6014943457189013,2.449610067945242,1.0,Lafayette - LA USA
2013,"Omaha-Council Bluffs, NE-IA",19033.0,294246.0,677161.0,19033.0,133539.0,249818.0,990440.0,402390.0,2.7106173294158147,2.2034461842607778,1.0,Omaha - NE USA
2021,"New Orleans-Metairie, LA",18341.0,400203.0,843721.0,18341.0,176291.0,331706.0,1262265.0,526338.0,2.543580761276552,2.270127232813927,1.0,New Orleans - LA USA
2020,"Johnstown, PA",6986.0,22492.0,98512.0,6986.0,12198.0,43738.0,127990.0,62922.0,2.2523206365174446,1.8439088375143466,1.0,Johnstown - PA USA
2022,"Huntsville, AL",12591.0,130599.0,357802.0,12591.0,59439.0,141587.0,500992.0,213617.0,2.5270822886281934,2.1971937616716297,1.0,Huntsville - AL USA
2016,"Eau Claire, WI",7089.0,45105.0,105872.0,7089.0,21030.0,42120.0,158066.0,70239.0,2.5135802469135804,2.144793152639087,1.0,Eau Claire - WI USA
2006,"Eau Claire, WI",5554.0,32101.0,117356.0,5554.0,17876.0,45361.0,155011.0,68791.0,2.5871563678049427,1.795759677780264,1.0,Eau Claire - WI USA
2020,"Springfield, MO",13754.0,132972.0,281301.0,13754.0,67037.0,112376.0,428027.0,193167.0,2.503212429700292,1.9835613168847055,1.0,Springfield - MO USA
2023,"Toledo, OH",13276.0,190165.0,333862.0,13276.0,89727.0,138475.0,537303.0,241478.0,2.410991153637841,2.119373209847649,1.0,Toledo - OH USA
2015,"Lebanon, PA",3452.0,39863.0,93959.0,3452.0,17968.0,35232.0,137274.0,56652.0,2.6668653496821073,2.2185552092609084,1.0,Lebanon - PA USA
2020,"Montgomery, AL",12328.0,115448.0,245531.0,12328.0,51978.0,93230.0,373307.0,157536.0,2.6336050627480425,2.221093539574435,1.0,Montgomery - AL USA
2023,"Tucson, AZ",30194.0,320180.0,722058.0,30194.0,154264.0,296629.0,1072432.0,481087.0,2.434212433713494,2.0755328527718717,1.0,Tucson - AZ USA
2014,"Johnstown, PA",8032.0,30446.0,98941.0,8032.0,15015.0,41989.0,137419.0,65036.0,2.356355235895115,2.0277056277056276,1.0,Johnstown - PA USA
2011,"Janesville-Beloit, WI",3417.0,48029.0,108615.0,3417.0,19473.0,44142.0,160061.0,67032.0,2.4605817588691044,2.4664407127818007,1.0,Janesville-Beloit - WI USA
2013,"Buffalo-Cheektowaga-Niagara Falls, NY",33180.0,332178.0,769931.0,33180.0,160566.0,309332.0,1135289.0,503078.0,2.489011806085371,2.0687941407271775,1.0,Buffalo - NY USA
2013,"Fayetteville, NC",10544.0,149512.0,165851.0,10544.0,62015.0,63874.0,325907.0,136433.0,2.5965338009205623,2.4109005885672823,1.0,Fayetteville - NC USA
2006,"Mobile, AL",7591.0,115350.0,281200.0,7591.0,44806.0,104746.0,404141.0,157143.0,2.6845893876615814,2.5744319957148596,1.0,Mobile - AL USA
2008,"San Antonio-New Braunfels, TX",55636.0,651165.0,1471860.0,55636.0,251052.0,492856.0,2178661.0,799544.0,2.9863895336568897,2.593745518856651,1.0,San Antonio - TX USA
2018,"Charleston, WV",3753.0,48327.0,137503.0,3753.0,23619.0,57998.0,189583.0,85370.0,2.370823131832132,2.046106947796266,1.0,
2010,"York-Hanover, PA",8064.0,91265.0,336087.0,8064.0,38793.0,131262.0,435416.0,178119.0,2.5604287607990126,2.352615162529322,1.0,York - PA USA
2023,"La Crosse-Onalaska, WI-MN",4697.0,35440.0,80472.0,4697.0,18828.0,32455.0,120609.0,55980.0,2.47949468494839,1.882302953048651,1.0,La Crosse-Onalaska - WI USA
2020,"East Stroudsburg, PA",2189.0,37781.0,129569.0,2189.0,13249.0,39929.0,169539.0,55367.0,3.244984848105387,2.8516114423730095,1.0,East Stroudsburg - PA USA
2006,"Santa Fe, NM",2763.0,41174.0,119620.0,2763.0,16832.0,44681.0,163557.0,64276.0,2.6772005998075246,2.4461739543726235,1.0,Santa Fe - NM USA
2012,"Medford, OR",3538.0,69800.0,132944.0,3538.0,28391.0,52566.0,206282.0,84495.0,2.5290872427044095,2.4585255890951356,1.0,Medford - OR USA
2014,"Dayton, OH",25151.0,273148.0,501890.0,25151.0,121658.0,205951.0,800189.0,352760.0,2.4369388835208374,2.2452119877032337,1.0,Dayton - OH USA
2012,"San Jose-Sunnyvale-Santa Clara, CA",32527.0,771836.0,1033215.0,32527.0,267516.0,346298.0,1837578.0,646341.0,2.9836008293435134,2.8851956518488615,1.0,San Jose - CA USA
2016,"Racine, WI",5301.0,67971.0,122221.0,5301.0,27966.0,47955.0,195493.0,81222.0,2.548660202272964,2.4304870199527997,1.0,Racine - WI USA
2020,"Fayetteville-Springdale-Rogers, AR-MO",10498.0,178352.0,348555.0,10498.0,73891.0,123291.0,537405.0,207680.0,2.8270920018492833,2.4137175028081903,1.0,Northwest Arkansas - AR USA
2017,"Jackson, MS",23722.0,200888.0,401237.0,23722.0,76276.0,153301.0,625847.0,253299.0,2.6173149555449737,2.633698673239289,1.0,Jackson - MS USA
2014,"Wichita, KS",9960.0,197283.0,401914.0,9960.0,79126.0,149501.0,609157.0,238587.0,2.6883699774583447,2.493276546267978,1.0,Wichita - KS USA
2021,"Pueblo, CO",4292.0,41434.0,114928.0,4292.0,20861.0,44880.0,160654.0,70033.0,2.56078431372549,1.9861943339245482,1.0,Pueblo - CO USA
2013,"Hickory-Lenoir-Morganton, NC",8294.0,114195.0,285898.0,8294.0,45720.0,109078.0,408387.0,163092.0,2.6210418232824217,2.497703412073491,1.0,Hickory - NC USA
2018,"La Crosse-Onalaska, WI-MN",5049.0,39214.0,74017.0,5049.0,18427.0,29497.0,118280.0,52973.0,2.509306031121809,2.1280729364519457,1.0,La Crosse-Onalaska - WI USA
2020,"Cleveland-Elyria, OH",42024.0,583624.0,1414716.0,42024.0,304246.0,571174.0,2040364.0,917444.0,2.4768564395438166,1.9182635104487815,1.0,Cleveland - OH USA
2019,"Deltona-Daytona Beach-Ormond Beach, FL",11507.0,184064.0,473059.0,11507.0,71985.0,191931.0,668630.0,275423.0,2.4647347223741867,2.556977148016948,1.0,Daytona Beach - FL USA
2023,"Austin-Round Rock, TX",46930.0,861223.0,1608421.0,46930.0,438919.0,616469.0,2516574.0,1102318.0,2.6090865882956,1.962145635071619,1.0,Austin - TX USA
2017,"Waco, TX",9832.0,89505.0,152203.0,9832.0,37932.0,53153.0,251540.0,100917.0,2.8634884202208717,2.3596172097437518,1.0,Waco - TX USA
2016,"Elkhart-Goshen, IN",3258.0,61164.0,139165.0,3258.0,24003.0,48484.0,203587.0,75745.0,2.8703283557462256,2.5481814773153357,1.0,Elkhart - IN USA
2005,"Tyler, TX",0.0,58470.0,129302.0,,24552.0,45235.0,187772.0,,2.858450315021554,2.3814760508308894,,Tyler - TX USA
2020,"Yuba City, CA",2443.0,73626.0,100273.0,2443.0,24507.0,34582.0,176342.0,61532.0,2.899572031692788,3.0042844901456727,1.0,Yuba City - CA USA
2008,"Lancaster, PA",17711.0,127892.0,357383.0,17711.0,54247.0,132194.0,502986.0,204152.0,2.7034736826179704,2.3575865946503956,1.0,Lancaster - PA USA
2008,"Lynchburg, VA",11687.0,52779.0,166343.0,11687.0,24800.0,66585.0,230809.0,103072.0,2.4982053014943304,2.128185483870968,1.0,Lynchburg - VA USA
2009,"Tyler, TX",2227.0,59750.0,142770.0,2227.0,20519.0,47410.0,204747.0,70156.0,3.0113900021092594,2.9119352794970514,1.0,Tyler - TX USA
2018,"Gainesville, GA",2067.0,61723.0,138652.0,2067.0,19977.0,45013.0,202442.0,67057.0,3.080265701019705,3.0897031586324273,1.0,Gainesville - GA USA
2008,"Niles-Benton Harbor, MI",3679.0,38288.0,117748.0,3679.0,17243.0,46734.0,159715.0,67656.0,2.5195360979158643,2.220495273444296,1.0,Niles-Benton Harbor - MI USA
2018,"McAllen-Edinburg-Mission, TX",9404.0,246844.0,609899.0,9404.0,73997.0,163327.0,866147.0,246728.0,3.7342203065016806,3.3358649674986824,1.0,McAllen - TX USA
2023,"Columbus, OH",51127.0,730838.0,1299420.0,51127.0,339156.0,501368.0,2081385.0,891651.0,2.5917489748049336,2.154872683956645,1.0,Columbus - OH USA
2008,"Wichita Falls, TX",11585.0,37331.0,78383.0,11585.0,16618.0,32154.0,127299.0,60357.0,2.437737140013684,2.246419545071609,1.0,Wichita Falls - TX USA
2015,"Santa Fe, NM",3507.0,37880.0,107453.0,3507.0,18202.0,42440.0,148840.0,64149.0,2.531880301602262,2.0810899901109767,1.0,Santa Fe - NM USA
2023,"St. George, UT",2886.0,51926.0,147788.0,2886.0,19462.0,52853.0,202600.0,75201.0,2.7962083514653853,2.668071112938033,1.0,
2008,"Daphne-Fairhope-Foley, AL",1984.0,39466.0,132909.0,1984.0,15985.0,52940.0,174359.0,70909.0,2.5105591235360785,2.4689396309039724,1.0,Daphne-Fairhope-Foley - AL USA
2016,"Spartanburg, SC",7783.0,80849.0,213062.0,7783.0,33073.0,80389.0,301694.0,121245.0,2.6503874908258593,2.4445620294500046,1.0,Spartanburg - SC USA
2015,"Oshkosh-Neenah, WI",8322.0,49618.0,111586.0,8322.0,25072.0,44564.0,169526.0,77958.0,2.503949376178081,1.9790204211869815,1.0,
2015,"Clarksville, TN-KY",12254.0,124140.0,176054.0,12254.0,47502.0,66015.0,312448.0,125771.0,2.6668787396803757,2.6133636478464064,1.0,Clarksville - TN USA
2019,"Sebastian-Vero Beach, FL",1942.0,40654.0,117524.0,1942.0,14570.0,49347.0,160120.0,65859.0,2.3815834802520923,2.7902539464653398,1.0,
2008,"Monroe, LA",4125.0,54445.0,91457.0,4125.0,21671.0,34242.0,150027.0,60038.0,2.670901232404649,2.512343685109132,1.0,Monroe - LA USA
2020,"Wichita, KS",10515.0,188444.0,435650.0,10515.0,87838.0,153305.0,634609.0,251658.0,2.8417207527477903,2.145358500876614,1.0,Wichita - KS USA
2011,"Binghamton, NY",11118.0,70305.0,168971.0,11118.0,31552.0,68589.0,250394.0,111259.0,2.463529137325227,2.228226419878296,1.0,Binghamton - NY USA
2006,"St. Cloud, MN",10897.0,37301.0,134292.0,10897.0,17930.0,52128.0,182490.0,80955.0,2.576197053406998,2.0803680981595094,1.0,St. Cloud - MN USA
2007,"Baton Rouge, LA",20888.0,199478.0,550276.0,20888.0,88991.0,198645.0,770642.0,308524.0,2.770147751013114,2.241552516546617,1.0,Baton Rouge - LA USA
2008,"Jackson, MS",12971.0,152051.0,314952.0,12971.0,61083.0,117830.0,479974.0,191884.0,2.6729355851650682,2.48925232879852,1.0,Jackson - MS USA
2012,"Topeka, KS",5168.0,67180.0,154239.0,5168.0,30614.0,59613.0,226587.0,95395.0,2.5873383322429673,2.1944208532044165,1.0,
2018,"Jackson, TN",5274.0,36462.0,71966.0,5274.0,16072.0,28698.0,113702.0,50044.0,2.5077008850790996,2.2686660029865604,1.0,Jackson - TN USA
2016,"Odessa, TX",2277.0,43455.0,112065.0,2277.0,18273.0,32739.0,157797.0,53289.0,3.4229817648675893,2.378098834345756,1.0,Odessa - TX USA
2009,"Davenport-Moline-Rock Island, IA-IL",8519.0,91795.0,274629.0,8519.0,45464.0,107570.0,374943.0,161553.0,2.5530259365994237,2.019070033433046,1.0,Davenport - IA USA
2016,"Worcester, MA-CT",38242.0,262065.0,634053.0,38242.0,121069.0,226997.0,934360.0,386308.0,2.793221936853791,2.164592092112762,1.0,Worcester - MA USA
2014,"Yakima, WA",3984.0,83636.0,160191.0,3984.0,26388.0,53312.0,247811.0,83684.0,3.004783163265306,3.169470971653782,1.0,Yakima - WA USA
2021,"Hilton Head Island-Bluffton-Beaufort, SC",7612.0,61081.0,153872.0,7612.0,22750.0,66949.0,222565.0,97311.0,2.2983465025616514,2.684879120879121,1.0,Hilton Head Island - SC USA
2005,"Vineland-Bridgeton, NJ",0.0,38576.0,103091.0,,16163.0,34309.0,141667.0,,3.004780086857676,2.3866856400420713,,Vineland - NJ USA
2018,"Wausau, WI",1687.0,31366.0,102452.0,1687.0,16022.0,40223.0,135505.0,57932.0,2.5470999179573877,1.9576831856197727,1.0,Wausau - WI USA
2009,"Knoxville, TN",19712.0,238782.0,659767.0,19712.0,108207.0,262839.0,918261.0,390758.0,2.5101564075346503,2.206714907538329,1.0,Knoxville - TN USA
2007,"Greenville-Anderson-Mauldin, SC",30756.0,241604.0,654208.0,30756.0,102978.0,256434.0,926568.0,390168.0,2.551174961198593,2.346171026821263,1.0,Greenville - SC USA
2015,"Jackson, TN",5125.0,42292.0,68120.0,5125.0,15601.0,28323.0,115537.0,49049.0,2.405112452776895,2.71085186846997,1.0,Jackson - TN USA
2010,"Columbus, OH",45100.0,627325.0,1133423.0,45100.0,258938.0,436248.0,1805848.0,740286.0,2.5981162091287526,2.4226841946720836,1.0,Columbus - OH USA
2016,"Topeka, KS",4298.0,69860.0,147493.0,4298.0,30671.0,57137.0,221651.0,92106.0,2.5813920926895007,2.277721626291937,1.0,
2008,"Allentown-Bethlehem-Easton, PA-NJ",26129.0,184345.0,597832.0,26129.0,81224.0,229983.0,808306.0,337336.0,2.599461699342995,2.2695878065596378,1.0,Lehigh Valley - PA USA
2005,"Los Angeles-Long Beach-Anaheim, CA",0.0,5835467.0,6887672.0,,1998494.0,2154910.0,12723139.0,,3.1962689857117,2.919932208953342,,Los Angeles - CA USA
2009,"Ocala, FL",6544.0,68292.0,253887.0,6544.0,28720.0,105825.0,328723.0,141089.0,2.399121190644933,2.3778551532033427,1.0,Ocala - FL USA
2012,"Springfield, OH",2711.0,48004.0,86305.0,2711.0,19970.0,34318.0,137020.0,56999.0,2.514861005886124,2.403805708562844,1.0,Springfield - OH USA
2013,"Detroit-Warren-Dearborn, MI",42758.0,1215687.0,2946984.0,42758.0,511300.0,1113789.0,4205429.0,1667847.0,2.6459086954530884,2.377639350674751,1.0,Detroit - MI USA
2023,"Reading, PA",15171.0,109800.0,308551.0,15171.0,47090.0,116217.0,433522.0,178478.0,2.6549558154142683,2.331705245275005,1.0,Reading - PA USA
2011,"Niles-Benton Harbor, MI",4177.0,35354.0,116877.0,4177.0,14414.0,42262.0,156408.0,60853.0,2.7655340495007334,2.4527542666851674,1.0,Niles-Benton Harbor - MI USA
2017,"Fort Collins, CO",9902.0,107655.0,226499.0,9902.0,45005.0,89704.0,344056.0,144611.0,2.5249598680103453,2.3920675480502167,1.0,Fort Collins - CO USA
2014,"Burlington-South Burlington, VT",10910.0,59303.0,146178.0,10910.0,25599.0,59622.0,216391.0,96131.0,2.451745999798732,2.3166139302316497,1.0,Burlington - VT USA
2010,"San Angelo, TX",9361.0,28531.0,75402.0,9361.0,13571.0,29073.0,113294.0,52005.0,2.593540398307708,2.1023506005452806,1.0,San Angelo - TX USA
2006,"St. Louis, MO-IL",56468.0,621894.0,2021507.0,56468.0,286885.0,772147.0,2699869.0,1115500.0,2.618033871788662,2.1677466580685643,1.0,Saint Louis - MO USA
2009,"Morgantown, WV",8855.0,35384.0,76089.0,8855.0,15210.0,28803.0,120328.0,52868.0,2.641703989167795,2.3263642340565416,1.0,Morgantown - WV USA
2015,"Michigan City-La Porte, IN",8796.0,28236.0,73742.0,8796.0,12455.0,30714.0,110774.0,51965.0,2.400924659764277,2.2670413488558814,1.0,Michigan City-La Porte - IN USA
2017,"Richmond, VA",34708.0,417221.0,825108.0,34708.0,161234.0,313268.0,1277037.0,509210.0,2.633872594711238,2.587673815696441,1.0,Richmond - VA USA
2021,"Wilmington, NC",7553.0,92421.0,191620.0,7553.0,45589.0,81506.0,291594.0,134648.0,2.3509925649645425,2.02726534909737,1.0,
2016,"Urban Honolulu, HI",37131.0,404214.0,551466.0,37131.0,141546.0,167622.0,992811.0,346299.0,3.2899380749543616,2.855707685134161,1.0,Honolulu - HI USA
2018,"Erie, PA",12361.0,81486.0,177451.0,12361.0,37729.0,72068.0,271298.0,122158.0,2.4622717433534995,2.1597709984362163,1.0,Erie - PA USA
2022,"Trenton, NJ",17015.0,120970.0,242966.0,17015.0,51783.0,93209.0,380951.0,162007.0,2.6066796124837732,2.3360948573856284,1.0,Trenton - NJ USA
2016,"Las Vegas-Henderson-Paradise, NV",23168.0,998130.0,1134292.0,23168.0,359129.0,396128.0,2155590.0,778425.0,2.8634481783665886,2.77930771394123,1.0,Las Vegas - NV USA
2006,"Killeen-Temple, TX",12791.0,129893.0,188076.0,12791.0,47023.0,66633.0,330760.0,126447.0,2.82256539552474,2.7623290730068266,1.0,Killeen - TX USA
2009,"Glens Falls, NY",5245.0,31333.0,92117.0,5245.0,14986.0,38126.0,128695.0,58357.0,2.416120232911924,2.090818096890431,1.0,Glens Falls - NY USA
2016,"Denver-Aurora-Lakewood, CO",34349.0,971483.0,1932207.0,34349.0,400917.0,723108.0,2938039.0,1158374.0,2.67208632735359,2.423152423070112,1.0,Denver - CO USA
2015,"North Port-Sarasota-Bradenton, FL",11958.0,248030.0,510630.0,11958.0,92915.0,219582.0,770618.0,324455.0,2.3254638358335384,2.6694290480546736,1.0,Sarasota - FL USA
2017,"Palm Bay-Melbourne-Titusville, FL",5455.0,149455.0,433730.0,5455.0,59541.0,168844.0,588640.0,233840.0,2.5688209234559714,2.510119077610386,1.0,Melbourne - FL USA
2008,"Syracuse, NY",27507.0,159366.0,435465.0,27507.0,80141.0,169961.0,622338.0,277609.0,2.562146610104671,1.9885701451192275,1.0,Syracuse - NY USA
2009,"Lewiston-Auburn, ME",4474.0,31116.0,70826.0,4474.0,15128.0,27590.0,106416.0,47192.0,2.5670895251902865,2.0568482284505554,1.0,Lewiston-Auburn - ME USA
2012,"Pittsfield, MA",6334.0,34944.0,88747.0,6334.0,17610.0,37810.0,130025.0,61754.0,2.347183284845279,1.9843270868824532,1.0,Pittsfield - MA USA
2006,"Sheboygan, WI",3625.0,27365.0,83530.0,3625.0,13948.0,32627.0,114520.0,50200.0,2.5601495693750573,1.961930025810152,1.0,Sheboygan - WI USA
2013,"Anchorage, AK",11709.0,154229.0,287195.0,11709.0,54905.0,100493.0,453133.0,167107.0,2.857860746519658,2.8090155723522447,1.0,Anchorage - AK USA
2022,"Bridgeport-Stamford-Norwalk, CT",20007.0,268423.0,662998.0,20007.0,117155.0,236460.0,951428.0,373622.0,2.803848431024275,2.2911783534633603,1.0,Stamford - CT USA
2022,"Columbus, OH",46738.0,702211.0,1312002.0,46738.0,325567.0,499835.0,2060951.0,872140.0,2.6248702071683656,2.1568862937582742,1.0,Columbus - OH USA
2015,"Urban Honolulu, HI",37157.0,416454.0,544945.0,37157.0,140745.0,166955.0,998556.0,344857.0,3.2640232397951543,2.9589257167217307,1.0,Honolulu - HI USA
2005,"Utica-Rome, NY",0.0,68279.0,214136.0,,35734.0,82112.0,282415.0,,2.6078526890101323,1.9107572619913809,,Utica - NY USA
2006,"Ocala, FL",7578.0,66963.0,241700.0,7578.0,28570.0,101560.0,316241.0,137708.0,2.379873966128397,2.3438221911095556,1.0,Ocala - FL USA
2013,"Birmingham-Hoover, AL",21846.0,332095.0,774485.0,21846.0,135468.0,296670.0,1128426.0,453984.0,2.610594262985809,2.451464552514247,1.0,Birmingham - AL USA
2022,"Oklahoma City, OK",31896.0,465416.0,902805.0,31896.0,203964.0,345022.0,1400117.0,580882.0,2.61665922752752,2.281853660449883,1.0,Oklahoma City - OK USA
2015,"Raleigh, NC",27100.0,444776.0,860673.0,27100.0,175399.0,318255.0,1332549.0,520754.0,2.7043502851487013,2.535795529050907,1.0,Raleigh - NC USA
2013,"Des Moines-West Des Moines, IA",14424.0,182910.0,460703.0,14424.0,77466.0,178597.0,658037.0,270487.0,2.5795674059474685,2.361164898148865,1.0,
2018,"Blacksburg-Christiansburg-Radford, VA",13520.0,58300.0,109984.0,13520.0,23701.0,44711.0,181804.0,81932.0,2.459886828744604,2.4598118222859795,1.0,Blacksburg - VA USA
2006,"Hammond, LA",1010.0,31993.0,80147.0,1010.0,13076.0,28310.0,113150.0,42396.0,2.8310490992582125,2.4466962373814622,1.0,Hammond - LA USA
2014,"Jackson, MI",9687.0,33125.0,117340.0,9687.0,15350.0,46336.0,160152.0,71373.0,2.532372237569061,2.1579804560260585,1.0,Jackson - MI USA
2011,"Olympia-Tumwater, WA",3713.0,81617.0,171454.0,3713.0,34058.0,67912.0,256784.0,105683.0,2.5246495464719048,2.3964120030536145,1.0,Olympia - WA USA
2012,"Palm Bay-Melbourne-Titusville, FL",7210.0,150140.0,389843.0,7210.0,58676.0,159418.0,547193.0,225304.0,2.445413943218457,2.5587974640398117,1.0,Melbourne - FL USA
2021,"San Angelo, TX",6032.0,34490.0,79038.0,6032.0,14837.0,30679.0,119560.0,51548.0,2.576289970338016,2.3245939206038955,1.0,San Angelo - TX USA
2020,"Salinas, CA",16258.0,221611.0,257719.0,16258.0,70952.0,84052.0,495588.0,171262.0,3.0661852186741543,3.1233932799639192,1.0,Salinas - CA USA
2021,"Houston-The Woodlands-Sugar Land, TX",78564.0,2433029.0,4605009.0,78564.0,997380.0,1574119.0,7116602.0,2650063.0,2.9254516335804346,2.4394202811365777,1.0,Houston - TX USA
2021,"Lafayette-West Lafayette, IN",17525.0,65889.0,103839.0,17525.0,32810.0,40714.0,187253.0,91049.0,2.550449476838434,2.008198719902469,1.0,
2019,"College Station-Bryan, TX",15957.0,100772.0,112131.0,15957.0,41150.0,38821.0,228860.0,95928.0,2.8884109116199994,2.448894289185905,1.0,College Station-Bryan - TX USA
2011,"Kalamazoo-Portage, MI",9013.0,92160.0,226488.0,9013.0,39083.0,86294.0,327661.0,134390.0,2.624608895172318,2.3580584909039737,1.0,Kalamazoo - MI USA
2018,"Gadsden, AL",1216.0,29322.0,71852.0,1216.0,11387.0,27238.0,102390.0,39841.0,2.637932300462589,2.5750417142355317,1.0,Gadsden - AL USA
2019,"Philadelphia-Camden-Wilmington, PA-NJ-DE-MD",164832.0,1739807.0,4241491.0,164832.0,774654.0,1561067.0,6146130.0,2500553.0,2.717046097316771,2.245914950416573,1.0,Philadelphia - PA USA
2006,"Terre Haute, IN",5943.0,40103.0,100286.0,5943.0,18459.0,40450.0,146332.0,64852.0,2.479258343634116,2.1725445582100873,1.0,Terre Haute - IN USA
2018,"Richmond, VA",31800.0,424965.0,828075.0,31800.0,169942.0,320505.0,1284840.0,522247.0,2.583657041231806,2.5006472796601193,1.0,Richmond - VA USA
2008,"Lebanon, PA",4310.0,24635.0,100064.0,4310.0,13240.0,38145.0,129009.0,55695.0,2.6232533752785425,1.8606495468277946,1.0,Lebanon - PA USA
2006,"Columbus, OH",45449.0,516909.0,1128332.0,45449.0,234080.0,434148.0,1690690.0,713677.0,2.5989570376922155,2.2082578605604923,1.0,Columbus - OH USA
2013,"Sebastian-Vero Beach, FL",1548.0,42252.0,98118.0,1548.0,16309.0,41126.0,141918.0,58983.0,2.3857900111851382,2.590716782144828,1.0,
2014,"Odessa, TX",1932.0,52179.0,99926.0,1932.0,18808.0,31916.0,154037.0,52656.0,3.1309061285875424,2.7742981709910675,1.0,Odessa - TX USA
2009,"Blacksburg-Christiansburg-Radford, VA",21664.0,58357.0,96858.0,21664.0,26999.0,40455.0,176879.0,89118.0,2.3942157953281424,2.161450424089781,1.0,Blacksburg - VA USA
2018,"Stockton-Lodi, CA",17567.0,340518.0,394061.0,17567.0,106647.0,125272.0,752146.0,249486.0,3.1456430806564915,3.1929449492250135,1.0,Stockton - CA USA
2019,"Sacramento--Roseville--Arden-Arcade, CA",38189.0,888028.0,1437221.0,38189.0,336352.0,517929.0,2363438.0,892470.0,2.774938263738852,2.6401745790124633,1.0,Sacramento - CA USA
2017,"Winston-Salem, NC",13938.0,200655.0,435547.0,13938.0,82350.0,171670.0,650140.0,267958.0,2.5371177258694004,2.4366120218579237,1.0,Winston-Salem - NC USA
2013,"Kansas City, MO-KS",38460.0,682668.0,1390215.0,38460.0,292858.0,526379.0,2111343.0,857697.0,2.6410913049342772,2.3310546408156854,1.0,Kansas City - MO USA
2009,"Springfield, OH",2174.0,37398.0,96196.0,2174.0,16954.0,37469.0,135768.0,56597.0,2.5673490085137045,2.205851126577799,1.0,Springfield - OH USA
2014,"Sacramento--Roseville--Arden-Arcade, CA",40366.0,907315.0,1295551.0,40366.0,328838.0,468789.0,2243232.0,837993.0,2.763612200798227,2.7591549638423785,1.0,Sacramento - CA USA
2016,"Santa Cruz-Watsonville, CA",12705.0,114131.0,147835.0,12705.0,40921.0,55337.0,274671.0,108963.0,2.6715398377215966,2.789056963417316,1.0,Santa Cruz - CA USA
2007,"Tyler, TX",4943.0,55218.0,138396.0,4943.0,21307.0,49470.0,198557.0,75720.0,2.7975742874469374,2.591542685502417,1.0,Tyler - TX USA
2008,"San Francisco-Oakland-Hayward, CA",80422.0,1647414.0,2546225.0,80422.0,675059.0,890939.0,4274061.0,1646420.0,2.857911708882426,2.440400024294173,1.0,San Francisco - CA USA
2015,"Jackson, MI",9689.0,40895.0,108838.0,9689.0,17168.0,42125.0,159422.0,68982.0,2.5836913946587536,2.382047996272134,1.0,Jackson - MI USA
2014,"Las Cruces, NM",4239.0,78786.0,129953.0,4239.0,28928.0,46602.0,212978.0,79769.0,2.788571305952534,2.72352046460177,1.0,Las Cruces - NM USA
2012,"Erie, PA",12944.0,81395.0,186761.0,12944.0,37876.0,72096.0,281100.0,122916.0,2.5904488459831336,2.148986165381772,1.0,Erie - PA USA
2022,"Lafayette, LA",4662.0,140847.0,335386.0,4662.0,62755.0,131538.0,480895.0,198955.0,2.5497270750657606,2.244394868934746,1.0,Lafayette - LA USA
2019,"Fort Collins, CO",9460.0,101862.0,245256.0,9460.0,49416.0,97222.0,356578.0,156098.0,2.5226389088889345,2.0613161728994656,1.0,Fort Collins - CO USA
2014,"Ithaca, NY",13660.0,40522.0,50410.0,13660.0,18146.0,19974.0,104592.0,51780.0,2.5237809151897466,2.233109225173592,1.0,
2016,"Charleston-North Charleston, SC",17384.0,240059.0,503853.0,17384.0,99037.0,188326.0,761296.0,304747.0,2.6754298397459726,2.4239324696830478,1.0,Charleston - SC USA
2010,"Nashville-Davidson--Murfreesboro--Franklin, TN",39694.0,514051.0,1110011.0,39694.0,210510.0,416701.0,1663756.0,666905.0,2.6638069023112494,2.441931499691226,1.0,Nashville - TN USA
2011,"Greenville-Anderson-Mauldin, SC",24644.0,278541.0,666749.0,24644.0,111137.0,254524.0,969934.0,390305.0,2.6195918656001007,2.5062850355867083,1.0,Greenville - SC USA
2020,"Birmingham-Hoover, AL",23503.0,283627.0,839214.0,23503.0,129893.0,315077.0,1146344.0,468473.0,2.663520345820228,2.1835433780111324,1.0,Birmingham - AL USA
2006,"Santa Maria-Santa Barbara, CA",23677.0,178355.0,198560.0,23677.0,65639.0,75113.0,400592.0,164429.0,2.6434838177146434,2.7172108045521717,1.0,Santa Barbara - CA USA
2023,"Dover, DE",4550.0,44422.0,141165.0,4550.0,19026.0,55157.0,190137.0,78733.0,2.5593306379969905,2.334805003679176,1.0,Dover - DE USA
2021,"Harrisonburg, VA",9235.0,40474.0,86368.0,9235.0,17316.0,33162.0,136077.0,59713.0,2.604426753513057,2.3373758373758373,1.0,
2005,"Davenport-Moline-Rock Island, IA-IL",0.0,74996.0,283930.0,,37005.0,111042.0,358926.0,,2.556960429387079,2.026645047966491,,Davenport - IA USA
2016,"York-Hanover, PA",9143.0,97647.0,336988.0,9143.0,39878.0,130006.0,443778.0,179027.0,2.5920957494269494,2.4486433622548773,1.0,York - PA USA
2014,"Michigan City-La Porte, IN",9084.0,27924.0,74648.0,9084.0,12746.0,29322.0,111656.0,51152.0,2.545801787054089,2.1908049584183273,1.0,Michigan City-La Porte - IN USA
2014,"Coeur d'Alene, ID",1545.0,43564.0,95437.0,1545.0,17065.0,36602.0,140546.0,55212.0,2.6074258237254795,2.552827424553179,1.0,
2008,"Monroe, MI",1167.0,28198.0,123541.0,1167.0,11633.0,47153.0,152906.0,59953.0,2.6200029690581723,2.4239663027593914,1.0,Monroe - MI USA
2012,"Nashville-Davidson--Murfreesboro--Franklin, TN",39796.0,581306.0,1241516.0,39796.0,242457.0,457637.0,1862618.0,739890.0,2.712883792175895,2.39756327926189,1.0,Nashville - TN USA
2015,"Miami-Fort Lauderdale-West Palm Beach, FL",79555.0,2403911.0,3496804.0,79555.0,855330.0,1214257.0,5980270.0,2149142.0,2.8797890397172923,2.8105070557562577,1.0,Miami - FL USA
2013,"Manchester-Nashua, NH",5865.0,114956.0,227476.0,5865.0,50192.0,85056.0,348297.0,141113.0,2.674426260346125,2.290325151418553,1.0,Manchester - NH USA
2012,"McAllen-Edinburg-Mission, TX",8985.0,241419.0,556045.0,8985.0,72069.0,150782.0,806449.0,231836.0,3.687741242323354,3.349831411563918,1.0,McAllen - TX USA
2011,"Riverside-San Bernardino-Ontario, CA",80399.0,1524325.0,2699586.0,80399.0,458621.0,835874.0,4304310.0,1374894.0,3.2296566228881387,3.323713916283816,1.0,Inland Empire - CA USA
2023,"Phoenix-Mesa-Scottsdale, AZ",89428.0,1543234.0,3428493.0,89428.0,636390.0,1280256.0,5061155.0,2006074.0,2.6779745613377326,2.424981536479203,1.0,Phoenix - AZ USA
2007,"Reno, NV",9194.0,144589.0,252311.0,9194.0,61546.0,95710.0,406094.0,166450.0,2.6362031135722495,2.34928346277581,1.0,Reno - NV USA
2013,"Provo-Orem, UT",14994.0,168876.0,368085.0,14994.0,48801.0,97844.0,551955.0,161639.0,3.761957810392053,3.4605028585479807,1.0,Provo - UT USA
2023,"Roanoke, VA",7925.0,95792.0,232565.0,7925.0,43948.0,98836.0,336282.0,150709.0,2.353039378364159,2.179666879038864,1.0,
2011,"Columbus, OH",43313.0,647583.0,1130874.0,43313.0,273751.0,429411.0,1821770.0,746475.0,2.6335468816588303,2.36559135857038,1.0,Columbus - OH USA
2022,"Amarillo, TX",8778.0,78613.0,174408.0,8778.0,34008.0,63545.0,261799.0,106331.0,2.7446376583523486,2.3116031521994826,1.0,Amarillo - TX USA
2007,"Burlington, NC",4524.0,39567.0,101167.0,4524.0,18143.0,40082.0,145258.0,62749.0,2.524000798363355,2.1808410957394035,1.0,Burlington - NC USA
2010,"Davenport-Moline-Rock Island, IA-IL",10733.0,93474.0,271681.0,10733.0,41915.0,109950.0,375888.0,162598.0,2.470950432014552,2.2300846952165094,1.0,Davenport - IA USA
2012,"Port St. Lucie, FL",6464.0,136068.0,290149.0,6464.0,46626.0,123683.0,432681.0,176773.0,2.345908491870346,2.918285934886115,1.0,Port St. Lucie - FL USA
2022,"Rockford, IL",3968.0,88666.0,242296.0,3968.0,39979.0,94032.0,334930.0,137979.0,2.576739833248256,2.217814352535081,1.0,Rockford - IL USA
2017,"Dayton, OH",28276.0,271920.0,502684.0,28276.0,124256.0,205187.0,802880.0,357719.0,2.44988230248505,2.188385269121813,1.0,Dayton - OH USA
2013,"Columbia, SC",37043.0,244070.0,512695.0,37043.0,96768.0,199542.0,793808.0,333353.0,2.5693588317246494,2.5222180886243386,1.0,
2020,"Rochester, NY",45586.0,317591.0,736916.0,45586.0,162072.0,303942.0,1100093.0,511600.0,2.4245283639641775,1.9595673527814799,1.0,Rochester - NY USA
2020,"Monroe, LA",4744.0,62457.0,86170.0,4744.0,24676.0,33434.0,153371.0,62854.0,2.5773165041574444,2.531082833522451,1.0,Monroe - LA USA
2015,"Dayton, OH",27722.0,264885.0,508093.0,27722.0,122475.0,207954.0,800700.0,358151.0,2.44329515181242,2.1627679118187384,1.0,Dayton - OH USA
2011,"Birmingham-Hoover, AL",22129.0,310748.0,733552.0,22129.0,124730.0,285958.0,1066429.0,432817.0,2.56524384699851,2.491365349154173,1.0,Birmingham - AL USA
2012,"Eau Claire, WI",7157.0,39068.0,106889.0,7157.0,20004.0,40965.0,153114.0,68126.0,2.6092762113999757,1.953009398120376,1.0,Eau Claire - WI USA
2015,"Saginaw, MI",6667.0,53190.0,133757.0,6667.0,22966.0,54245.0,193614.0,83878.0,2.4657940824039084,2.316032395715405,1.0,Saginaw - MI USA
2019,"Gadsden, AL",1395.0,24709.0,76290.0,1395.0,10986.0,29067.0,102394.0,41448.0,2.6246258643822893,2.249135263062079,1.0,Gadsden - AL USA
2022,"Greensboro-High Point, NC",29603.0,256473.0,543151.0,29603.0,118140.0,220744.0,829227.0,368487.0,2.460547059036712,2.1709243270695784,1.0,Greensboro - NC USA
2013,"Harrisonburg, VA",8853.0,44033.0,76168.0,8853.0,16643.0,28642.0,129054.0,54138.0,2.659311500593534,2.645736946463979,1.0,
2005,"Anchorage, AK",0.0,123472.0,274853.0,,51230.0,93567.0,398325.0,,2.937499332029455,2.4101503025570956,,Anchorage - AK USA
2008,"Scranton--Wilkes-Barre--Hazleton, PA",19403.0,166356.0,428909.0,19403.0,79918.0,174266.0,614668.0,273587.0,2.4612316803048215,2.081583623213794,1.0,Scranton - PA USA
2015,"Redding, CA",2393.0,71065.0,105325.0,2393.0,26688.0,43111.0,178783.0,72192.0,2.4431119667834196,2.6628072541966428,1.0,Redding - CA USA
2008,"Flagstaff, AZ",5443.0,43523.0,79373.0,5443.0,17768.0,28732.0,128339.0,51943.0,2.7625295837393846,2.449515983791085,1.0,Flagstaff - AZ USA
2020,"Memphis, TN-MS-AR",21017.0,456281.0,769565.0,21017.0,202603.0,285814.0,1246863.0,509434.0,2.6925378043062973,2.252093996633811,1.0,Memphis - TN USA
2008,"San Luis Obispo-Paso Robles-Arroyo Grande, CA",14348.0,92525.0,158684.0,14348.0,37523.0,63378.0,265557.0,115249.0,2.503771024645776,2.465820963142606,1.0,San Luis Obispo - CA USA
2019,"Houston-The Woodlands-Sugar Land, TX",75038.0,2522722.0,4382315.0,75038.0,969418.0,1440061.0,6980075.0,2484517.0,3.0431453945353706,2.602305713324902,1.0,Houston - TX USA
2006,"Daphne-Fairhope-Foley, AL",1239.0,44277.0,123628.0,1239.0,18219.0,52208.0,169144.0,71666.0,2.3679895801409745,2.4302651078544377,1.0,Daphne-Fairhope-Foley - AL USA
2013,"Columbia, MO",9677.0,69726.0,91480.0,9677.0,31706.0,35973.0,170883.0,77356.0,2.5430183748922803,2.199142118211064,1.0,Columbia - MO USA
2023,"Hartford-West Hartford-East Hartford, CT",41946.0,299155.0,796736.0,41946.0,155766.0,306448.0,1137837.0,504160.0,2.599906019944656,1.9205410680122748,1.0,Hartford - CT USA
2016,"Hilton Head Island-Bluffton-Beaufort, SC",5773.0,67701.0,138012.0,5773.0,21384.0,55387.0,211486.0,82544.0,2.4917760485312437,3.1659652076318743,1.0,Hilton Head Island - SC USA
2008,"Elizabethtown-Fort Knox, KY",4482.0,39490.0,81596.0,4482.0,15938.0,33553.0,125568.0,53973.0,2.4318540816022414,2.4777261889823063,1.0,Elizabethtown-Fort Knox - KY USA
2021,"Parkersburg-Vienna, WV",1795.0,16022.0,77850.0,1795.0,7932.0,32585.0,95667.0,42312.0,2.3891361055700475,2.019919314170449,1.0,
2022,"Lynchburg, VA",13051.0,63505.0,185915.0,13051.0,29718.0,72899.0,262471.0,115668.0,2.5503093320896033,2.136920384951881,1.0,Lynchburg - VA USA
2007,"Ogden-Clearfield, UT",5643.0,100123.0,404360.0,5643.0,37276.0,124267.0,510126.0,167186.0,3.2539612286447728,2.685990986157313,1.0,Ogden - UT USA
2021,"Muskegon, MI",5635.0,42474.0,128537.0,5635.0,17364.0,50344.0,176646.0,73343.0,2.5531741617670427,2.446095369730477,1.0,Muskegon - MI USA
2011,"Prescott, AZ",2880.0,65073.0,143907.0,2880.0,28353.0,63055.0,211860.0,94288.0,2.282245658552058,2.2951010475082003,1.0,Prescott - AZ USA
2005,"Little Rock-North Little Rock-Conway, AR",0.0,185102.0,409746.0,,83869.0,160212.0,594848.0,,2.557523780990188,2.2070371651027196,,Little Rock - AR USA
2020,"Boston-Cambridge-Newton, MA-NH",169550.0,1576946.0,3181892.0,169550.0,735805.0,1145240.0,4928388.0,2050595.0,2.7783626139499145,2.1431574941730487,1.0,Boston - MA USA
2005,"Boston-Cambridge-Newton, MA-NH",0.0,1352483.0,3098929.0,,622101.0,1120127.0,4451412.0,,2.7665871816320826,2.174056945737107,,Boston - MA USA
2016,"Charlotte-Concord-Gastonia, NC-SC",38785.0,843808.0,1627234.0,38785.0,329510.0,600583.0,2509827.0,968878.0,2.7094240096706033,2.560796333950411,1.0,Charlotte - NC USA
2021,"New York-Newark-Jersey City, NY-NJ-PA",411738.0,8580755.0,11420662.0,411738.0,3547631.0,4031007.0,20413155.0,7990376.0,2.8332032169629078,2.418728159721234,1.0,New York - NY USA
2020,"Youngstown-Warren-Boardman, OH-PA",18672.0,126840.0,384147.0,18672.0,63095.0,163855.0,529659.0,245622.0,2.3444325775838393,2.010301925667644,1.0,Youngstown - OH USA
2006,"Portland-Vancouver-Hillsboro, OR-WA",33080.0,681797.0,1435392.0,33080.0,287173.0,534205.0,2150269.0,854458.0,2.686968485880888,2.374168184334878,1.0,Portland - OR USA
2011,"Salt Lake City, UT",14375.0,315974.0,718707.0,14375.0,118342.0,228187.0,1049056.0,360904.0,3.1496404264923066,2.6700072670733976,1.0,Salt Lake City - UT USA
2011,"Joplin, MO",3378.0,52820.0,120790.0,3378.0,20374.0,46385.0,176988.0,70137.0,2.6040745930796594,2.592519878276234,1.0,Joplin - MO USA
2011,"Mobile, AL",8602.0,129980.0,273768.0,8602.0,52656.0,105127.0,412350.0,166385.0,2.604164486763629,2.4684746277727134,1.0,Mobile - AL USA
2022,"Tampa-St. Petersburg-Clearwater, FL",61560.0,1016407.0,2212085.0,61560.0,437521.0,891549.0,3290052.0,1390630.0,2.4811704123946074,2.323104490984433,1.0,Tampa - FL USA
2019,"St. Louis, MO-IL",57474.0,740907.0,2036263.0,57474.0,360033.0,797201.0,2834644.0,1214708.0,2.5542654863704386,2.057886360416962,1.0,Saint Louis - MO USA
2021,"Charleston, WV",2787.0,49583.0,131562.0,2787.0,23460.0,56678.0,183932.0,82925.0,2.3212181093193127,2.113512361466326,1.0,
2006,"Spokane-Spokane Valley, WA",18410.0,126539.0,301644.0,18410.0,60946.0,118012.0,446593.0,197368.0,2.556045147951056,2.0762478259442787,1.0,Spokane - WA USA
2019,"McAllen-Edinburg-Mission, TX",10579.0,251455.0,607077.0,10579.0,78279.0,169266.0,869111.0,258124.0,3.5865265322037505,3.212291930147294,1.0,McAllen - TX USA
2012,"Ogden-Clearfield, UT",4321.0,122839.0,424665.0,4321.0,43854.0,133264.0,551825.0,181439.0,3.1866445551686877,2.801089980389474,1.0,Ogden - UT USA
2007,"Morgantown, WV",9856.0,30505.0,76237.0,9856.0,12740.0,28808.0,116598.0,51404.0,2.6463829491807833,2.3944270015698588,1.0,Morgantown - WV USA
2018,Not in identifiable area,2496430.0,19175179.0,47864968.0,2496430.0,8087730.0,18844068.0,69536577.0,29428228.0,2.5400549393050373,2.3708975200705265,1.0,
2006,"Anniston-Oxford-Jacksonville, AL",3041.0,29855.0,79912.0,3041.0,13303.0,33200.0,112808.0,49544.0,2.406987951807229,2.2442306246711268,1.0,Anniston-Oxford - AL USA
2015,"Oklahoma City, OK",37944.0,482865.0,910692.0,37944.0,189468.0,341716.0,1431501.0,569128.0,2.665055192030809,2.548530622585344,1.0,Oklahoma City - OK USA
2018,"Denver-Aurora-Lakewood, CO",35297.0,993069.0,1990421.0,35297.0,426853.0,737398.0,3018787.0,1199548.0,2.6992492520999516,2.3264894471867366,1.0,Denver - CO USA
2023,"Albuquerque, NM",14626.0,252706.0,666696.0,14626.0,119193.0,266362.0,934028.0,400181.0,2.502969642816918,2.120141283464633,1.0,Albuquerque - NM USA
2005,"Evansville, IN-KY",0.0,57353.0,190796.0,,28353.0,75036.0,248149.0,,2.5427261581107734,2.0228194547314216,,Evansville - IN USA
2018,"Knoxville, TN",22291.0,267256.0,678027.0,22291.0,117152.0,263597.0,967574.0,403040.0,2.5722106093771933,2.2812756077574434,1.0,Knoxville - TN USA
2014,"Pueblo, CO",3973.0,51890.0,98636.0,3973.0,21492.0,39029.0,154499.0,64494.0,2.5272489687155706,2.414386748557603,1.0,Pueblo - CO USA
2013,"Merced, CA",8149.0,123489.0,132715.0,8149.0,36063.0,41588.0,264353.0,85800.0,3.191184957199192,3.4242575492887446,1.0,Merced - CA USA
2022,"Washington-Arlington-Alexandria, DC-VA-MD-WV",105318.0,1958810.0,4302721.0,105318.0,869346.0,1552474.0,6366849.0,2527138.0,2.771525320230806,2.2531995316019167,1.0,Washington - DC USA
2015,"San Diego-Carlsbad, CA",85573.0,1546399.0,1667198.0,85573.0,533719.0,579891.0,3299170.0,1199183.0,2.8750196157553747,2.897402940498652,1.0,San Diego - CA USA
2022,"Baltimore-Columbia-Towson, MD",56983.0,786975.0,1940229.0,56983.0,364521.0,741298.0,2784187.0,1162802.0,2.6173401250239445,2.158929115195009,1.0,Baltimore - MD USA
2019,"Lake Havasu City-Kingman, AZ",4044.0,69708.0,161202.0,4044.0,28036.0,74339.0,234954.0,106419.0,2.168471461816812,2.48637466114995,1.0,Lake Havasu - AZ USA
2022,"Portland-South Portland, ME",12554.0,123016.0,426079.0,12554.0,64652.0,177792.0,561649.0,254998.0,2.396502654787617,1.9027408278166182,1.0,Portland - ME USA
2010,"Greensboro-High Point, NC",20010.0,254284.0,514020.0,20010.0,105015.0,202142.0,788314.0,327167.0,2.542865906145185,2.4214064657429892,1.0,Greensboro - NC USA
2015,"Gulfport-Biloxi-Pascagoula, MS",6005.0,140104.0,196813.0,6005.0,51348.0,76587.0,342922.0,133940.0,2.5697964406491964,2.728519124406014,1.0,Gulfport-Biloxi-Pascagoula - MS USA
2013,"Monroe, MI",1733.0,31075.0,118079.0,1733.0,12747.0,45732.0,150887.0,60212.0,2.5819776086766377,2.4378285086687064,1.0,Monroe - MI USA
2023,"Houston-The Woodlands-Sugar Land, TX",81261.0,2480240.0,4825116.0,81261.0,1043480.0,1645964.0,7386617.0,2770705.0,2.9314833131222797,2.376892705178825,1.0,Houston - TX USA
2005,"Sacramento--Roseville--Arden-Arcade, CA",0.0,694481.0,1326544.0,,275793.0,471731.0,2021025.0,,2.8120772219760837,2.518124100321618,,Sacramento - CA USA
2008,"Champaign-Urbana, IL",18651.0,69374.0,105572.0,18651.0,34678.0,43395.0,193597.0,96724.0,2.432814840419403,2.0005190610761865,1.0,Champaign-Urbana - IL USA
2018,"Jackson, MS",25727.0,196772.0,406680.0,25727.0,74987.0,153386.0,629179.0,254100.0,2.651350188413545,2.6240815074612933,1.0,Jackson - MS USA
2016,"Rocky Mount, NC",2495.0,52640.0,91989.0,2495.0,21562.0,34590.0,147124.0,58647.0,2.659410234171726,2.441331972915314,1.0,Rocky Mount - NC USA
2013,"San Francisco-Oakland-Hayward, CA",80203.0,1929723.0,2504889.0,80203.0,766471.0,888082.0,4514815.0,1734756.0,2.8205604887836935,2.517672553821345,1.0,San Francisco - CA USA
2011,"Akron, OH",15998.0,202922.0,482373.0,15998.0,87361.0,187334.0,701293.0,290693.0,2.5749356763854934,2.3227985027643916,1.0,Akron - OH USA
2011,"Fayetteville, NC",11359.0,141713.0,171932.0,11359.0,54122.0,65279.0,325004.0,130760.0,2.6338026011427873,2.6183991722404936,1.0,Fayetteville - NC USA
2016,"Naples-Immokalee-Marco Island, FL",4294.0,113828.0,247259.0,4294.0,38252.0,101271.0,365381.0,143817.0,2.4415578003574567,2.975739830597093,1.0,Naples - FL USA
2018,"Akron, OH",17683.0,194187.0,493602.0,17683.0,89337.0,197707.0,705472.0,304727.0,2.496633907752381,2.1736458578192686,1.0,Akron - OH USA
2006,"Ocean City, NJ",1755.0,25304.0,70702.0,1755.0,12883.0,32833.0,97761.0,47471.0,2.1533822678402825,1.9641387875494838,1.0,Ocean City - NJ USA
2005,"Decatur, AL",0.0,31034.0,109951.0,,13181.0,43455.0,140985.0,,2.530226671269129,2.3544495865260604,,Decatur - AL USA
2011,"Johnstown, PA",8150.0,29260.0,88341.0,8150.0,13762.0,36481.0,125751.0,58393.0,2.4215619089388998,2.126144455747711,1.0,Johnstown - PA USA
2014,"Santa Rosa, CA",7971.0,204463.0,287367.0,7971.0,80104.0,110770.0,499801.0,198845.0,2.594267400920827,2.5524692899231,1.0,Santa Rosa - CA USA
2007,"Flagstaff, AZ",4047.0,41594.0,81823.0,4047.0,15764.0,27377.0,127464.0,47188.0,2.9887496803886475,2.6385435168738898,1.0,Flagstaff - AZ USA
2016,"Lynchburg, VA",12931.0,73324.0,175038.0,12931.0,28918.0,68761.0,261293.0,110610.0,2.545599976730996,2.5355833736772944,1.0,Lynchburg - VA USA
2018,"Virginia Beach-Norfolk-Newport News, VA-NC",68022.0,605513.0,993887.0,68022.0,254092.0,376875.0,1667422.0,698989.0,2.6371794361525707,2.383046298191206,1.0,Norfolk - VA USA
2007,"Sheboygan, WI",3094.0,28044.0,83327.0,3094.0,13483.0,33280.0,114465.0,49857.0,2.5038161057692307,2.0799525328191057,1.0,Sheboygan - WI USA
2012,"Lincoln, NE",12854.0,96173.0,184462.0,12854.0,47203.0,68740.0,293489.0,128797.0,2.683473959848705,2.037434061394403,1.0,Lincoln - NE USA
2011,"Albuquerque, NM",12086.0,266743.0,603048.0,12086.0,115676.0,224090.0,881877.0,351852.0,2.691097326966844,2.3059493758428715,1.0,Albuquerque - NM USA
2017,"Naples-Immokalee-Marco Island, FL",4675.0,110566.0,257901.0,4675.0,38868.0,105487.0,373142.0,149030.0,2.4448605041379508,2.844653699701554,1.0,Naples - FL USA
2017,"Tucson, AZ",29391.0,342161.0,650019.0,29391.0,146161.0,257410.0,1021571.0,432962.0,2.525228235111301,2.3409869937945142,1.0,Tucson - AZ USA
2017,"Binghamton, NY",11662.0,62317.0,154259.0,11662.0,30862.0,63461.0,228238.0,105985.0,2.4307685034903326,2.0192145680772473,1.0,Binghamton - NY USA
2018,"Raleigh, NC",25252.0,448258.0,944833.0,25252.0,185367.0,340681.0,1418343.0,551300.0,2.773365699877598,2.418218992593072,1.0,Raleigh - NC USA
2005,"Olympia-Tumwater, WA",0.0,73311.0,151025.0,,31464.0,56985.0,224336.0,,2.650258840045626,2.3299961861174676,,Olympia - WA USA
2016,"Greenville-Anderson-Mauldin, SC",23484.0,304064.0,633984.0,23484.0,124150.0,242846.0,961532.0,390480.0,2.6106421353450333,2.449166331051148,1.0,Greenville - SC USA
2005,"Louisville/Jefferson County, KY-IN",0.0,299101.0,810415.0,,134503.0,323340.0,1109516.0,,2.506386466258428,2.2237496561414987,,Louisville - KY USA
2017,"Laredo, TX",3103.0,99921.0,171704.0,3103.0,28847.0,45198.0,274728.0,77148.0,3.798929156157352,3.4638263944257637,1.0,Laredo - TX USA
2010,"Portland-Vancouver-Hillsboro, OR-WA",35759.0,776419.0,1436444.0,35759.0,331861.0,531413.0,2248622.0,899033.0,2.703065224222968,2.339590973329195,1.0,Portland - OR USA
2021,"Ann Arbor, MI",21273.0,116686.0,230628.0,21273.0,58894.0,90238.0,368587.0,170405.0,2.555774729049846,1.9812884164770606,1.0,Ann Arbor - MI USA
2020,"Trenton, NJ",20405.0,102798.0,235868.0,20405.0,48600.0,85045.0,359071.0,154050.0,2.7734493503439355,2.1151851851851853,1.0,Trenton - NJ USA
2018,"Gulfport-Biloxi-Pascagoula, MS",6858.0,127983.0,215578.0,6858.0,53712.0,80323.0,350419.0,140893.0,2.683888798974142,2.3827636282394997,1.0,Gulfport-Biloxi-Pascagoula - MS USA
2014,"Elkhart-Goshen, IN",3778.0,60766.0,137733.0,3778.0,21602.0,49034.0,202277.0,74414.0,2.808928498592813,2.81298027960374,1.0,Elkhart - IN USA
2016,"Prescott, AZ",5632.0,67274.0,152359.0,5632.0,25200.0,69762.0,225265.0,100594.0,2.183982683982684,2.6696031746031745,1.0,Prescott - AZ USA
2008,"Blacksburg-Christiansburg-Radford, VA",16559.0,57146.0,101800.0,16559.0,25009.0,43669.0,175505.0,85237.0,2.331173143419817,2.2850173937382543,1.0,Blacksburg - VA USA
2018,"Beaumont-Port Arthur, TX",17291.0,123026.0,255610.0,17291.0,49101.0,90913.0,395927.0,157305.0,2.8115891016686283,2.505570151320747,1.0,Beaumont - TX USA
2013,"Ithaca, NY",14489.0,32931.0,56893.0,14489.0,16147.0,21376.0,104313.0,52012.0,2.6615363023952097,2.0394500526413575,1.0,
2023,"Dothan, AL",1446.0,50880.0,100997.0,1446.0,20730.0,41671.0,153323.0,63847.0,2.423675937702479,2.454413892908828,1.0,
2010,"Deltona-Daytona Beach-Ormond Beach, FL",15777.0,163530.0,485081.0,15777.0,60193.0,194875.0,664388.0,270845.0,2.4891905067350866,2.7167610851760173,1.0,Daytona Beach - FL USA
2007,"Napa, CA",6606.0,41593.0,84514.0,6606.0,16562.0,32506.0,132713.0,55674.0,2.599950778317849,2.511351286076561,1.0,Napa - CA USA
2021,"North Port-Sarasota-Bradenton, FL",10706.0,207548.0,642188.0,10706.0,88691.0,278848.0,860442.0,378245.0,2.30300378700941,2.340124702619206,1.0,Sarasota - FL USA
2011,"Saginaw, MI",5197.0,52938.0,140155.0,5197.0,22520.0,53822.0,198290.0,81539.0,2.6040466723644604,2.350710479573712,1.0,Saginaw - MI USA
2006,"Albany-Schenectady-Troy, NY",31044.0,235299.0,552688.0,31044.0,115458.0,209716.0,819031.0,356218.0,2.635411699631883,2.037961856259419,1.0,Albany - NY USA
2008,"Greenville, NC",5798.0,60426.0,89795.0,5798.0,27627.0,36544.0,156019.0,69969.0,2.4571749124343256,2.187208165924639,1.0,Greenville - NC USA
2019,"Chico, CA",6567.0,81260.0,132198.0,6567.0,31215.0,46437.0,220025.0,84219.0,2.846824730279734,2.6032356238987666,1.0,Chico - CA USA
2018,"Napa, CA",3727.0,51277.0,84340.0,3727.0,17143.0,30172.0,139344.0,51042.0,2.7953069070661543,2.9911334072216067,1.0,Napa - CA USA
2011,"Scranton--Wilkes-Barre--Hazleton, PA",24938.0,176769.0,429375.0,24938.0,81603.0,171071.0,631082.0,277612.0,2.509922780599868,2.166207124738061,1.0,Scranton - PA USA
2018,"Flagstaff, AZ",15268.0,44421.0,83415.0,15268.0,17750.0,29525.0,143104.0,62543.0,2.8252328535139712,2.5025915492957744,1.0,Flagstaff - AZ USA
2005,"Farmington, NM",0.0,26256.0,101690.0,,8158.0,29779.0,127946.0,,3.4148225259410996,3.2184358911497917,,Farmington - NM USA
2014,"Sebastian-Vero Beach, FL",1516.0,42831.0,100497.0,1516.0,15324.0,40294.0,144844.0,57134.0,2.494093413411426,2.7950274079874706,1.0,
2015,"Gainesville, GA",2020.0,70698.0,120956.0,2020.0,22388.0,41601.0,193674.0,66009.0,2.9075262613879476,3.1578524209397894,1.0,Gainesville - GA USA
2011,"Beaumont-Port Arthur, TX",18253.0,112611.0,260332.0,18253.0,45061.0,98951.0,391196.0,162265.0,2.63091833331649,2.499079026208917,1.0,Beaumont - TX USA
2005,"Merced, CA",0.0,98400.0,140349.0,,29351.0,42746.0,238749.0,,3.283324755532681,3.3525263193758303,,Merced - CA USA
2019,"Lafayette, LA",8968.0,156650.0,373265.0,8968.0,64536.0,140701.0,538883.0,214205.0,2.652895146445299,2.4273273831659847,1.0,Lafayette - LA USA
2017,"Lebanon, PA",3269.0,36819.0,99565.0,3269.0,15815.0,36971.0,139653.0,56055.0,2.6930567201319953,2.328106228264306,1.0,Lebanon - PA USA
2021,"Columbus, OH",47680.0,712033.0,1291884.0,47680.0,318615.0,499706.0,2051597.0,866001.0,2.585288149431866,2.2347755127661912,1.0,Columbus - OH USA
2006,"Montgomery, AL",15707.0,98274.0,235176.0,15707.0,41687.0,90870.0,349157.0,148264.0,2.5880488610102343,2.3574255763187564,1.0,Montgomery - AL USA
2013,"Midland, TX",1827.0,50747.0,98837.0,1827.0,19079.0,33575.0,151411.0,54481.0,2.9437676842889053,2.659835421143666,1.0,Midland - TX USA
2007,"Midland, TX",1928.0,35009.0,89439.0,1928.0,14873.0,31874.0,126376.0,48675.0,2.8060174436845076,2.3538627042291402,1.0,Midland - TX USA
2007,"Decatur, AL",744.0,32338.0,116204.0,744.0,14282.0,45471.0,149286.0,60497.0,2.5555628862351827,2.2642487046632125,1.0,Decatur - AL USA
2019,"Columbus, OH",51201.0,720332.0,1250897.0,51201.0,311212.0,467185.0,2022430.0,829598.0,2.6775196121450815,2.3146022646941633,1.0,Columbus - OH USA
2014,"Stockton-Lodi, CA",14709.0,332973.0,367966.0,14709.0,102650.0,119223.0,715648.0,236582.0,3.086367563305738,3.2437700925474915,1.0,Stockton - CA USA
2015,"Erie, PA",13010.0,85896.0,179238.0,13010.0,39568.0,70570.0,278144.0,123148.0,2.5398611307921213,2.170845127375657,1.0,Erie - PA USA
2008,"East Stroudsburg, PA",3051.0,33600.0,128435.0,3051.0,13067.0,47720.0,165086.0,63838.0,2.6914291701592625,2.5713629754343,1.0,East Stroudsburg - PA USA
2012,"Grand Junction, CO",3632.0,39957.0,85850.0,3632.0,15952.0,35669.0,129439.0,55253.0,2.4068518881942302,2.5048269809428283,1.0,Grand Junction - CO USA
2010,"Sheboygan, WI",3034.0,29585.0,82881.0,3034.0,13966.0,32187.0,115500.0,49187.0,2.5749836890670146,2.118358871545181,1.0,Sheboygan - WI USA
2007,"Columbia, MO",7327.0,52131.0,92902.0,7327.0,25895.0,38043.0,152360.0,71265.0,2.4420261283284703,2.013168565360108,1.0,Columbia - MO USA
2010,"Houston-The Woodlands-Sugar Land, TX",66830.0,2004512.0,3850150.0,66830.0,742456.0,1260040.0,5921492.0,2069326.0,3.0555776007110884,2.699839451765492,1.0,Houston - TX USA
2019,"Amarillo, TX",9056.0,77190.0,168967.0,9056.0,33946.0,60495.0,255213.0,103497.0,2.7930738077527066,2.2739056147999763,1.0,Amarillo - TX USA
2017,"Houma-Thibodaux, LA",3983.0,58987.0,170359.0,3983.0,24477.0,61428.0,233329.0,89888.0,2.7733118447613467,2.4098950034726476,1.0,Houma-Thibodaux - LA USA
2010,"Janesville-Beloit, WI",3358.0,38109.0,118773.0,3358.0,15871.0,46684.0,160240.0,65913.0,2.5441907291577412,2.4011719488375025,1.0,Janesville-Beloit - WI USA
2022,"Corvallis, OR",6703.0,37825.0,66132.0,6703.0,17309.0,25825.0,110660.0,49837.0,2.5607744433688286,2.185279334450286,1.0,
2013,"Janesville-Beloit, WI",2776.0,43730.0,113978.0,2776.0,19046.0,45042.0,160484.0,66864.0,2.5304826606278583,2.2960201617137455,1.0,Janesville-Beloit - WI USA
2020,"Las Cruces, NM",5189.0,60474.0,156165.0,5189.0,24826.0,54487.0,221828.0,84502.0,2.8660965000825884,2.4359139611697413,1.0,Las Cruces - NM USA
2021,"Stockton-Lodi, CA",16513.0,305661.0,467580.0,16513.0,93769.0,147992.0,789754.0,258274.0,3.159495107843667,3.25972336273182,1.0,Stockton - CA USA
2016,"Myrtle Beach-Conway-North Myrtle Beach, SC-NC",5604.0,131751.0,312058.0,5604.0,50498.0,129395.0,449413.0,185497.0,2.4116696935739403,2.6090340211493523,1.0,
2022,"Glens Falls, NY",4621.0,25060.0,97067.0,4621.0,13614.0,41340.0,126748.0,59575.0,2.348016448959845,1.8407521668870281,1.0,Glens Falls - NY USA
2018,"Lubbock, TX",12286.0,118033.0,177126.0,12286.0,51018.0,64667.0,307445.0,127971.0,2.739047736867336,2.3135559998431927,1.0,Lubbock - TX USA
2018,"Janesville-Beloit, WI",3050.0,51808.0,108491.0,3050.0,22653.0,41979.0,163349.0,67682.0,2.5844112532456704,2.287026000971174,1.0,Janesville-Beloit - WI USA
2012,"Fresno, CA",18927.0,471283.0,457600.0,18927.0,140302.0,151976.0,947810.0,311205.0,3.011001737116387,3.359061168051774,1.0,Fresno - CA USA
2005,"El Paso, TX",0.0,228094.0,477955.0,,77843.0,146742.0,706049.0,,3.257111120197353,2.930179977647316,,El Paso - TX USA
2022,"Reading, PA",13154.0,104183.0,312973.0,13154.0,44111.0,118073.0,430310.0,175338.0,2.6506737357397543,2.361837183468976,1.0,Reading - PA USA
2009,"Durham-Chapel Hill, NC",27768.0,158717.0,277048.0,27768.0,71380.0,111876.0,463533.0,211024.0,2.476384568629554,2.2235500140095263,1.0,Durham - NC USA
2005,"Midland, TX",0.0,35476.0,83496.0,,14901.0,29852.0,118972.0,,2.7969985260619055,2.38077981343534,,Midland - TX USA
2023,"The Villages, FL",8032.0,20389.0,123097.0,8032.0,8916.0,64322.0,151518.0,81270.0,1.9137620098877521,2.2867877972184836,1.0,
2016,"Springfield, MO",11813.0,142768.0,255394.0,11813.0,64672.0,101301.0,409975.0,177786.0,2.5211399690032676,2.2075705096486886,1.0,Springfield - MO USA
2018,"Lima, OH",3432.0,34456.0,64490.0,3432.0,14716.0,26487.0,102378.0,44635.0,2.4347793257069505,2.341397118782278,1.0,
2020,"Albuquerque, NM",11410.0,237142.0,647736.0,11410.0,116249.0,249676.0,896288.0,377335.0,2.5943062208622374,2.0399487307417696,1.0,Albuquerque - NM USA
2018,"Port St. Lucie, FL",6750.0,120717.0,354720.0,6750.0,44305.0,137532.0,482187.0,188587.0,2.579181572288631,2.724681187224918,1.0,Port St. Lucie - FL USA
2011,"Virginia Beach-Norfolk-Newport News, VA-NC",60230.0,551344.0,1035410.0,60230.0,216857.0,384823.0,1646984.0,661910.0,2.690613606775063,2.5424311873723235,1.0,Norfolk - VA USA
2009,"Lynchburg, VA",13210.0,56948.0,162981.0,13210.0,24339.0,67030.0,233139.0,104579.0,2.4314635237953155,2.339783885944369,1.0,Lynchburg - VA USA
2009,"Salinas, CA",17853.0,221207.0,226130.0,17853.0,69592.0,75089.0,465190.0,162534.0,3.011493028273116,3.1786268536613402,1.0,Salinas - CA USA
2021,"Providence-Warwick, RI-MA",54361.0,528498.0,1115240.0,54361.0,252236.0,432324.0,1698099.0,738921.0,2.57963934456565,2.095252065525936,1.0,Providence - RI USA
2013,"Nashville-Davidson--Murfreesboro--Franklin, TN",38065.0,594275.0,1261027.0,38065.0,240336.0,471574.0,1893367.0,749975.0,2.674080844151713,2.472684075627455,1.0,Nashville - TN USA
2017,"Morgantown, WV",8195.0,43844.0,86813.0,8195.0,19132.0,31911.0,138852.0,59238.0,2.720472564319514,2.291657955258206,1.0,Morgantown - WV USA
2020,"Roanoke, VA",9038.0,90718.0,229718.0,9038.0,40880.0,90459.0,329474.0,140377.0,2.5394709205275316,2.21912915851272,1.0,
2008,"Bakersfield, CA",45112.0,296046.0,460331.0,45112.0,97786.0,146398.0,801489.0,289296.0,3.1443803877102146,3.0274885975497514,1.0,Bakersfield - CA USA
2015,"Lewiston-Auburn, ME",2948.0,33425.0,70519.0,2948.0,16315.0,28823.0,106892.0,48086.0,2.4466224889844916,2.048728164266013,1.0,Lewiston-Auburn - ME USA
2008,"Chattanooga, TN-GA",9958.0,126171.0,343663.0,9958.0,56182.0,131776.0,479792.0,197916.0,2.6079331593006314,2.245754868107223,1.0,Chattanooga - TN USA
2012,"Springfield, IL",4247.0,55135.0,139991.0,4247.0,23509.0,58714.0,199373.0,86470.0,2.384286541540348,2.3452720234803692,1.0,Springfield - IL USA
2010,"Altoona, PA",3590.0,29229.0,94183.0,3590.0,14971.0,37155.0,127002.0,55716.0,2.5348674471807295,1.952374590875693,1.0,Altoona - PA USA
2010,"Portland-South Portland, ME",13519.0,130259.0,404602.0,13519.0,62984.0,162196.0,548380.0,238699.0,2.4945251424202817,2.0681284135653497,1.0,Portland - ME USA
2009,"Urban Honolulu, HI",28305.0,355807.0,523408.0,28305.0,139617.0,170279.0,907520.0,338201.0,3.073825897497636,2.5484504036041455,1.0,Honolulu - HI USA
2014,"Montgomery, AL",11907.0,127264.0,235568.0,11907.0,50188.0,92243.0,374739.0,154338.0,2.553776438320523,2.535745596556946,1.0,Montgomery - AL USA
2019,"Boston-Cambridge-Newton, MA-NH",167374.0,1604209.0,3153577.0,167374.0,718915.0,1152636.0,4925160.0,2038925.0,2.735969551532314,2.23143069764854,1.0,Boston - MA USA
2018,"Huntsville, AL",11447.0,122690.0,296880.0,11447.0,57520.0,115553.0,431017.0,184520.0,2.569210665235866,2.1329972183588315,1.0,Huntsville - AL USA
2019,"Bremerton-Silverdale, WA",8736.0,76681.0,186649.0,8736.0,32232.0,75292.0,272066.0,116260.0,2.479001753174308,2.3790332588731697,1.0,Bremerton - WA USA
2015,"Ocala, FL",8573.0,85750.0,248732.0,8573.0,29541.0,95686.0,343055.0,133800.0,2.5994607361578494,2.9027453369892693,1.0,Ocala - FL USA
2023,"Albany-Schenectady-Troy, NY",35669.0,255399.0,583843.0,35669.0,136468.0,237018.0,874911.0,409155.0,2.4632854888658247,1.871493683500894,1.0,Albany - NY USA
2016,"Lubbock, TX",12094.0,129818.0,160693.0,12094.0,48770.0,63205.0,302605.0,124069.0,2.542409619492129,2.661841295878614,1.0,Lubbock - TX USA
2020,"Burlington, NC",4260.0,35876.0,130317.0,4260.0,15468.0,49516.0,170453.0,69244.0,2.63181597867356,2.3193690199120764,1.0,Burlington - NC USA
2011,"Muncie, IN",8789.0,40397.0,69123.0,8789.0,16622.0,28855.0,118309.0,54266.0,2.3955293709928953,2.4303332932258455,1.0,Muncie - IN USA
2009,"Virginia Beach-Norfolk-Newport News, VA-NC",50701.0,550148.0,1043844.0,50701.0,228675.0,386264.0,1644693.0,665640.0,2.702410786405153,2.405807368536132,1.0,Norfolk - VA USA
2009,"Raleigh, NC",22067.0,326570.0,777662.0,22067.0,127360.0,281988.0,1126299.0,431415.0,2.757784019178121,2.5641488693467336,1.0,Raleigh - NC USA
2007,"Bloomington, IN",12664.0,52207.0,63685.0,12664.0,21939.0,26987.0,128556.0,61590.0,2.359839922925853,2.3796435571356946,1.0,Bloomington - IN USA
2013,"Florence, SC",4692.0,70020.0,131139.0,4692.0,27775.0,49776.0,205851.0,82243.0,2.634582931533269,2.520972097209721,1.0,
2008,"Modesto, CA",8017.0,176865.0,325828.0,8017.0,60787.0,100068.0,510710.0,168872.0,3.2560658752048606,2.909585931202395,1.0,Modesto - CA USA
2007,"Battle Creek, MI",2764.0,33107.0,100773.0,2764.0,15491.0,38654.0,136644.0,56909.0,2.607052310239561,2.13717642502098,1.0,Battle Creek - MI USA
2008,"Greenville-Anderson-Mauldin, SC",33609.0,237595.0,668720.0,33609.0,103230.0,263104.0,939924.0,399943.0,2.5416565312576016,2.3016080596725756,1.0,Greenville - SC USA
2022,"Boston-Cambridge-Newton, MA-NH",162301.0,1585031.0,3232788.0,162301.0,754975.0,1220178.0,4980120.0,2137454.0,2.64943967191672,2.0994483261035133,1.0,Boston - MA USA
2007,"Chattanooga, TN-GA",15131.0,135095.0,324699.0,15131.0,59304.0,128163.0,474925.0,202598.0,2.5334847030734298,2.278008228787266,1.0,Chattanooga - TN USA
2021,"Barnstable Town, MA",2889.0,48311.0,216639.0,2889.0,22043.0,96245.0,267839.0,121177.0,2.2509117356745807,2.191670825205281,1.0,Barnstable Town - MA USA
2021,"Modesto, CA",5943.0,210314.0,336724.0,5943.0,68184.0,106026.0,552981.0,180153.0,3.175862524286496,3.0845066291212015,1.0,Modesto - CA USA
2022,"Homosassa Springs, FL",2613.0,22248.0,137761.0,2613.0,9360.0,62133.0,162622.0,74106.0,2.2171953712198027,2.376923076923077,1.0,
2013,"Elkhart-Goshen, IN",3411.0,51845.0,145263.0,3411.0,21969.0,49087.0,200519.0,74467.0,2.95929675881598,2.3599162456188267,1.0,Elkhart - IN USA
2014,"Tucson, AZ",28250.0,377485.0,598499.0,28250.0,155301.0,234438.0,1004234.0,417989.0,2.5529095112567077,2.430666898474575,1.0,Tucson - AZ USA
2010,"Spartanburg, SC",6963.0,80454.0,197340.0,6963.0,31164.0,74435.0,284757.0,112562.0,2.6511721636326997,2.5816326530612246,1.0,Spartanburg - SC USA
2010,"Birmingham-Hoover, AL",18314.0,291097.0,753062.0,18314.0,119498.0,287697.0,1062473.0,425509.0,2.6175524944646624,2.435998928852366,1.0,Birmingham - AL USA
2008,"Minneapolis-St. Paul-Bloomington, MN-WI",59839.0,657408.0,2390132.0,59839.0,316233.0,900024.0,3107379.0,1276096.0,2.6556314053847454,2.0788722239614463,1.0,Minneapolis - MN USA
2019,"Elkhart-Goshen, IN",3701.0,50851.0,151841.0,3701.0,18781.0,49772.0,206393.0,72254.0,3.050731334887085,2.70757680634684,1.0,Elkhart - IN USA
2010,"Flagstaff, AZ",8940.0,51313.0,74438.0,8940.0,16928.0,27347.0,134691.0,53215.0,2.721980473178045,3.03125,1.0,Flagstaff - AZ USA
2014,"Chicago-Naperville-Elgin, IL-IN-WI",162093.0,3099124.0,6246057.0,162093.0,1229942.0,2194441.0,9507274.0,3586476.0,2.8463089233203354,2.519731824752712,1.0,Chicago - IL USA
2020,"Salt Lake City, UT",15009.0,324181.0,952813.0,15009.0,144297.0,300408.0,1292003.0,459714.0,3.1717297808314027,2.2466232839213567,1.0,Salt Lake City - UT USA
2020,"Cincinnati, OH-KY-IN",45683.0,591394.0,1514478.0,45683.0,283575.0,570294.0,2151555.0,899552.0,2.655609212090606,2.0854941373534337,1.0,Cincinnati - OH USA
2010,"Panama City, FL",3635.0,63211.0,102492.0,3635.0,23294.0,40360.0,169338.0,67289.0,2.5394449950445988,2.7136172404911134,1.0,Panama City - FL USA
2021,"Springfield, MA",21617.0,179378.0,371540.0,21617.0,83057.0,147167.0,572535.0,251841.0,2.5246148932845,2.1596975570993413,1.0,Springfield - MA USA
2016,"Jefferson City, MO",9615.0,34837.0,103651.0,9615.0,17375.0,37991.0,148103.0,64981.0,2.728304072017057,2.0050071942446044,1.0,
2023,"York-Hanover, PA",7947.0,99905.0,356966.0,7947.0,45936.0,137928.0,464818.0,191811.0,2.5880604373296214,2.1748737373737375,1.0,York - PA USA
2012,"Lawrence, KS",8735.0,46468.0,56965.0,8735.0,21204.0,22788.0,112168.0,52727.0,2.499780586273477,2.191473306923222,1.0,
2021,"Waco, TX",9637.0,90483.0,163017.0,9637.0,38597.0,58469.0,263137.0,106703.0,2.7880928355196772,2.3443013705728424,1.0,Waco - TX USA
2018,"Tucson, AZ",30636.0,365372.0,643018.0,30636.0,152255.0,250068.0,1039026.0,432959.0,2.5713725866564294,2.399737282847854,1.0,Tucson - AZ USA
2007,"Jacksonville, NC",33076.0,50535.0,80029.0,33076.0,20464.0,33254.0,163640.0,86794.0,2.4065977025320264,2.469458561376075,1.0,Jacksonville - NC USA
2020,"Winston-Salem, NC",11969.0,173720.0,489016.0,11969.0,82261.0,192387.0,674705.0,286617.0,2.5418349472677466,2.111814833274577,1.0,Winston-Salem - NC USA
2012,"Asheville, NC",12764.0,143306.0,340512.0,12764.0,61225.0,142492.0,496582.0,216481.0,2.3896920528871797,2.3406451612903227,1.0,
2018,"Baltimore-Columbia-Towson, MD",69622.0,789013.0,1896068.0,69622.0,345968.0,689259.0,2754703.0,1104849.0,2.7508788423509887,2.2805953151736578,1.0,Baltimore - MD USA
2013,"Gulfport-Biloxi-Pascagoula, MS",5571.0,127750.0,203328.0,5571.0,49458.0,75062.0,336649.0,130091.0,2.70880072473422,2.5829997169315377,1.0,Gulfport-Biloxi-Pascagoula - MS USA
2006,"Corpus Christi, TX",7579.0,136155.0,247230.0,7579.0,53251.0,85973.0,390964.0,146803.0,2.8756702685726916,2.5568533924245553,1.0,Corpus Christi - TX USA
2016,"Gainesville, GA",1385.0,72850.0,122223.0,1385.0,21712.0,40326.0,196458.0,63423.0,3.030873381937212,3.3552873986735445,1.0,Gainesville - GA USA
2015,"East Stroudsburg, PA",2533.0,38261.0,125898.0,2533.0,13072.0,42609.0,166692.0,58214.0,2.954727874392734,2.926943084455324,1.0,East Stroudsburg - PA USA
2010,"Lakeland-Winter Haven, FL",12099.0,180131.0,410327.0,12099.0,63263.0,157811.0,602557.0,233173.0,2.6001165951676373,2.847335725463541,1.0,Lakeland - FL USA
2007,"Grand Junction, CO",1446.0,34507.0,98763.0,1446.0,14573.0,39264.0,134716.0,55283.0,2.5153575794621026,2.3678720922253484,1.0,Grand Junction - CO USA
2014,"Greensboro-High Point, NC",19272.0,282595.0,490539.0,19272.0,114010.0,194293.0,792406.0,327575.0,2.5247384105448987,2.4786860801684063,1.0,Greensboro - NC USA
2009,"Bellingham, WA",5403.0,69168.0,125700.0,5403.0,29352.0,48085.0,200271.0,82840.0,2.6141208277009462,2.356500408830744,1.0,Bellingham - WA USA
2020,"Charleston-North Charleston, SC",14566.0,238538.0,572799.0,14566.0,95177.0,217409.0,825903.0,327152.0,2.634660938599598,2.5062567637139224,1.0,Charleston - SC USA
2015,"Rockford, IL",4451.0,98213.0,237865.0,4451.0,42624.0,89566.0,340529.0,136641.0,2.655751066252819,2.304171358858859,1.0,Rockford - IL USA
2018,"Springfield, IL",3639.0,59183.0,132121.0,3639.0,27723.0,55283.0,194943.0,86645.0,2.3899028634480763,2.1347978213036107,1.0,Springfield - IL USA
2017,"Seattle-Tacoma-Bellevue, WA",68014.0,1365362.0,2436061.0,68014.0,592960.0,897374.0,3869437.0,1558348.0,2.7146552050761446,2.3026207501349165,1.0,Seattle - WA USA
2014,"Beaumont-Port Arthur, TX",17619.0,111708.0,262598.0,17619.0,49224.0,98629.0,391925.0,165472.0,2.66248263695262,2.2693807898586056,1.0,Beaumont - TX USA
2008,"Bridgeport-Stamford-Norwalk, CT",24448.0,223853.0,646613.0,24448.0,90467.0,233519.0,894914.0,348434.0,2.768995242357153,2.474416085423414,1.0,Stamford - CT USA
2008,"Bellingham, WA",4480.0,65674.0,126283.0,4480.0,29027.0,47005.0,196437.0,80512.0,2.686586533347516,2.2625142109070864,1.0,Bellingham - WA USA
2022,"Wausau, WI",1431.0,26735.0,109662.0,1431.0,13283.0,43382.0,137828.0,58096.0,2.5278225992347054,2.0127230294361214,1.0,Wausau - WI USA
2006,"Allentown-Bethlehem-Easton, PA-NJ",25677.0,180287.0,594563.0,25677.0,80606.0,225186.0,800527.0,331469.0,2.6403195580542307,2.2366449147706127,1.0,Lehigh Valley - PA USA
2018,"State College, PA",18314.0,54153.0,90383.0,18314.0,23042.0,35472.0,162850.0,76828.0,2.548009697789806,2.350186615745161,1.0,State College - PA USA
2016,"Champaign-Urbana, IL",16602.0,80440.0,111843.0,16602.0,38526.0,43330.0,208885.0,98458.0,2.581190860835449,2.087940611535067,1.0,Champaign-Urbana - IL USA
2017,"Hickory-Lenoir-Morganton, NC",8429.0,116636.0,286251.0,8429.0,43678.0,114980.0,411316.0,167087.0,2.4895720994955646,2.6703603644855534,1.0,Hickory - NC USA
2010,"Lake Charles, LA",4779.0,48034.0,140545.0,4779.0,19104.0,54355.0,193358.0,78238.0,2.5856866893570047,2.5143425460636517,1.0,Lake Charles - LA USA
2008,"Sumter, SC",4113.0,28019.0,71883.0,4113.0,11302.0,28329.0,104015.0,43744.0,2.5374351371386212,2.4791187400460095,1.0,Sumter - SC USA
2010,"Alexandria, LA",10429.0,38272.0,83664.0,10429.0,16322.0,30803.0,132365.0,57554.0,2.716099081258319,2.344810684965078,1.0,Alexandria - LA USA
2012,"Decatur, IL",3857.0,30842.0,75796.0,3857.0,14406.0,31930.0,110495.0,50193.0,2.3738177262762292,2.140913508260447,1.0,Decatur - IL USA
2017,"Bridgeport-Stamford-Norwalk, CT",17694.0,295527.0,636040.0,17694.0,111431.0,225000.0,949261.0,354125.0,2.8268444444444443,2.652107582270643,1.0,Stamford - CT USA
2016,"Salinas, CA",17180.0,239518.0,237322.0,17180.0,69045.0,74305.0,494020.0,160530.0,3.1938900477760583,3.4690129625606487,1.0,Salinas - CA USA
2007,"Canton-Massillon, OH",10442.0,89936.0,307107.0,10442.0,43828.0,118181.0,407485.0,172451.0,2.5986156827239575,2.0520215387423564,1.0,Canton - OH USA
2007,"Albany-Schenectady-Troy, NY",32481.0,217332.0,571127.0,32481.0,107608.0,217242.0,820940.0,357331.0,2.628989790187901,2.0196639655044235,1.0,Albany - NY USA
2010,"Champaign-Urbana, IL",20773.0,77998.0,102449.0,20773.0,36425.0,42076.0,201220.0,99274.0,2.434855974902557,2.141331503088538,1.0,Champaign-Urbana - IL USA
2006,"Kansas City, MO-KS",21519.0,478802.0,1299196.0,21519.0,215754.0,494798.0,1799517.0,732071.0,2.6257098856503056,2.2192033519656644,1.0,Kansas City - MO USA
2015,"Las Cruces, NM",5075.0,71665.0,137689.0,5075.0,26512.0,48118.0,214429.0,79705.0,2.8614863460659214,2.7031155703077854,1.0,Las Cruces - NM USA
2013,"Saginaw, MI",6179.0,49230.0,140997.0,6179.0,21445.0,56073.0,196406.0,83697.0,2.514525707559788,2.295640009326183,1.0,Saginaw - MI USA
2011,"Killeen-Temple, TX",20651.0,169518.0,201220.0,20651.0,54641.0,64810.0,391389.0,140102.0,3.1047677827495757,3.1023956369758974,1.0,Killeen - TX USA
2021,"Asheville, NC",9987.0,147490.0,377145.0,9987.0,60132.0,150949.0,534622.0,221068.0,2.4984928684522587,2.4527705714095656,1.0,
2019,"Napa, CA",3843.0,43944.0,89862.0,3843.0,15836.0,32271.0,137649.0,51950.0,2.7846053732453284,2.774943167466532,1.0,Napa - CA USA
2017,"Pueblo, CO",3593.0,57722.0,95904.0,3593.0,23314.0,38685.0,157219.0,65592.0,2.479100426521908,2.475851419747791,1.0,Pueblo - CO USA
2006,"Fresno, CA",19757.0,386722.0,485816.0,19757.0,125481.0,151775.0,892295.0,297013.0,3.2008960632515238,3.0819167842143433,1.0,Fresno - CA USA
2005,"Yuma, AZ",0.0,52358.0,125410.0,,20515.0,46602.0,177768.0,,2.691086219475559,2.5521813307336094,,Yuma - AZ USA
2006,"Urban Honolulu, HI",32455.0,340910.0,536575.0,32455.0,125908.0,173308.0,909940.0,331671.0,3.0960775036351467,2.7076119071067763,1.0,Honolulu - HI USA
2019,"Olympia-Tumwater, WA",3747.0,83769.0,203141.0,3747.0,35724.0,77186.0,290657.0,116657.0,2.6318373798357215,2.3448941887806516,1.0,Olympia - WA USA
2005,"Knoxville, TN",0.0,218816.0,639977.0,,100632.0,254691.0,858793.0,,2.512758597673259,2.174417680260752,,Knoxville - TN USA
2016,"Wichita, KS",11265.0,200441.0,403171.0,11265.0,83690.0,148764.0,614877.0,243719.0,2.7101382054798204,2.3950412235631497,1.0,Wichita - KS USA
2023,"Buffalo-Cheektowaga-Niagara Falls, NY",31062.0,327947.0,796880.0,31062.0,169066.0,333258.0,1155889.0,533386.0,2.3911804067719307,1.9397572545633066,1.0,Buffalo - NY USA
2014,"Vallejo-Fairfield, CA",10004.0,180207.0,240811.0,10004.0,60666.0,84647.0,431022.0,155317.0,2.8448852292461635,2.970477697557116,1.0,Vallejo-Fairfield - CA USA
2011,"Grand Rapids-Wyoming, MI",19074.0,213751.0,641284.0,19074.0,91561.0,232348.0,874109.0,342983.0,2.7600151496892593,2.3345201559615996,1.0,Grand Rapids - MI USA
2019,"Florence, SC",4508.0,63942.0,136730.0,4508.0,25307.0,52541.0,205180.0,82356.0,2.6023486420129043,2.526652704785237,1.0,
2019,"Grand Rapids-Wyoming, MI",22095.0,231983.0,695460.0,22095.0,100452.0,249991.0,949538.0,372538.0,2.7819401498453944,2.3093915501931273,1.0,Grand Rapids - MI USA
2006,"Bloomington, IN",11387.0,45107.0,65944.0,11387.0,18037.0,25956.0,122438.0,55380.0,2.5406071813838804,2.5008039030880966,1.0,Bloomington - IN USA
2021,"Bridgeport-Stamford-Norwalk, CT",16929.0,276530.0,665865.0,16929.0,116884.0,240387.0,959324.0,374200.0,2.7699709218884547,2.365849902467404,1.0,Stamford - CT USA
2009,"Muskegon, MI",6407.0,43292.0,124309.0,6407.0,17148.0,48361.0,174008.0,71916.0,2.5704389900953246,2.524609283881502,1.0,Muskegon - MI USA
2014,"Hartford-West Hartford-East Hartford, CT",48833.0,357026.0,807812.0,48833.0,155765.0,311852.0,1213671.0,516450.0,2.5903697907981993,2.29208101948448,1.0,Hartford - CT USA
2008,"Eugene, OR",8050.0,121745.0,216664.0,8050.0,56007.0,86945.0,346459.0,151002.0,2.491966185519581,2.1737461388754977,1.0,Eugene - OR USA
2019,"Boise City, ID",13515.0,196820.0,564263.0,13515.0,79160.0,206649.0,774598.0,299324.0,2.7305382556895994,2.4863567458312277,1.0,Boise - ID USA
2007,"Springfield, OH",3459.0,36431.0,97443.0,3459.0,14936.0,37999.0,137333.0,56394.0,2.56435695676202,2.4391403320835563,1.0,Springfield - OH USA
2016,"Brownsville-Harlingen, TX",3480.0,131998.0,286544.0,3480.0,39797.0,80702.0,422022.0,123979.0,3.5506431067383706,3.3167826720607083,1.0,Brownsville-Harlingen - TX USA
2015,"Shreveport-Bossier City, LA",9757.0,157723.0,249900.0,9757.0,62920.0,98177.0,417380.0,170854.0,2.545402691057987,2.5067228226319136,1.0,Shreveport - LA USA
2019,"Auburn-Opelika, AL",5695.0,43989.0,114500.0,5695.0,21192.0,43255.0,164184.0,70142.0,2.647092821639117,2.075736126840317,1.0,Auburn-Opelika - AL USA
2012,"Cleveland-Elyria, OH",43024.0,626152.0,1392345.0,43024.0,290765.0,549072.0,2061521.0,882861.0,2.5358149750852346,2.1534641377057073,1.0,Cleveland - OH USA
2018,"Greensboro-High Point, NC",24065.0,272707.0,517117.0,24065.0,118862.0,202903.0,813889.0,345830.0,2.5485921844428128,2.2943160976594705,1.0,Greensboro - NC USA
2006,"Chattanooga, TN-GA",11375.0,125675.0,320909.0,11375.0,59852.0,127076.0,457959.0,198303.0,2.525331297806037,2.09976274811201,1.0,Chattanooga - TN USA
2012,"Santa Maria-Santa Barbara, CA",19468.0,200326.0,211694.0,19468.0,67090.0,74548.0,431488.0,161106.0,2.839700595589419,2.9859293486361604,1.0,Santa Barbara - CA USA
2023,"Harrisonburg, VA",9794.0,45668.0,82492.0,9794.0,18369.0,31743.0,137954.0,59906.0,2.598746180260215,2.4861451358266646,1.0,
2008,"Knoxville, TN",27928.0,224551.0,656474.0,27928.0,106921.0,263716.0,908953.0,398565.0,2.4893218462285187,2.100158060624199,1.0,Knoxville - TN USA
2005,"Phoenix-Mesa-Scottsdale, AZ",0.0,1161308.0,2680832.0,,457381.0,978599.0,3842140.0,,2.7394591656030713,2.5390385695951516,,Phoenix - AZ USA
2022,"Greenville-Anderson-Mauldin, SC",20210.0,254615.0,749232.0,20210.0,116504.0,299389.0,1024057.0,436103.0,2.502536833350591,2.185461443383918,1.0,Greenville - SC USA
2012,"Dayton, OH",27384.0,279157.0,494852.0,27384.0,121135.0,203712.0,801393.0,352231.0,2.42917452089224,2.304511495438973,1.0,Dayton - OH USA
2006,"Syracuse, NY",26324.0,164637.0,438583.0,26324.0,79563.0,165699.0,629544.0,271586.0,2.6468657022673643,2.0692658647863955,1.0,Syracuse - NY USA
2016,"San Diego-Carlsbad, CA",88560.0,1537063.0,1690839.0,88560.0,530914.0,579659.0,3316462.0,1199133.0,2.9169546233216423,2.895126140956916,1.0,San Diego - CA USA
2015,"Morgantown, WV",9296.0,44411.0,84904.0,9296.0,18136.0,32138.0,138611.0,59570.0,2.6418569917231935,2.4487759153065727,1.0,Morgantown - WV USA
2011,"Urban Honolulu, HI",35825.0,382082.0,545125.0,35825.0,139559.0,168936.0,963032.0,344320.0,3.226813704598191,2.7377811534906384,1.0,Honolulu - HI USA
2015,"Lima, OH",3428.0,29528.0,71247.0,3428.0,13975.0,26259.0,104203.0,43662.0,2.7132411744544727,2.1129159212880144,1.0,
2014,"Kankakee, IL",5216.0,31075.0,74874.0,5216.0,12657.0,28076.0,111165.0,45949.0,2.6668328821769482,2.45516315082563,1.0,Kankakee - IL USA
2021,"Chattanooga, TN-GA",15057.0,163214.0,368973.0,15057.0,71126.0,149758.0,547244.0,235941.0,2.4637949224749263,2.2947164187498243,1.0,Chattanooga - TN USA
2006,"Evansville, IN-KY",8037.0,56623.0,192663.0,8037.0,27770.0,77743.0,257323.0,113550.0,2.478203825424797,2.0389989196975153,1.0,Evansville - IN USA
2012,"Worcester, MA-CT",33237.0,277768.0,608962.0,33237.0,119328.0,221443.0,919967.0,374008.0,2.7499717760326585,2.3277688388307856,1.0,Worcester - MA USA
2020,"Nashville-Davidson--Murfreesboro--Franklin, TN",39644.0,601091.0,1499577.0,39644.0,266497.0,564808.0,2140312.0,870949.0,2.6550208212348267,2.2555263286265888,1.0,Nashville - TN USA
2018,"Fort Collins, CO",10041.0,116239.0,224265.0,10041.0,51719.0,87662.0,350545.0,149422.0,2.5582920763842942,2.247510586051548,1.0,Fort Collins - CO USA
2012,"Springfield, MO",11995.0,131788.0,252602.0,11995.0,58747.0,99956.0,396385.0,170698.0,2.5271319380527433,2.2433145522324542,1.0,Springfield - MO USA
2019,"Pensacola-Ferry Pass-Brent, FL",23136.0,159265.0,319545.0,23136.0,63650.0,123155.0,501946.0,209941.0,2.5946571393772078,2.5021995286724272,1.0,Pensacola - FL USA
2011,"Boise City, ID",11075.0,186855.0,395565.0,11075.0,71745.0,143368.0,593495.0,226188.0,2.759088499525696,2.6044323646247127,1.0,Boise - ID USA
2008,"Charleston-North Charleston, SC",17605.0,200085.0,471332.0,17605.0,78620.0,174835.0,689022.0,271060.0,2.6958675322446877,2.544963113711524,1.0,Charleston - SC USA
2009,"Kansas City, MO-KS",20674.0,546831.0,1332238.0,20674.0,234679.0,493238.0,1899743.0,748591.0,2.7010043832794715,2.3301232747710703,1.0,Kansas City - MO USA
2013,"Philadelphia-Camden-Wilmington, PA-NJ-DE-MD",164653.0,1738677.0,4169763.0,164653.0,739799.0,1491126.0,6073093.0,2395578.0,2.7963854161217765,2.350201879159069,1.0,Philadelphia - PA USA
2018,"Champaign-Urbana, IL",15587.0,77358.0,117315.0,15587.0,38208.0,46081.0,210260.0,99876.0,2.5458431891669018,2.024654522613065,1.0,Champaign-Urbana - IL USA
2020,"Utica-Rome, NY",12693.0,54347.0,185127.0,12693.0,29499.0,78256.0,252167.0,120448.0,2.365658863218156,1.8423336384284212,1.0,Utica - NY USA
2023,"Johnstown, PA",7076.0,22674.0,101252.0,7076.0,13654.0,43628.0,131002.0,64358.0,2.320803153937838,1.66061227479127,1.0,Johnstown - PA USA
2011,"Waco, TX",8997.0,89868.0,139892.0,8997.0,33866.0,50251.0,238757.0,93114.0,2.7838649977114884,2.6536349140731117,1.0,Waco - TX USA
2023,"Riverside-San Bernardino-Ontario, CA",73359.0,1520677.0,3094825.0,73359.0,498006.0,976556.0,4688861.0,1547921.0,3.1691218936753245,3.053531483556423,1.0,Inland Empire - CA USA
2013,"Houma-Thibodaux, LA",3582.0,46460.0,183003.0,3582.0,16804.0,64865.0,233045.0,85251.0,2.8212903723117244,2.764817900499881,1.0,Houma-Thibodaux - LA USA
2013,"Auburn-Opelika, AL",6051.0,58212.0,86987.0,6051.0,24602.0,32238.0,151250.0,62891.0,2.6982753272535516,2.3661490935696285,1.0,Auburn-Opelika - AL USA
2022,"Atlanta-Sandy Springs-Roswell, GA",80054.0,1863801.0,4261118.0,80054.0,773830.0,1528225.0,6204973.0,2382109.0,2.7882792128122493,2.408540635540106,1.0,Atlanta - GA USA
2014,"Oshkosh-Neenah, WI",8066.0,52883.0,108595.0,8066.0,23982.0,45435.0,169544.0,77483.0,2.390117750632772,2.2051121674589274,1.0,
2018,"Ogden-Clearfield, UT",5889.0,126944.0,475270.0,5889.0,47911.0,142165.0,608103.0,195965.0,3.343087257763866,2.649579428523721,1.0,Ogden - UT USA
2011,"Corpus Christi, TX",7602.0,164863.0,234647.0,7602.0,61667.0,82639.0,407112.0,151908.0,2.8394220646426023,2.673439603029173,1.0,Corpus Christi - TX USA
2015,"Charleston, WV",3423.0,61858.0,130561.0,3423.0,27897.0,57080.0,195842.0,88400.0,2.287333566923616,2.217371043481378,1.0,
2021,"Olympia-Tumwater, WA",3300.0,86921.0,207618.0,3300.0,38702.0,78484.0,297839.0,120486.0,2.645354467152541,2.2459046044132087,1.0,Olympia - WA USA
2009,"Mansfield, OH",7000.0,34092.0,83448.0,7000.0,14701.0,34971.0,124540.0,56672.0,2.3862057133053103,2.319025916604313,1.0,Mansfield - OH USA
2007,"Tucson, AZ",19627.0,311547.0,636135.0,19627.0,135041.0,239696.0,967309.0,394364.0,2.6539241372405047,2.3070548944394664,1.0,Tucson - AZ USA
2005,"New York-Newark-Jersey City, NY-NJ-PA",0.0,7947745.0,10967664.0,,3195557.0,3729036.0,18915409.0,,2.9411526196046376,2.48712352807351,,New York - NY USA
2021,"Portland-South Portland, ME",10881.0,113348.0,432333.0,10881.0,61208.0,175977.0,556562.0,248066.0,2.456758553674628,1.8518494314468696,1.0,Portland - ME USA
2010,"Fort Collins, CO",8747.0,88940.0,191542.0,8747.0,38609.0,74294.0,289229.0,121650.0,2.5781624357283226,2.303607967054314,1.0,Fort Collins - CO USA
2019,"Kalamazoo-Portage, MI",9615.0,110225.0,272957.0,9615.0,50720.0,104530.0,392797.0,164865.0,2.6112790586434516,2.173205835962145,1.0,Kalamazoo - MI USA
2015,"Burlington-South Burlington, VT",10954.0,61645.0,144625.0,10954.0,30253.0,55302.0,217224.0,96509.0,2.6151857075693465,2.0376491587611145,1.0,Burlington - VT USA
2019,"Winston-Salem, NC",13294.0,197001.0,447275.0,13294.0,84455.0,175661.0,657570.0,273410.0,2.5462396320184904,2.3326150020721093,1.0,Winston-Salem - NC USA
2007,"Ann Arbor, MI",18006.0,102606.0,229297.0,18006.0,46389.0,86686.0,349909.0,151081.0,2.645144544678495,2.2118605703938434,1.0,Ann Arbor - MI USA
2011,"Athens-Clarke County, GA",10401.0,78073.0,92368.0,10401.0,27692.0,33528.0,180842.0,71621.0,2.754951085659747,2.8193341037122637,1.0,Athens - GA USA
2017,"Modesto, CA",5063.0,239174.0,303537.0,5063.0,75357.0,98216.0,547774.0,178636.0,3.0905046021014906,3.173879002614223,1.0,Modesto - CA USA
2023,"Prescott, AZ",4006.0,55960.0,188923.0,4006.0,27653.0,86130.0,248889.0,117789.0,2.193463369325438,2.0236502368639933,1.0,Prescott - AZ USA
2021,"Bismarck, ND",3553.0,29654.0,108543.0,3553.0,16077.0,40621.0,141750.0,60251.0,2.6720907904778315,1.8444983516825277,1.0,
2012,"Roanoke, VA",8732.0,90331.0,233302.0,8732.0,41278.0,97165.0,332365.0,147175.0,2.4010909278032213,2.188356994040409,1.0,
2019,"Cincinnati, OH-KY-IN",52176.0,616037.0,1482597.0,52176.0,287992.0,561970.0,2150810.0,902138.0,2.638213783653932,2.1390767799105532,1.0,Cincinnati - OH USA
2022,"Las Vegas-Henderson-Paradise, NV",17259.0,933972.0,1371654.0,17259.0,359927.0,497434.0,2322885.0,874620.0,2.7574592810302474,2.594892853273025,1.0,Las Vegas - NV USA
2018,"Springfield, MA",21278.0,197304.0,361597.0,21278.0,86641.0,136411.0,580179.0,244330.0,2.650790625389448,2.2772590344063435,1.0,Springfield - MA USA
2017,"Denver-Aurora-Lakewood, CO",37626.0,950124.0,1993758.0,37626.0,402886.0,738027.0,2981508.0,1178539.0,2.7014702714128345,2.3582949022800492,1.0,Denver - CO USA
2010,"Knoxville, TN",22372.0,254698.0,645636.0,22372.0,112943.0,259972.0,922706.0,395287.0,2.483482836613174,2.255102131163507,1.0,Knoxville - TN USA
2009,"Pittsburgh, PA",75653.0,559328.0,1674950.0,75653.0,292756.0,684931.0,2309931.0,1053340.0,2.445428809617319,1.9105603301042506,1.0,Pittsburgh - PA USA
2018,"Pittsfield, MA",7042.0,31170.0,88353.0,7042.0,17469.0,37743.0,126565.0,62254.0,2.3409108973849455,1.784303623561738,1.0,Pittsfield - MA USA
2019,"Greenville, NC",7202.0,84814.0,88485.0,7202.0,35364.0,35562.0,180501.0,78128.0,2.488189640627636,2.3983146702861666,1.0,Greenville - NC USA
2016,"Colorado Springs, CO",18764.0,248256.0,444776.0,18764.0,98785.0,168835.0,711796.0,286384.0,2.634382681316078,2.513094093232778,1.0,Colorado Springs - CO USA
2007,"Portland-Vancouver-Hillsboro, OR-WA",41460.0,682154.0,1467155.0,41460.0,293896.0,543688.0,2190769.0,879044.0,2.6985237857006226,2.3210727604322616,1.0,Portland - OR USA
2007,"York-Hanover, PA",7861.0,78705.0,334436.0,7861.0,36920.0,128084.0,421002.0,172865.0,2.6110677367977266,2.131771397616468,1.0,York - PA USA
2013,"Houston-The Woodlands-Sugar Land, TX",72430.0,2259730.0,3908255.0,72430.0,848484.0,1284878.0,6240415.0,2205792.0,3.0417323668083665,2.6632558775415918,1.0,Houston - TX USA
2008,"Mansfield, OH",6782.0,33413.0,84863.0,6782.0,14193.0,33747.0,125058.0,54722.0,2.51468278661807,2.354188684562813,1.0,Mansfield - OH USA
2021,"Colorado Springs, CO",21196.0,222168.0,520359.0,21196.0,95458.0,199355.0,763723.0,316009.0,2.610212936720925,2.327390056359865,1.0,Colorado Springs - CO USA
2006,"Pensacola-Ferry Pass-Brent, FL",25171.0,116379.0,298949.0,25171.0,48085.0,118966.0,440499.0,192222.0,2.5128944404283575,2.4202765935322867,1.0,Pensacola - FL USA
2017,"Augusta-Richmond County, GA-SC",15666.0,175266.0,357639.0,15666.0,63823.0,127934.0,548571.0,207423.0,2.795496115184392,2.7461260047318365,1.0,Augusta - GA USA
2014,"Birmingham-Hoover, AL",24278.0,357268.0,746984.0,24278.0,143810.0,293286.0,1128530.0,461374.0,2.5469473483221154,2.484305681107016,1.0,Birmingham - AL USA
2017,"Anchorage, AK",10125.0,146743.0,302368.0,10125.0,56207.0,102511.0,459236.0,168843.0,2.949615163250773,2.6107602255946767,1.0,Anchorage - AK USA
2019,"Goldsboro, NC",2730.0,45499.0,74817.0,2730.0,18672.0,29779.0,123046.0,51181.0,2.512408072802982,2.4367502142245074,1.0,Goldsboro - NC USA
2022,"Los Angeles-Long Beach-Anaheim, CA",246129.0,6145026.0,6483140.0,246129.0,2339565.0,2161386.0,12874295.0,4747080.0,2.999529005924902,2.6265677593911687,1.0,Los Angeles - CA USA
2023,"Allentown-Bethlehem-Easton, PA-NJ",25905.0,234460.0,613032.0,25905.0,103867.0,241389.0,873397.0,371161.0,2.539602053117582,2.257309828915825,1.0,Lehigh Valley - PA USA
2017,"Madera, CA",7766.0,56488.0,92558.0,7766.0,15129.0,31153.0,156812.0,54048.0,2.971078226816037,3.7337563619538634,1.0,Madera - CA USA
2007,"Kennewick-Richland, WA",3249.0,61971.0,163648.0,3249.0,23053.0,53388.0,228868.0,79690.0,3.0652581104368024,2.6881967639786577,1.0,Kennewick-Richland - WA USA
2009,"Seattle-Tacoma-Bellevue, WA",72373.0,1157504.0,2178048.0,72373.0,515869.0,829312.0,3407925.0,1417554.0,2.6263312239543137,2.2437944516921933,1.0,Seattle - WA USA
2010,"Washington-Arlington-Alexandria, DC-VA-MD-WV",113571.0,1787589.0,3636946.0,113571.0,724654.0,1291149.0,5538106.0,2129374.0,2.816829041419697,2.466817267275141,1.0,Washington - DC USA
2021,"Las Vegas-Henderson-Paradise, NV",20369.0,931988.0,1340224.0,20369.0,368472.0,485819.0,2292581.0,874660.0,2.758689964781122,2.5293319438111985,1.0,Las Vegas - NV USA
2009,"Fort Wayne, IN",4241.0,89680.0,259882.0,4241.0,40360.0,94623.0,353803.0,139224.0,2.746499265506272,2.2220019821605552,1.0,Fort Wayne - IN USA
2005,"Saginaw, MI",0.0,43363.0,156498.0,,18619.0,60697.0,199861.0,,2.578348188543091,2.328965035716204,,Saginaw - MI USA
2015,"Cincinnati, OH-KY-IN",47616.0,648165.0,1411934.0,47616.0,283086.0,530158.0,2107715.0,860860.0,2.663232470320169,2.289639897416333,1.0,Cincinnati - OH USA
2014,"Lincoln, NE",13131.0,99688.0,188760.0,13131.0,46786.0,72419.0,301579.0,132336.0,2.6064982946464323,2.13072286581456,1.0,Lincoln - NE USA
2017,"Fresno, CA",17244.0,449326.0,523265.0,17244.0,143555.0,162265.0,989835.0,323064.0,3.224755800696392,3.1299919891330847,1.0,Fresno - CA USA
2009,"Austin-Round Rock, TX",38686.0,637978.0,1092044.0,38686.0,257878.0,381336.0,1768708.0,677900.0,2.863731722155789,2.473952799385756,1.0,Austin - TX USA
2019,"Montgomery, AL",12866.0,121107.0,239241.0,12866.0,50985.0,94265.0,373214.0,158116.0,2.537962128043282,2.3753456899087966,1.0,Montgomery - AL USA
2023,"Salisbury, MD-DE",13144.0,99160.0,334650.0,13144.0,45526.0,139661.0,446954.0,198331.0,2.3961592713785524,2.1780960330360672,1.0,Salisbury - MD USA
2010,"Omaha-Council Bluffs, NE-IA",18375.0,264044.0,682066.0,18375.0,119125.0,255580.0,964485.0,393080.0,2.668698646216449,2.2165288562434418,1.0,Omaha - NE USA
2005,"Beaumont-Port Arthur, TX",0.0,112280.0,258393.0,,48919.0,97872.0,370673.0,,2.640111574301128,2.295222715100472,,Beaumont - TX USA
2015,"Flagstaff, AZ",13740.0,43905.0,81812.0,13740.0,17952.0,27959.0,139457.0,59651.0,2.9261418505669017,2.445688502673797,1.0,Flagstaff - AZ USA
2007,"Seattle-Tacoma-Bellevue, WA",66631.0,1025683.0,2217545.0,66631.0,468551.0,841118.0,3309859.0,1376300.0,2.6364255669240224,2.1890530593254525,1.0,Seattle - WA USA
2016,"Olympia-Tumwater, WA",3690.0,88292.0,183151.0,3690.0,39184.0,66680.0,275133.0,109554.0,2.746715656868626,2.2532666394446714,1.0,Olympia - WA USA
2006,"Spartanburg, SC",6768.0,67137.0,197076.0,6768.0,29693.0,77561.0,270981.0,114022.0,2.5409161821018293,2.2610379550735864,1.0,Spartanburg - SC USA
2005,"Minneapolis-St. Paul-Bloomington, MN-WI",0.0,647716.0,2345817.0,,306738.0,872400.0,2993533.0,,2.688923658872077,2.1116262086862405,,Minneapolis - MN USA
2009,"Ogden-Clearfield, UT",5458.0,112196.0,414933.0,5458.0,40747.0,127972.0,532587.0,174177.0,3.242373331666302,2.7534787837141383,1.0,Ogden - UT USA
2005,"Niles-Benton Harbor, MI",0.0,50347.0,115915.0,,20226.0,46272.0,166262.0,,2.505078665283541,2.4892217937308416,,Niles-Benton Harbor - MI USA
2023,"North Port-Sarasota-Bradenton, FL",12906.0,217745.0,679377.0,12906.0,100391.0,307710.0,910028.0,421007.0,2.2078482987228236,2.168969329920013,1.0,Sarasota - FL USA
2017,"Albany-Schenectady-Troy, NY",33546.0,254320.0,568095.0,33546.0,120765.0,215549.0,855961.0,369860.0,2.635572422047887,2.1059081687575043,1.0,Albany - NY USA
2019,"Lafayette-West Lafayette, IN",17455.0,71893.0,106711.0,17455.0,32439.0,41477.0,196059.0,91371.0,2.5727752730428914,2.2162520422947685,1.0,
2022,"Utica-Rome, NY",13846.0,73529.0,180591.0,13846.0,38363.0,77284.0,267966.0,129493.0,2.336719113917499,1.9166644944347417,1.0,Utica - NY USA
2022,"El Centro, CA",6351.0,65676.0,106707.0,6351.0,20445.0,30433.0,178734.0,57229.0,3.506292511418526,3.212325752017608,1.0,El Centro - CA USA
2021,"Dallas-Fort Worth-Arlington, TX",78284.0,2677664.0,4933110.0,78284.0,1135875.0,1676561.0,7689058.0,2890720.0,2.9423981590887536,2.3573579839330914,1.0,Dallas-Fort Worth - TX USA
2018,"Hickory-Lenoir-Morganton, NC",8899.0,101306.0,303273.0,8899.0,43156.0,119968.0,413478.0,172023.0,2.5279491197652706,2.3474372045602,1.0,Hickory - NC USA
2005,"Omaha-Council Bluffs, NE-IA",0.0,242066.0,642954.0,,113436.0,238088.0,885020.0,,2.7004888948624037,2.1339433689481293,,Omaha - NE USA
2012,"El Centro, CA",12824.0,67962.0,96364.0,12824.0,19758.0,26989.0,177150.0,59571.0,3.5704916817962875,3.4397206194959002,1.0,El Centro - CA USA
2013,"Tyler, TX",5336.0,65039.0,146004.0,5336.0,26252.0,52792.0,216379.0,84380.0,2.765646310046977,2.477487429529179,1.0,Tyler - TX USA
2007,"Provo-Orem, UT",12177.0,129148.0,342123.0,12177.0,39077.0,92123.0,483448.0,143377.0,3.7137631210446904,3.304961998106303,1.0,Provo - UT USA
2006,"Clarksville, TN-KY",9676.0,88730.0,150659.0,9676.0,36161.0,58314.0,249065.0,104151.0,2.5835819871728916,2.453748513591991,1.0,Clarksville - TN USA
2022,"Mount Vernon-Anacortes, WA",1646.0,34830.0,94723.0,1646.0,14079.0,36739.0,131199.0,52464.0,2.578268325212989,2.473897293841892,1.0,
2009,"Akron, OH",14163.0,198801.0,486801.0,14163.0,90232.0,191536.0,699765.0,295931.0,2.5415639879709295,2.2032205869314656,1.0,Akron - OH USA
2009,"Johnstown, PA",9624.0,28828.0,88366.0,9624.0,15270.0,36206.0,126818.0,61100.0,2.4406451969286858,1.8878847413228552,1.0,Johnstown - PA USA
2009,"Beaumont-Port Arthur, TX",14997.0,110499.0,253425.0,14997.0,50451.0,100113.0,378921.0,165561.0,2.5313895298312907,2.190224177915205,1.0,Beaumont - TX USA
2006,"Santa Cruz-Watsonville, CA",8023.0,95549.0,146103.0,8023.0,37434.0,55565.0,249675.0,101022.0,2.6294070008098624,2.5524656729176685,1.0,Santa Cruz - CA USA
2015,"Detroit-Warren-Dearborn, MI",47016.0,1229200.0,2938696.0,47016.0,526568.0,1114977.0,4214912.0,1688561.0,2.635656161517233,2.334361374029565,1.0,Detroit - MI USA
2021,"Columbia, MO",10322.0,62595.0,113177.0,10322.0,30065.0,44971.0,186094.0,85358.0,2.5166662960574593,2.081989023781806,1.0,Columbia - MO USA
2021,"Greenville, NC",6230.0,72212.0,93719.0,6230.0,37906.0,37671.0,172161.0,81807.0,2.487828833850973,1.9050282277212052,1.0,Greenville - NC USA
2005,"Hilton Head Island-Bluffton-Beaufort, SC",0.0,49572.0,101117.0,,18852.0,42259.0,150689.0,,2.3927920679618544,2.629535327816677,,Hilton Head Island - SC USA
2013,"Winston-Salem, NC",13181.0,194240.0,422840.0,13181.0,79138.0,168239.0,630261.0,260558.0,2.513329251838159,2.4544466627915793,1.0,Winston-Salem - NC USA
2011,"Lubbock, TX",11373.0,109830.0,162720.0,11373.0,44849.0,59542.0,283923.0,115764.0,2.73286083772799,2.448884033088809,1.0,Lubbock - TX USA
2017,"Yuma, AZ",5310.0,69343.0,133155.0,5310.0,24354.0,50266.0,207808.0,79930.0,2.6490072812636773,2.847294079001396,1.0,Yuma - AZ USA
2018,"Nashville-Davidson--Murfreesboro--Franklin, TN",39634.0,648255.0,1388224.0,39634.0,266866.0,515458.0,2076113.0,821958.0,2.6931854777692847,2.4291404675005435,1.0,Nashville - TN USA
2016,Not in identifiable area,2482268.0,19700494.0,47075837.0,2482268.0,8093564.0,18271102.0,69258599.0,28846934.0,2.576518756230467,2.4340938058931765,1.0,
2021,"Morgantown, WV",9929.0,42445.0,89505.0,9929.0,18996.0,37024.0,141879.0,65949.0,2.4174859550561796,2.2344177721625607,1.0,Morgantown - WV USA
2008,"Santa Rosa, CA",10012.0,161593.0,295185.0,10012.0,65519.0,115641.0,466790.0,191172.0,2.5525981269618905,2.466353271570079,1.0,Santa Rosa - CA USA
2018,"Grand Junction, CO",2419.0,42216.0,91512.0,2419.0,18494.0,37018.0,136147.0,57931.0,2.47209465665352,2.2826862766302582,1.0,Grand Junction - CO USA
2022,"Madera, CA",5871.0,55282.0,99077.0,5871.0,14017.0,31522.0,160230.0,51410.0,3.1431064018780535,3.94392523364486,1.0,Madera - CA USA
2020,"Brownsville-Harlingen, TX",2524.0,143648.0,279247.0,2524.0,44141.0,84748.0,425419.0,131413.0,3.2950276112710624,3.254298724541809,1.0,Brownsville-Harlingen - TX USA
2005,"Augusta-Richmond County, GA-SC",0.0,139954.0,318317.0,,56212.0,125380.0,458271.0,,2.5388179933003667,2.489753077634669,,Augusta - GA USA
2019,"Shreveport-Bossier City, LA",7682.0,135211.0,262186.0,7682.0,56381.0,103726.0,405079.0,167789.0,2.5276786919383762,2.3981660488462424,1.0,Shreveport - LA USA
2006,"San Francisco-Oakland-Hayward, CA",80716.0,1525630.0,2573040.0,80716.0,644091.0,907021.0,4179386.0,1631828.0,2.836803117017136,2.368655981841075,1.0,San Francisco - CA USA
2019,"Gainesville, FL",15350.0,102638.0,151614.0,15350.0,47083.0,55940.0,269602.0,118373.0,2.710296746514122,2.1799375570800503,1.0,Gainesville - FL USA
2005,"Athens-Clarke County, GA",0.0,67392.0,83803.0,,29444.0,32765.0,151195.0,,2.55769876392492,2.288819453878549,,Athens - GA USA
2010,"Salisbury, MD-DE",15242.0,98373.0,261070.0,15242.0,34728.0,103140.0,374685.0,153110.0,2.5312197013767697,2.832671043538355,1.0,Salisbury - MD USA
2005,"Indianapolis-Carmel-Anderson, IN",0.0,440011.0,1235357.0,,201942.0,474459.0,1675368.0,,2.603717075658803,2.1788979013776233,,Indianapolis - IN USA
2017,"Las Vegas-Henderson-Paradise, NV",22666.0,971152.0,1209395.0,22666.0,357904.0,423888.0,2203213.0,804458.0,2.853100347261541,2.7134427108945416,1.0,Las Vegas - NV USA
2011,"Canton-Massillon, OH",9719.0,108184.0,288505.0,9719.0,46845.0,113136.0,406408.0,169700.0,2.55007247914015,2.3094033514782795,1.0,Canton - OH USA
2011,"San Angelo, TX",6300.0,36952.0,72109.0,6300.0,15510.0,27693.0,115361.0,49503.0,2.603871014335753,2.382462927143778,1.0,San Angelo - TX USA
2015,"Lafayette, LA",8804.0,167798.0,366738.0,8804.0,63438.0,138137.0,543340.0,210379.0,2.6548860913441006,2.645070777767269,1.0,Lafayette - LA USA
2020,"North Port-Sarasota-Bradenton, FL",10291.0,211505.0,633657.0,10291.0,87550.0,288105.0,855453.0,385946.0,2.1993960535221535,2.4158195316961737,1.0,Sarasota - FL USA
2005,"Baton Rouge, LA",0.0,190546.0,517644.0,,83427.0,190135.0,708190.0,,2.7225076919031213,2.283984801083582,,Baton Rouge - LA USA
2020,"Oxnard-Thousand Oaks-Ventura, CA",13365.0,293094.0,542161.0,13365.0,100865.0,172561.0,848620.0,286791.0,3.1418512873708426,2.9058047885787937,1.0,Ventura - CA USA
2017,"Atlanta-Sandy Springs-Roswell, GA",88878.0,2022632.0,3749435.0,88878.0,775442.0,1319217.0,5860945.0,2183537.0,2.8421669823842475,2.6083601352518953,1.0,Atlanta - GA USA
2015,"Glens Falls, NY",4042.0,29378.0,93468.0,4042.0,13403.0,35412.0,126888.0,52857.0,2.639444256184344,2.19189733641722,1.0,Glens Falls - NY USA
2005,"Dallas-Fort Worth-Arlington, TX",0.0,1898409.0,3794688.0,,765559.0,1264550.0,5693097.0,,3.0008208453600096,2.4797683784006197,,Dallas-Fort Worth - TX USA
2009,"Florence-Muscle Shoals, AL",2246.0,35485.0,106465.0,2246.0,16697.0,42811.0,144196.0,61754.0,2.4868608535189556,2.125232077618734,1.0,Florence-Muscle Shoals - AL USA
2008,"Stockton-Lodi, CA",21743.0,263783.0,387442.0,21743.0,84117.0,120938.0,672968.0,226798.0,3.2036415353321535,3.1359059405352068,1.0,Stockton - CA USA
2018,"Madera, CA",8783.0,63665.0,85438.0,8783.0,16025.0,28460.0,157886.0,53268.0,3.002037947997189,3.9728549141965677,1.0,Madera - CA USA
2013,"Burlington-South Burlington, VT",10126.0,60477.0,144627.0,10126.0,27772.0,56629.0,215230.0,94527.0,2.553938794610535,2.1776249459887658,1.0,Burlington - VT USA
2022,"Sacramento--Roseville--Arden-Arcade, CA",42446.0,834551.0,1538044.0,42446.0,328043.0,556603.0,2415041.0,927092.0,2.7632693320014443,2.5440292888432308,1.0,Sacramento - CA USA
2013,"Reading, PA",13170.0,102740.0,297369.0,13170.0,39128.0,114142.0,413279.0,166440.0,2.605254857983915,2.625741157227561,1.0,Reading - PA USA
2020,"Lewiston-Auburn, ME",3084.0,27454.0,77095.0,3084.0,15377.0,32647.0,107633.0,51108.0,2.3614727233742765,1.7853937699161084,1.0,Lewiston-Auburn - ME USA
2011,"Chattanooga, TN-GA",11085.0,145157.0,334625.0,11085.0,60942.0,129495.0,490867.0,201522.0,2.584076605274335,2.38188769649831,1.0,Chattanooga - TN USA
2020,"Kansas City, MO-KS",38120.0,651275.0,1514602.0,38120.0,311473.0,584205.0,2203997.0,933798.0,2.592586506448935,2.0909517036789707,1.0,Kansas City - MO USA
2016,"Jackson, MI",9633.0,33951.0,115233.0,9633.0,16178.0,43815.0,158817.0,69626.0,2.6299897295446764,2.0985906786994684,1.0,Jackson - MI USA
2018,"Sheboygan, WI",3508.0,27400.0,84966.0,3508.0,13273.0,33034.0,115874.0,49815.0,2.5720772537385725,2.0643411436751298,1.0,Sheboygan - WI USA
2013,"Spartanburg, SC",8264.0,94484.0,188929.0,8264.0,34493.0,73551.0,291677.0,116308.0,2.568680235482862,2.7392224509320733,1.0,Spartanburg - SC USA
2016,"Joplin, MO",3393.0,56385.0,118145.0,3393.0,22258.0,45122.0,177923.0,70773.0,2.618345818004521,2.533246473178183,1.0,Joplin - MO USA
2006,"Port St. Lucie, FL",7072.0,88937.0,296203.0,7072.0,33822.0,124122.0,392212.0,165016.0,2.3863859750890253,2.6295606410028975,1.0,Port St. Lucie - FL USA
2022,"Cleveland-Elyria, OH",39301.0,564321.0,1363279.0,39301.0,294522.0,561134.0,1966901.0,894957.0,2.4295070339704954,1.9160572045551776,1.0,Cleveland - OH USA
2010,"McAllen-Edinburg-Mission, TX",4623.0,216798.0,558644.0,4623.0,67114.0,145630.0,780065.0,217367.0,3.8360502643686054,3.2302947224126113,1.0,McAllen - TX USA
2012,"Los Angeles-Long Beach-Anaheim, CA",214154.0,6382296.0,6454281.0,214154.0,2177797.0,2049235.0,13050731.0,4441186.0,3.1496050965360243,2.930620255239584,1.0,Los Angeles - CA USA
2021,"Rochester, NY",46386.0,287995.0,784870.0,46386.0,148402.0,320408.0,1119251.0,515196.0,2.4495955157174603,1.9406409617121063,1.0,Rochester - NY USA
2006,"Lincoln, NE",16885.0,77204.0,173052.0,16885.0,40906.0,66840.0,267141.0,124631.0,2.5890484739676842,1.8873514887791523,1.0,Lincoln - NE USA
2011,"Elkhart-Goshen, IN",3214.0,52220.0,142976.0,3214.0,19450.0,51345.0,198410.0,74009.0,2.7846138864543772,2.6848329048843187,1.0,Elkhart - IN USA
2022,"Springfield, MO",10815.0,145930.0,279108.0,10815.0,68654.0,112221.0,435853.0,191690.0,2.4871280776325286,2.1255862731960264,1.0,Springfield - MO USA
2009,"Lansing-East Lansing, MI",23054.0,122189.0,308797.0,23054.0,56927.0,120487.0,454040.0,200468.0,2.562907201606812,2.1464155848718534,1.0,Lansing - MI USA
2014,"Homosassa Springs, FL",1980.0,31493.0,105854.0,1980.0,12347.0,47968.0,139327.0,62295.0,2.2067628418945966,2.5506600793715073,1.0,
2008,"Charlottesville, VA",8726.0,55449.0,114595.0,8726.0,24985.0,44723.0,178770.0,78434.0,2.5623281085794782,2.219291574944967,1.0,Charlottesville - VA USA
2016,"Rockford, IL",5625.0,113140.0,221609.0,5625.0,47231.0,86438.0,340374.0,139294.0,2.5637913880469236,2.3954606084986554,1.0,Rockford - IL USA
2013,"Santa Rosa, CA",8041.0,201494.0,285195.0,8041.0,78400.0,110686.0,494730.0,197127.0,2.576613121804022,2.570076530612245,1.0,Santa Rosa - CA USA
2005,"Seattle-Tacoma-Bellevue, WA",0.0,1034203.0,2106168.0,,481689.0,801343.0,3140371.0,,2.628297745160312,2.147034704965237,,Seattle - WA USA
2021,"Hanford-Corcoran, CA",17103.0,63478.0,72248.0,17103.0,20320.0,22823.0,152829.0,60246.0,3.1655785830083687,3.1239173228346457,1.0,Hanford-Corcoran - CA USA
2021,"Ogden-Clearfield, UT",5228.0,129571.0,499735.0,5228.0,50796.0,156191.0,634534.0,212215.0,3.1995121357824714,2.5508110874872036,1.0,Ogden - UT USA
2020,"Fort Collins, CO",10571.0,104846.0,247824.0,10571.0,48350.0,97099.0,363241.0,156020.0,2.5522816918814817,2.1684798345398137,1.0,Fort Collins - CO USA
2018,"Odessa, TX",1618.0,52211.0,108221.0,1618.0,18906.0,35420.0,162050.0,55944.0,3.055364201016375,2.76161007087697,1.0,Odessa - TX USA
2018,"Kalamazoo-Portage, MI",10058.0,105734.0,275919.0,10058.0,48033.0,105656.0,391711.0,163747.0,2.61148444006966,2.201278287843774,1.0,Kalamazoo - MI USA
2023,"Dayton, OH",25554.0,250946.0,538767.0,25554.0,127773.0,222884.0,815267.0,376211.0,2.417252920801852,1.9639986538627097,1.0,Dayton - OH USA
2018,"San Francisco-Oakland-Hayward, CA",78115.0,1940426.0,2710277.0,78115.0,761618.0,937352.0,4728818.0,1777085.0,2.891418591948382,2.5477680411965054,1.0,San Francisco - CA USA
2010,"Huntsville, AL",9940.0,108391.0,300735.0,9940.0,43900.0,116863.0,419066.0,170703.0,2.5733979103736853,2.469043280182232,1.0,Huntsville - AL USA
2021,"McAllen-Edinburg-Mission, TX",7007.0,278424.0,595064.0,7007.0,94066.0,174532.0,880495.0,275605.0,3.409483647697843,2.959879233729509,1.0,McAllen - TX USA
2005,"Billings, MT",0.0,38122.0,93346.0,,18165.0,36917.0,131468.0,,2.5285369883793374,2.098651252408478,,Billings - MT USA
2008,"Oklahoma City, OK",30103.0,400663.0,841576.0,30103.0,166801.0,322267.0,1272342.0,519171.0,2.6114246882243606,2.402041954184927,1.0,Oklahoma City - OK USA
2010,"Atlanta-Sandy Springs-Roswell, GA",72215.0,1647836.0,3430542.0,72215.0,616066.0,1213068.0,5150593.0,1901349.0,2.8279882084104107,2.674771858859278,1.0,Atlanta - GA USA
2013,"Asheville, NC",11438.0,152116.0,339488.0,11438.0,66248.0,140270.0,503042.0,217956.0,2.4202466671419405,2.296159884071972,1.0,
2022,"Santa Cruz-Watsonville, CA",14483.0,97527.0,152620.0,14483.0,37882.0,58133.0,264630.0,110498.0,2.6253590903617567,2.574494482867853,1.0,Santa Cruz - CA USA
2005,"Provo-Orem, UT",0.0,132240.0,309182.0,,41338.0,80997.0,441422.0,,3.817203106287887,3.1989936620059027,,Provo - UT USA
2014,"Daphne-Fairhope-Foley, AL",3103.0,54182.0,142973.0,3103.0,20233.0,51074.0,200258.0,74410.0,2.799330383365313,2.6779024366134534,1.0,Daphne-Fairhope-Foley - AL USA
2021,"Augusta-Richmond County, GA-SC",17979.0,152999.0,391098.0,17979.0,63989.0,137747.0,562076.0,219715.0,2.8392487676682614,2.391020331619497,1.0,Augusta - GA USA
2012,"Oshkosh-Neenah, WI",8327.0,54560.0,105484.0,8327.0,23342.0,44285.0,168371.0,75954.0,2.381935192503105,2.33741753063148,1.0,
2019,"Yakima, WA",3318.0,89224.0,158080.0,3318.0,30431.0,53560.0,250622.0,87309.0,2.9514563106796117,2.9320101212579277,1.0,Yakima - WA USA
2012,Not in identifiable area,2501811.0,19192623.0,47189021.0,2501811.0,7931609.0,18516462.0,68883455.0,28949882.0,2.548490148928019,2.419764136129252,1.0,
2008,"Baltimore-Columbia-Towson, MD",68192.0,756568.0,1795261.0,68192.0,319718.0,668993.0,2620021.0,1056903.0,2.6835273313771593,2.3663603550628993,1.0,Baltimore - MD USA
2009,"Binghamton, NY",9644.0,64385.0,170730.0,9644.0,30645.0,68694.0,244759.0,108983.0,2.4853699013014237,2.1009952683961495,1.0,Binghamton - NY USA
2008,"Winston-Salem, NC",12618.0,173736.0,439827.0,12618.0,72515.0,174129.0,626181.0,259262.0,2.525868752476612,2.395862924912087,1.0,Winston-Salem - NC USA
2010,"Iowa City, IA",10064.0,44449.0,76640.0,10064.0,22268.0,30408.0,131153.0,62740.0,2.5203893712181005,1.9960930483204598,1.0,Iowa City - IA USA
2021,"Decatur, AL",2216.0,36452.0,118015.0,2216.0,15140.0,45656.0,156683.0,63012.0,2.58487383914491,2.407661822985469,1.0,Decatur - AL USA
2012,"Brownsville-Harlingen, TX",3280.0,146995.0,265188.0,3280.0,44468.0,76711.0,415463.0,124459.0,3.4569748797434525,3.3056355131780157,1.0,Brownsville-Harlingen - TX USA
2011,"Lynchburg, VA",12927.0,66091.0,162151.0,12927.0,26647.0,65654.0,241169.0,105228.0,2.4697809729795597,2.4802416782377,1.0,Lynchburg - VA USA
2021,"Lafayette, LA",8066.0,152494.0,367524.0,8066.0,64283.0,140932.0,528084.0,213281.0,2.6078108591377402,2.372229049670986,1.0,Lafayette - LA USA
2009,"Houston-The Woodlands-Sugar Land, TX",72694.0,2017147.0,3724812.0,72694.0,755689.0,1230795.0,5814653.0,2059178.0,3.0263463858725457,2.6692819400573518,1.0,Houston - TX USA
2009,"Deltona-Daytona Beach-Ormond Beach, FL",20841.0,163097.0,476242.0,20841.0,64778.0,190275.0,660180.0,275894.0,2.502914203127053,2.517783815492914,1.0,Daytona Beach - FL USA
2007,"Sacramento--Roseville--Arden-Arcade, CA",41587.0,705988.0,1343374.0,41587.0,281949.0,484269.0,2090949.0,807805.0,2.774024354232875,2.5039563892760746,1.0,Sacramento - CA USA
2017,"Riverside-San Bernardino-Ontario, CA",97453.0,1642848.0,2840808.0,97453.0,495778.0,849172.0,4581109.0,1442403.0,3.3453858582242466,3.313676685936044,1.0,Inland Empire - CA USA
2017,"Racine, WI",5821.0,59699.0,130673.0,5821.0,24954.0,52519.0,196193.0,83294.0,2.4881090652906566,2.3923619459806043,1.0,Racine - WI USA
2010,"Charlotte-Concord-Gastonia, NC-SC",29219.0,633748.0,1450477.0,29219.0,255752.0,537852.0,2113444.0,822823.0,2.696795772814826,2.477978666833495,1.0,Charlotte - NC USA
2014,"Oxnard-Thousand Oaks-Ventura, CA",12117.0,310904.0,522777.0,12117.0,99472.0,170396.0,845798.0,281985.0,3.068012159909857,3.1255428663342446,1.0,Ventura - CA USA
2010,"Corpus Christi, TX",5445.0,153678.0,245990.0,5445.0,58063.0,86904.0,405113.0,150412.0,2.8305946791862286,2.6467457761397104,1.0,Corpus Christi - TX USA
2023,"Cleveland, TN",2400.0,38083.0,88804.0,2400.0,15952.0,34048.0,129287.0,52400.0,2.608200187969925,2.387349548645938,1.0,
2018,"Ocala, FL",9628.0,92023.0,258026.0,9628.0,35051.0,108390.0,359677.0,153069.0,2.3805332595257864,2.6254029842229896,1.0,Ocala - FL USA
2006,"Reading, PA",13478.0,97834.0,289675.0,13478.0,40673.0,110707.0,400987.0,164858.0,2.616591543443504,2.405379490079414,1.0,Reading - PA USA
2022,"Pueblo, CO",5070.0,41427.0,113344.0,5070.0,19347.0,43933.0,159841.0,68350.0,2.5799285275305577,2.141262211195534,1.0,Pueblo - CO USA
2012,"El Paso, TX",13177.0,304483.0,509201.0,13177.0,101136.0,159509.0,826861.0,273822.0,3.192302628691798,3.01062925170068,1.0,El Paso - TX USA
2006,"Jacksonville, FL",24142.0,360300.0,868629.0,24142.0,158661.0,330740.0,1253071.0,513543.0,2.626319767793433,2.2708794221642368,1.0,Jacksonville - FL USA
2015,"Wausau, WI",1940.0,30470.0,103678.0,1940.0,13038.0,41520.0,136088.0,56498.0,2.4970616570327553,2.337014879582758,1.0,Wausau - WI USA
2005,"New Haven-Milford, CT",0.0,241374.0,573281.0,,112515.0,213084.0,814655.0,,2.690399091438118,2.1452606319157446,,New Haven - CT USA
2008,"Lubbock, TX",9251.0,83666.0,171348.0,9251.0,40123.0,64676.0,264265.0,114050.0,2.649328962830107,2.0852378934775566,1.0,Lubbock - TX USA
2011,"Lewiston-Auburn, ME",2844.0,33281.0,71087.0,2844.0,17147.0,27508.0,107212.0,47499.0,2.5842300421695508,1.9409226103691608,1.0,Lewiston-Auburn - ME USA
2005,"Odessa, TX",0.0,28072.0,90760.0,,11634.0,32271.0,118832.0,,2.8124322146819125,2.412927625924016,,Odessa - TX USA
2006,"Eugene, OR",10592.0,114472.0,212857.0,10592.0,53190.0,84412.0,337921.0,148194.0,2.5216438421077574,2.152133859748073,1.0,Eugene - OR USA
2022,"East Stroudsburg, PA",3490.0,27963.0,135520.0,3490.0,11185.0,46848.0,166973.0,61523.0,2.89275956284153,2.5000447027268664,1.0,East Stroudsburg - PA USA
2006,"Winston-Salem, NC",11652.0,167010.0,434069.0,11652.0,70199.0,171635.0,612731.0,253486.0,2.5290238005068897,2.3790937192837505,1.0,Winston-Salem - NC USA
2008,"Athens-Clarke County, GA",7248.0,70043.0,105348.0,7248.0,26051.0,36418.0,182639.0,69717.0,2.892745345708166,2.6886875743733447,1.0,Athens - GA USA
2011,"Nashville-Davidson--Murfreesboro--Franklin, TN",37329.0,535869.0,1115213.0,37329.0,220285.0,416606.0,1688411.0,674220.0,2.676900956779307,2.4326168372789794,1.0,Nashville - TN USA
2022,"Naples-Immokalee-Marco Island, FL",5433.0,99910.0,292673.0,5433.0,39751.0,126452.0,398016.0,171636.0,2.314498782146585,2.513395889411587,1.0,Naples - FL USA
2018,"Hilton Head Island-Bluffton-Beaufort, SC",5675.0,60019.0,151640.0,5675.0,22448.0,61594.0,217334.0,89717.0,2.4619281098808323,2.673690306486101,1.0,Hilton Head Island - SC USA
2015,"Racine, WI",5070.0,54411.0,135603.0,5070.0,22367.0,52593.0,195084.0,80030.0,2.578346928298443,2.4326463092949435,1.0,Racine - WI USA
2012,"Boston-Cambridge-Newton, MA-NH",168803.0,1520277.0,2998012.0,168803.0,679881.0,1094571.0,4687092.0,1943255.0,2.738983583522677,2.23609278682593,1.0,Boston - MA USA
2021,"Des Moines-West Des Moines, IA",14214.0,167904.0,557806.0,14214.0,89327.0,210265.0,739924.0,313806.0,2.6528713765962,1.8796556472287214,1.0,
2020,"Blacksburg-Christiansburg-Radford, VA",14765.0,65585.0,96139.0,14765.0,26919.0,39791.0,176489.0,81475.0,2.4160991178909805,2.43638322374531,1.0,Blacksburg - VA USA
2014,"Hanford-Corcoran, CA",17010.0,67956.0,65739.0,17010.0,20077.0,21519.0,150705.0,58606.0,3.05492820298341,3.3847686407331774,1.0,Hanford-Corcoran - CA USA
2008,"Urban Honolulu, HI",27330.0,347029.0,530332.0,27330.0,126717.0,176146.0,904691.0,330193.0,3.010752443995322,2.7386143927018476,1.0,Honolulu - HI USA
2020,"Spartanburg, SC",7824.0,83163.0,233498.0,7824.0,34412.0,88548.0,324485.0,130784.0,2.636965261778922,2.4166860397535745,1.0,Spartanburg - SC USA
2017,"Hartford-West Hartford-East Hartford, CT",47074.0,342808.0,820879.0,47074.0,157599.0,313078.0,1210761.0,517751.0,2.6219632168341436,2.1751914669509325,1.0,Hartford - CT USA
2016,"Daphne-Fairhope-Foley, AL",3208.0,46280.0,159366.0,3208.0,21271.0,55508.0,208854.0,79987.0,2.8710456150464796,2.1757322175732217,1.0,Daphne-Fairhope-Foley - AL USA
2013,"Santa Maria-Santa Barbara, CA",19435.0,207832.0,208193.0,19435.0,67614.0,73051.0,435460.0,160100.0,2.849967830693625,3.0738012837578017,1.0,Santa Barbara - CA USA
2016,"Phoenix-Mesa-Scottsdale, AZ",79080.0,1768440.0,2802997.0,79080.0,629920.0,1019786.0,4650517.0,1728786.0,2.748612944284389,2.8074041148082296,1.0,Phoenix - AZ USA
2014,"Grand Rapids-Wyoming, MI",20669.0,241545.0,644038.0,20669.0,99757.0,229425.0,906252.0,349851.0,2.8071831753296284,2.421333841234199,1.0,Grand Rapids - MI USA
2005,"Michigan City-La Porte, IN",0.0,22082.0,81068.0,,9983.0,31602.0,103150.0,,2.5652806784380737,2.211960332565361,,Michigan City-La Porte - IN USA
2006,"Charleston-North Charleston, SC",18236.0,196793.0,427943.0,18236.0,82557.0,166339.0,642972.0,267132.0,2.5727159595765277,2.383722761243747,1.0,Charleston - SC USA
2006,"Grand Rapids-Wyoming, MI",21092.0,172118.0,664291.0,21092.0,75715.0,237283.0,857501.0,334090.0,2.79957266217976,2.273235158158885,1.0,Grand Rapids - MI USA
2010,"Jackson, MS",11477.0,149817.0,321842.0,11477.0,58172.0,119175.0,483136.0,188824.0,2.700583176001678,2.5754142886612117,1.0,Jackson - MS USA
2018,"Anniston-Oxford-Jacksonville, AL",3506.0,30612.0,80618.0,3506.0,12674.0,31590.0,114736.0,47770.0,2.5520101297879076,2.4153384882436484,1.0,Anniston-Oxford - AL USA
2021,"Indianapolis-Carmel-Anderson, IN",35051.0,583088.0,1511066.0,35051.0,269544.0,564994.0,2129205.0,869589.0,2.674481498918573,2.1632386549134837,1.0,Indianapolis - IN USA
2006,"El Centro, CA",9890.0,57064.0,93396.0,9890.0,17838.0,27365.0,160350.0,55093.0,3.4129727754430843,3.199013342302949,1.0,El Centro - CA USA
2021,"Santa Fe, NM",2689.0,34860.0,117565.0,2689.0,18454.0,51698.0,155114.0,72841.0,2.2740724979689735,1.8890213503847404,1.0,Santa Fe - NM USA
2021,"Gadsden, AL",1071.0,26435.0,75678.0,1071.0,10196.0,27810.0,103184.0,39077.0,2.7212513484358145,2.5926834052569636,1.0,Gadsden - AL USA
2020,"Goldsboro, NC",3158.0,40735.0,79576.0,3158.0,16421.0,30088.0,123469.0,49667.0,2.644775325711247,2.480665002131417,1.0,Goldsboro - NC USA
2012,"Houma-Thibodaux, LA",3794.0,48907.0,179336.0,3794.0,19285.0,63748.0,232037.0,86827.0,2.813201982807304,2.5360124449053667,1.0,Houma-Thibodaux - LA USA
2016,"Hartford-West Hartford-East Hartford, CT",47842.0,364325.0,795211.0,47842.0,164942.0,305497.0,1207378.0,518281.0,2.603007558175694,2.208806732063392,1.0,Hartford - CT USA
2017,"Colorado Springs, CO",16606.0,234692.0,472331.0,16606.0,95377.0,172746.0,723629.0,284729.0,2.7342514443170898,2.4606771024460823,1.0,Colorado Springs - CO USA
2021,"Jackson, MI",9979.0,30987.0,119263.0,9979.0,14769.0,47168.0,160229.0,71916.0,2.5284726933514245,2.0981109079829374,1.0,Jackson - MI USA
2013,"Flagstaff, AZ",9688.0,54322.0,72136.0,9688.0,21764.0,27238.0,136146.0,58690.0,2.6483589103458405,2.4959566256202903,1.0,Flagstaff - AZ USA
2020,"Ogden-Clearfield, UT",5098.0,125086.0,485809.0,5098.0,44679.0,149694.0,615993.0,199471.0,3.2453471749034697,2.79965979542962,1.0,Ogden - UT USA
2014,"Redding, CA",3301.0,66820.0,109654.0,3301.0,26305.0,42237.0,179775.0,71843.0,2.5961597651348343,2.5402014826078694,1.0,Redding - CA USA
2011,"Bremerton-Silverdale, WA",10647.0,82390.0,161743.0,10647.0,35221.0,65466.0,254780.0,111334.0,2.470641248892555,2.3392294369836177,1.0,Bremerton - WA USA
2006,"Youngstown-Warren-Boardman, OH-PA",17537.0,131936.0,437281.0,17537.0,61275.0,173271.0,586754.0,252083.0,2.5236825550726896,2.1531782945736433,1.0,Youngstown - OH USA
2012,"Glens Falls, NY",3426.0,31081.0,93213.0,3426.0,13715.0,38066.0,127720.0,55207.0,2.448720643093574,2.266204885162231,1.0,Glens Falls - NY USA
2014,"Dallas-Fort Worth-Arlington, TX",81701.0,2533029.0,4215174.0,81701.0,985489.0,1413375.0,6829904.0,2480565.0,2.982346511010878,2.5703270153192985,1.0,Dallas-Fort Worth - TX USA
2006,"Memphis, TN-MS-AR",29321.0,406340.0,837930.0,29321.0,163100.0,312812.0,1273591.0,505233.0,2.6787015843381967,2.491354996934396,1.0,Memphis - TN USA
2020,"Wenatchee, WA",1862.0,44020.0,74460.0,1862.0,18366.0,27093.0,120342.0,47321.0,2.748311371941092,2.396820211259937,1.0,
2020,"Decatur, AL",2380.0,38204.0,111655.0,2380.0,16496.0,44208.0,152239.0,63084.0,2.5256740861382556,2.3159553831231814,1.0,Decatur - AL USA
2019,"Clarksville, TN-KY",12325.0,116620.0,203988.0,12325.0,49509.0,73598.0,332933.0,135432.0,2.771651403570749,2.3555313175382255,1.0,Clarksville - TN USA
2018,"Daphne-Fairhope-Foley, AL",3704.0,52795.0,161964.0,3704.0,20581.0,62920.0,218463.0,87205.0,2.5741258741258743,2.5652300665662504,1.0,Daphne-Fairhope-Foley - AL USA
2007,"Kankakee, IL",4891.0,28802.0,76881.0,4891.0,11608.0,28914.0,110574.0,45413.0,2.658954139863042,2.481219848380427,1.0,Kankakee - IL USA
2017,"Spartanburg, SC",7488.0,87863.0,211386.0,7488.0,36110.0,79655.0,306737.0,123253.0,2.6537693804532045,2.4332040985876486,1.0,Spartanburg - SC USA
2006,"Cape Coral-Fort Myers, FL",6788.0,142187.0,422371.0,6788.0,61073.0,187056.0,571346.0,254917.0,2.2579922590026515,2.328148281564685,1.0,Fort Myers - FL USA
2008,"Vineland-Bridgeton, NJ",12166.0,42854.0,102110.0,12166.0,16288.0,35008.0,157130.0,63462.0,2.9167618829981716,2.6310166994106092,1.0,Vineland - NJ USA
2012,"Spartanburg, SC",6705.0,93514.0,187983.0,6705.0,35659.0,72910.0,288202.0,115274.0,2.57828830064463,2.622451555007151,1.0,Spartanburg - SC USA
2017,"San Jose-Sunnyvale-Santa Clara, CA",36495.0,799168.0,1103412.0,36495.0,273080.0,360730.0,1939075.0,670305.0,3.0588307044049565,2.9264977296030468,1.0,San Jose - CA USA
2017,"Allentown-Bethlehem-Easton, PA-NJ",24846.0,226287.0,590749.0,24846.0,97163.0,223828.0,841882.0,345837.0,2.639298925961006,2.328942087008429,1.0,Lehigh Valley - PA USA
2009,"Grand Junction, CO",3320.0,34047.0,105780.0,3320.0,14004.0,41174.0,143147.0,58498.0,2.569097002963035,2.4312339331619537,1.0,Grand Junction - CO USA
2008,"Joplin, MO",4644.0,55331.0,113090.0,4644.0,21440.0,43719.0,173065.0,69803.0,2.5867471808595806,2.5807369402985074,1.0,Joplin - MO USA
2022,"Albany, OR",1602.0,38962.0,77002.0,1602.0,16446.0,30517.0,117566.0,48565.0,2.5232493364354296,2.3690867080141067,1.0,
2019,"Lawrence, KS",8766.0,52284.0,61720.0,8766.0,25701.0,22807.0,122770.0,57274.0,2.70618669706669,2.034317730827594,1.0,
2022,"Salt Lake City, UT",16862.0,348222.0,962542.0,16862.0,149563.0,318317.0,1327626.0,484742.0,3.0238472968770127,2.3282630062248018,1.0,Salt Lake City - UT USA
2020,"Niles-Benton Harbor, MI",2805.0,33939.0,115762.0,2805.0,16628.0,46382.0,152506.0,65815.0,2.495838903022724,2.041075294683666,1.0,Niles-Benton Harbor - MI USA
2007,"St. Cloud, MN",10269.0,36526.0,138464.0,10269.0,19119.0,50715.0,185259.0,80103.0,2.730237602287292,1.91045556775982,1.0,St. Cloud - MN USA
2021,"Lake Havasu City-Kingman, AZ",1933.0,65045.0,170102.0,1933.0,29200.0,82507.0,237080.0,113640.0,2.0616674948792224,2.227568493150685,1.0,Lake Havasu - AZ USA
2018,"Phoenix-Mesa-Scottsdale, AZ",81135.0,1674927.0,3089652.0,81135.0,621013.0,1104991.0,4845714.0,1807139.0,2.7960879319379073,2.697088466747073,1.0,Phoenix - AZ USA
2021,"Lima, OH",4287.0,30515.0,66860.0,4287.0,14313.0,26708.0,101662.0,45308.0,2.5033697768458887,2.131977922168658,1.0,
2011,"Ann Arbor, MI",17343.0,114151.0,216384.0,17343.0,54363.0,80096.0,347878.0,151802.0,2.7015581302437077,2.0997921380350606,1.0,Ann Arbor - MI USA
2019,"Mobile, AL",6135.0,135178.0,271703.0,6135.0,57581.0,98365.0,413016.0,162081.0,2.76219183652722,2.34761466455949,1.0,Mobile - AL USA
2010,"Richmond, VA",35120.0,344528.0,761184.0,35120.0,140508.0,289805.0,1140832.0,465433.0,2.62653853453184,2.4520169670054375,1.0,Richmond - VA USA
2013,"Tampa-St. Petersburg-Clearwater, FL",48226.0,1021985.0,1801209.0,48226.0,416714.0,723210.0,2871420.0,1188150.0,2.4905753515576388,2.452485397658826,1.0,Tampa - FL USA
2023,"Detroit-Warren-Dearborn, MI",41918.0,1029248.0,3320516.0,41918.0,497563.0,1293241.0,4391682.0,1832722.0,2.5675925832849407,2.0685782503924126,1.0,Detroit - MI USA
2005,"Bakersfield, CA",0.0,262245.0,463913.0,,85570.0,145567.0,726158.0,,3.1869379735791767,3.064683884538974,,Bakersfield - CA USA
2021,"Iowa City, IA",6302.0,52726.0,95882.0,6302.0,24795.0,36506.0,154910.0,67603.0,2.6264723607078286,2.1264771123210324,1.0,Iowa City - IA USA
2020,"Mobile, AL",6840.0,143807.0,260838.0,6840.0,56211.0,94884.0,411485.0,157935.0,2.7490198558239536,2.5583426731422674,1.0,Mobile - AL USA
2013,"Dover, DE",4992.0,43883.0,120141.0,4992.0,16803.0,45251.0,169016.0,67046.0,2.6549910499215486,2.611616973159555,1.0,Dover - DE USA
2014,"Glens Falls, NY",4774.0,32515.0,90824.0,4774.0,13834.0,36103.0,128113.0,54711.0,2.5156912167963883,2.350368656932196,1.0,Glens Falls - NY USA
2010,"Bridgeport-Stamford-Norwalk, CT",21957.0,253894.0,642635.0,21957.0,101857.0,227235.0,918486.0,351049.0,2.8280634585341167,2.492651462344267,1.0,Stamford - CT USA
2012,"Oklahoma City, OK",33511.0,446056.0,887219.0,33511.0,183384.0,327681.0,1366786.0,544576.0,2.7075692518028203,2.4323605112768836,1.0,Oklahoma City - OK USA
2020,"Hickory-Lenoir-Morganton, NC",9049.0,91912.0,321600.0,9049.0,34913.0,125502.0,422561.0,169464.0,2.562508964000574,2.6326010368630595,1.0,Hickory - NC USA
2008,"Shreveport-Bossier City, LA",10993.0,137919.0,254708.0,10993.0,56448.0,100002.0,403620.0,167443.0,2.5470290594188114,2.4432929421768708,1.0,Shreveport - LA USA
2011,"Youngstown-Warren-Boardman, OH-PA",20130.0,148581.0,395095.0,20130.0,69189.0,162343.0,563806.0,251662.0,2.433705179773689,2.147465637601353,1.0,Youngstown - OH USA
2007,"Hartford-West Hartford-East Hartford, CT",45498.0,307250.0,836241.0,45498.0,140683.0,314623.0,1188989.0,500804.0,2.6579143927812017,2.183988115124073,1.0,Hartford - CT USA
2007,"Santa Rosa, CA",11305.0,171989.0,281266.0,11305.0,68129.0,110377.0,464560.0,189811.0,2.5482301566449532,2.5244609490818886,1.0,Santa Rosa - CA USA
2007,"Yuba City, CA",1648.0,66989.0,95575.0,1648.0,21799.0,33652.0,164212.0,57099.0,2.840098656840604,3.0730308729758247,1.0,Yuba City - CA USA
2022,"Santa Rosa, CA",11214.0,173573.0,297985.0,11214.0,73368.0,121331.0,482772.0,205913.0,2.455967559815711,2.365786173808745,1.0,Santa Rosa - CA USA
2011,"Knoxville, TN",21823.0,254492.0,648113.0,21823.0,113746.0,261017.0,924428.0,396586.0,2.483029840968213,2.2373709844741794,1.0,Knoxville - TN USA
2017,"Atlantic City-Hammonton, NJ",6243.0,81143.0,170600.0,6243.0,31922.0,60731.0,257986.0,98896.0,2.809109021751659,2.5419146670008144,1.0,Atlantic City - NJ USA
2020,"Jackson, MI",9336.0,35133.0,114981.0,9336.0,16830.0,43728.0,159450.0,69894.0,2.629459385290889,2.0875222816399286,1.0,Jackson - MI USA
2005,"Shreveport-Bossier City, LA",0.0,133870.0,254347.0,,51864.0,102159.0,388217.0,,2.4897170097592967,2.581173839271942,,Shreveport - LA USA
2013,"El Centro, CA",9702.0,77780.0,88982.0,9702.0,22007.0,25424.0,176464.0,57133.0,3.4999213341724356,3.534329985913573,1.0,El Centro - CA USA
2005,"Corpus Christi, TX",0.0,124834.0,253366.0,,50191.0,87240.0,378200.0,,2.9042411737734986,2.487178976310494,,Corpus Christi - TX USA
2012,"Hilton Head Island-Bluffton-Beaufort, SC",6492.0,56870.0,130617.0,6492.0,20400.0,52453.0,193979.0,79345.0,2.4901721541189255,2.7877450980392156,1.0,Hilton Head Island - SC USA
2013,"Sacramento--Roseville--Arden-Arcade, CA",37057.0,896183.0,1280850.0,37057.0,332326.0,460311.0,2214090.0,829694.0,2.7825752589010473,2.6966984226331974,1.0,Sacramento - CA USA
2008,"Yuma, AZ",4387.0,60771.0,128855.0,4387.0,21346.0,48025.0,194013.0,73758.0,2.683081728266528,2.846950248290078,1.0,Yuma - AZ USA
2023,"San Francisco-Oakland-Hayward, CA",102065.0,1811386.0,2653263.0,102065.0,786574.0,976888.0,4566714.0,1865527.0,2.716036024600568,2.302880593561445,1.0,San Francisco - CA USA
2009,"Bremerton-Silverdale, WA",3828.0,67711.0,169224.0,3828.0,25794.0,64961.0,240763.0,94583.0,2.605009159341759,2.625067845235326,1.0,Bremerton - WA USA
2017,"Lafayette, LA",8329.0,161325.0,372787.0,8329.0,63952.0,133794.0,542441.0,206075.0,2.786275916707775,2.5225950713034777,1.0,Lafayette - LA USA
2008,"Santa Fe, NM",2729.0,37750.0,126056.0,2729.0,17347.0,46016.0,166535.0,66092.0,2.739394993045897,2.1761687899925057,1.0,Santa Fe - NM USA
2016,"Des Moines-West Des Moines, IA",15604.0,181322.0,498359.0,15604.0,82157.0,187657.0,695285.0,285418.0,2.6556909680960477,2.2070182698978784,1.0,
2016,"San Jose-Sunnyvale-Santa Clara, CA",35277.0,792997.0,1090013.0,35277.0,276065.0,359623.0,1918287.0,670965.0,3.030988006884988,2.8725010414214043,1.0,San Jose - CA USA
2019,"Santa Cruz-Watsonville, CA",13724.0,106337.0,153292.0,13724.0,38702.0,59008.0,273353.0,111434.0,2.597817245119306,2.7475841041806626,1.0,Santa Cruz - CA USA
2010,"Fort Wayne, IN",4086.0,99280.0,252471.0,4086.0,40924.0,95284.0,355837.0,140294.0,2.649668359850552,2.425960316684586,1.0,Fort Wayne - IN USA
2014,"Burlington, NC",4354.0,44022.0,107360.0,4354.0,21272.0,41527.0,155736.0,67153.0,2.5853059455294147,2.0694810078977057,1.0,Burlington - NC USA
2008,"Colorado Springs, CO",16241.0,174560.0,405322.0,16241.0,72485.0,149163.0,596123.0,237889.0,2.71730925229447,2.408222390839484,1.0,Colorado Springs - CO USA
2018,"Gainesville, FL",14951.0,98854.0,156251.0,14951.0,38354.0,59429.0,270056.0,112734.0,2.6292045970822326,2.577410439589091,1.0,Gainesville - FL USA
2023,"Visalia-Porterville, CA",5905.0,183589.0,290348.0,5905.0,58092.0,87350.0,479842.0,151347.0,3.3239610761305096,3.160314673276871,1.0,Visalia - CA USA
2006,"Fayetteville-Springdale-Rogers, AR-MO",7919.0,126172.0,248626.0,7919.0,52979.0,94592.0,382717.0,155490.0,2.628404093369418,2.381547405575794,1.0,Northwest Arkansas - AR USA
2014,"Spokane-Spokane Valley, WA",17800.0,200144.0,374010.0,17800.0,82329.0,148147.0,591954.0,248276.0,2.524587065549758,2.4310267342005853,1.0,Spokane - WA USA
2023,"Lawrence, KS",7905.0,51274.0,61089.0,7905.0,25958.0,25055.0,120268.0,58918.0,2.4381959688684893,1.9752677401957008,1.0,
2015,"Providence-Warwick, RI-MA",56734.0,567868.0,1015098.0,56734.0,252671.0,381723.0,1639700.0,691128.0,2.6592529137620735,2.2474601359079593,1.0,Providence - RI USA
2018,"Lynchburg, VA",13051.0,76188.0,176658.0,13051.0,31225.0,72051.0,265897.0,116327.0,2.451846608652205,2.4399679743795035,1.0,Lynchburg - VA USA
2007,"Gulfport-Biloxi-Pascagoula, MS",7029.0,94125.0,204972.0,7029.0,37236.0,76744.0,306126.0,121009.0,2.6708537475242364,2.527795681598453,1.0,Gulfport-Biloxi-Pascagoula - MS USA
2023,"Erie, PA",13843.0,72715.0,181291.0,13843.0,34573.0,76545.0,267849.0,124961.0,2.368423802991704,2.1032308448789516,1.0,Erie - PA USA
2009,"Amarillo, TX",5368.0,76892.0,156046.0,5368.0,31537.0,53748.0,238306.0,90653.0,2.9032894247227805,2.4381520119225035,1.0,Amarillo - TX USA
2022,"Allentown-Bethlehem-Easton, PA-NJ",25786.0,232219.0,613961.0,25786.0,106120.0,231998.0,871966.0,363904.0,2.6464064345382288,2.188267998492273,1.0,Lehigh Valley - PA USA
2010,"Springfield, OH",1626.0,48260.0,83533.0,1626.0,19647.0,34171.0,133419.0,55444.0,2.444558251148635,2.4563546597444903,1.0,Springfield - OH USA
2009,"Greensboro-High Point, NC",24283.0,237252.0,514578.0,24283.0,102693.0,202106.0,776113.0,329082.0,2.546079779917469,2.310303526043645,1.0,Greensboro - NC USA
2021,"Racine, WI",5236.0,60887.0,130894.0,5236.0,27149.0,51919.0,197017.0,84304.0,2.521119436044608,2.242697705256179,1.0,Racine - WI USA
2013,"Bremerton-Silverdale, WA",7327.0,76687.0,170180.0,7327.0,31549.0,66304.0,254194.0,105180.0,2.5666626447876446,2.4307268059209486,1.0,Bremerton - WA USA
2013,"McAllen-Edinburg-Mission, TX",9981.0,248111.0,557848.0,9981.0,71352.0,152014.0,815940.0,233347.0,3.6697146315470945,3.477281645924431,1.0,McAllen - TX USA
2015,"Kankakee, IL",6421.0,33730.0,71370.0,6421.0,12690.0,26064.0,111521.0,45175.0,2.738259668508287,2.657998423955871,1.0,Kankakee - IL USA
2022,"Johnson City, TN",7967.0,62661.0,157860.0,7967.0,29733.0,66184.0,228488.0,103884.0,2.3851686208146985,2.1074563616184037,1.0,
2014,"Charleston-North Charleston, SC",16758.0,241033.0,469569.0,16758.0,100150.0,176361.0,727360.0,293269.0,2.6625444400973004,2.40671992011982,1.0,Charleston - SC USA
2022,"Pittsfield, MA",6072.0,30715.0,91304.0,6072.0,17419.0,40951.0,128091.0,64442.0,2.2295914629679374,1.7633044376829898,1.0,Pittsfield - MA USA
2016,"Winston-Salem, NC",12584.0,202956.0,427163.0,12584.0,82742.0,166623.0,642703.0,261949.0,2.5636496762151686,2.452877619588601,1.0,Winston-Salem - NC USA
2009,"Dayton, OH",23889.0,250957.0,522687.0,23889.0,114468.0,211472.0,797533.0,349829.0,2.4716605508057805,2.1923769088304157,1.0,Dayton - OH USA
2020,"Allentown-Bethlehem-Easton, PA-NJ",23137.0,224538.0,599500.0,23137.0,101747.0,238273.0,847175.0,363157.0,2.5160215383194906,2.206826736906248,1.0,Lehigh Valley - PA USA
2013,"Trenton, NJ",17566.0,123088.0,228520.0,17566.0,47438.0,84185.0,369174.0,149189.0,2.714497832155372,2.5947130992031706,1.0,Trenton - NJ USA
2021,"Homosassa Springs, FL",2927.0,26677.0,128667.0,2927.0,10932.0,57336.0,158271.0,71195.0,2.244087484303056,2.440267105744603,1.0,
2005,"Bloomington, IN",0.0,42192.0,64937.0,,21577.0,25508.0,107129.0,,2.5457503528304843,1.9554154887148352,,Bloomington - IN USA
2023,"Port St. Lucie, FL",6923.0,119776.0,409763.0,6923.0,46255.0,168647.0,536462.0,221825.0,2.4297082070834346,2.5894714084963786,1.0,Port St. Lucie - FL USA
2014,"Omaha-Council Bluffs, NE-IA",19770.0,300652.0,677858.0,19770.0,136754.0,249812.0,998280.0,406336.0,2.7134725313435704,2.1984877956037847,1.0,Omaha - NE USA
2010,"Eugene, OR",11131.0,132464.0,208400.0,11131.0,58858.0,86065.0,351995.0,156054.0,2.4214256666473015,2.2505691664684493,1.0,Eugene - OR USA
2021,"Allentown-Bethlehem-Easton, PA-NJ",22587.0,249713.0,593622.0,22587.0,105663.0,231621.0,865922.0,359871.0,2.5629023275091636,2.3632965181757095,1.0,Lehigh Valley - PA USA
2007,"Tampa-St. Petersburg-Clearwater, FL",58562.0,745654.0,1920062.0,58562.0,321628.0,789007.0,2724278.0,1169197.0,2.4335170663885113,2.3183740221622497,1.0,Tampa - FL USA
2023,"Louisville/Jefferson County, KY-IN",23866.0,334345.0,935672.0,23866.0,162396.0,372779.0,1293883.0,559041.0,2.5099911743955534,2.0588253405256287,1.0,Louisville - KY USA
2015,"Baton Rouge, LA",23778.0,243284.0,562473.0,23778.0,92388.0,208147.0,829535.0,324313.0,2.7022873257841815,2.6332857081006193,1.0,Baton Rouge - LA USA
2018,"Portland-Vancouver-Hillsboro, OR-WA",38967.0,856268.0,1604111.0,38967.0,364124.0,598230.0,2499346.0,1001321.0,2.6814285475486015,2.3515835264909755,1.0,Portland - OR USA
2010,"Santa Rosa, CA",7652.0,199092.0,277910.0,7652.0,75313.0,110398.0,484654.0,193363.0,2.5173463287378395,2.6435276778245456,1.0,Santa Rosa - CA USA
2021,"College Station-Bryan, TX",18255.0,102956.0,115667.0,18255.0,44419.0,41735.0,236878.0,104409.0,2.77146280100635,2.3178369616605505,1.0,College Station-Bryan - TX USA
2014,"Fort Wayne, IN",5431.0,95686.0,263976.0,5431.0,43351.0,95630.0,365093.0,144412.0,2.760388999268012,2.2072385873451594,1.0,Fort Wayne - IN USA
2023,"Monroe, LA",4884.0,52639.0,100276.0,4884.0,23291.0,39866.0,157799.0,68041.0,2.515326343249887,2.2600575329526427,1.0,Monroe - LA USA
2012,"Yuma, AZ",8412.0,63809.0,128104.0,8412.0,23710.0,47185.0,200325.0,79307.0,2.7149305923492637,2.691227330240405,1.0,Yuma - AZ USA
2011,"York-Hanover, PA",8856.0,102788.0,325015.0,8856.0,43595.0,124030.0,436659.0,176481.0,2.6204547286946704,2.3577933249225826,1.0,York - PA USA
2012,"Mansfield, OH",6996.0,36557.0,79001.0,6996.0,14520.0,34010.0,122554.0,55526.0,2.3228756248162306,2.5176997245179065,1.0,Mansfield - OH USA
2006,"Flagstaff, AZ",7635.0,45031.0,71886.0,7635.0,17217.0,25972.0,124552.0,50824.0,2.767826890497459,2.615496311784864,1.0,Flagstaff - AZ USA
2020,"San Diego-Carlsbad, CA",91424.0,1312347.0,1919529.0,91424.0,493831.0,654065.0,3323300.0,1239320.0,2.934767951197511,2.6574820130773484,1.0,San Diego - CA USA
2022,"Memphis, TN-MS-AR",17525.0,446127.0,750054.0,17525.0,187185.0,285894.0,1213706.0,490604.0,2.623538794098512,2.3833480246814647,1.0,Memphis - TN USA
2010,"Seattle-Tacoma-Bellevue, WA",66175.0,1195458.0,2187129.0,66175.0,530500.0,823264.0,3448762.0,1419939.0,2.6566557021805886,2.253455230914232,1.0,Seattle - WA USA
2016,"Lawrence, KS",8555.0,44841.0,66285.0,8555.0,23379.0,22193.0,119681.0,54127.0,2.9867525796422294,1.9180033363274733,1.0,
2005,"Elkhart-Goshen, IN",0.0,53236.0,139208.0,,20750.0,50304.0,192444.0,,2.767334605597964,2.5655903614457833,,Elkhart - IN USA
2018,"Rochester, NY",44525.0,290449.0,768895.0,44525.0,139673.0,303409.0,1103869.0,487607.0,2.534186527097087,2.0794928153615944,1.0,Rochester - NY USA
2020,"Bend-Redmond, OR",1430.0,56128.0,142147.0,1430.0,24540.0,59643.0,199705.0,85613.0,2.383297285515484,2.28720456397718,1.0,Bend - OR USA
2019,"Columbia, SC",35516.0,247172.0,556125.0,35516.0,100970.0,217028.0,838813.0,353514.0,2.562457378771403,2.447974645934436,1.0,
2007,"Harrisburg-Carlisle, PA",21579.0,129153.0,378035.0,21579.0,62447.0,151217.0,528767.0,235243.0,2.499950402401846,2.0682018351562124,1.0,Harrisburg - PA USA
2007,"Hammond, LA",1857.0,32753.0,80769.0,1857.0,13182.0,28187.0,115379.0,43226.0,2.865469897470465,2.48467607343347,1.0,Hammond - LA USA
2019,"Gulfport-Biloxi-Pascagoula, MS",6547.0,125742.0,219597.0,6547.0,47022.0,83929.0,351886.0,137498.0,2.616461532962385,2.674109991068011,1.0,Gulfport-Biloxi-Pascagoula - MS USA
2014,"Gadsden, AL",1575.0,30851.0,71346.0,1575.0,12362.0,27352.0,103772.0,41289.0,2.608438139806961,2.495631774793723,1.0,Gadsden - AL USA
2011,"Clarksville, TN-KY",10860.0,109855.0,165338.0,10860.0,42061.0,62122.0,286053.0,115043.0,2.661504780914974,2.6118019067544758,1.0,Clarksville - TN USA
2019,"Beaumont-Port Arthur, TX",17653.0,119492.0,256203.0,17653.0,46874.0,95261.0,393348.0,159788.0,2.689484678934716,2.5492170499637328,1.0,Beaumont - TX USA
2012,"Birmingham-Hoover, AL",23392.0,319386.0,783848.0,23392.0,133998.0,301915.0,1126626.0,459305.0,2.5962539125250483,2.3835131867639814,1.0,Birmingham - AL USA
2010,"Evansville, IN-KY",7012.0,67781.0,190717.0,7012.0,30664.0,76549.0,265510.0,114225.0,2.4914368574377197,2.2104422123662926,1.0,Evansville - IN USA
2016,"Columbia, MO",9150.0,76399.0,91066.0,9150.0,33134.0,35714.0,176615.0,77998.0,2.5498683989471917,2.3057584354439546,1.0,Columbia - MO USA
2018,"Asheville, NC",12421.0,148548.0,363894.0,12421.0,67807.0,151599.0,524863.0,231827.0,2.40037203411632,2.1907472679811817,1.0,
2010,"Flint, MI",7404.0,121468.0,366422.0,7404.0,54740.0,138932.0,495294.0,201076.0,2.6374197449111794,2.21899890390939,1.0,Flint - MI USA
2006,"Virginia Beach-Norfolk-Newport News, VA-NC",68029.0,511541.0,1038325.0,68029.0,213869.0,396248.0,1617895.0,678146.0,2.6203917748480747,2.391842670045682,1.0,Norfolk - VA USA
2010,"Sumter, SC",2819.0,37713.0,66912.0,2819.0,14238.0,24125.0,107444.0,41182.0,2.7735544041450777,2.648756847871892,1.0,Sumter - SC USA
2015,"Tuscaloosa, AL",12211.0,73508.0,137200.0,12211.0,28441.0,49851.0,222919.0,90503.0,2.752201560650739,2.584578601315003,1.0,
2005,"Palm Bay-Melbourne-Titusville, FL",0.0,121121.0,399323.0,,56030.0,161283.0,520444.0,,2.475915006541297,2.1617169373549885,,Melbourne - FL USA
2014,"San Angelo, TX",6555.0,40246.0,70539.0,6555.0,17151.0,25350.0,117340.0,49056.0,2.782603550295858,2.346568713194566,1.0,San Angelo - TX USA
2022,"Youngstown-Warren-Boardman, OH-PA",17767.0,135168.0,384011.0,17767.0,67989.0,161697.0,536946.0,247453.0,2.374880177121406,1.9880863080792481,1.0,Youngstown - OH USA
2012,"Chicago-Naperville-Elgin, IL-IN-WI",152270.0,3022502.0,6302088.0,152270.0,1193711.0,2214965.0,9476860.0,3560946.0,2.845231414491877,2.5320215697099213,1.0,Chicago - IL USA
2019,"Glens Falls, NY",4324.0,29837.0,91191.0,4324.0,14124.0,39561.0,125352.0,58009.0,2.3050731781299767,2.1125035400736336,1.0,Glens Falls - NY USA
2012,"Muncie, IN",8382.0,39587.0,69180.0,8382.0,18127.0,28446.0,117149.0,54955.0,2.4319763762919213,2.183869366138909,1.0,Muncie - IN USA
2007,"Bangor, ME",8784.0,33893.0,126704.0,8784.0,18910.0,51976.0,169381.0,79670.0,2.43774049561336,1.7923320994182972,1.0,Bangor - ME USA
2006,"Visalia-Porterville, CA",6439.0,169331.0,243927.0,6439.0,48821.0,73331.0,419697.0,128591.0,3.326383112189933,3.4684049896560905,1.0,Visalia - CA USA
2016,"Yakima, WA",3082.0,93975.0,152324.0,3082.0,30671.0,50411.0,249381.0,84164.0,3.0216421019221995,3.063969221740406,1.0,Yakima - WA USA
2006,"Joplin, MO",3584.0,47460.0,117505.0,3584.0,19612.0,44241.0,168549.0,67437.0,2.656020433534504,2.4199469712420965,1.0,Joplin - MO USA
2016,"Youngstown-Warren-Boardman, OH-PA",19064.0,152492.0,374492.0,19064.0,69546.0,158882.0,546048.0,247492.0,2.357044850895633,2.1926782273603083,1.0,Youngstown - OH USA
2007,"Washington-Arlington-Alexandria, DC-VA-MD-WV",95282.0,1480782.0,3665718.0,95282.0,628231.0,1308959.0,5241782.0,2032472.0,2.8004834376019416,2.357066111032407,1.0,Washington - DC USA
2005,"Richmond, VA",0.0,297378.0,727317.0,,127604.0,283099.0,1024695.0,,2.5691259947933407,2.3304755336823297,,Richmond - VA USA
2015,"Winston-Salem, NC",12544.0,216627.0,411425.0,12544.0,87071.0,164197.0,640596.0,263812.0,2.5056791536995195,2.487935133396883,1.0,Winston-Salem - NC USA
2021,"Rocky Mount, NC",2284.0,50276.0,90906.0,2284.0,20348.0,36492.0,143466.0,59124.0,2.491121341663926,2.4708079418124633,1.0,Rocky Mount - NC USA
2010,"Anniston-Oxford-Jacksonville, AL",2729.0,38277.0,77551.0,2729.0,15286.0,30575.0,118557.0,48590.0,2.5364186426819297,2.5040559989532905,1.0,Anniston-Oxford - AL USA
2021,"Michigan City-La Porte, IN",8220.0,27208.0,77064.0,8220.0,11829.0,31616.0,112492.0,51665.0,2.4375,2.3001098993997804,1.0,Michigan City-La Porte - IN USA
2020,"Albany-Schenectady-Troy, NY",31715.0,239539.0,565775.0,31715.0,135226.0,227730.0,837029.0,394671.0,2.484411364334958,1.771397512312721,1.0,Albany - NY USA
2022,"Montgomery, AL",14613.0,126635.0,293971.0,14613.0,54683.0,117906.0,435219.0,187202.0,2.493265821925941,2.3158019859919903,1.0,Montgomery - AL USA
2018,"Naples-Immokalee-Marco Island, FL",4316.0,106189.0,268388.0,4316.0,37125.0,107045.0,378893.0,148486.0,2.507244616749965,2.8603097643097644,1.0,Naples - FL USA
2010,"Olympia-Tumwater, WA",4941.0,77728.0,170284.0,4941.0,34013.0,65855.0,252953.0,104809.0,2.585741401564042,2.2852438773410166,1.0,Olympia - WA USA
2017,"State College, PA",18835.0,49626.0,93931.0,18835.0,22038.0,36591.0,162392.0,77464.0,2.5670520073242056,2.2518377348216716,1.0,State College - PA USA
2012,"San Antonio-New Braunfels, TX",44332.0,759773.0,1370776.0,44332.0,285688.0,457851.0,2174881.0,787871.0,2.993934708016363,2.659450169415586,1.0,San Antonio - TX USA
2016,"Springfield, IL",4167.0,48620.0,144695.0,4167.0,24093.0,58866.0,197482.0,87126.0,2.458040294907077,2.018013530901092,1.0,Springfield - IL USA
2016,"Chico, CA",7095.0,94438.0,125646.0,7095.0,35116.0,50415.0,227179.0,92626.0,2.4922344540315384,2.689315411778107,1.0,Chico - CA USA
2020,"Dallas-Fort Worth-Arlington, TX",82797.0,2612568.0,4883091.0,82797.0,1090028.0,1598509.0,7578456.0,2771334.0,3.05477854675826,2.3967898072343097,1.0,Dallas-Fort Worth - TX USA
2018,"St. Joseph, MO-KS",6549.0,34502.0,77000.0,6549.0,14385.0,29345.0,118051.0,50279.0,2.6239563809848354,2.3984706291275635,1.0,
2008,"Salt Lake City, UT",14551.0,277866.0,729861.0,14551.0,102309.0,232047.0,1022278.0,348907.0,3.145315388692808,2.715948743512301,1.0,Salt Lake City - UT USA
2007,"Farmington, NM",1313.0,36129.0,84949.0,1313.0,10720.0,28776.0,122391.0,40809.0,2.952078120656102,3.370242537313433,1.0,Farmington - NM USA
2005,"Valdosta, GA",0.0,41827.0,70477.0,,17631.0,27244.0,112304.0,,2.5868815151960063,2.3723555101809315,,Valdosta - GA USA
2011,"Erie, PA",12369.0,79383.0,189086.0,12369.0,36962.0,72176.0,280838.0,121507.0,2.6197905120815785,2.147692224446729,1.0,Erie - PA USA
2012,"Houston-The Woodlands-Sugar Land, TX",68142.0,2157728.0,3878495.0,68142.0,801655.0,1264399.0,6104365.0,2134196.0,3.0674612997953967,2.6915917695267915,1.0,Houston - TX USA
2014,"Racine, WI",5257.0,53193.0,137257.0,5257.0,23251.0,52625.0,195707.0,81133.0,2.608209026128266,2.287772568921767,1.0,Racine - WI USA
2021,"Bangor, ME",7139.0,35457.0,110431.0,7139.0,19334.0,46108.0,153027.0,72581.0,2.395050750412076,1.8339195200165512,1.0,Bangor - ME USA
2008,"Pittsburgh, PA",73208.0,551558.0,1680670.0,73208.0,280184.0,684587.0,2305436.0,1037979.0,2.4550130224500317,1.9685563772378152,1.0,Pittsburgh - PA USA
2005,"Huntsville, AL",0.0,91930.0,269701.0,,43972.0,103434.0,361631.0,,2.607469497457316,2.0906485945601747,,Huntsville - AL USA
2006,"Modesto, CA",6221.0,168849.0,337190.0,6221.0,57676.0,102753.0,512260.0,166650.0,3.281558689284011,2.927543518968028,1.0,Modesto - CA USA
2019,"Virginia Beach-Norfolk-Newport News, VA-NC",68276.0,604428.0,999909.0,68276.0,255346.0,382725.0,1672613.0,706347.0,2.6126043503821283,2.3670940606079593,1.0,Norfolk - VA USA
2023,"New Orleans-Metairie, LA",21005.0,366137.0,849226.0,21005.0,167896.0,337461.0,1236368.0,526362.0,2.5165159825876176,2.180736884738171,1.0,New Orleans - LA USA
2006,"Harrisburg-Carlisle, PA",19033.0,135713.0,370873.0,19033.0,65480.0,145617.0,525619.0,230130.0,2.5469072979116447,2.0725870494807577,1.0,Harrisburg - PA USA
2006,"Bellingham, WA",5295.0,62577.0,117820.0,5295.0,28289.0,46506.0,185692.0,80090.0,2.5334365458220445,2.2120612252112126,1.0,Bellingham - WA USA
2019,"San Luis Obispo-Paso Robles-Arroyo Grande, CA",15673.0,102029.0,165421.0,15673.0,40118.0,66395.0,283123.0,122186.0,2.4914677310038407,2.543222493643751,1.0,San Luis Obispo - CA USA
2013,"Santa Fe, NM",2907.0,40256.0,104313.0,2907.0,17452.0,42953.0,147476.0,63312.0,2.428538169627267,2.306669722667889,1.0,Santa Fe - NM USA
2011,"Monroe, MI",1210.0,30060.0,120260.0,1210.0,11237.0,46254.0,151530.0,58701.0,2.599991352099278,2.675091216516864,1.0,Monroe - MI USA
2009,"Columbia, MO",8856.0,55743.0,91721.0,8856.0,27813.0,38080.0,156320.0,74749.0,2.408639705882353,2.0042066659475783,1.0,Columbia - MO USA
2023,"Santa Rosa, CA",10728.0,160438.0,310489.0,10728.0,68106.0,124660.0,481655.0,203494.0,2.4906866677362425,2.355710216427334,1.0,Santa Rosa - CA USA
2015,"Lansing-East Lansing, MI",20253.0,148592.0,303360.0,20253.0,66257.0,117631.0,472205.0,204141.0,2.5789120214909333,2.2426611527838567,1.0,Lansing - MI USA
2009,"Naples-Immokalee-Marco Island, FL",2758.0,85615.0,230255.0,2758.0,26192.0,87186.0,318628.0,116136.0,2.6409629986465717,3.2687461820403176,1.0,Naples - FL USA
2023,"Yuba City, CA",2310.0,65526.0,115630.0,2310.0,22147.0,40430.0,183466.0,64887.0,2.8600049468216673,2.9586851492301443,1.0,Yuba City - CA USA
2014,"Laredo, TX",3606.0,100057.0,163036.0,3606.0,27316.0,43102.0,266699.0,74024.0,3.7825622940930814,3.6629447942597744,1.0,Laredo - TX USA
2015,"Muskegon, MI",7135.0,36676.0,129397.0,7135.0,15826.0,47389.0,173208.0,70350.0,2.7305281816455294,2.3174522936939215,1.0,Muskegon - MI USA
2014,"Kalamazoo-Portage, MI",9857.0,109918.0,265212.0,9857.0,49369.0,99946.0,384987.0,159172.0,2.653552918576031,2.2264578986813586,1.0,Kalamazoo - MI USA
2014,"Muncie, IN",7762.0,35319.0,74462.0,7762.0,15517.0,29690.0,117543.0,52969.0,2.507982485685416,2.2761487400915126,1.0,Muncie - IN USA
2008,"Rocky Mount, NC",3609.0,44827.0,97887.0,3609.0,21294.0,38126.0,146323.0,63029.0,2.5674605256255574,2.1051469897623742,1.0,Rocky Mount - NC USA
2013,"Fort Collins, CO",9474.0,106568.0,200398.0,9474.0,43970.0,79906.0,316440.0,133350.0,2.5079218081245465,2.423652490334319,1.0,Fort Collins - CO USA
2017,"Springfield, MA",21771.0,204496.0,353159.0,21771.0,86637.0,136278.0,579426.0,244686.0,2.591460103611735,2.3603772060436072,1.0,Springfield - MA USA
2015,"Santa Rosa, CA",8876.0,208459.0,284856.0,8876.0,77114.0,113548.0,502191.0,199538.0,2.508683552330292,2.703257514848147,1.0,Santa Rosa - CA USA
2006,"Palm Bay-Melbourne-Titusville, FL",5678.0,107705.0,420942.0,5678.0,49045.0,171541.0,534325.0,226264.0,2.453885659987991,2.1960444489754307,1.0,Melbourne - FL USA
2020,"El Centro, CA",10061.0,78263.0,93294.0,10061.0,22863.0,25950.0,181618.0,58874.0,3.5951445086705203,3.423129073174999,1.0,El Centro - CA USA
2009,"Rocky Mount, NC",2683.0,58789.0,85219.0,2683.0,23517.0,36948.0,146691.0,63148.0,2.306457724369384,2.4998511714929625,1.0,Rocky Mount - NC USA
2016,"Kankakee, IL",5615.0,31570.0,72821.0,5615.0,11696.0,27618.0,110006.0,44929.0,2.6367224274024186,2.6992134062927495,1.0,Kankakee - IL USA
2008,"Seattle-Tacoma-Bellevue, WA",72344.0,1077272.0,2194270.0,72344.0,492178.0,849503.0,3343886.0,1414025.0,2.5830044155229586,2.188785358142786,1.0,Seattle - WA USA
2013,"Burlington, NC",3841.0,47404.0,102350.0,3841.0,20123.0,39008.0,153595.0,62972.0,2.623820754716981,2.3557123689310737,1.0,Burlington - NC USA
2010,"Racine, WI",5420.0,53978.0,136025.0,5420.0,23601.0,51207.0,195423.0,80228.0,2.6563751049661177,2.287106478539045,1.0,Racine - WI USA
2017,"Trenton, NJ",15206.0,130363.0,228508.0,15206.0,47676.0,81082.0,374077.0,143964.0,2.818233393354875,2.734352714153872,1.0,Trenton - NJ USA
2014,"Ocean City, NJ",2342.0,27709.0,75202.0,2342.0,12065.0,33009.0,105253.0,47416.0,2.2782271501711655,2.2966431827600498,1.0,Ocean City - NJ USA
2023,"Lafayette-West Lafayette, IN",15460.0,67428.0,105392.0,15460.0,33846.0,42394.0,188280.0,91700.0,2.486012171533708,1.9921999645452935,1.0,
2005,"St. Cloud, MN",0.0,38324.0,127672.0,,19174.0,47465.0,165996.0,,2.6898135468239754,1.9987483049963493,,St. Cloud - MN USA
2009,"Columbus, OH",44690.0,589808.0,1133063.0,44690.0,251543.0,428787.0,1767561.0,725020.0,2.6424844969646935,2.344760140413369,1.0,Columbus - OH USA
2013,"Dallas-Fort Worth-Arlington, TX",80427.0,2473710.0,4132369.0,80427.0,959717.0,1401369.0,6686506.0,2441513.0,2.9488086292760864,2.5775410876331253,1.0,Dallas-Fort Worth - TX USA
2016,"Bend-Redmond, OR",1353.0,56890.0,123107.0,1353.0,23720.0,47542.0,181350.0,72615.0,2.589436708594506,2.398397976391231,1.0,Bend - OR USA
2011,"Jacksonville, FL",20749.0,415737.0,895343.0,20749.0,162775.0,338058.0,1331829.0,521582.0,2.64848931248484,2.554059284288128,1.0,Jacksonville - FL USA
2015,"Lincoln, NE",13443.0,110614.0,182445.0,13443.0,50915.0,69754.0,306502.0,134112.0,2.615548929093672,2.172522832171266,1.0,Lincoln - NE USA
2022,"Ogden-Clearfield, UT",6240.0,133781.0,499523.0,6240.0,51519.0,160290.0,639544.0,218049.0,3.116370328779088,2.5967313030144217,1.0,Ogden - UT USA
2021,"Dover, DE",4090.0,42716.0,136753.0,4090.0,18497.0,51670.0,183559.0,74257.0,2.646661505709309,2.309347461750554,1.0,Dover - DE USA
2010,"Joplin, MO",3198.0,46795.0,126010.0,3198.0,20053.0,46282.0,176003.0,69533.0,2.722656756406378,2.333566049967586,1.0,Joplin - MO USA
2016,"Saginaw, MI",5798.0,46926.0,139149.0,5798.0,22387.0,56107.0,191873.0,84292.0,2.480064876040423,2.0961272166882567,1.0,Saginaw - MI USA
2011,"Glens Falls, NY",3891.0,32151.0,92771.0,3891.0,15137.0,37021.0,128813.0,56049.0,2.5059020555900706,2.1240007927594635,1.0,Glens Falls - NY USA
2022,"Flagstaff, AZ",12307.0,51645.0,80399.0,12307.0,22802.0,31186.0,144351.0,66295.0,2.578047841980376,2.2649329006227523,1.0,Flagstaff - AZ USA
2018,"Boston-Cambridge-Newton, MA-NH",169638.0,1621989.0,3142662.0,169638.0,723541.0,1141461.0,4934289.0,2034640.0,2.753192618933104,2.241737510382964,1.0,Boston - MA USA
2007,"Deltona-Daytona Beach-Ormond Beach, FL",17925.0,151541.0,492823.0,17925.0,62470.0,204157.0,662289.0,284552.0,2.413941231503206,2.4258203937890186,1.0,Daytona Beach - FL USA
2010,"Decatur, IL",3387.0,31516.0,75796.0,3387.0,15079.0,30545.0,110699.0,49011.0,2.4814535930594204,2.090059022481597,1.0,Decatur - IL USA
2015,"Fort Collins, CO",9456.0,107845.0,216512.0,9456.0,46388.0,82822.0,333813.0,138666.0,2.614184636932216,2.324846943174959,1.0,Fort Collins - CO USA
2022,"Colorado Springs, CO",21997.0,236005.0,507468.0,21997.0,106589.0,199575.0,765470.0,328161.0,2.5427433295753477,2.214159059565246,1.0,Colorado Springs - CO USA
2012,"San Angelo, TX",6023.0,42115.0,64758.0,6023.0,17697.0,24820.0,112896.0,48540.0,2.609105560032232,2.3797818839351303,1.0,San Angelo - TX USA
2007,"Houma-Thibodaux, LA",2005.0,51404.0,171383.0,2005.0,20687.0,60204.0,224792.0,82896.0,2.846704537904458,2.4848455551795814,1.0,Houma-Thibodaux - LA USA
2021,"Baton Rouge, LA",25827.0,245682.0,579666.0,25827.0,103155.0,217504.0,851175.0,346486.0,2.665082021480065,2.381678057292424,1.0,Baton Rouge - LA USA
2012,"Baton Rouge, LA",22624.0,242084.0,551804.0,22624.0,94005.0,204685.0,816512.0,321314.0,2.6958692625253438,2.5752247220892506,1.0,Baton Rouge - LA USA
2023,"Coeur d'Alene, ID",1857.0,42640.0,135908.0,1857.0,19783.0,52428.0,180405.0,74068.0,2.5922789349202717,2.155385937421018,1.0,
2012,"Pittsburgh, PA",68137.0,585617.0,1659014.0,68137.0,298409.0,671195.0,2312768.0,1037741.0,2.4717317620065704,1.9624642688390765,1.0,Pittsburgh - PA USA
2007,"Altoona, PA",3578.0,32797.0,89270.0,3578.0,14908.0,36323.0,125645.0,54809.0,2.4576714478429644,2.19995975315267,1.0,Altoona - PA USA
2013,"State College, PA",16195.0,49655.0,89484.0,16195.0,21423.0,35307.0,155334.0,72925.0,2.534454923952757,2.3178359706857115,1.0,State College - PA USA
2014,"North Port-Sarasota-Bradenton, FL",9251.0,230959.0,507589.0,9251.0,93968.0,219607.0,747799.0,322826.0,2.311351641796482,2.457847352290141,1.0,Sarasota - FL USA
2014,"Fayetteville, NC",10768.0,153667.0,161621.0,10768.0,59837.0,62521.0,326056.0,133126.0,2.585067417347771,2.568093320186507,1.0,Fayetteville - NC USA
2015,"San Francisco-Oakland-Hayward, CA",77812.0,1987894.0,2590493.0,77812.0,782583.0,907320.0,4656199.0,1767715.0,2.8551040426751313,2.540170180032022,1.0,San Francisco - CA USA
2009,"Tucson, AZ",21609.0,333492.0,663934.0,21609.0,125697.0,242291.0,1019035.0,389597.0,2.7402338510303728,2.6531420797632403,1.0,Tucson - AZ USA
2008,"Erie, PA",14869.0,71648.0,192698.0,14869.0,31565.0,74869.0,279215.0,121303.0,2.5738022412480466,2.2698558530017423,1.0,Erie - PA USA
2022,"Columbia, SC",28277.0,209901.0,556136.0,28277.0,96404.0,222160.0,794314.0,346841.0,2.5033129276197337,2.1773059209161447,1.0,
2018,"Greenville-Anderson-Mauldin, SC",23726.0,277552.0,684069.0,23726.0,115304.0,260974.0,985347.0,400004.0,2.6212151402055377,2.4071324498716438,1.0,Greenville - SC USA
2020,"Akron, OH",16591.0,182027.0,489205.0,16591.0,90665.0,199447.0,687823.0,306703.0,2.4528070113864837,2.007687641316936,1.0,Akron - OH USA
2013,"Lynchburg, VA",13174.0,69507.0,178349.0,13174.0,29861.0,72459.0,261030.0,115494.0,2.4613781586828414,2.3276849402230333,1.0,Lynchburg - VA USA
2016,"Beaumont-Port Arthur, TX",19356.0,126555.0,250850.0,19356.0,52397.0,95548.0,396761.0,167301.0,2.6253820069493865,2.41531003683417,1.0,Beaumont - TX USA
2012,"Fort Collins, CO",8700.0,100781.0,200792.0,8700.0,45296.0,78736.0,310273.0,132732.0,2.5501930501930503,2.224942599788061,1.0,Fort Collins - CO USA
2020,"Urban Honolulu, HI",35249.0,323173.0,607794.0,35249.0,127892.0,200839.0,966216.0,363980.0,3.026274777309188,2.5269211522221875,1.0,Honolulu - HI USA
2018,"Las Vegas-Henderson-Paradise, NV",22411.0,963502.0,1245954.0,22411.0,369317.0,439290.0,2231867.0,831018.0,2.8362903776548523,2.608875302247121,1.0,Las Vegas - NV USA
2009,"Las Cruces, NM",8328.0,68135.0,130028.0,8328.0,24459.0,46784.0,206491.0,79571.0,2.779326265389877,2.7856821619853633,1.0,Las Cruces - NM USA
2015,"Binghamton, NY",10064.0,67299.0,154659.0,10064.0,30748.0,61343.0,232022.0,102155.0,2.5212167647490342,2.1887277221282684,1.0,Binghamton - NY USA
2005,"San Luis Obispo-Paso Robles-Arroyo Grande, CA",0.0,89995.0,151518.0,,38858.0,63912.0,241513.0,,2.3707285016898236,2.3159967059550155,,San Luis Obispo - CA USA
2011,"Kansas City, MO-KS",22510.0,551946.0,1304894.0,22510.0,242408.0,489653.0,1879350.0,754571.0,2.6649361895056294,2.2769298042968877,1.0,Kansas City - MO USA
2015,"Decatur, AL",2291.0,40174.0,110253.0,2291.0,16445.0,44251.0,152718.0,62987.0,2.491536914420013,2.4429309820614167,1.0,Decatur - AL USA
2017,"Gainesville, GA",2051.0,61435.0,136217.0,2051.0,19110.0,43054.0,199703.0,64215.0,3.1638639847633203,3.214809000523286,1.0,Gainesville - GA USA
2011,"Deltona-Daytona Beach-Ormond Beach, FL",13444.0,178056.0,475108.0,13444.0,67599.0,185264.0,666608.0,266307.0,2.5644917523102166,2.6340034615896686,1.0,Daytona Beach - FL USA
2023,"Ann Arbor, MI",18527.0,112981.0,234520.0,18527.0,57335.0,92044.0,366028.0,167906.0,2.54791186823693,1.9705415540245923,1.0,Ann Arbor - MI USA
2010,"East Stroudsburg, PA",4660.0,28039.0,137548.0,4660.0,10169.0,48065.0,170247.0,62894.0,2.861708103609695,2.7573016029108075,1.0,East Stroudsburg - PA USA
2010,"Chicago-Naperville-Elgin, IL-IN-WI",149857.0,2892381.0,6420946.0,149857.0,1150468.0,2261581.0,9463184.0,3561906.0,2.839140406644732,2.514090787401301,1.0,Chicago - IL USA
2006,"Dayton, OH",24934.0,235422.0,538871.0,24934.0,105971.0,219032.0,799227.0,349937.0,2.4602386865846086,2.221570052184088,1.0,Dayton - OH USA
2022,"San Jose-Sunnyvale-Santa Clara, CA",41853.0,780343.0,1049547.0,41853.0,299256.0,357221.0,1871743.0,698330.0,2.9380887461823355,2.607610206645815,1.0,San Jose - CA USA
2020,"Gainesville, GA",1643.0,62117.0,144227.0,1643.0,21431.0,48437.0,207987.0,71511.0,2.9776204141462106,2.8984648406513926,1.0,Gainesville - GA USA
2022,"Bismarck, ND",4677.0,30467.0,97679.0,4677.0,15309.0,40531.0,132823.0,60517.0,2.4099824825442253,1.9901365210007185,1.0,
2010,"Glens Falls, NY",5248.0,29111.0,94560.0,5248.0,15465.0,37509.0,128919.0,58222.0,2.52099496120931,1.8823795667636598,1.0,Glens Falls - NY USA
2017,"Topeka, KS",5525.0,62846.0,155599.0,5525.0,30624.0,61963.0,223970.0,98112.0,2.5111598857382633,2.0521812957157786,1.0,
2011,"Wichita, KS",10019.0,172905.0,418975.0,10019.0,75530.0,152808.0,601899.0,238357.0,2.7418394324904454,2.289222825367404,1.0,Wichita - KS USA
2019,"Rochester, NY",43391.0,311913.0,748560.0,43391.0,151256.0,298511.0,1103864.0,493158.0,2.50764628439153,2.0621529063309887,1.0,Rochester - NY USA
2005,"Lansing-East Lansing, MI",0.0,119672.0,317002.0,,55661.0,121661.0,436674.0,,2.6056172479266158,2.1500152710156124,,Lansing - MI USA
2009,"Pensacola-Ferry Pass-Brent, FL",25202.0,132161.0,298582.0,25202.0,53817.0,113154.0,455945.0,192173.0,2.638722449051735,2.4557481836594386,1.0,Pensacola - FL USA
2007,"Champaign-Urbana, IL",16816.0,70854.0,102636.0,16816.0,33808.0,43047.0,190306.0,93671.0,2.384277650010454,2.095776147657359,1.0,Champaign-Urbana - IL USA
2010,"Beaumont-Port Arthur, TX",18151.0,113134.0,257564.0,18151.0,44743.0,95613.0,388849.0,158507.0,2.693817786284292,2.5285296023959054,1.0,Beaumont - TX USA
2011,"Flagstaff, AZ",9341.0,48517.0,76823.0,9341.0,17064.0,27762.0,134681.0,54167.0,2.7671997694690584,2.8432372245663387,1.0,Flagstaff - AZ USA
2017,"Hanford-Corcoran, CA",12323.0,64347.0,72881.0,12323.0,18983.0,24046.0,149551.0,55352.0,3.030899110039092,3.389717115313702,1.0,Hanford-Corcoran - CA USA
2011,"Eugene, OR",7840.0,152900.0,193042.0,7840.0,63639.0,82143.0,353782.0,153622.0,2.3500724346566355,2.402614748817549,1.0,Eugene - OR USA
2009,"Gainesville, GA",4340.0,57593.0,126029.0,4340.0,17369.0,42652.0,187962.0,64361.0,2.9548204070149113,3.315850077724682,1.0,Gainesville - GA USA
2008,"Spartanburg, SC",7957.0,84752.0,187712.0,7957.0,34177.0,72671.0,280421.0,114805.0,2.5830386261369735,2.4797963542733417,1.0,Spartanburg - SC USA
2012,"Champaign-Urbana, IL",16415.0,75935.0,110982.0,16415.0,36348.0,43702.0,203332.0,96465.0,2.539517642213171,2.0891108176515902,1.0,Champaign-Urbana - IL USA
2006,"Redding, CA",2823.0,64041.0,113121.0,2823.0,23806.0,44579.0,179985.0,71208.0,2.537540097355257,2.6901201377803914,1.0,Redding - CA USA
2012,"Kalamazoo-Portage, MI",10319.0,97752.0,275042.0,10319.0,42767.0,105389.0,383113.0,158475.0,2.609779009194508,2.285687562840508,1.0,Kalamazoo - MI USA
2010,"Blacksburg-Christiansburg-Radford, VA",17545.0,49794.0,109781.0,17545.0,22686.0,45667.0,177120.0,85898.0,2.403945956598857,2.1949219783126157,1.0,Blacksburg - VA USA
2005,"Napa, CA",0.0,40743.0,87052.0,,15878.0,32673.0,127795.0,,2.6643405870290455,2.566003274971659,,Napa - CA USA
2008,"York-Hanover, PA",9543.0,93140.0,321506.0,9543.0,40830.0,124846.0,424189.0,175219.0,2.575220671867741,2.281165809453833,1.0,York - PA USA
2014,"Little Rock-North Little Rock-Conway, AR",13426.0,238995.0,448863.0,13426.0,97926.0,165175.0,701284.0,276527.0,2.7174996216134404,2.4405673671956376,1.0,Little Rock - AR USA
2010,"Naples-Immokalee-Marco Island, FL",842.0,98173.0,223384.0,842.0,30110.0,88150.0,322399.0,119102.0,2.534134997163925,3.2604782464297575,1.0,Naples - FL USA
2006,"Altoona, PA",4175.0,25129.0,97221.0,4175.0,13200.0,37328.0,126525.0,54703.0,2.604506000857265,1.9037121212121213,1.0,Altoona - PA USA
2014,"La Crosse-Onalaska, WI-MN",5505.0,33226.0,79335.0,5505.0,15888.0,30958.0,118066.0,52351.0,2.562665546869953,2.0912638469284994,1.0,La Crosse-Onalaska - WI USA
2009,"Montgomery, AL",17288.0,103486.0,233446.0,17288.0,41806.0,90311.0,354220.0,149405.0,2.5849121369489874,2.4753863081854277,1.0,Montgomery - AL USA
2022,"Anchorage, AK",11496.0,121540.0,328614.0,11496.0,54909.0,120086.0,461650.0,186491.0,2.736488849657745,2.213480485894844,1.0,Anchorage - AK USA
2023,"Richmond, VA",43059.0,397167.0,913118.0,43059.0,176892.0,359076.0,1353344.0,579027.0,2.5429658345308512,2.2452513398005562,1.0,Richmond - VA USA
2005,"Manchester-Nashua, NH",0.0,92951.0,241855.0,,42071.0,86193.0,334806.0,,2.8059703224159733,2.2093841363409474,,Manchester - NH USA
2023,"Birmingham-Hoover, AL",29707.0,284236.0,847665.0,29707.0,134714.0,327852.0,1161608.0,492273.0,2.585511145272867,2.1099217601734046,1.0,Birmingham - AL USA
2005,"Kansas City, MO-KS",0.0,464211.0,1289022.0,,212197.0,483899.0,1753233.0,,2.663824475768704,2.187641672596691,,Kansas City - MO USA
2023,"Youngstown-Warren-Boardman, OH-PA",15890.0,142102.0,375615.0,15890.0,70071.0,164274.0,533607.0,250235.0,2.2865152123890575,2.027971628776527,1.0,Youngstown - OH USA
2017,"Orlando-Kissimmee-Sanford, FL",42275.0,944768.0,1477718.0,42275.0,338210.0,513544.0,2464761.0,894029.0,2.8774905363513157,2.793436030868395,1.0,Orlando - FL USA
2010,"Tallahassee, FL",17779.0,127898.0,176700.0,17779.0,53990.0,71608.0,322377.0,143377.0,2.467601385320076,2.3689201704019265,1.0,Tallahassee - FL USA
2019,"Pueblo, CO",3858.0,49689.0,106876.0,3858.0,21063.0,41832.0,160423.0,66753.0,2.5548862115127173,2.35906566016237,1.0,Pueblo - CO USA
2014,"Ann Arbor, MI",18897.0,123363.0,214676.0,18897.0,54926.0,82314.0,356936.0,156137.0,2.608013217678645,2.2459855077740962,1.0,Ann Arbor - MI USA
2019,"Youngstown-Warren-Boardman, OH-PA",16637.0,137131.0,381115.0,16637.0,67880.0,162762.0,534883.0,247279.0,2.3415477814231824,2.0201974071891575,1.0,Youngstown - OH USA
2019,"Wilmington, NC",10041.0,104045.0,184219.0,10041.0,45925.0,75809.0,298305.0,131775.0,2.4300412879737237,2.2655416439847578,1.0,
2005,"Springfield, MO",0.0,103955.0,229093.0,,49056.0,93517.0,333048.0,,2.449747104804474,2.119108773646445,,Springfield - MO USA
2005,"Pittsburgh, PA",0.0,506248.0,1739196.0,,264285.0,699702.0,2245444.0,,2.485623879880292,1.9155381501031084,,Pittsburgh - PA USA
2011,"Allentown-Bethlehem-Easton, PA-NJ",23530.0,204358.0,597133.0,23530.0,88732.0,223506.0,825021.0,335768.0,2.6716642953656726,2.303092458188703,1.0,Lehigh Valley - PA USA
2018,"San Angelo, TX",5698.0,41454.0,70249.0,5698.0,16053.0,27248.0,117401.0,48999.0,2.57813417498532,2.582321061483835,1.0,San Angelo - TX USA
2020,"Deltona-Daytona Beach-Ormond Beach, FL",12238.0,168537.0,491962.0,12238.0,69467.0,209080.0,672737.0,290785.0,2.352984503539315,2.4261447881728015,1.0,Daytona Beach - FL USA
2007,"New York-Newark-Jersey City, NY-NJ-PA",428683.0,8002301.0,10997214.0,428683.0,3185920.0,3737066.0,19428198.0,7351669.0,2.942740106811065,2.5117708542587383,1.0,New York - NY USA
2006,"Kingsport-Bristol-Bristol, TN-VA",8502.0,75298.0,250653.0,8502.0,35386.0,106434.0,334453.0,150322.0,2.3550087378093467,2.1279036907251454,1.0,Kingsport - TN USA
2023,"Merced, CA",3902.0,124885.0,163406.0,3902.0,41165.0,46888.0,292193.0,91955.0,3.4850281521924584,3.033766549253006,1.0,Merced - CA USA
2019,"Phoenix-Mesa-Scottsdale, AZ",85892.0,1664927.0,3188225.0,85892.0,623889.0,1136816.0,4939044.0,1846597.0,2.804521576051006,2.668626951268575,1.0,Phoenix - AZ USA
2017,"Parkersburg-Vienna, WV",1231.0,25622.0,69150.0,1231.0,11483.0,27481.0,96003.0,40195.0,2.5162839780211783,2.231298441173909,1.0,
2018,"Pensacola-Ferry Pass-Brent, FL",24371.0,142776.0,328719.0,24371.0,57270.0,125441.0,495866.0,207082.0,2.620506851826755,2.4930330015715034,1.0,Pensacola - FL USA
2012,"Waco, TX",9269.0,84709.0,144657.0,9269.0,31874.0,53296.0,238635.0,94439.0,2.7142187030921647,2.6576206312354897,1.0,Waco - TX USA
2023,"San Antonio-New Braunfels, TX",46621.0,823550.0,1747428.0,46621.0,345820.0,609636.0,2617599.0,1002077.0,2.8663464756018344,2.3814412121913136,1.0,San Antonio - TX USA
2013,"New York-Newark-Jersey City, NY-NJ-PA",420181.0,8792028.0,10682037.0,420181.0,3423683.0,3637237.0,19894246.0,7481101.0,2.9368548158945926,2.568002937187818,1.0,New York - NY USA
2022,"Bangor, ME",5865.0,39230.0,88883.0,5865.0,20060.0,36836.0,133978.0,62761.0,2.4129384297969376,1.9556331006979062,1.0,Bangor - ME USA
2022,"Daphne-Fairhope-Foley, AL",3686.0,47449.0,195420.0,3686.0,24219.0,74634.0,246555.0,102539.0,2.618377683093496,1.9591642924976258,1.0,Daphne-Fairhope-Foley - AL USA
2017,"Springfield, OH",3204.0,44326.0,87018.0,3204.0,18632.0,35394.0,134548.0,57230.0,2.4585522969994913,2.3790253327608415,1.0,Springfield - OH USA
2008,"Michigan City-La Porte, IN",5919.0,25049.0,79783.0,5919.0,10452.0,31560.0,110751.0,47931.0,2.52797845373891,2.3965748182166093,1.0,Michigan City-La Porte - IN USA
2016,"Decatur, IL",3852.0,32648.0,70241.0,3852.0,14612.0,29390.0,106741.0,47854.0,2.3899625723035047,2.234327949630441,1.0,Decatur - IL USA
2005,"Muskegon, MI",0.0,23821.0,142116.0,,12360.0,54198.0,165937.0,,2.6221631794531164,1.9272653721682849,,Muskegon - MI USA
2019,"Tuscaloosa, AL",11633.0,71611.0,147436.0,11633.0,29023.0,53102.0,230680.0,93758.0,2.7764679296448347,2.467387933707749,1.0,
2015,"Ithaca, NY",14181.0,36684.0,54689.0,14181.0,17524.0,20588.0,105554.0,52293.0,2.6563532154653196,2.0933576808947727,1.0,
2015,"Bismarck, ND",4091.0,31748.0,97810.0,4091.0,16650.0,40909.0,133649.0,61650.0,2.3909164242587204,1.9067867867867867,1.0,
2005,"Flagstaff, AZ",0.0,44380.0,75431.0,,16902.0,26368.0,119811.0,,2.8607023665048543,2.625724766299846,,Flagstaff - AZ USA
2009,"Tampa-St. Petersburg-Clearwater, FL",48492.0,840386.0,1858743.0,48492.0,349030.0,742374.0,2747621.0,1139896.0,2.503782460053827,2.4077758358880326,1.0,Tampa - FL USA
2006,"Alexandria, LA",5013.0,41472.0,83700.0,5013.0,16362.0,31809.0,130185.0,53184.0,2.6313307554465717,2.5346534653465347,1.0,Alexandria - LA USA
2021,"Port St. Lucie, FL",7296.0,101906.0,394843.0,7296.0,42638.0,158315.0,504045.0,208249.0,2.494034046047437,2.3900276748440357,1.0,Port St. Lucie - FL USA
2016,"Seattle-Tacoma-Bellevue, WA",67336.0,1375771.0,2356261.0,67336.0,593765.0,871173.0,3799368.0,1532274.0,2.704699296236224,2.317029464518791,1.0,Seattle - WA USA
2010,"Orlando-Kissimmee-Sanford, FL",28946.0,697240.0,1414982.0,28946.0,260252.0,487956.0,2141168.0,777154.0,2.899814737394355,2.6790956457587263,1.0,Orlando - FL USA
2016,"Nashville-Davidson--Murfreesboro--Franklin, TN",36366.0,640451.0,1327609.0,36366.0,265354.0,492278.0,2004426.0,793998.0,2.696868436127554,2.4135720584577585,1.0,Nashville - TN USA
2007,"Chicago-Naperville-Elgin, IL-IN-WI",175835.0,2557509.0,6780869.0,175835.0,1055563.0,2352701.0,9514213.0,3584099.0,2.882163521841492,2.422886175434342,1.0,Chicago - IL USA
2021,"Richmond, VA",31339.0,388289.0,901536.0,31339.0,173574.0,347378.0,1321164.0,552291.0,2.5952593428484243,2.2370228259992855,1.0,Richmond - VA USA
2005,"Salisbury, MD-DE",0.0,90713.0,239508.0,,37082.0,100071.0,330221.0,,2.3933806997032105,2.446281214605469,,Salisbury - MD USA
2021,"Burlington, NC",3834.0,54998.0,114798.0,3834.0,24578.0,44769.0,173630.0,73181.0,2.564229712524291,2.2376922450972416,1.0,Burlington - NC USA
2006,"Greenville, NC",7986.0,52588.0,85112.0,7986.0,27134.0,35098.0,145686.0,70218.0,2.424981480426235,1.9380850593351515,1.0,Greenville - NC USA
2006,"Hattiesburg, MS",4275.0,38945.0,79393.0,4275.0,16818.0,27164.0,122613.0,48257.0,2.922728611397438,2.3156736829587348,1.0,Hattiesburg - MS USA
2012,"Napa, CA",5023.0,54491.0,79660.0,5023.0,19016.0,29208.0,139174.0,53247.0,2.727334976718707,2.865534286916281,1.0,Napa - CA USA
2008,"Kingsport-Bristol-Bristol, TN-VA",7470.0,78024.0,249091.0,7470.0,37065.0,106453.0,334585.0,150988.0,2.339915267770753,2.1050586806960743,1.0,Kingsport - TN USA
2014,"Fresno, CA",18224.0,473193.0,475557.0,18224.0,143921.0,154071.0,966974.0,316216.0,3.0866094203321843,3.2878662599620627,1.0,Fresno - CA USA
2011,"Indianapolis-Carmel-Anderson, IN",33894.0,557297.0,1265196.0,33894.0,239238.0,467307.0,1856387.0,740439.0,2.70741931963356,2.329466890711342,1.0,Indianapolis - IN USA
2013,"Goldsboro, NC",2373.0,55908.0,65802.0,2373.0,20966.0,25868.0,124083.0,49207.0,2.5437606308953145,2.666603071639798,1.0,Goldsboro - NC USA
2009,"Hilton Head Island-Bluffton-Beaufort, SC",11271.0,47280.0,120071.0,11271.0,16527.0,51208.0,178622.0,79006.0,2.344770348383065,2.86077328008713,1.0,Hilton Head Island - SC USA
2012,"Jacksonville, FL",26469.0,439542.0,882346.0,26469.0,175297.0,320929.0,1348357.0,522695.0,2.7493495446033234,2.507413133139757,1.0,Jacksonville - FL USA
2012,"Sheboygan, WI",2240.0,32271.0,79514.0,2240.0,14764.0,31889.0,114025.0,48893.0,2.493461695255417,2.185789758872934,1.0,Sheboygan - WI USA
2013,"Oshkosh-Neenah, WI",8470.0,52155.0,108760.0,8470.0,25586.0,43399.0,169385.0,77455.0,2.5060485264637435,2.0384194481356994,1.0,
2010,"Tampa-St. Petersburg-Clearwater, FL",41926.0,852319.0,1894578.0,41926.0,361242.0,755053.0,2788823.0,1158221.0,2.509198692012349,2.3594128036053394,1.0,Tampa - FL USA
2019,"Binghamton, NY",9395.0,65242.0,154095.0,9395.0,32414.0,62532.0,228732.0,104341.0,2.4642582997505276,2.0127722589004753,1.0,Binghamton - NY USA
2019,"Eugene, OR",8081.0,144451.0,229653.0,8081.0,65529.0,90167.0,382185.0,163777.0,2.5469739483403018,2.204382792351478,1.0,Eugene - OR USA
2018,"Muskegon, MI",7071.0,36830.0,129532.0,7071.0,16369.0,50827.0,173433.0,74267.0,2.548488008342023,2.2499847272282976,1.0,Muskegon - MI USA
2008,"Port St. Lucie, FL",6233.0,102531.0,295078.0,6233.0,37051.0,117713.0,403842.0,160997.0,2.506757962162208,2.7672937302636904,1.0,Port St. Lucie - FL USA
2007,"Providence-Warwick, RI-MA",51772.0,476571.0,1055716.0,51772.0,220668.0,385975.0,1584059.0,658415.0,2.7351926938273206,2.1596742617869378,1.0,Providence - RI USA
2009,"Jackson, MI",7582.0,32108.0,120117.0,7582.0,13949.0,46189.0,159807.0,67720.0,2.6005542445170926,2.3018137500896123,1.0,Jackson - MI USA
2016,"Cleveland-Elyria, OH",44569.0,636910.0,1374295.0,44569.0,299185.0,552694.0,2055774.0,896448.0,2.4865386633471687,2.1288166184802044,1.0,Cleveland - OH USA
2011,"Ocala, FL",9487.0,83227.0,240791.0,9487.0,31774.0,101660.0,333505.0,142921.0,2.368591383041511,2.619342858941273,1.0,Ocala - FL USA
2008,"Huntsville, AL",10896.0,98568.0,286210.0,10896.0,42066.0,111261.0,395674.0,164223.0,2.572419805682135,2.3431750106974754,1.0,Huntsville - AL USA
2010,"Grand Junction, CO",3412.0,38974.0,99166.0,3412.0,15220.0,40553.0,141552.0,59185.0,2.4453431312110077,2.5607095926412615,1.0,Grand Junction - CO USA
2013,"Cleveland-Elyria, OH",43233.0,633546.0,1388036.0,43233.0,296941.0,547487.0,2064815.0,887661.0,2.5352857693424684,2.133575356720695,1.0,Cleveland - OH USA
2011,"Rochester, NY",42430.0,284434.0,727511.0,42430.0,133310.0,285069.0,1054375.0,460809.0,2.552052310142457,2.1336283849673694,1.0,Rochester - NY USA
2012,"Utica-Rome, NY",13423.0,79812.0,187387.0,13423.0,37565.0,73775.0,280622.0,124763.0,2.5399796679091833,2.1246372953547183,1.0,Utica - NY USA
2011,"Cincinnati, OH-KY-IN",42548.0,586984.0,1442970.0,42548.0,248270.0,533016.0,2072502.0,823834.0,2.70717952181548,2.364296934788738,1.0,Cincinnati - OH USA
2009,"Provo-Orem, UT",11784.0,151410.0,382025.0,11784.0,40466.0,96271.0,545219.0,148521.0,3.968225114520468,3.74165966490387,1.0,Provo - UT USA
2013,"Chattanooga, TN-GA",15497.0,162168.0,345924.0,15497.0,65761.0,135764.0,523589.0,217022.0,2.5479803187884857,2.466020893842855,1.0,Chattanooga - TN USA
2014,"Deltona-Daytona Beach-Ormond Beach, FL",10278.0,176159.0,423673.0,10278.0,67831.0,169695.0,610110.0,247804.0,2.496673443531041,2.597027907593873,1.0,Daytona Beach - FL USA
2010,"Merced, CA",3090.0,118487.0,134633.0,3090.0,33560.0,40118.0,256210.0,76768.0,3.3559250211874967,3.5306019070321812,1.0,Merced - CA USA
2010,Not in identifiable area,2451975.0,18338870.0,48065249.0,2451975.0,7623470.0,18844568.0,68856094.0,28920013.0,2.5506155938411537,2.405580398427488,1.0,
2011,"Terre Haute, IN",9368.0,45149.0,94893.0,9368.0,16690.0,36703.0,149410.0,62761.0,2.585428984006757,2.7051527860994606,1.0,Terre Haute - IN USA
2014,"Santa Fe, NM",3101.0,43605.0,101760.0,3101.0,18803.0,41762.0,148466.0,63666.0,2.436664910684354,2.3190448332712865,1.0,Santa Fe - NM USA
2016,"Greenville, NC",6759.0,71835.0,98997.0,6759.0,31842.0,38177.0,177591.0,76778.0,2.5931057966838673,2.255982664405502,1.0,Greenville - NC USA
2014,"Lawrence, KS",8309.0,48748.0,59045.0,8309.0,21511.0,23713.0,116102.0,53533.0,2.489984396744402,2.2661893914741293,1.0,
2015,"San Angelo, TX",5717.0,38495.0,73539.0,5717.0,16944.0,27478.0,117751.0,50139.0,2.6762864837324405,2.271895656279509,1.0,San Angelo - TX USA
2016,"Medford, OR",3172.0,78428.0,134387.0,3172.0,32602.0,54143.0,215987.0,89917.0,2.4820752451840495,2.405619287160297,1.0,Medford - OR USA
2017,"Asheville, NC",11476.0,143777.0,366066.0,11476.0,66379.0,148508.0,521319.0,226363.0,2.464958116734452,2.166001295590473,1.0,
2023,"Anchorage, AK",12029.0,118319.0,331668.0,12029.0,53644.0,121180.0,462016.0,186853.0,2.736986301369863,2.2056334352397284,1.0,Anchorage - AK USA
2016,"Birmingham-Hoover, AL",23954.0,310886.0,800028.0,23954.0,132296.0,302498.0,1134868.0,458748.0,2.6447381470290714,2.3499274354477837,1.0,Birmingham - AL USA
2015,"Austin-Round Rock, TX",44317.0,754999.0,1243897.0,44317.0,309963.0,429700.0,2043213.0,783980.0,2.8948033511752387,2.4357713662598437,1.0,Austin - TX USA
2005,"Monroe, LA",0.0,50690.0,95438.0,,22075.0,33355.0,146128.0,,2.861280167890871,2.2962627406568514,,Monroe - LA USA
2007,"Bremerton-Silverdale, WA",3230.0,66474.0,166998.0,3230.0,27670.0,62340.0,236702.0,93240.0,2.678825794032724,2.40238525478858,1.0,Bremerton - WA USA
2008,"Janesville-Beloit, WI",2668.0,34958.0,122627.0,2668.0,16481.0,45748.0,160253.0,64897.0,2.6804887645361544,2.1211091559978157,1.0,Janesville-Beloit - WI USA
2005,"Cape Coral-Fort Myers, FL",0.0,155091.0,383677.0,,63001.0,172351.0,538768.0,,2.22613735922623,2.4617228297963525,,Fort Myers - FL USA
2023,"Joplin, MO",3928.0,58755.0,123224.0,3928.0,25219.0,49772.0,185907.0,78919.0,2.4757695089608616,2.3297910305721876,1.0,Joplin - MO USA
2023,"Norwich-New London, CT",10878.0,83202.0,185204.0,10878.0,39496.0,74660.0,279284.0,125034.0,2.480632199303509,2.1065930727162243,1.0,Norwich - CT USA
2007,"Houston-The Woodlands-Sugar Land, TX",81321.0,1790291.0,3707233.0,81321.0,683344.0,1195743.0,5578845.0,1960408.0,3.100359358156393,2.6198971528249313,1.0,Houston - TX USA
2019,"Greenville-Anderson-Mauldin, SC",22907.0,258151.0,718800.0,22907.0,108927.0,272084.0,999858.0,403918.0,2.641831199188486,2.3699450090427536,1.0,Greenville - SC USA
2018,"East Stroudsburg, PA",1932.0,30381.0,136866.0,1932.0,12035.0,43074.0,169179.0,57041.0,3.1774620420671402,2.5243872039883675,1.0,East Stroudsburg - PA USA
2019,"Orlando-Kissimmee-Sanford, FL",39714.0,949646.0,1565002.0,39714.0,329591.0,534986.0,2554362.0,904291.0,2.925313933448726,2.881286200169301,1.0,Orlando - FL USA
2016,"Santa Fe, NM",2958.0,38924.0,106721.0,2958.0,18014.0,42082.0,148603.0,63054.0,2.536024903759327,2.1607638503386255,1.0,Santa Fe - NM USA
2006,"Erie, PA",14863.0,70277.0,194836.0,14863.0,34449.0,73424.0,279976.0,122736.0,2.6535737633471346,2.040030189555575,1.0,Erie - PA USA
2011,"Yuma, AZ",9165.0,53951.0,138109.0,9165.0,20273.0,51218.0,201225.0,80656.0,2.696493420281932,2.661224288462487,1.0,Yuma - AZ USA
2011,"Evansville, IN-KY",8894.0,73131.0,184751.0,8894.0,31998.0,74579.0,266776.0,115471.0,2.4772523096313974,2.285486592912057,1.0,Evansville - IN USA
2012,"Fort Wayne, IN",5596.0,100797.0,254239.0,5596.0,42981.0,95528.0,360632.0,144105.0,2.661408173519806,2.3451525092482726,1.0,Fort Wayne - IN USA
2015,"Medford, OR",3472.0,83032.0,125831.0,3472.0,32490.0,51385.0,212335.0,87347.0,2.448788556971879,2.555617112957833,1.0,Medford - OR USA
2015,"Goldsboro, NC",2632.0,45006.0,76313.0,2632.0,18869.0,28621.0,123951.0,50122.0,2.6663289193249713,2.3851820446234564,1.0,Goldsboro - NC USA
2021,"Boise City, ID",14080.0,213891.0,599526.0,14080.0,89708.0,215762.0,827497.0,319550.0,2.778644988459506,2.384302403353101,1.0,Boise - ID USA
2010,"Kansas City, MO-KS",17568.0,554555.0,1296523.0,17568.0,235031.0,488700.0,1868646.0,741299.0,2.6530038878657662,2.3594972578085445,1.0,Kansas City - MO USA
2014,"Tyler, TX",4553.0,76030.0,137754.0,4553.0,28903.0,48566.0,218337.0,82022.0,2.8364287773339374,2.6305227831021,1.0,Tyler - TX USA
2023,"Milwaukee-Waukesha-West Allis, WI",24870.0,505244.0,1030305.0,24870.0,250896.0,400090.0,1560419.0,675856.0,2.575183083806144,2.013758688859129,1.0,Milwaukee - WI USA
2021,"Columbia, SC",27827.0,227434.0,581196.0,27827.0,101021.0,233295.0,836457.0,362143.0,2.491249276666881,2.2513536789380426,1.0,
2019,"Milwaukee-Waukesha-West Allis, WI",27670.0,562461.0,983463.0,27670.0,258012.0,377340.0,1573594.0,663022.0,2.6063046589282877,2.1799800009301893,1.0,Milwaukee - WI USA
2005,"Buffalo-Cheektowaga-Niagara Falls, NY",0.0,299304.0,824179.0,,153445.0,318863.0,1123483.0,,2.584743291005855,1.9505620906513734,,Buffalo - NY USA
2011,"Lafayette, LA",7496.0,115720.0,294777.0,7496.0,48145.0,109000.0,417993.0,164641.0,2.7043761467889906,2.4035725412815454,1.0,Lafayette - LA USA
2005,"Greensboro-High Point, NC",0.0,230217.0,490092.0,,99078.0,195612.0,720309.0,,2.5054291147782344,2.323593532368437,,Greensboro - NC USA
2007,"Dallas-Fort Worth-Arlington, TX",92053.0,2002628.0,4019193.0,92053.0,775077.0,1344864.0,6113874.0,2211994.0,2.988549771575416,2.5837794180449167,1.0,Dallas-Fort Worth - TX USA
2010,"Michigan City-La Porte, IN",9497.0,24741.0,76941.0,9497.0,10831.0,31721.0,111179.0,52049.0,2.4255540493679266,2.2842766134244297,1.0,Michigan City-La Porte - IN USA
2009,"Lincoln, NE",11542.0,92050.0,177595.0,11542.0,43799.0,67377.0,281187.0,122718.0,2.635840123484275,2.1016461563049385,1.0,Lincoln - NE USA
2008,"New York-Newark-Jersey City, NY-NJ-PA",431684.0,8098937.0,11090300.0,431684.0,3217654.0,3744162.0,19620921.0,7393500.0,2.9620246132512427,2.51703166344175,1.0,New York - NY USA
2016,"Omaha-Council Bluffs, NE-IA",22351.0,309969.0,687729.0,22351.0,135581.0,257379.0,1020049.0,415311.0,2.6720478360705417,2.28622742124634,1.0,Omaha - NE USA
2017,"Kansas City, MO-KS",35971.0,673372.0,1472947.0,35971.0,300392.0,550031.0,2182290.0,886394.0,2.6779345164181656,2.2416442515113584,1.0,Kansas City - MO USA
2005,"Milwaukee-Waukesha-West Allis, WI",0.0,471202.0,1028505.0,,218879.0,387691.0,1499707.0,,2.6528988292222415,2.152796750716149,,Milwaukee - WI USA
2010,"Albany-Schenectady-Troy, NY",29387.0,249497.0,559362.0,29387.0,119119.0,215803.0,838246.0,364309.0,2.5920028915260676,2.0945189264516997,1.0,Albany - NY USA
2012,"Buffalo-Cheektowaga-Niagara Falls, NY",33257.0,328988.0,772584.0,33257.0,158506.0,309584.0,1134829.0,501347.0,2.495555325856633,2.0755554994763603,1.0,Buffalo - NY USA
2016,"Decatur, AL",1881.0,35121.0,114945.0,1881.0,13753.0,44000.0,151947.0,59634.0,2.6123863636363636,2.553697375118156,1.0,Decatur - AL USA
2013,"Muskegon, MI",6345.0,39496.0,125162.0,6345.0,16985.0,48574.0,171003.0,71904.0,2.57672829085519,2.3253458934353843,1.0,Muskegon - MI USA
2019,"York-Hanover, PA",7887.0,96593.0,343688.0,7887.0,42494.0,132946.0,448168.0,183327.0,2.5851699186135724,2.2730973784534285,1.0,York - PA USA
2010,"Urban Honolulu, HI",35921.0,368032.0,551809.0,35921.0,135795.0,173359.0,955762.0,345075.0,3.183042126454352,2.710202879340182,1.0,Honolulu - HI USA
2020,"St. George, UT",2233.0,52694.0,131168.0,2233.0,17852.0,43365.0,186095.0,63450.0,3.024743456704716,2.951714093658974,1.0,
2007,"Springfield, IL",8449.0,60890.0,169050.0,8449.0,27744.0,70951.0,238389.0,107144.0,2.3826302659581966,2.1947087658592848,1.0,Springfield - IL USA
2019,"Decatur, IL",3555.0,28539.0,71745.0,3555.0,14118.0,28622.0,103839.0,46295.0,2.5066382502969744,2.0214619634509137,1.0,Decatur - IL USA
2007,"San Angelo, TX",5066.0,27085.0,77671.0,5066.0,11688.0,30163.0,109822.0,46917.0,2.5750422703312004,2.31733401779603,1.0,San Angelo - TX USA
2020,"Bloomington, IL",8874.0,38993.0,128476.0,8874.0,20930.0,49129.0,176343.0,78933.0,2.615074599523703,1.8630195891065455,1.0,Bloomington - IL USA
2006,"Lubbock, TX",13157.0,95170.0,146587.0,13157.0,42290.0,59154.0,254914.0,114601.0,2.478057274233357,2.2504138094112083,1.0,Lubbock - TX USA
2018,"Provo-Orem, UT",15009.0,150291.0,456332.0,15009.0,52671.0,118446.0,621632.0,186126.0,3.852658595478108,2.8533918095346587,1.0,Provo - UT USA
2014,"Akron, OH",15980.0,208874.0,479137.0,15980.0,96098.0,187265.0,703991.0,299343.0,2.558604117160174,2.17355199900102,1.0,Akron - OH USA
2005,"Alexandria, LA",0.0,35268.0,87289.0,,15530.0,33228.0,122557.0,,2.6269712290839053,2.2709594333547973,,Alexandria - LA USA
2023,"Oshkosh-Neenah, WI",5454.0,46969.0,118932.0,5454.0,24681.0,46882.0,171355.0,77017.0,2.5368371656499296,1.9030428264657024,1.0,
2012,"Racine, WI",5189.0,51402.0,138372.0,5189.0,23077.0,52675.0,194963.0,80941.0,2.6269008068343616,2.2274125752914156,1.0,Racine - WI USA
2016,"Blacksburg-Christiansburg-Radford, VA",13226.0,65924.0,104514.0,13226.0,26884.0,43557.0,183664.0,83667.0,2.3994765479716236,2.4521648564201755,1.0,Blacksburg - VA USA
2018,"Riverside-San Bernardino-Ontario, CA",84698.0,1599152.0,2938296.0,84698.0,482351.0,884396.0,4622146.0,1451445.0,3.3223759492354104,3.315328464126746,1.0,Inland Empire - CA USA
2022,"Las Cruces, NM",5228.0,68626.0,149617.0,5228.0,28917.0,56829.0,223471.0,90974.0,2.6327579228914813,2.373206072552478,1.0,Las Cruces - NM USA
2007,"Knoxville, TN",20567.0,224691.0,655319.0,20567.0,104440.0,264051.0,900577.0,389058.0,2.4817895027854466,2.1513883569513594,1.0,Knoxville - TN USA
2007,"Wausau, WI",1275.0,26274.0,102435.0,1275.0,13995.0,38467.0,129984.0,53737.0,2.6629318636753583,1.877384780278671,1.0,Wausau - WI USA
2013,"Lima, OH",4244.0,35576.0,65510.0,4244.0,14666.0,25693.0,105330.0,44603.0,2.5497217140855484,2.425746624846584,1.0,
2019,"Rockford, IL",3863.0,97239.0,234213.0,3863.0,42888.0,90650.0,335315.0,137401.0,2.5837065637065635,2.2672775601566872,1.0,Rockford - IL USA
2020,"Oklahoma City, OK",34450.0,435377.0,1036521.0,34450.0,190952.0,388138.0,1506348.0,613540.0,2.670496060679449,2.2800337257530687,1.0,Oklahoma City - OK USA
2005,"Laredo, TX",0.0,86219.0,139493.0,,23937.0,35626.0,225712.0,,3.915483074159322,3.601913355892551,,Laredo - TX USA
2017,"Redding, CA",3087.0,63685.0,113078.0,3087.0,25277.0,46691.0,179850.0,75055.0,2.421837184896447,2.519484115994778,1.0,Redding - CA USA
2020,"New York-Newark-Jersey City, NY-NJ-PA",403071.0,8361875.0,10987853.0,403071.0,3460794.0,3874764.0,19752799.0,7738629.0,2.8357476739228504,2.4161724159253626,1.0,New York - NY USA
2019,"Portland-Vancouver-Hillsboro, OR-WA",41750.0,856718.0,1616471.0,41750.0,372075.0,598410.0,2514939.0,1012235.0,2.7012767166324094,2.302541154337163,1.0,Portland - OR USA
2020,"Columbia, SC",34168.0,239682.0,564057.0,34168.0,95634.0,217128.0,837907.0,346930.0,2.597808665856085,2.5062425497208105,1.0,
2014,"East Stroudsburg, PA",2438.0,33399.0,130664.0,2438.0,10960.0,43445.0,166501.0,56843.0,3.007572793186788,3.04735401459854,1.0,East Stroudsburg - PA USA
2013,"Niles-Benton Harbor, MI",4791.0,42697.0,107581.0,4791.0,16855.0,42384.0,155069.0,64030.0,2.538245564363911,2.5331948976564815,1.0,Niles-Benton Harbor - MI USA
2022,"Panama City, FL",2761.0,54291.0,128108.0,2761.0,26098.0,52946.0,185160.0,81805.0,2.419597325577003,2.0802743505249444,1.0,Panama City - FL USA
2021,"Miami-Fort Lauderdale-West Palm Beach, FL",70336.0,2269884.0,3724781.0,70336.0,905897.0,1391437.0,6065001.0,2367670.0,2.676931115098995,2.5056755900505245,1.0,Miami - FL USA
2011,"Lakeland-Winter Haven, FL",14436.0,191597.0,403225.0,14436.0,66002.0,151646.0,609258.0,232084.0,2.658988697360959,2.9028968819126693,1.0,Lakeland - FL USA
2016,"Raleigh, NC",27627.0,448272.0,886455.0,27627.0,180040.0,319828.0,1362354.0,527495.0,2.771661643133184,2.4898467007331706,1.0,Raleigh - NC USA
2012,"Miami-Fort Lauderdale-West Palm Beach, FL",79269.0,2102668.0,3549454.0,79269.0,763222.0,1252614.0,5731391.0,2095105.0,2.833637497265718,2.7549887188786486,1.0,Miami - FL USA
2018,"Vallejo-Fairfield, CA",11282.0,154786.0,281180.0,11282.0,56637.0,95653.0,447248.0,163572.0,2.939583703595287,2.7329484259406396,1.0,Vallejo-Fairfield - CA USA
2019,"Asheville, NC",11604.0,156427.0,359966.0,11604.0,70272.0,151420.0,527997.0,233296.0,2.37726852463347,2.2260217440801457,1.0,
2022,"San Francisco-Oakland-Hayward, CA",94154.0,1793633.0,2690962.0,94154.0,763997.0,975132.0,4578749.0,1833283.0,2.759587419959554,2.347696391477977,1.0,San Francisco - CA USA
2012,"Richmond, VA",39884.0,366016.0,809883.0,39884.0,149936.0,302153.0,1215783.0,491973.0,2.680373850334102,2.4411482232419166,1.0,Richmond - VA USA
2021,"Prescott, AZ",3805.0,58882.0,179326.0,3805.0,26916.0,85159.0,242013.0,115880.0,2.105778602379079,2.1876207460246695,1.0,Prescott - AZ USA
2005,"Hartford-West Hartford-East Hartford, CT",0.0,297635.0,828042.0,,136734.0,314180.0,1125677.0,,2.635565599337959,2.1767446282563223,,Hartford - CT USA
2021,"Lakeland-Winter Haven, FL",13199.0,243580.0,496685.0,13199.0,85062.0,191407.0,753464.0,289668.0,2.594915546453369,2.8635583456772706,1.0,Lakeland - FL USA
2013,"Jackson, MS",22126.0,205331.0,399219.0,22126.0,76788.0,147816.0,626676.0,246730.0,2.7007834063971425,2.6739985414387664,1.0,Jackson - MS USA
2020,"Bellingham, WA",4558.0,83560.0,148126.0,4558.0,33651.0,57545.0,236244.0,95754.0,2.5740898427317753,2.483135716620606,1.0,Bellingham - WA USA
2021,"Midland, TX",1708.0,37119.0,129092.0,1708.0,18964.0,47088.0,167919.0,67760.0,2.7415052667346247,1.957340223581523,1.0,Midland - TX USA
2011,"Burlington, NC",4444.0,47075.0,101631.0,4444.0,18770.0,42054.0,153150.0,65268.0,2.416678556142103,2.5079914757591903,1.0,Burlington - NC USA
2018,"Chattanooga, TN-GA",17288.0,155120.0,369576.0,17288.0,68564.0,144196.0,541984.0,230048.0,2.563011456628478,2.262411761274138,1.0,Chattanooga - TN USA
2019,"Visalia-Porterville, CA",5639.0,189597.0,270871.0,5639.0,57929.0,86182.0,466107.0,149750.0,3.1430113016639205,3.2729202989866906,1.0,Visalia - CA USA
2007,"Manchester-Nashua, NH",5782.0,94515.0,249327.0,5782.0,42188.0,92200.0,349624.0,140170.0,2.7041973969631234,2.2403290035081067,1.0,Manchester - NH USA
2005,"Gulfport-Biloxi-Pascagoula, MS",0.0,99244.0,219917.0,,41647.0,85248.0,319161.0,,2.579732075825826,2.382980766921987,,Gulfport-Biloxi-Pascagoula - MS USA
2008,"Waco, TX",6322.0,88650.0,135234.0,6322.0,34787.0,48280.0,230206.0,89389.0,2.801035625517813,2.5483657688216863,1.0,Waco - TX USA
2011,"Davenport-Moline-Rock Island, IA-IL",8875.0,92451.0,271191.0,8875.0,43424.0,107784.0,372517.0,160083.0,2.516059897572924,2.129030029476787,1.0,Davenport - IA USA
2022,"Syracuse, NY",36736.0,178985.0,451984.0,36736.0,94929.0,187088.0,667705.0,318753.0,2.415889848627384,1.885461766162079,1.0,Syracuse - NY USA
2009,"Fresno, CA",26535.0,420735.0,468662.0,26535.0,128077.0,152855.0,915932.0,307467.0,3.0660560662065355,3.2850160450354084,1.0,Fresno - CA USA
2022,"Ocala, FL",8838.0,91962.0,295389.0,8838.0,35066.0,128446.0,396189.0,172350.0,2.2997134982794325,2.622540352478184,1.0,Ocala - FL USA
2015,"Pueblo, CO",5033.0,53653.0,96865.0,5033.0,21130.0,37516.0,155551.0,63679.0,2.5819650282546114,2.539185991481306,1.0,Pueblo - CO USA
2020,"Tucson, AZ",28053.0,338751.0,698356.0,28053.0,150053.0,275674.0,1065160.0,453780.0,2.5332675551557275,2.257542335041619,1.0,Tucson - AZ USA
2009,"Vallejo-Fairfield, CA",10002.0,132718.0,264446.0,10002.0,47381.0,91805.0,407166.0,149188.0,2.880518490278307,2.8010806019290433,1.0,Vallejo-Fairfield - CA USA
2022,"Jacksonville, FL",29694.0,492414.0,1116938.0,29694.0,218494.0,437210.0,1639046.0,685398.0,2.5546945403810524,2.2536728697355533,1.0,Jacksonville - FL USA
2005,Not in identifiable area,0.0,16744705.0,47655058.0,,7278174.0,18685234.0,64399763.0,,2.5504126948584105,2.3006739052954766,,
2013,"Portland-Vancouver-Hillsboro, OR-WA",39239.0,873387.0,1417851.0,39239.0,354542.0,531383.0,2330477.0,925164.0,2.668228001272152,2.4634232333545816,1.0,Portland - OR USA
2021,"Trenton, NJ",17615.0,119815.0,247688.0,17615.0,52841.0,91130.0,385118.0,161586.0,2.71796334906178,2.267462765655457,1.0,Trenton - NJ USA
2013,"Norwich-New London, CT",13892.0,82553.0,178844.0,13892.0,35433.0,71453.0,275289.0,120778.0,2.502959987684212,2.3298337707786527,1.0,Norwich - CT USA
2009,"Valdosta, GA",4273.0,51295.0,70044.0,4273.0,20585.0,28439.0,125612.0,53297.0,2.4629558001336194,2.491863007043964,1.0,Valdosta - GA USA
2016,"Tampa-St. Petersburg-Clearwater, FL",44695.0,1087012.0,1898599.0,44695.0,435882.0,755766.0,3030306.0,1236343.0,2.512151909453455,2.4938217223927577,1.0,Tampa - FL USA
2016,"Napa, CA",3903.0,48797.0,89035.0,3903.0,17631.0,31930.0,141735.0,53464.0,2.7884434700908236,2.767681923884068,1.0,Napa - CA USA
2014,"Lafayette, LA",8474.0,175414.0,354252.0,8474.0,65998.0,132533.0,538140.0,207005.0,2.6729342880641047,2.6578684202551592,1.0,Lafayette - LA USA
2014,"Minneapolis-St. Paul-Bloomington, MN-WI",68977.0,919556.0,2554014.0,68977.0,404753.0,951935.0,3542547.0,1425665.0,2.6829710011712984,2.2718942169668908,1.0,Minneapolis - MN USA
2009,"Eau Claire, WI",7179.0,41722.0,111203.0,7179.0,20676.0,41902.0,160104.0,69757.0,2.653882869552766,2.0178951441284583,1.0,Eau Claire - WI USA
2017,"Dallas-Fort Worth-Arlington, TX",83170.0,2637869.0,4545181.0,83170.0,1027312.0,1499802.0,7266220.0,2610284.0,3.0305206953984594,2.567738914760073,1.0,Dallas-Fort Worth - TX USA
2020,"Lansing-East Lansing, MI",17954.0,106885.0,354928.0,17954.0,55546.0,137558.0,479767.0,211058.0,2.580206167580221,1.9242609728873366,1.0,Lansing - MI USA
2012,"Corpus Christi, TX",15102.0,170622.0,290612.0,15102.0,65127.0,102664.0,476336.0,182893.0,2.8307098885685344,2.619835091436731,1.0,Corpus Christi - TX USA
2015,"Hilton Head Island-Bluffton-Beaufort, SC",5668.0,67400.0,134037.0,5668.0,23134.0,55689.0,207105.0,84491.0,2.406884663039379,2.913460707184231,1.0,Hilton Head Island - SC USA
2022,"Ann Arbor, MI",19192.0,118211.0,229400.0,19192.0,58803.0,92142.0,366803.0,170137.0,2.4896355625013564,2.0102885907181607,1.0,Ann Arbor - MI USA
2007,"Elizabethtown-Fort Knox, KY",4388.0,36488.0,84216.0,4388.0,14353.0,31091.0,125092.0,49832.0,2.708693834228555,2.5421863025151534,1.0,Elizabethtown-Fort Knox - KY USA
2008,"Tucson, AZ",25174.0,320909.0,665936.0,25174.0,128203.0,248522.0,1012019.0,401899.0,2.679585710721787,2.503131751987083,1.0,Tucson - AZ USA
2019,"Indianapolis-Carmel-Anderson, IN",36422.0,618487.0,1421711.0,36422.0,277880.0,515900.0,2076620.0,830202.0,2.7557879433998838,2.2257341298402187,1.0,Indianapolis - IN USA
2016,"North Port-Sarasota-Bradenton, FL",9841.0,225047.0,553538.0,9841.0,84155.0,234503.0,788426.0,328499.0,2.3604730003454115,2.6741964232665913,1.0,Sarasota - FL USA
2023,"Hickory-Lenoir-Morganton, NC",9767.0,100580.0,304631.0,9767.0,46798.0,127277.0,414978.0,183842.0,2.3934489342143515,2.149237146886619,1.0,Hickory - NC USA
2015,"Sheboygan, WI",2590.0,29749.0,82780.0,2590.0,15246.0,32192.0,115119.0,50028.0,2.5714463220675943,1.9512659058113604,1.0,Sheboygan - WI USA
2014,"Flagstaff, AZ",11541.0,48806.0,77692.0,11541.0,18789.0,28130.0,138039.0,58460.0,2.7618912193387843,2.597583692586088,1.0,Flagstaff - AZ USA
2020,"Greensboro-High Point, NC",26019.0,257976.0,517577.0,26019.0,115198.0,218272.0,801572.0,359489.0,2.3712478009089577,2.2394138787131723,1.0,Greensboro - NC USA
2010,"Decatur, AL",3179.0,36626.0,114092.0,3179.0,14454.0,43448.0,153897.0,61081.0,2.6259436567851226,2.533969835339698,1.0,Decatur - AL USA
2014,"Orlando-Kissimmee-Sanford, FL",43600.0,889859.0,1347110.0,43600.0,313121.0,467801.0,2280569.0,824522.0,2.879664643726713,2.8419013735904013,1.0,Orlando - FL USA
2014,"Huntsville, AL",11269.0,118543.0,286723.0,11269.0,51593.0,110357.0,416535.0,173219.0,2.598140580117256,2.2976566588490686,1.0,Huntsville - AL USA
2008,"Cleveland-Elyria, OH",45572.0,567230.0,1475896.0,45572.0,267469.0,569690.0,2088698.0,882731.0,2.590700205374853,2.1207317483521453,1.0,Cleveland - OH USA
2008,"Merced, CA",3388.0,110120.0,132638.0,3388.0,33691.0,38662.0,246146.0,75741.0,3.4307071543117273,3.268528687186489,1.0,Merced - CA USA
2013,"Colorado Springs, CO",17240.0,242524.0,418900.0,17240.0,91213.0,159388.0,678664.0,267841.0,2.6281777800085324,2.6588753796059774,1.0,Colorado Springs - CO USA
2009,"Farmington, NM",3285.0,28414.0,92639.0,3285.0,8860.0,30749.0,124338.0,42894.0,3.012748382061205,3.2069977426636567,1.0,Farmington - NM USA
2014,"Florence, SC",4770.0,59985.0,142281.0,4770.0,24898.0,52917.0,207036.0,82585.0,2.6887578660921823,2.4092296570005622,1.0,
2014,"Trenton, NJ",18993.0,118234.0,235113.0,18993.0,47528.0,84036.0,372340.0,150557.0,2.7977652434670857,2.4876704258542333,1.0,Trenton - NJ USA
2021,"Janesville-Beloit, WI",2368.0,42224.0,119504.0,2368.0,19766.0,48110.0,164096.0,70244.0,2.483974225732696,2.1361934635232216,1.0,Janesville-Beloit - WI USA
2022,"La Crosse-Onalaska, WI-MN",5103.0,39095.0,76532.0,5103.0,20928.0,30522.0,120730.0,56553.0,2.507437258371011,1.8680714831804281,1.0,La Crosse-Onalaska - WI USA
2011,"Merced, CA",3104.0,130010.0,125495.0,3104.0,36284.0,38382.0,258609.0,77770.0,3.2696315981449637,3.583122037261603,1.0,Merced - CA USA
2021,"Muncie, IN",7983.0,30840.0,73698.0,7983.0,15152.0,30825.0,112521.0,53960.0,2.3908515815085156,2.035374868004224,1.0,Muncie - IN USA
2018,"Monroe, MI",2066.0,27694.0,121279.0,2066.0,12870.0,48716.0,151039.0,63652.0,2.4895106330569012,2.151825951825952,1.0,Monroe - MI USA
2011,"Lake Charles, LA",3482.0,54697.0,135803.0,3482.0,23013.0,49404.0,193982.0,75899.0,2.748826005991418,2.376787033415895,1.0,Lake Charles - LA USA
2016,"Niles-Benton Harbor, MI",4922.0,42999.0,106161.0,4922.0,19719.0,42820.0,154082.0,67461.0,2.479238673517048,2.1805872508747908,1.0,Niles-Benton Harbor - MI USA
2005,"Charleston-North Charleston, SC",0.0,202043.0,411803.0,,81423.0,161264.0,613846.0,,2.5535953467605914,2.4813996045343454,,Charleston - SC USA
2006,"Fort Wayne, IN",6556.0,84427.0,256273.0,6556.0,40195.0,95292.0,347256.0,142043.0,2.6893443311085927,2.1004353775345193,1.0,Fort Wayne - IN USA
2013,"Pensacola-Ferry Pass-Brent, FL",25114.0,154229.0,286952.0,25114.0,61504.0,111160.0,466295.0,197778.0,2.581432169845268,2.5076255202913633,1.0,Pensacola - FL USA
2011,"Lansing-East Lansing, MI",20886.0,140888.0,303874.0,20886.0,60559.0,118979.0,465648.0,200424.0,2.5540137335159985,2.326458495021384,1.0,Lansing - MI USA
2017,"Johnstown, PA",6253.0,28491.0,97854.0,6253.0,13672.0,42351.0,132598.0,62276.0,2.3105475667634767,2.083894090111176,1.0,Johnstown - PA USA
2009,"Peoria, IL",11195.0,88004.0,257898.0,11195.0,40251.0,102230.0,357097.0,153676.0,2.522723271055463,2.1863804625972025,1.0,Peoria - IL USA
2012,"Hanford-Corcoran, CA",20299.0,68578.0,62925.0,20299.0,20249.0,20127.0,151802.0,60675.0,3.1263973766582205,3.386735147414687,1.0,Hanford-Corcoran - CA USA
2005,"Ogden-Clearfield, UT",0.0,93745.0,388478.0,,36936.0,119541.0,482223.0,,3.2497469487456185,2.538038769763916,,Ogden - UT USA
2019,"State College, PA",17913.0,52832.0,91092.0,17913.0,23429.0,35534.0,161837.0,76876.0,2.5635166319581244,2.254983140552307,1.0,State College - PA USA
2012,"Reno, NV",6119.0,181706.0,241586.0,6119.0,70844.0,93058.0,429411.0,170021.0,2.5960798641707323,2.5648749364801535,1.0,Reno - NV USA
2009,"San Luis Obispo-Paso Robles-Arroyo Grande, CA",17242.0,91658.0,158068.0,17242.0,38913.0,64098.0,266968.0,120253.0,2.4660363817903836,2.355459615038676,1.0,San Luis Obispo - CA USA
2023,"Napa, CA",5013.0,45915.0,82875.0,5013.0,19062.0,32105.0,133803.0,56180.0,2.5813736178165394,2.408718917217501,1.0,Napa - CA USA
2016,"Laredo, TX",2565.0,93107.0,175020.0,2565.0,26372.0,47111.0,270692.0,76048.0,3.715055931735688,3.5305247990292736,1.0,Laredo - TX USA
2014,"Phoenix-Mesa-Scottsdale, AZ",79479.0,1810779.0,2585760.0,79479.0,643407.0,942249.0,4476018.0,1665135.0,2.744242763855414,2.8143601173129915,1.0,Phoenix - AZ USA
2014,"Mobile, AL",11399.0,137056.0,266555.0,11399.0,52185.0,101264.0,415010.0,164848.0,2.632278006004108,2.6263485675960525,1.0,Mobile - AL USA
2022,"Fayetteville-Springdale-Rogers, AR-MO",12306.0,190737.0,356409.0,12306.0,80075.0,130906.0,559452.0,223287.0,2.7226330343910896,2.381979394317827,1.0,Northwest Arkansas - AR USA
2010,"Chattanooga, TN-GA",8976.0,147455.0,332483.0,8976.0,61729.0,131904.0,488914.0,202609.0,2.5206438015526444,2.3887475902736153,1.0,Chattanooga - TN USA
2018,"Eau Claire, WI",7297.0,47727.0,104866.0,7297.0,21079.0,41786.0,159890.0,70162.0,2.5095965155793807,2.2641965937663078,1.0,Eau Claire - WI USA
2020,"Providence-Warwick, RI-MA",54589.0,510104.0,1084847.0,54589.0,244429.0,417100.0,1649540.0,716118.0,2.6009278350515466,2.0869209463688843,1.0,Providence - RI USA
2014,"Salisbury, MD-DE",13565.0,106012.0,270149.0,13565.0,42328.0,108898.0,389726.0,164791.0,2.4807526309023125,2.5045360045360043,1.0,Salisbury - MD USA
2018,"Santa Rosa, CA",8415.0,188157.0,303238.0,8415.0,72059.0,115375.0,499810.0,195849.0,2.6282816901408452,2.6111519726890466,1.0,Santa Rosa - CA USA
2007,"Utica-Rome, NY",15628.0,76989.0,202458.0,15628.0,36601.0,80023.0,295075.0,132252.0,2.529997625682616,2.1034671183847435,1.0,Utica - NY USA
2009,"Reno, NV",6973.0,155164.0,252925.0,6973.0,62331.0,95570.0,415062.0,164874.0,2.6464894841477453,2.4893552165054307,1.0,Reno - NV USA
2009,"Winston-Salem, NC",12924.0,175926.0,454552.0,12924.0,73431.0,177006.0,643402.0,263361.0,2.568003344519395,2.3958001389059116,1.0,Winston-Salem - NC USA
2019,"Bloomington, IN",15443.0,53068.0,80007.0,15443.0,22212.0,31841.0,148518.0,69496.0,2.5127037467416224,2.389159013146047,1.0,Bloomington - IN USA
2005,"Harrisburg-Carlisle, PA",0.0,123797.0,385748.0,,58514.0,150789.0,509545.0,,2.5581972159772928,2.115681717195885,,Harrisburg - PA USA
2019,"Richmond, VA",34475.0,391475.0,870136.0,34475.0,164813.0,327437.0,1296086.0,526725.0,2.657415014185935,2.3752677276671137,1.0,Richmond - VA USA
2014,"Jefferson City, MO",10926.0,33273.0,106356.0,10926.0,15058.0,40830.0,150555.0,66814.0,2.6048493754592212,2.2096559968123257,1.0,
2013,"Joplin, MO",3504.0,55104.0,116606.0,3504.0,22362.0,45339.0,175214.0,71205.0,2.5718696927589932,2.46418030587604,1.0,Joplin - MO USA
2007,"Fort Collins, CO",9247.0,74557.0,191770.0,9247.0,32625.0,74588.0,275574.0,116460.0,2.5710570064889793,2.285272030651341,1.0,Fort Collins - CO USA
2008,"Elkhart-Goshen, IN",2665.0,45235.0,151330.0,2665.0,19726.0,51181.0,199230.0,73572.0,2.9567612981379807,2.293166379397749,1.0,Elkhart - IN USA
2023,"Scranton--Wilkes-Barre--Hazleton, PA",16170.0,155045.0,333263.0,16170.0,71409.0,139273.0,504478.0,226852.0,2.3928758625146296,2.171224915626882,1.0,Scranton - PA USA
2019,"San Antonio-New Braunfels, TX",41261.0,852950.0,1577773.0,41261.0,305453.0,499457.0,2471984.0,846171.0,3.1589766486404236,2.79240996159802,1.0,San Antonio - TX USA
2015,"Palm Bay-Melbourne-Titusville, FL",5992.0,170533.0,391615.0,5992.0,67149.0,158534.0,568140.0,231675.0,2.4702272067821416,2.539620843199452,1.0,Melbourne - FL USA
2005,"Tallahassee, FL",0.0,100037.0,180290.0,,47008.0,75793.0,280327.0,,2.3787157125328195,2.1280845813478555,,Tallahassee - FL USA
2015,"Minneapolis-St. Paul-Bloomington, MN-WI",66612.0,958343.0,2545698.0,66612.0,425474.0,946671.0,3570653.0,1438757.0,2.6891052963489956,2.2524126033553165,1.0,Minneapolis - MN USA
2010,"Canton-Massillon, OH",9430.0,97262.0,296505.0,9430.0,43069.0,116354.0,403197.0,168853.0,2.548300874916204,2.2582832199493836,1.0,Canton - OH USA
2013,"Wilmington, NC",7579.0,101090.0,159418.0,7579.0,42391.0,64424.0,268087.0,114394.0,2.4745126039985097,2.3847043004411312,1.0,
2015,"Ocean City, NJ",3072.0,24139.0,79106.0,3072.0,10995.0,32568.0,106317.0,46635.0,2.4289486612625892,2.1954524783992726,1.0,Ocean City - NJ USA
2020,"Hartford-West Hartford-East Hartford, CT",44549.0,327191.0,827053.0,44549.0,163462.0,319821.0,1198793.0,527832.0,2.5859871615685024,2.001633407152733,1.0,Hartford - CT USA
2018,"St. George, UT",2116.0,51566.0,118063.0,2116.0,17386.0,42477.0,171745.0,61979.0,2.779457117969725,2.965949614632463,1.0,
2018,"Spokane-Spokane Valley, WA",16593.0,190951.0,415056.0,16593.0,87132.0,163462.0,622600.0,267187.0,2.539158948257087,2.1915140246981593,1.0,Spokane - WA USA
2023,"Provo-Orem, UT",14745.0,196206.0,508386.0,14745.0,69425.0,145381.0,719337.0,229551.0,3.4969218811261444,2.8261577241627656,1.0,Provo - UT USA
2010,"Waco, TX",7584.0,87909.0,140383.0,7584.0,34087.0,49125.0,235876.0,90796.0,2.8576692111959288,2.578959720714642,1.0,Waco - TX USA
2015,"Greensboro-High Point, NC",19633.0,283146.0,495078.0,19633.0,118364.0,191960.0,797857.0,329957.0,2.579068555949156,2.3921631577168734,1.0,Greensboro - NC USA
2014,"Jackson, TN",5414.0,39219.0,71954.0,5414.0,15508.0,28414.0,116587.0,49336.0,2.532343211093123,2.528952798555584,1.0,Jackson - TN USA
2013,"Morgantown, WV",9686.0,39443.0,87419.0,9686.0,17508.0,32787.0,136548.0,59981.0,2.6662701680544116,2.2528558373315057,1.0,Morgantown - WV USA
2014,"San Luis Obispo-Paso Robles-Arroyo Grande, CA",17735.0,105178.0,157595.0,17735.0,40925.0,61720.0,280508.0,120380.0,2.553386260531432,2.5700183262064753,1.0,San Luis Obispo - CA USA
2005,"Cincinnati, OH-KY-IN",0.0,519900.0,1439968.0,,244474.0,540642.0,1959868.0,,2.6634408721482976,2.126606510303754,,Cincinnati - OH USA
2019,"Modesto, CA",4462.0,233067.0,312600.0,4462.0,73597.0,101101.0,550129.0,179160.0,3.091957547403092,3.1668002771852115,1.0,Modesto - CA USA
2009,"Toledo, OH",16931.0,184063.0,430380.0,16931.0,82299.0,162051.0,631374.0,261281.0,2.655830571857008,2.2365156320246906,1.0,Toledo - OH USA
2013,"Springfield, MO",13036.0,136989.0,251579.0,13036.0,60083.0,100343.0,401604.0,173462.0,2.5071903371435975,2.2799960055256894,1.0,Springfield - MO USA
2017,"Louisville/Jefferson County, KY-IN",27060.0,373004.0,870488.0,27060.0,162519.0,331530.0,1270552.0,521109.0,2.6256688685790124,2.295140875836056,1.0,Louisville - KY USA
2021,"Roanoke, VA",8658.0,86609.0,241927.0,8658.0,42800.0,98195.0,337194.0,149653.0,2.463740516319568,2.02357476635514,1.0,
2005,"New Orleans-Metairie, LA",0.0,432610.0,924268.0,,179758.0,322248.0,1356878.0,,2.8681884759564062,2.406624461776388,,New Orleans - LA USA
2014,"Harrisburg-Carlisle, PA",19723.0,153753.0,385990.0,19723.0,73098.0,152960.0,559466.0,245781.0,2.5234701882845187,2.103381761470902,1.0,Harrisburg - PA USA
2014,"Wilmington, NC",8139.0,89602.0,174911.0,8139.0,42442.0,68552.0,272652.0,119133.0,2.551508344030809,2.1111634701474955,1.0,
2020,"Decatur, IL",3653.0,24323.0,74927.0,3653.0,10905.0,33266.0,102903.0,47824.0,2.2523597667287922,2.2304447501146263,1.0,Decatur - IL USA
2008,"St. Cloud, MN",11443.0,37353.0,138348.0,11443.0,18439.0,52469.0,187144.0,82351.0,2.6367569421944386,2.025760616085471,1.0,St. Cloud - MN USA
2009,"Boston-Cambridge-Newton, MA-NH",159260.0,1425108.0,3161679.0,159260.0,633946.0,1124151.0,4746047.0,1917357.0,2.812503836228407,2.2479958860849347,1.0,Boston - MA USA
2006,"Muskegon, MI",6743.0,30409.0,137444.0,6743.0,14017.0,51618.0,174596.0,72378.0,2.6627145569375026,2.1694371120781906,1.0,Muskegon - MI USA
2007,"Peoria, IL",9414.0,81458.0,261265.0,9414.0,38596.0,102719.0,352137.0,150729.0,2.543492440541672,2.1105295885584,1.0,Peoria - IL USA
2015,"Boise City, ID",11396.0,197709.0,492200.0,11396.0,78948.0,174091.0,701305.0,264435.0,2.8272570092652693,2.5042939656482748,1.0,Boise - ID USA
2014,"Midland, TX",1710.0,48326.0,105603.0,1710.0,18229.0,35426.0,155639.0,55365.0,2.9809461977078984,2.651050523890504,1.0,Midland - TX USA
2009,"Memphis, TN-MS-AR",28214.0,461619.0,815063.0,28214.0,177400.0,303889.0,1304896.0,509503.0,2.682107611660837,2.6021364148816235,1.0,Memphis - TN USA
2007,"San Jose-Sunnyvale-Santa Clara, CA",37866.0,633707.0,1078006.0,37866.0,227882.0,354291.0,1749579.0,620039.0,3.0427134756457264,2.7808558815527333,1.0,San Jose - CA USA
2016,"Fayetteville, NC",11128.0,145017.0,171027.0,11128.0,59169.0,64845.0,327172.0,135142.0,2.637473976405274,2.450894894285859,1.0,Fayetteville - NC USA
2016,"Bremerton-Silverdale, WA",6920.0,84012.0,173959.0,6920.0,34228.0,67766.0,264891.0,108914.0,2.567054275005165,2.4544817108799815,1.0,Bremerton - WA USA
2015,"Muncie, IN",7061.0,39845.0,70004.0,7061.0,15898.0,29380.0,116910.0,52339.0,2.382709326072158,2.50629009938357,1.0,Muncie - IN USA
2021,"Bakersfield, CA",30070.0,350488.0,536963.0,30070.0,114868.0,168095.0,917521.0,313033.0,3.1944019750736192,3.051224013650451,1.0,Bakersfield - CA USA
2008,"Bangor, ME",7039.0,45937.0,117266.0,7039.0,22114.0,48015.0,170242.0,77168.0,2.4422784546495886,2.0772813602242923,1.0,Bangor - ME USA
2018,"Harrisburg-Carlisle, PA",21626.0,176818.0,376390.0,21626.0,79477.0,154114.0,574834.0,255217.0,2.4422829853225534,2.224769430149603,1.0,Harrisburg - PA USA
2018,"Dover, DE",5630.0,55861.0,116994.0,5630.0,21365.0,46475.0,178485.0,73470.0,2.5173534158149544,2.614603323192137,1.0,Dover - DE USA
2005,"Medford, OR",0.0,61980.0,129299.0,,26881.0,51479.0,191279.0,,2.511684376153383,2.305717793236859,,Medford - OR USA
2022,"Spartanburg, SC",8211.0,88765.0,249158.0,8211.0,37530.0,95488.0,346134.0,141229.0,2.6093121648793565,2.365174527045031,1.0,Spartanburg - SC USA
2014,"San Diego-Carlsbad, CA",85430.0,1507314.0,1667656.0,85430.0,525316.0,575543.0,3260400.0,1186289.0,2.8975350234474226,2.8693472119638463,1.0,San Diego - CA USA
2007,"Scranton--Wilkes-Barre--Hazleton, PA",22483.0,162867.0,430114.0,22483.0,77745.0,174794.0,615464.0,275022.0,2.460690870396009,2.0948871310052093,1.0,Scranton - PA USA
2006,"Albuquerque, NM",10493.0,225668.0,561253.0,10493.0,98860.0,212979.0,797414.0,322332.0,2.6352504237506986,2.282702812057455,1.0,Albuquerque - NM USA
2014,"Monroe, MI",1073.0,30766.0,117835.0,1073.0,12756.0,45123.0,149674.0,58952.0,2.6114176805620195,2.411884603323926,1.0,Monroe - MI USA
2010,"Auburn-Opelika, AL",4825.0,48491.0,87486.0,4825.0,19742.0,35331.0,140802.0,59898.0,2.476182389403074,2.456235437139094,1.0,Auburn-Opelika - AL USA
2010,"Punta Gorda, FL",2169.0,39466.0,118372.0,2169.0,15215.0,53961.0,160007.0,71345.0,2.193658382906173,2.593887610910286,1.0,Punta Gorda - FL USA
2005,"Detroit-Warren-Dearborn, MI",0.0,1029212.0,3405320.0,,452181.0,1260509.0,4434532.0,,2.7015435827907615,2.2761062494885898,,Detroit - MI USA
2021,"Anniston-Oxford-Jacksonville, AL",3446.0,28495.0,83818.0,3446.0,11698.0,32933.0,115759.0,48077.0,2.5451067318495126,2.4358864763207384,1.0,Anniston-Oxford - AL USA
2019,"Spartanburg, SC",7992.0,79193.0,232953.0,7992.0,33088.0,88169.0,320138.0,129249.0,2.6421191121596026,2.3934054642166345,1.0,Spartanburg - SC USA
2021,"Grand Rapids-Wyoming, MI",22354.0,201900.0,733286.0,22354.0,96073.0,267063.0,957540.0,385490.0,2.7457416414853424,2.101526963871223,1.0,Grand Rapids - MI USA
2008,"Prescott, AZ",2430.0,68634.0,144385.0,2430.0,26667.0,61883.0,215449.0,90980.0,2.3331932841006418,2.5737428282146473,1.0,Prescott - AZ USA
2020,"San Antonio-New Braunfels, TX",39194.0,849953.0,1625384.0,39194.0,344593.0,529781.0,2514531.0,913568.0,3.0680299973007714,2.4665416883105578,1.0,San Antonio - TX USA
2020,"Medford, OR",4017.0,60660.0,155687.0,4017.0,28287.0,60154.0,220364.0,92458.0,2.5881404395385177,2.144447979637289,1.0,Medford - OR USA
2013,"El Paso, TX",16908.0,299784.0,512418.0,16908.0,101436.0,157150.0,829110.0,275494.0,3.2606936048361437,2.9554004495445403,1.0,El Paso - TX USA
2023,"Pittsburgh, PA",64550.0,554028.0,1660827.0,64550.0,293976.0,710634.0,2279405.0,1069160.0,2.3371060208208445,1.8846028247203854,1.0,Pittsburgh - PA USA
2010,"Bremerton-Silverdale, WA",7940.0,79085.0,165221.0,7940.0,34111.0,65039.0,252246.0,107090.0,2.5403373360599026,2.318460320717657,1.0,Bremerton - WA USA
2018,"Columbia, SC",32733.0,257965.0,541398.0,32733.0,103072.0,212022.0,832096.0,347827.0,2.553499165180972,2.502765057435579,1.0,
2014,"Fayetteville-Springdale-Rogers, AR-MO",10025.0,171845.0,281045.0,10025.0,65604.0,102228.0,462915.0,177857.0,2.7491978714246588,2.619428693372355,1.0,Northwest Arkansas - AR USA
2007,"Buffalo-Cheektowaga-Niagara Falls, NY",34052.0,312301.0,781491.0,34052.0,153500.0,313675.0,1127844.0,501227.0,2.4914035227544433,2.0345342019543975,1.0,Buffalo - NY USA
2005,"Panama City, FL",0.0,55014.0,102087.0,,24995.0,44591.0,157101.0,,2.2894081765378664,2.201000200040008,,Panama City - FL USA
2010,"Fayetteville-Springdale-Rogers, AR-MO",10835.0,142078.0,274101.0,10835.0,58016.0,97576.0,427014.0,166427.0,2.8091026481921784,2.4489451185879756,1.0,Northwest Arkansas - AR USA
2008,"Memphis, TN-MS-AR",25768.0,428692.0,829538.0,25768.0,169038.0,313680.0,1283998.0,508486.0,2.6445358326957407,2.536068812929637,1.0,Memphis - TN USA
2023,"Amarillo, TX",8731.0,79586.0,174824.0,8731.0,35153.0,63801.0,263141.0,107685.0,2.740145138790928,2.2639888487469064,1.0,Amarillo - TX USA
2011,"Greensboro-High Point, NC",19729.0,249000.0,525153.0,19729.0,104261.0,210394.0,793882.0,334384.0,2.49604551460593,2.388237212380468,1.0,Greensboro - NC USA
2016,"Charleston, WV",3046.0,55441.0,137742.0,3046.0,25587.0,56649.0,196229.0,85282.0,2.4314992321135414,2.166764372532927,1.0,
2023,"Gulfport-Biloxi-Pascagoula, MS",6094.0,112481.0,238650.0,6094.0,49894.0,95621.0,357225.0,151609.0,2.495790673596804,2.2543993265723334,1.0,Gulfport-Biloxi-Pascagoula - MS USA
2018,"Louisville/Jefferson County, KY-IN",26514.0,377395.0,870941.0,26514.0,162949.0,334480.0,1274850.0,523943.0,2.603865701985171,2.316031396326458,1.0,Louisville - KY USA
2021,"Manchester-Nashua, NH",5425.0,114602.0,247827.0,5425.0,52478.0,95125.0,367854.0,153028.0,2.6052772667542707,2.183810358626472,1.0,Manchester - NH USA
2023,"Asheville, NC",12347.0,144567.0,382084.0,12347.0,64276.0,154884.0,538998.0,231507.0,2.4669042638361613,2.249159873047483,1.0,
2013,"Orlando-Kissimmee-Sanford, FL",45677.0,840830.0,1335880.0,45677.0,300257.0,460405.0,2222387.0,806339.0,2.9015323465209977,2.8003676850165027,1.0,Orlando - FL USA
2017,"Tampa-St. Petersburg-Clearwater, FL",51020.0,1081983.0,1960007.0,51020.0,429636.0,779881.0,3093010.0,1260537.0,2.51321291325215,2.5183713655280284,1.0,Tampa - FL USA
2015,"St. Joseph, MO-KS",7741.0,36274.0,74982.0,7741.0,13925.0,29637.0,118997.0,51303.0,2.5300131592266424,2.6049551166965887,1.0,
2017,"Toledo, OH",18121.0,213589.0,412899.0,18121.0,98883.0,163205.0,644609.0,280209.0,2.5299408719095617,2.160017394294267,1.0,Toledo - OH USA
2015,"Lakeland-Winter Haven, FL",12812.0,228238.0,409274.0,12812.0,75102.0,152021.0,650324.0,239935.0,2.6922201537945414,3.0390402386088256,1.0,Lakeland - FL USA
2022,"Wilmington, NC",6494.0,87666.0,206855.0,6494.0,42506.0,87511.0,301015.0,136511.0,2.3637599844590964,2.06243824401261,1.0,
2022,"Michigan City-La Porte, IN",6177.0,26468.0,78526.0,6177.0,11435.0,31778.0,111171.0,49390.0,2.4710806218138335,2.314648010494097,1.0,Michigan City-La Porte - IN USA
2018,"Columbia, MO",8473.0,76061.0,95320.0,8473.0,33385.0,38831.0,179854.0,80689.0,2.454739769771574,2.2782986371124756,1.0,Columbia - MO USA
2018,"Cape Coral-Fort Myers, FL",10530.0,218735.0,525721.0,10530.0,75668.0,205554.0,754986.0,291752.0,2.5575809762884694,2.8907199873129987,1.0,Fort Myers - FL USA
2008,"Hanford-Corcoran, CA",19520.0,60840.0,69671.0,19520.0,18333.0,22162.0,150031.0,60015.0,3.143714466203411,3.318605792832597,1.0,Hanford-Corcoran - CA USA
2014,"Medford, OR",3497.0,79891.0,126606.0,3497.0,30898.0,52232.0,209994.0,86627.0,2.42391637310461,2.5856366107838693,1.0,Medford - OR USA
2017,"Wausau, WI",1683.0,31283.0,102836.0,1683.0,15459.0,39626.0,135802.0,56768.0,2.5951647907939233,2.023610841580956,1.0,Wausau - WI USA
2013,"Ogden-Clearfield, UT",4863.0,130827.0,424868.0,4863.0,46030.0,130279.0,560558.0,181172.0,3.2612163126827807,2.842211601129698,1.0,Ogden - UT USA
2016,"Wenatchee, WA",1627.0,34326.0,81622.0,1627.0,13688.0,29498.0,117575.0,44813.0,2.7670350532239474,2.5077440093512564,1.0,
2022,"Janesville-Beloit, WI",2140.0,43425.0,118086.0,2140.0,19964.0,47459.0,163651.0,69563.0,2.4881687351187343,2.175165297535564,1.0,Janesville-Beloit - WI USA
2013,"Washington-Arlington-Alexandria, DC-VA-MD-WV",103363.0,2028504.0,3719766.0,103363.0,790284.0,1309479.0,5851633.0,2203126.0,2.8406457835520844,2.5668038325462743,1.0,Washington - DC USA
2009,"Shreveport-Bossier City, LA",13184.0,130202.0,262227.0,13184.0,57872.0,104171.0,405613.0,175227.0,2.5172744813815746,2.249827204865911,1.0,Shreveport - LA USA
2023,"Bloomington, IL",9587.0,42089.0,119280.0,9587.0,24345.0,46715.0,170956.0,80647.0,2.5533554532805307,1.7288560279318135,1.0,Bloomington - IL USA
2017,"Chicago-Naperville-Elgin, IL-IN-WI",160629.0,3029131.0,6297656.0,160629.0,1232087.0,2238188.0,9487416.0,3630904.0,2.813729677757186,2.4585366130800828,1.0,Chicago - IL USA
2022,"Jonesboro, AR",3183.0,42778.0,89054.0,3183.0,19445.0,33981.0,135015.0,56609.0,2.620699802830994,2.199948572897917,1.0,
2012,"Wenatchee, WA",1938.0,40446.0,71055.0,1938.0,13906.0,27844.0,113439.0,43688.0,2.55189627927022,2.9085286926506546,1.0,
2009,"Rochester, NY",48707.0,259133.0,727309.0,48707.0,123306.0,281569.0,1035149.0,453582.0,2.5830577940043113,2.101544125995491,1.0,Rochester - NY USA
2023,"Oxnard-Thousand Oaks-Ventura, CA",12545.0,303699.0,513077.0,12545.0,103262.0,180456.0,829321.0,296263.0,2.8432249412599195,2.94105285584242,1.0,Ventura - CA USA
2014,"Yuba City, CA",2444.0,70727.0,96886.0,2444.0,24005.0,33361.0,170057.0,59810.0,2.9041695392823956,2.9463445115600915,1.0,Yuba City - CA USA
2021,"Wausau, WI",1830.0,24582.0,111248.0,1830.0,14399.0,43168.0,137660.0,59397.0,2.5770941438102297,1.7072018890200709,1.0,Wausau - WI USA
2011,"Jackson, MI",9866.0,41708.0,108513.0,9866.0,17499.0,41236.0,160087.0,68601.0,2.631511300805122,2.3834504828847365,1.0,Jackson - MI USA
2016,"San Luis Obispo-Paso Robles-Arroyo Grande, CA",17004.0,98087.0,168539.0,17004.0,39772.0,66541.0,283630.0,123317.0,2.5328594400444837,2.46623252539475,1.0,San Luis Obispo - CA USA
2012,"San Francisco-Oakland-Hayward, CA",82607.0,1927548.0,2445605.0,82607.0,764482.0,872345.0,4455760.0,1719434.0,2.8034837134390638,2.521377874168391,1.0,San Francisco - CA USA
2009,"Altoona, PA",3981.0,27782.0,94300.0,3981.0,13963.0,39192.0,126063.0,57136.0,2.4061032863849765,1.989687030007878,1.0,Altoona - PA USA
2022,"Riverside-San Bernardino-Ontario, CA",72351.0,1495308.0,3099732.0,72351.0,495079.0,948585.0,4667391.0,1516015.0,3.26774300668891,3.0203422080112468,1.0,Inland Empire - CA USA
2014,"Joplin, MO",2894.0,56586.0,116106.0,2894.0,21733.0,44831.0,175586.0,69458.0,2.589859695300127,2.603690240647863,1.0,Joplin - MO USA
2006,"Lebanon, PA",3131.0,25167.0,98454.0,3131.0,11681.0,37698.0,126752.0,52510.0,2.6116504854368934,2.154524441400565,1.0,Lebanon - PA USA
2011,"Raleigh, NC",26012.0,342979.0,795334.0,26012.0,138095.0,287483.0,1164325.0,451590.0,2.7665427173085018,2.483645316629856,1.0,Raleigh - NC USA
2012,"Myrtle Beach-Conway-North Myrtle Beach, SC-NC",2758.0,130096.0,261088.0,2758.0,51440.0,113084.0,393942.0,167282.0,2.308797000459835,2.5290824261275273,1.0,
2014,"Atlanta-Sandy Springs-Roswell, GA",85921.0,1996363.0,3502103.0,85921.0,736624.0,1231954.0,5584387.0,2054499.0,2.842722212030644,2.710151990703534,1.0,Atlanta - GA USA
2007,"Youngstown-Warren-Boardman, OH-PA",19066.0,134184.0,417281.0,19066.0,61872.0,170025.0,570531.0,250963.0,2.454233200999853,2.168735453840186,1.0,Youngstown - OH USA
2008,"Ann Arbor, MI",29778.0,105048.0,213484.0,29778.0,50670.0,84128.0,348310.0,164576.0,2.5376093571700267,2.073179396092362,1.0,Ann Arbor - MI USA
2006,"Jackson, MS",13688.0,131825.0,326792.0,13688.0,54458.0,116739.0,472305.0,184885.0,2.7993386957229376,2.420672812075361,1.0,Jackson - MS USA
2022,"Tulsa, OK",23036.0,348465.0,790886.0,23036.0,157043.0,301553.0,1162387.0,481632.0,2.622709772411483,2.2189145648007234,1.0,
2019,"Homosassa Springs, FL",2723.0,26974.0,120116.0,2723.0,10975.0,53473.0,149813.0,67171.0,2.246292521459428,2.457767653758542,1.0,
2019,"Louisville/Jefferson County, KY-IN",25221.0,371579.0,877114.0,25221.0,160548.0,337902.0,1273914.0,523671.0,2.5957644524151973,2.3144417868799363,1.0,Louisville - KY USA
2018,"Wichita Falls, TX",14213.0,44549.0,73674.0,14213.0,18432.0,28326.0,132436.0,60971.0,2.6009320059309466,2.4169379340277777,1.0,Wichita Falls - TX USA
2018,"Decatur, IL",4101.0,31651.0,69455.0,4101.0,14511.0,30050.0,105207.0,48662.0,2.311314475873544,2.1811729033147267,1.0,Decatur - IL USA
2007,"Minneapolis-St. Paul-Bloomington, MN-WI",59996.0,648958.0,2378253.0,59996.0,308874.0,890216.0,3087207.0,1259086.0,2.67154600681183,2.101044438832663,1.0,Minneapolis - MN USA
2005,"Lincoln, NE",0.0,78917.0,170440.0,,41055.0,65987.0,249357.0,,2.5829330019549306,1.9222262818170746,,Lincoln - NE USA
2018,"Bremerton-Silverdale, WA",6767.0,70403.0,192436.0,6767.0,31430.0,73983.0,269606.0,112180.0,2.60108403281835,2.2399936366528794,1.0,Bremerton - WA USA
2019,"Lubbock, TX",12471.0,127042.0,171091.0,12471.0,51610.0,65884.0,310604.0,129965.0,2.5968520429846396,2.4615772137182717,1.0,Lubbock - TX USA
2017,"Blacksburg-Christiansburg-Radford, VA",13609.0,64504.0,103870.0,13609.0,25262.0,41685.0,181983.0,80556.0,2.491783615209308,2.5534003641833585,1.0,Blacksburg - VA USA
2011,"Monroe, LA",8254.0,65022.0,82155.0,8254.0,25175.0,33084.0,155431.0,66513.0,2.4832245194051503,2.5828003972194638,1.0,Monroe - LA USA
2007,"Raleigh, NC",23960.0,295152.0,730205.0,23960.0,123678.0,269643.0,1049317.0,417281.0,2.7080435983874978,2.3864551496628343,1.0,Raleigh - NC USA
2020,"Harrisonburg, VA",9146.0,50137.0,76947.0,9146.0,17790.0,28636.0,136230.0,55572.0,2.6870722167900545,2.8182686902754357,1.0,
2022,"El Paso, TX",13225.0,291549.0,564394.0,13225.0,111427.0,189209.0,869168.0,313861.0,2.9829130749594364,2.6165022840065695,1.0,El Paso - TX USA
2006,"Muncie, IN",8818.0,32960.0,73259.0,8818.0,14970.0,30380.0,115037.0,54168.0,2.411421988150099,2.2017368069472276,1.0,Muncie - IN USA
2018,"Fayetteville-Springdale-Rogers, AR-MO",11346.0,179494.0,318972.0,11346.0,76523.0,113606.0,509812.0,201475.0,2.8077038184602925,2.3456215778262743,1.0,Northwest Arkansas - AR USA
2023,"New Haven-Milford, CT",26981.0,296526.0,525568.0,26981.0,137173.0,205971.0,849075.0,370125.0,2.551660185171699,2.161693627754733,1.0,New Haven - CT USA
2007,"Omaha-Council Bluffs, NE-IA",26874.0,245545.0,656859.0,26874.0,110647.0,248995.0,929278.0,386516.0,2.6380409245165564,2.219174491852468,1.0,Omaha - NE USA
2015,"Midland, TX",1875.0,38697.0,120457.0,1875.0,17364.0,38915.0,161029.0,58154.0,3.0953873827572917,2.228576364892882,1.0,Midland - TX USA
2008,"Atlanta-Sandy Springs-Roswell, GA",92760.0,1529508.0,3612633.0,92760.0,580873.0,1263829.0,5234901.0,1937462.0,2.8584824371018547,2.633119459847505,1.0,Atlanta - GA USA
2005,"Lafayette, LA",0.0,106051.0,273622.0,,46139.0,97672.0,379673.0,,2.8014374641657795,2.298511021045103,,Lafayette - LA USA
2020,"Tyler, TX",6227.0,72131.0,162172.0,6227.0,24494.0,52032.0,240530.0,82753.0,3.1167742927429276,2.9448436351759613,1.0,Tyler - TX USA
2023,"Harrisburg-Carlisle, PA",17574.0,163953.0,423010.0,17574.0,78482.0,169922.0,604537.0,265978.0,2.4894363296100566,2.089052266761805,1.0,Harrisburg - PA USA
2016,"Providence-Warwick, RI-MA",57253.0,569964.0,1008037.0,57253.0,254712.0,378079.0,1635254.0,690044.0,2.666207327040116,2.23768020352398,1.0,Providence - RI USA
2013,"Iowa City, IA",8378.0,54374.0,76566.0,8378.0,25011.0,30795.0,139318.0,64184.0,2.4863127131027762,2.1740034384870657,1.0,Iowa City - IA USA
2015,"Trenton, NJ",16106.0,124032.0,230450.0,16106.0,47613.0,80353.0,370588.0,144072.0,2.8679700820131173,2.6050028353600907,1.0,Trenton - NJ USA
2023,"East Stroudsburg, PA",3272.0,27428.0,135140.0,3272.0,12468.0,48661.0,165840.0,64401.0,2.77717268449066,2.199871671478986,1.0,East Stroudsburg - PA USA
2016,"Monroe, LA",6168.0,64656.0,86357.0,6168.0,23789.0,30560.0,157181.0,60517.0,2.825818062827225,2.717894825339443,1.0,Monroe - LA USA
2018,"St. Louis, MO-IL",59745.0,786372.0,1990380.0,59745.0,364535.0,784756.0,2836497.0,1209036.0,2.5363042780176257,2.1571920391731934,1.0,Saint Louis - MO USA
2010,"Muncie, IN",6118.0,39233.0,72281.0,6118.0,16754.0,30178.0,117632.0,53050.0,2.3951554112267215,2.341709442521189,1.0,Muncie - IN USA
2017,"Harrisonburg, VA",8888.0,48907.0,76365.0,8888.0,18210.0,29567.0,134160.0,56665.0,2.582778097202963,2.685722130697419,1.0,
2008,"Bend-Redmond, OR",597.0,47924.0,109866.0,597.0,20793.0,42590.0,158387.0,63980.0,2.579619629020897,2.3048141201365846,1.0,Bend - OR USA
2020,"Lubbock, TX",12437.0,109416.0,186161.0,12437.0,46993.0,71675.0,308014.0,131105.0,2.5972933379839556,2.3283467750516036,1.0,Lubbock - TX USA
2010,"Raleigh, NC",21740.0,331379.0,784272.0,21740.0,134713.0,287403.0,1137391.0,443856.0,2.7288232899447813,2.459888800635425,1.0,Raleigh - NC USA
2023,"Cincinnati, OH-KY-IN",47768.0,609025.0,1551756.0,47768.0,297104.0,597225.0,2208549.0,942097.0,2.598277031269622,2.049871425494103,1.0,Cincinnati - OH USA
2019,"Madera, CA",8284.0,58896.0,89682.0,8284.0,16317.0,28070.0,156862.0,52671.0,3.1949412183826147,3.6094870380584667,1.0,Madera - CA USA
2006,"Sacramento--Roseville--Arden-Arcade, CA",33232.0,690584.0,1343295.0,33232.0,272381.0,480862.0,2067111.0,786475.0,2.7935145634298406,2.535360395916015,1.0,Sacramento - CA USA
2021,"Virginia Beach-Norfolk-Newport News, VA-NC",66547.0,576881.0,1064457.0,66547.0,259928.0,421100.0,1707885.0,747575.0,2.5278009973877937,2.219387676587363,1.0,Norfolk - VA USA
2023,"Topeka, KS",8002.0,65106.0,191766.0,8002.0,31231.0,77051.0,264874.0,116284.0,2.4888190938469323,2.0846594729595593,1.0,
2020,"Richmond, VA",33123.0,385396.0,894158.0,33123.0,169150.0,333551.0,1312677.0,535824.0,2.680723487562622,2.278427431274017,1.0,Richmond - VA USA
2012,"Bridgeport-Stamford-Norwalk, CT",18496.0,269584.0,645412.0,18496.0,104617.0,229638.0,933492.0,352751.0,2.810562711746314,2.576866092508866,1.0,Stamford - CT USA
2009,"Hickory-Lenoir-Morganton, NC",6075.0,89188.0,270116.0,6075.0,35704.0,99904.0,365379.0,141683.0,2.7037556053811658,2.4979834192247368,1.0,Hickory - NC USA
2014,"Santa Cruz-Watsonville, CA",12649.0,120426.0,139403.0,12649.0,42561.0,53565.0,272478.0,108775.0,2.6025016335293567,2.829491788256855,1.0,Santa Cruz - CA USA
2020,"Springfield, OH",3170.0,36486.0,93130.0,3170.0,15629.0,40431.0,132786.0,59230.0,2.303430535974871,2.334506366370209,1.0,Springfield - OH USA
2013,"Bloomington, IN",13741.0,59203.0,68453.0,13741.0,26151.0,27426.0,141397.0,67318.0,2.4959162838182745,2.2638904821995336,1.0,Bloomington - IN USA
2020,"Gadsden, AL",1450.0,27951.0,75156.0,1450.0,9605.0,27682.0,104557.0,38737.0,2.7149772415287914,2.9100468505986465,1.0,Gadsden - AL USA
2010,"Louisville/Jefferson County, KY-IN",23193.0,352963.0,834386.0,23193.0,155171.0,326573.0,1210542.0,504937.0,2.5549754572484558,2.2746711692262087,1.0,Louisville - KY USA
2017,"Monroe, MI",1640.0,22079.0,126097.0,1640.0,11152.0,48376.0,149816.0,61168.0,2.6066024474946254,1.9798242467718794,1.0,Monroe - MI USA
2006,"Huntsville, AL",10306.0,88368.0,278231.0,10306.0,40407.0,107819.0,376905.0,158532.0,2.580537753086191,2.186947806073205,1.0,Huntsville - AL USA
2005,"Flint, MI",0.0,115322.0,388291.0,,54263.0,147475.0,503613.0,,2.6329276148499745,2.125241877522437,,Flint - MI USA
2015,"Ogden-Clearfield, UT",3918.0,130905.0,444086.0,3918.0,48239.0,132748.0,578909.0,184905.0,3.3453310031036247,2.713675656626381,1.0,Ogden - UT USA
2012,"Yakima, WA",3839.0,96116.0,146714.0,3839.0,30591.0,47882.0,246669.0,82312.0,3.0640741823649806,3.1419698604164625,1.0,Yakima - WA USA
2018,"Baton Rouge, LA",23586.0,238762.0,569442.0,23586.0,94535.0,206974.0,831790.0,325095.0,2.7512731067670337,2.5256465859205584,1.0,Baton Rouge - LA USA
2014,"Austin-Round Rock, TX",40637.0,749131.0,1196923.0,40637.0,305107.0,414546.0,1986691.0,760290.0,2.8873104552932607,2.4553058435237474,1.0,Austin - TX USA
2011,"Panama City, FL",2826.0,61046.0,105618.0,2826.0,26400.0,43483.0,169490.0,72709.0,2.428949244532346,2.312348484848485,1.0,Panama City - FL USA
2021,"Riverside-San Bernardino-Ontario, CA",83727.0,1522721.0,3047119.0,83727.0,499331.0,942271.0,4653567.0,1525329.0,3.2338032264603283,3.04952226078493,1.0,Inland Empire - CA USA
2012,"Niles-Benton Harbor, MI",5139.0,40878.0,109804.0,5139.0,17551.0,42672.0,155821.0,65362.0,2.5732095988001498,2.3290980570907642,1.0,Niles-Benton Harbor - MI USA
2008,"Houston-The Woodlands-Sugar Land, TX",67785.0,1866533.0,3740405.0,67785.0,715822.0,1229572.0,5674723.0,2013179.0,3.0420382051640735,2.6075379074686165,1.0,Houston - TX USA
2020,"Minneapolis-St. Paul-Bloomington, MN-WI",61535.0,879382.0,2756104.0,61535.0,438109.0,1023683.0,3697021.0,1523327.0,2.6923412814318497,2.007221947049707,1.0,Minneapolis - MN USA
2012,"Colorado Springs, CO",17830.0,232618.0,418401.0,17830.0,90038.0,157910.0,668849.0,265778.0,2.6496168703691976,2.5835536106977055,1.0,Colorado Springs - CO USA
2019,"San Diego-Carlsbad, CA",89381.0,1438584.0,1810549.0,89381.0,521372.0,611062.0,3338514.0,1221815.0,2.9629546592653444,2.7592275764713103,1.0,San Diego - CA USA
2005,"Port St. Lucie, FL",0.0,95808.0,280415.0,,37307.0,116950.0,376223.0,,2.3977340743907654,2.568097139946927,,Port St. Lucie - FL USA
2016,"Norwich-New London, CT",12622.0,75150.0,182386.0,12622.0,35629.0,69483.0,270158.0,117734.0,2.6249010549343006,2.109236857615987,1.0,Norwich - CT USA
2015,"Lafayette-West Lafayette, IN",15933.0,72297.0,97399.0,15933.0,32884.0,36973.0,185629.0,85790.0,2.634327752684391,2.1985464055467703,1.0,
2020,"Michigan City-La Porte, IN",8307.0,18574.0,84112.0,8307.0,9026.0,33253.0,110993.0,50586.0,2.5294559889333295,2.0578329270994904,1.0,Michigan City-La Porte - IN USA
2022,"Houston-The Woodlands-Sugar Land, TX",75286.0,2492043.0,4679823.0,75286.0,1047842.0,1604551.0,7247152.0,2727679.0,2.916593489393606,2.3782621807486244,1.0,Houston - TX USA
2018,"Lebanon, PA",3259.0,37235.0,100654.0,3259.0,15253.0,39269.0,141148.0,57781.0,2.5631923400137513,2.441159116239428,1.0,Lebanon - PA USA
2017,"Flagstaff, AZ",13775.0,43279.0,83643.0,13775.0,18179.0,29798.0,140697.0,61752.0,2.80700046983019,2.380714010671654,1.0,Flagstaff - AZ USA
2010,"Midland, TX",1903.0,34888.0,100252.0,1903.0,15117.0,33612.0,137043.0,50632.0,2.982625252885874,2.3078653171925647,1.0,Midland - TX USA
2005,"Spokane-Spokane Valley, WA",0.0,128635.0,293072.0,,62916.0,113858.0,421707.0,,2.574013244567795,2.0445514654459913,,Spokane - WA USA
2023,"State College, PA",22068.0,47461.0,87327.0,22068.0,25589.0,36587.0,156856.0,84244.0,2.3868313881979937,1.8547422720700302,1.0,State College - PA USA
2016,"Dover, DE",5131.0,57073.0,112716.0,5131.0,20965.0,43487.0,174920.0,69583.0,2.5919470186492517,2.722299069878369,1.0,Dover - DE USA
2009,"Barnstable Town, MA",8543.0,40584.0,199125.0,8543.0,21094.0,88267.0,248252.0,117904.0,2.2559393657878934,1.9239594197402106,1.0,Barnstable Town - MA USA
2016,"Ann Arbor, MI",19840.0,123947.0,219726.0,19840.0,57774.0,82307.0,363513.0,159921.0,2.6695906788001023,2.145376813099318,1.0,Ann Arbor - MI USA
2006,"Binghamton, NY",10397.0,58110.0,179070.0,10397.0,30626.0,70877.0,247577.0,111900.0,2.5264895523230386,1.8974074315940703,1.0,Binghamton - NY USA
2023,"Corvallis, OR",6664.0,34647.0,68105.0,6664.0,16604.0,26367.0,109416.0,49635.0,2.582963552926006,2.086665863647314,1.0,
2014,"El Centro, CA",9782.0,74891.0,94637.0,9782.0,18886.0,24748.0,179310.0,53416.0,3.8240261839340555,3.9654241236895054,1.0,El Centro - CA USA
2011,"Lebanon, PA",3019.0,27931.0,103007.0,3019.0,12913.0,38830.0,133957.0,54762.0,2.6527684779809424,2.1630140168822116,1.0,Lebanon - PA USA
2006,"Norwich-New London, CT",10477.0,66751.0,185948.0,10477.0,31108.0,72556.0,263176.0,114141.0,2.5628204421412426,2.145782435386396,1.0,Norwich - CT USA
2012,"Tampa-St. Petersburg-Clearwater, FL",47477.0,989074.0,1806312.0,47477.0,404861.0,727090.0,2842863.0,1179428.0,2.48430318117427,2.4429964852134436,1.0,Tampa - FL USA
2014,"Charleston, WV",3053.0,59059.0,137037.0,3053.0,26535.0,57677.0,199149.0,87265.0,2.3759384156596215,2.225701903146787,1.0,
2005,"Worcester, MA-CT",0.0,214676.0,560759.0,,99263.0,191896.0,775435.0,,2.9222026514361947,2.1626990923103273,,Worcester - MA USA
2005,"Bremerton-Silverdale, WA",0.0,62124.0,174346.0,,28285.0,66111.0,236470.0,,2.6371708187744853,2.196358493901361,,Bremerton - WA USA
2007,"Cape Coral-Fort Myers, FL",3987.0,154076.0,432616.0,3987.0,64120.0,183272.0,590679.0,251379.0,2.3605133353703787,2.402932002495321,1.0,Fort Myers - FL USA
2018,"Yuba City, CA",2063.0,64461.0,108075.0,2063.0,23766.0,34414.0,174599.0,60243.0,3.1404370314406926,2.71232012118152,1.0,Yuba City - CA USA
2014,"Wausau, WI",1920.0,23935.0,110110.0,1920.0,12466.0,42273.0,135965.0,56659.0,2.604735883424408,1.920022461094176,1.0,Wausau - WI USA
2012,"Eugene, OR",7873.0,141080.0,205067.0,7873.0,59966.0,86361.0,354020.0,154200.0,2.3745324857285115,2.352666511022913,1.0,Eugene - OR USA
2021,"Greenville-Anderson-Mauldin, SC",22332.0,251433.0,746359.0,22332.0,111131.0,296003.0,1020124.0,429466.0,2.521457552795073,2.262492013929507,1.0,Greenville - SC USA
2012,"Sacramento--Roseville--Arden-Arcade, CA",39376.0,879976.0,1278051.0,39376.0,319101.0,467763.0,2197403.0,826240.0,2.7322618505525234,2.757672335718158,1.0,Sacramento - CA USA
2020,"Vallejo-Fairfield, CA",10265.0,162817.0,274931.0,10265.0,59116.0,96523.0,448013.0,165904.0,2.848347026097407,2.754195141755193,1.0,Vallejo-Fairfield - CA USA
2019,"Eau Claire, WI",6744.0,40628.0,111762.0,6744.0,20241.0,42978.0,159134.0,69963.0,2.6004467401926568,2.007213082357591,1.0,Eau Claire - WI USA
2009,"Albuquerque, NM",7833.0,251589.0,581802.0,7833.0,107494.0,221532.0,841224.0,336859.0,2.626266182763664,2.3404934228887195,1.0,Albuquerque - NM USA
2018,"Mobile, AL",7409.0,153745.0,253215.0,7409.0,62858.0,95770.0,414369.0,166037.0,2.6439908113187847,2.4459098285023386,1.0,Mobile - AL USA
2020,"Detroit-Warren-Dearborn, MI",43032.0,1094569.0,3083797.0,43032.0,530274.0,1182382.0,4221398.0,1755688.0,2.608122417289844,2.064157397873552,1.0,Detroit - MI USA
2019,"Baltimore-Columbia-Towson, MD",69220.0,827618.0,1852372.0,69220.0,352934.0,691021.0,2749210.0,1113175.0,2.680630545236686,2.3449653476287353,1.0,Baltimore - MD USA
2022,"York-Hanover, PA",7390.0,99576.0,353614.0,7390.0,44467.0,139553.0,460580.0,191410.0,2.533904681375535,2.2393235433017744,1.0,York - PA USA
2023,"Springfield, OH",2636.0,41314.0,90883.0,2636.0,17386.0,37936.0,134833.0,57958.0,2.3956927456769295,2.3762797653284253,1.0,Springfield - OH USA
2012,"Lynchburg, VA",11556.0,61935.0,182700.0,11556.0,26852.0,72421.0,256191.0,110829.0,2.522748926416371,2.3065321018918516,1.0,Lynchburg - VA USA
2005,"Montgomery, AL",0.0,97843.0,237426.0,,42345.0,89460.0,335269.0,,2.6539906103286386,2.310615184791593,,Montgomery - AL USA
2006,"New York-Newark-Jersey City, NY-NJ-PA",435237.0,7954707.0,11041192.0,435237.0,3162853.0,3750317.0,19431136.0,7348407.0,2.9440689947009813,2.515041641201788,1.0,New York - NY USA
2017,"Roanoke, VA",8065.0,94307.0,233483.0,8065.0,43689.0,97520.0,335855.0,149274.0,2.394206316652994,2.1585982741651217,1.0,
2014,"Scranton--Wilkes-Barre--Hazleton, PA",17870.0,140176.0,338225.0,17870.0,61965.0,132931.0,496271.0,212766.0,2.5443651217548955,2.262180263051723,1.0,Scranton - PA USA
2008,"Burlington, NC",3096.0,50896.0,94022.0,3096.0,20820.0,39063.0,148014.0,62979.0,2.406932391265392,2.444572526416907,1.0,Burlington - NC USA
2005,"Atlantic City-Hammonton, NJ",0.0,74409.0,191687.0,,32617.0,69854.0,266096.0,,2.7441091419245858,2.281295030198976,,Atlantic City - NJ USA
2006,"Nashville-Davidson--Murfreesboro--Franklin, TN",32205.0,429056.0,1059320.0,32205.0,189457.0,412689.0,1520581.0,634351.0,2.566872390589524,2.264661638260925,1.0,Nashville - TN USA
2007,"Racine, WI",5315.0,51313.0,138558.0,5315.0,22358.0,52166.0,195186.0,79839.0,2.6560978415059617,2.295062170140442,1.0,Racine - WI USA
2022,"Dayton, OH",24606.0,233432.0,555287.0,24606.0,120098.0,227936.0,813325.0,372640.0,2.4361531307033553,1.9436793285483522,1.0,Dayton - OH USA
2005,"Glens Falls, NY",0.0,27608.0,98912.0,,13055.0,37704.0,126520.0,,2.623382134521536,2.114745308310992,,Glens Falls - NY USA
2015,"Omaha-Council Bluffs, NE-IA",20614.0,302991.0,686295.0,20614.0,133523.0,257129.0,1009900.0,411266.0,2.6690688331537866,2.2692045565183525,1.0,Omaha - NE USA
2016,"Las Cruces, NM",5384.0,80980.0,127666.0,5384.0,30158.0,45601.0,214030.0,81143.0,2.7996315870266004,2.6851913256847273,1.0,Las Cruces - NM USA
2021,"State College, PA",18199.0,44909.0,94710.0,18199.0,19895.0,37624.0,157818.0,75718.0,2.5172762066765895,2.2573008293541093,1.0,State College - PA USA
2018,"Ann Arbor, MI",20141.0,126716.0,224060.0,20141.0,56091.0,86981.0,370917.0,163213.0,2.575964865890252,2.2591146529746307,1.0,Ann Arbor - MI USA
2005,"Florence-Muscle Shoals, AL",0.0,32028.0,107156.0,,15269.0,43429.0,139184.0,,2.4673835455571163,2.0975833387910146,,Florence-Muscle Shoals - AL USA
2014,"Cincinnati, OH-KY-IN",46241.0,652104.0,1400128.0,46241.0,285022.0,523734.0,2098473.0,854997.0,2.6733570858489233,2.2879076001150787,1.0,Cincinnati - OH USA
2017,"Grand Rapids-Wyoming, MI",21019.0,226208.0,687554.0,21019.0,96191.0,248770.0,934781.0,365980.0,2.763813964706355,2.351654520693204,1.0,Grand Rapids - MI USA
2009,"Kingsport-Bristol-Bristol, TN-VA",8380.0,81160.0,245145.0,8380.0,38861.0,103354.0,334685.0,150595.0,2.3718965884242507,2.088469159311392,1.0,Kingsport - TN USA
2013,"Bangor, ME",7613.0,44141.0,102125.0,7613.0,21914.0,40125.0,153879.0,69652.0,2.545171339563863,2.0142831066897875,1.0,Bangor - ME USA
2014,"Naples-Immokalee-Marco Island, FL",4463.0,119443.0,225006.0,4463.0,38212.0,94951.0,348912.0,137626.0,2.369706480184516,3.1257981785826443,1.0,Naples - FL USA
2013,"Grand Junction, CO",3681.0,43775.0,84935.0,3681.0,18171.0,34140.0,132391.0,55992.0,2.4878441710603396,2.4090583897418965,1.0,Grand Junction - CO USA
2017,"Knoxville, TN",19421.0,285294.0,654473.0,19421.0,121517.0,259924.0,959188.0,400862.0,2.5179398593435005,2.347770270826304,1.0,Knoxville - TN USA
2022,"Greenville, NC",5000.0,70399.0,97897.0,5000.0,35333.0,39605.0,173296.0,79938.0,2.4718343643479357,1.9924433249370277,1.0,Greenville - NC USA
2012,"Reading, PA",11777.0,108182.0,292259.0,11777.0,43692.0,107598.0,412218.0,163067.0,2.716212197252737,2.476013915590955,1.0,Reading - PA USA
2009,"Kankakee, IL",5783.0,32291.0,75264.0,5783.0,12208.0,26797.0,113338.0,44788.0,2.8086726126058887,2.6450688073394497,1.0,Kankakee - IL USA
2016,"Merced, CA",5954.0,132693.0,130024.0,5954.0,37618.0,40095.0,268671.0,83667.0,3.242898116972191,3.5273805093306394,1.0,Merced - CA USA
2015,"Springfield, OH",2737.0,45127.0,87715.0,2737.0,18244.0,35988.0,135579.0,56969.0,2.4373402245192843,2.473525542644157,1.0,Springfield - OH USA
2015,"Greenville-Anderson-Mauldin, SC",23864.0,289645.0,637091.0,23864.0,119255.0,244976.0,950600.0,388095.0,2.600626183789432,2.4287870529537545,1.0,Greenville - SC USA
2009,"Miami-Fort Lauderdale-West Palm Beach, FL",84850.0,1878979.0,3519478.0,84850.0,691883.0,1267779.0,5483307.0,2044512.0,2.7760974112996033,2.7157467375264317,1.0,Miami - FL USA
2009,"Odessa, TX",1048.0,45634.0,87950.0,1048.0,18227.0,30444.0,134632.0,49719.0,2.8889107870187885,2.5036484336423985,1.0,Odessa - TX USA
2022,"Hickory-Lenoir-Morganton, NC",8945.0,96670.0,307578.0,8945.0,42202.0,127908.0,413193.0,179055.0,2.404681489820809,2.290649732240178,1.0,Hickory - NC USA
2022,"Jackson, MS",21979.0,165073.0,418056.0,21979.0,75414.0,158301.0,605108.0,255694.0,2.640892982356397,2.1888906569072057,1.0,Jackson - MS USA
2013,"Louisville/Jefferson County, KY-IN",24902.0,359250.0,856112.0,24902.0,156492.0,328977.0,1240264.0,510371.0,2.602346060666855,2.2956445057894332,1.0,Louisville - KY USA
2012,"Kansas City, MO-KS",37728.0,638917.0,1416729.0,37728.0,278386.0,533412.0,2093374.0,849526.0,2.6559751186699962,2.295075901805407,1.0,Kansas City - MO USA
2016,"Yuba City, CA",2567.0,78563.0,90731.0,2567.0,28238.0,30806.0,171861.0,61611.0,2.94523794066091,2.782172958424818,1.0,Yuba City - CA USA
2023,"Modesto, CA",5413.0,209452.0,336447.0,5413.0,69731.0,109420.0,551312.0,184564.0,3.0748217876073842,3.0037142734221507,1.0,Modesto - CA USA
2012,"Daphne-Fairhope-Foley, AL",3261.0,67343.0,120498.0,3261.0,27493.0,50485.0,191102.0,81239.0,2.386807962761216,2.4494598625104573,1.0,Daphne-Fairhope-Foley - AL USA
2018,"Niles-Benton Harbor, MI",3043.0,36119.0,114704.0,3043.0,18618.0,46165.0,153866.0,67826.0,2.4846528755550743,1.9400042969169622,1.0,Niles-Benton Harbor - MI USA
2006,"Sumter, SC",1819.0,34848.0,67754.0,1819.0,12155.0,26874.0,104421.0,40848.0,2.5211728808513807,2.8669683257918552,1.0,Sumter - SC USA
2008,"Reading, PA",15129.0,92160.0,295994.0,15129.0,40755.0,109336.0,403283.0,165220.0,2.707196165947172,2.2613176297386826,1.0,Reading - PA USA
2019,"Allentown-Bethlehem-Easton, PA-NJ",26704.0,250770.0,568245.0,26704.0,103263.0,219038.0,845719.0,349005.0,2.5942758790712115,2.4284593707329827,1.0,Lehigh Valley - PA USA
2015,"Blacksburg-Christiansburg-Radford, VA",13445.0,62572.0,103583.0,13445.0,26534.0,42862.0,179600.0,82841.0,2.4166627782184684,2.3581819552272556,1.0,Blacksburg - VA USA
2017,"San Francisco-Oakland-Hayward, CA",84000.0,1972606.0,2673046.0,84000.0,765861.0,928501.0,4729652.0,1778362.0,2.8788832753007267,2.5756710421342777,1.0,San Francisco - CA USA
2017,"Provo-Orem, UT",14906.0,170243.0,420597.0,14906.0,54431.0,110267.0,605746.0,179604.0,3.8143506216728484,3.1276845915011666,1.0,Provo - UT USA
2012,"Allentown-Bethlehem-Easton, PA-NJ",22799.0,221959.0,582777.0,22799.0,94987.0,219186.0,827535.0,336972.0,2.658824012482549,2.3367302894080244,1.0,Lehigh Valley - PA USA
2011,"San Jose-Sunnyvale-Santa Clara, CA",32129.0,740657.0,1036950.0,32129.0,261792.0,344666.0,1809736.0,638587.0,3.008564813471593,2.8291811820070896,1.0,San Jose - CA USA
2011,"Minneapolis-St. Paul-Bloomington, MN-WI",58048.0,804594.0,2330127.0,58048.0,360746.0,874014.0,3192769.0,1292808.0,2.6660064941751505,2.2303615286101577,1.0,Minneapolis - MN USA
2008,"Detroit-Warren-Dearborn, MI",66262.0,1069127.0,3288861.0,66262.0,445001.0,1209055.0,4424250.0,1720318.0,2.72019138914276,2.402527185332168,1.0,Detroit - MI USA
2021,"Ithaca, NY",14000.0,36635.0,53672.0,14000.0,20113.0,24356.0,104307.0,58469.0,2.2036459188700936,1.8214587580172028,1.0,
2011,"Bakersfield, CA",32583.0,369258.0,450376.0,32583.0,109410.0,145351.0,852217.0,287344.0,3.098540773713287,3.3749931450507265,1.0,Bakersfield - CA USA
2013,"Grand Rapids-Wyoming, MI",20163.0,229935.0,644682.0,20163.0,91221.0,234293.0,894780.0,345677.0,2.7516058951825277,2.520636695497747,1.0,Grand Rapids - MI USA
2006,"Niles-Benton Harbor, MI",4877.0,41321.0,115583.0,4877.0,17873.0,44101.0,161781.0,66851.0,2.6208702750504522,2.31192301236502,1.0,Niles-Benton Harbor - MI USA
2011,"Fort Collins, CO",7658.0,96567.0,187714.0,7658.0,41022.0,74093.0,291939.0,122773.0,2.533491692872471,2.35402954512213,1.0,Fort Collins - CO USA
2022,"Ithaca, NY",15479.0,31543.0,57849.0,15479.0,18003.0,24105.0,104871.0,57587.0,2.399875544492844,1.7520968727434316,1.0,
2020,"Mansfield, OH",6598.0,31330.0,75857.0,6598.0,14485.0,32648.0,113785.0,53731.0,2.3234807645185005,2.1629271660338283,1.0,Mansfield - OH USA
2014,"Atlantic City-Hammonton, NJ",6016.0,80903.0,178423.0,6016.0,31480.0,66161.0,265342.0,103657.0,2.6968002297425975,2.5699809402795424,1.0,Atlantic City - NJ USA
2006,"Lake Charles, LA",3871.0,47111.0,133616.0,3871.0,21646.0,49466.0,184598.0,74983.0,2.70116847935956,2.1764298253718932,1.0,Lake Charles - LA USA
2023,"Chico, CA",6506.0,82063.0,118529.0,6506.0,37702.0,48576.0,207098.0,92784.0,2.4400732872200264,2.1766219298710943,1.0,Chico - CA USA
2009,"San Jose-Sunnyvale-Santa Clara, CA",34379.0,674827.0,1075759.0,34379.0,243140.0,344066.0,1784965.0,621585.0,3.1266065231670668,2.775466809245702,1.0,San Jose - CA USA
2008,"Brownsville-Harlingen, TX",3588.0,116810.0,272450.0,3588.0,38545.0,79014.0,392848.0,121147.0,3.448123117422229,3.0304838500454014,1.0,Brownsville-Harlingen - TX USA
2016,"Salisbury, MD-DE",13838.0,110171.0,276282.0,13838.0,41578.0,107495.0,400291.0,162911.0,2.5701846597516163,2.649742652364231,1.0,Salisbury - MD USA
2006,"Dallas-Fort Worth-Arlington, TX",92241.0,1910432.0,3965874.0,92241.0,755286.0,1319747.0,5968547.0,2167274.0,3.0050259633096346,2.529415347298904,1.0,Dallas-Fort Worth - TX USA
2007,"Bridgeport-Stamford-Norwalk, CT",21440.0,210867.0,662885.0,21440.0,91590.0,232257.0,895192.0,345287.0,2.854101275741958,2.302292826727809,1.0,Stamford - CT USA
2017,"Bismarck, ND",3948.0,32233.0,99712.0,3948.0,18049.0,40591.0,135893.0,62588.0,2.456505136606637,1.785860712504848,1.0,
2023,"Sheboygan, WI",3368.0,25350.0,89233.0,3368.0,13655.0,36196.0,117951.0,53219.0,2.465272405790695,1.8564628341266936,1.0,Sheboygan - WI USA
2019,"Pittsburgh, PA",63850.0,586476.0,1625457.0,63850.0,317571.0,690235.0,2275783.0,1071656.0,2.354932740298594,1.846755528684924,1.0,Pittsburgh - PA USA
2020,"Bakersfield, CA",32725.0,363474.0,501005.0,32725.0,112925.0,160144.0,897204.0,305794.0,3.128465630932161,3.218720389639141,1.0,Bakersfield - CA USA
2009,"Lancaster, PA",13238.0,130346.0,364000.0,13238.0,55625.0,132949.0,507584.0,201812.0,2.737891973613942,2.343298876404494,1.0,Lancaster - PA USA
2006,"Phoenix-Mesa-Scottsdale, AZ",60128.0,1235366.0,2798363.0,60128.0,452510.0,993588.0,4093857.0,1506226.0,2.8164218972048776,2.7300302755740207,1.0,Phoenix - AZ USA
2009,"Portland-South Portland, ME",13358.0,127971.0,410359.0,13358.0,60962.0,162787.0,551688.0,237107.0,2.5208339732288203,2.0991929398641775,1.0,Portland - ME USA
2017,"Boston-Cambridge-Newton, MA-NH",169733.0,1594653.0,3125264.0,169733.0,698765.0,1144113.0,4889650.0,2012611.0,2.7316043083156996,2.282101994232682,1.0,Boston - MA USA
2009,"Napa, CA",2775.0,51491.0,80364.0,2775.0,18075.0,30939.0,134630.0,51789.0,2.5974983031125762,2.848741355463347,1.0,Napa - CA USA
2008,"New Orleans-Metairie, LA",24876.0,361144.0,809809.0,24876.0,131217.0,276319.0,1195829.0,432412.0,2.93070328135235,2.752265331473818,1.0,New Orleans - LA USA
2013,"Napa, CA",3886.0,52366.0,83789.0,3886.0,17414.0,30069.0,140041.0,51369.0,2.7865575842229537,3.007120707476743,1.0,Napa - CA USA
2013,"Utica-Rome, NY",15017.0,86682.0,175018.0,15017.0,39234.0,69086.0,276717.0,123337.0,2.5333352632950237,2.209359229239945,1.0,Utica - NY USA
2010,"North Port-Sarasota-Bradenton, FL",8653.0,196310.0,498539.0,8653.0,74010.0,215439.0,703502.0,298102.0,2.314061056726034,2.652479394676395,1.0,Sarasota - FL USA
2015,"Harrisonburg, VA",9529.0,48892.0,73086.0,9529.0,19313.0,28287.0,131507.0,57129.0,2.58373104252837,2.5315590534872885,1.0,
2021,"Las Cruces, NM",5657.0,73665.0,142511.0,5657.0,31962.0,53060.0,221833.0,90679.0,2.6858462118356576,2.3047681621926035,1.0,Las Cruces - NM USA
2007,"Durham-Chapel Hill, NC",17917.0,154161.0,270184.0,17917.0,69105.0,105305.0,442262.0,192327.0,2.565728123071079,2.230822661167788,1.0,Durham - NC USA
2006,"Laredo, TX",1718.0,76979.0,152926.0,1718.0,21268.0,39117.0,231623.0,62103.0,3.909451133778153,3.619475268008275,1.0,Laredo - TX USA
2019,"Anniston-Oxford-Jacksonville, AL",2861.0,32678.0,77949.0,2861.0,13144.0,31492.0,113488.0,47497.0,2.475200050806554,2.4861533779671334,1.0,Anniston-Oxford - AL USA
2005,"Mobile, AL",0.0,116381.0,276356.0,,49006.0,101431.0,392737.0,,2.7245713835020853,2.374831653266947,,Mobile - AL USA
2012,"Gadsden, AL",1531.0,32523.0,70303.0,1531.0,12357.0,26674.0,104357.0,40562.0,2.635637699632601,2.631949502306385,1.0,Gadsden - AL USA
2015,"Atlantic City-Hammonton, NJ",6244.0,79434.0,177419.0,6244.0,31325.0,65632.0,263097.0,103201.0,2.7032392735251096,2.535802075019952,1.0,Atlantic City - NJ USA
2013,"Fort Wayne, IN",6267.0,102526.0,254950.0,6267.0,44996.0,97538.0,363743.0,148801.0,2.613853062396194,2.2785580940528045,1.0,Fort Wayne - IN USA
2020,"Florence, SC",4019.0,60708.0,143173.0,4019.0,25146.0,52667.0,207900.0,81832.0,2.718457478117227,2.4142209496540206,1.0,
2017,"Charlotte-Concord-Gastonia, NC-SC",38697.0,834002.0,1690702.0,38697.0,329980.0,628098.0,2563401.0,996775.0,2.6917805820110874,2.5274319655736712,1.0,Charlotte - NC USA
2018,"Bridgeport-Stamford-Norwalk, CT",17999.0,298821.0,627106.0,17999.0,118329.0,227303.0,943926.0,363631.0,2.7588989146645666,2.525340364576731,1.0,Stamford - CT USA
2021,"Decatur, IL",2841.0,28567.0,70907.0,2841.0,13503.0,30412.0,102315.0,46756.0,2.33154675785874,2.115603939865215,1.0,Decatur - IL USA
2010,"Hickory-Lenoir-Morganton, NC",6424.0,91017.0,268009.0,6424.0,36241.0,104086.0,365450.0,146751.0,2.574880387371981,2.5114373223696917,1.0,Hickory - NC USA
2019,"Jackson, MI",9028.0,31144.0,117761.0,9028.0,16150.0,45253.0,157933.0,70431.0,2.6022805117892736,1.928421052631579,1.0,Jackson - MI USA
2013,"Santa Cruz-Watsonville, CA",10877.0,101807.0,155820.0,10877.0,37289.0,56693.0,268504.0,104859.0,2.7484874675885913,2.730215345007911,1.0,Santa Cruz - CA USA
2006,"Bloomington, IL",13079.0,42095.0,106065.0,13079.0,20220.0,41480.0,161239.0,74779.0,2.5570154291224685,2.081849653808111,1.0,Bloomington - IL USA
2014,"Des Moines-West Des Moines, IA",15210.0,177428.0,479098.0,15210.0,78122.0,180702.0,671736.0,274034.0,2.651315425396509,2.27116561275953,1.0,
2020,"Port St. Lucie, FL",7714.0,115675.0,383865.0,7714.0,40729.0,146580.0,507254.0,195023.0,2.618808841588211,2.840113923739841,1.0,Port St. Lucie - FL USA
2021,"Binghamton, NY",10860.0,60823.0,160840.0,10860.0,33173.0,67103.0,232523.0,111136.0,2.396912209588245,1.8335091791517197,1.0,Binghamton - NY USA
2021,"Raleigh, NC",22832.0,424088.0,1056368.0,22832.0,183100.0,385996.0,1503288.0,591928.0,2.736733023140136,2.3161551064991808,1.0,Raleigh - NC USA
2013,"Greensboro-High Point, NC",20253.0,281223.0,487043.0,20253.0,116060.0,191719.0,788519.0,328032.0,2.540400273316677,2.423082888161296,1.0,Greensboro - NC USA
2016,"Utica-Rome, NY",13682.0,75605.0,188305.0,13682.0,31737.0,73709.0,277592.0,119128.0,2.5547083802520723,2.3822352459274665,1.0,Utica - NY USA
2014,"Champaign-Urbana, IL",16125.0,80539.0,110918.0,16125.0,34704.0,46643.0,207582.0,97472.0,2.378020281714298,2.3207411249423697,1.0,Champaign-Urbana - IL USA
2011,"Auburn-Opelika, AL",5236.0,52323.0,85607.0,5236.0,22527.0,33560.0,143166.0,61323.0,2.550864123957092,2.3226794513250764,1.0,Auburn-Opelika - AL USA
2010,"Kennewick-Richland, WA",3708.0,77470.0,174575.0,3708.0,27732.0,58895.0,255753.0,90335.0,2.964173529162068,2.7935237271022646,1.0,Kennewick-Richland - WA USA
2023,"Charleston, WV",3065.0,46261.0,125405.0,3065.0,22684.0,54279.0,174731.0,80028.0,2.310377862525102,2.039366954681714,1.0,
2019,"Morgantown, WV",8595.0,39884.0,90471.0,8595.0,17820.0,35309.0,138950.0,61724.0,2.5622645784360927,2.2381593714927046,1.0,Morgantown - WV USA
2012,"Modesto, CA",5753.0,245956.0,269838.0,5753.0,75615.0,91881.0,521547.0,173249.0,2.9368204525418746,3.252740858295312,1.0,Modesto - CA USA
2005,"Springfield, OH",0.0,35007.0,103292.0,,14899.0,39376.0,138299.0,,2.6232222673709873,2.3496207799181152,,Springfield - OH USA
2019,"Rocky Mount, NC",3160.0,50484.0,92551.0,3160.0,22067.0,36464.0,146195.0,61691.0,2.538147213690215,2.2877600036253227,1.0,Rocky Mount - NC USA
2019,"Naples-Immokalee-Marco Island, FL",2845.0,100045.0,281092.0,2845.0,35856.0,104722.0,383982.0,143423.0,2.6841733351158306,2.7901885319053994,1.0,Naples - FL USA
2007,"Waco, TX",8357.0,77439.0,142125.0,8357.0,32293.0,50568.0,227921.0,91218.0,2.8105719031798766,2.3980119530548416,1.0,Waco - TX USA
2020,"Napa, CA",4154.0,46819.0,83034.0,4154.0,16872.0,31054.0,134007.0,52080.0,2.673858440136536,2.7749525841631106,1.0,Napa - CA USA
2013,"St. Louis, MO-IL",59811.0,771232.0,2004229.0,59811.0,343925.0,778143.0,2835272.0,1181879.0,2.5756564024864326,2.242442392963582,1.0,Saint Louis - MO USA
2021,"Salisbury, MD-DE",12623.0,101439.0,315298.0,12623.0,42604.0,134399.0,429360.0,189626.0,2.345984717148193,2.3809736175007044,1.0,Salisbury - MD USA
2019,"Blacksburg-Christiansburg-Radford, VA",14120.0,68004.0,100208.0,14120.0,27319.0,41111.0,182332.0,82550.0,2.4374984797256207,2.4892565613675464,1.0,Blacksburg - VA USA
2006,"Las Vegas-Henderson-Paradise, NV",19322.0,672829.0,1085326.0,19322.0,262848.0,402661.0,1777477.0,684831.0,2.695383958217955,2.559764578767957,1.0,Las Vegas - NV USA
2013,"Austin-Round Rock, TX",39775.0,714299.0,1169450.0,39775.0,291683.0,412963.0,1923524.0,744421.0,2.831851763959483,2.4488880051288557,1.0,Austin - TX USA
2018,"Providence-Warwick, RI-MA",54470.0,542512.0,1046422.0,54470.0,241283.0,391921.0,1643404.0,687674.0,2.669981960650233,2.2484468445767005,1.0,Providence - RI USA
2014,"Harrisonburg, VA",9264.0,51997.0,69488.0,9264.0,19523.0,27528.0,130749.0,56315.0,2.5242662016855566,2.663371408082774,1.0,
2006,"Pueblo, CO",3275.0,44881.0,98144.0,3275.0,18335.0,38220.0,146300.0,59830.0,2.567870225013082,2.447832015271339,1.0,Pueblo - CO USA
2009,"Clarksville, TN-KY",11192.0,94888.0,169459.0,11192.0,36616.0,65306.0,275539.0,113114.0,2.5948458028358803,2.5914354380598645,1.0,Clarksville - TN USA
2007,"Lebanon, PA",4299.0,26328.0,97347.0,4299.0,12659.0,37451.0,127974.0,54409.0,2.5993164401484607,2.0797851331068804,1.0,Lebanon - PA USA
2007,"Cincinnati, OH-KY-IN",51261.0,532662.0,1483102.0,51261.0,242860.0,540941.0,2067025.0,835062.0,2.7417075059941842,2.1932883142551263,1.0,Cincinnati - OH USA
2020,"Tampa-St. Petersburg-Clearwater, FL",49506.0,933968.0,2271946.0,49506.0,401568.0,884669.0,3255420.0,1335743.0,2.5681311315305497,2.3258028528169574,1.0,Tampa - FL USA
2005,"Fayetteville-Springdale-Rogers, AR-MO",0.0,121393.0,235167.0,,51111.0,89963.0,356560.0,,2.614041328101553,2.3750855980121695,,Northwest Arkansas - AR USA
2008,"Altoona, PA",4307.0,26645.0,94258.0,4307.0,14376.0,36478.0,125210.0,55161.0,2.5839684193212347,1.853436282693378,1.0,Altoona - PA USA
2022,"Bloomington, IL",8741.0,45258.0,117319.0,8741.0,22651.0,46228.0,171318.0,77620.0,2.5378342130310636,1.9980574809059202,1.0,Bloomington - IL USA
2015,"Canton-Massillon, OH",9204.0,112632.0,280870.0,9204.0,50125.0,112742.0,402706.0,172071.0,2.491263238189849,2.247022443890274,1.0,Canton - OH USA
2019,"Myrtle Beach-Conway-North Myrtle Beach, SC-NC",5176.0,131546.0,360429.0,5176.0,48616.0,150145.0,497151.0,203937.0,2.4005394785041125,2.705817014974494,1.0,
2018,"Bloomington, IN",15472.0,55978.0,75630.0,15472.0,25784.0,31317.0,147080.0,72573.0,2.4149822779959766,2.171036301582377,1.0,Bloomington - IN USA
2014,"El Paso, TX",15189.0,286739.0,531229.0,15189.0,98648.0,157086.0,833157.0,270923.0,3.381771768330723,2.9066884275403453,1.0,El Paso - TX USA
2008,"Midland, TX",947.0,31315.0,97295.0,947.0,13899.0,33061.0,129557.0,47907.0,2.942893439399897,2.2530397870350387,1.0,Midland - TX USA
2015,"Anchorage, AK",12469.0,146485.0,299377.0,12469.0,55248.0,102265.0,458331.0,169982.0,2.9274629638683813,2.6514081957717925,1.0,Anchorage - AK USA
2008,"Billings, MT",3446.0,36309.0,102589.0,3446.0,17843.0,38793.0,142344.0,60082.0,2.6445234965071016,2.0349156531973325,1.0,Billings - MT USA
2010,"Santa Cruz-Watsonville, CA",21193.0,99214.0,142235.0,21193.0,36920.0,54344.0,262642.0,112457.0,2.6173082585013985,2.68726977248104,1.0,Santa Cruz - CA USA
2008,"Youngstown-Warren-Boardman, OH-PA",19246.0,126238.0,420775.0,19246.0,65329.0,169608.0,566259.0,254183.0,2.4808676477524645,1.9323424512850342,1.0,Youngstown - OH USA
2005,"Kennewick-Richland, WA",0.0,56617.0,158143.0,,21368.0,53972.0,214760.0,,2.930093381753502,2.6496162485960313,,Kennewick-Richland - WA USA
2017,"Ocean City, NJ",2286.0,25322.0,77736.0,2286.0,11184.0,33307.0,105344.0,46777.0,2.3339237998018434,2.2641273247496425,1.0,Ocean City - NJ USA
2019,"North Port-Sarasota-Bradenton, FL",9801.0,207760.0,619177.0,9801.0,78097.0,254484.0,836738.0,342382.0,2.4330684836767733,2.6602814448698413,1.0,Sarasota - FL USA
2008,"Nashville-Davidson--Murfreesboro--Franklin, TN",36551.0,454152.0,1129790.0,36551.0,194620.0,436850.0,1620493.0,668021.0,2.5862195261531418,2.333532011098551,1.0,Nashville - TN USA
2015,"Wichita Falls, TX",16370.0,43942.0,72528.0,16370.0,19599.0,28470.0,132840.0,64439.0,2.5475237091675447,2.242053165977856,1.0,Wichita Falls - TX USA
2010,"Harrisburg-Carlisle, PA",21185.0,139206.0,389328.0,21185.0,67191.0,154476.0,549719.0,242852.0,2.5203138351588596,2.0717953297316605,1.0,Harrisburg - PA USA
2017,"Canton-Massillon, OH",9276.0,119007.0,271497.0,9276.0,53707.0,111766.0,399780.0,174749.0,2.4291555571461805,2.2158564060550767,1.0,Canton - OH USA
2018,"Little Rock-North Little Rock-Conway, AR",12435.0,224181.0,475014.0,12435.0,95391.0,177614.0,711630.0,285440.0,2.674417557174547,2.3501273705066517,1.0,Little Rock - AR USA
2015,"Pittsburgh, PA",63535.0,597112.0,1642058.0,63535.0,298463.0,670790.0,2302705.0,1032788.0,2.447946451199332,2.000623192824571,1.0,Pittsburgh - PA USA
2017,"Urban Honolulu, HI",37182.0,368413.0,582731.0,37182.0,137811.0,174815.0,988326.0,349808.0,3.333415324771902,2.6733207073455674,1.0,Honolulu - HI USA
2013,"Lafayette-West Lafayette, IN",14050.0,71775.0,93762.0,14050.0,32694.0,35748.0,179587.0,82492.0,2.622860020140987,2.195356946228666,1.0,
2005,"Chicago-Naperville-Elgin, IL-IN-WI",0.0,2576021.0,6688576.0,,1055453.0,2295777.0,9264597.0,,2.913425824895014,2.4406780785122595,,Chicago - IL USA
2017,"Joplin, MO",3490.0,53532.0,121639.0,3490.0,23397.0,45740.0,178661.0,72627.0,2.6593572365544382,2.287985639184511,1.0,Joplin - MO USA
2015,"Wichita, KS",9126.0,204329.0,398937.0,9126.0,84296.0,148092.0,612392.0,241514.0,2.693845717526943,2.4239465692322293,1.0,Wichita - KS USA
2016,"Goldsboro, NC",3327.0,53030.0,68252.0,3327.0,19581.0,27659.0,124609.0,50567.0,2.4676235583354424,2.708237577243246,1.0,Goldsboro - NC USA
2018,"Laredo, TX",3356.0,102432.0,169953.0,3356.0,29209.0,46092.0,275741.0,78657.0,3.6872559229367354,3.5068643226402822,1.0,Laredo - TX USA
2022,"Rocky Mount, NC",2377.0,54164.0,87493.0,2377.0,23131.0,35565.0,144034.0,61073.0,2.4600871643469704,2.3416194717046386,1.0,Rocky Mount - NC USA
2010,"Muskegon, MI",7121.0,45024.0,119875.0,7121.0,18317.0,47575.0,172020.0,73013.0,2.5197057277982133,2.458044439591636,1.0,Muskegon - MI USA
2019,"Raleigh, NC",25949.0,446739.0,976030.0,25949.0,188733.0,353365.0,1448718.0,568047.0,2.7621015097703507,2.3670423296402854,1.0,Raleigh - NC USA
2021,"Buffalo-Cheektowaga-Niagara Falls, NY",27256.0,314508.0,820276.0,27256.0,162748.0,341097.0,1162040.0,531101.0,2.4048173979835648,1.9324845773834394,1.0,Buffalo - NY USA
2016,"Pittsburgh, PA",65032.0,580779.0,1649868.0,65032.0,295041.0,670854.0,2295679.0,1030927.0,2.459354792548006,1.968468789083551,1.0,Pittsburgh - PA USA
2005,"La Crosse-Onalaska, WI-MN",0.0,33809.0,76726.0,,14576.0,31198.0,110535.0,,2.4593243156612603,2.3194978046103185,,La Crosse-Onalaska - WI USA
2005,"Yakima, WA",0.0,76945.0,156815.0,,26259.0,51210.0,233760.0,,3.0621948838117556,2.9302334437716593,,Yakima - WA USA
2021,"Chicago-Naperville-Elgin, IL-IN-WI",152184.0,2752848.0,6556024.0,152184.0,1246848.0,2405440.0,9461056.0,3804472.0,2.725498869229746,2.207845703726517,1.0,Chicago - IL USA
2016,"Montgomery, AL",12460.0,125805.0,238054.0,12460.0,52892.0,92955.0,376319.0,158307.0,2.5609596041095153,2.378526053089314,1.0,Montgomery - AL USA
2013,"Greenville, NC",6314.0,76763.0,91629.0,6314.0,31711.0,35862.0,174706.0,73887.0,2.555044336623724,2.420705748793794,1.0,Greenville - NC USA
2015,"Monroe, MI",1106.0,23208.0,125105.0,1106.0,11082.0,47803.0,149419.0,59991.0,2.6170951613915445,2.094206821873308,1.0,Monroe - MI USA
2009,"Sumter, SC",4036.0,29871.0,70644.0,4036.0,10829.0,26937.0,104551.0,41802.0,2.6225637598841742,2.7584264475020777,1.0,Sumter - SC USA
2021,"Detroit-Warren-Dearborn, MI",41354.0,1084908.0,3150360.0,41354.0,497656.0,1227469.0,4276622.0,1766479.0,2.5665495421880307,2.180036008809298,1.0,Detroit - MI USA
2020,"Stockton-Lodi, CA",18178.0,304457.0,441081.0,18178.0,94785.0,136701.0,763716.0,249664.0,3.2266113634867337,3.212079970459461,1.0,Stockton - CA USA
2006,"Elkhart-Goshen, IN",2770.0,51778.0,143651.0,2770.0,20442.0,50284.0,198199.0,73496.0,2.856793413411821,2.532922414636533,1.0,Elkhart - IN USA
2009,"Palm Bay-Melbourne-Titusville, FL",7268.0,136178.0,393280.0,7268.0,59098.0,161192.0,536726.0,227558.0,2.4398233162936127,2.304274256320011,1.0,Melbourne - FL USA
2009,"Phoenix-Mesa-Scottsdale, AZ",69944.0,1476498.0,2870421.0,69944.0,502481.0,991992.0,4416863.0,1564417.0,2.89359289187816,2.938415581882698,1.0,Phoenix - AZ USA
2022,"Kansas City, MO-KS",33640.0,659558.0,1571175.0,33640.0,322594.0,595597.0,2264373.0,951831.0,2.6379834015282144,2.0445451558305487,1.0,Kansas City - MO USA
2012,"Ithaca, NY",13490.0,37594.0,51392.0,13490.0,16892.0,21377.0,102476.0,51759.0,2.404079150488843,2.2255505564764384,1.0,
2020,"Santa Fe, NM",3599.0,36641.0,114153.0,3599.0,20438.0,49500.0,154393.0,73537.0,2.3061212121212122,1.7927879440258343,1.0,Santa Fe - NM USA
2017,"Raleigh, NC",24851.0,437352.0,930374.0,24851.0,172159.0,343710.0,1392577.0,540720.0,2.706857525239301,2.5403957969086717,1.0,Raleigh - NC USA
2010,"Salt Lake City, UT",14667.0,296340.0,723231.0,14667.0,108994.0,229938.0,1034238.0,353599.0,3.145330480390366,2.71886525863809,1.0,Salt Lake City - UT USA
2011,"Mansfield, OH",7236.0,34308.0,82542.0,7236.0,15955.0,32660.0,124086.0,55851.0,2.527311696264544,2.1502977123158886,1.0,Mansfield - OH USA
2011,"Dallas-Fort Worth-Arlington, TX",81382.0,2286934.0,4127812.0,81382.0,889203.0,1399969.0,6496128.0,2370554.0,2.948502431125261,2.5718919076971174,1.0,Dallas-Fort Worth - TX USA
2008,"Anniston-Oxford-Jacksonville, AL",2774.0,28312.0,82251.0,2774.0,11703.0,34937.0,113337.0,49414.0,2.354266250679795,2.4192087498931896,1.0,Anniston-Oxford - AL USA
2020,"Springfield, IL",4210.0,47902.0,143303.0,4210.0,24859.0,62961.0,195415.0,92030.0,2.276059783040295,1.926947986644676,1.0,Springfield - IL USA
2005,"Fayetteville, NC",0.0,124796.0,156859.0,,51300.0,65620.0,281655.0,,2.3904145077720207,2.432670565302144,,Fayetteville - NC USA
2009,"San Antonio-New Braunfels, TX",68626.0,688112.0,1468970.0,68626.0,254902.0,489205.0,2225708.0,812733.0,3.002769799981603,2.6995158923821703,1.0,San Antonio - TX USA
2015,"Baltimore-Columbia-Towson, MD",68288.0,868440.0,1812003.0,68288.0,353089.0,666337.0,2748731.0,1087714.0,2.7193492181883943,2.459549858534251,1.0,Baltimore - MD USA
2023,"Beckley, WV",4412.0,24775.0,82317.0,4412.0,11665.0,33182.0,111504.0,49259.0,2.4807727080947504,2.123874839262752,1.0,
2008,"McAllen-Edinburg-Mission, TX",4969.0,201127.0,520458.0,4969.0,64611.0,146941.0,726554.0,216521.0,3.5419522121123443,3.1128909937936267,1.0,McAllen - TX USA
2020,"New Orleans-Metairie, LA",21257.0,407256.0,831367.0,21257.0,174027.0,318382.0,1259880.0,513666.0,2.611224880803563,2.3401885914254685,1.0,New Orleans - LA USA
2008,"Akron, OH",18862.0,188148.0,491632.0,18862.0,89346.0,192386.0,698642.0,300594.0,2.5554458224610936,2.105835739708549,1.0,Akron - OH USA
2014,"San Antonio-New Braunfels, TX",42374.0,809169.0,1408214.0,42374.0,297655.0,464004.0,2259757.0,804033.0,3.0349178024327377,2.71847944768272,1.0,San Antonio - TX USA
2019,"Roanoke, VA",9244.0,89065.0,236235.0,9244.0,41148.0,93651.0,334544.0,144043.0,2.522503763974757,2.164503742587732,1.0,
2021,"San Luis Obispo-Paso Robles-Arroyo Grande, CA",13430.0,97251.0,172857.0,13430.0,38326.0,69245.0,283538.0,121001.0,2.4963102029027366,2.5374680373636695,1.0,San Luis Obispo - CA USA
2018,"Cleveland-Elyria, OH",41735.0,634792.0,1378749.0,41735.0,306532.0,559506.0,2055276.0,907773.0,2.4642255847122283,2.070883300927799,1.0,Cleveland - OH USA
2016,"Gulfport-Biloxi-Pascagoula, MS",5745.0,135280.0,203431.0,5745.0,49237.0,77666.0,344456.0,132648.0,2.619305745113692,2.747527266080387,1.0,Gulfport-Biloxi-Pascagoula - MS USA
2019,"Albuquerque, NM",11995.0,274460.0,616971.0,11995.0,112993.0,236396.0,903426.0,361384.0,2.6099045669131455,2.4290000265503173,1.0,Albuquerque - NM USA
2016,"Barnstable Town, MA",3351.0,49796.0,189349.0,3351.0,23171.0,80071.0,242496.0,106593.0,2.364763772152215,2.149065642397825,1.0,Barnstable Town - MA USA
2018,"Lewiston-Auburn, ME",3163.0,33241.0,71293.0,3163.0,17830.0,27067.0,107697.0,48060.0,2.6339453947611484,1.8643297812675266,1.0,Lewiston-Auburn - ME USA
2007,"Medford, OR",3747.0,65221.0,130197.0,3747.0,30055.0,51560.0,199165.0,85362.0,2.525155159038014,2.1700548993511894,1.0,Medford - OR USA
2019,"Baton Rouge, LA",24262.0,236763.0,572417.0,24262.0,92598.0,205045.0,833442.0,321905.0,2.7916652442146845,2.5568910775610703,1.0,Baton Rouge - LA USA
2007,"Austin-Round Rock, TX",36842.0,576300.0,1044359.0,36842.0,240839.0,366575.0,1657501.0,644256.0,2.8489640591966174,2.392884873297099,1.0,Austin - TX USA
2015,"Salinas, CA",19436.0,247599.0,226098.0,19436.0,71058.0,73413.0,493133.0,163907.0,3.079808753218095,3.4844633960989615,1.0,Salinas - CA USA
2006,"Greeley, CO",3961.0,66634.0,166234.0,3961.0,23780.0,57280.0,236829.0,85021.0,2.9021298882681563,2.802102607232969,1.0,Greeley - CO USA
2011,"Bloomington, IL",8207.0,52820.0,109480.0,8207.0,22247.0,40993.0,170507.0,71447.0,2.670699875588515,2.374252708230323,1.0,Bloomington - IL USA
2020,"Shreveport-Bossier City, LA",9628.0,144862.0,252306.0,9628.0,61699.0,95840.0,406796.0,167167.0,2.6325751252086813,2.3478824616282274,1.0,Shreveport - LA USA
2020,"Pueblo, CO",5113.0,52793.0,107359.0,5113.0,22756.0,42509.0,165265.0,70378.0,2.5255592933261193,2.319959571102127,1.0,Pueblo - CO USA
2020,"Pittsfield, MA",6134.0,22191.0,93059.0,6134.0,12834.0,42342.0,121384.0,61310.0,2.197794152378253,1.7290790088826555,1.0,Pittsfield - MA USA
2018,"Mansfield, OH",7110.0,34828.0,79394.0,7110.0,15814.0,32291.0,121332.0,55215.0,2.458703663559506,2.202352346022512,1.0,Mansfield - OH USA
2022,"Ocean City, NJ",1388.0,23150.0,81443.0,1388.0,13732.0,39395.0,105981.0,54515.0,2.0673435715192285,1.6858432857558987,1.0,Ocean City - NJ USA
2018,"Kansas City, MO-KS",37477.0,670126.0,1488105.0,37477.0,299655.0,556364.0,2195708.0,893496.0,2.674696781243934,2.236325107206621,1.0,Kansas City - MO USA
2014,"Charlotte-Concord-Gastonia, NC-SC",38999.0,805544.0,1574541.0,38999.0,319840.0,580682.0,2419084.0,939521.0,2.711537468011752,2.518584292146073,1.0,Charlotte - NC USA
2017,"Salinas, CA",17400.0,227810.0,252668.0,17400.0,65545.0,77166.0,497878.0,160111.0,3.274343622839074,3.475627431535586,1.0,Salinas - CA USA
2013,"Reno, NV",6977.0,190443.0,236859.0,6977.0,72017.0,92578.0,434279.0,171572.0,2.5584804165136426,2.644417290361998,1.0,Reno - NV USA
2006,"Orlando-Kissimmee-Sanford, FL",29542.0,622068.0,1332799.0,29542.0,250044.0,499886.0,1984409.0,779472.0,2.666205894944047,2.48783414119115,1.0,Orlando - FL USA
2009,"Wichita Falls, TX",12046.0,42096.0,73516.0,12046.0,18708.0,30567.0,127658.0,61321.0,2.4050773710210356,2.250160359204618,1.0,Wichita Falls - TX USA
2014,"Pittsburgh, PA",64894.0,597012.0,1644848.0,64894.0,300667.0,670417.0,2306754.0,1035978.0,2.453470004489743,1.9856252930983447,1.0,Pittsburgh - PA USA
2011,"Madera, CA",11126.0,61697.0,79697.0,11126.0,15994.0,24791.0,152520.0,51911.0,3.2147553547658423,3.857509065899712,1.0,Madera - CA USA
2013,"Albuquerque, NM",12422.0,285373.0,589399.0,12422.0,113029.0,218274.0,887194.0,343725.0,2.7002712187434144,2.5247768271859434,1.0,Albuquerque - NM USA
2021,"Huntsville, AL",15281.0,110174.0,338260.0,15281.0,55621.0,133788.0,463715.0,204690.0,2.52832840015547,1.9807986192265512,1.0,Huntsville - AL USA
2012,"Amarillo, TX",8278.0,82913.0,156126.0,8278.0,33452.0,58219.0,247317.0,99949.0,2.681701849911541,2.4785663039579098,1.0,Amarillo - TX USA
2007,"Jackson, MI",10657.0,34800.0,117637.0,10657.0,15932.0,45032.0,163094.0,71621.0,2.61229792147806,2.184283203615365,1.0,Jackson - MI USA
2018,"San Luis Obispo-Paso Robles-Arroyo Grande, CA",17118.0,103539.0,163627.0,17118.0,40866.0,65332.0,284284.0,123316.0,2.5045460111430846,2.533622081926296,1.0,San Luis Obispo - CA USA
2005,"Racine, WI",0.0,48487.0,142931.0,,21438.0,53477.0,191418.0,,2.6727565121454084,2.2617315048045525,,Racine - WI USA
2012,"Flagstaff, AZ",9726.0,48368.0,78437.0,9726.0,18114.0,28253.0,136531.0,56093.0,2.7762361519130714,2.6701998454234293,1.0,Flagstaff - AZ USA
2023,"Elkhart-Goshen, IN",2378.0,49393.0,154622.0,2378.0,20804.0,52634.0,206393.0,75816.0,2.937682866588137,2.3742068832916745,1.0,Elkhart - IN USA
2011,"Tucson, AZ",22700.0,366027.0,599986.0,22700.0,145176.0,234627.0,988713.0,402503.0,2.5571907751452305,2.5212638452636797,1.0,Tucson - AZ USA
2005,"Albuquerque, NM",0.0,223115.0,543755.0,,101531.0,212953.0,766870.0,,2.5534038027170314,2.1975061803784066,,Albuquerque - NM USA
2010,"Akron, OH",14847.0,195128.0,492513.0,14847.0,87387.0,194136.0,702488.0,296370.0,2.536948324885647,2.2329179397393206,1.0,Akron - OH USA
2020,"Santa Rosa, CA",8214.0,174585.0,300859.0,8214.0,73761.0,117778.0,483658.0,199753.0,2.5544583878143627,2.3669012079554235,1.0,Santa Rosa - CA USA
2023,"Lafayette, LA",4559.0,134402.0,342886.0,4559.0,61050.0,132283.0,481847.0,197892.0,2.5920639840342297,2.2015069615069613,1.0,Lafayette - LA USA
2014,"Sheboygan, WI",2099.0,28345.0,84023.0,2099.0,14598.0,31906.0,114467.0,48603.0,2.6334545226603145,1.9417043430606933,1.0,Sheboygan - WI USA
2010,"Vineland-Bridgeton, NJ",15190.0,50009.0,92420.0,15190.0,16126.0,34111.0,157619.0,65427.0,2.7093899328662308,3.101141014510728,1.0,Vineland - NJ USA
2006,"Riverside-San Bernardino-Ontario, CA",75397.0,1219286.0,2731486.0,75397.0,399132.0,836757.0,4026169.0,1311286.0,3.2643718546722647,3.054844011504966,1.0,Inland Empire - CA USA
2022,"Topeka, KS",7984.0,67095.0,189043.0,7984.0,33215.0,76908.0,264122.0,118107.0,2.4580407759920946,2.0200210748155953,1.0,
2018,"Scranton--Wilkes-Barre--Hazleton, PA",15387.0,146023.0,327615.0,15387.0,66155.0,135880.0,489025.0,217422.0,2.4110612304974977,2.2072859194316377,1.0,Scranton - PA USA
2009,"Bend-Redmond, OR",858.0,51515.0,106260.0,858.0,20585.0,43300.0,158633.0,64743.0,2.454041570438799,2.502550400777265,1.0,Bend - OR USA
2019,"Punta Gorda, FL",3080.0,36714.0,149117.0,3080.0,13508.0,63081.0,188911.0,79669.0,2.3638972115216945,2.7179449215279834,1.0,Punta Gorda - FL USA
2005,"Madera, CA",0.0,42515.0,92630.0,,13474.0,27729.0,135145.0,,3.340545998773847,3.155336203057741,,Madera - CA USA
2013,"Spokane-Spokane Valley, WA",18228.0,189356.0,375872.0,18228.0,81837.0,145595.0,583456.0,245660.0,2.5816271163158078,2.3138189327565772,1.0,Spokane - WA USA
2019,"Medford, OR",3162.0,74937.0,142521.0,3162.0,32332.0,55467.0,220620.0,90961.0,2.5694737411433826,2.317734751948534,1.0,Medford - OR USA
2009,"Killeen-Temple, TX",14217.0,147242.0,196850.0,14217.0,50690.0,66827.0,358309.0,131734.0,2.9456656740539002,2.9047543894259222,1.0,Killeen - TX USA
2010,"Jacksonville, NC",16215.0,75016.0,88338.0,16215.0,28042.0,32201.0,179569.0,76458.0,2.7433309524548926,2.675130161900007,1.0,Jacksonville - NC USA
2019,"Canton-Massillon, OH",9007.0,108301.0,279787.0,9007.0,52760.0,112958.0,397095.0,174725.0,2.476911772517219,2.052710386656558,1.0,Canton - OH USA
2022,"Tucson, AZ",28948.0,319168.0,721620.0,28948.0,150698.0,291497.0,1069736.0,471143.0,2.4755657862688123,2.1179312266917942,1.0,Tucson - AZ USA
2015,"Norwich-New London, CT",13005.0,80062.0,179318.0,13005.0,36873.0,68505.0,272385.0,118383.0,2.61758995693745,2.17129064627234,1.0,Norwich - CT USA
2008,"El Paso, TX",12862.0,226993.0,502148.0,12862.0,80712.0,156488.0,742003.0,250062.0,3.208859465262512,2.812382297551789,1.0,El Paso - TX USA
2023,"Augusta-Richmond County, GA-SC",11568.0,150170.0,385724.0,11568.0,61332.0,144598.0,547462.0,217498.0,2.667561100430158,2.448477140807409,1.0,Augusta - GA USA
2014,"Hilton Head Island-Bluffton-Beaufort, SC",6304.0,72081.0,124831.0,6304.0,22648.0,52070.0,203216.0,81022.0,2.39736892644517,3.1826651359943483,1.0,Hilton Head Island - SC USA
2015,"Hartford-West Hartford-East Hartford, CT",49995.0,345663.0,817035.0,49995.0,155724.0,308889.0,1212693.0,514608.0,2.6450763866631704,2.2197156507667413,1.0,Hartford - CT USA
2011,"Wausau, WI",1989.0,32159.0,100367.0,1989.0,14547.0,38796.0,134515.0,55332.0,2.58704505619136,2.210696363511377,1.0,Wausau - WI USA
2015,"El Paso, TX",14692.0,287476.0,533049.0,14692.0,101689.0,159021.0,835217.0,275402.0,3.352066708170619,2.8270117711846905,1.0,El Paso - TX USA
2018,"Eugene, OR",6649.0,145957.0,226267.0,6649.0,63683.0,92388.0,378873.0,162720.0,2.44909512057843,2.2919303424775843,1.0,Eugene - OR USA
2021,"Tucson, AZ",27497.0,333647.0,691159.0,27497.0,151614.0,281536.0,1052303.0,460647.0,2.4549578029097523,2.200634506048254,1.0,Tucson - AZ USA
2009,"Oklahoma City, OK",33213.0,411037.0,853075.0,33213.0,169305.0,327253.0,1297325.0,529771.0,2.6067751861709443,2.4277900829863266,1.0,Oklahoma City - OK USA
2006,"Peoria, IL",9660.0,78183.0,263190.0,9660.0,37312.0,103046.0,351033.0,150018.0,2.554102051510976,2.095384862778731,1.0,Peoria - IL USA
2014,"Cleveland-Elyria, OH",41871.0,642378.0,1378420.0,41871.0,302297.0,546197.0,2062669.0,890365.0,2.5236682003013566,2.1249896624842455,1.0,Cleveland - OH USA
2016,"Coeur d'Alene, ID",1710.0,51658.0,95365.0,1710.0,20826.0,36022.0,148733.0,58558.0,2.6474099161623452,2.480457120906559,1.0,
2019,"Spokane-Spokane Valley, WA",17782.0,211045.0,403380.0,17782.0,94538.0,161637.0,632207.0,273957.0,2.495591974609774,2.232382745562631,1.0,Spokane - WA USA
2014,"Greenville-Anderson-Mauldin, SC",24127.0,293298.0,619906.0,24127.0,115915.0,240480.0,937331.0,380522.0,2.577786094477711,2.530285122719234,1.0,Greenville - SC USA
2017,"Corpus Christi, TX",18126.0,172669.0,295145.0,18126.0,67485.0,102816.0,485940.0,188427.0,2.8706135231870524,2.55862784322442,1.0,Corpus Christi - TX USA
2020,"Asheville, NC",11844.0,162285.0,363771.0,11844.0,60006.0,129126.0,537900.0,200976.0,2.817178569769063,2.7044795520447957,1.0,
2012,"Manchester-Nashua, NH",6249.0,103240.0,243285.0,6249.0,46292.0,91147.0,352774.0,143688.0,2.6691498348821137,2.230190961721248,1.0,Manchester - NH USA
2017,"St. Louis, MO-IL",62152.0,768578.0,2009315.0,62152.0,349037.0,783310.0,2840045.0,1194499.0,2.565159387726443,2.2019957769520135,1.0,Saint Louis - MO USA
2010,"Oxnard-Thousand Oaks-Ventura, CA",15389.0,298151.0,513138.0,15389.0,94842.0,171196.0,826678.0,281427.0,2.9973714339120074,3.143659981864575,1.0,Ventura - CA USA
2009,"Riverside-San Bernardino-Ontario, CA",72401.0,1376884.0,2693247.0,72401.0,421867.0,819846.0,4142532.0,1314114.0,3.28506451211569,3.263786928107674,1.0,Inland Empire - CA USA
2018,"North Port-Sarasota-Bradenton, FL",9496.0,226304.0,585604.0,9496.0,84751.0,249784.0,821404.0,344031.0,2.344441597540275,2.6702221802692594,1.0,Sarasota - FL USA
2006,"Cincinnati, OH-KY-IN",50660.0,523191.0,1463424.0,50660.0,239537.0,538650.0,2037275.0,828847.0,2.716836535783904,2.1841761398030366,1.0,Cincinnati - OH USA
2009,"St. Louis, MO-IL",61770.0,696598.0,1974299.0,61770.0,316247.0,758892.0,2732667.0,1136909.0,2.601554634915113,2.2027023181247567,1.0,Saint Louis - MO USA
2023,"Raleigh, NC",23787.0,435810.0,1040627.0,23787.0,205632.0,392173.0,1500224.0,621592.0,2.6534896589005363,2.1193685807656397,1.0,Raleigh - NC USA
2010,"Lebanon, PA",3976.0,32075.0,97635.0,3976.0,14883.0,35817.0,133686.0,54676.0,2.7259401959963148,2.155143452260969,1.0,Lebanon - PA USA
2013,"York-Hanover, PA",9397.0,101845.0,328225.0,9397.0,41177.0,123760.0,439467.0,174334.0,2.6521089204912736,2.473346771255798,1.0,York - PA USA
2009,"Fort Collins, CO",9383.0,85563.0,189874.0,9383.0,38761.0,72878.0,284820.0,121022.0,2.605367875078899,2.20745078816336,1.0,Fort Collins - CO USA
2015,"Columbia, MO",9558.0,62518.0,103020.0,9558.0,30520.0,38633.0,175096.0,78711.0,2.6666321538581004,2.048427260812582,1.0,Columbia - MO USA
2006,"Waco, TX",9699.0,75870.0,140790.0,9699.0,30856.0,49176.0,226359.0,89731.0,2.862981942410932,2.4588410681877106,1.0,Waco - TX USA
2022,"Omaha-Council Bluffs, NE-IA",19639.0,301317.0,741294.0,19639.0,145891.0,283484.0,1062250.0,449014.0,2.6149412312511466,2.0653570131125294,1.0,Omaha - NE USA
2020,"Wausau, WI",1506.0,22937.0,110317.0,1506.0,12300.0,43702.0,134760.0,57508.0,2.5243009473250653,1.8647967479674796,1.0,Wausau - WI USA
2011,"Tyler, TX",5553.0,63934.0,144559.0,5553.0,25652.0,54680.0,214046.0,85885.0,2.643727139722019,2.4923592702323405,1.0,Tyler - TX USA
2009,"Goldsboro, NC",3685.0,43953.0,66151.0,3685.0,18828.0,26647.0,113789.0,49160.0,2.4824933388373926,2.3344486934353093,1.0,Goldsboro - NC USA
2023,"Medford, OR",4027.0,65862.0,150817.0,4027.0,30161.0,62064.0,220706.0,96252.0,2.4300238463521526,2.18368091243659,1.0,Medford - OR USA
2021,"Amarillo, TX",10730.0,80309.0,169206.0,10730.0,36452.0,64529.0,260245.0,111711.0,2.6221698771095165,2.2031438604191815,1.0,Amarillo - TX USA
2012,"Beaumont-Port Arthur, TX",18699.0,106464.0,265337.0,18699.0,42998.0,100666.0,390500.0,162363.0,2.635815468976616,2.4760221405646776,1.0,Beaumont - TX USA
2018,"Bloomington, IL",7998.0,48249.0,116333.0,7998.0,23365.0,42633.0,172580.0,73996.0,2.7287078085051486,2.0650117697410657,1.0,Bloomington - IL USA
2023,"Racine, WI",4180.0,48619.0,143703.0,4180.0,20490.0,58576.0,196502.0,83246.0,2.453274378585086,2.3728160078086873,1.0,Racine - WI USA
2010,"Columbia, MO",9777.0,59632.0,93780.0,9777.0,26332.0,38307.0,163189.0,74416.0,2.448116532226486,2.2646209934680237,1.0,Columbia - MO USA
2005,"Akron, OH",0.0,163430.0,522369.0,,79397.0,196407.0,685799.0,,2.659625166109151,2.0583901154955475,,Akron - OH USA
2016,"New Haven-Milford, CT",27655.0,297836.0,530349.0,27655.0,128755.0,198806.0,855840.0,355216.0,2.667670995845196,2.3131994873985477,1.0,New Haven - CT USA
2005,"Salinas, CA",0.0,192389.0,255543.0,,59656.0,81484.0,447932.0,,3.136112611064749,3.2249731795628267,,Salinas - CA USA
2015,"Naples-Immokalee-Marco Island, FL",4125.0,122686.0,230359.0,4125.0,37130.0,97776.0,357170.0,139031.0,2.3559871543118964,3.3042283867492594,1.0,Naples - FL USA
2012,"Provo-Orem, UT",12959.0,152513.0,374911.0,12959.0,46559.0,97906.0,540383.0,157424.0,3.829295446652912,3.275693206469211,1.0,Provo - UT USA
2019,"Santa Rosa, CA",7699.0,181099.0,304580.0,7699.0,70942.0,119748.0,493378.0,198389.0,2.5435080335370945,2.5527755067519946,1.0,Santa Rosa - CA USA
2019,"Prescott, AZ",5377.0,67134.0,162927.0,5377.0,28946.0,73839.0,235438.0,108162.0,2.206516881322878,2.31928418434326,1.0,Prescott - AZ USA
2015,"Scranton--Wilkes-Barre--Hazleton, PA",16286.0,149911.0,328000.0,16286.0,64533.0,131679.0,494197.0,212498.0,2.490905915142126,2.323013032092108,1.0,Scranton - PA USA
2016,"Provo-Orem, UT",14882.0,170782.0,406387.0,14882.0,52010.0,105740.0,592051.0,172632.0,3.8432665027425763,3.283637761968852,1.0,Provo - UT USA
2020,"El Paso, TX",14274.0,271938.0,554017.0,14274.0,106103.0,184569.0,840229.0,304946.0,3.0016795886633183,2.5629624044560475,1.0,El Paso - TX USA
2021,"Akron, OH",16942.0,189259.0,493101.0,16942.0,93965.0,198188.0,699302.0,309095.0,2.4880467031303612,2.0141435640930134,1.0,Akron - OH USA
2007,"Visalia-Porterville, CA",6675.0,183865.0,230849.0,6675.0,50741.0,71873.0,421389.0,129289.0,3.2119015485648297,3.6235982735854635,1.0,Visalia - CA USA
2016,"La Crosse-Onalaska, WI-MN",5130.0,34351.0,78638.0,5130.0,18490.0,28595.0,118119.0,52215.0,2.750061199510404,1.8578150351541374,1.0,La Crosse-Onalaska - WI USA
2015,"Columbia, SC",36738.0,247075.0,527679.0,36738.0,100867.0,201766.0,811492.0,339371.0,2.6153018843610916,2.44951272467705,1.0,
2020,"Bloomington, IN",15516.0,46911.0,81592.0,15516.0,23395.0,30425.0,144019.0,69336.0,2.6817419884963023,2.005172045308827,1.0,Bloomington - IN USA
2013,"Glens Falls, NY",3701.0,36818.0,87529.0,3701.0,14917.0,36496.0,128048.0,55114.0,2.398317623849189,2.4681906549574313,1.0,Glens Falls - NY USA
2019,"Barnstable Town, MA",3193.0,48883.0,189739.0,3193.0,24242.0,84089.0,241815.0,111524.0,2.256406902210753,2.0164590380331657,1.0,Barnstable Town - MA USA
2005,"Memphis, TN-MS-AR",0.0,417296.0,812611.0,,169267.0,306046.0,1229907.0,,2.6551923567045477,2.4653121990701083,,Memphis - TN USA
2011,"Sumter, SC",2394.0,34491.0,70275.0,2394.0,14209.0,26832.0,107160.0,43435.0,2.6190742397137745,2.4274051657400237,1.0,Sumter - SC USA
2008,"Ogden-Clearfield, UT",5653.0,101802.0,415320.0,5653.0,38647.0,128159.0,522775.0,172459.0,3.2406619901840683,2.634150128082387,1.0,Ogden - UT USA
2014,"York-Hanover, PA",9153.0,99790.0,332305.0,9153.0,41799.0,127413.0,441248.0,178365.0,2.608093365669123,2.3873776884614464,1.0,York - PA USA
2005,"Bangor, ME",0.0,39414.0,126927.0,,19973.0,50079.0,166341.0,,2.5345354340142574,1.9733640414559654,,Bangor - ME USA
2013,"Rocky Mount, NC",3166.0,52145.0,95178.0,3166.0,22171.0,36291.0,150489.0,61628.0,2.622633710837398,2.3519462360741508,1.0,Rocky Mount - NC USA
2015,"McAllen-Edinburg-Mission, TX",10507.0,228002.0,604114.0,10507.0,67467.0,158226.0,842623.0,236200.0,3.818045074766473,3.3794595876502584,1.0,McAllen - TX USA
2015,"Fresno, CA",15987.0,464966.0,492561.0,15987.0,144217.0,159991.0,973514.0,320195.0,3.078679425717697,3.2240720580791447,1.0,Fresno - CA USA
2023,"Las Vegas-Henderson-Paradise, NV",18960.0,931424.0,1386027.0,18960.0,372628.0,507977.0,2336411.0,899565.0,2.72852314179579,2.4996081883272323,1.0,Las Vegas - NV USA
2015,"Rochester, NY",46902.0,318476.0,751446.0,46902.0,144823.0,296616.0,1116824.0,488341.0,2.533396714944575,2.1990705896162903,1.0,Rochester - NY USA
2014,"Lewiston-Auburn, ME",2963.0,31340.0,72970.0,2963.0,13786.0,30481.0,107273.0,47230.0,2.3939503297135922,2.2733207601914986,1.0,Lewiston-Auburn - ME USA
2008,"Evansville, IN-KY",6183.0,65013.0,187233.0,6183.0,32466.0,74330.0,258429.0,112979.0,2.5189425534777343,2.002494917760118,1.0,Evansville - IN USA
2019,"Tyler, TX",6109.0,65985.0,160584.0,6109.0,26239.0,52362.0,232678.0,84710.0,3.066804170963676,2.5147680932962384,1.0,Tyler - TX USA
2011,"Naples-Immokalee-Marco Island, FL",3520.0,102196.0,222029.0,3520.0,32815.0,91135.0,327745.0,127470.0,2.4362648817688046,3.1143074813347553,1.0,Naples - FL USA
2006,"Johnstown, PA",7291.0,25957.0,93310.0,7291.0,14403.0,37090.0,126558.0,58784.0,2.5157724454030737,1.8021939873637436,1.0,Johnstown - PA USA
2015,"Eau Claire, WI",7236.0,43631.0,105705.0,7236.0,19635.0,40692.0,156572.0,67563.0,2.597685048658213,2.222103386809269,1.0,Eau Claire - WI USA
2007,"Redding, CA",1926.0,60181.0,117209.0,1926.0,24761.0,44713.0,179316.0,71400.0,2.6213629145885986,2.430475344291426,1.0,Redding - CA USA
2017,"Napa, CA",4490.0,44184.0,92901.0,4490.0,15843.0,32005.0,141575.0,52338.0,2.902702702702703,2.7888657451240295,1.0,Napa - CA USA
2005,"Lubbock, TX",0.0,93172.0,143753.0,,40111.0,57258.0,236925.0,,2.5106186035139193,2.322854079928199,,Lubbock - TX USA
2017,"Santa Fe, NM",2424.0,39554.0,106263.0,2424.0,17298.0,43605.0,148241.0,63327.0,2.4369453044375646,2.286622730951555,1.0,Santa Fe - NM USA
2007,"Rochester, NY",49397.0,251824.0,728820.0,49397.0,121434.0,278275.0,1030041.0,449106.0,2.619063875662564,2.073751996969547,1.0,Rochester - NY USA
2006,"Los Angeles-Long Beach-Anaheim, CA",238726.0,5730604.0,6980864.0,238726.0,1972581.0,2170657.0,12950194.0,4381964.0,3.216014321931102,2.905129878063309,1.0,Los Angeles - CA USA
2009,"Punta Gorda, FL",2104.0,34541.0,120306.0,2104.0,17494.0,58408.0,156951.0,78006.0,2.059752088754965,1.9744483823025036,1.0,Punta Gorda - FL USA
2015,"Elkhart-Goshen, IN",3708.0,60126.0,139767.0,3708.0,21154.0,47344.0,203601.0,72206.0,2.9521586684690773,2.8422993287321545,1.0,Elkhart - IN USA
2023,"Providence-Warwick, RI-MA",57971.0,519628.0,1099485.0,57971.0,251577.0,426393.0,1677084.0,735941.0,2.5785718808704647,2.0654829336545073,1.0,Providence - RI USA
2010,"Norwich-New London, CT",14720.0,72538.0,186842.0,14720.0,34043.0,72766.0,274100.0,121529.0,2.5677101943215237,2.1307757835678407,1.0,Norwich - CT USA
2017,"New Orleans-Metairie, LA",22422.0,444845.0,808504.0,22422.0,182047.0,299779.0,1275771.0,504248.0,2.6970001234242558,2.443572264305372,1.0,New Orleans - LA USA
2019,"Knoxville, TN",23245.0,268730.0,684841.0,23245.0,118602.0,270828.0,976816.0,412675.0,2.52869348811792,2.265813392691523,1.0,Knoxville - TN USA
2023,"Santa Fe, NM",1952.0,41454.0,102238.0,1952.0,21731.0,45363.0,145644.0,69046.0,2.253775103057558,1.9075974414430996,1.0,Santa Fe - NM USA
2020,"Springfield, MA",20489.0,170426.0,370030.0,20489.0,80120.0,142491.0,560945.0,243100.0,2.5968657669607205,2.1271342985521717,1.0,Springfield - MA USA
2005,"Santa Fe, NM",0.0,44229.0,113187.0,,18112.0,43398.0,157416.0,,2.6081155813631964,2.4419721731448765,,Santa Fe - NM USA
2010,"Odessa, TX",1388.0,44194.0,91593.0,1388.0,18621.0,30009.0,137175.0,50018.0,3.052184344696591,2.3733419257827184,1.0,Odessa - TX USA
2010,"Wausau, WI",1242.0,29789.0,102986.0,1242.0,13966.0,37885.0,134017.0,53093.0,2.7183845849280717,2.1329657740226264,1.0,Wausau - WI USA
2011,"Washington-Arlington-Alexandria, DC-VA-MD-WV",102214.0,1880928.0,3648346.0,102214.0,749510.0,1297444.0,5631488.0,2149168.0,2.811948723798484,2.5095435684647303,1.0,Washington - DC USA
2008,"Toledo, OH",18331.0,178692.0,410768.0,18331.0,80916.0,163601.0,607791.0,262848.0,2.510791498829469,2.208364229571407,1.0,Toledo - OH USA
2006,"Hanford-Corcoran, CA",17649.0,58600.0,70060.0,17649.0,17304.0,22398.0,146309.0,57351.0,3.127957853379766,3.3865002311604253,1.0,Hanford-Corcoran - CA USA
2016,"Portland-Vancouver-Hillsboro, OR-WA",38469.0,844315.0,1560746.0,38469.0,353043.0,570443.0,2443530.0,961955.0,2.736024458184253,2.3915358752333287,1.0,Portland - OR USA
2005,"Toledo, OH",0.0,162559.0,437511.0,,76936.0,165484.0,600070.0,,2.6438265935075296,2.112912030778829,,Toledo - OH USA
2016,"St. Joseph, MO-KS",7522.0,36210.0,74737.0,7522.0,15288.0,29276.0,118469.0,52086.0,2.552841918294849,2.368524332810047,1.0,
2005,"Janesville-Beloit, WI",0.0,29822.0,123189.0,,14762.0,47097.0,153011.0,,2.615644308554685,2.0201869665356997,,Janesville-Beloit - WI USA
2005,"Wausau, WI",0.0,24039.0,101946.0,,11267.0,41058.0,125985.0,,2.4829753032295776,2.133575929706222,,Wausau - WI USA
2008,Not in identifiable area,2520024.0,17442980.0,47583361.0,2520024.0,7534354.0,18678047.0,67546365.0,28732425.0,2.5475554805060723,2.315126154146726,1.0,
2015,"Kalamazoo-Portage, MI",9823.0,102153.0,274633.0,9823.0,45791.0,104660.0,386609.0,160274.0,2.624049302503344,2.2308532244327486,1.0,Kalamazoo - MI USA
2023,"Janesville-Beloit, WI",2445.0,43231.0,118475.0,2445.0,20516.0,45704.0,164151.0,68665.0,2.5922238753719586,2.107184636381361,1.0,Janesville-Beloit - WI USA
2009,"Daphne-Fairhope-Foley, AL",1880.0,44626.0,133346.0,1880.0,18072.0,56405.0,179852.0,76357.0,2.3640811984753123,2.469344842850819,1.0,Daphne-Fairhope-Foley - AL USA
2021,"Eugene, OR",8329.0,135355.0,239681.0,8329.0,61338.0,98820.0,383365.0,168487.0,2.425430074883627,2.20670709837295,1.0,Eugene - OR USA
2022,"Fort Collins, CO",9772.0,117408.0,239372.0,9772.0,56555.0,97837.0,366552.0,164164.0,2.4466408413994705,2.0759968172575367,1.0,Fort Collins - CO USA
2005,"Sumter, SC",0.0,29191.0,70950.0,,12063.0,26525.0,100141.0,,2.6748350612629594,2.4198789687474096,,Sumter - SC USA
2012,"Greensboro-High Point, NC",18130.0,252986.0,511441.0,18130.0,109667.0,202499.0,782557.0,330296.0,2.5256470402322972,2.306856210163495,1.0,Greensboro - NC USA
2010,"Toledo, OH",16644.0,191387.0,401544.0,16644.0,83660.0,156118.0,609575.0,256422.0,2.5720544716176224,2.2876763088692327,1.0,Toledo - OH USA
2022,"Providence-Warwick, RI-MA",57971.0,517299.0,1098264.0,57971.0,253187.0,426696.0,1673534.0,737854.0,2.573879295798414,2.0431499247591702,1.0,Providence - RI USA
2011,"Bend-Redmond, OR",1467.0,57178.0,101718.0,1467.0,23794.0,40884.0,160363.0,66145.0,2.4879659524508364,2.4030427838950996,1.0,Bend - OR USA
2017,"Minneapolis-St. Paul-Bloomington, MN-WI",63702.0,945668.0,2634702.0,63702.0,416724.0,977154.0,3644072.0,1457580.0,2.696301708840162,2.2692909455658903,1.0,Minneapolis - MN USA
2010,"Farmington, NM",1870.0,39956.0,88224.0,1870.0,12407.0,29296.0,130050.0,43573.0,3.0114691425450575,3.2204400741516888,1.0,Farmington - NM USA
2009,"El Paso, TX",11331.0,268795.0,471446.0,11331.0,93139.0,148560.0,751572.0,253030.0,3.1734383414108778,2.885955399993558,1.0,El Paso - TX USA
2007,"Allentown-Bethlehem-Easton, PA-NJ",24212.0,190124.0,589957.0,24212.0,85055.0,223672.0,804293.0,332939.0,2.637598805393612,2.2353065663394274,1.0,Lehigh Valley - PA USA
2006,"Lynchburg, VA",10550.0,53263.0,162666.0,10550.0,23594.0,67078.0,226479.0,101222.0,2.4250275798324337,2.257480715436128,1.0,Lynchburg - VA USA
2020,"Portland-South Portland, ME",12601.0,115492.0,400614.0,12601.0,63711.0,165985.0,528707.0,242297.0,2.413555441756785,1.812748191050211,1.0,Portland - ME USA
2019,"Bellingham, WA",5288.0,74925.0,149283.0,5288.0,31455.0,57339.0,229496.0,94082.0,2.6035159315649037,2.3819742489270386,1.0,Bellingham - WA USA
2021,"Atlantic City-Hammonton, NJ",5854.0,72242.0,184645.0,5854.0,33757.0,72950.0,262741.0,112561.0,2.531117203564085,2.1400598394407084,1.0,Atlantic City - NJ USA
2020,"Champaign-Urbana, IL",14920.0,69408.0,128444.0,14920.0,32945.0,47130.0,212772.0,94995.0,2.7253129641417355,2.106784033996054,1.0,Champaign-Urbana - IL USA
2016,"Houston-The Woodlands-Sugar Land, TX",73810.0,2462555.0,4154718.0,73810.0,939636.0,1367423.0,6691083.0,2380869.0,3.0383560902515168,2.6207542069482224,1.0,Houston - TX USA
2014,"Springfield, MA",20776.0,204347.0,349765.0,20776.0,86513.0,133241.0,574888.0,240530.0,2.62505535083045,2.362038075202571,1.0,Springfield - MA USA
2022,"Urban Honolulu, HI",34569.0,350449.0,611203.0,34569.0,135263.0,203175.0,996221.0,373007.0,3.008258890119355,2.5908711177483865,1.0,Honolulu - HI USA
2012,"St. George, UT",2558.0,43805.0,98611.0,2558.0,14716.0,33470.0,144974.0,50744.0,2.946250373468778,2.976692035879315,1.0,
2013,"Racine, WI",5084.0,50333.0,139820.0,5084.0,20913.0,51144.0,195237.0,77141.0,2.733849522915689,2.4067804714770715,1.0,Racine - WI USA
2015,"Bakersfield, CA",28961.0,380415.0,471160.0,28961.0,114906.0,148368.0,880536.0,292235.0,3.1756173838024373,3.310662628583364,1.0,Bakersfield - CA USA
2016,"New York-Newark-Jersey City, NY-NJ-PA",409062.0,9046565.0,10640397.0,409062.0,3478951.0,3617964.0,20096024.0,7505977.0,2.9409902917773643,2.600371491291484,1.0,New York - NY USA
2012,"Lakeland-Winter Haven, FL",15588.0,206925.0,393503.0,15588.0,72647.0,150860.0,616016.0,239095.0,2.608398515179637,2.848362630253142,1.0,Lakeland - FL USA
2018,"Lafayette, LA",9308.0,159444.0,370949.0,9308.0,64068.0,139669.0,539701.0,213045.0,2.6559150563117084,2.488668289941937,1.0,Lafayette - LA USA
2015,"New York-Newark-Jersey City, NY-NJ-PA",412245.0,9021873.0,10691973.0,412245.0,3493505.0,3610206.0,20126091.0,7515956.0,2.961596374278919,2.5824703270783926,1.0,New York - NY USA
2005,"Bloomington, IL",0.0,39594.0,105009.0,,18398.0,39673.0,144603.0,,2.646863105890656,2.1520817480160885,,Bloomington - IL USA
2020,"York-Hanover, PA",8738.0,99938.0,346597.0,8738.0,46269.0,131244.0,455273.0,186251.0,2.640859772637225,2.1599342972616653,1.0,York - PA USA
2017,"St. Joseph, MO-KS",8120.0,36095.0,74991.0,8120.0,15166.0,29183.0,119206.0,52469.0,2.569680978651955,2.379994725042859,1.0,
2005,"Grand Junction, CO",0.0,35762.0,86234.0,,15145.0,35777.0,121996.0,,2.410319478994885,2.3613073621657312,,Grand Junction - CO USA
2022,"Yuba City, CA",2327.0,67189.0,113309.0,2327.0,23392.0,39770.0,182825.0,65489.0,2.8491073673623335,2.8723067715458277,1.0,Yuba City - CA USA
2005,"Philadelphia-Camden-Wilmington, PA-NJ-DE-MD",0.0,1441729.0,4229470.0,,644256.0,1524185.0,5671199.0,,2.774905933334864,2.237820059106939,,Philadelphia - PA USA
2015,"Syracuse, NY",31621.0,199454.0,441920.0,31621.0,86344.0,171535.0,672995.0,289500.0,2.576267234092168,2.3099925877883813,1.0,Syracuse - NY USA
2005,"Lakeland-Winter Haven, FL",0.0,149079.0,382130.0,,57010.0,157048.0,531209.0,,2.4332051347358767,2.6149622873180145,,Lakeland - FL USA
2020,"Miami-Fort Lauderdale-West Palm Beach, FL",78626.0,2308779.0,3799639.0,78626.0,865332.0,1342964.0,6187044.0,2286922.0,2.82929326474872,2.668084619544868,1.0,Miami - FL USA
2012,"Gainesville, FL",15346.0,106895.0,129249.0,15346.0,40730.0,52515.0,251490.0,108591.0,2.4611825192802055,2.6244782715443162,1.0,Gainesville - FL USA
2010,"Bellingham, WA",6506.0,67946.0,127091.0,6506.0,31611.0,48677.0,201543.0,86794.0,2.610904533968815,2.149441650058524,1.0,Bellingham - WA USA
2015,"Springfield, IL",4368.0,58882.0,135551.0,4368.0,27216.0,55807.0,198801.0,87391.0,2.428924686867239,2.163506760728983,1.0,Springfield - IL USA
2013,"Lewiston-Auburn, ME",2948.0,40200.0,64290.0,2948.0,18891.0,24845.0,107438.0,46684.0,2.5876433890118737,2.1279974591075117,1.0,Lewiston-Auburn - ME USA
2005,"Atlanta-Sandy Springs-Roswell, GA",0.0,1438021.0,3249418.0,,570334.0,1163511.0,4687439.0,,2.7927694710234796,2.5213664273916687,,Atlanta - GA USA
2007,"Lewiston-Auburn, ME",6493.0,33119.0,67098.0,6493.0,15009.0,29360.0,106710.0,50862.0,2.2853542234332425,2.206609367712706,1.0,Lewiston-Auburn - ME USA
2020,"Lebanon, PA",3262.0,30271.0,109140.0,3262.0,14476.0,41558.0,142673.0,59296.0,2.6262091534722556,2.0911163304780325,1.0,Lebanon - PA USA
2007,"Portland-South Portland, ME",11009.0,119920.0,416817.0,11009.0,58608.0,162793.0,547746.0,232410.0,2.5604110741862365,2.046137046137046,1.0,Portland - ME USA
2014,"Norwich-New London, CT",13123.0,78920.0,181770.0,13123.0,34603.0,70901.0,273813.0,118627.0,2.56371560344706,2.2807271045863073,1.0,Norwich - CT USA
2011,"Buffalo-Cheektowaga-Niagara Falls, NY",32016.0,325153.0,775963.0,32016.0,159323.0,308212.0,1133132.0,499551.0,2.5176274771910245,2.040841560854365,1.0,Buffalo - NY USA
2006,"Springfield, MO",14039.0,103755.0,247294.0,14039.0,48742.0,100280.0,365088.0,163061.0,2.4660351017151974,2.1286570103811906,1.0,Springfield - MO USA
2005,"Johnstown, PA",0.0,29939.0,94697.0,,14138.0,40292.0,124636.0,,2.3502680432840264,2.1176262554816807,,Johnstown - PA USA
2016,"Atlanta-Sandy Springs-Roswell, GA",89942.0,2094429.0,3583441.0,89942.0,791406.0,1258900.0,5767812.0,2140248.0,2.846485820954802,2.6464659100385894,1.0,Atlanta - GA USA
2009,"Prescott, AZ",4249.0,58598.0,152939.0,4249.0,22044.0,65803.0,215786.0,92096.0,2.3241949455192015,2.65822899655235,1.0,Prescott - AZ USA
2006,"Panama City, FL",3481.0,55520.0,104164.0,3481.0,26616.0,45688.0,163165.0,75785.0,2.279898441603922,2.0859633303276226,1.0,Panama City - FL USA
2017,"Michigan City-La Porte, IN",7581.0,28990.0,73161.0,7581.0,12292.0,30094.0,109732.0,49967.0,2.4310826078288033,2.3584445167588677,1.0,Michigan City-La Porte - IN USA
2020,"Charleston, WV",3148.0,45836.0,125747.0,3148.0,23631.0,56558.0,174731.0,83337.0,2.223328264790127,1.939655537218061,1.0,
2023,"Bloomington, IN",14289.0,51045.0,74475.0,14289.0,30281.0,31119.0,139809.0,75689.0,2.393232430348019,1.6857105115418909,1.0,Bloomington - IN USA
2020,"Visalia-Porterville, CA",6206.0,194006.0,268673.0,6206.0,54914.0,81395.0,468885.0,142515.0,3.3008538608022606,3.5329059984703353,1.0,Visalia - CA USA
2017,"Virginia Beach-Norfolk-Newport News, VA-NC",66675.0,597446.0,1002166.0,66675.0,241544.0,377388.0,1666287.0,685607.0,2.655532237379037,2.4734458318153214,1.0,Norfolk - VA USA
2009,"Lafayette, LA",11471.0,108053.0,282977.0,11471.0,46102.0,106673.0,402501.0,164246.0,2.652751867857846,2.3437811808598323,1.0,Lafayette - LA USA
2017,"Little Rock-North Little Rock-Conway, AR",13897.0,242654.0,453898.0,13897.0,101764.0,171192.0,710449.0,286853.0,2.651397261554278,2.3844778114067844,1.0,Little Rock - AR USA
2017,"Las Cruces, NM",7127.0,68704.0,140302.0,7127.0,25372.0,50068.0,216133.0,82567.0,2.8022289686027,2.707866939933785,1.0,Las Cruces - NM USA
2015,"Santa Maria-Santa Barbara, CA",19708.0,220615.0,203916.0,19708.0,69824.0,74437.0,444239.0,163969.0,2.7394440936630975,3.159586961503208,1.0,Santa Barbara - CA USA
2018,"Austin-Round Rock, TX",40889.0,814336.0,1353602.0,40889.0,333406.0,467533.0,2208827.0,841828.0,2.89520098046555,2.4424755403322074,1.0,Austin - TX USA
2023,"Utica-Rome, NY",13664.0,71784.0,183551.0,13664.0,38828.0,77857.0,268999.0,130349.0,2.3575401055781753,1.8487689296384053,1.0,Utica - NY USA
2012,"Jackson, MS",21929.0,206535.0,396683.0,21929.0,76626.0,146771.0,625147.0,245326.0,2.7027341913593284,2.695364497690079,1.0,Jackson - MS USA
2014,"Janesville-Beloit, WI",2387.0,55009.0,103249.0,2387.0,20552.0,42485.0,160645.0,65424.0,2.430245969165588,2.676576488906189,1.0,Janesville-Beloit - WI USA
2017,"Rocky Mount, NC",2520.0,56697.0,87343.0,2520.0,21878.0,35205.0,146560.0,59603.0,2.4809828149410595,2.591507450406801,1.0,Rocky Mount - NC USA
2010,"Hilton Head Island-Bluffton-Beaufort, SC",10160.0,61949.0,115931.0,10160.0,22473.0,50097.0,188040.0,82730.0,2.314130586661876,2.7565968050549547,1.0,Hilton Head Island - SC USA
2007,"Fort Wayne, IN",5203.0,82308.0,262421.0,5203.0,38310.0,96811.0,349932.0,140324.0,2.71065271508403,2.1484729835552074,1.0,Fort Wayne - IN USA
2016,"Harrisburg-Carlisle, PA",20813.0,166753.0,380407.0,20813.0,73246.0,151873.0,567973.0,245932.0,2.5047704331908895,2.276615787892854,1.0,Harrisburg - PA USA
2005,"Binghamton, NY",0.0,60424.0,178869.0,,32420.0,69323.0,239293.0,,2.5802258990522624,1.8637877853177052,,Binghamton - NY USA
2015,"Joplin, MO",3621.0,56378.0,117379.0,3621.0,22900.0,44537.0,177378.0,71058.0,2.635538990053214,2.461921397379913,1.0,Joplin - MO USA
2005,"Redding, CA",0.0,57749.0,116842.0,,23088.0,45161.0,174591.0,,2.587232346493656,2.5012560637560637,,Redding - CA USA
2007,"Punta Gorda, FL",2687.0,27502.0,122586.0,2687.0,12568.0,58303.0,152775.0,73558.0,2.1025676208771418,2.1882558879694463,1.0,Punta Gorda - FL USA
2015,"Florence, SC",3909.0,69611.0,132797.0,3909.0,26943.0,52971.0,206317.0,83823.0,2.5069755149043815,2.5836395353152954,1.0,
2014,"College Station-Bryan, TX",14525.0,106271.0,88354.0,14525.0,44338.0,33468.0,209150.0,92331.0,2.6399545834827296,2.3968379268347695,1.0,College Station-Bryan - TX USA
2016,"Lincoln, NE",13935.0,110137.0,186007.0,13935.0,49048.0,72979.0,310079.0,135962.0,2.548774304937037,2.2454942097537107,1.0,Lincoln - NE USA
2013,"Wausau, WI",1614.0,31605.0,102003.0,1614.0,14922.0,39500.0,135222.0,56036.0,2.582354430379747,2.1180136710896664,1.0,Wausau - WI USA
2018,"Clarksville, TN-KY",12318.0,122275.0,192663.0,12318.0,47261.0,70388.0,327256.0,129967.0,2.7371569017446156,2.587228370114894,1.0,Clarksville - TN USA
2017,"Mobile, AL",5806.0,134690.0,272845.0,5806.0,54935.0,99747.0,413341.0,160488.0,2.7353704873329523,2.451806680622554,1.0,Mobile - AL USA
2015,"Philadelphia-Camden-Wilmington, PA-NJ-DE-MD",163254.0,1753777.0,4191255.0,163254.0,731692.0,1515156.0,6108286.0,2410102.0,2.7662201119884684,2.3968787413283184,1.0,Philadelphia - PA USA
2006,"Auburn-Opelika, AL",4792.0,32925.0,88105.0,4792.0,17927.0,34296.0,125822.0,57015.0,2.5689584791229296,1.836615161488258,1.0,Auburn-Opelika - AL USA
2014,"San Jose-Sunnyvale-Santa Clara, CA",33192.0,780088.0,1080032.0,33192.0,271247.0,350823.0,1893312.0,655262.0,3.07856668462444,2.8759322683753186,1.0,San Jose - CA USA
2008,"St. Louis, MO-IL",65659.0,655005.0,1999134.0,65659.0,299364.0,774090.0,2719798.0,1139113.0,2.582560167422393,2.1879885356956748,1.0,Saint Louis - MO USA
2023,"Omaha-Council Bluffs, NE-IA",19513.0,290227.0,762017.0,19513.0,144281.0,291703.0,1071757.0,455497.0,2.6123042958077223,2.0115399810092804,1.0,Omaha - NE USA
2017,"New York-Newark-Jersey City, NY-NJ-PA",408834.0,8910017.0,10946250.0,408834.0,3462392.0,3721490.0,20265101.0,7592716.0,2.9413621963245906,2.5733703751626043,1.0,New York - NY USA
2023,"Yuma, AZ",8336.0,66362.0,155941.0,8336.0,26298.0,67430.0,230639.0,102064.0,2.3126353255227645,2.523461860217507,1.0,Yuma - AZ USA
2005,"Raleigh, NC",0.0,272373.0,652400.0,,119226.0,241289.0,924773.0,,2.7038116118016156,2.2845100900810227,,Raleigh - NC USA
2016,"Anchorage, AK",11763.0,142419.0,307343.0,11763.0,53440.0,103501.0,461525.0,168704.0,2.9694688940203475,2.6650261976047904,1.0,Anchorage - AK USA
2019,"Cape Coral-Fort Myers, FL",10592.0,205633.0,554727.0,10592.0,69927.0,216960.0,770952.0,297479.0,2.556816924778761,2.9406809958957196,1.0,Fort Myers - FL USA
2023,"Lancaster, PA",17084.0,141295.0,400086.0,17084.0,63481.0,148188.0,558465.0,228753.0,2.6998542392096527,2.2257840928781842,1.0,Lancaster - PA USA
2022,"Dallas-Fort Worth-Arlington, TX",91715.0,2666281.0,5110669.0,91715.0,1151100.0,1731911.0,7868665.0,2974726.0,2.950884312184633,2.3162896360003473,1.0,Dallas-Fort Worth - TX USA
2021,"Daphne-Fairhope-Foley, AL",3244.0,50673.0,185370.0,3244.0,22460.0,71645.0,239287.0,97349.0,2.5873403587130994,2.2561442564559218,1.0,Daphne-Fairhope-Foley - AL USA
2005,"Eugene, OR",0.0,113599.0,217519.0,,51913.0,85450.0,331118.0,,2.5455705090696314,2.1882572765973842,,Eugene - OR USA
2010,"Athens-Clarke County, GA",14393.0,70800.0,90775.0,14393.0,25507.0,33683.0,175968.0,73583.0,2.694979663331651,2.7757086290038027,1.0,Athens - GA USA
2009,"Syracuse, NY",21581.0,175446.0,427834.0,21581.0,82531.0,165986.0,624861.0,270098.0,2.577530635113805,2.1258193890780435,1.0,Syracuse - NY USA
2018,"Bakersfield, CA",29924.0,366292.0,500166.0,29924.0,115401.0,157766.0,896382.0,303091.0,3.1703028535932964,3.174079947314148,1.0,Bakersfield - CA USA
2022,"Gainesville, GA",2953.0,59853.0,149771.0,2953.0,22006.0,52325.0,212577.0,77284.0,2.8623220258002866,2.719849132054894,1.0,Gainesville - GA USA
2011,"Detroit-Warren-Dearborn, MI",45951.0,1179847.0,3059991.0,45951.0,491077.0,1144763.0,4285789.0,1681791.0,2.6730345058322116,2.4025702690209476,1.0,Detroit - MI USA
2023,"Gainesville, GA",2866.0,69580.0,146229.0,2866.0,24931.0,51750.0,218675.0,79547.0,2.8256811594202897,2.79090289198187,1.0,Gainesville - GA USA
2017,"Sacramento--Roseville--Arden-Arcade, CA",37492.0,886754.0,1400699.0,37492.0,326461.0,503312.0,2324945.0,867265.0,2.782963648790412,2.7162631983606005,1.0,Sacramento - CA USA
2005,"Portland-South Portland, ME",0.0,136224.0,393410.0,,66358.0,153821.0,529634.0,,2.5575831648474527,2.052864763856656,,Portland - ME USA
2022,"Augusta-Richmond County, GA-SC",12981.0,158481.0,371768.0,12981.0,62379.0,140206.0,543230.0,215566.0,2.651584097684835,2.540614629923532,1.0,Augusta - GA USA
2005,"Charlotte-Concord-Gastonia, NC-SC",0.0,519146.0,1288135.0,,220098.0,493510.0,1807281.0,,2.610149743672874,2.3587038501031357,,Charlotte - NC USA
2022,"Myrtle Beach-Conway-North Myrtle Beach, SC-NC",6830.0,100265.0,378663.0,6830.0,45416.0,167103.0,485758.0,219349.0,2.266045492899589,2.2077021314074337,1.0,
2017,"San Diego-Carlsbad, CA",90356.0,1481319.0,1766986.0,90356.0,524139.0,602278.0,3338661.0,1216773.0,2.933837862249659,2.8261949597339635,1.0,San Diego - CA USA
2013,"Ann Arbor, MI",19309.0,119580.0,215913.0,19309.0,55559.0,82169.0,354802.0,157037.0,2.6276698024802543,2.1523065569934663,1.0,Ann Arbor - MI USA
2020,"Toledo, OH",16584.0,183162.0,445236.0,16584.0,89829.0,177337.0,644982.0,283750.0,2.5106774108054157,2.0390074474835522,1.0,Toledo - OH USA
2016,"Fort Collins, CO",9271.0,107687.0,223412.0,9271.0,47226.0,84181.0,340370.0,140678.0,2.6539480405317115,2.2802481683818234,1.0,Fort Collins - CO USA
2007,"Richmond, VA",43932.0,306258.0,749050.0,43932.0,133827.0,290693.0,1099240.0,468452.0,2.576773434516827,2.2884619695577126,1.0,Richmond - VA USA
2007,"Salisbury, MD-DE",11303.0,90488.0,250775.0,11303.0,38437.0,103043.0,352566.0,152783.0,2.433692730219423,2.3541899732029035,1.0,Salisbury - MD USA
2005,"Syracuse, NY",0.0,172616.0,430008.0,,81526.0,167709.0,602624.0,,2.564012664794376,2.1173122684787673,,Syracuse - NY USA
2005,"Houma-Thibodaux, LA",0.0,45875.0,169006.0,,19114.0,57940.0,214881.0,,2.9169140490162238,2.400073244742074,,Houma-Thibodaux - LA USA
2014,"Philadelphia-Camden-Wilmington, PA-NJ-DE-MD",162097.0,1766722.0,4161479.0,162097.0,740627.0,1501918.0,6090298.0,2404642.0,2.770776433866563,2.3854409844631643,1.0,Philadelphia - PA USA
2018,"Barnstable Town, MA",3287.0,47129.0,191827.0,3287.0,18263.0,78948.0,242243.0,100498.0,2.4297892283528397,2.5805727427038274,1.0,Barnstable Town - MA USA
2023,"Decatur, AL",1965.0,34372.0,122088.0,1965.0,15155.0,49372.0,158425.0,66492.0,2.472818601636555,2.2680303530188057,1.0,Decatur - AL USA
2008,"Albuquerque, NM",16251.0,238655.0,570242.0,16251.0,104934.0,220610.0,825148.0,341795.0,2.5848420289198133,2.2743343434920997,1.0,Albuquerque - NM USA
2015,"Milwaukee-Waukesha-West Allis, WI",30969.0,577229.0,967731.0,30969.0,253424.0,374417.0,1575929.0,658810.0,2.5846342447057693,2.2777203421933203,1.0,Milwaukee - WI USA
2014,"Springfield, MO",13692.0,138573.0,253105.0,13692.0,60569.0,100896.0,405370.0,175157.0,2.50857318426895,2.287853522428965,1.0,Springfield - MO USA
2005,"Reading, PA",0.0,90115.0,291638.0,,39401.0,109471.0,381753.0,,2.664066282394424,2.2871246922666937,,Reading - PA USA
2009,"Greeley, CO",3926.0,78262.0,172516.0,3926.0,25563.0,60520.0,254704.0,90009.0,2.850561797752809,3.0615342487188513,1.0,Greeley - CO USA
2021,"El Centro, CA",8831.0,70229.0,100020.0,8831.0,19897.0,27953.0,179080.0,56681.0,3.5781490358816583,3.529627582047545,1.0,El Centro - CA USA
2010,"Philadelphia-Camden-Wilmington, PA-NJ-DE-MD",153920.0,1591967.0,4244455.0,153920.0,695164.0,1533893.0,5990342.0,2382977.0,2.7671128299040415,2.2900596118326035,1.0,Philadelphia - PA USA
2005,"Chico, CA",0.0,88793.0,120274.0,,35678.0,47276.0,209067.0,,2.5440815635840597,2.4887325522731096,,Chico - CA USA
2018,"Las Cruces, NM",6405.0,76923.0,134998.0,6405.0,32307.0,48101.0,218326.0,86813.0,2.8065528783185383,2.3810010214504596,1.0,Las Cruces - NM USA
2023,"Ocala, FL",8184.0,94609.0,307359.0,8184.0,38157.0,133213.0,410152.0,179554.0,2.3072748155210077,2.4794664150745604,1.0,Ocala - FL USA
2016,"Grand Junction, CO",2932.0,46931.0,81840.0,2932.0,20333.0,33112.0,131703.0,56377.0,2.4716115003624064,2.308119805242709,1.0,Grand Junction - CO USA
2007,"Lubbock, TX",11367.0,93220.0,156137.0,11367.0,39784.0,60105.0,260724.0,111256.0,2.59773729307046,2.343153026342248,1.0,Lubbock - TX USA
2005,"Houston-The Woodlands-Sugar Land, TX",0.0,1754343.0,3387119.0,,673999.0,1133032.0,5141462.0,,2.989429248247181,2.6028866511671382,,Houston - TX USA
2005,"Decatur, IL",0.0,27419.0,81228.0,,13014.0,33630.0,108647.0,,2.415343443354148,2.106884893191947,,Decatur - IL USA
2017,"Ann Arbor, MI",20499.0,122567.0,225122.0,20499.0,54130.0,86599.0,368188.0,161228.0,2.5995912192981443,2.26430814705339,1.0,Ann Arbor - MI USA
2018,"Oxnard-Thousand Oaks-Ventura, CA",13175.0,322199.0,515129.0,13175.0,101829.0,170149.0,850503.0,285153.0,3.02751705857807,3.164118276718813,1.0,Ventura - CA USA
2009,"Pittsfield, MA",5830.0,32234.0,76173.0,5830.0,16365.0,31580.0,114237.0,53775.0,2.4120645978467383,1.9696914146043385,1.0,Pittsfield - MA USA
2007,"Daphne-Fairhope-Foley, AL",1875.0,34166.0,135765.0,1875.0,15862.0,53476.0,171806.0,71213.0,2.538802453437056,2.1539528432732316,1.0,Daphne-Fairhope-Foley - AL USA
2010,"Reading, PA",13584.0,108117.0,290099.0,13584.0,45588.0,109741.0,411800.0,168913.0,2.643487848661849,2.3716109502500657,1.0,Reading - PA USA
2012,"Louisville/Jefferson County, KY-IN",24825.0,368054.0,835532.0,24825.0,159717.0,323424.0,1228411.0,507966.0,2.5833951716632035,2.304413431256535,1.0,Louisville - KY USA
2005,"Trenton, NJ",0.0,86243.0,258424.0,,38197.0,89129.0,344667.0,,2.8994378933904787,2.2578474749325865,,Trenton - NJ USA
2005,"San Diego-Carlsbad, CA",0.0,1137615.0,1690399.0,,435138.0,606104.0,2828014.0,,2.7889586605599037,2.614377507825104,,San Diego - CA USA
2021,"Wichita, KS",10871.0,185263.0,429745.0,10871.0,84163.0,157095.0,625879.0,252129.0,2.73557401572297,2.2012404500790135,1.0,Wichita - KS USA
2023,"Pueblo, CO",6026.0,45664.0,103991.0,6026.0,19446.0,43908.0,155681.0,69380.0,2.3683838935957002,2.348246426000206,1.0,Pueblo - CO USA
2005,"Jacksonville, FL",0.0,351675.0,853375.0,,153528.0,331141.0,1205050.0,,2.5770744184501466,2.290624511489761,,Jacksonville - FL USA
2017,"Norwich-New London, CT",12362.0,74365.0,182115.0,12362.0,35524.0,71705.0,268842.0,119591.0,2.539781047346768,2.0933734939759034,1.0,Norwich - CT USA
2019,"Santa Fe, NM",2630.0,39636.0,108205.0,2630.0,17619.0,44562.0,150471.0,64811.0,2.4281899376150085,2.249616890856462,1.0,Santa Fe - NM USA
2015,"Bloomington, IL",8211.0,51281.0,114336.0,8211.0,23994.0,42346.0,173828.0,74551.0,2.7000425069664193,2.1372426439943317,1.0,Bloomington - IL USA
2005,"Owensboro, KY",0.0,25282.0,72910.0,,13073.0,28556.0,98192.0,,2.5532287435215015,1.933909584640098,,Owensboro - KY USA
2019,"Fresno, CA",18002.0,444954.0,536802.0,18002.0,145503.0,170470.0,999758.0,333975.0,3.148952894937526,3.0580400404115378,1.0,Fresno - CA USA
2005,"Springfield, MA",0.0,192626.0,371126.0,,90728.0,138000.0,563752.0,,2.68931884057971,2.1231152455691737,,Springfield - MA USA
2019,"Utica-Rome, NY",12667.0,66965.0,193220.0,12667.0,32712.0,75865.0,272852.0,121244.0,2.546892506425888,2.047108094888726,1.0,Utica - NY USA
2005,"Naples-Immokalee-Marco Island, FL",0.0,84258.0,215301.0,,30905.0,89722.0,299559.0,,2.3996455718775773,2.72635495874454,,Naples - FL USA
2011,"Hickory-Lenoir-Morganton, NC",7599.0,97330.0,259661.0,7599.0,37940.0,97618.0,364590.0,143157.0,2.6599704972443607,2.5653663679493937,1.0,Hickory - NC USA
2015,"Nashville-Davidson--Murfreesboro--Franklin, TN",34551.0,624312.0,1308508.0,34551.0,250165.0,489003.0,1967371.0,773719.0,2.67586906419797,2.4956009034037536,1.0,Nashville - TN USA
2005,"Auburn-Opelika, AL",0.0,41115.0,76545.0,,20517.0,29757.0,117660.0,,2.572335920959774,2.003947945606083,,Auburn-Opelika - AL USA
2013,"Columbus, OH",47076.0,659809.0,1159157.0,47076.0,276699.0,435304.0,1866042.0,759079.0,2.6628677889474943,2.3845731282006803,1.0,Columbus - OH USA
2017,"Fort Wayne, IN",5617.0,107896.0,259607.0,5617.0,45053.0,98050.0,373120.0,148720.0,2.647700152983172,2.3948682662641776,1.0,Fort Wayne - IN USA
2012,"Naples-Immokalee-Marco Island, FL",3762.0,103605.0,224545.0,3762.0,31419.0,92296.0,331912.0,127477.0,2.432878998006414,3.297526974123938,1.0,Naples - FL USA
2016,"Greensboro-High Point, NC",22338.0,285135.0,494912.0,22338.0,118279.0,197687.0,802385.0,338304.0,2.503513129340827,2.410698433365179,1.0,Greensboro - NC USA
2017,"Jacksonville, FL",25331.0,509276.0,939665.0,25331.0,200297.0,348039.0,1474272.0,573667.0,2.699884208378946,2.542604232714419,1.0,Jacksonville - FL USA
2005,"Kankakee, IL",0.0,25367.0,74389.0,,10802.0,28418.0,99756.0,,2.617671898092758,2.3483614145528606,,Kankakee - IL USA
2005,"Salt Lake City, UT",0.0,243273.0,697309.0,,99713.0,218950.0,940582.0,,3.1847864809317197,2.4397320309287656,,Salt Lake City - UT USA
2020,"Grand Junction, CO",2822.0,35338.0,85172.0,2822.0,14869.0,31286.0,123332.0,48977.0,2.7223678322572398,2.376622503194566,1.0,Grand Junction - CO USA
2005,"Rocky Mount, NC",0.0,48802.0,88518.0,,21648.0,34678.0,137320.0,,2.552569352327124,2.2543422025129343,,Rocky Mount - NC USA
2005,"Rockford, IL",0.0,73378.0,259737.0,,33235.0,92462.0,333115.0,,2.8091215850836018,2.2078531668421846,,Rockford - IL USA
2020,"Tuscaloosa, AL",10565.0,65883.0,158694.0,10565.0,28422.0,53692.0,235142.0,92679.0,2.9556358489160397,2.3180282879459573,1.0,
2008,"Lansing-East Lansing, MI",21450.0,115533.0,316996.0,21450.0,53266.0,124460.0,453979.0,199176.0,2.546970914349992,2.1689820898884844,1.0,Lansing - MI USA
2005,"Prescott, AZ",0.0,49499.0,139610.0,,22365.0,57088.0,189109.0,,2.4455227017937218,2.2132349653476413,,Prescott - AZ USA
2020,"Midland, TX",1797.0,53552.0,123105.0,1797.0,20215.0,42510.0,178454.0,64522.0,2.89590684544813,2.6491219391540937,1.0,Midland - TX USA
2012,"Baltimore-Columbia-Towson, MD",68489.0,831362.0,1805078.0,68489.0,347116.0,670836.0,2704929.0,1086441.0,2.6907888068022587,2.3950552553037023,1.0,Baltimore - MD USA
2013,"New Orleans-Metairie, LA",21249.0,447788.0,773019.0,21249.0,186517.0,292850.0,1242056.0,500616.0,2.639641454669626,2.4007892042012258,1.0,New Orleans - LA USA
2014,"Owensboro, KY",2867.0,32394.0,70637.0,2867.0,15185.0,27497.0,105898.0,45549.0,2.5688984252827582,2.1332894303589067,1.0,Owensboro - KY USA
2008,"Portland-South Portland, ME",13785.0,135455.0,399222.0,13785.0,65796.0,162106.0,548462.0,241687.0,2.4627219226925594,2.0587117757918416,1.0,Portland - ME USA
2013,"Shreveport-Bossier City, LA",8929.0,148724.0,261734.0,8929.0,57570.0,102265.0,419387.0,168764.0,2.5593702635310223,2.583359388570436,1.0,Shreveport - LA USA
2009,"New Haven-Milford, CT",25721.0,260603.0,561753.0,25721.0,114317.0,207373.0,848077.0,347411.0,2.708901351670661,2.2796521952115607,1.0,New Haven - CT USA
2005,"Urban Honolulu, HI",0.0,340637.0,542938.0,,126677.0,173538.0,883575.0,,3.128640413050744,2.68902010625449,,Honolulu - HI USA
