YEAR,MET_NAME,PPL_IN_RENTALS,RENTAL_UNITS,PPL_PER_RENTAL,costar_name
2011,"Los Angeles-Long Beach-Anaheim, CA",5781854.0,2126145.0,2.7194071900082073,Los Angeles - CA USA
2007,"El Paso, TX",222843.0,81741.0,2.726208389914486,El Paso - TX USA
2017,"Odessa, TX",42306.0,18426.0,2.2959947899706936,Odessa - TX USA
2020,"Anchorage, AK",99855.0,43425.0,2.299481865284974,Anchorage - AK USA
2017,"Bremerton-Silverdale, WA",79095.0,34918.0,2.2651640987456325,Bremerton - WA USA
2012,"Portland-South Portland, ME",134021.0,64888.0,2.0654204167180374,Portland - ME USA
2023,"Beckley, WV",25347.0,11665.0,2.172910415773682,
2006,"Harrisburg-Carlisle, PA",130629.0,65480.0,1.9949450213805742,Harrisburg - PA USA
2022,"Provo-Orem, UT",186516.0,64297.0,2.900850739536837,Provo - UT USA
2015,"Lawrence, KS",39629.0,19407.0,2.0419951563868706,
2007,"Blacksburg-Christiansburg-Radford, VA",58293.0,25857.0,2.2544378698224854,Blacksburg - VA USA
2013,"Waco, TX",89622.0,39526.0,2.26741891413247,Waco - TX USA
2008,"Dover, DE",35609.0,15919.0,2.2368867391167786,Dover - DE USA
2011,"Toledo, OH",208504.0,90992.0,2.291454193775277,Toledo - OH USA
2018,"Worcester, MA-CT",255685.0,119385.0,2.141684466222725,Worcester - MA USA
2020,"Monroe, LA",55205.0,24676.0,2.237194034689577,Monroe - LA USA
2011,"Monroe, MI",29301.0,11237.0,2.6075464981756697,Monroe - MI USA
2008,"Hammond, LA",40501.0,15624.0,2.5922299027137736,Hammond - LA USA
2022,"Bellingham, WA",65490.0,32955.0,1.9872553482020938,Bellingham - WA USA
2006,"Grand Junction, CO",36281.0,15659.0,2.3169423334823422,Grand Junction - CO USA
2013,"Niles-Benton Harbor, MI",37474.0,16855.0,2.2233165232868584,Niles-Benton Harbor - MI USA
2018,"Myrtle Beach-Conway-North Myrtle Beach, SC-NC",98455.0,44435.0,2.2157083380218294,
2015,"Akron, OH",209548.0,97233.0,2.15511194758981,Akron - OH USA
2011,"Salisbury, MD-DE",86757.0,33899.0,2.559279034779787,Salisbury - MD USA
2023,"Lafayette, LA",136244.0,61050.0,2.2316789516789517,Lafayette - LA USA
2007,"Anchorage, AK",126208.0,50119.0,2.518166763103813,Anchorage - AK USA
2015,"Cincinnati, OH-KY-IN",608760.0,283086.0,2.1504419151777197,Cincinnati - OH USA
2010,"Chattanooga, TN-GA",142951.0,61729.0,2.315783505321648,Chattanooga - TN USA
2019,"Coeur d'Alene, ID",45435.0,19910.0,2.282019085886489,
2011,"Michigan City-La Porte, IN",23052.0,10619.0,2.1708258781429515,Michigan City-La Porte - IN USA
2009,"Albany-Schenectady-Troy, NY",213832.0,107802.0,1.983562457097271,Albany - NY USA
2022,"St. Louis, MO-IL",731322.0,361547.0,2.022757760401829,Saint Louis - MO USA
2005,"Yuba City, CA",54868.0,20212.0,2.7146249752622205,Yuba City - CA USA
2019,"State College, PA",46230.0,23429.0,1.9731956122753853,State College - PA USA
2008,"Port St. Lucie, FL",93223.0,37051.0,2.51607244068986,Port St. Lucie - FL USA
2010,"Pensacola-Ferry Pass-Brent, FL",117896.0,51098.0,2.307252730048143,Pensacola - FL USA
2020,"East Stroudsburg, PA",38129.0,13249.0,2.877877575666088,East Stroudsburg - PA USA
2018,"Wenatchee, WA",41192.0,16276.0,2.530842958957975,
2023,"Allentown-Bethlehem-Easton, PA-NJ",237430.0,103867.0,2.2859040888828983,Lehigh Valley - PA USA
2014,"Minneapolis-St. Paul-Bloomington, MN-WI",883153.0,404753.0,2.181955414783831,Minneapolis - MN USA
2009,"Las Cruces, NM",61116.0,24459.0,2.498712130504109,Las Cruces - NM USA
2016,"Flagstaff, AZ",43600.0,18688.0,2.3330479452054793,Flagstaff - AZ USA
2013,"Vallejo-Fairfield, CA",155530.0,58141.0,2.675048588775563,Vallejo-Fairfield - CA USA
2005,"Ocean City, NJ",20354.0,9128.0,2.2298422436459244,Ocean City - NJ USA
2014,"Gulfport-Biloxi-Pascagoula, MS",113510.0,50008.0,2.269836826107823,Gulfport-Biloxi-Pascagoula - MS USA
2018,"Corpus Christi, TX",163345.0,64682.0,2.525354812776352,Corpus Christi - TX USA
2016,"Portland-South Portland, ME",121220.0,65408.0,1.8532901174168297,Portland - ME USA
2016,"Myrtle Beach-Conway-North Myrtle Beach, SC-NC",115146.0,50498.0,2.28020911719276,
2012,"Lima, OH",28481.0,12903.0,2.2073161280322404,
2014,"Houston-The Woodlands-Sugar Land, TX",2254921.0,902980.0,2.4971992735165784,Houston - TX USA
2010,"Worcester, MA-CT",236577.0,109909.0,2.152480688569635,Worcester - MA USA
2014,"Chicago-Naperville-Elgin, IL-IN-WI",2915660.0,1229942.0,2.3705670673901698,Chicago - IL USA
2007,"East Stroudsburg, PA",36943.0,13600.0,2.7163970588235293,East Stroudsburg - PA USA
2016,"Lawrence, KS",41995.0,23379.0,1.796270156978485,
2013,"Decatur, IL",30093.0,13271.0,2.26757591741391,Decatur - IL USA
2011,"Knoxville, TN",242392.0,113746.0,2.130993617357973,Knoxville - TN USA
2010,"Yuba City, CA",67027.0,22164.0,3.0241382421945495,Yuba City - CA USA
2007,"York-Hanover, PA",77554.0,36920.0,2.100595882990249,York - PA USA
2011,"Rocky Mount, NC",49717.0,21324.0,2.3315044081785783,Rocky Mount - NC USA
2014,"Rocky Mount, NC",54375.0,22155.0,2.4542992552471223,Rocky Mount - NC USA
2012,"Myrtle Beach-Conway-North Myrtle Beach, SC-NC",121221.0,51440.0,2.3565513219284604,
2022,"Bloomington, IN",53297.0,28754.0,1.8535508103220422,Bloomington - IN USA
2016,"Miami-Fort Lauderdale-West Palm Beach, FL",2144954.0,871669.0,2.4607436997300582,Miami - FL USA
2013,"Cleveland-Elyria, OH",615631.0,296941.0,2.0732435062857606,Cleveland - OH USA
2010,"Flagstaff, AZ",46712.0,16928.0,2.7594517958412097,Flagstaff - AZ USA
2010,"Las Vegas-Henderson-Paradise, NV",811662.0,314828.0,2.5781124931708743,Las Vegas - NV USA
2005,"Muskegon, MI",23495.0,12360.0,1.9008899676375404,Muskegon - MI USA
2010,"Spokane-Spokane Valley, WA",156350.0,68746.0,2.2743141419137114,Spokane - WA USA
2016,"Lynchburg, VA",66835.0,28918.0,2.3111902621204785,Lynchburg - VA USA
2018,"Lansing-East Lansing, MI",141068.0,66439.0,2.123270970363792,Lansing - MI USA
2021,"Niles-Benton Harbor, MI",39764.0,18497.0,2.149754014164459,Niles-Benton Harbor - MI USA
2019,"Jefferson City, MO",44957.0,18930.0,2.3749075541468567,
2006,"Dallas-Fort Worth-Arlington, TX",1790841.0,755286.0,2.3710766517584068,Dallas-Fort Worth - TX USA
2009,"San Angelo, TX",34077.0,14715.0,2.3158002038735983,San Angelo - TX USA
2016,"Chico, CA",82325.0,35116.0,2.3443729354140563,Chico - CA USA
2023,"Pueblo, CO",47069.0,19446.0,2.4204977887483285,Pueblo - CO USA
2023,"Bridgeport-Stamford-Norwalk, CT",286595.0,127181.0,2.2534419449446066,Stamford - CT USA
2009,"Iowa City, IA",40287.0,21499.0,1.873901111679613,Iowa City - IA USA
2018,"Yuma, AZ",75718.0,26414.0,2.866585901415916,Yuma - AZ USA
2007,"Albuquerque, NM",222254.0,99705.0,2.229115891881049,Albuquerque - NM USA
2011,"Trenton, NJ",102483.0,43738.0,2.3431112533723537,Trenton - NJ USA
2022,"Little Rock-North Little Rock-Conway, AR",225836.0,115130.0,1.9615738730131156,Little Rock - AR USA
2018,"Baton Rouge, LA",211625.0,94535.0,2.238588882424499,Baton Rouge - LA USA
2016,"Punta Gorda, FL",37458.0,17006.0,2.2026343643419968,Punta Gorda - FL USA
2015,"Wenatchee, WA",31201.0,12464.0,2.5032894736842106,
2010,"Stockton-Lodi, CA",289448.0,90440.0,3.200442282176028,Stockton - CA USA
2022,"Anniston-Oxford-Jacksonville, AL",27496.0,13225.0,2.079092627599244,Anniston-Oxford - AL USA
2018,"Bakersfield, CA",346282.0,115401.0,3.0006845694578037,Bakersfield - CA USA
2020,"Fort Wayne, IN",93450.0,44376.0,2.105868036776636,Fort Wayne - IN USA
2012,"Denver-Aurora-Lakewood, CO",900985.0,389701.0,2.311990474748589,Denver - CO USA
2014,"Memphis, TN-MS-AR",445639.0,182713.0,2.4390109078171776,Memphis - TN USA
2005,"Jackson, TN",35100.0,14652.0,2.3955773955773956,Jackson - TN USA
2009,"Yuma, AZ",64913.0,22288.0,2.912464106245513,Yuma - AZ USA
2009,"Davenport-Moline-Rock Island, IA-IL",89694.0,45464.0,1.972857645609713,Davenport - IA USA
2016,"Spokane-Spokane Valley, WA",203386.0,84798.0,2.3984763791598858,Spokane - WA USA
2013,"Nashville-Davidson--Murfreesboro--Franklin, TN",553213.0,240336.0,2.301831602423274,Nashville - TN USA
2022,"Bakersfield, CA",331752.0,112447.0,2.950296584168542,Bakersfield - CA USA
2023,"Coeur d'Alene, ID",47362.0,19783.0,2.3940757215791337,
2017,"Boise City, ID",201862.0,85286.0,2.366883193021129,Boise - ID USA
2011,"Portland-Vancouver-Hillsboro, OR-WA",805858.0,348250.0,2.314021536252692,Portland - OR USA
2018,"Asheville, NC",134487.0,67807.0,1.983379297122716,
2009,"Pittsburgh, PA",562316.0,292756.0,1.920766781893454,Pittsburgh - PA USA
2016,"Bloomington, IN",50798.0,24313.0,2.0893349237033685,Bloomington - IN USA
2018,"Niles-Benton Harbor, MI",40191.0,18618.0,2.158717370286819,Niles-Benton Harbor - MI USA
2019,"Fort Collins, CO",107148.0,49416.0,2.168285575522098,Fort Collins - CO USA
2005,"Bridgeport-Stamford-Norwalk, CT",201218.0,90384.0,2.226256859621172,Stamford - CT USA
2015,"Springfield, IL",58628.0,27216.0,2.1541740152851263,Springfield - IL USA
2018,"Columbia, MO",79850.0,33385.0,2.391792721282013,Columbia - MO USA
2005,"Vallejo-Fairfield, CA",116701.0,45530.0,2.563167142543378,Vallejo-Fairfield - CA USA
2018,"Urban Honolulu, HI",364547.0,138710.0,2.628123422968784,Honolulu - HI USA
2015,"Allentown-Bethlehem-Easton, PA-NJ",240148.0,99012.0,2.4254433806003313,Lehigh Valley - PA USA
2006,"York-Hanover, PA",90169.0,38845.0,2.3212511262710773,York - PA USA
2013,"Toledo, OH",196725.0,95465.0,2.060702875399361,Toledo - OH USA
2016,"Raleigh, NC",412879.0,180040.0,2.2932626083092646,Raleigh - NC USA
2017,"San Diego-Carlsbad, CA",1376703.0,524139.0,2.626599051015093,San Diego - CA USA
2021,"Bremerton-Silverdale, WA",76423.0,34068.0,2.2432487965245977,Bremerton - WA USA
2019,"Kankakee, IL",25474.0,12694.0,2.006774854261856,Kankakee - IL USA
2005,"Greenville, NC",54069.0,25356.0,2.132394699479413,Greenville - NC USA
2006,"Salisbury, MD-DE",76608.0,32087.0,2.3875089600149595,Salisbury - MD USA
2009,"Boston-Cambridge-Newton, MA-NH",1316402.0,633946.0,2.0765207131206758,Boston - MA USA
2010,"Youngstown-Warren-Boardman, OH-PA",130595.0,62628.0,2.085249409209938,Youngstown - OH USA
2018,"Shreveport-Bossier City, LA",139560.0,63420.0,2.2005676442762536,Shreveport - LA USA
2023,"Prescott, AZ",56636.0,27653.0,2.0480960474451235,Prescott - AZ USA
2017,"Santa Rosa, CA",186836.0,73396.0,2.5455883154395336,Santa Rosa - CA USA
2018,"Laredo, TX",96732.0,29209.0,3.3117189907220377,Laredo - TX USA
2014,"Iowa City, IA",49011.0,21823.0,2.2458415433258487,Iowa City - IA USA
2017,"Decatur, IL",26301.0,11878.0,2.214261660212157,Decatur - IL USA
2008,"Shreveport-Bossier City, LA",128362.0,56448.0,2.273986678004535,Shreveport - LA USA
2022,"Odessa, TX",55542.0,23367.0,2.376941841057902,Odessa - TX USA
2007,"Nashville-Davidson--Murfreesboro--Franklin, TN",404543.0,184828.0,2.1887538684614887,Nashville - TN USA
2019,"Syracuse, NY",177287.0,86011.0,2.061213100649917,Syracuse - NY USA
2005,"Racine, WI",48740.0,21438.0,2.2735329788226513,Racine - WI USA
2017,"Winston-Salem, NC",190546.0,82350.0,2.3138554948391015,Winston-Salem - NC USA
2022,"Akron, OH",189205.0,92843.0,2.037902695949075,Akron - OH USA
2023,"Hartford-West Hartford-East Hartford, CT",300994.0,155766.0,1.9323472388069283,Hartford - CT USA
2009,"Greenville, NC",67533.0,32408.0,2.0838373241175017,Greenville - NC USA
2007,"Indianapolis-Carmel-Anderson, IN",447534.0,212607.0,2.1049824323752278,Indianapolis - IN USA
2015,"Bloomington, IN",50276.0,24804.0,2.026931140138687,Bloomington - IN USA
2015,"Visalia-Porterville, CA",201283.0,60791.0,3.311065782763896,Visalia - CA USA
2023,"Lebanon, PA",38588.0,16910.0,2.2819633353045536,Lebanon - PA USA
2017,"Chico, CA",91262.0,37407.0,2.439703798754244,Chico - CA USA
2018,"Lawrence, KS",46687.0,23021.0,2.0280178967030102,
2011,"Alexandria, LA",33817.0,14986.0,2.256572801281196,Alexandria - LA USA
2020,"Bismarck, ND",34410.0,16730.0,2.056784219964136,
2007,"Dover, DE",37386.0,17247.0,2.1676813358845015,Dover - DE USA
2011,"Sacramento--Roseville--Arden-Arcade, CA",791839.0,313527.0,2.525584718381511,Sacramento - CA USA
2012,"Buffalo-Cheektowaga-Niagara Falls, NY",322077.0,158506.0,2.031954626323294,Buffalo - NY USA
2019,"Fayetteville-Springdale-Rogers, AR-MO",174934.0,73804.0,2.370250934908677,Northwest Arkansas - AR USA
2014,"Gadsden, AL",29678.0,12362.0,2.4007442161462547,Gadsden - AL USA
2009,"Hickory-Lenoir-Morganton, NC",77628.0,35704.0,2.1742101725296887,Hickory - NC USA
2006,"Gainesville, FL",89551.0,43540.0,2.056752411575563,Gainesville - FL USA
2007,"Rochester, NY",248702.0,121434.0,2.0480425580974027,Rochester - NY USA
2023,"Goldsboro, NC",49001.0,19241.0,2.5466971571124164,Goldsboro - NC USA
2017,"Waco, TX",87382.0,37932.0,2.3036486343983973,Waco - TX USA
2005,"Lincoln, NE",82473.0,41055.0,2.008841797588601,Lincoln - NE USA
2014,"Wichita, KS",190983.0,79126.0,2.4136566994413973,Wichita - KS USA
2023,"Santa Rosa, CA",161330.0,68106.0,2.368807447214636,Santa Rosa - CA USA
2022,"Anchorage, AK",122380.0,54909.0,2.2287785244677556,Anchorage - AK USA
2005,"San Angelo, TX",28745.0,13353.0,2.1526997678424324,San Angelo - TX USA
2005,"Farmington, NM",22012.0,8158.0,2.698210345672959,Farmington - NM USA
2014,"Santa Rosa, CA",195952.0,80104.0,2.446219914111655,Santa Rosa - CA USA
2020,"Gainesville, FL",89089.0,49270.0,1.808179419525066,Gainesville - FL USA
2016,"Riverside-San Bernardino-Ontario, CA",1598638.0,522232.0,3.0611643867093554,Inland Empire - CA USA
2020,"Waco, TX",74358.0,33786.0,2.2008524240809804,Waco - TX USA
2019,"East Stroudsburg, PA",35799.0,14644.0,2.4446189565692436,East Stroudsburg - PA USA
2006,"Madera, CA",55878.0,15932.0,3.5072809440120514,Madera - CA USA
2009,"Brownsville-Harlingen, TX",123709.0,39275.0,3.1498154042011457,Brownsville-Harlingen - TX USA
2005,"Gainesville, FL",96891.0,47009.0,2.0611159565189645,Gainesville - FL USA
2012,"Oshkosh-Neenah, WI",50456.0,23342.0,2.1615971210693172,
2009,"Denver-Aurora-Lakewood, CO",753043.0,336942.0,2.2349336087516547,Denver - CO USA
2008,"Niles-Benton Harbor, MI",35768.0,17243.0,2.0743490111929477,Niles-Benton Harbor - MI USA
2016,"Corpus Christi, TX",172753.0,68444.0,2.5240050260066624,Corpus Christi - TX USA
2013,"La Crosse-Onalaska, WI-MN",36633.0,17132.0,2.1382792435208966,La Crosse-Onalaska - WI USA
2020,"Colorado Springs, CO",198390.0,86028.0,2.3061096387222766,Colorado Springs - CO USA
2007,"Springfield, OH",34609.0,14936.0,2.317153186930905,Springfield - OH USA
2011,"Harrisburg-Carlisle, PA",156679.0,71424.0,2.1936463933691757,Harrisburg - PA USA
2011,"Modesto, CA",203061.0,69596.0,2.9177107879763207,Modesto - CA USA
2023,"Bloomington, IN",56634.0,30281.0,1.870281694792114,Bloomington - IN USA
2022,"Punta Gorda, FL",32167.0,14869.0,2.163360010760643,Punta Gorda - FL USA
2009,"Flagstaff, AZ",44995.0,18958.0,2.3734043675493197,Flagstaff - AZ USA
2017,"North Port-Sarasota-Bradenton, FL",184481.0,84268.0,2.1892177338966157,Sarasota - FL USA
2010,"Prescott, AZ",67392.0,28075.0,2.4004274265360643,Prescott - AZ USA
2011,"Auburn-Opelika, AL",53418.0,22527.0,2.371287787987748,Auburn-Opelika - AL USA
2007,"Altoona, PA",32052.0,14908.0,2.1499865843842234,Altoona - PA USA
2014,"Fresno, CA",448867.0,143921.0,3.118842976355084,Fresno - CA USA
2008,"Burlington-South Burlington, VT",52268.0,24041.0,2.174119213011106,Burlington - VT USA
2007,"Bangor, ME",34404.0,18910.0,1.8193548387096774,Bangor - ME USA
2012,"Hanford-Corcoran, CA",64948.0,20249.0,3.207467035409156,Hanford-Corcoran - CA USA
2023,"Sebastian-Vero Beach, FL",33419.0,14965.0,2.2331440026729035,
2007,"Los Angeles-Long Beach-Anaheim, CA",5304332.0,1985777.0,2.6711619683378345,Los Angeles - CA USA
2005,"Allentown-Bethlehem-Easton, PA-NJ",171425.0,80217.0,2.1370158445217347,Lehigh Valley - PA USA
2006,"Montgomery, AL",96314.0,41687.0,2.3104085206419267,Montgomery - AL USA
2009,"Seattle-Tacoma-Bellevue, WA",1129639.0,515869.0,2.1897788004318928,Seattle - WA USA
2006,"Sacramento--Roseville--Arden-Arcade, CA",663193.0,272381.0,2.434799049860306,Sacramento - CA USA
2007,"San Jose-Sunnyvale-Santa Clara, CA",581208.0,227882.0,2.550477878902239,San Jose - CA USA
2022,"Cleveland-Elyria, OH",553431.0,294522.0,1.8790820380141382,Cleveland - OH USA
2006,"Erie, PA",70406.0,34449.0,2.0437748555836164,Erie - PA USA
2021,"Charlotte-Concord-Gastonia, NC-SC",759195.0,355285.0,2.1368619558945636,Charlotte - NC USA
2022,"Johnson City, TN",65112.0,29733.0,2.1898900211885786,
2013,"Bloomington, IN",49620.0,26151.0,1.8974417804290467,Bloomington - IN USA
2017,"Pittsburgh, PA",561634.0,296784.0,1.8923998598307186,Pittsburgh - PA USA
2012,"Bloomington, IL",49991.0,22669.0,2.2052582822356523,Bloomington - IL USA
2014,"Ann Arbor, MI",112013.0,54926.0,2.0393438444452534,Ann Arbor - MI USA
2014,"Oshkosh-Neenah, WI",53530.0,23982.0,2.232090734717705,
2016,"College Station-Bryan, TX",101129.0,42426.0,2.383656248526847,College Station-Bryan - TX USA
2012,"Greenville, NC",79942.0,34348.0,2.3274135320833818,Greenville - NC USA
2018,"Stockton-Lodi, CA",327627.0,106647.0,3.0720695378210356,Stockton - CA USA
2013,"Buffalo-Cheektowaga-Niagara Falls, NY",328638.0,160566.0,2.0467471320204775,Buffalo - NY USA
2008,"San Antonio-New Braunfels, TX",601245.0,251052.0,2.3949022513264184,San Antonio - TX USA
2023,"Muskegon, MI",26524.0,12766.0,2.077706407645308,Muskegon - MI USA
2013,"Dover, DE",43039.0,16803.0,2.561387847408201,Dover - DE USA
2010,"Elizabethtown-Fort Knox, KY",42415.0,16093.0,2.6356179705462,Elizabethtown-Fort Knox - KY USA
2017,"Olympia-Tumwater, WA",93613.0,38121.0,2.455680595996957,Olympia - WA USA
2019,"Chicago-Naperville-Elgin, IL-IN-WI",2686842.0,1247700.0,2.1534359220966577,Chicago - IL USA
2007,"Redding, CA",59331.0,24761.0,2.396147166915714,Redding - CA USA
2005,"Phoenix-Mesa-Scottsdale, AZ",1126196.0,457381.0,2.4622710606693325,Phoenix - AZ USA
2008,"Detroit-Warren-Dearborn, MI",992174.0,445001.0,2.229599484046103,Detroit - MI USA
2020,"Champaign-Urbana, IL",67243.0,32945.0,2.041068447412354,Champaign-Urbana - IL USA
2017,"Niles-Benton Harbor, MI",47107.0,20485.0,2.2995850622406637,Niles-Benton Harbor - MI USA
2016,"Saginaw, MI",46893.0,22387.0,2.0946531469156207,Saginaw - MI USA
2005,"Naples-Immokalee-Marco Island, FL",78462.0,30905.0,2.5388124898883677,Naples - FL USA
2017,"Utica-Rome, NY",81062.0,35844.0,2.2615221515455866,Utica - NY USA
2022,"Greeley, CO",65989.0,28451.0,2.319391234051527,Greeley - CO USA
2008,"Pittsburgh, PA",553215.0,280184.0,1.9744703480569912,Pittsburgh - PA USA
2023,"San Antonio-New Braunfels, TX",796537.0,345820.0,2.3033283210918976,San Antonio - TX USA
2020,"Washington-Arlington-Alexandria, DC-VA-MD-WV",1837877.0,817555.0,2.2480163414082233,Washington - DC USA
2005,"Lake Charles, LA",51251.0,21643.0,2.3680173728226217,Lake Charles - LA USA
2013,"Norwich-New London, CT",86011.0,35433.0,2.4274264104083763,Norwich - CT USA
2017,"Pittsfield, MA",28174.0,16246.0,1.7342114982149452,Pittsfield - MA USA
2023,"Santa Maria-Santa Barbara, CA",196399.0,74781.0,2.6263221941402226,Santa Barbara - CA USA
2005,"Elkhart-Goshen, IN",51949.0,20750.0,2.503566265060241,Elkhart - IN USA
2023,"Topeka, KS",63302.0,31231.0,2.0268963529826136,
2008,"Cleveland-Elyria, OH",538601.0,267469.0,2.013695045033256,Cleveland - OH USA
2017,"Fresno, CA",419804.0,143555.0,2.924342586465118,Fresno - CA USA
2008,"Glens Falls, NY",38059.0,16882.0,2.254412984243573,Glens Falls - NY USA
2022,"Providence-Warwick, RI-MA",524173.0,253187.0,2.0702998179211414,Providence - RI USA
2008,"Modesto, CA",168912.0,60787.0,2.778752035797128,Modesto - CA USA
2018,"Minneapolis-St. Paul-Bloomington, MN-WI",913899.0,425878.0,2.1459173753985885,Minneapolis - MN USA
2006,"Bloomington, IL",43180.0,20220.0,2.135509396636993,Bloomington - IL USA
2005,"Baton Rouge, LA",194909.0,83427.0,2.336282019010632,Baton Rouge - LA USA
2018,"Milwaukee-Waukesha-West Allis, WI",531356.0,249646.0,2.128437868021118,Milwaukee - WI USA
2023,"Stockton-Lodi, CA",276655.0,93092.0,2.971845056503244,Stockton - CA USA
2019,"Amarillo, TX",74943.0,33946.0,2.2077122488658456,Amarillo - TX USA
2013,"Michigan City-La Porte, IN",30559.0,12865.0,2.375359502526234,Michigan City-La Porte - IN USA
2014,"Eau Claire, WI",48328.0,23345.0,2.0701649175412293,Eau Claire - WI USA
2012,"Des Moines-West Des Moines, IA",171083.0,72498.0,2.3598306160169935,
2019,"Bangor, ME",34961.0,18582.0,1.881444408567431,Bangor - ME USA
2016,"Tuscaloosa, AL",65278.0,30012.0,2.175063308010129,
2020,"Deltona-Daytona Beach-Ormond Beach, FL",145299.0,69467.0,2.0916262397973138,Daytona Beach - FL USA
2011,"Altoona, PA",29176.0,12843.0,2.2717433621428014,Altoona - PA USA
2008,"Springfield, MO",123520.0,53705.0,2.2999720696396984,Springfield - MO USA
2008,"Bloomington, IL",39366.0,19619.0,2.00652428768031,Bloomington - IL USA
2016,"Salisbury, MD-DE",96662.0,41578.0,2.324835249410746,Salisbury - MD USA
2005,"Philadelphia-Camden-Wilmington, PA-NJ-DE-MD",1401362.0,644256.0,2.1751632891273034,Philadelphia - PA USA
2010,"St. Louis, MO-IL",677603.0,312852.0,2.165889941569816,Saint Louis - MO USA
2012,"San Francisco-Oakland-Hayward, CA",1795732.0,764482.0,2.348952624129803,San Francisco - CA USA
2011,"Santa Fe, NM",45705.0,22047.0,2.073071166145054,Santa Fe - NM USA
2011,"Grand Rapids-Wyoming, MI",211957.0,91561.0,2.3149266609145815,Grand Rapids - MI USA
2017,"Johnstown, PA",29052.0,13672.0,2.1249268578115856,Johnstown - PA USA
2021,"Olympia-Tumwater, WA",88133.0,38702.0,2.277220815461733,Olympia - WA USA
2007,"Gulfport-Biloxi-Pascagoula, MS",88451.0,37236.0,2.3754162638307013,Gulfport-Biloxi-Pascagoula - MS USA
2015,"Augusta-Richmond County, GA-SC",161598.0,63629.0,2.539691021389618,Augusta - GA USA
2006,"Yakima, WA",76092.0,27247.0,2.792674422872243,Yakima - WA USA
2019,"Las Cruces, NM",67057.0,27403.0,2.4470678392876692,Las Cruces - NM USA
2013,"Yuba City, CA",69508.0,24076.0,2.8870244226615718,Yuba City - CA USA
2007,"Allentown-Bethlehem-Easton, PA-NJ",193162.0,85055.0,2.271024631121039,Lehigh Valley - PA USA
2021,"Mobile, AL",126803.0,57820.0,2.193064683500519,Mobile - AL USA
2012,"Dayton, OH",268367.0,121135.0,2.21543732199612,Dayton - OH USA
2018,"Sacramento--Roseville--Arden-Arcade, CA",833910.0,327840.0,2.5436493411420207,Sacramento - CA USA
2005,"Albany-Schenectady-Troy, NY",213645.0,109165.0,1.9570833142490724,Albany - NY USA
2011,"Hammond, LA",35746.0,13605.0,2.6274163910327086,Hammond - LA USA
2014,"Jackson, MS",177018.0,71998.0,2.4586516292119227,Jackson - MS USA
2012,"Phoenix-Mesa-Scottsdale, AZ",1513927.0,594508.0,2.5465208205776877,Phoenix - AZ USA
2017,"Harrisburg-Carlisle, PA",154517.0,70440.0,2.193597387847814,Harrisburg - PA USA
2020,"Virginia Beach-Norfolk-Newport News, VA-NC",511413.0,247643.0,2.0651219699325236,Norfolk - VA USA
2022,"San Francisco-Oakland-Hayward, CA",1751304.0,763997.0,2.2922917236586007,San Francisco - CA USA
2005,"Hilton Head Island-Bluffton-Beaufort, SC",49381.0,18852.0,2.6194037767876086,Hilton Head Island - SC USA
2018,"Indianapolis-Carmel-Anderson, IN",597329.0,275773.0,2.1660169777316853,Indianapolis - IN USA
2014,"Salt Lake City, UT",340724.0,128639.0,2.648683525213971,Salt Lake City - UT USA
2020,"Yakima, WA",87113.0,33757.0,2.580590692300856,Yakima - WA USA
2018,"Bismarck, ND",35898.0,18288.0,1.9629265091863517,
2023,"Grand Junction, CO",39673.0,20445.0,1.9404744436292491,Grand Junction - CO USA
2020,"Tuscaloosa, AL",57669.0,28422.0,2.029026810217437,
2019,"Colorado Springs, CO",236606.0,97318.0,2.4312665693910684,Colorado Springs - CO USA
2006,"Eugene, OR",112504.0,53190.0,2.115134423763865,Eugene - OR USA
2017,"Sebastian-Vero Beach, FL",28082.0,13123.0,2.1399070334527166,
2010,"Canton-Massillon, OH",92656.0,43069.0,2.151338549768975,Canton - OH USA
2014,"Miami-Fort Lauderdale-West Palm Beach, FL",2009919.0,821419.0,2.446886424589643,Miami - FL USA
2007,"Salinas, CA",187777.0,67133.0,2.7970893599273086,Salinas - CA USA
2019,"Springfield, MO",155384.0,76519.0,2.0306590520001566,Springfield - MO USA
2016,"Oklahoma City, OK",449657.0,196219.0,2.2916078463349625,Oklahoma City - OK USA
2021,"Gulfport-Biloxi-Pascagoula, MS",105449.0,46477.0,2.268842653355423,Gulfport-Biloxi-Pascagoula - MS USA
2007,"Flint, MI",114757.0,51730.0,2.2183839164894645,Flint - MI USA
2012,"Odessa, TX",33278.0,15435.0,2.1560090702947847,Odessa - TX USA
2016,"Allentown-Bethlehem-Easton, PA-NJ",248830.0,102036.0,2.43864910423772,Lehigh Valley - PA USA
2014,"Lafayette-West Lafayette, IN",70794.0,30508.0,2.320506096761505,
2005,"Tucson, AZ",286010.0,126290.0,2.2647082112597987,Tucson - AZ USA
2021,"Pensacola-Ferry Pass-Brent, FL",128589.0,59840.0,2.148880347593583,Pensacola - FL USA
2023,"Yuma, AZ",72493.0,26298.0,2.756597459882881,Yuma - AZ USA
2011,"Ogden-Clearfield, UT",112172.0,43461.0,2.5809806493177794,Ogden - UT USA
2023,"Homosassa Springs, FL",28012.0,13507.0,2.073887613829866,
2008,"Allentown-Bethlehem-Easton, PA-NJ",180518.0,81224.0,2.22247119078105,Lehigh Valley - PA USA
2012,"Louisville/Jefferson County, KY-IN",360039.0,159717.0,2.2542309209414153,Louisville - KY USA
2021,"Harrisonburg, VA",41687.0,17316.0,2.4074266574266576,
2006,"Reno, NV",133625.0,60013.0,2.2266009031376535,Reno - NV USA
2008,"Portland-Vancouver-Hillsboro, OR-WA",631822.0,291206.0,2.1696737017781227,Portland - OR USA
2011,"Champaign-Urbana, IL",82967.0,36920.0,2.2472101841820153,Champaign-Urbana - IL USA
2015,"Birmingham-Hoover, AL",293024.0,136014.0,2.154366462275942,Birmingham - AL USA
2008,"Tallahassee, FL",114351.0,51402.0,2.2246410645500174,Tallahassee - FL USA
2006,"Rochester, NY",245738.0,121758.0,2.0182493142134397,Rochester - NY USA
2011,"Oklahoma City, OK",397104.0,174505.0,2.2756024182688175,Oklahoma City - OK USA
2021,"Springfield, IL",45703.0,24351.0,1.8768428401297688,Springfield - IL USA
2016,"Greenville, NC",66988.0,31842.0,2.1037623264870295,Greenville - NC USA
2011,"Goldsboro, NC",44142.0,19165.0,2.3032611531437515,Goldsboro - NC USA
2005,"Worcester, MA-CT",205556.0,99263.0,2.0708219578292013,Worcester - MA USA
2007,"Napa, CA",43511.0,16562.0,2.6271585557299844,Napa - CA USA
2006,"State College, PA",41887.0,20882.0,2.005890240398429,State College - PA USA
2018,"Nashville-Davidson--Murfreesboro--Franklin, TN",627023.0,266866.0,2.3495799389956007,Nashville - TN USA
2017,"Spokane-Spokane Valley, WA",197594.0,87587.0,2.2559740600774085,Spokane - WA USA
2020,"Charleston, WV",43716.0,23631.0,1.849942871651644,
2014,"Huntsville, AL",117023.0,51593.0,2.268195297811719,Huntsville - AL USA
2021,"St. Louis, MO-IL",678823.0,331349.0,2.0486647009648435,Saint Louis - MO USA
2020,"Burlington-South Burlington, VT",59648.0,31123.0,1.9165247566108665,Burlington - VT USA
2013,"Merced, CA",115401.0,36063.0,3.1999833624490477,Merced - CA USA
2019,"Roanoke, VA",83847.0,41148.0,2.0376932050160397,
2008,"Medford, OR",71720.0,31480.0,2.278271918678526,Medford - OR USA
2008,"Racine, WI",44094.0,20748.0,2.125216888374783,Racine - WI USA
2007,"Madera, CA",48376.0,15934.0,3.0360235973390233,Madera - CA USA
2016,"Minneapolis-St. Paul-Bloomington, MN-WI",911629.0,425618.0,2.1418948446729225,Minneapolis - MN USA
2015,"Goldsboro, NC",42243.0,18869.0,2.238751391170703,Goldsboro - NC USA
2022,"York-Hanover, PA",99972.0,44467.0,2.2482290237704365,York - PA USA
2017,"Minneapolis-St. Paul-Bloomington, MN-WI",903796.0,416724.0,2.168811971472725,Minneapolis - MN USA
2015,"Wilmington, NC",94904.0,41697.0,2.2760390435762763,
2013,"Santa Fe, NM",37279.0,17452.0,2.1360875544350217,Santa Fe - NM USA
2017,"Janesville-Beloit, WI",51015.0,22887.0,2.228994625770088,Janesville-Beloit - WI USA
2010,"Greeley, CO",61789.0,25948.0,2.3812625250501003,Greeley - CO USA
2018,"Owensboro, KY",30499.0,13379.0,2.2796173107108153,Owensboro - KY USA
2006,"Utica-Rome, NY",86133.0,40180.0,2.1436784469885515,Utica - NY USA
2017,"Memphis, TN-MS-AR",422567.0,181868.0,2.3234818659687244,Memphis - TN USA
2019,"Charleston-North Charleston, SC",221374.0,99757.0,2.2191324919554516,Charleston - SC USA
2014,"McAllen-Edinburg-Mission, TX",223740.0,72178.0,3.0998365152816647,McAllen - TX USA
2021,"Wichita, KS",183760.0,84163.0,2.1833822463552868,Wichita - KS USA
2023,"Ocala, FL",93741.0,38157.0,2.45671829546348,Ocala - FL USA
2005,"Oklahoma City, OK",395358.0,175570.0,2.251853961382924,Oklahoma City - OK USA
2018,"Champaign-Urbana, IL",70165.0,38208.0,1.8363955192629815,Champaign-Urbana - IL USA
2023,"Waco, TX",73206.0,33677.0,2.173768447308252,Waco - TX USA
2012,"Kalamazoo-Portage, MI",86218.0,42767.0,2.015993639956041,Kalamazoo - MI USA
2006,"Cleveland-Elyria, OH",507886.0,249109.0,2.0388103199804104,Cleveland - OH USA
2008,"Brownsville-Harlingen, TX",110264.0,38545.0,2.8606563756648073,Brownsville-Harlingen - TX USA
2010,"Vineland-Bridgeton, NJ",44976.0,16126.0,2.7890363388317003,Vineland - NJ USA
2007,"Merced, CA",101064.0,31792.0,3.1789129340714646,Merced - CA USA
2006,"Flint, MI",124514.0,53859.0,2.3118513154718805,Flint - MI USA
2023,"Springfield, MO",139778.0,69222.0,2.019271329924013,Springfield - MO USA
2016,"Youngstown-Warren-Boardman, OH-PA",153604.0,69546.0,2.2086676444367757,Youngstown - OH USA
2020,"Muncie, IN",30412.0,14836.0,2.0498786734968992,Muncie - IN USA
2013,"Midland, TX",47316.0,19079.0,2.4800041930918812,Midland - TX USA
2009,"Wausau, WI",28844.0,13112.0,2.199816961561928,Wausau - WI USA
2014,"Kansas City, MO-KS",655506.0,295034.0,2.221798165635147,Kansas City - MO USA
2010,"Binghamton, NY",65646.0,30098.0,2.181075154495315,Binghamton - NY USA
2022,"McAllen-Edinburg-Mission, TX",257258.0,88786.0,2.8975063636158853,McAllen - TX USA
2014,"Yuba City, CA",71271.0,24005.0,2.9690064569881276,Yuba City - CA USA
2020,"Cleveland-Elyria, OH",570378.0,304246.0,1.8747263727378503,Cleveland - OH USA
2019,"Fayetteville, NC",142914.0,63941.0,2.235091725184154,Fayetteville - NC USA
2013,"Ann Arbor, MI",116038.0,55559.0,2.0885545096204035,Ann Arbor - MI USA
2016,"Iowa City, IA",53199.0,24366.0,2.183329229253878,Iowa City - IA USA
2005,"Battle Creek, MI",26672.0,13295.0,2.006167732230162,Battle Creek - MI USA
2006,"Providence-Warwick, RI-MA",480832.0,226366.0,2.1241352499933734,Providence - RI USA
2009,"Salt Lake City, UT",256264.0,105436.0,2.430517090936682,Salt Lake City - UT USA
2022,"Naples-Immokalee-Marco Island, FL",91952.0,39751.0,2.3131996679328823,Naples - FL USA
2014,"Buffalo-Cheektowaga-Niagara Falls, NY",331483.0,157620.0,2.1030516431924884,Buffalo - NY USA
2009,"Rockford, IL",92617.0,41254.0,2.245042904930431,Rockford - IL USA
2018,"Norwich-New London, CT",78147.0,36300.0,2.152809917355372,Norwich - CT USA
2017,"Myrtle Beach-Conway-North Myrtle Beach, SC-NC",109396.0,48582.0,2.2517804948334774,
2011,"Chicago-Naperville-Elgin, IL-IN-WI",2745686.0,1166002.0,2.354786698479076,Chicago - IL USA
2009,"Riverside-San Bernardino-Ontario, CA",1284877.0,421867.0,3.045692125717347,Inland Empire - CA USA
2012,"Reading, PA",98123.0,43692.0,2.245788702737343,Reading - PA USA
2008,"Reading, PA",92278.0,40755.0,2.2642129800024535,Reading - PA USA
2020,"Myrtle Beach-Conway-North Myrtle Beach, SC-NC",98173.0,44704.0,2.1960674659985684,
2008,"Hartford-West Hartford-East Hartford, CT",308494.0,145869.0,2.1148701917473898,Hartford - CT USA
2011,"East Stroudsburg, PA",27350.0,10958.0,2.4958934112064246,East Stroudsburg - PA USA
2011,"Gulfport-Biloxi-Pascagoula, MS",104084.0,42811.0,2.4312443063698583,Gulfport-Biloxi-Pascagoula - MS USA
2022,"Asheville, NC",134216.0,65301.0,2.0553437160227257,
2006,"Buffalo-Cheektowaga-Niagara Falls, NY",310977.0,152947.0,2.0332337345616454,Buffalo - NY USA
2019,"Decatur, IL",23721.0,14118.0,1.6801954951126221,Decatur - IL USA
2011,"Atlantic City-Hammonton, NJ",74085.0,32916.0,2.250729128691214,Atlantic City - NJ USA
2018,"Punta Gorda, FL",25220.0,12287.0,2.0525758932204767,Punta Gorda - FL USA
2012,"Greensboro-High Point, NC",247428.0,109667.0,2.256175513144337,Greensboro - NC USA
2021,"El Paso, TX",266285.0,104748.0,2.5421487761102837,El Paso - TX USA
2013,"San Francisco-Oakland-Hayward, CA",1810218.0,766471.0,2.3617566744208194,San Francisco - CA USA
2006,"Iowa City, IA",37008.0,19766.0,1.8723059799655974,Iowa City - IA USA
2017,"Gainesville, GA",54287.0,19110.0,2.840763997906855,Gainesville - GA USA
2013,"San Angelo, TX",33217.0,16469.0,2.016940919302933,San Angelo - TX USA
2006,"Ocean City, NJ",28991.0,12883.0,2.250329892105876,Ocean City - NJ USA
2020,"Manchester-Nashua, NH",121414.0,60137.0,2.018956715499609,Manchester - NH USA
2016,"Anniston-Oxford-Jacksonville, AL",33523.0,13884.0,2.41450590607894,Anniston-Oxford - AL USA
2014,"Des Moines-West Des Moines, IA",179648.0,78122.0,2.2995827039758328,
2008,"San Francisco-Oakland-Hayward, CA",1483664.0,675059.0,2.1978286342378963,San Francisco - CA USA
2005,"Sacramento--Roseville--Arden-Arcade, CA",679772.0,275793.0,2.464790621951971,Sacramento - CA USA
2012,"Springfield, IL",50398.0,23509.0,2.1437747245735674,Springfield - IL USA
2021,"Palm Bay-Melbourne-Titusville, FL",128652.0,59119.0,2.176153182563981,Melbourne - FL USA
2014,"Glens Falls, NY",31026.0,13834.0,2.2427352898655486,Glens Falls - NY USA
2015,"Fayetteville-Springdale-Rogers, AR-MO",170884.0,69292.0,2.466143277723258,Northwest Arkansas - AR USA
2022,"Nashville-Davidson--Murfreesboro--Franklin, TN",656000.0,293888.0,2.232142857142857,Nashville - TN USA
2009,"Omaha-Council Bluffs, NE-IA",257269.0,120502.0,2.134977012829663,Omaha - NE USA
2006,"Salinas, CA",171794.0,60068.0,2.859992009056403,Salinas - CA USA
2019,"Bend-Redmond, OR",55612.0,22857.0,2.433040206501291,Bend - OR USA
2006,"Worcester, MA-CT",202046.0,96535.0,2.0929818200652615,Worcester - MA USA
2012,"Sebastian-Vero Beach, FL",32516.0,15421.0,2.108553271512872,
2022,"Stockton-Lodi, CA",258069.0,88078.0,2.9300052226435658,Stockton - CA USA
2007,"Winston-Salem, NC",175287.0,73469.0,2.385863425390301,Winston-Salem - NC USA
2018,"Topeka, KS",65568.0,30439.0,2.1540786491014816,
2014,"Oklahoma City, OK",450582.0,192842.0,2.336534572344199,Oklahoma City - OK USA
2005,"Stockton-Lodi, CA",222419.0,75666.0,2.939484048317606,Stockton - CA USA
2015,"Portland-South Portland, ME",123877.0,61179.0,2.0248287811177037,Portland - ME USA
2008,"Altoona, PA",25978.0,14376.0,1.807039510294936,Altoona - PA USA
2006,"Bellingham, WA",61608.0,28289.0,2.1778076284068013,Bellingham - WA USA
2012,"Miami-Fort Lauderdale-West Palm Beach, FL",1839927.0,763222.0,2.4107363257348453,Miami - FL USA
2019,"Dover, DE",51979.0,22000.0,2.362681818181818,Dover - DE USA
2008,"Williamsport, PA",28911.0,15024.0,1.9243210862619808,Williamsport - PA USA
2015,"Indianapolis-Carmel-Anderson, IN",595611.0,270007.0,2.205909476420982,Indianapolis - IN USA
2015,"Greenville-Anderson-Mauldin, SC",270711.0,119255.0,2.270018028594189,Greenville - SC USA
2011,"Napa, CA",62842.0,23184.0,2.710576259489303,Napa - CA USA
2016,"Kansas City, MO-KS",657703.0,298985.0,2.199785942438584,Kansas City - MO USA
2020,"Rochester, NY",319875.0,162072.0,1.973659854879313,Rochester - NY USA
2007,"Palm Bay-Melbourne-Titusville, FL",103915.0,49238.0,2.1104634631788457,Melbourne - FL USA
2005,"Kankakee, IL",25088.0,10802.0,2.322532864284392,Kankakee - IL USA
2022,"Coeur d'Alene, ID",44756.0,20852.0,2.146364857088049,
2019,"Chico, CA",71461.0,31215.0,2.289316033958033,Chico - CA USA
2010,"Redding, CA",54202.0,22873.0,2.36969352511695,Redding - CA USA
2009,"Santa Cruz-Watsonville, CA",95068.0,36191.0,2.626840927302368,Santa Cruz - CA USA
2005,"San Diego-Carlsbad, CA",1107321.0,435138.0,2.544758214635357,San Diego - CA USA
2010,"Kalamazoo-Portage, MI",94983.0,40893.0,2.322720269972856,Kalamazoo - MI USA
2005,"Eugene, OR",108775.0,51913.0,2.0953325756554233,Eugene - OR USA
2020,"Jefferson City, MO",34368.0,15840.0,2.16969696969697,
2009,"Merced, CA",107879.0,34188.0,3.1554639054639053,Merced - CA USA
2016,"Lubbock, TX",126657.0,48770.0,2.597026860775067,Lubbock - TX USA
2014,"Racine, WI",53647.0,23251.0,2.3072986108124383,Racine - WI USA
2014,"Knoxville, TN",244284.0,109455.0,2.231821296423188,Knoxville - TN USA
2007,"Pensacola-Ferry Pass-Brent, FL",109212.0,46701.0,2.338536648037515,Pensacola - FL USA
2014,"North Port-Sarasota-Bradenton, FL",211991.0,93968.0,2.2559914013281115,Sarasota - FL USA
2014,"Ithaca, NY",34649.0,18146.0,1.9094566295602338,
2017,"Midland, TX",49699.0,19333.0,2.5706822531422957,Midland - TX USA
2023,"Youngstown-Warren-Boardman, OH-PA",143351.0,70071.0,2.0457964065019767,Youngstown - OH USA
2014,"Auburn-Opelika, AL",55750.0,24375.0,2.287179487179487,Auburn-Opelika - AL USA
2012,"Muskegon, MI",41578.0,16809.0,2.4735558331846037,Muskegon - MI USA
2017,"Oshkosh-Neenah, WI",46112.0,24796.0,1.859654783029521,
2010,"Athens-Clarke County, GA",56534.0,25507.0,2.2164111812443643,Athens - GA USA
2020,"Saginaw, MI",42024.0,18732.0,2.2434336963484944,Saginaw - MI USA
2017,"Merced, CA",134048.0,41273.0,3.247837569355269,Merced - CA USA
2009,"Ogden-Clearfield, UT",107697.0,40747.0,2.643065747171571,Ogden - UT USA
2021,"New York-Newark-Jersey City, NY-NJ-PA",8303254.0,3547631.0,2.3405066648701625,New York - NY USA
2012,"Pittsfield, MA",32265.0,17610.0,1.832197614991482,Pittsfield - MA USA
2019,"Spokane-Spokane Valley, WA",218354.0,94538.0,2.309695572150881,Spokane - WA USA
2017,"Austin-Round Rock, TX",698420.0,318978.0,2.1895553925349085,Austin - TX USA
2013,"Decatur, AL",37823.0,15884.0,2.3812012087635357,Decatur - AL USA
2006,"Trenton, NJ",91509.0,39627.0,2.3092588386706034,Trenton - NJ USA
2014,"Mobile, AL",126016.0,52185.0,2.41479352304302,Mobile - AL USA
2020,"Fort Collins, CO",95188.0,48350.0,1.968728024819028,Fort Collins - CO USA
2020,"Burlington, NC",31783.0,15468.0,2.0547582104990947,Burlington - NC USA
2021,"Laredo, TX",79012.0,27836.0,2.8384825405949132,Laredo - TX USA
2014,"Washington-Arlington-Alexandria, DC-VA-MD-WV",1881717.0,794521.0,2.368366600756934,Washington - DC USA
2020,"Dover, DE",48115.0,20095.0,2.3943767106245333,Dover - DE USA
2023,"Muncie, IN",31399.0,15532.0,2.0215683749678086,Muncie - IN USA
2020,"Rockford, IL",96091.0,45921.0,2.092528472812003,Rockford - IL USA
2023,"Lawrence, KS",49805.0,25958.0,1.9186763232914708,
2014,"Saginaw, MI",41562.0,19988.0,2.079347608565139,Saginaw - MI USA
2010,"Jackson, TN",33440.0,13852.0,2.4140918278948886,Jackson - TN USA
2006,"Tucson, AZ",279802.0,126576.0,2.2105454430539755,Tucson - AZ USA
2017,"Trenton, NJ",114187.0,47676.0,2.3950625052437284,Trenton - NJ USA
2015,"Salt Lake City, UT",331668.0,129996.0,2.5513708114095817,Salt Lake City - UT USA
2011,"Miami-Fort Lauderdale-West Palm Beach, FL",1780706.0,746429.0,2.385633462794184,Miami - FL USA
2007,"Dallas-Fort Worth-Arlington, TX",1863327.0,775077.0,2.4040540488235362,Dallas-Fort Worth - TX USA
2011,"Reno, NV",164258.0,68575.0,2.3953044112285817,Reno - NV USA
2007,"San Diego-Carlsbad, CA",1162128.0,461069.0,2.5205077764933232,San Diego - CA USA
2015,"Lynchburg, VA",71058.0,31758.0,2.2374834687322878,Lynchburg - VA USA
2007,"Peoria, IL",80916.0,38596.0,2.096486682557778,Peoria - IL USA
2019,"Santa Cruz-Watsonville, CA",105429.0,38702.0,2.7241227843522298,Santa Cruz - CA USA
2019,"Muskegon, MI",35576.0,17168.0,2.072227399813607,Muskegon - MI USA
2010,"Tallahassee, FL",116831.0,53990.0,2.1639377662530097,Tallahassee - FL USA
2012,"Lafayette-West Lafayette, IN",67199.0,30310.0,2.2170570768723192,
2013,"Wichita Falls, TX",39843.0,19116.0,2.0842749529190208,Wichita Falls - TX USA
2021,"Lubbock, TX",116934.0,54462.0,2.1470750247879256,Lubbock - TX USA
2012,"Modesto, CA",234077.0,75615.0,3.0956423989949085,Modesto - CA USA
2021,"Lancaster, PA",154870.0,64369.0,2.4059718187326196,Lancaster - PA USA
2008,"Salt Lake City, UT",259667.0,102309.0,2.5380660547947884,Salt Lake City - UT USA
2018,"Fayetteville-Springdale-Rogers, AR-MO",187766.0,76523.0,2.4537197966624413,Northwest Arkansas - AR USA
2022,"Pittsfield, MA",31230.0,17419.0,1.7928698547563007,Pittsfield - MA USA
2014,"Atlanta-Sandy Springs-Roswell, GA",1831738.0,736624.0,2.486666196051174,Atlanta - GA USA
2009,"Gulfport-Biloxi-Pascagoula, MS",94881.0,37336.0,2.54127383758303,Gulfport-Biloxi-Pascagoula - MS USA
2020,"Charlotte-Concord-Gastonia, NC-SC",729591.0,346913.0,2.1030950122941485,Charlotte - NC USA
2023,"Palm Bay-Melbourne-Titusville, FL",136898.0,60013.0,2.2811390865312515,Melbourne - FL USA
2013,"Lansing-East Lansing, MI",147064.0,66503.0,2.211388959896546,Lansing - MI USA
2009,"Kankakee, IL",27663.0,12208.0,2.2659731323722148,Kankakee - IL USA
2006,"Joplin, MO",47264.0,19612.0,2.4099530899449317,Joplin - MO USA
2008,"Jackson, MI",28700.0,12255.0,2.3419012647898816,Jackson - MI USA
2021,"Atlantic City-Hammonton, NJ",76495.0,33757.0,2.266048523269248,Atlantic City - NJ USA
2018,"Bloomington, IL",46774.0,23365.0,2.0018831585705112,Bloomington - IL USA
2016,"El Centro, CA",57932.0,18055.0,3.208640265854334,El Centro - CA USA
2009,"Grand Junction, CO",35061.0,14004.0,2.503641816623822,Grand Junction - CO USA
2015,"Deltona-Daytona Beach-Ormond Beach, FL",167067.0,73090.0,2.2857709673005884,Daytona Beach - FL USA
2015,"Olympia-Tumwater, WA",90041.0,38690.0,2.3272421814422333,Olympia - WA USA
2023,"Wilmington, NC",88013.0,46371.0,1.8980181579004118,
2008,"Grand Rapids-Wyoming, MI",175931.0,79092.0,2.22438426136651,Grand Rapids - MI USA
2017,"Corpus Christi, TX",172121.0,67485.0,2.550507520189672,Corpus Christi - TX USA
2005,"Hammond, LA",30097.0,13429.0,2.241194429965001,Hammond - LA USA
2013,"Owensboro, KY",29339.0,12970.0,2.262066306861989,Owensboro - KY USA
2015,"New York-Newark-Jersey City, NY-NJ-PA",8414067.0,3493505.0,2.408488609576915,New York - NY USA
2008,"Dallas-Fort Worth-Arlington, TX",1940636.0,806849.0,2.4052034519470187,Dallas-Fort Worth - TX USA
2010,"Tampa-St. Petersburg-Clearwater, FL",784946.0,361242.0,2.172909019438493,Tampa - FL USA
2022,"Bismarck, ND",33842.0,15309.0,2.2105950747926055,
2021,"McAllen-Edinburg-Mission, TX",271599.0,94066.0,2.88732379393192,McAllen - TX USA
2005,"Reno, NV",139152.0,63149.0,2.2035503333386117,Reno - NV USA
2018,"Atlantic City-Hammonton, NJ",64761.0,27891.0,2.3219318059589114,Atlantic City - NJ USA
2013,"Jackson, TN",30374.0,13972.0,2.17391926710564,Jackson - TN USA
2009,"Fort Wayne, IN",85156.0,40360.0,2.109910802775025,Fort Wayne - IN USA
2009,"Midland, TX",34930.0,14149.0,2.4687257049968196,Midland - TX USA
2007,"Hammond, LA",30586.0,13182.0,2.3202852374450007,Hammond - LA USA
2018,"Montgomery, AL",121012.0,51642.0,2.3432864722512683,Montgomery - AL USA
2017,"Milwaukee-Waukesha-West Allis, WI",512733.0,249527.0,2.054819718908174,Milwaukee - WI USA
2016,"Syracuse, NY",184420.0,88215.0,2.090574165391373,Syracuse - NY USA
2021,"Spokane-Spokane Valley, WA",190691.0,86594.0,2.202127168164076,Spokane - WA USA
2021,"Lake Havasu City-Kingman, AZ",67344.0,29200.0,2.3063013698630135,Lake Havasu - AZ USA
2005,"Houma-Thibodaux, LA",43610.0,19114.0,2.28157371560113,Houma-Thibodaux - LA USA
2006,"Anchorage, AK",116146.0,48568.0,2.391409981881074,Anchorage - AK USA
2010,"North Port-Sarasota-Bradenton, FL",166128.0,74010.0,2.244669639237941,Sarasota - FL USA
2009,"Harrisburg-Carlisle, PA",142187.0,69435.0,2.0477712968963777,Harrisburg - PA USA
2017,"Auburn-Opelika, AL",46543.0,21182.0,2.1972901520158623,Auburn-Opelika - AL USA
2009,"Elkhart-Goshen, IN",46615.0,17838.0,2.613241394775199,Elkhart - IN USA
2020,"Wichita Falls, TX",39783.0,19149.0,2.0775497415008615,Wichita Falls - TX USA
2009,"Kingsport-Bristol-Bristol, TN-VA",83816.0,38861.0,2.156815316126708,Kingsport - TN USA
2010,"Los Angeles-Long Beach-Anaheim, CA",5731435.0,2101681.0,2.7270718058544565,Los Angeles - CA USA
2016,"Gainesville, FL",88220.0,44507.0,1.9821601096456738,Gainesville - FL USA
2006,"Elizabethtown-Fort Knox, KY",41747.0,16275.0,2.565099846390169,Elizabethtown-Fort Knox - KY USA
2015,"Omaha-Council Bluffs, NE-IA",297297.0,133523.0,2.2265602180897672,Omaha - NE USA
2021,"Columbia, SC",219982.0,101021.0,2.177586838380139,
2018,"McAllen-Edinburg-Mission, TX",217249.0,73997.0,2.9359163209319297,McAllen - TX USA
2011,"Blacksburg-Christiansburg-Radford, VA",52600.0,25931.0,2.0284601442289154,Blacksburg - VA USA
2012,"Charleston-North Charleston, SC",221591.0,95967.0,2.309033313534861,Charleston - SC USA
2009,"Evansville, IN-KY",68182.0,32307.0,2.11044046181942,Evansville - IN USA
2006,"Santa Cruz-Watsonville, CA",91553.0,37434.0,2.445717796655447,Santa Cruz - CA USA
2021,"Salinas, CA",225904.0,73272.0,3.0830876733267822,Salinas - CA USA
2019,"Jackson, MS",168297.0,75967.0,2.215396158858452,Jackson - MS USA
2009,"Columbia, MO",61159.0,27813.0,2.1989357494696726,Columbia - MO USA
2020,"Eugene, OR",138699.0,64026.0,2.1662918189485523,Eugene - OR USA
2007,"Joplin, MO",45117.0,20279.0,2.224813846836629,Joplin - MO USA
2021,"Colorado Springs, CO",227316.0,95458.0,2.3813195331978463,Colorado Springs - CO USA
2015,"Asheville, NC",146014.0,69810.0,2.0915914625411833,
2013,"Joplin, MO",56589.0,22362.0,2.5305876039710222,Joplin - MO USA
2017,"Oxnard-Thousand Oaks-Ventura, CA",294124.0,101770.0,2.8900854868821853,Ventura - CA USA
2011,"Albany-Schenectady-Troy, NY",228981.0,113637.0,2.015021515879511,Albany - NY USA
2013,"Bremerton-Silverdale, WA",75740.0,31549.0,2.4007100066563125,Bremerton - WA USA
2018,"Muncie, IN",32892.0,15328.0,2.145876826722338,Muncie - IN USA
2005,"Killeen-Temple, TX",124542.0,47623.0,2.6151649413098714,Killeen - TX USA
2023,"Monroe, MI",24487.0,11193.0,2.1877066023407488,Monroe - MI USA
2021,"Salt Lake City, UT",343326.0,152065.0,2.2577581955084995,Salt Lake City - UT USA
2013,"Springfield, MA",187862.0,81465.0,2.3060455410298903,Springfield - MA USA
2019,"Ogden-Clearfield, UT",122210.0,49615.0,2.4631663811347373,Ogden - UT USA
2013,"Flagstaff, AZ",57787.0,21764.0,2.655164491821356,Flagstaff - AZ USA
2015,"San Francisco-Oakland-Hayward, CA",1901943.0,782583.0,2.430340296173058,San Francisco - CA USA
2016,"Springfield, IL",45202.0,24093.0,1.8761465985971029,Springfield - IL USA
2022,"Tucson, AZ",317744.0,150698.0,2.1084818643910337,Tucson - AZ USA
2019,"Champaign-Urbana, IL",83734.0,39753.0,2.106356752949463,Champaign-Urbana - IL USA
2016,"Virginia Beach-Norfolk-Newport News, VA-NC",588395.0,249520.0,2.358107566527733,Norfolk - VA USA
2011,"Eugene, OR",147690.0,63639.0,2.3207467119219345,Eugene - OR USA
2020,"Lubbock, TX",97825.0,46993.0,2.08169301810908,Lubbock - TX USA
2022,"Ann Arbor, MI",119444.0,58803.0,2.0312569086611227,Ann Arbor - MI USA
2018,"Muskegon, MI",36832.0,16369.0,2.2501069094019184,Muskegon - MI USA
2014,"Pittsburgh, PA",580256.0,300667.0,1.9298958648604603,Pittsburgh - PA USA
2021,"Homosassa Springs, FL",23871.0,10932.0,2.183589462129528,
2008,"Trenton, NJ",95398.0,41971.0,2.2729503704939122,Trenton - NJ USA
2019,"Bismarck, ND",30936.0,16818.0,1.8394577238672851,
2009,"Sheboygan, WI",23527.0,11190.0,2.102502234137623,Sheboygan - WI USA
2018,"Mobile, AL",138373.0,62858.0,2.2013586178370295,Mobile - AL USA
2015,"Tucson, AZ",351820.0,154833.0,2.272254622722546,Tucson - AZ USA
2021,"Oxnard-Thousand Oaks-Ventura, CA",270369.0,97063.0,2.7855001390849243,Ventura - CA USA
2021,"Eau Claire, WI",48947.0,22104.0,2.214395584509591,Eau Claire - WI USA
2012,"Florence, SC",64833.0,25973.0,2.4961690986793976,
2006,"Monroe, LA",45542.0,19521.0,2.332974745146253,Monroe - LA USA
2009,"Allentown-Bethlehem-Easton, PA-NJ",187103.0,84053.0,2.2260121589949198,Lehigh Valley - PA USA
2011,"Corpus Christi, TX",155745.0,61667.0,2.5255809428057145,Corpus Christi - TX USA
2013,"Madera, CA",60551.0,18624.0,3.2512349656357387,Madera - CA USA
2022,"Fresno, CA",421819.0,147542.0,2.8589757492781716,Fresno - CA USA
2016,"Bremerton-Silverdale, WA",83903.0,34228.0,2.4512971835923807,Bremerton - WA USA
2008,"Decatur, AL",41313.0,17392.0,2.375402483900644,Decatur - AL USA
2009,"Houston-The Woodlands-Sugar Land, TX",1912564.0,755689.0,2.5308877064506694,Houston - TX USA
2007,"Naples-Immokalee-Marco Island, FL",72174.0,29294.0,2.4637809790400764,Naples - FL USA
2016,"Michigan City-La Porte, IN",26695.0,11459.0,2.329609913605027,Michigan City-La Porte - IN USA
2013,"Charleston, WV",51310.0,24662.0,2.080528748682183,
2016,"Pensacola-Ferry Pass-Brent, FL",134067.0,61427.0,2.1825418789782995,Pensacola - FL USA
2010,"Ocala, FL",69660.0,28361.0,2.456189838158034,Ocala - FL USA
2017,"Prescott, AZ",61058.0,28160.0,2.168252840909091,Prescott - AZ USA
2016,"Vallejo-Fairfield, CA",175704.0,60055.0,2.92571809174923,Vallejo-Fairfield - CA USA
2023,"Charleston-North Charleston, SC",226074.0,105865.0,2.1354933169602797,Charleston - SC USA
2010,"Lancaster, PA",132450.0,57888.0,2.2880389718076284,Lancaster - PA USA
2005,"Dover, DE",36496.0,14610.0,2.498015058179329,Dover - DE USA
2022,"Brownsville-Harlingen, TX",126676.0,46587.0,2.7191276536372806,Brownsville-Harlingen - TX USA
2007,"Gainesville, FL",81710.0,42441.0,1.9252609504959826,Gainesville - FL USA
2011,"Muskegon, MI",31331.0,15241.0,2.055705006233187,Muskegon - MI USA
2019,"St. Joseph, MO-KS",34568.0,16099.0,2.147214112677806,
2006,"Cincinnati, OH-KY-IN",503284.0,239537.0,2.1010699808380333,Cincinnati - OH USA
2022,"Mobile, AL",114716.0,55002.0,2.0856696120141085,Mobile - AL USA
2020,"Santa Rosa, CA",165942.0,73761.0,2.249725464676455,Santa Rosa - CA USA
2007,"Austin-Round Rock, TX",546425.0,240839.0,2.268839349108741,Austin - TX USA
2022,"Flagstaff, AZ",52507.0,22802.0,2.3027366020524513,Flagstaff - AZ USA
2022,"Beaumont-Port Arthur, TX",123621.0,50510.0,2.447455949316967,Beaumont - TX USA
2014,"Detroit-Warren-Dearborn, MI",1136889.0,521495.0,2.1800573351614108,Detroit - MI USA
2017,"Naples-Immokalee-Marco Island, FL",99785.0,38868.0,2.5672789955747657,Naples - FL USA
2022,"Columbus, OH",687875.0,325567.0,2.112852346828763,Columbus - OH USA
2007,"Kennewick-Richland, WA",54696.0,23053.0,2.372619615668243,Kennewick-Richland - WA USA
2007,"Lancaster, PA",124501.0,54327.0,2.291696578128739,Lancaster - PA USA
2007,"Michigan City-La Porte, IN",26558.0,10882.0,2.4405440176438153,Michigan City-La Porte - IN USA
2012,"Decatur, AL",37542.0,17355.0,2.163180639585134,Decatur - AL USA
2011,"Jackson, MI",37531.0,17499.0,2.144751128635922,Jackson - MI USA
2016,"Harrisonburg, VA",43725.0,19229.0,2.2739091996463676,
2019,"Homosassa Springs, FL",25434.0,10975.0,2.3174487471526195,
2009,"Salisbury, MD-DE",82695.0,33479.0,2.4700558559096746,Salisbury - MD USA
2009,"Portland-Vancouver-Hillsboro, OR-WA",735307.0,323460.0,2.273254807395041,Portland - OR USA
2012,"Fresno, CA",442462.0,140302.0,3.153640005131787,Fresno - CA USA
2006,"Wichita Falls, TX",43719.0,19503.0,2.241655129980003,Wichita Falls - TX USA
2008,"Kingsport-Bristol-Bristol, TN-VA",84569.0,37065.0,2.2816403615270473,Kingsport - TN USA
2019,"Janesville-Beloit, WI",42590.0,20699.0,2.057587323059085,Janesville-Beloit - WI USA
2008,"Boston-Cambridge-Newton, MA-NH",1304848.0,629785.0,2.0718943766523497,Boston - MA USA
2008,"Gainesville, GA",54793.0,17720.0,3.092155756207675,Gainesville - GA USA
2007,"Las Cruces, NM",55236.0,23553.0,2.34517895809451,Las Cruces - NM USA
2014,"La Crosse-Onalaska, WI-MN",32480.0,15888.0,2.0443101711983886,La Crosse-Onalaska - WI USA
2019,"Jackson, TN",36334.0,15673.0,2.3182543227206023,Jackson - TN USA
2006,"Tampa-St. Petersburg-Clearwater, FL",702688.0,326343.0,2.1532191589830334,Tampa - FL USA
2006,"Glens Falls, NY",37847.0,16596.0,2.2804892745239815,Glens Falls - NY USA
2007,"Auburn-Opelika, AL",49770.0,22349.0,2.2269452771936105,Auburn-Opelika - AL USA
2016,"Nashville-Davidson--Murfreesboro--Franklin, TN",623849.0,265354.0,2.351006579889506,Nashville - TN USA
2018,"Oshkosh-Neenah, WI",41140.0,22867.0,1.7990991384965234,
2009,"Ocala, FL",67265.0,28720.0,2.3420961002785514,Ocala - FL USA
2009,"Panama City, FL",58347.0,23167.0,2.518539301592783,Panama City - FL USA
2018,"Naples-Immokalee-Marco Island, FL",88049.0,37125.0,2.371690235690236,Naples - FL USA
2007,"Wichita, KS",144331.0,65939.0,2.1888563672485177,Wichita - KS USA
2010,"Jacksonville, NC",73582.0,28042.0,2.6239925825547394,Jacksonville - NC USA
2019,"Urban Honolulu, HI",342954.0,134367.0,2.552367768871821,Honolulu - HI USA
2005,"Springfield, MO",104385.0,49056.0,2.127874266144814,Springfield - MO USA
2008,"Houston-The Woodlands-Sugar Land, TX",1740963.0,715822.0,2.4321172023212476,Houston - TX USA
2012,"Baton Rouge, LA",218638.0,94005.0,2.3258124567842136,Baton Rouge - LA USA
2015,"Niles-Benton Harbor, MI",42910.0,19479.0,2.2028851583756865,Niles-Benton Harbor - MI USA
2011,"Merced, CA",116549.0,36284.0,3.2121320692316173,Merced - CA USA
2007,"Terre Haute, IN",37931.0,17843.0,2.1258196491621364,Terre Haute - IN USA
2010,"Washington-Arlington-Alexandria, DC-VA-MD-WV",1689047.0,724654.0,2.3308323696550355,Washington - DC USA
2005,"Binghamton, NY",61771.0,32420.0,1.9053362122146822,Binghamton - NY USA
2013,"Amarillo, TX",86161.0,34384.0,2.5058457422056772,Amarillo - TX USA
2012,"Fayetteville-Springdale-Rogers, AR-MO",150089.0,64169.0,2.3389642974021725,Northwest Arkansas - AR USA
2023,"Santa Fe, NM",40881.0,21731.0,1.8812295798628687,Santa Fe - NM USA
2019,"Louisville/Jefferson County, KY-IN",354014.0,160548.0,2.2050352542541796,Louisville - KY USA
2016,"El Paso, TX",291168.0,107889.0,2.69877373967689,El Paso - TX USA
2014,"Santa Maria-Santa Barbara, CA",204046.0,68686.0,2.9707072765920275,Santa Barbara - CA USA
2014,"Harrisonburg, VA",48043.0,19523.0,2.4608410592634327,
2016,"Austin-Round Rock, TX",705650.0,316474.0,2.2297250327041085,Austin - TX USA
2023,"Urban Honolulu, HI",350083.0,140820.0,2.486031813662832,Honolulu - HI USA
2012,"East Stroudsburg, PA",34257.0,13338.0,2.5683760683760686,East Stroudsburg - PA USA
2007,"Boston-Cambridge-Newton, MA-NH",1235832.0,602698.0,2.050499586857763,Boston - MA USA
2017,"Sacramento--Roseville--Arden-Arcade, CA",832434.0,326461.0,2.549872725991772,Sacramento - CA USA
2018,"Jacksonville, FL",486103.0,208911.0,2.32684253102996,Jacksonville - FL USA
2016,"Florence, SC",52998.0,22212.0,2.3860075634792004,
2014,"Norwich-New London, CT",74520.0,34603.0,2.153570499667659,Norwich - CT USA
2022,"Michigan City-La Porte, IN",26566.0,11435.0,2.3232181897682556,Michigan City-La Porte - IN USA
2021,"Monroe, MI",19068.0,11046.0,1.726235741444867,Monroe - MI USA
2006,"Urban Honolulu, HI",329981.0,125908.0,2.620810433014582,Honolulu - HI USA
2014,"State College, PA",50473.0,23534.0,2.14468428656412,State College - PA USA
2008,"Flint, MI",126239.0,56426.0,2.2372487860206287,Flint - MI USA
2023,"Odessa, TX",55238.0,24057.0,2.296130024525086,Odessa - TX USA
2012,"La Crosse-Onalaska, WI-MN",33080.0,17033.0,1.9421123701050902,La Crosse-Onalaska - WI USA
2014,"Manchester-Nashua, NH",110064.0,48365.0,2.275695234156932,Manchester - NH USA
2022,"Goldsboro, NC",47877.0,18181.0,2.633353500907541,Goldsboro - NC USA
2012,"North Port-Sarasota-Bradenton, FL",190244.0,85313.0,2.2299532310433348,Sarasota - FL USA
2010,"Providence-Warwick, RI-MA",496770.0,235624.0,2.108316640070621,Providence - RI USA
2017,"Phoenix-Mesa-Scottsdale, AZ",1514527.0,607062.0,2.4948473137834357,Phoenix - AZ USA
2012,"Topeka, KS",62417.0,30614.0,2.038838439929444,
2022,"Springfield, MO",140633.0,68654.0,2.0484312640195763,Springfield - MO USA
2014,"Barnstable Town, MA",42417.0,22306.0,1.9015959831435487,Barnstable Town - MA USA
2010,"Durham-Chapel Hill, NC",165062.0,74014.0,2.230145648120626,Durham - NC USA
2021,"Spartanburg, SC",76135.0,33048.0,2.3037702735415153,Spartanburg - SC USA
2011,"Salinas, CA",234726.0,71091.0,3.3017681563067054,Salinas - CA USA
2009,"Sacramento--Roseville--Arden-Arcade, CA",751666.0,295350.0,2.54500084645336,Sacramento - CA USA
2017,"Yuma, AZ",71494.0,24354.0,2.935616325860228,Yuma - AZ USA
2006,"Florence-Muscle Shoals, AL",29800.0,13614.0,2.1889231673277507,Florence-Muscle Shoals - AL USA
2008,"Fayetteville-Springdale-Rogers, AR-MO",117163.0,53648.0,2.183921115419028,Northwest Arkansas - AR USA
2010,"Panama City, FL",53299.0,23294.0,2.2880999398986863,Panama City - FL USA
2008,"Mansfield, OH",29829.0,14193.0,2.1016698372437115,Mansfield - OH USA
2016,"Scranton--Wilkes-Barre--Hazleton, PA",142826.0,67167.0,2.1264311343368023,Scranton - PA USA
2016,"Muskegon, MI",44944.0,18823.0,2.387717154544972,Muskegon - MI USA
2005,"Reading, PA",90916.0,39401.0,2.307454125529809,Reading - PA USA
2010,"Houston-The Woodlands-Sugar Land, TX",1872884.0,742456.0,2.5225521781762152,Houston - TX USA
2023,"The Villages, FL",19219.0,8916.0,2.1555630327501123,
2019,"Columbus, OH",703589.0,311212.0,2.260802925337069,Columbus - OH USA
2008,"Lakeland-Winter Haven, FL",193271.0,67254.0,2.8737472864067564,Lakeland - FL USA
2011,"Tucson, AZ",341980.0,145176.0,2.3556235190389594,Tucson - AZ USA
2007,"Janesville-Beloit, WI",34413.0,16703.0,2.0602885709154046,Janesville-Beloit - WI USA
2013,"Los Angeles-Long Beach-Anaheim, CA",5929639.0,2191384.0,2.7058876947171284,Los Angeles - CA USA
2018,"Beaumont-Port Arthur, TX",111189.0,49101.0,2.2644956314535345,Beaumont - TX USA
2009,"Chattanooga, TN-GA",134750.0,59316.0,2.271731067502866,Chattanooga - TN USA
2007,"Lubbock, TX",92209.0,39784.0,2.3177408003217375,Lubbock - TX USA
2012,"Wichita, KS",189552.0,82819.0,2.2887501660247045,Wichita - KS USA
2018,"Jackson, MS",181157.0,74987.0,2.4158454132049556,Jackson - MS USA
2012,"Houston-The Woodlands-Sugar Land, TX",1994672.0,801655.0,2.4881925516587557,Houston - TX USA
2016,"Medford, OR",72226.0,32602.0,2.215385559168149,Medford - OR USA
2015,"Lakeland-Winter Haven, FL",197343.0,75102.0,2.6276663737317247,Lakeland - FL USA
2016,"Ocean City, NJ",28532.0,11016.0,2.5900508351488742,Ocean City - NJ USA
2021,"Rocky Mount, NC",44823.0,20348.0,2.2028209160605465,Rocky Mount - NC USA
2011,"Augusta-Richmond County, GA-SC",156797.0,63652.0,2.4633475774523976,Augusta - GA USA
2022,"Tuscaloosa, AL",73179.0,34382.0,2.1284102146471993,
2016,"Sebastian-Vero Beach, FL",23235.0,12638.0,1.8385029276784302,
2020,"Urban Honolulu, HI",331791.0,127892.0,2.594306133299972,Honolulu - HI USA
2014,"Bismarck, ND",37346.0,17777.0,2.100804410192946,
2018,"Jefferson City, MO",39494.0,17595.0,2.244614947428247,
2005,"Bend-Redmond, OR",44366.0,18721.0,2.3698520378184926,Bend - OR USA
2008,"Amarillo, TX",67594.0,30238.0,2.2353991666115482,Amarillo - TX USA
2009,"Nashville-Davidson--Murfreesboro--Franklin, TN",447447.0,200402.0,2.2327471781718744,Nashville - TN USA
2013,"Muncie, IN",37989.0,17639.0,2.1536935200408185,Muncie - IN USA
2017,"Madera, CA",55991.0,15129.0,3.7009055456408224,Madera - CA USA
2007,"Charlotte-Concord-Gastonia, NC-SC",553175.0,239461.0,2.310083896751454,Charlotte - NC USA
2022,"Pueblo, CO",41658.0,19347.0,2.153202046828966,Pueblo - CO USA
2008,"Erie, PA",68308.0,31565.0,2.1640424520830033,Erie - PA USA
2014,"Canton-Massillon, OH",112585.0,50541.0,2.2275973961734037,Canton - OH USA
2013,"Burlington, NC",43792.0,20123.0,2.1762162699398697,Burlington - NC USA
2015,"Urban Honolulu, HI",386073.0,140745.0,2.743067249280614,Honolulu - HI USA
2014,"Winston-Salem, NC",199761.0,87625.0,2.2797261055634808,Winston-Salem - NC USA
2008,"Laredo, TX",70922.0,22943.0,3.0912260820293773,Laredo - TX USA
2018,"Hickory-Lenoir-Morganton, NC",97422.0,43156.0,2.25743813143016,Hickory - NC USA
2005,"Milwaukee-Waukesha-West Allis, WI",459133.0,218879.0,2.0976566961654615,Milwaukee - WI USA
2005,"Blacksburg-Christiansburg-Radford, VA",46117.0,22124.0,2.0844783945037064,Blacksburg - VA USA
2021,"Toledo, OH",182728.0,94115.0,1.9415396058014132,Toledo - OH USA
2023,"Portland-Vancouver-Hillsboro, OR-WA",774134.0,379681.0,2.038906345063356,Portland - OR USA
2007,"Huntsville, AL",89687.0,42952.0,2.0880750605326877,Huntsville - AL USA
2005,"Anchorage, AK",119648.0,51230.0,2.3355065391372243,Anchorage - AK USA
2018,"Salt Lake City, UT",339375.0,135293.0,2.5084446349774194,Salt Lake City - UT USA
2008,"Fort Wayne, IN",84575.0,38155.0,2.216616432970777,Fort Wayne - IN USA
2008,"Waco, TX",80981.0,34787.0,2.3279098513812633,Waco - TX USA
2012,"Waco, TX",78529.0,31874.0,2.4637321955198592,Waco - TX USA
2021,"Knoxville, TN",261827.0,121270.0,2.159041807536901,Knoxville - TN USA
2023,"Tulsa, OK",356864.0,162130.0,2.201097884413742,
2017,"Deltona-Daytona Beach-Ormond Beach, FL",179585.0,76778.0,2.339016384901925,Daytona Beach - FL USA
2023,"Erie, PA",72085.0,34573.0,2.0850085326700025,Erie - PA USA
2012,"Provo-Orem, UT",148996.0,46559.0,3.200154642496617,Provo - UT USA
2019,"Barnstable Town, MA",50643.0,24242.0,2.0890603085554,Barnstable Town - MA USA
2011,"Battle Creek, MI",34345.0,15995.0,2.1472335104720224,Battle Creek - MI USA
2023,"Virginia Beach-Norfolk-Newport News, VA-NC",569652.0,254995.0,2.2339732151610816,Norfolk - VA USA
2007,"Augusta-Richmond County, GA-SC",124758.0,55665.0,2.2412287793047696,Augusta - GA USA
2015,"Phoenix-Mesa-Scottsdale, AZ",1623445.0,631701.0,2.569957938961629,Phoenix - AZ USA
2017,"Philadelphia-Camden-Wilmington, PA-NJ-DE-MD",1605541.0,770826.0,2.0828838155433265,Philadelphia - PA USA
2011,"Lebanon, PA",28602.0,12913.0,2.214977154805235,Lebanon - PA USA
2005,"Glens Falls, NY",28828.0,13055.0,2.208196093450785,Glens Falls - NY USA
2010,"Lake Charles, LA",46736.0,19104.0,2.446398659966499,Lake Charles - LA USA
2016,"Columbus, OH",677167.0,299793.0,2.2587818928393926,Columbus - OH USA
2021,"Hickory-Lenoir-Morganton, NC",106631.0,46678.0,2.2843952183041263,Hickory - NC USA
2011,"Jacksonville, NC",60113.0,22925.0,2.6221592148309707,Jacksonville - NC USA
2005,"Tallahassee, FL",102293.0,47008.0,2.1760764125255276,Tallahassee - FL USA
2011,"Washington-Arlington-Alexandria, DC-VA-MD-WV",1763356.0,749510.0,2.3526784165654893,Washington - DC USA
2007,"Battle Creek, MI",33596.0,15491.0,2.168743141178749,Battle Creek - MI USA
2011,"Evansville, IN-KY",72409.0,31998.0,2.262922682667667,Evansville - IN USA
2006,"Kankakee, IL",30315.0,12760.0,2.375783699059561,Kankakee - IL USA
2013,"Colorado Springs, CO",229841.0,91213.0,2.5198272176115246,Colorado Springs - CO USA
2012,"St. Louis, MO-IL",749676.0,340580.0,2.20117446708556,Saint Louis - MO USA
2011,"Punta Gorda, FL",32886.0,15041.0,2.1864237750149593,Punta Gorda - FL USA
2006,"El Centro, CA",55352.0,17838.0,3.1030384572261465,El Centro - CA USA
2011,"Fayetteville-Springdale-Rogers, AR-MO",158322.0,64895.0,2.439664072732876,Northwest Arkansas - AR USA
2014,"Allentown-Bethlehem-Easton, PA-NJ",223938.0,95068.0,2.35555602305718,Lehigh Valley - PA USA
2006,"Fresno, CA",359614.0,125481.0,2.865884078067596,Fresno - CA USA
2015,"Lafayette, LA",148716.0,63438.0,2.344273148586021,Lafayette - LA USA
2010,"Champaign-Urbana, IL",74338.0,36425.0,2.040851063829787,Champaign-Urbana - IL USA
2020,"San Antonio-New Braunfels, TX",777627.0,344593.0,2.2566535013769866,San Antonio - TX USA
2010,"Ogden-Clearfield, UT",125913.0,45070.0,2.7937208786332373,Ogden - UT USA
2014,"Olympia-Tumwater, WA",98264.0,41678.0,2.3576947070396854,Olympia - WA USA
2021,"Fort Collins, CO",117755.0,54146.0,2.1747682192590405,Fort Collins - CO USA
2006,"Birmingham-Hoover, AL",238893.0,108209.0,2.207699914055208,Birmingham - AL USA
2010,"Deltona-Daytona Beach-Ormond Beach, FL",140430.0,60193.0,2.3329955310418153,Daytona Beach - FL USA
2016,"Lafayette, LA",138831.0,62321.0,2.2276760642480062,Lafayette - LA USA
2005,"Wausau, WI",23950.0,11267.0,2.125676755125588,Wausau - WI USA
2008,"San Jose-Sunnyvale-Santa Clara, CA",597413.0,232519.0,2.569308314589345,San Jose - CA USA
2011,"Rockford, IL",89603.0,38597.0,2.3215016711143353,Rockford - IL USA
2017,"Montgomery, AL",118654.0,52305.0,2.268502055252844,Montgomery - AL USA
2013,"Lima, OH",35392.0,14666.0,2.413200600027274,
2012,"Santa Fe, NM",41670.0,21068.0,1.9778811467628632,Santa Fe - NM USA
2016,"Huntsville, AL",116352.0,52566.0,2.2134459536582582,Huntsville - AL USA
2010,"State College, PA",47507.0,22824.0,2.081449351559762,State College - PA USA
2010,"Auburn-Opelika, AL",47259.0,19742.0,2.393830412318914,Auburn-Opelika - AL USA
2016,"Deltona-Daytona Beach-Ormond Beach, FL",162927.0,75213.0,2.1662079693669978,Daytona Beach - FL USA
2008,"Springfield, MA",176936.0,80089.0,2.209242218032439,Springfield - MA USA
2015,"Ogden-Clearfield, UT",125338.0,48239.0,2.5982711084392296,Ogden - UT USA
2015,"Muskegon, MI",34875.0,15826.0,2.2036522178693287,Muskegon - MI USA
2008,"Battle Creek, MI",31589.0,16262.0,1.9425039970483335,Battle Creek - MI USA
2017,"Houston-The Woodlands-Sugar Land, TX",2241038.0,901932.0,2.4847083815631335,Houston - TX USA
2008,"Hanford-Corcoran, CA",55788.0,18333.0,3.0430371461299295,Hanford-Corcoran - CA USA
2006,"Greensboro-High Point, NC",225455.0,100055.0,2.2533106791264803,Greensboro - NC USA
2006,"San Luis Obispo-Paso Robles-Arroyo Grande, CA",95705.0,41317.0,2.3163588837524505,San Luis Obispo - CA USA
2015,"Charlotte-Concord-Gastonia, NC-SC",774019.0,327417.0,2.3640159185381333,Charlotte - NC USA
2016,"Omaha-Council Bluffs, NE-IA",303031.0,135581.0,2.2350550593372227,Omaha - NE USA
2013,"Naples-Immokalee-Marco Island, FL",87245.0,38177.0,2.2852764753647485,Naples - FL USA
2018,"Odessa, TX",49626.0,18906.0,2.6248809901618535,Odessa - TX USA
2012,"Fort Collins, CO",99883.0,45296.0,2.2051174496644297,Fort Collins - CO USA
2015,"Montgomery, AL",127254.0,53034.0,2.3994795791379113,Montgomery - AL USA
2015,"Santa Rosa, CA",199587.0,77114.0,2.5882070700521305,Santa Rosa - CA USA
2020,"Harrisburg-Carlisle, PA",167860.0,80983.0,2.072780707061976,Harrisburg - PA USA
2017,"Indianapolis-Carmel-Anderson, IN",564221.0,265837.0,2.122432167079827,Indianapolis - IN USA
2015,"Lancaster, PA",147505.0,63482.0,2.323572036167733,Lancaster - PA USA
2010,"Altoona, PA",29219.0,14971.0,1.9517066328234587,Altoona - PA USA
2022,"Riverside-San Bernardino-Ontario, CA",1454924.0,495079.0,2.9387713880007027,Inland Empire - CA USA
2012,"Winston-Salem, NC",184893.0,81254.0,2.2754941295197777,Winston-Salem - NC USA
2010,"Hickory-Lenoir-Morganton, NC",84796.0,36241.0,2.3397809111227614,Hickory - NC USA
2020,"Ann Arbor, MI",114054.0,56061.0,2.034462460534061,Ann Arbor - MI USA
2020,"Pensacola-Ferry Pass-Brent, FL",118643.0,58896.0,2.0144491985873403,Pensacola - FL USA
2007,"Minneapolis-St. Paul-Bloomington, MN-WI",644415.0,308874.0,2.086336175916393,Minneapolis - MN USA
2015,"Odessa, TX",37276.0,15835.0,2.354025892011367,Odessa - TX USA
2005,"Richmond, VA",283492.0,127604.0,2.2216544935895426,Richmond - VA USA
2016,"Fort Collins, CO",100052.0,47226.0,2.118578748994198,Fort Collins - CO USA
2010,"Charlotte-Concord-Gastonia, NC-SC",607462.0,255752.0,2.3751994119303075,Charlotte - NC USA
2023,"Provo-Orem, UT",209687.0,69425.0,3.020338494778538,Provo - UT USA
2020,"Philadelphia-Camden-Wilmington, PA-NJ-DE-MD",1716342.0,813760.0,2.1091501179709007,Philadelphia - PA USA
2009,"Hammond, LA",31590.0,13508.0,2.3386141545750667,Hammond - LA USA
2009,"Raleigh, NC",288972.0,127360.0,2.2689384422110552,Raleigh - NC USA
2022,"Chattanooga, TN-GA",156526.0,70135.0,2.2317815641263277,Chattanooga - TN USA
2008,"Chico, CA",87641.0,36453.0,2.404219131484377,Chico - CA USA
2013,"Springfield, IL",56263.0,25052.0,2.245848634839534,Springfield - IL USA
2011,"Lewiston-Auburn, ME",35995.0,17147.0,2.0992010264186156,Lewiston-Auburn - ME USA
2022,"Syracuse, NY",182829.0,94929.0,1.92595518756123,Syracuse - NY USA
2007,"Chicago-Naperville-Elgin, IL-IN-WI",2440188.0,1055563.0,2.311740748775772,Chicago - IL USA
2016,"Charleston-North Charleston, SC",209594.0,99037.0,2.11632016317134,Charleston - SC USA
2019,"Cleveland-Elyria, OH",626433.0,312871.0,2.0022085779762264,Cleveland - OH USA
2005,"Muncie, IN",34109.0,15792.0,2.159891084093212,Muncie - IN USA
2022,"Atlanta-Sandy Springs-Roswell, GA",1788650.0,773830.0,2.3114249899848804,Atlanta - GA USA
2020,"Olympia-Tumwater, WA",82823.0,37952.0,2.1823092327150087,Olympia - WA USA
2018,"Saginaw, MI",54661.0,24115.0,2.266680489321999,Saginaw - MI USA
2008,"Spokane-Spokane Valley, WA",142275.0,65498.0,2.172203731411646,Spokane - WA USA
2019,"Boston-Cambridge-Newton, MA-NH",1540880.0,718915.0,2.1433410069340604,Boston - MA USA
2009,"Monroe, LA",52725.0,22213.0,2.3736100481699904,Monroe - LA USA
2021,"Nashville-Davidson--Murfreesboro--Franklin, TN",635231.0,280706.0,2.262976209984824,Nashville - TN USA
2012,"Blacksburg-Christiansburg-Radford, VA",60876.0,27721.0,2.196024674434544,Blacksburg - VA USA
2012,"Charlotte-Concord-Gastonia, NC-SC",694850.0,296400.0,2.344298245614035,Charlotte - NC USA
2018,"Rockford, IL",99564.0,42039.0,2.3683722257903375,Rockford - IL USA
2015,"Harrisonburg, VA",46351.0,19313.0,2.399989644281054,
2021,"Cape Coral-Fort Myers, FL",196994.0,84618.0,2.3280389515233164,Fort Myers - FL USA
2011,"Bellingham, WA",66924.0,29697.0,2.2535609657541165,Bellingham - WA USA
2005,"Fayetteville-Springdale-Rogers, AR-MO",123586.0,51111.0,2.41799221302655,Northwest Arkansas - AR USA
2008,"Canton-Massillon, OH",114286.0,49403.0,2.313341295063053,Canton - OH USA
2019,"Tyler, TX",59637.0,26239.0,2.2728381416974734,Tyler - TX USA
2019,"Morgantown, WV",34607.0,17820.0,1.9420314253647586,Morgantown - WV USA
2010,"Eugene, OR",131818.0,58858.0,2.239593598151483,Eugene - OR USA
2010,"Medford, OR",66390.0,29682.0,2.2367091166363453,Medford - OR USA
2012,"Rockford, IL",102831.0,42123.0,2.4412078911758424,Rockford - IL USA
2022,"Seattle-Tacoma-Bellevue, WA",1372535.0,647488.0,2.119784459325887,Seattle - WA USA
2022,"Wilmington, NC",85046.0,42506.0,2.000799887074766,
2006,"Eau Claire, WI",32359.0,17876.0,1.8101924367867532,Eau Claire - WI USA
2015,"Cleveland-Elyria, OH",633175.0,300458.0,2.107366087772667,Cleveland - OH USA
2023,"Columbus, OH",724935.0,339156.0,2.1374677139723315,Columbus - OH USA
2013,"Glens Falls, NY",33434.0,14917.0,2.241335389153315,Glens Falls - NY USA
2006,"Goldsboro, NC",38170.0,14174.0,2.6929589389022155,Goldsboro - NC USA
2011,"Glens Falls, NY",33584.0,15137.0,2.2186694853669815,Glens Falls - NY USA
2013,"Eau Claire, WI",40978.0,19942.0,2.0548590913649583,Eau Claire - WI USA
2017,"Mobile, AL",120839.0,54935.0,2.199672340038227,Mobile - AL USA
2015,"Iowa City, IA",53497.0,23407.0,2.285512880762165,Iowa City - IA USA
2022,"Topeka, KS",64745.0,33215.0,1.9492699081740177,
2016,"Stockton-Lodi, CA",319609.0,104737.0,3.051538615770931,Stockton - CA USA
2007,"McAllen-Edinburg-Mission, TX",200777.0,60202.0,3.3350553137769507,McAllen - TX USA
2023,"Laredo, TX",83298.0,29033.0,2.869080012399683,Laredo - TX USA
2010,"Baltimore-Columbia-Towson, MD",796204.0,346417.0,2.298397595960937,Baltimore - MD USA
2022,"Salem, OR",164708.0,66709.0,2.4690521518835538,
2023,"Albany-Schenectady-Troy, NY",262252.0,136468.0,1.9217105841662514,Albany - NY USA
2012,"Albuquerque, NM",258779.0,113026.0,2.289552846247766,Albuquerque - NM USA
2022,"San Jose-Sunnyvale-Santa Clara, CA",746680.0,299256.0,2.4951212339936375,San Jose - CA USA
2006,"Fayetteville-Springdale-Rogers, AR-MO",126895.0,52979.0,2.3951943222786385,Northwest Arkansas - AR USA
2014,"Los Angeles-Long Beach-Anaheim, CA",5993846.0,2213006.0,2.708463510718001,Los Angeles - CA USA
2017,"Burlington, NC",52295.0,22947.0,2.278947139059572,Burlington - NC USA
2017,"Fayetteville, NC",142453.0,64833.0,2.19722980580877,Fayetteville - NC USA
2011,"Pensacola-Ferry Pass-Brent, FL",128261.0,52105.0,2.461587179733231,Pensacola - FL USA
2011,"Utica-Rome, NY",88948.0,39181.0,2.2701819759577346,Utica - NY USA
2018,"Baltimore-Columbia-Towson, MD",738497.0,345968.0,2.1345818110345465,Baltimore - MD USA
2011,"Lafayette, LA",106374.0,48145.0,2.209450617925018,Lafayette - LA USA
2008,"Naples-Immokalee-Marco Island, FL",64192.0,26355.0,2.435666856383988,Naples - FL USA
2005,"Flagstaff, AZ",42245.0,16902.0,2.4994083540409417,Flagstaff - AZ USA
2007,"Corpus Christi, TX",130798.0,53921.0,2.4257339441034107,Corpus Christi - TX USA
2021,"Cleveland-Elyria, OH",599938.0,306086.0,1.960030841005469,Cleveland - OH USA
2020,"Allentown-Bethlehem-Easton, PA-NJ",227948.0,101747.0,2.2403412385623165,Lehigh Valley - PA USA
2022,"Birmingham-Hoover, AL",293987.0,138892.0,2.116658986838695,Birmingham - AL USA
2022,"Worcester, MA-CT",278035.0,132524.0,2.0979973438773354,Worcester - MA USA
2022,"Ocala, FL",91319.0,35066.0,2.604203501967718,Ocala - FL USA
2005,"Huntsville, AL",89457.0,43972.0,2.034408259801692,Huntsville - AL USA
2021,"Brownsville-Harlingen, TX",135869.0,46927.0,2.8953267841541117,Brownsville-Harlingen - TX USA
2010,"Saginaw, MI",42879.0,19798.0,2.165824830790989,Saginaw - MI USA
2008,"East Stroudsburg, PA",35483.0,13067.0,2.7154664421825974,East Stroudsburg - PA USA
2012,"College Station-Bryan, TX",87441.0,37762.0,2.3155818018113448,College Station-Bryan - TX USA
2010,"Wichita Falls, TX",37081.0,17372.0,2.134526824775501,Wichita Falls - TX USA
2011,"Grand Junction, CO",38942.0,16823.0,2.314807109314629,Grand Junction - CO USA
2023,"Lafayette-West Lafayette, IN",73759.0,33846.0,2.1792530875140343,
2015,"Pueblo, CO",49308.0,21130.0,2.3335541883577853,Pueblo - CO USA
2016,"Orlando-Kissimmee-Sanford, FL",868100.0,344207.0,2.5220288954030567,Orlando - FL USA
2022,"Tyler, TX",54036.0,23335.0,2.3156631669166488,Tyler - TX USA
2012,"Jacksonville, FL",395316.0,175297.0,2.255121308408016,Jacksonville - FL USA
2023,"Lansing-East Lansing, MI",120470.0,62510.0,1.9272116461366182,Lansing - MI USA
2005,"Houston-The Woodlands-Sugar Land, TX",1694437.0,673999.0,2.5140052136575872,Houston - TX USA
2017,"St. George, UT",45821.0,16191.0,2.8300290284726084,
2008,"Buffalo-Cheektowaga-Niagara Falls, NY",320325.0,158618.0,2.019474460653898,Buffalo - NY USA
2022,"Cincinnati, OH-KY-IN",552037.0,274926.0,2.0079475931705257,Cincinnati - OH USA
2016,"Muncie, IN",35081.0,15943.0,2.2004014300947126,Muncie - IN USA
2020,"Kansas City, MO-KS",634961.0,311473.0,2.0385747721311316,Kansas City - MO USA
2005,"Terre Haute, IN",39211.0,18402.0,2.130800999891316,Terre Haute - IN USA
2009,"Burlington-South Burlington, VT",51280.0,23880.0,2.147403685092127,Burlington - VT USA
2018,"Columbia, SC",241462.0,103072.0,2.3426536789816828,
2010,"Gulfport-Biloxi-Pascagoula, MS",92754.0,38652.0,2.399720583669668,Gulfport-Biloxi-Pascagoula - MS USA
2008,"Vineland-Bridgeton, NJ",43703.0,16288.0,2.6831409626719056,Vineland - NJ USA
2022,"Cleveland, TN",35029.0,13838.0,2.531362913715855,
2013,"Lubbock, TX",103968.0,44237.0,2.350249790899021,Lubbock - TX USA
2012,"Gadsden, AL",27682.0,12357.0,2.240187747835235,Gadsden - AL USA
2011,"Indianapolis-Carmel-Anderson, IN",526375.0,239238.0,2.2002148488116435,Indianapolis - IN USA
2010,"Cape Coral-Fort Myers, FL",163858.0,67527.0,2.4265553038044043,Fort Myers - FL USA
2017,"Greenville-Anderson-Mauldin, SC",266306.0,116019.0,2.295365414285591,Greenville - SC USA
2021,"Norwich-New London, CT",79353.0,37068.0,2.14074134023956,Norwich - CT USA
2023,"Nashville-Davidson--Murfreesboro--Franklin, TN",672089.0,307653.0,2.184568328603979,Nashville - TN USA
2023,"St. George, UT",57596.0,19462.0,2.9594080772787996,
2016,"Lima, OH",29173.0,13810.0,2.1124547429398985,
2017,"Ocean City, NJ",27298.0,11184.0,2.4408082975679544,Ocean City - NJ USA
2006,"Tallahassee, FL",112129.0,52635.0,2.1303125296855705,Tallahassee - FL USA
2013,"Modesto, CA",218194.0,73690.0,2.960971637942733,Modesto - CA USA
2019,"Omaha-Council Bluffs, NE-IA",299586.0,136014.0,2.2026114958754244,Omaha - NE USA
2019,"Beaumont-Port Arthur, TX",109916.0,46874.0,2.344924691726757,Beaumont - TX USA
2007,"Goldsboro, NC",36211.0,15243.0,2.3755822344682804,Goldsboro - NC USA
2008,"San Diego-Carlsbad, CA",1145657.0,453863.0,2.524235286859691,San Diego - CA USA
2012,"Niles-Benton Harbor, MI",37857.0,17551.0,2.156971112757108,Niles-Benton Harbor - MI USA
2010,"Hanford-Corcoran, CA",66924.0,19514.0,3.4295377677564827,Hanford-Corcoran - CA USA
2011,"Norwich-New London, CT",72865.0,33574.0,2.170280574253887,Norwich - CT USA
2008,"Salisbury, MD-DE",100682.0,39790.0,2.530334254837899,Salisbury - MD USA
2020,"Bremerton-Silverdale, WA",69293.0,30752.0,2.253284339229969,Bremerton - WA USA
2010,"El Paso, TX",258871.0,92442.0,2.8003613076307308,El Paso - TX USA
2011,"Pittsburgh, PA",570730.0,295731.0,1.9298957498537521,Pittsburgh - PA USA
2016,"Lansing-East Lansing, MI",140552.0,65786.0,2.136503207369349,Lansing - MI USA
2006,"San Angelo, TX",30280.0,14196.0,2.132995209918287,San Angelo - TX USA
2014,"Indianapolis-Carmel-Anderson, IN",588862.0,262268.0,2.245268198941541,Indianapolis - IN USA
2016,"Salinas, CA",212856.0,69045.0,3.0828590049967413,Salinas - CA USA
2008,"Chattanooga, TN-GA",117715.0,56182.0,2.0952440283364777,Chattanooga - TN USA
2017,"Lakeland-Winter Haven, FL",199480.0,74338.0,2.683418978180742,Lakeland - FL USA
2018,"Bangor, ME",39484.0,21026.0,1.8778654998573194,Bangor - ME USA
2005,"Waco, TX",71832.0,31784.0,2.2600050339793607,Waco - TX USA
2022,"Eugene, OR",129136.0,64344.0,2.006962576153177,Eugene - OR USA
2006,"Auburn-Opelika, AL",32694.0,17927.0,1.8237295699224634,Auburn-Opelika - AL USA
2008,"Eugene, OR",116078.0,56007.0,2.072562358276644,Eugene - OR USA
2017,"Richmond, VA",375756.0,161234.0,2.3305010109530246,Richmond - VA USA
2008,"Baltimore-Columbia-Towson, MD",703403.0,319718.0,2.2000731894982453,Baltimore - MD USA
2005,"Athens-Clarke County, GA",68785.0,29444.0,2.336129601956256,Athens - GA USA
2023,"St. Joseph, MO-KS",30667.0,13701.0,2.2383037734471936,
2014,"Anniston-Oxford-Jacksonville, AL",36747.0,14875.0,2.470386554621849,Anniston-Oxford - AL USA
2022,"Memphis, TN-MS-AR",429222.0,187185.0,2.293036300985656,Memphis - TN USA
2015,"Yuba City, CA",68742.0,23403.0,2.937315728752724,Yuba City - CA USA
2016,"Milwaukee-Waukesha-West Allis, WI",529862.0,251231.0,2.1090629739164353,Milwaukee - WI USA
2012,"Sacramento--Roseville--Arden-Arcade, CA",837653.0,319101.0,2.625040347726895,Sacramento - CA USA
2009,"Greenville-Anderson-Mauldin, SC",260118.0,110901.0,2.3454973354613573,Greenville - SC USA
2006,"Fort Collins, CO",80488.0,36031.0,2.2338541811218118,Fort Collins - CO USA
2007,"Syracuse, NY",164336.0,76598.0,2.1454346066476933,Syracuse - NY USA
2009,"Kansas City, MO-KS",510408.0,234679.0,2.1749197840454406,Kansas City - MO USA
2010,"Atlanta-Sandy Springs-Roswell, GA",1508202.0,616066.0,2.448117571818604,Atlanta - GA USA
2021,"Des Moines-West Des Moines, IA",169121.0,89327.0,1.8932797474447816,
2016,"Napa, CA",44356.0,17631.0,2.5157960410640348,Napa - CA USA
2022,"Hickory-Lenoir-Morganton, NC",98317.0,42202.0,2.3296763186578837,Hickory - NC USA
2012,"Salinas, CA",214504.0,68694.0,3.122601682825283,Salinas - CA USA
2017,"Michigan City-La Porte, IN",29178.0,12292.0,2.37373901724699,Michigan City-La Porte - IN USA
2012,"Glens Falls, NY",30440.0,13715.0,2.219467736055414,Glens Falls - NY USA
2012,"Charleston, WV",57417.0,26543.0,2.1631691971517912,
2015,"Provo-Orem, UT",161170.0,50964.0,3.162428380817832,Provo - UT USA
2006,"Baltimore-Columbia-Towson, MD",680055.0,312171.0,2.1784694926818955,Baltimore - MD USA
2022,"Augusta-Richmond County, GA-SC",147836.0,62379.0,2.3699642507895287,Augusta - GA USA
2022,"Lansing-East Lansing, MI",122696.0,63478.0,1.932890135164939,Lansing - MI USA
2018,"Rochester, NY",277406.0,139673.0,1.9861104150408455,Rochester - NY USA
2015,"Jackson, TN",41576.0,15601.0,2.664957374527274,Jackson - TN USA
2012,"Riverside-San Bernardino-Ontario, CA",1474243.0,478585.0,3.080420405988487,Inland Empire - CA USA
2011,"Palm Bay-Melbourne-Titusville, FL",125151.0,58230.0,2.1492529623905203,Melbourne - FL USA
2016,"San Angelo, TX",36261.0,16929.0,2.141945773524721,San Angelo - TX USA
2012,"Gainesville, FL",86801.0,40730.0,2.1311318438497424,Gainesville - FL USA
2006,"Salt Lake City, UT",242794.0,95637.0,2.538703639804678,Salt Lake City - UT USA
2022,"Sumter, SC",37766.0,14477.0,2.608689645644816,Sumter - SC USA
2009,"Napa, CA",50172.0,18075.0,2.775767634854772,Napa - CA USA
2013,"Lynchburg, VA",67937.0,29861.0,2.275108000401862,Lynchburg - VA USA
2010,"Farmington, NM",35809.0,12407.0,2.8861932779882324,Farmington - NM USA
2005,"Barnstable Town, MA",47775.0,23318.0,2.0488463847671325,Barnstable Town - MA USA
2015,"Rocky Mount, NC",50415.0,23544.0,2.1413098878695207,Rocky Mount - NC USA
2011,"Billings, MT",37408.0,17858.0,2.094747452122298,Billings - MT USA
2017,"Bismarck, ND",35521.0,18049.0,1.9680314698875283,
2016,"Colorado Springs, CO",243707.0,98785.0,2.4670445917902515,Colorado Springs - CO USA
2005,"Olympia-Tumwater, WA",73416.0,31464.0,2.3333333333333335,Olympia - WA USA
2016,"Dayton, OH",270232.0,124077.0,2.1779378934049016,Dayton - OH USA
2020,"Sacramento--Roseville--Arden-Arcade, CA",812796.0,327333.0,2.4830860316558367,Sacramento - CA USA
2023,"Chicago-Naperville-Elgin, IL-IN-WI",2667440.0,1275370.0,2.0915028579941506,Chicago - IL USA
2017,"Rockford, IL",97436.0,41617.0,2.3412547756926254,Rockford - IL USA
2008,"El Centro, CA",59967.0,20582.0,2.9135652511903607,El Centro - CA USA
2022,"Lewiston-Auburn, ME",32707.0,14805.0,2.2091860857818304,Lewiston-Auburn - ME USA
2020,"Sebastian-Vero Beach, FL",26114.0,11969.0,2.181802991060239,
2022,"Elkhart-Goshen, IN",50962.0,22913.0,2.2241522279928425,Elkhart - IN USA
2016,"Sheboygan, WI",26571.0,13437.0,1.9774503237329761,Sheboygan - WI USA
2010,"Little Rock-North Little Rock-Conway, AR",206199.0,92841.0,2.2209907260800725,Little Rock - AR USA
2016,"Yakima, WA",85399.0,30671.0,2.7843565583124126,Yakima - WA USA
2017,"Wichita, KS",197666.0,81449.0,2.426868347063807,Wichita - KS USA
2021,"Muskegon, MI",42741.0,17364.0,2.46147201105736,Muskegon - MI USA
2020,"Boise City, ID",197826.0,88969.0,2.223538535894525,Boise - ID USA
2006,"Daphne-Fairhope-Foley, AL",46899.0,18219.0,2.5741808002634614,Daphne-Fairhope-Foley - AL USA
2020,"Reno, NV",178223.0,84564.0,2.107551676836479,Reno - NV USA
2009,"Santa Rosa, CA",179087.0,71691.0,2.4980402003040827,Santa Rosa - CA USA
2018,"Hilton Head Island-Bluffton-Beaufort, SC",53088.0,22448.0,2.3649322879543835,Hilton Head Island - SC USA
2019,"Yuma, AZ",72660.0,26019.0,2.7925746569814365,Yuma - AZ USA
2009,"Dover, DE",32239.0,13684.0,2.3559631686641334,Dover - DE USA
2013,"New York-Newark-Jersey City, NY-NJ-PA",8263357.0,3423683.0,2.413587063989277,New York - NY USA
2006,"Greenville-Anderson-Mauldin, SC",232659.0,103982.0,2.237493027639399,Greenville - SC USA
2005,"Indianapolis-Carmel-Anderson, IN",439173.0,201942.0,2.174748195026295,Indianapolis - IN USA
2007,"Omaha-Council Bluffs, NE-IA",247433.0,110647.0,2.2362377651450105,Omaha - NE USA
2018,"San Angelo, TX",37976.0,16053.0,2.3656637388650097,San Angelo - TX USA
2021,"Fort Wayne, IN",101274.0,46789.0,2.164483105003313,Fort Wayne - IN USA
2013,"Fayetteville-Springdale-Rogers, AR-MO",169554.0,63947.0,2.651477004394264,Northwest Arkansas - AR USA
2017,"Albuquerque, NM",226075.0,113331.0,1.9948204815981505,Albuquerque - NM USA
2020,"Tucson, AZ",315722.0,150053.0,2.104069895303659,Tucson - AZ USA
2023,"Anniston-Oxford-Jacksonville, AL",30280.0,14151.0,2.1397781075542364,Anniston-Oxford - AL USA
2011,"Burlington, NC",44689.0,18770.0,2.380873734683005,Burlington - NC USA
2006,"Rocky Mount, NC",50418.0,21411.0,2.3547709121479614,Rocky Mount - NC USA
2006,"Gulfport-Biloxi-Pascagoula, MS",78023.0,31516.0,2.475663155222744,Gulfport-Biloxi-Pascagoula - MS USA
2023,"San Luis Obispo-Paso Robles-Arroyo Grande, CA",98620.0,41689.0,2.3656120319508744,San Luis Obispo - CA USA
2017,"Jackson, MS",187898.0,76276.0,2.463396087891342,Jackson - MS USA
2022,"Santa Fe, NM",36516.0,21413.0,1.7053191986176621,Santa Fe - NM USA
2007,"Atlanta-Sandy Springs-Roswell, GA",1319446.0,552735.0,2.3871222195084445,Atlanta - GA USA
2022,"Vallejo-Fairfield, CA",153597.0,56366.0,2.7249937905829755,Vallejo-Fairfield - CA USA
2021,"Chattanooga, TN-GA",158732.0,71126.0,2.2317014875010543,Chattanooga - TN USA
2007,"Bloomington, IL",40558.0,19901.0,2.0379880408019697,Bloomington - IL USA
2015,"Scranton--Wilkes-Barre--Hazleton, PA",142831.0,64533.0,2.2133017215998017,Scranton - PA USA
2009,"Louisville/Jefferson County, KY-IN",337178.0,149670.0,2.2528095142647158,Louisville - KY USA
2019,"Santa Maria-Santa Barbara, CA",193914.0,69551.0,2.788083564578511,Santa Barbara - CA USA
2023,"Raleigh, NC",433906.0,205632.0,2.11010932150638,Raleigh - NC USA
2018,"Augusta-Richmond County, GA-SC",147279.0,64543.0,2.281874099437584,Augusta - GA USA
2020,"Glens Falls, NY",29052.0,16061.0,1.8088537450968183,Glens Falls - NY USA
2019,"Yakima, WA",87503.0,30431.0,2.8754559495251555,Yakima - WA USA
2020,"Hickory-Lenoir-Morganton, NC",81253.0,34913.0,2.3272992867986138,Hickory - NC USA
2011,"Lakeland-Winter Haven, FL",169683.0,66002.0,2.5708766401018153,Lakeland - FL USA
2009,"Alexandria, LA",34649.0,16122.0,2.1491750403175787,Alexandria - LA USA
2016,"Blacksburg-Christiansburg-Radford, VA",63422.0,26884.0,2.3590983484600505,Blacksburg - VA USA
2010,"Midland, TX",33467.0,15117.0,2.213865184891182,Midland - TX USA
2022,"Mount Vernon-Anacortes, WA",34486.0,14079.0,2.449463740322466,
2009,"Huntsville, AL",89827.0,43621.0,2.059260447949382,Huntsville - AL USA
2018,"St. Joseph, MO-KS",31275.0,14385.0,2.1741397288842546,
2020,"Monroe, MI",22647.0,11757.0,1.92625669813728,Monroe - MI USA
2019,"Owensboro, KY",35853.0,14507.0,2.4714275866822915,Owensboro - KY USA
2009,"Urban Honolulu, HI",368223.0,139617.0,2.6373794022217925,Honolulu - HI USA
2008,"San Angelo, TX",35793.0,14901.0,2.4020535534527885,San Angelo - TX USA
2006,"Decatur, AL",32898.0,13404.0,2.454341987466428,Decatur - AL USA
2012,"Grand Rapids-Wyoming, MI",217211.0,93139.0,2.3321165140274216,Grand Rapids - MI USA
2006,"Decatur, IL",25356.0,13300.0,1.9064661654135338,Decatur - IL USA
2016,"Providence-Warwick, RI-MA",536931.0,254712.0,2.107992556298879,Providence - RI USA
2007,"Owensboro, KY",34428.0,13766.0,2.5009443556588695,Owensboro - KY USA
2010,"Gainesville, GA",61280.0,21014.0,2.9161511373370135,Gainesville - GA USA
2011,"Yuma, AZ",60308.0,20273.0,2.974794061066443,Yuma - AZ USA
2022,"Kalamazoo-Portage, MI",94512.0,49409.0,1.9128498856483636,Kalamazoo - MI USA
2022,"Prescott, AZ",60468.0,26571.0,2.2757141244213615,Prescott - AZ USA
2011,"Niles-Benton Harbor, MI",32783.0,14414.0,2.274386013597891,Niles-Benton Harbor - MI USA
2020,"Minneapolis-St. Paul-Bloomington, MN-WI",875245.0,438109.0,1.9977790915046256,Minneapolis - MN USA
2010,"Boston-Cambridge-Newton, MA-NH",1431209.0,677445.0,2.1126571160758436,Boston - MA USA
2014,"Yuma, AZ",68536.0,24049.0,2.849848226537486,Yuma - AZ USA
2023,"Boston-Cambridge-Newton, MA-NH",1561720.0,756073.0,2.0655677427973225,Boston - MA USA
2006,"New York-Newark-Jersey City, NY-NJ-PA",7428502.0,3162853.0,2.3486712787473842,New York - NY USA
2010,"Portland-Vancouver-Hillsboro, OR-WA",754290.0,331861.0,2.272909441000901,Portland - OR USA
2018,"College Station-Bryan, TX",94672.0,44445.0,2.130093373832827,College Station-Bryan - TX USA
2005,"Jacksonville, FL",344188.0,153528.0,2.241858162680423,Jacksonville - FL USA
2020,"Hanford-Corcoran, CA",53376.0,18612.0,2.86782720825274,Hanford-Corcoran - CA USA
2012,"Huntsville, AL",113587.0,49382.0,2.3001701024664856,Huntsville - AL USA
2005,"Albuquerque, NM",221748.0,101531.0,2.184042312200215,Albuquerque - NM USA
2019,"Rockford, IL",100382.0,42888.0,2.3405614624137288,Rockford - IL USA
2006,"La Crosse-Onalaska, WI-MN",25627.0,13784.0,1.8591845618107952,La Crosse-Onalaska - WI USA
2006,"Hammond, LA",31787.0,13076.0,2.4309421841541754,Hammond - LA USA
2014,"Syracuse, NY",187276.0,87267.0,2.1460116653488717,Syracuse - NY USA
2017,"San Antonio-New Braunfels, TX",692298.0,291381.0,2.375920186971697,San Antonio - TX USA
2006,"Santa Fe, NM",37563.0,16832.0,2.2316421102661597,Santa Fe - NM USA
2014,"Corpus Christi, TX",170568.0,67395.0,2.5308702425995993,Corpus Christi - TX USA
2014,"Philadelphia-Camden-Wilmington, PA-NJ-DE-MD",1593596.0,740627.0,2.1516849912304035,Philadelphia - PA USA
2022,"Oklahoma City, OK",450906.0,203964.0,2.2107136553509443,Oklahoma City - OK USA
2011,"La Crosse-Onalaska, WI-MN",40502.0,15779.0,2.5668293301223146,La Crosse-Onalaska - WI USA
2008,"Gainesville, FL",85090.0,43193.0,1.9699951381010812,Gainesville - FL USA
2007,"Stockton-Lodi, CA",226072.0,75979.0,2.9754537437976283,Stockton - CA USA
2014,"Orlando-Kissimmee-Sanford, FL",777666.0,313121.0,2.483595798429361,Orlando - FL USA
2015,"Fort Wayne, IN",103535.0,46378.0,2.2324162318340592,Fort Wayne - IN USA
2012,"Lincoln, NE",92984.0,47203.0,1.9698747960934686,Lincoln - NE USA
2012,"Anniston-Oxford-Jacksonville, AL",36674.0,14916.0,2.4587020648967552,Anniston-Oxford - AL USA
2013,"Houma-Thibodaux, LA",41501.0,16804.0,2.4697095929540587,Houma-Thibodaux - LA USA
2012,"Tucson, AZ",331514.0,148350.0,2.234674755645433,Tucson - AZ USA
2021,"Muncie, IN",31981.0,15152.0,2.1106784582893345,Muncie - IN USA
2005,"Kalamazoo-Portage, MI",86389.0,40134.0,2.1525140778392386,Kalamazoo - MI USA
2017,"Bellingham, WA",81869.0,35209.0,2.325229344769803,Bellingham - WA USA
2008,"Omaha-Council Bluffs, NE-IA",238649.0,115106.0,2.073297656073532,Omaha - NE USA
2017,"Lynchburg, VA",62510.0,29485.0,2.1200610479905038,Lynchburg - VA USA
2011,"Ann Arbor, MI",106043.0,54363.0,1.9506465794750105,Ann Arbor - MI USA
2005,"Medford, OR",58573.0,26881.0,2.1789739965031063,Medford - OR USA
2006,"Yuba City, CA",62721.0,21633.0,2.8993204825960337,Yuba City - CA USA
2005,"Palm Bay-Melbourne-Titusville, FL",114917.0,56030.0,2.050990540781724,Melbourne - FL USA
2012,"Washington-Arlington-Alexandria, DC-VA-MD-WV",1813163.0,765078.0,2.3699060749361505,Washington - DC USA
2019,"Chattanooga, TN-GA",167044.0,74296.0,2.2483579196726606,Chattanooga - TN USA
2015,"Winston-Salem, NC",201602.0,87071.0,2.3153748090638673,Winston-Salem - NC USA
2009,"Vineland-Bridgeton, NJ",45374.0,16754.0,2.708248776411603,Vineland - NJ USA
2022,"Canton-Massillon, OH",107309.0,49099.0,2.185563860771095,Canton - OH USA
2018,"Raleigh, NC",422266.0,185367.0,2.2779998597377094,Raleigh - NC USA
2021,"San Diego-Carlsbad, CA",1320522.0,526582.0,2.507723393507564,San Diego - CA USA
2021,"Allentown-Bethlehem-Easton, PA-NJ",238922.0,105663.0,2.26116994596027,Lehigh Valley - PA USA
2022,"Albany-Schenectady-Troy, NY",249153.0,135287.0,1.841662539637955,Albany - NY USA
2009,"Eugene, OR",126144.0,57228.0,2.204235688823653,Eugene - OR USA
2005,"Ocala, FL",61381.0,25696.0,2.3887375466998755,Ocala - FL USA
2017,"Dover, DE",41585.0,17804.0,2.33571107616266,Dover - DE USA
2011,"Greenville-Anderson-Mauldin, SC",261374.0,111137.0,2.3518180263998487,Greenville - SC USA
2006,"Riverside-San Bernardino-Ontario, CA",1188179.0,399132.0,2.976907389034204,Inland Empire - CA USA
2008,"Yakima, WA",73532.0,26392.0,2.7861473173688998,Yakima - WA USA
2013,"Wenatchee, WA",42869.0,15886.0,2.6985395946116078,
2008,"Greeley, CO",70701.0,27043.0,2.6143918943904154,Greeley - CO USA
2005,"Billings, MT",37981.0,18165.0,2.0908890723919624,Billings - MT USA
2023,"Gainesville, FL",107610.0,53464.0,2.012756247194374,Gainesville - FL USA
2017,"Cleveland-Elyria, OH",625842.0,307012.0,2.0384936093703176,Cleveland - OH USA
2022,"Springfield, OH",38005.0,17864.0,2.127463054187192,Springfield - OH USA
2021,"Rockford, IL",97190.0,43323.0,2.243381113957944,Rockford - IL USA
2014,"Asheville, NC",129292.0,64731.0,1.997373746736494,
2016,"Gainesville, GA",62546.0,21712.0,2.880711127487104,Gainesville - GA USA
2006,"Hanford-Corcoran, CA",60239.0,17304.0,3.4812182154415163,Hanford-Corcoran - CA USA
2011,"Hattiesburg, MS",48606.0,21180.0,2.2949008498583567,Hattiesburg - MS USA
2005,"Rochester, NY",249086.0,123104.0,2.0233786067065247,Rochester - NY USA
2022,"Albuquerque, NM",212617.0,108935.0,1.9517785835590031,Albuquerque - NM USA
2019,"Baltimore-Columbia-Towson, MD",784885.0,352934.0,2.223886052349731,Baltimore - MD USA
2023,"St. Louis, MO-IL",715095.0,355193.0,2.0132575810897175,Saint Louis - MO USA
2014,"Midland, TX",45218.0,18229.0,2.4805529650556806,Midland - TX USA
2006,"Midland, TX",32694.0,14759.0,2.2151907310793413,Midland - TX USA
2012,"Santa Maria-Santa Barbara, CA",182506.0,67090.0,2.7203159934416457,Santa Barbara - CA USA
2014,"Sheboygan, WI",29382.0,14598.0,2.012741471434443,Sheboygan - WI USA
2023,"Minneapolis-St. Paul-Bloomington, MN-WI",841121.0,435906.0,1.9295926185920818,Minneapolis - MN USA
2006,"Miami-Fort Lauderdale-West Palm Beach, FL",1547921.0,652981.0,2.3705452379165703,Miami - FL USA
2018,"Tucson, AZ",345256.0,152255.0,2.267616827033595,Tucson - AZ USA
2012,"Brownsville-Harlingen, TX",137873.0,44468.0,3.1004992354052354,Brownsville-Harlingen - TX USA
2006,"Tyler, TX",48232.0,19596.0,2.4613186364564195,Tyler - TX USA
2010,"Fort Collins, CO",83698.0,38609.0,2.1678365148022483,Fort Collins - CO USA
2017,"Decatur, AL",32503.0,13999.0,2.321808700621473,Decatur - AL USA
2016,"San Jose-Sunnyvale-Santa Clara, CA",763849.0,276065.0,2.766917211526271,San Jose - CA USA
2019,"Redding, CA",66320.0,27129.0,2.4446164620885398,Redding - CA USA
2017,"Mansfield, OH",29820.0,15172.0,1.965462694437121,Mansfield - OH USA
2008,"Charleston-North Charleston, SC",179423.0,78620.0,2.2821546680234035,Charleston - SC USA
2005,"Knoxville, TN",216356.0,100632.0,2.1499721758486365,Knoxville - TN USA
2021,"Worcester, MA-CT",271907.0,123981.0,2.1931344318887573,Worcester - MA USA
2007,"Fresno, CA",363753.0,123513.0,2.9450584149036945,Fresno - CA USA
2016,"Laredo, TX",86235.0,26372.0,3.2699453966327923,Laredo - TX USA
2018,"San Antonio-New Braunfels, TX",705066.0,306301.0,2.301872994211576,San Antonio - TX USA
2021,"Jackson, TN",35725.0,16107.0,2.217979760352642,Jackson - TN USA
2017,"El Paso, TX",273383.0,103594.0,2.638984883294399,El Paso - TX USA
2011,"Denver-Aurora-Lakewood, CO",835768.0,372832.0,2.2416745343747317,Denver - CO USA
2020,"Santa Maria-Santa Barbara, CA",186771.0,67645.0,2.76104664054993,Santa Barbara - CA USA
2010,"Odessa, TX",40676.0,18621.0,2.1844154449277697,Odessa - TX USA
2013,"Milwaukee-Waukesha-West Allis, WI",531920.0,245918.0,2.1629974219048624,Milwaukee - WI USA
2018,"Joplin, MO",61746.0,24609.0,2.5090820431549434,Joplin - MO USA
2006,"Pittsburgh, PA",509206.0,274347.0,1.8560654936995848,Pittsburgh - PA USA
2014,"Reading, PA",111029.0,45943.0,2.416668480508456,Reading - PA USA
2015,"Monroe, LA",54728.0,23594.0,2.319572772738832,Monroe - LA USA
2005,"Iowa City, IA",36861.0,19816.0,1.8601635042389988,Iowa City - IA USA
2006,"Bakersfield, CA",280148.0,90729.0,3.0877448224933595,Bakersfield - CA USA
2006,"Charlotte-Concord-Gastonia, NC-SC",511648.0,227575.0,2.2482610128529057,Charlotte - NC USA
2022,"Muskegon, MI",29670.0,13769.0,2.154840583920401,Muskegon - MI USA
2021,"Modesto, CA",197353.0,68184.0,2.894418045289217,Modesto - CA USA
2016,"Bellingham, WA",79311.0,34241.0,2.316258286849099,Bellingham - WA USA
2010,"Naples-Immokalee-Marco Island, FL",74779.0,30110.0,2.483527067419462,Naples - FL USA
2012,"Port St. Lucie, FL",119060.0,46626.0,2.553510916655943,Port St. Lucie - FL USA
2020,"Denver-Aurora-Lakewood, CO",885908.0,426441.0,2.077445648987785,Denver - CO USA
2005,"Santa Maria-Santa Barbara, CA",157440.0,57043.0,2.7600231404379154,Santa Barbara - CA USA
2015,"Eau Claire, WI",37503.0,19635.0,1.910007639419404,Eau Claire - WI USA
2019,"Tucson, AZ",340873.0,151519.0,2.2497046575016997,Tucson - AZ USA
2014,"Columbia, SC",225060.0,99975.0,2.2511627906976743,
2018,"Spartanburg, SC",77569.0,33457.0,2.3184684819320323,Spartanburg - SC USA
2005,"Gadsden, AL",30034.0,11000.0,2.7303636363636365,Gadsden - AL USA
2012,"Midland, TX",38652.0,17185.0,2.2491707884783243,Midland - TX USA
2009,"Kalamazoo-Portage, MI",83105.0,41977.0,1.979774638492508,Kalamazoo - MI USA
2011,"Clarksville, TN-KY",113329.0,42061.0,2.6943962340410357,Clarksville - TN USA
2005,"Davenport-Moline-Rock Island, IA-IL",73916.0,37005.0,1.9974598027293609,Davenport - IA USA
2010,"Virginia Beach-Norfolk-Newport News, VA-NC",527435.0,222802.0,2.367281263184352,Norfolk - VA USA
2011,"Fresno, CA",394587.0,130116.0,3.0325786221525406,Fresno - CA USA
2009,"Spartanburg, SC",66977.0,29646.0,2.2592255278958375,Spartanburg - SC USA
2009,"Anniston-Oxford-Jacksonville, AL",28053.0,13591.0,2.064086527849312,Anniston-Oxford - AL USA
2015,"Palm Bay-Melbourne-Titusville, FL",151873.0,67149.0,2.261731373512636,Melbourne - FL USA
2006,"Jackson, TN",31168.0,13575.0,2.295985267034991,Jackson - TN USA
2006,"Omaha-Council Bluffs, NE-IA",250207.0,114965.0,2.1763754186056627,Omaha - NE USA
2007,"Springfield, MA",176483.0,83603.0,2.110964917526883,Springfield - MA USA
2020,"Jackson, MI",35826.0,16830.0,2.128698752228164,Jackson - MI USA
2010,"St. Cloud, MN",39427.0,20038.0,1.9676115380776524,St. Cloud - MN USA
2019,"Ocala, FL",96001.0,41070.0,2.337496956415875,Ocala - FL USA
2009,"Lakeland-Winter Haven, FL",163542.0,63867.0,2.560665132227911,Lakeland - FL USA
2018,"Portland-South Portland, ME",125517.0,65861.0,1.9057864289943973,Portland - ME USA
2016,"North Port-Sarasota-Bradenton, FL",189798.0,84155.0,2.255338363733587,Sarasota - FL USA
2013,"Grand Junction, CO",43908.0,18171.0,2.416377744758131,Grand Junction - CO USA
2013,"Minneapolis-St. Paul-Bloomington, MN-WI",885040.0,408843.0,2.1647429453359845,Minneapolis - MN USA
2005,"Beaumont-Port Arthur, TX",109056.0,48919.0,2.2293178519593613,Beaumont - TX USA
2014,"Reno, NV",170095.0,72194.0,2.35608222289941,Reno - NV USA
2010,"Hartford-West Hartford-East Hartford, CT",321904.0,150224.0,2.142826712109916,Hartford - CT USA
2015,"Sacramento--Roseville--Arden-Arcade, CA",838719.0,333215.0,2.517050552946296,Sacramento - CA USA
2008,"Madera, CA",53455.0,17297.0,3.0904203040989766,Madera - CA USA
2007,"Trenton, NJ",90691.0,38704.0,2.343194501860273,Trenton - NJ USA
2008,"Hattiesburg, MS",35606.0,16139.0,2.206208563107999,Hattiesburg - MS USA
2023,"Asheville, NC",131128.0,64276.0,2.0400771672163796,
2022,"Lima, OH",32739.0,13322.0,2.4575138868037834,
2013,"Salisbury, MD-DE",105936.0,39371.0,2.690711437352366,Salisbury - MD USA
2006,"Baton Rouge, LA",209818.0,89828.0,2.335775036736875,Baton Rouge - LA USA
2013,"Spartanburg, SC",87996.0,34493.0,2.5511263154843014,Spartanburg - SC USA
2019,"Richmond, VA",350279.0,164813.0,2.1253117169155344,Richmond - VA USA
2017,"Augusta-Richmond County, GA-SC",150245.0,63823.0,2.3540886514266015,Augusta - GA USA
2005,"Chicago-Naperville-Elgin, IL-IN-WI",2448020.0,1055453.0,2.3194021903391246,Chicago - IL USA
2016,"Roanoke, VA",89596.0,41499.0,2.1589917829345286,
2009,"Provo-Orem, UT",128312.0,40466.0,3.1708594869767213,Provo - UT USA
2016,"Tyler, TX",60619.0,24703.0,2.4539124802655548,Tyler - TX USA
2020,"Los Angeles-Long Beach-Anaheim, CA",5768489.0,2222004.0,2.5960749845634843,Los Angeles - CA USA
2005,"Owensboro, KY",25589.0,13073.0,1.957393100283026,Owensboro - KY USA
2006,"Muncie, IN",32260.0,14970.0,2.1549766199064795,Muncie - IN USA
2013,"Blacksburg-Christiansburg-Radford, VA",61018.0,27033.0,2.2571671660563015,Blacksburg - VA USA
2014,"Springfield, IL",54373.0,26206.0,2.074830191559185,Springfield - IL USA
2010,"Racine, WI",51711.0,23601.0,2.191051226642939,Racine - WI USA
2007,"Evansville, IN-KY",62168.0,30110.0,2.064696114247758,Evansville - IN USA
2005,"Springfield, IL",55554.0,26548.0,2.092587012204309,Springfield - IL USA
2023,"Jackson, MS",156570.0,76221.0,2.054158302829929,Jackson - MS USA
2017,"Oklahoma City, OK",452624.0,193943.0,2.3337991059228744,Oklahoma City - OK USA
2014,"Baltimore-Columbia-Towson, MD",798325.0,352378.0,2.2655358734086692,Baltimore - MD USA
2009,"Bridgeport-Stamford-Norwalk, CT",223363.0,98140.0,2.275962910128388,Stamford - CT USA
2022,"Lubbock, TX",128642.0,58338.0,2.205115019369879,Lubbock - TX USA
2022,"Homosassa Springs, FL",22663.0,9360.0,2.421260683760684,
2020,"York-Hanover, PA",101186.0,46269.0,2.1869070003674165,York - PA USA
2020,"Redding, CA",47986.0,20699.0,2.3182762452292383,Redding - CA USA
2019,"Bremerton-Silverdale, WA",78943.0,32232.0,2.449211963266319,Bremerton - WA USA
2015,"Homosassa Springs, FL",25342.0,11161.0,2.2705850730221306,
2018,"Fort Wayne, IN",97356.0,45307.0,2.1488070276116273,Fort Wayne - IN USA
2020,"Santa Fe, NM",34797.0,20438.0,1.7025638516488892,Santa Fe - NM USA
2009,"Shreveport-Bossier City, LA",121814.0,57872.0,2.1048866463920377,Shreveport - LA USA
2015,"Colorado Springs, CO",245611.0,99812.0,2.460736184025969,Colorado Springs - CO USA
2007,"Port St. Lucie, FL",102646.0,38723.0,2.650776024584872,Port St. Lucie - FL USA
2005,"Amarillo, TX",57242.0,27808.0,2.0584723820483313,Amarillo - TX USA
2005,"Toledo, OH",156094.0,76936.0,2.0288811479671414,Toledo - OH USA
2021,"San Luis Obispo-Paso Robles-Arroyo Grande, CA",92844.0,38326.0,2.4224808224182017,San Luis Obispo - CA USA
2012,"Vallejo-Fairfield, CA",157088.0,57256.0,2.743607656839458,Vallejo-Fairfield - CA USA
2011,"Redding, CA",62514.0,24572.0,2.544115253133648,Redding - CA USA
2018,"Daphne-Fairhope-Foley, AL",46535.0,20581.0,2.2610660317768816,Daphne-Fairhope-Foley - AL USA
2017,"Buffalo-Cheektowaga-Niagara Falls, NY",334355.0,164543.0,2.0320220246379366,Buffalo - NY USA
2009,"Grand Rapids-Wyoming, MI",178293.0,79225.0,2.2504638687283056,Grand Rapids - MI USA
2007,"Boise City, ID",140936.0,58799.0,2.3969115121005458,Boise - ID USA
2011,"Stockton-Lodi, CA",271459.0,88938.0,3.0522273943646137,Stockton - CA USA
2014,"Greenville, NC",76393.0,33138.0,2.3052990524473413,Greenville - NC USA
2019,"Minneapolis-St. Paul-Bloomington, MN-WI",875714.0,423671.0,2.066967056985255,Minneapolis - MN USA
2023,"Tuscaloosa, AL",67949.0,34271.0,1.9826967406845437,
2008,"Chicago-Naperville-Elgin, IL-IN-WI",2526069.0,1090541.0,2.3163448233491453,Chicago - IL USA
2018,"Jackson, TN",35665.0,16072.0,2.2190766550522647,Jackson - TN USA
2010,"Bridgeport-Stamford-Norwalk, CT",245254.0,101857.0,2.4078266589434207,Stamford - CT USA
2011,"Baton Rouge, LA",213817.0,90120.0,2.3725810031069683,Baton Rouge - LA USA
2012,"Monroe, LA",56984.0,23405.0,2.4346934415723136,Monroe - LA USA
2023,"Jacksonville, FL",516854.0,228371.0,2.2632208117493025,Jacksonville - FL USA
2018,"Racine, WI",57006.0,24505.0,2.3263007549479697,Racine - WI USA
2021,"Columbus, OH",729781.0,318615.0,2.2904791048757907,Columbus - OH USA
2020,"Fayetteville-Springdale-Rogers, AR-MO",178193.0,73891.0,2.411565684589463,Northwest Arkansas - AR USA
2005,"Washington-Arlington-Alexandria, DC-VA-MD-WV",1435393.0,646837.0,2.2190953826079833,Washington - DC USA
2023,"Worcester, MA-CT",276256.0,127004.0,2.1751755850209444,Worcester - MA USA
2016,"Detroit-Warren-Dearborn, MI",1167662.0,536806.0,2.175202959728468,Detroit - MI USA
2023,"Winston-Salem, NC",204601.0,90996.0,2.248461470833883,Winston-Salem - NC USA
2018,"Lebanon, PA",37309.0,15253.0,2.44601062086147,Lebanon - PA USA
2013,"Pittsburgh, PA",558781.0,292242.0,1.9120489183621794,Pittsburgh - PA USA
2005,"Bellingham, WA",60664.0,28715.0,2.112624064078008,Bellingham - WA USA
2022,"Phoenix-Mesa-Scottsdale, AZ",1533579.0,628657.0,2.439452674510902,Phoenix - AZ USA
2021,"Naples-Immokalee-Marco Island, FL",117674.0,44576.0,2.63985104091888,Naples - FL USA
2012,"Amarillo, TX",76811.0,33452.0,2.296155685758699,Amarillo - TX USA
2012,"Rochester, NY",297471.0,145197.0,2.0487406764602576,Rochester - NY USA
2008,"Lafayette, LA",110673.0,47857.0,2.3125770524688134,Lafayette - LA USA
2005,"Seattle-Tacoma-Bellevue, WA",1018975.0,481689.0,2.115420945880018,Seattle - WA USA
2015,"Philadelphia-Camden-Wilmington, PA-NJ-DE-MD",1638837.0,731692.0,2.2397907862871262,Philadelphia - PA USA
2018,"Chico, CA",89173.0,37020.0,2.4087790383576446,Chico - CA USA
2006,"Pensacola-Ferry Pass-Brent, FL",114201.0,48085.0,2.3749818030570866,Pensacola - FL USA
2011,"New York-Newark-Jersey City, NY-NJ-PA",8181020.0,3376699.0,2.4227862773673343,New York - NY USA
2019,"El Paso, TX",280588.0,105483.0,2.660030526245935,El Paso - TX USA
2022,"Las Vegas-Henderson-Paradise, NV",893317.0,359927.0,2.481939393265857,Las Vegas - NV USA
2010,"Bremerton-Silverdale, WA",78033.0,34111.0,2.2876198293805516,Bremerton - WA USA
2007,"Pittsfield, MA",32843.0,17053.0,1.9259367853163667,Pittsfield - MA USA
2017,"Clarksville, TN-KY",122266.0,48246.0,2.534220453509099,Clarksville - TN USA
2011,"Springfield, IL",57492.0,27251.0,2.109720744192874,Springfield - IL USA
2020,"Bend-Redmond, OR",56375.0,24540.0,2.297269763651182,Bend - OR USA
2010,"Hattiesburg, MS",42080.0,18715.0,2.248463799091638,Hattiesburg - MS USA
2006,"Charlottesville, VA",47261.0,25227.0,1.873429262298331,Charlottesville - VA USA
2017,"Springfield, OH",44553.0,18632.0,2.391208673250322,Springfield - OH USA
2023,"Fort Collins, CO",119716.0,57731.0,2.073686580866432,Fort Collins - CO USA
2015,"Los Angeles-Long Beach-Anaheim, CA",6027009.0,2244766.0,2.684916378811867,Los Angeles - CA USA
2019,"La Crosse-Onalaska, WI-MN",30445.0,16663.0,1.827101962431735,La Crosse-Onalaska - WI USA
2012,"St. Joseph, MO-KS",35742.0,15796.0,2.2627247404406177,
2022,"Virginia Beach-Norfolk-Newport News, VA-NC",546721.0,249155.0,2.194300736489334,Norfolk - VA USA
2014,"Grand Junction, CO",37495.0,18392.0,2.0386581122227057,Grand Junction - CO USA
2007,"Grand Junction, CO",32516.0,14573.0,2.2312495711246827,Grand Junction - CO USA
2007,"Medford, OR",67505.0,30055.0,2.24604891033106,Medford - OR USA
2008,"Billings, MT",33040.0,17843.0,1.8517065515888584,Billings - MT USA
2020,"Lima, OH",36557.0,16406.0,2.228270145068877,
2009,"Oxnard-Thousand Oaks-Ventura, CA",268277.0,91173.0,2.942504908251346,Ventura - CA USA
2016,"East Stroudsburg, PA",35740.0,14647.0,2.440090120843859,East Stroudsburg - PA USA
2014,"Baton Rouge, LA",246512.0,105113.0,2.345209441267969,Baton Rouge - LA USA
2022,"Iowa City, IA",42634.0,24915.0,1.7111780052177403,Iowa City - IA USA
2020,"Las Vegas-Henderson-Paradise, NV",881768.0,358172.0,2.461856314843148,Las Vegas - NV USA
2021,"Syracuse, NY",180952.0,88792.0,2.037931345166231,Syracuse - NY USA
2013,"Saginaw, MI",45865.0,21445.0,2.138726975985078,Saginaw - MI USA
2021,"Yakima, WA",89988.0,33161.0,2.7136696722053015,Yakima - WA USA
2018,"Lincoln, NE",100271.0,48931.0,2.0492325928348083,Lincoln - NE USA
2009,"New York-Newark-Jersey City, NY-NJ-PA",7740827.0,3272465.0,2.36544225835876,New York - NY USA
2021,"Sacramento--Roseville--Arden-Arcade, CA",836887.0,334054.0,2.5052446610428256,Sacramento - CA USA
2018,"Cape Coral-Fort Myers, FL",172734.0,75668.0,2.282787968493947,Fort Myers - FL USA
2005,"Saginaw, MI",40948.0,18619.0,2.199258821633815,Saginaw - MI USA
2016,"Boston-Cambridge-Newton, MA-NH",1512551.0,701301.0,2.156778615744167,Boston - MA USA
2014,"Toledo, OH",197203.0,92605.0,2.1295070460558283,Toledo - OH USA
2007,"Charlottesville, VA",58978.0,25626.0,2.3014906735346914,Charlottesville - VA USA
2012,"Johnstown, PA",27363.0,13783.0,1.9852717115286949,Johnstown - PA USA
2009,"Lake Havasu City-Kingman, AZ",62602.0,23314.0,2.685167710388608,Lake Havasu - AZ USA
2009,"Auburn-Opelika, AL",41171.0,21930.0,1.8773825809393525,Auburn-Opelika - AL USA
2013,"North Port-Sarasota-Bradenton, FL",195567.0,82747.0,2.363433115399954,Sarasota - FL USA
2017,"Seattle-Tacoma-Bellevue, WA",1332331.0,592960.0,2.2469154749055584,Seattle - WA USA
2008,"Albuquerque, NM",228394.0,104934.0,2.176549068938571,Albuquerque - NM USA
2009,"Los Angeles-Long Beach-Anaheim, CA",5564811.0,2037280.0,2.7314905167674546,Los Angeles - CA USA
2016,"Ocala, FL",90790.0,37538.0,2.4186158026533113,Ocala - FL USA
2013,"Binghamton, NY",59723.0,28442.0,2.0998171717882004,Binghamton - NY USA
2011,"Monroe, LA",61687.0,25175.0,2.450327706057597,Monroe - LA USA
2008,"Fort Collins, CO",82704.0,36975.0,2.2367545638945234,Fort Collins - CO USA
2017,"York-Hanover, PA",111012.0,44378.0,2.5015097570868448,York - PA USA
2015,"Madera, CA",60931.0,17305.0,3.521005489742849,Madera - CA USA
2021,"Goldsboro, NC",42645.0,18915.0,2.254559873116574,Goldsboro - NC USA
2019,"Reading, PA",105050.0,46790.0,2.245137849967942,Reading - PA USA
2019,"College Station-Bryan, TX",92584.0,41150.0,2.2499149453219927,College Station-Bryan - TX USA
2021,"Rochester, NY",291093.0,148402.0,1.961516691149715,Rochester - NY USA
2013,"Palm Bay-Melbourne-Titusville, FL",142080.0,61741.0,2.301226089632497,Melbourne - FL USA
2015,"Jacksonville, FL",460109.0,194607.0,2.364298303760913,Jacksonville - FL USA
2023,"Cheyenne, WY",29016.0,14048.0,2.0654897494305238,
2021,"Yuba City, CA",76653.0,26809.0,2.8592263792010146,Yuba City - CA USA
2015,"Spokane-Spokane Valley, WA",204771.0,88030.0,2.3261501760763377,Spokane - WA USA
2018,"Dallas-Fort Worth-Arlington, TX",2524076.0,1058488.0,2.384605210451134,Dallas-Fort Worth - TX USA
2023,"Augusta-Richmond County, GA-SC",140995.0,61332.0,2.298881497423857,Augusta - GA USA
2023,"Ann Arbor, MI",112322.0,57335.0,1.959047702101683,Ann Arbor - MI USA
2015,"Fayetteville, NC",134620.0,59291.0,2.270496365384291,Fayetteville - NC USA
2014,"Riverside-San Bernardino-Ontario, CA",1571817.0,511549.0,3.0726616609552555,Inland Empire - CA USA
2012,"Morgantown, WV",35335.0,19946.0,1.7715331394765867,Morgantown - WV USA
2009,"Springfield, OH",35843.0,16954.0,2.11413235814557,Springfield - OH USA
2017,"Lebanon, PA",34949.0,15815.0,2.2098640531141323,Lebanon - PA USA
2020,"Clarksville, TN-KY",108654.0,46071.0,2.3584033339845023,Clarksville - TN USA
2011,"Greensboro-High Point, NC",246615.0,104261.0,2.365361928237788,Greensboro - NC USA
2005,"Minneapolis-St. Paul-Bloomington, MN-WI",650017.0,306738.0,2.1191277246379645,Minneapolis - MN USA
2016,"Oxnard-Thousand Oaks-Ventura, CA",288931.0,101707.0,2.8408172495501787,Ventura - CA USA
2019,"Des Moines-West Des Moines, IA",203493.0,89611.0,2.270848444945375,
2007,"Prescott, AZ",58087.0,25126.0,2.311828384939903,Prescott - AZ USA
2023,"Omaha-Council Bluffs, NE-IA",295346.0,144281.0,2.0470193580582334,Omaha - NE USA
2014,"Fayetteville-Springdale-Rogers, AR-MO",164037.0,65604.0,2.5004115602707153,Northwest Arkansas - AR USA
2007,"Spartanburg, SC",61212.0,27104.0,2.2584120425029517,Spartanburg - SC USA
2015,"Bismarck, ND",34010.0,16650.0,2.0426426426426425,
2023,"Ocean City, NJ",24866.0,11120.0,2.2361510791366905,Ocean City - NJ USA
2006,"Lebanon, PA",25042.0,11681.0,2.143823302799418,Lebanon - PA USA
2012,"Bremerton-Silverdale, WA",66129.0,30030.0,2.202097902097902,Bremerton - WA USA
2020,"Port St. Lucie, FL",97304.0,40729.0,2.3890593925704042,Port St. Lucie - FL USA
2008,"Joplin, MO",50591.0,21440.0,2.3596548507462685,Joplin - MO USA
2014,"Harrisburg-Carlisle, PA",153311.0,73098.0,2.0973350844072343,Harrisburg - PA USA
2020,"Chattanooga, TN-GA",150825.0,69543.0,2.1688020361502955,Chattanooga - TN USA
2009,"Virginia Beach-Norfolk-Newport News, VA-NC",529810.0,228675.0,2.3168689187711817,Norfolk - VA USA
2008,"Kankakee, IL",29596.0,12659.0,2.33794138557548,Kankakee - IL USA
2019,"Oklahoma City, OK",457902.0,200444.0,2.2844385464269323,Oklahoma City - OK USA
2017,"Dayton, OH",265301.0,124256.0,2.1351162116919906,Dayton - OH USA
2018,"Decatur, AL",37254.0,15970.0,2.332748904195366,Decatur - AL USA
2021,"Lebanon, PA",36251.0,15856.0,2.286263874873865,Lebanon - PA USA
2019,"Santa Fe, NM",37211.0,17619.0,2.1119813837334696,Santa Fe - NM USA
2012,"Bismarck, ND",30310.0,15588.0,1.9444444444444444,
2011,"Spartanburg, SC",81912.0,33485.0,2.446229655069434,Spartanburg - SC USA
2021,"Lawrence, KS",45164.0,24990.0,1.8072829131652661,
2020,"Goldsboro, NC",36980.0,16421.0,2.2519943974179406,Goldsboro - NC USA
2013,"Gainesville, GA",65331.0,22696.0,2.878524850193867,Gainesville - GA USA
2021,"Owensboro, KY",23010.0,11341.0,2.028921611850807,Owensboro - KY USA
2013,"San Diego-Carlsbad, CA",1349238.0,511667.0,2.636945513390545,San Diego - CA USA
2016,"Barnstable Town, MA",48185.0,23171.0,2.07953907902119,Barnstable Town - MA USA
2022,"Lakeland-Winter Haven, FL",208932.0,84336.0,2.4773762094479226,Lakeland - FL USA
2009,"Fresno, CA",400235.0,128077.0,3.1249560811074586,Fresno - CA USA
2023,"El Paso, TX",273353.0,109871.0,2.487944953627436,El Paso - TX USA
2016,"Johnstown, PA",28642.0,14517.0,1.972997175725012,Johnstown - PA USA
2006,"Provo-Orem, UT",126736.0,40879.0,3.100271533060985,Provo - UT USA
2013,"Spokane-Spokane Valley, WA",181586.0,81837.0,2.2188741034006623,Spokane - WA USA
2010,"Colorado Springs, CO",208837.0,87659.0,2.3823794476323026,Colorado Springs - CO USA
2021,"Detroit-Warren-Dearborn, MI",1061375.0,497656.0,2.132748324143585,Detroit - MI USA
2022,"Port St. Lucie, FL",94971.0,39890.0,2.3808222612183503,Port St. Lucie - FL USA
2021,"Santa Rosa, CA",176974.0,70311.0,2.5170172519235967,Santa Rosa - CA USA
2015,"Lebanon, PA",39120.0,17968.0,2.1772039180765805,Lebanon - PA USA
2010,"Provo-Orem, UT",131018.0,43130.0,3.0377463482494784,Provo - UT USA
2018,"Lynchburg, VA",71052.0,31225.0,2.275484387510008,Lynchburg - VA USA
2010,"Denver-Aurora-Lakewood, CO",811528.0,357162.0,2.272156612405575,Denver - CO USA
2018,"Monroe, MI",26082.0,12870.0,2.0265734265734268,Monroe - MI USA
2018,"San Jose-Sunnyvale-Santa Clara, CA",771144.0,287573.0,2.681559117163294,San Jose - CA USA
2020,"Lake Havasu City-Kingman, AZ",56414.0,29441.0,1.916171325702252,Lake Havasu - AZ USA
2006,"Akron, OH",173795.0,84685.0,2.0522524650174176,Akron - OH USA
2011,"Hickory-Lenoir-Morganton, NC",89236.0,37940.0,2.352029520295203,Hickory - NC USA
2011,"Florence-Muscle Shoals, AL",35308.0,17158.0,2.057815596223336,Florence-Muscle Shoals - AL USA
2005,"Manchester-Nashua, NH",88428.0,42071.0,2.1018754011076513,Manchester - NH USA
2009,"Winston-Salem, NC",174455.0,73431.0,2.3757677275265214,Winston-Salem - NC USA
2012,"Lake Havasu City-Kingman, AZ",74125.0,29586.0,2.50540796322585,Lake Havasu - AZ USA
2013,"Rocky Mount, NC",47910.0,22171.0,2.1609309458301387,Rocky Mount - NC USA
2010,"Greenville, NC",57874.0,27329.0,2.117677192725676,Greenville - NC USA
2019,"Deltona-Daytona Beach-Ormond Beach, FL",166695.0,71985.0,2.3156907689101898,Daytona Beach - FL USA
2015,"Oshkosh-Neenah, WI",47005.0,25072.0,1.8748005743458838,
2006,"Napa, CA",45684.0,18466.0,2.4739521282356765,Napa - CA USA
2018,"Port St. Lucie, FL",108733.0,44305.0,2.4541925290599256,Port St. Lucie - FL USA
2013,"State College, PA",46257.0,21423.0,2.1592213975633663,State College - PA USA
2008,"Seattle-Tacoma-Bellevue, WA",1056370.0,492178.0,2.1463169828801774,Seattle - WA USA
2009,"Jacksonville, NC",65524.0,27277.0,2.4021703266488252,Jacksonville - NC USA
2019,"Hanford-Corcoran, CA",64966.0,21405.0,3.0350852604531653,Hanford-Corcoran - CA USA
2010,"Shreveport-Bossier City, LA",138650.0,58880.0,2.354789402173913,Shreveport - LA USA
2017,"Colorado Springs, CO",228908.0,95377.0,2.4000335510657704,Colorado Springs - CO USA
2005,"Punta Gorda, FL",24235.0,10809.0,2.242113053936534,Punta Gorda - FL USA
2018,"Tyler, TX",60623.0,25715.0,2.3574956251215244,Tyler - TX USA
2006,"Durham-Chapel Hill, NC",144727.0,69072.0,2.0953063470002316,Durham - NC USA
2017,"Hickory-Lenoir-Morganton, NC",109366.0,43678.0,2.5039150144237374,Hickory - NC USA
2014,"Charleston-North Charleston, SC",226251.0,100150.0,2.2591213180229657,Charleston - SC USA
2015,"Topeka, KS",68316.0,30735.0,2.2227428013665205,
2006,"El Paso, TX",237118.0,82820.0,2.8630524028012556,El Paso - TX USA
2010,"Allentown-Bethlehem-Easton, PA-NJ",193217.0,85648.0,2.2559429291985804,Lehigh Valley - PA USA
2017,"Lewiston-Auburn, ME",27354.0,15332.0,1.7841116618836421,Lewiston-Auburn - ME USA
2021,"Austin-Round Rock, TX",820515.0,396700.0,2.0683513990420974,Austin - TX USA
2006,"Las Vegas-Henderson-Paradise, NV",656232.0,262848.0,2.4966216216216215,Las Vegas - NV USA
2016,"Redding, CA",57216.0,24409.0,2.344053422917776,Redding - CA USA
2013,"College Station-Bryan, TX",93525.0,40263.0,2.322852246479398,College Station-Bryan - TX USA
2020,"Stockton-Lodi, CA",283816.0,94785.0,2.9943134462203935,Stockton - CA USA
2015,"San Antonio-New Braunfels, TX",751008.0,304720.0,2.464583880283539,San Antonio - TX USA
2005,"Providence-Warwick, RI-MA",491410.0,226518.0,2.1694081706531048,Providence - RI USA
2018,"Denver-Aurora-Lakewood, CO",941773.0,426853.0,2.20631692877876,Denver - CO USA
2013,"Yuma, AZ",55658.0,20190.0,2.756711243189698,Yuma - AZ USA
2017,"Wichita Falls, TX",42098.0,19607.0,2.14709032488397,Wichita Falls - TX USA
2008,"Raleigh, NC",279503.0,125975.0,2.2187179996030957,Raleigh - NC USA
2020,"New York-Newark-Jersey City, NY-NJ-PA",8437413.0,3460794.0,2.4379991990277374,New York - NY USA
2011,"Fort Collins, CO",92430.0,41022.0,2.25318121983326,Fort Collins - CO USA
2012,"Sheboygan, WI",35367.0,14764.0,2.395489027363858,Sheboygan - WI USA
2018,"Glens Falls, NY",31022.0,15904.0,1.9505784708249496,Glens Falls - NY USA
2015,"Eugene, OR",135592.0,61716.0,2.197031563938039,Eugene - OR USA
2011,"Minneapolis-St. Paul-Bloomington, MN-WI",788703.0,360746.0,2.1863111441291103,Minneapolis - MN USA
2018,"Lewiston-Auburn, ME",35710.0,17830.0,2.002804262478968,Lewiston-Auburn - ME USA
2005,"New York-Newark-Jersey City, NY-NJ-PA",7484413.0,3195557.0,2.342130964961664,New York - NY USA
2015,"Blacksburg-Christiansburg-Radford, VA",57031.0,26534.0,2.149355543830557,Blacksburg - VA USA
2005,"Grand Rapids-Wyoming, MI",175634.0,79418.0,2.211513762623083,Grand Rapids - MI USA
2023,"Sacramento--Roseville--Arden-Arcade, CA",804088.0,324307.0,2.479403774818305,Sacramento - CA USA
2011,"San Diego-Carlsbad, CA",1284892.0,492936.0,2.606610188746612,San Diego - CA USA
2005,"Gainesville, GA",44867.0,15147.0,2.962104707202746,Gainesville - GA USA
2020,"Spartanburg, SC",74867.0,34412.0,2.1756073462745555,Spartanburg - SC USA
2020,"Naples-Immokalee-Marco Island, FL",109332.0,40289.0,2.713693564000099,Naples - FL USA
2018,"Las Cruces, NM",72422.0,32307.0,2.2416813693626767,Las Cruces - NM USA
2007,"Florence-Muscle Shoals, AL",40523.0,17521.0,2.3128246104674393,Florence-Muscle Shoals - AL USA
2019,"North Port-Sarasota-Bradenton, FL",170877.0,78097.0,2.188009782706122,Sarasota - FL USA
2005,"Decatur, AL",30346.0,13181.0,2.3022532433047567,Decatur - AL USA
2016,"Bridgeport-Stamford-Norwalk, CT",275927.0,116745.0,2.3635016488928864,Stamford - CT USA
2011,"Huntsville, AL",106095.0,49601.0,2.13896897239975,Huntsville - AL USA
2018,"Cincinnati, OH-KY-IN",635261.0,289724.0,2.192641962695531,Cincinnati - OH USA
2011,"Riverside-San Bernardino-Ontario, CA",1415216.0,458621.0,3.0858072351680366,Inland Empire - CA USA
2011,"Elizabethtown-Fort Knox, KY",40592.0,16094.0,2.522182179694296,Elizabethtown-Fort Knox - KY USA
2023,"Washington-Arlington-Alexandria, DC-VA-MD-WV",1936416.0,881815.0,2.1959435936109046,Washington - DC USA
2019,"Erie, PA",82282.0,35861.0,2.29447031594211,Erie - PA USA
2021,"Daphne-Fairhope-Foley, AL",44036.0,22460.0,1.9606411398040962,Daphne-Fairhope-Foley - AL USA
2023,"Corpus Christi, TX",156571.0,66562.0,2.3522580451308555,Corpus Christi - TX USA
2016,"St. Louis, MO-IL",773492.0,358511.0,2.157512600729127,Saint Louis - MO USA
2005,"North Port-Sarasota-Bradenton, FL",161703.0,74642.0,2.166380857962005,Sarasota - FL USA
2005,"Monroe, MI",21729.0,10843.0,2.0039656921516187,Monroe - MI USA
2014,"Worcester, MA-CT",270118.0,121431.0,2.2244566873368417,Worcester - MA USA
2007,"Bremerton-Silverdale, WA",63690.0,27670.0,2.3017708709794,Bremerton - WA USA
2021,"Baton Rouge, LA",235108.0,103155.0,2.2791721196258057,Baton Rouge - LA USA
2005,"Fort Wayne, IN",80020.0,38095.0,2.1005381283633024,Fort Wayne - IN USA
2013,"Daphne-Fairhope-Foley, AL",46223.0,22030.0,2.0981842941443487,Daphne-Fairhope-Foley - AL USA
2014,"Medford, OR",74323.0,30898.0,2.4054307722182666,Medford - OR USA
2008,"Houma-Thibodaux, LA",45740.0,18642.0,2.4535993992060936,Houma-Thibodaux - LA USA
2012,"Joplin, MO",52588.0,23392.0,2.24811901504788,Joplin - MO USA
2008,"Spartanburg, SC",77586.0,34177.0,2.2701231822570733,Spartanburg - SC USA
2005,"Erie, PA",68990.0,32376.0,2.130899431677786,Erie - PA USA
2022,"Daphne-Fairhope-Foley, AL",47055.0,24219.0,1.942896073330856,Daphne-Fairhope-Foley - AL USA
2012,"Orlando-Kissimmee-Sanford, FL",715172.0,294624.0,2.42740577821223,Orlando - FL USA
2019,"Daphne-Fairhope-Foley, AL",36855.0,18410.0,2.0019011406844105,Daphne-Fairhope-Foley - AL USA
2015,"St. Joseph, MO-KS",34251.0,13925.0,2.45967684021544,
2014,"Eugene, OR",136350.0,58865.0,2.3163169965174553,Eugene - OR USA
2015,"San Jose-Sunnyvale-Santa Clara, CA",767167.0,276654.0,2.773019728614081,San Jose - CA USA
2016,"Santa Rosa, CA",181801.0,72148.0,2.519834229639075,Santa Rosa - CA USA
2014,"Tucson, AZ",353542.0,155301.0,2.276495321987624,Tucson - AZ USA
2014,"Phoenix-Mesa-Scottsdale, AZ",1662171.0,643407.0,2.5833896740321447,Phoenix - AZ USA
2007,"Tampa-St. Petersburg-Clearwater, FL",700734.0,321628.0,2.1787095650876167,Tampa - FL USA
2011,"Provo-Orem, UT",156410.0,49193.0,3.1795174110137623,Provo - UT USA
2009,"Tucson, AZ",279981.0,125697.0,2.227427862240149,Tucson - AZ USA
2016,"Salt Lake City, UT",346885.0,132180.0,2.6243380239067937,Salt Lake City - UT USA
2016,"Greensboro-High Point, NC",271879.0,118279.0,2.2986244388268418,Greensboro - NC USA
2015,"Washington-Arlington-Alexandria, DC-VA-MD-WV",1957900.0,812248.0,2.4104706936797626,Washington - DC USA
2023,"Elkhart-Goshen, IN",46612.0,20804.0,2.2405306671793888,Elkhart - IN USA
2019,"Lebanon, PA",40599.0,16329.0,2.4863126952048504,Lebanon - PA USA
2007,"Johnstown, PA",26367.0,13719.0,1.9219330855018588,Johnstown - PA USA
2018,"Harrisonburg, VA",45305.0,18475.0,2.452232746955345,
2005,"St. Cloud, MN",38802.0,19174.0,2.023677897152394,St. Cloud - MN USA
2007,"Houma-Thibodaux, LA",49887.0,20687.0,2.411514477691304,Houma-Thibodaux - LA USA
2018,"Washington-Arlington-Alexandria, DC-VA-MD-WV",1889326.0,804183.0,2.3493732148030984,Washington - DC USA
2011,"Bridgeport-Stamford-Norwalk, CT",235783.0,106690.0,2.2099821913956323,Stamford - CT USA
2013,"Bakersfield, CA",369165.0,119262.0,3.095411782462142,Bakersfield - CA USA
2009,"Charleston-North Charleston, SC",204336.0,89671.0,2.278730024199574,Charleston - SC USA
2023,"Lima, OH",28314.0,12428.0,2.278242677824268,
2012,"Gainesville, GA",63866.0,20518.0,3.112681547909153,Gainesville - GA USA
2014,"Springfield, OH",47487.0,20009.0,2.37328202308961,Springfield - OH USA
2020,"Youngstown-Warren-Boardman, OH-PA",125561.0,63095.0,1.990030905777003,Youngstown - OH USA
2011,"Hanford-Corcoran, CA",57310.0,17949.0,3.192935539584378,Hanford-Corcoran - CA USA
2023,"Charlotte-Concord-Gastonia, NC-SC",834688.0,385466.0,2.1653998017983427,Charlotte - NC USA
2016,"Spartanburg, SC",72756.0,33073.0,2.1998609137362806,Spartanburg - SC USA
2009,"Mobile, AL",133182.0,56438.0,2.3597930472376767,Mobile - AL USA
2005,"Jackson, MS",130523.0,56811.0,2.297495203393709,Jackson - MS USA
2009,"Little Rock-North Little Rock-Conway, AR",191621.0,92705.0,2.066997465077396,Little Rock - AR USA
2017,"Sheboygan, WI",31171.0,15031.0,2.0737808529039983,Sheboygan - WI USA
2015,"Rockford, IL",94146.0,42624.0,2.208755630630631,Rockford - IL USA
2023,"Anchorage, AK",108698.0,53644.0,2.026284393408396,Anchorage - AK USA
2023,"Springfield, OH",40734.0,17386.0,2.342919590475095,Springfield - OH USA
2016,"Yuba City, CA",79608.0,28238.0,2.819179828599759,Yuba City - CA USA
2023,"Olympia-Tumwater, WA",87885.0,40351.0,2.178012936482367,Olympia - WA USA
2019,"Portland-Vancouver-Hillsboro, OR-WA",826749.0,372075.0,2.2219955654101997,Portland - OR USA
2017,"Columbia, MO",66403.0,30465.0,2.1796487772854096,Columbia - MO USA
2018,"Parkersburg-Vienna, WV",23415.0,11024.0,2.1240021770682147,
2019,"Montgomery, AL",112686.0,50985.0,2.2101794645483968,Montgomery - AL USA
2019,"Grand Junction, CO",36943.0,16777.0,2.20200274184896,Grand Junction - CO USA
2018,"Phoenix-Mesa-Scottsdale, AZ",1565064.0,621013.0,2.5201791266849485,Phoenix - AZ USA
2021,"Sheboygan, WI",23727.0,13844.0,1.7138832707310026,Sheboygan - WI USA
2015,"Jackson, MS",195117.0,76652.0,2.5454913113813076,Jackson - MS USA
2015,"Fresno, CA",441811.0,144217.0,3.0635153969365607,Fresno - CA USA
2018,"Decatur, IL",31226.0,14511.0,2.1518847770656744,Decatur - IL USA
2009,"Flint, MI",124926.0,56903.0,2.195420276611075,Flint - MI USA
2006,"Redding, CA",61291.0,23806.0,2.574603041250105,Redding - CA USA
2021,"Anchorage, AK",120681.0,53609.0,2.251133205245388,Anchorage - AK USA
2015,"Florence, SC",66557.0,26943.0,2.4702891289017557,
2010,"Yakima, WA",94203.0,30128.0,3.126759160913436,Yakima - WA USA
2011,"Sheboygan, WI",27804.0,13143.0,2.115498744578863,Sheboygan - WI USA
2021,"Iowa City, IA",47789.0,24795.0,1.927364387981448,Iowa City - IA USA
2013,"St. Louis, MO-IL",754604.0,343925.0,2.1940946427273387,Saint Louis - MO USA
2018,"Bridgeport-Stamford-Norwalk, CT",290617.0,118329.0,2.45600824818937,Stamford - CT USA
2013,"Elkhart-Goshen, IN",51191.0,21969.0,2.3301470253539076,Elkhart - IN USA
2006,"Albuquerque, NM",213716.0,98860.0,2.161804572122193,Albuquerque - NM USA
2005,"Greenville-Anderson-Mauldin, SC",223012.0,97307.0,2.2918392304767385,Greenville - SC USA
2008,"Manchester-Nashua, NH",97046.0,43446.0,2.2337154168392948,Manchester - NH USA
2022,"Philadelphia-Camden-Wilmington, PA-NJ-DE-MD",1717888.0,826513.0,2.078476684577254,Philadelphia - PA USA
2017,"Tampa-St. Petersburg-Clearwater, FL",974613.0,429636.0,2.2684621400441305,Tampa - FL USA
2006,"Manchester-Nashua, NH",91072.0,42707.0,2.132484136090102,Manchester - NH USA
2006,"Kalamazoo-Portage, MI",77539.0,38257.0,2.0267924824215178,Kalamazoo - MI USA
2008,"Blacksburg-Christiansburg-Radford, VA",61348.0,25009.0,2.4530369067135833,Blacksburg - VA USA
2019,"Lansing-East Lansing, MI",123809.0,61550.0,2.011519090170593,Lansing - MI USA
2006,"Chattanooga, TN-GA",128457.0,59852.0,2.1462440687028,Chattanooga - TN USA
2008,"Portland-South Portland, ME",134285.0,65796.0,2.0409295397896527,Portland - ME USA
2005,"McAllen-Edinburg-Mission, TX",211449.0,59861.0,3.5323332386695845,McAllen - TX USA
2020,"State College, PA",36531.0,17283.0,2.113695538968929,State College - PA USA
2016,"Los Angeles-Long Beach-Anaheim, CA",6075037.0,2269041.0,2.677358848958657,Los Angeles - CA USA
2013,"Reading, PA",99109.0,39128.0,2.5329431609077897,Reading - PA USA
2007,"Cleveland-Elyria, OH",541011.0,263768.0,2.05108656091717,Cleveland - OH USA
2014,"Laredo, TX",90486.0,27316.0,3.31256406501684,Laredo - TX USA
2011,"Deltona-Daytona Beach-Ormond Beach, FL",146027.0,67599.0,2.1601946774360568,Daytona Beach - FL USA
2005,"Odessa, TX",26914.0,11634.0,2.313391782705862,Odessa - TX USA
2014,"Goldsboro, NC",47319.0,19605.0,2.413618974751339,Goldsboro - NC USA
2020,"Auburn-Opelika, AL",45055.0,19957.0,2.2576038482737886,Auburn-Opelika - AL USA
2020,"Kalamazoo-Portage, MI",92661.0,40582.0,2.2833029421911193,Kalamazoo - MI USA
2018,"Binghamton, NY",60272.0,31321.0,1.9243319178825709,Binghamton - NY USA
2006,"Houston-The Woodlands-Sugar Land, TX",1654339.0,677209.0,2.4428780479881396,Houston - TX USA
2020,"Milwaukee-Waukesha-West Allis, WI",552571.0,282603.0,1.955290637395923,Milwaukee - WI USA
2011,"Tampa-St. Petersburg-Clearwater, FL",825809.0,372076.0,2.2194632279426783,Tampa - FL USA
2015,"Lewiston-Auburn, ME",34889.0,16315.0,2.1384615384615384,Lewiston-Auburn - ME USA
2011,"Wichita Falls, TX",35196.0,15332.0,2.295590920949648,Wichita Falls - TX USA
2014,"Ogden-Clearfield, UT",123521.0,45354.0,2.7234863518102044,Ogden - UT USA
2006,"Syracuse, NY",159108.0,79563.0,1.9997737641868707,Syracuse - NY USA
2016,"Coeur d'Alene, ID",50575.0,20826.0,2.4284548160952655,
2010,"Elkhart-Goshen, IN",47456.0,18924.0,2.507715070809554,Elkhart - IN USA
2018,"Bend-Redmond, OR",57058.0,27132.0,2.102978033318591,Bend - OR USA
2023,"Utica-Rome, NY",75838.0,38828.0,1.9531781188832802,Utica - NY USA
2013,"Ithaca, NY",31696.0,16147.0,1.9629652567040317,
2015,"Jefferson City, MO",34638.0,17819.0,1.9438801279533082,
2009,"Laredo, TX",76462.0,22013.0,3.4734929359923683,Laredo - TX USA
2022,"Bangor, ME",42923.0,20060.0,2.1397308075772683,Bangor - ME USA
2009,"East Stroudsburg, PA",31437.0,12710.0,2.473406766325728,East Stroudsburg - PA USA
2009,"Daphne-Fairhope-Foley, AL",51177.0,18072.0,2.831839309428951,Daphne-Fairhope-Foley - AL USA
2020,"Grand Junction, CO",30719.0,14869.0,2.0659761920774766,Grand Junction - CO USA
2021,"Lynchburg, VA",60501.0,28049.0,2.1569752932368353,Lynchburg - VA USA
2011,"New Orleans-Metairie, LA",405633.0,181195.0,2.238654488258506,New Orleans - LA USA
2014,"Spartanburg, SC",88084.0,36265.0,2.4288983868743967,Spartanburg - SC USA
2012,"Atlanta-Sandy Springs-Roswell, GA",1701031.0,691400.0,2.4602704657217243,Atlanta - GA USA
2009,"Syracuse, NY",173067.0,82531.0,2.0969938568537883,Syracuse - NY USA
2016,"Greenville-Anderson-Mauldin, SC",286813.0,124150.0,2.310213451469996,Greenville - SC USA
2005,"Wichita Falls, TX",34816.0,16263.0,2.1408104285802128,Wichita Falls - TX USA
2017,"Fort Wayne, IN",101769.0,45053.0,2.2588728830488534,Fort Wayne - IN USA
2010,"Orlando-Kissimmee-Sanford, FL",615749.0,260252.0,2.3659722115488067,Orlando - FL USA
2016,"Urban Honolulu, HI",379107.0,141546.0,2.678330719342122,Honolulu - HI USA
2021,"Grand Rapids-Wyoming, MI",201966.0,96073.0,2.102213941481998,Grand Rapids - MI USA
2017,"Lansing-East Lansing, MI",135885.0,65135.0,2.086205573040608,Lansing - MI USA
2008,"Bellingham, WA",60906.0,29027.0,2.098253350329004,Bellingham - WA USA
2012,"Champaign-Urbana, IL",78648.0,36348.0,2.163750412677451,Champaign-Urbana - IL USA
2019,"Provo-Orem, UT",169183.0,57681.0,2.9330802170558763,Provo - UT USA
2013,"Racine, WI",46580.0,20913.0,2.2273227179266484,Racine - WI USA
2009,"Dallas-Fort Worth-Arlington, TX",2022602.0,831325.0,2.4329858960093826,Dallas-Fort Worth - TX USA
2018,"Grand Junction, CO",43581.0,18494.0,2.3564939980534225,Grand Junction - CO USA
2006,"Boise City, ID",135331.0,56942.0,2.3766464121386672,Boise - ID USA
2005,"Dayton, OH",229309.0,106719.0,2.1487176603978675,Dayton - OH USA
2007,"Baltimore-Columbia-Towson, MD",657079.0,305893.0,2.1480681153213705,Baltimore - MD USA
2021,"Phoenix-Mesa-Scottsdale, AZ",1501903.0,610755.0,2.4590924347733543,Phoenix - AZ USA
2015,"Seattle-Tacoma-Bellevue, WA",1309308.0,573647.0,2.28242804372724,Seattle - WA USA
2014,"Champaign-Urbana, IL",77126.0,34704.0,2.222395112955279,Champaign-Urbana - IL USA
2008,"Daphne-Fairhope-Foley, AL",41380.0,15985.0,2.588676884579293,Daphne-Fairhope-Foley - AL USA
2010,"Mobile, AL",115370.0,50261.0,2.2954179184656094,Mobile - AL USA
2021,"Memphis, TN-MS-AR",442457.0,188227.0,2.3506563882971094,Memphis - TN USA
2009,"Austin-Round Rock, TX",584209.0,257878.0,2.2654472269833024,Austin - TX USA
2005,"Youngstown-Warren-Boardman, OH-PA",130838.0,61510.0,2.127101284344009,Youngstown - OH USA
2021,"Mansfield, OH",33652.0,15496.0,2.1716572018585443,Mansfield - OH USA
2009,"Richmond, VA",304655.0,135002.0,2.2566702715515325,Richmond - VA USA
2014,"Rockford, IL",112373.0,46618.0,2.4105066712428678,Rockford - IL USA
2023,"Jackson, TN",38111.0,16997.0,2.2422192151556155,Jackson - TN USA
2013,"Santa Maria-Santa Barbara, CA",191718.0,67614.0,2.8354778596148726,Santa Barbara - CA USA
2020,"College Station-Bryan, TX",91389.0,41411.0,2.2068773997247106,College Station-Bryan - TX USA
2010,"Fort Wayne, IN",92372.0,40924.0,2.2571596129410616,Fort Wayne - IN USA
2015,"Raleigh, NC",415920.0,175399.0,2.3712791977149243,Raleigh - NC USA
2008,"Wichita, KS",162141.0,76544.0,2.118271843645485,Wichita - KS USA
2010,"Greensboro-High Point, NC",245160.0,105015.0,2.334523639480074,Greensboro - NC USA
2015,"College Station-Bryan, TX",91758.0,42608.0,2.1535392414570036,College Station-Bryan - TX USA
2013,"Tucson, AZ",353388.0,155675.0,2.270036935924201,Tucson - AZ USA
2011,"Atlanta-Sandy Springs-Roswell, GA",1621081.0,662061.0,2.4485372193800874,Atlanta - GA USA
2005,"Lebanon, PA",26464.0,13683.0,1.9340787838924212,Lebanon - PA USA
2008,"St. Louis, MO-IL",643331.0,299364.0,2.1489925308320306,Saint Louis - MO USA
2006,"Shreveport-Bossier City, LA",120374.0,52769.0,2.281149917565237,Shreveport - LA USA
2007,"Modesto, CA",159978.0,57016.0,2.80584397362144,Modesto - CA USA
2007,"Virginia Beach-Norfolk-Newport News, VA-NC",516469.0,217309.0,2.376657202416835,Norfolk - VA USA
2010,"Terre Haute, IN",38020.0,17662.0,2.1526440946665155,Terre Haute - IN USA
2014,"Salisbury, MD-DE",102134.0,42328.0,2.412918162918163,Salisbury - MD USA
2018,"Boston-Cambridge-Newton, MA-NH",1556866.0,723541.0,2.1517315535678008,Boston - MA USA
2019,"Toledo, OH",205331.0,95908.0,2.1409162947825,Toledo - OH USA
2018,"Coeur d'Alene, ID",43884.0,18614.0,2.3575803158912647,
2015,"Columbia, SC",223703.0,100867.0,2.217801659611171,
2011,"McAllen-Edinburg-Mission, TX",222476.0,69349.0,3.208063562560383,McAllen - TX USA
2015,"La Crosse-Onalaska, WI-MN",33994.0,16111.0,2.109986965427348,La Crosse-Onalaska - WI USA
2023,"Ithaca, NY",36191.0,18606.0,1.9451252284209395,
2013,"Winston-Salem, NC",180001.0,79138.0,2.2745204579342415,Winston-Salem - NC USA
2011,"Panama City, FL",58577.0,26400.0,2.2188257575757575,Panama City - FL USA
2008,"Philadelphia-Camden-Wilmington, PA-NJ-DE-MD",1408254.0,668371.0,2.1069944686409197,Philadelphia - PA USA
2023,"Atlanta-Sandy Springs-Roswell, GA",1708098.0,766635.0,2.228045941027999,Atlanta - GA USA
2022,"Harrisburg-Carlisle, PA",172307.0,82715.0,2.0831409055189507,Harrisburg - PA USA
2023,"Bangor, ME",35589.0,17581.0,2.0242875831863945,Bangor - ME USA
2006,"Austin-Round Rock, TX",507448.0,229762.0,2.2085810534379053,Austin - TX USA
2013,"Harrisburg-Carlisle, PA",155746.0,74301.0,2.096149446171653,Harrisburg - PA USA
2018,"Greenville-Anderson-Mauldin, SC",253974.0,115304.0,2.2026469159786304,Greenville - SC USA
2017,"Morgantown, WV",36544.0,19132.0,1.9100982646874347,Morgantown - WV USA
2011,"Kankakee, IL",32410.0,12088.0,2.681171409662475,Kankakee - IL USA
2014,"Anchorage, AK",131769.0,56123.0,2.347860948274326,Anchorage - AK USA
2022,"Hattiesburg, MS",50432.0,22971.0,2.1954638457185145,Hattiesburg - MS USA
2020,"Salinas, CA",209420.0,70952.0,2.9515728943511106,Salinas - CA USA
2011,"Phoenix-Mesa-Scottsdale, AZ",1470337.0,574589.0,2.55893690968675,Phoenix - AZ USA
2005,"Yuma, AZ",55486.0,20515.0,2.704655130392396,Yuma - AZ USA
2016,"Odessa, TX",38840.0,18273.0,2.1255404148196795,Odessa - TX USA
2019,"Hickory-Lenoir-Morganton, NC",103664.0,42262.0,2.45288912024987,Hickory - NC USA
2013,"Medford, OR",76336.0,31120.0,2.452956298200514,Medford - OR USA
2020,"Trenton, NJ",104533.0,48600.0,2.1508847736625514,Trenton - NJ USA
2010,"Corpus Christi, TX",151681.0,58063.0,2.6123521003048413,Corpus Christi - TX USA
2020,"Niles-Benton Harbor, MI",33752.0,16628.0,2.029829203752706,Niles-Benton Harbor - MI USA
2008,"Miami-Fort Lauderdale-West Palm Beach, FL",1548450.0,658280.0,2.352266512730145,Miami - FL USA
2022,"Salinas, CA",229828.0,70823.0,3.2451039916411335,Salinas - CA USA
2005,"Fayetteville, NC",123752.0,51300.0,2.4123196881091618,Fayetteville - NC USA
2014,"Bangor, ME",35556.0,18707.0,1.9006788902549847,Bangor - ME USA
2023,"Jonesboro, AR",53250.0,22893.0,2.3260385270606734,
2012,"Bakersfield, CA",337421.0,106245.0,3.175876511835851,Bakersfield - CA USA
2022,"Cape Coral-Fort Myers, FL",209309.0,88220.0,2.3725799138517343,Fort Myers - FL USA
2020,"Gulfport-Biloxi-Pascagoula, MS",102004.0,49462.0,2.0622700254741013,Gulfport-Biloxi-Pascagoula - MS USA
2023,"Lawton, OK",44755.0,19640.0,2.278767820773931,
2013,"Auburn-Opelika, AL",54963.0,24602.0,2.234086659621169,Auburn-Opelika - AL USA
2016,"Gadsden, AL",26607.0,11462.0,2.3213226313034374,Gadsden - AL USA
2023,"Spokane-Spokane Valley, WA",198746.0,90377.0,2.1990771988448388,Spokane - WA USA
2020,"Houston-The Woodlands-Sugar Land, TX",2100841.0,936617.0,2.243009682719831,Houston - TX USA
2005,"San Jose-Sunnyvale-Santa Clara, CA",579891.0,230343.0,2.517510842526146,San Jose - CA USA
2018,"Oxnard-Thousand Oaks-Ventura, CA",295403.0,101829.0,2.9009712360918796,Ventura - CA USA
2014,"Santa Cruz-Watsonville, CA",120638.0,42561.0,2.834472874227579,Santa Cruz - CA USA
2010,"Dayton, OH",251147.0,114071.0,2.2016726424770536,Dayton - OH USA
2006,"Springfield, MA",173465.0,80751.0,2.148146772176196,Springfield - MA USA
2019,"Kalamazoo-Portage, MI",106224.0,50720.0,2.094321766561514,Kalamazoo - MI USA
2019,"St. Louis, MO-IL",727192.0,360033.0,2.019792630120017,Saint Louis - MO USA
2008,"Greenville-Anderson-Mauldin, SC",223293.0,103230.0,2.163063063063063,Greenville - SC USA
2022,"Minneapolis-St. Paul-Bloomington, MN-WI",875512.0,435259.0,2.011473628345422,Minneapolis - MN USA
2014,"Bend-Redmond, OR",51148.0,22903.0,2.2332445531153122,Bend - OR USA
2019,"Lake Havasu City-Kingman, AZ",74621.0,28036.0,2.6616136396062204,Lake Havasu - AZ USA
2011,"Naples-Immokalee-Marco Island, FL",82778.0,32815.0,2.522565899740972,Naples - FL USA
2014,"Parkersburg-Vienna, WV",26403.0,11851.0,2.227913256265294,
2009,"Toledo, OH",176657.0,82299.0,2.1465266892671844,Toledo - OH USA
2012,"St. George, UT",43604.0,14716.0,2.963033432998097,
2010,"Palm Bay-Melbourne-Titusville, FL",127629.0,54610.0,2.3370994323383996,Melbourne - FL USA
2014,"Muskegon, MI",41262.0,16741.0,2.464727316169882,Muskegon - MI USA
2009,"Prescott, AZ",50771.0,22044.0,2.30316639448376,Prescott - AZ USA
2007,"Canton-Massillon, OH",87407.0,43828.0,1.99431870037419,Canton - OH USA
2013,"Chico, CA",84906.0,36446.0,2.329638369094002,Chico - CA USA
2020,"Greenville-Anderson-Mauldin, SC",240754.0,121451.0,1.9823138549703172,Greenville - SC USA
2020,"Columbus, OH",663978.0,302564.0,2.1945043032217977,Columbus - OH USA
2023,"Lake Havasu City-Kingman, AZ",57800.0,24917.0,2.319701408676807,Lake Havasu - AZ USA
2023,"Lancaster, PA",139843.0,63481.0,2.20291110726044,Lancaster - PA USA
2005,"Riverside-San Bernardino-Ontario, CA",1161973.0,392010.0,2.9641412208872224,Inland Empire - CA USA
2017,"Little Rock-North Little Rock-Conway, AR",227616.0,101764.0,2.2367045320545578,Little Rock - AR USA
2022,"Jacksonville, FL",489646.0,218494.0,2.2410043296383426,Jacksonville - FL USA
2015,"Columbus, OH",676253.0,295696.0,2.286987311292679,Columbus - OH USA
2006,"Norwich-New London, CT",65628.0,31108.0,2.1096823968111096,Norwich - CT USA
2021,"San Antonio-New Braunfels, TX",847229.0,343874.0,2.463777430105213,San Antonio - TX USA
2018,"Toledo, OH",211028.0,95804.0,2.2027055237777127,Toledo - OH USA
2016,"Lancaster, PA",152936.0,64405.0,2.3745982454778356,Lancaster - PA USA
2012,"Grand Junction, CO",40564.0,15952.0,2.5428786359077233,Grand Junction - CO USA
2014,"Bremerton-Silverdale, WA",76729.0,33710.0,2.276149510531,Bremerton - WA USA
2008,"Lansing-East Lansing, MI",108319.0,53266.0,2.0335486051139564,Lansing - MI USA
2018,"Knoxville, TN",258832.0,117152.0,2.2093690248565965,Knoxville - TN USA
2010,"Cleveland-Elyria, OH",595936.0,272359.0,2.188053267929461,Cleveland - OH USA
2023,"Monroe, LA",49935.0,23291.0,2.1439611867244857,Monroe - LA USA
2009,"Farmington, NM",28858.0,8860.0,3.2571106094808124,Farmington - NM USA
2006,"Indianapolis-Carmel-Anderson, IN",451925.0,209531.0,2.1568407538741283,Indianapolis - IN USA
2005,"Detroit-Warren-Dearborn, MI",988895.0,452181.0,2.1869450507650696,Detroit - MI USA
2014,"Lynchburg, VA",59854.0,28614.0,2.09177325784581,Lynchburg - VA USA
2014,"Roanoke, VA",94183.0,43894.0,2.145691894108534,
2011,"Winston-Salem, NC",177340.0,77969.0,2.2744937090382074,Winston-Salem - NC USA
2014,"Lewiston-Auburn, ME",28607.0,13786.0,2.075076164224576,Lewiston-Auburn - ME USA
2017,"El Centro, CA",53164.0,16935.0,3.139297313256569,El Centro - CA USA
2015,"Burlington-South Burlington, VT",61374.0,30253.0,2.0286913694509634,Burlington - VT USA
2006,"Amarillo, TX",68842.0,29728.0,2.3157292787944024,Amarillo - TX USA
2018,"Albany-Schenectady-Troy, NY",247163.0,126129.0,1.9596048490037976,Albany - NY USA
2015,"Hartford-West Hartford-East Hartford, CT",329879.0,155724.0,2.1183568364542396,Hartford - CT USA
2012,"Hartford-West Hartford-East Hartford, CT",332374.0,155548.0,2.1367937871268032,Hartford - CT USA
2021,"Monroe, LA",52622.0,24366.0,2.159648690798654,Monroe - LA USA
2015,"Greenville, NC",73392.0,31973.0,2.2954367747787194,Greenville - NC USA
2020,"Spokane-Spokane Valley, WA",200464.0,94580.0,2.1195178684711355,Spokane - WA USA
2021,"Harrisburg-Carlisle, PA",144263.0,72343.0,1.9941528551483902,Harrisburg - PA USA
2019,"Indianapolis-Carmel-Anderson, IN",556344.0,277880.0,2.002101626601411,Indianapolis - IN USA
2020,"San Francisco-Oakland-Hayward, CA",1744631.0,750195.0,2.3255700184618666,San Francisco - CA USA
2011,"Port St. Lucie, FL",93499.0,39412.0,2.3723485232923984,Port St. Lucie - FL USA
2008,"Pittsfield, MA",34314.0,18644.0,1.8404848744904527,Pittsfield - MA USA
2020,"Pueblo, CO",50574.0,22756.0,2.222446827210406,Pueblo - CO USA
2017,"Muncie, IN",39004.0,18261.0,2.135918076775642,Muncie - IN USA
2020,"Montgomery, AL",106170.0,51978.0,2.0425949440147755,Montgomery - AL USA
2016,"Baltimore-Columbia-Towson, MD",810214.0,360486.0,2.2475602381229782,Baltimore - MD USA
2009,"Champaign-Urbana, IL",81845.0,36414.0,2.247624540012083,Champaign-Urbana - IL USA
2006,"Niles-Benton Harbor, MI",41709.0,17873.0,2.3336317350193028,Niles-Benton Harbor - MI USA
2007,"Reading, PA",91370.0,36329.0,2.5150706047510254,Reading - PA USA
2009,"Lancaster, PA",126138.0,55625.0,2.2676494382022474,Lancaster - PA USA
2007,"Lakeland-Winter Haven, FL",164440.0,62193.0,2.644027462897754,Lakeland - FL USA
2013,"Phoenix-Mesa-Scottsdale, AZ",1561832.0,602882.0,2.5906097710663114,Phoenix - AZ USA
2009,"Lubbock, TX",107184.0,44547.0,2.406087952050643,Lubbock - TX USA
2023,"Naples-Immokalee-Marco Island, FL",90256.0,37294.0,2.420121199120502,Naples - FL USA
2021,"Eugene, OR",137546.0,61338.0,2.242427206625583,Eugene - OR USA
2011,"Greeley, CO",78757.0,30176.0,2.6099217921527043,Greeley - CO USA
2008,"McAllen-Edinburg-Mission, TX",192955.0,64611.0,2.986410982650013,McAllen - TX USA
2023,"Cleveland, TN",37354.0,15952.0,2.3416499498495487,
2006,"Canton-Massillon, OH",97725.0,46318.0,2.109870892525584,Canton - OH USA
2012,"Springfield, MA",179295.0,80026.0,2.240459350711019,Springfield - MA USA
2008,"Iowa City, IA",37677.0,18667.0,2.018374671880859,Iowa City - IA USA
2020,"Lawrence, KS",49714.0,23357.0,2.1284411525452755,
2006,"Morgantown, WV",24948.0,13192.0,1.891146149181322,Morgantown - WV USA
2008,"Syracuse, NY",161826.0,80141.0,2.0192660435981584,Syracuse - NY USA
2008,"Gadsden, AL",28161.0,12763.0,2.2064561623442764,Gadsden - AL USA
2013,"Anchorage, AK",137083.0,54905.0,2.496730716692469,Anchorage - AK USA
2005,"Durham-Chapel Hill, NC",134560.0,66350.0,2.028033157498116,Durham - NC USA
2009,"Clarksville, TN-KY",92223.0,36616.0,2.5186530478479354,Clarksville - TN USA
2012,"Minneapolis-St. Paul-Bloomington, MN-WI",912636.0,411899.0,2.215679086377971,Minneapolis - MN USA
2019,"Ann Arbor, MI",114275.0,53399.0,2.1400213487143955,Ann Arbor - MI USA
2022,"Wausau, WI",27256.0,13283.0,2.0519460965143415,Wausau - WI USA
2006,"Visalia-Porterville, CA",156264.0,48821.0,3.2007537739907006,Visalia - CA USA
2023,"Wausau, WI",28909.0,14834.0,1.9488337602804369,Wausau - WI USA
2007,"Denver-Aurora-Lakewood, CO",677544.0,307938.0,2.2002610915184224,Denver - CO USA
2019,"Madera, CA",58149.0,16317.0,3.563706563706564,Madera - CA USA
2009,"Canton-Massillon, OH",106475.0,48925.0,2.1762902401635156,Canton - OH USA
2017,"Beaumont-Port Arthur, TX",103586.0,45696.0,2.2668504901960786,Beaumont - TX USA
2022,"Merced, CA",117105.0,36703.0,3.1906111217066724,Merced - CA USA
2008,"Beaumont-Port Arthur, TX",100053.0,44536.0,2.246564576971439,Beaumont - TX USA
2014,"Prescott, AZ",59281.0,25842.0,2.2939787942109744,Prescott - AZ USA
2017,"Modesto, CA",228480.0,75357.0,3.0319678331143756,Modesto - CA USA
2022,"Huntsville, AL",122643.0,59439.0,2.063342250037854,Huntsville - AL USA
2009,"Hilton Head Island-Bluffton-Beaufort, SC",42785.0,16527.0,2.5887940945120107,Hilton Head Island - SC USA
2023,"Flagstaff, AZ",51488.0,22617.0,2.2765176637042934,Flagstaff - AZ USA
2015,"Dallas-Fort Worth-Arlington, TX",2447337.0,997078.0,2.4545090755186654,Dallas-Fort Worth - TX USA
2016,"Lake Havasu City-Kingman, AZ",69915.0,29059.0,2.405967170239857,Lake Havasu - AZ USA
2012,"Burlington, NC",48965.0,20210.0,2.4228104898565066,Burlington - NC USA
2005,"Augusta-Richmond County, GA-SC",145443.0,56212.0,2.587401266633459,Augusta - GA USA
2008,"Las Vegas-Henderson-Paradise, NV",729780.0,287132.0,2.5416184890572975,Las Vegas - NV USA
2015,"Denver-Aurora-Lakewood, CO",940511.0,405880.0,2.3172144476199863,Denver - CO USA
2018,"Yakima, WA",91257.0,31350.0,2.910909090909091,Yakima - WA USA
2013,"Prescott, AZ",65291.0,30593.0,2.134181021802373,Prescott - AZ USA
2014,"Hickory-Lenoir-Morganton, NC",109356.0,45677.0,2.3941152002101713,Hickory - NC USA
2019,"Akron, OH",196716.0,94903.0,2.0728111861584986,Akron - OH USA
2009,"Cape Coral-Fort Myers, FL",159948.0,64201.0,2.4913630628806405,Fort Myers - FL USA
2006,"Memphis, TN-MS-AR",391217.0,163100.0,2.398632740649908,Memphis - TN USA
2017,"Syracuse, NY",190083.0,88623.0,2.144849531160083,Syracuse - NY USA
2022,"Amarillo, TX",73427.0,34008.0,2.1591096212655847,Amarillo - TX USA
2013,"Grand Rapids-Wyoming, MI",211223.0,91221.0,2.315508490369542,Grand Rapids - MI USA
2017,"Anniston-Oxford-Jacksonville, AL",28998.0,13240.0,2.190181268882175,Anniston-Oxford - AL USA
2005,"Salisbury, MD-DE",88647.0,37082.0,2.390566851841864,Salisbury - MD USA
2018,"North Port-Sarasota-Bradenton, FL",194524.0,84751.0,2.2952413540843177,Sarasota - FL USA
2016,"Richmond, VA",382907.0,168703.0,2.2697106749731777,Richmond - VA USA
2010,"York-Hanover, PA",91932.0,38793.0,2.3698089861572966,York - PA USA
2018,"Bellingham, WA",68659.0,33876.0,2.026774117369229,Bellingham - WA USA
2011,"Raleigh, NC",314557.0,138095.0,2.2778304790180672,Raleigh - NC USA
2008,"Johnstown, PA",27724.0,14603.0,1.8985140039717867,Johnstown - PA USA
2010,"Boise City, ID",163714.0,67253.0,2.434300328609876,Boise - ID USA
2021,"Kalamazoo-Portage, MI",86373.0,46552.0,1.8554090049836742,Kalamazoo - MI USA
2005,"Elizabethtown-Fort Knox, KY",35745.0,14356.0,2.4898996935079407,Elizabethtown-Fort Knox - KY USA
2021,"Waco, TX",88524.0,38597.0,2.2935461305282794,Waco - TX USA
2021,"Charleston-North Charleston, SC",195816.0,91028.0,2.1511622797381027,Charleston - SC USA
2014,"Dayton, OH",263011.0,121658.0,2.1618882440941,Dayton - OH USA
2018,"Orlando-Kissimmee-Sanford, FL",811284.0,332105.0,2.4428539166829766,Orlando - FL USA
2011,"Youngstown-Warren-Boardman, OH-PA",146543.0,69189.0,2.1180100883088353,Youngstown - OH USA
2009,"Indianapolis-Carmel-Anderson, IN",526765.0,234822.0,2.2432523358118064,Indianapolis - IN USA
2010,"Lincoln, NE",103844.0,46373.0,2.2393202941366743,Lincoln - NE USA
2012,"Montgomery, AL",109876.0,47854.0,2.2960672044134243,Montgomery - AL USA
2006,"Springfield, MO",105458.0,48742.0,2.1635960773049936,Springfield - MO USA
2015,"Parkersburg-Vienna, WV",28219.0,13062.0,2.160388914408207,
2016,"Mansfield, OH",42356.0,16479.0,2.5703015959706295,Mansfield - OH USA
2017,"New York-Newark-Jersey City, NY-NJ-PA",8339505.0,3462392.0,2.4085964269788054,New York - NY USA
2018,"Fort Collins, CO",119418.0,51719.0,2.3089773584176028,Fort Collins - CO USA
2023,"San Angelo, TX",40237.0,19774.0,2.0348437341964196,San Angelo - TX USA
2012,"Atlantic City-Hammonton, NJ",79800.0,32737.0,2.4376088218224026,Atlantic City - NJ USA
2013,"Salinas, CA",219121.0,70466.0,3.10959895552465,Salinas - CA USA
2008,"Morgantown, WV",27303.0,14743.0,1.8519297293630876,Morgantown - WV USA
2013,"Riverside-San Bernardino-Ontario, CA",1506523.0,492471.0,3.0591100795782897,Inland Empire - CA USA
2023,"Riverside-San Bernardino-Ontario, CA",1497856.0,498006.0,3.0077067344570145,Inland Empire - CA USA
2013,"Seattle-Tacoma-Bellevue, WA",1297764.0,567051.0,2.288619542157584,Seattle - WA USA
2016,"Las Vegas-Henderson-Paradise, NV",891519.0,359129.0,2.4824478112321757,Las Vegas - NV USA
2009,"Medford, OR",76526.0,32034.0,2.3888992944995944,Medford - OR USA
2013,"Chicago-Naperville-Elgin, IL-IN-WI",2906474.0,1231348.0,2.3604001468309526,Chicago - IL USA
2018,"Winston-Salem, NC",217647.0,94529.0,2.302436289392673,Winston-Salem - NC USA
2023,"Bismarck, ND",29255.0,15847.0,1.84609074272733,
2017,"Hartford-West Hartford-East Hartford, CT",329249.0,157599.0,2.0891566570853874,Hartford - CT USA
2006,"Santa Maria-Santa Barbara, CA",180763.0,65639.0,2.753896311643992,Santa Barbara - CA USA
2012,"Rocky Mount, NC",42795.0,20019.0,2.137719166791548,Rocky Mount - NC USA
2015,"Champaign-Urbana, IL",70625.0,35349.0,1.9979348779314832,Champaign-Urbana - IL USA
2017,"Bend-Redmond, OR",57997.0,25749.0,2.25239815138452,Bend - OR USA
2016,"Ann Arbor, MI",111120.0,57774.0,1.923356527157545,Ann Arbor - MI USA
2014,"Pensacola-Ferry Pass-Brent, FL",135008.0,63744.0,2.1179718875502007,Pensacola - FL USA
2006,"Elkhart-Goshen, IN",48222.0,20442.0,2.3589668329909013,Elkhart - IN USA
2009,"Lewiston-Auburn, ME",28871.0,15128.0,1.9084479111581174,Lewiston-Auburn - ME USA
2017,"Jacksonville, FL",475348.0,200297.0,2.3732157745747564,Jacksonville - FL USA
2006,"Lancaster, PA",118721.0,54102.0,2.1943920742301577,Lancaster - PA USA
2010,"Nashville-Davidson--Murfreesboro--Franklin, TN",483123.0,210510.0,2.2950121134387915,Nashville - TN USA
2014,"Bridgeport-Stamford-Norwalk, CT",273022.0,111717.0,2.443871568337854,Stamford - CT USA
2014,"Richmond, VA",379980.0,166640.0,2.280244839174268,Richmond - VA USA
2023,"Detroit-Warren-Dearborn, MI",996221.0,497563.0,2.002200726340182,Detroit - MI USA
2008,"Charlottesville, VA",54630.0,24985.0,2.1865119071442867,Charlottesville - VA USA
2022,"San Antonio-New Braunfels, TX",786333.0,350199.0,2.2453890502257288,San Antonio - TX USA
2020,"San Diego-Carlsbad, CA",1234068.0,493831.0,2.4989682705216967,San Diego - CA USA
2012,"Barnstable Town, MA",40732.0,18572.0,2.193194055567521,Barnstable Town - MA USA
2021,"Dover, DE",40568.0,18497.0,2.193220522246851,Dover - DE USA
2021,"Pueblo, CO",41101.0,20861.0,1.970231532524807,Pueblo - CO USA
2014,"San Francisco-Oakland-Hayward, CA",1879010.0,778686.0,2.4130522444220137,San Francisco - CA USA
2008,"Rockford, IL",78631.0,35392.0,2.2217167721518987,Rockford - IL USA
2012,"Utica-Rome, NY",74704.0,37565.0,1.988659656595235,Utica - NY USA
2005,"Orlando-Kissimmee-Sanford, FL",622591.0,259699.0,2.3973561700276087,Orlando - FL USA
2019,"Memphis, TN-MS-AR",438270.0,194457.0,2.253814467980068,Memphis - TN USA
2007,"Portland-Vancouver-Hillsboro, OR-WA",648994.0,293896.0,2.2082437324767947,Portland - OR USA
2011,"Williamsport, PA",30271.0,14928.0,2.027800107181136,Williamsport - PA USA
2009,"Augusta-Richmond County, GA-SC",143781.0,58803.0,2.4451303504923216,Augusta - GA USA
2010,"Lubbock, TX",104278.0,43607.0,2.391313321255762,Lubbock - TX USA
2005,"Champaign-Urbana, IL",67692.0,33363.0,2.028954230734646,Champaign-Urbana - IL USA
2010,"Springfield, MO",123467.0,55236.0,2.2352632341226735,Springfield - MO USA
2022,"California-Lexington Park, MD",21551.0,9804.0,2.198184414524684,
2023,"Saginaw, MI",39500.0,18257.0,2.163553705428055,Saginaw - MI USA
2018,"Richmond, VA",380243.0,169942.0,2.237486907297784,Richmond - VA USA
2022,"Portland-South Portland, ME",125141.0,64652.0,1.9356091072201942,Portland - ME USA
2015,"Anniston-Oxford-Jacksonville, AL",35615.0,13493.0,2.6395167864818796,Anniston-Oxford - AL USA
2018,"Springfield, MO",146453.0,67499.0,2.1697062178698943,Springfield - MO USA
2016,"San Antonio-New Braunfels, TX",740508.0,299013.0,2.4765077103671076,San Antonio - TX USA
2016,"Harrisburg-Carlisle, PA",160887.0,73246.0,2.196529503317587,Harrisburg - PA USA
2007,"Salisbury, MD-DE",94775.0,38437.0,2.465723131357806,Salisbury - MD USA
2011,"St. Louis, MO-IL",688160.0,317798.0,2.1654006633144323,Saint Louis - MO USA
2012,"Bloomington, IN",48009.0,24840.0,1.9327294685990337,Bloomington - IN USA
2009,"Bangor, ME",41570.0,21303.0,1.9513683518753226,Bangor - ME USA
2017,"Homosassa Springs, FL",26866.0,11531.0,2.3298933310207266,
2014,"Coeur d'Alene, ID",39867.0,17065.0,2.336185174333431,
2006,"St. Louis, MO-IL",613553.0,286885.0,2.1386722902905344,Saint Louis - MO USA
2014,"Fort Wayne, IN",89253.0,43351.0,2.0588452400175314,Fort Wayne - IN USA
2012,"Columbia, SC",224408.0,93221.0,2.4072687484579656,
2020,"Austin-Round Rock, TX",724481.0,355267.0,2.0392577976564104,Austin - TX USA
2012,"Auburn-Opelika, AL",49435.0,20411.0,2.4219783450100434,Auburn-Opelika - AL USA
2016,"Trenton, NJ",111752.0,46836.0,2.38602784183107,Trenton - NJ USA
2022,"Louisville/Jefferson County, KY-IN",324445.0,162847.0,1.992330224075359,Louisville - KY USA
2006,"Oklahoma City, OK",347419.0,156937.0,2.213748191949636,Oklahoma City - OK USA
2018,"Kankakee, IL",29918.0,12939.0,2.31223433031919,Kankakee - IL USA
2005,"Bremerton-Silverdale, WA",64042.0,28285.0,2.2641682870779567,Bremerton - WA USA
2012,"Urban Honolulu, HI",378513.0,141425.0,2.676422131872017,Honolulu - HI USA
2014,"Redding, CA",57979.0,26305.0,2.2041056833301655,Redding - CA USA
2011,"Gainesville, FL",102710.0,48176.0,2.131974427100631,Gainesville - FL USA
2005,"Portland-South Portland, ME",137423.0,66358.0,2.0709334217426685,Portland - ME USA
2012,"Syracuse, NY",185082.0,88998.0,2.079619766736331,Syracuse - NY USA
2005,"Eau Claire, WI",37315.0,19415.0,1.921967550862735,Eau Claire - WI USA
2020,"Dayton, OH",239312.0,117433.0,2.037859886062691,Dayton - OH USA
2005,"San Francisco-Oakland-Hayward, CA",1470695.0,660001.0,2.228322381329725,San Francisco - CA USA
2022,"Denver-Aurora-Lakewood, CO",908191.0,438061.0,2.0732066995235825,Denver - CO USA
2013,"El Centro, CA",69661.0,22007.0,3.165401917571682,El Centro - CA USA
2010,"Wausau, WI",29048.0,13966.0,2.0799083488472005,Wausau - WI USA
2008,"Jacksonville, FL",356475.0,157359.0,2.2653613711322516,Jacksonville - FL USA
2020,"Ocala, FL",72001.0,34920.0,2.0618843069873996,Ocala - FL USA
2021,"Dayton, OH",250681.0,116213.0,2.1570822541368004,Dayton - OH USA
2009,"San Francisco-Oakland-Hayward, CA",1590704.0,690649.0,2.303201771087774,San Francisco - CA USA
2010,"Evansville, IN-KY",69085.0,30664.0,2.252967649360814,Evansville - IN USA
2018,"Visalia-Porterville, CA",168740.0,57322.0,2.943721433306584,Visalia - CA USA
2017,"Binghamton, NY",60777.0,30862.0,1.9693150152290844,Binghamton - NY USA
2012,"Cleveland-Elyria, OH",597149.0,290765.0,2.053716919161522,Cleveland - OH USA
2010,"Gadsden, AL",21320.0,10061.0,2.119073650730544,Gadsden - AL USA
2005,"Raleigh, NC",269573.0,119226.0,2.261025279720866,Raleigh - NC USA
2006,"Michigan City-La Porte, IN",23452.0,10733.0,2.1850368023851674,Michigan City-La Porte - IN USA
2022,"The Villages, FL",15858.0,8405.0,1.8867340868530638,
2020,"Reading, PA",105028.0,46399.0,2.263583266880752,Reading - PA USA
2006,"Lynchburg, VA",51427.0,23594.0,2.1796643214376537,Lynchburg - VA USA
2011,"Santa Cruz-Watsonville, CA",108862.0,40216.0,2.7069325641535706,Santa Cruz - CA USA
2019,"Wausau, WI",28398.0,15035.0,1.8887928167608912,Wausau - WI USA
2017,"Baltimore-Columbia-Towson, MD",779661.0,348423.0,2.2376852274390613,Baltimore - MD USA
2008,"Kansas City, MO-KS",481008.0,228857.0,2.101784083510664,Kansas City - MO USA
2013,"Charlotte-Concord-Gastonia, NC-SC",731795.0,308347.0,2.373283994979682,Charlotte - NC USA
2018,"San Diego-Carlsbad, CA",1366242.0,526191.0,2.596475424323107,San Diego - CA USA
2006,"Lansing-East Lansing, MI",121339.0,55238.0,2.196658097686375,Lansing - MI USA
2006,"Washington-Arlington-Alexandria, DC-VA-MD-WV",1387929.0,621400.0,2.2335516575474736,Washington - DC USA
2019,"Bloomington, IL",51157.0,23370.0,2.189002995293111,Bloomington - IL USA
2010,"Scranton--Wilkes-Barre--Hazleton, PA",164659.0,78863.0,2.0879119485690376,Scranton - PA USA
2010,"Pittsburgh, PA",547506.0,286399.0,1.9116896357878344,Pittsburgh - PA USA
2011,"Kalamazoo-Portage, MI",86999.0,39083.0,2.2260061919504643,Kalamazoo - MI USA
2020,"La Crosse-Onalaska, WI-MN",31967.0,17204.0,1.8581143920018601,La Crosse-Onalaska - WI USA
2010,"Raleigh, NC",312919.0,134713.0,2.32285673988405,Raleigh - NC USA
2016,"Daphne-Fairhope-Foley, AL",39593.0,21271.0,1.861360537821447,Daphne-Fairhope-Foley - AL USA
2005,"Santa Fe, NM",40020.0,18112.0,2.2095848056537104,Santa Fe - NM USA
2017,"Monroe, LA",59014.0,23489.0,2.5124100642854104,Monroe - LA USA
2022,"Houston-The Woodlands-Sugar Land, TX",2467917.0,1047842.0,2.355237717136744,Houston - TX USA
2019,"Elkhart-Goshen, IN",36637.0,18781.0,1.9507480964804855,Elkhart - IN USA
2017,"Boston-Cambridge-Newton, MA-NH",1513099.0,698765.0,2.165390367290863,Boston - MA USA
2008,"Phoenix-Mesa-Scottsdale, AZ",1176017.0,464753.0,2.5304129290182096,Phoenix - AZ USA
2021,"Manchester-Nashua, NH",112911.0,52478.0,2.1515873318342926,Manchester - NH USA
2023,"York-Hanover, PA",100365.0,45936.0,2.184887669801463,York - PA USA
2007,"Racine, WI",46288.0,22358.0,2.070310403435012,Racine - WI USA
2015,"Bridgeport-Stamford-Norwalk, CT",260282.0,108724.0,2.393970052610279,Stamford - CT USA
2023,"Visalia-Porterville, CA",183092.0,58092.0,3.1517592783860082,Visalia - CA USA
2015,"Providence-Warwick, RI-MA",538021.0,252671.0,2.129334193476893,Providence - RI USA
2009,"Madera, CA",52560.0,15533.0,3.383763600077255,Madera - CA USA
2020,"Lancaster, PA",129422.0,61875.0,2.0916686868686867,Lancaster - PA USA
2008,"Birmingham-Hoover, AL",258514.0,115690.0,2.234540582591408,Birmingham - AL USA
2013,"Houston-The Woodlands-Sugar Land, TX",2118687.0,848484.0,2.4970264613121755,Houston - TX USA
2017,"Wilmington, NC",84375.0,41853.0,2.0159845172389077,
2015,"Medford, OR",76825.0,32490.0,2.3645737149892274,Medford - OR USA
2007,"Cape Coral-Fort Myers, FL",150901.0,64120.0,2.3534154709918904,Fort Myers - FL USA
2015,"Bremerton-Silverdale, WA",73387.0,31720.0,2.3135876418663304,Bremerton - WA USA
2007,"Reno, NV",139508.0,61546.0,2.266727325902577,Reno - NV USA
2016,"Modesto, CA",224943.0,75491.0,2.979732683366229,Modesto - CA USA
2021,"Ogden-Clearfield, UT",130052.0,50796.0,2.560280337034412,Ogden - UT USA
2017,"Joplin, MO",54855.0,23397.0,2.3445313501730993,Joplin - MO USA
2016,"Santa Cruz-Watsonville, CA",113943.0,40921.0,2.7844627452897046,Santa Cruz - CA USA
2010,"Utica-Rome, NY",78604.0,34738.0,2.2627669986758017,Utica - NY USA
2021,"Boston-Cambridge-Newton, MA-NH",1566327.0,727924.0,2.1517727125359243,Boston - MA USA
2006,"Oxnard-Thousand Oaks-Ventura, CA",225446.0,81165.0,2.77762582393889,Ventura - CA USA
2012,"Allentown-Bethlehem-Easton, PA-NJ",212371.0,94987.0,2.2357901607588406,Lehigh Valley - PA USA
2012,"Cape Coral-Fort Myers, FL",192881.0,78416.0,2.459714854111406,Fort Myers - FL USA
2021,"Sebastian-Vero Beach, FL",31802.0,15060.0,2.1116865869853916,
2015,"Utica-Rome, NY",82248.0,36196.0,2.2722952812465467,Utica - NY USA
2017,"Virginia Beach-Norfolk-Newport News, VA-NC",566164.0,241544.0,2.3439373364687177,Norfolk - VA USA
2008,"Sheboygan, WI",24161.0,13311.0,1.8151153181579145,Sheboygan - WI USA
2015,"State College, PA",51033.0,24281.0,2.101766813557926,State College - PA USA
2006,"North Port-Sarasota-Bradenton, FL",180091.0,74858.0,2.4057682545619707,Sarasota - FL USA
2019,"Kansas City, MO-KS",654151.0,300989.0,2.173338560545402,Kansas City - MO USA
2019,"Medford, OR",70214.0,32332.0,2.1716565631572435,Medford - OR USA
2017,"Chicago-Naperville-Elgin, IL-IN-WI",2825489.0,1232087.0,2.2932544536221875,Chicago - IL USA
2022,"Buffalo-Cheektowaga-Niagara Falls, NY",333834.0,172421.0,1.9361562686679696,Buffalo - NY USA
2018,"Youngstown-Warren-Boardman, OH-PA",146944.0,69606.0,2.111082377955923,Youngstown - OH USA
2017,"College Station-Bryan, TX",97159.0,40348.0,2.4080251809259443,College Station-Bryan - TX USA
2019,"Florence, SC",59750.0,25307.0,2.361006836053266,
2006,"Billings, MT",32016.0,15317.0,2.090226545668212,Billings - MT USA
2017,"Wenatchee, WA",40760.0,15651.0,2.6043064340936684,
2023,"Dover, DE",45585.0,19026.0,2.3959318826868494,Dover - DE USA
2010,"Santa Fe, NM",42352.0,20879.0,2.0284496383926434,Santa Fe - NM USA
2005,"Clarksville, TN-KY",85998.0,32048.0,2.6834123814278583,Clarksville - TN USA
2014,"Las Vegas-Henderson-Paradise, NV",891323.0,361242.0,2.467384744852481,Las Vegas - NV USA
2019,"Lafayette-West Lafayette, IN",64279.0,32439.0,1.9815345725823854,
2011,"Bremerton-Silverdale, WA",83551.0,35221.0,2.3721927259305526,Bremerton - WA USA
2020,"New Orleans-Metairie, LA",366247.0,174027.0,2.104541249346366,New Orleans - LA USA
2007,"Chico, CA",91187.0,34884.0,2.614006421281963,Chico - CA USA
2005,"Decatur, IL",27573.0,13014.0,2.1187183033656063,Decatur - IL USA
2015,"New Haven-Milford, CT",258041.0,124623.0,2.0705728477086893,New Haven - CT USA
2014,"Jackson, TN",38487.0,15508.0,2.481751354139799,Jackson - TN USA
2007,"Athens-Clarke County, GA",59633.0,26748.0,2.2294377149693436,Athens - GA USA
2009,"Reading, PA",85643.0,40630.0,2.107875953728772,Reading - PA USA
2022,"College Station-Bryan, TX",115586.0,51160.0,2.2593041438623924,College Station-Bryan - TX USA
2007,"Norwich-New London, CT",65157.0,29600.0,2.20125,Norwich - CT USA
2017,"St. Joseph, MO-KS",35003.0,15166.0,2.3079915600685745,
2019,"Harrisburg-Carlisle, PA",152193.0,73090.0,2.082268436174579,Harrisburg - PA USA
2006,"Las Cruces, NM",56362.0,24615.0,2.2897420272191753,Las Cruces - NM USA
2017,"Glens Falls, NY",29153.0,13857.0,2.1038464314065095,Glens Falls - NY USA
2014,"Hartford-West Hartford-East Hartford, CT",345559.0,155765.0,2.218463711360062,Hartford - CT USA
2006,"New Orleans-Metairie, LA",258873.0,117921.0,2.195308723637011,New Orleans - LA USA
2009,"Hartford-West Hartford-East Hartford, CT",304549.0,138321.0,2.2017553372228367,Hartford - CT USA
2010,"Johnstown, PA",26539.0,14107.0,1.8812646204012193,Johnstown - PA USA
2016,"Homosassa Springs, FL",21781.0,12172.0,1.7894347683207361,
2015,"East Stroudsburg, PA",31345.0,13072.0,2.397873317013464,East Stroudsburg - PA USA
2009,"Binghamton, NY",62759.0,30645.0,2.047936041768641,Binghamton - NY USA
2015,"Prescott, AZ",60130.0,27581.0,2.180123998404699,Prescott - AZ USA
2022,"Ocean City, NJ",28523.0,13732.0,2.077119137780367,Ocean City - NJ USA
2016,"McAllen-Edinburg-Mission, TX",250391.0,80376.0,3.1152458445307056,McAllen - TX USA
2013,"Bellingham, WA",68770.0,28870.0,2.3820574991340493,Bellingham - WA USA
2020,"Iowa City, IA",51297.0,25962.0,1.9758493182343424,Iowa City - IA USA
2016,"Fayetteville-Springdale-Rogers, AR-MO",176185.0,75519.0,2.332989049113468,Northwest Arkansas - AR USA
2006,"Chico, CA",79437.0,34670.0,2.291231612344967,Chico - CA USA
2006,"Milwaukee-Waukesha-West Allis, WI",451379.0,218124.0,2.0693687993985073,Milwaukee - WI USA
2005,"Janesville-Beloit, WI",29484.0,14762.0,1.997290340062322,Janesville-Beloit - WI USA
2014,"Birmingham-Hoover, AL",335868.0,143810.0,2.3354982268270637,Birmingham - AL USA
2011,"Wichita, KS",161548.0,75530.0,2.1388587316298158,Wichita - KS USA
2017,"Punta Gorda, FL",33594.0,14616.0,2.298440065681445,Punta Gorda - FL USA
2007,"Columbus, OH",520516.0,235415.0,2.2110570694305802,Columbus - OH USA
2023,"Boise City, ID",207996.0,89758.0,2.317297622496045,Boise - ID USA
2019,"Visalia-Porterville, CA",189925.0,57929.0,3.2785824025962818,Visalia - CA USA
2006,"Punta Gorda, FL",27390.0,11879.0,2.3057496422257766,Punta Gorda - FL USA
2021,"Wilmington, NC",90586.0,45589.0,1.987014411371164,
2014,"Rochester, NY",292404.0,145093.0,2.015286747120812,Rochester - NY USA
2010,"Hilton Head Island-Bluffton-Beaufort, SC",61126.0,22473.0,2.7199750812085615,Hilton Head Island - SC USA
2009,"St. Cloud, MN",42718.0,19093.0,2.2373644791284764,St. Cloud - MN USA
2007,"Louisville/Jefferson County, KY-IN",296997.0,138354.0,2.1466455613860096,Louisville - KY USA
2014,"Montgomery, AL",123065.0,50188.0,2.452080178528732,Montgomery - AL USA
2019,"Spartanburg, SC",76539.0,33088.0,2.3131951160541586,Spartanburg - SC USA
2016,"Louisville/Jefferson County, KY-IN",364315.0,168871.0,2.1573567989767337,Louisville - KY USA
2017,"Detroit-Warren-Dearborn, MI",1158862.0,524634.0,2.2088961066190906,Detroit - MI USA
2013,"Coeur d'Alene, ID",38090.0,14164.0,2.6892120869810787,
2020,"Lebanon, PA",29812.0,14476.0,2.059408676429953,Lebanon - PA USA
2019,"Hartford-West Hartford-East Hartford, CT",324121.0,161254.0,2.010002852642415,Hartford - CT USA
2009,"Joplin, MO",49641.0,19907.0,2.4936454513487716,Joplin - MO USA
2019,"Los Angeles-Long Beach-Anaheim, CA",5998492.0,2263273.0,2.650361666489195,Los Angeles - CA USA
2021,"Jackson, MI",29912.0,14769.0,2.025323312343422,Jackson - MI USA
2017,"Asheville, NC",131099.0,66379.0,1.9750071558776119,
2006,"Boston-Cambridge-Newton, MA-NH",1275200.0,611685.0,2.0847331551370396,Boston - MA USA
2006,"Dover, DE",37145.0,14634.0,2.53826704933716,Dover - DE USA
2014,"Cincinnati, OH-KY-IN",621960.0,285022.0,2.1821473430121183,Cincinnati - OH USA
2005,"Rocky Mount, NC",49000.0,21648.0,2.263488543976349,Rocky Mount - NC USA
2007,"Glens Falls, NY",28141.0,14036.0,2.0049159304645197,Glens Falls - NY USA
2019,"Flagstaff, AZ",43453.0,18967.0,2.290979068909158,Flagstaff - AZ USA
2006,"Mobile, AL",110691.0,44806.0,2.4704503861090035,Mobile - AL USA
2009,"Jacksonville, FL",370637.0,161253.0,2.298481268565546,Jacksonville - FL USA
2009,"Chicago-Naperville-Elgin, IL-IN-WI",2590498.0,1120957.0,2.310970001525482,Chicago - IL USA
2016,"Asheville, NC",136604.0,64801.0,2.108053888057283,
2022,"Saginaw, MI",42066.0,19542.0,2.1525944120356155,Saginaw - MI USA
2018,"Pittsfield, MA",30213.0,17469.0,1.7295208655332304,Pittsfield - MA USA
2009,"Washington-Arlington-Alexandria, DC-VA-MD-WV",1520645.0,667510.0,2.2780857215622237,Washington - DC USA
2013,"Little Rock-North Little Rock-Conway, AR",185261.0,88136.0,2.10199010619951,Little Rock - AR USA
2009,"Pittsfield, MA",30457.0,16365.0,1.8611060189428659,Pittsfield - MA USA
2021,"Wenatchee, WA",47023.0,18631.0,2.5239117599699425,
2022,"Greenville, NC",70515.0,35333.0,1.9957263747771206,Greenville - NC USA
2015,"Sebastian-Vero Beach, FL",26476.0,12163.0,2.1767656005919593,
2009,"Buffalo-Cheektowaga-Niagara Falls, NY",304194.0,155937.0,1.9507493410800516,Buffalo - NY USA
2022,"Dothan, AL",38825.0,18129.0,2.141596337360031,
2017,"Atlanta-Sandy Springs-Roswell, GA",1869019.0,775442.0,2.4102627920592385,Atlanta - GA USA
2007,"Jacksonville, NC",53153.0,20464.0,2.597390539483972,Jacksonville - NC USA
2012,"Chico, CA",83747.0,34491.0,2.4280826882375113,Chico - CA USA
2011,"Louisville/Jefferson County, KY-IN",345217.0,150489.0,2.293968329911156,Louisville - KY USA
2022,"El Centro, CA",60421.0,20445.0,2.9552946930789923,El Centro - CA USA
2017,"Gainesville, FL",80176.0,43378.0,1.8483102033288763,Gainesville - FL USA
2019,"Odessa, TX",50459.0,20027.0,2.5195486093773405,Odessa - TX USA
2016,"Montgomery, AL",121088.0,52892.0,2.2893443242834457,Montgomery - AL USA
2020,"Boston-Cambridge-Newton, MA-NH",1567235.0,735805.0,2.1299597039976623,Boston - MA USA
2016,"Springfield, OH",46084.0,19115.0,2.4108815066701546,Springfield - OH USA
2019,"Dallas-Fort Worth-Arlington, TX",2511686.0,1061299.0,2.3666148747902334,Dallas-Fort Worth - TX USA
2022,"Washington-Arlington-Alexandria, DC-VA-MD-WV",1931173.0,869346.0,2.2214089672006314,Washington - DC USA
2023,"Cleveland-Elyria, OH",540343.0,283353.0,1.9069605756776882,Cleveland - OH USA
2015,"Buffalo-Cheektowaga-Niagara Falls, NY",332224.0,163311.0,2.034302649545958,Buffalo - NY USA
2013,"Bangor, ME",41984.0,21914.0,1.9158528794378022,Bangor - ME USA
2006,"Monroe, MI",24698.0,10648.0,2.319496619083396,Monroe - MI USA
2016,"Santa Maria-Santa Barbara, CA",207805.0,70077.0,2.9653809381109353,Santa Barbara - CA USA
2011,"Mansfield, OH",33007.0,15955.0,2.0687558759009717,Mansfield - OH USA
2020,"Tyler, TX",66383.0,24494.0,2.7101739201437085,Tyler - TX USA
2009,"Athens-Clarke County, GA",59947.0,25521.0,2.3489283335292503,Athens - GA USA
2015,"Tuscaloosa, AL",63048.0,28441.0,2.216799690587532,
2015,"Mansfield, OH",34795.0,15082.0,2.3070547672722452,Mansfield - OH USA
2007,"College Station-Bryan, TX",72153.0,32808.0,2.1992501828822237,College Station-Bryan - TX USA
2014,"Lubbock, TX",114196.0,49470.0,2.308388922579341,Lubbock - TX USA
2023,"Milwaukee-Waukesha-West Allis, WI",486957.0,250896.0,1.9408719150564377,Milwaukee - WI USA
2017,"Tucson, AZ",331078.0,146161.0,2.2651596527117355,Tucson - AZ USA
2007,"Vallejo-Fairfield, CA",122231.0,45255.0,2.7009391227488675,Vallejo-Fairfield - CA USA
2009,"Waco, TX",78057.0,32834.0,2.3773222878723272,Waco - TX USA
2007,"Mansfield, OH",29473.0,12941.0,2.2774901475929217,Mansfield - OH USA
2010,"Anchorage, AK",128388.0,51946.0,2.4715666268817618,Anchorage - AK USA
2007,"Burlington, NC",38792.0,18143.0,2.138124896654357,Burlington - NC USA
2007,"Lebanon, PA",26104.0,12659.0,2.0620902124970377,Lebanon - PA USA
2006,"Wausau, WI",22035.0,11664.0,1.8891460905349795,Wausau - WI USA
2015,"Ocean City, NJ",26580.0,10995.0,2.417462482946794,Ocean City - NJ USA
2022,"Lincoln, NE",103958.0,54831.0,1.895971257135562,Lincoln - NE USA
2016,"Chattanooga, TN-GA",134057.0,66070.0,2.029014681398517,Chattanooga - TN USA
2012,"Shreveport-Bossier City, LA",135739.0,60215.0,2.2542389769990865,Shreveport - LA USA
2008,"Tucson, AZ",279073.0,128203.0,2.1768055349718805,Tucson - AZ USA
2010,"Montgomery, AL",116097.0,45670.0,2.5420845193781476,Montgomery - AL USA
2017,"Shreveport-Bossier City, LA",143404.0,64211.0,2.2333245082618243,Shreveport - LA USA
2020,"Madera, CA",43248.0,12285.0,3.5203907203907203,Madera - CA USA
2010,"Minneapolis-St. Paul-Bloomington, MN-WI",761360.0,349525.0,2.178270509977827,Minneapolis - MN USA
2008,"Akron, OH",180713.0,89346.0,2.0226199270252727,Akron - OH USA
2019,"Lincoln, NE",106117.0,51123.0,2.0757193435440016,Lincoln - NE USA
2022,"Janesville-Beloit, WI",42993.0,19964.0,2.1535263474253656,Janesville-Beloit - WI USA
2023,"Gainesville, GA",70057.0,24931.0,2.810035698527937,Gainesville - GA USA
2009,"Hattiesburg, MS",36208.0,17129.0,2.1138420223013603,Hattiesburg - MS USA
2016,"Worcester, MA-CT",249674.0,121069.0,2.062245496369839,Worcester - MA USA
2018,"New Orleans-Metairie, LA",377046.0,180897.0,2.084313172689431,New Orleans - LA USA
2006,"Laredo, TX",70580.0,21268.0,3.3186007146887344,Laredo - TX USA
2019,"Stockton-Lodi, CA",303564.0,96394.0,3.1492001576861632,Stockton - CA USA
2010,"Killeen-Temple, TX",135616.0,53701.0,2.5253905886296346,Killeen - TX USA
2021,"Bloomington, IL",50574.0,25479.0,1.984928764865183,Bloomington - IL USA
2008,"Lynchburg, VA",52246.0,24800.0,2.106693548387097,Lynchburg - VA USA
2019,"Burlington, NC",44142.0,20200.0,2.185247524752475,Burlington - NC USA
2017,"Grand Junction, CO",46985.0,18862.0,2.490987169971371,Grand Junction - CO USA
2019,"Pittsburgh, PA",596375.0,317571.0,1.8779265109219672,Pittsburgh - PA USA
2018,"Gadsden, AL",28093.0,11387.0,2.4671116185123387,Gadsden - AL USA
2021,"Santa Fe, NM",36143.0,18454.0,1.95854557277555,Santa Fe - NM USA
2006,"Racine, WI",49468.0,22433.0,2.2051442071947576,Racine - WI USA
2014,"Charleston, WV",59169.0,26535.0,2.229847371396269,
2014,"Kalamazoo-Portage, MI",107260.0,49369.0,2.1726184447730357,Kalamazoo - MI USA
2008,"Bend-Redmond, OR",46810.0,20793.0,2.251238397537633,Bend - OR USA
2006,"Merced, CA",106612.0,33270.0,3.204448452058912,Merced - CA USA
2011,"Memphis, TN-MS-AR",435140.0,185072.0,2.351193049191666,Memphis - TN USA
2012,"Wenatchee, WA",39079.0,13906.0,2.8102258018121673,
2005,"Lubbock, TX",95005.0,40111.0,2.3685522674578046,Lubbock - TX USA
2017,"Bridgeport-Stamford-Norwalk, CT",274388.0,111431.0,2.46240274250433,Stamford - CT USA
2012,"Hilton Head Island-Bluffton-Beaufort, SC",50045.0,20400.0,2.453186274509804,Hilton Head Island - SC USA
2023,"Trenton, NJ",129276.0,58065.0,2.226401446654611,Trenton - NJ USA
2022,"Lebanon, PA",29845.0,15286.0,1.95244014130577,Lebanon - PA USA
2023,"Norwich-New London, CT",84235.0,39496.0,2.1327476200121533,Norwich - CT USA
2014,"Austin-Round Rock, TX",680002.0,305107.0,2.2287328707633716,Austin - TX USA
2023,"Michigan City-La Porte, IN",23262.0,11553.0,2.013502986237341,Michigan City-La Porte - IN USA
2006,"Knoxville, TN",215320.0,102614.0,2.098349153136999,Knoxville - TN USA
2011,"Janesville-Beloit, WI",50314.0,19473.0,2.5837826734452833,Janesville-Beloit - WI USA
2022,"Montgomery, AL",122040.0,54683.0,2.2317722143993564,Montgomery - AL USA
2014,"Sacramento--Roseville--Arden-Arcade, CA",845684.0,328838.0,2.571734410256722,Sacramento - CA USA
2018,"Brownsville-Harlingen, TX",128910.0,41736.0,3.08870040253019,Brownsville-Harlingen - TX USA
2011,"Vineland-Bridgeton, NJ",39992.0,15434.0,2.5911623687961645,Vineland - NJ USA
2011,"Birmingham-Hoover, AL",283264.0,124730.0,2.27101739757877,Birmingham - AL USA
2007,"Shreveport-Bossier City, LA",142719.0,57697.0,2.473594814288438,Shreveport - LA USA
2013,"Barnstable Town, MA",52388.0,24330.0,2.153226469379367,Barnstable Town - MA USA
2016,"Bangor, ME",35365.0,18065.0,1.957652920011071,Bangor - ME USA
2009,"Jackson, MS",150261.0,62840.0,2.391168045830681,Jackson - MS USA
2012,"San Antonio-New Braunfels, TX",728370.0,285688.0,2.549529556719218,San Antonio - TX USA
2012,"Albany-Schenectady-Troy, NY",232297.0,118042.0,1.9679181986072753,Albany - NY USA
2015,"Albuquerque, NM",255677.0,111871.0,2.2854627204548095,Albuquerque - NM USA
2010,"Battle Creek, MI",30874.0,15096.0,2.045177530471648,Battle Creek - MI USA
2007,"Champaign-Urbana, IL",74836.0,33808.0,2.213558920965452,Champaign-Urbana - IL USA
2006,"Flagstaff, AZ",42924.0,17217.0,2.4931172678166926,Flagstaff - AZ USA
2022,"Modesto, CA",192089.0,66111.0,2.905552782441651,Modesto - CA USA
2020,"El Centro, CA",72998.0,22863.0,3.192844333639505,El Centro - CA USA
2010,"Urban Honolulu, HI",352798.0,135795.0,2.5980190728671895,Honolulu - HI USA
2009,"Miami-Fort Lauderdale-West Palm Beach, FL",1673527.0,691883.0,2.4188005775542973,Miami - FL USA
2009,"Muncie, IN",37198.0,16082.0,2.3130207685611244,Muncie - IN USA
2019,"Knoxville, TN",263242.0,118602.0,2.2195409858181145,Knoxville - TN USA
2020,"Dallas-Fort Worth-Arlington, TX",2423555.0,1090028.0,2.223387839578433,Dallas-Fort Worth - TX USA
2009,"Cincinnati, OH-KY-IN",564003.0,254484.0,2.21626114018956,Cincinnati - OH USA
2020,"Racine, WI",45406.0,22592.0,2.0098264872521248,Racine - WI USA
2009,"Bloomington, IN",51539.0,24799.0,2.0782692850518165,Bloomington - IN USA
2012,"Houma-Thibodaux, LA",45313.0,19285.0,2.349649987036557,Houma-Thibodaux - LA USA
2023,"Seattle-Tacoma-Bellevue, WA",1369646.0,648444.0,2.1122039836901876,Seattle - WA USA
2016,"Decatur, IL",32330.0,14612.0,2.2125650150561182,Decatur - IL USA
2016,"Columbia, MO",75707.0,33134.0,2.2848735437918752,Columbia - MO USA
2019,"Saginaw, MI",45590.0,21225.0,2.1479387514723203,Saginaw - MI USA
2014,"Lakeland-Winter Haven, FL",188644.0,69391.0,2.718565808246026,Lakeland - FL USA
2012,"San Diego-Carlsbad, CA",1314996.0,503957.0,2.6093416700234346,San Diego - CA USA
2020,"Bloomington, IL",38250.0,20930.0,1.8275203057811753,Bloomington - IL USA
2008,"Punta Gorda, FL",38909.0,17041.0,2.283258024763805,Punta Gorda - FL USA
2015,"Santa Maria-Santa Barbara, CA",209954.0,69824.0,3.0069030705774518,Santa Barbara - CA USA
2019,"Blacksburg-Christiansburg-Radford, VA",61018.0,27319.0,2.233537098722501,Blacksburg - VA USA
2010,"Akron, OH",182937.0,87387.0,2.093412063579251,Akron - OH USA
2023,"Akron, OH",195144.0,94686.0,2.060959381534757,Akron - OH USA
2016,"Lafayette-West Lafayette, IN",67463.0,30185.0,2.234984263707139,
2006,"Springfield, OH",43438.0,17427.0,2.492569002123142,Springfield - OH USA
2009,"Hanford-Corcoran, CA",58377.0,19270.0,3.0294239750908147,Hanford-Corcoran - CA USA
2014,"Michigan City-La Porte, IN",28682.0,12746.0,2.2502745959516712,Michigan City-La Porte - IN USA
2022,"St. Joseph, MO-KS",28226.0,14490.0,1.9479641131815044,
2015,"Wichita, KS",188394.0,84296.0,2.2349103160292305,Wichita - KS USA
2007,"Dayton, OH",237137.0,108421.0,2.1871869840713516,Dayton - OH USA
2019,"Port St. Lucie, FL",98872.0,42341.0,2.3351361564441087,Port St. Lucie - FL USA
2006,"Battle Creek, MI",27900.0,13533.0,2.0616271336732432,Battle Creek - MI USA
2019,"Parkersburg-Vienna, WV",18290.0,9297.0,1.9673012799827903,
2007,"Visalia-Porterville, CA",170810.0,50741.0,3.366311267022723,Visalia - CA USA
2016,"Buffalo-Cheektowaga-Niagara Falls, NY",318430.0,158997.0,2.002742190104216,Buffalo - NY USA
2023,"New York-Newark-Jersey City, NY-NJ-PA",8661459.0,3743514.0,2.3137242174064263,New York - NY USA
2023,"Spartanburg, SC",85688.0,37479.0,2.286293657781691,Spartanburg - SC USA
2023,"Yakima, WA",89498.0,34052.0,2.628274403852931,Yakima - WA USA
2007,"Salt Lake City, UT",267298.0,105993.0,2.5218457822686404,Salt Lake City - UT USA
2005,"Spartanburg, SC",75124.0,31184.0,2.4090559261159568,Spartanburg - SC USA
2009,"El Paso, TX",253948.0,93139.0,2.7265484920387806,El Paso - TX USA
2006,"Greeley, CO",59761.0,23780.0,2.5130782169890664,Greeley - CO USA
2021,"Tampa-St. Petersburg-Clearwater, FL",903561.0,422224.0,2.1400038841941718,Tampa - FL USA
2017,"Lincoln, NE",102122.0,46688.0,2.1873286497601097,Lincoln - NE USA
2011,"Kennewick-Richland, WA",76697.0,28355.0,2.704884500088168,Kennewick-Richland - WA USA
2010,"Birmingham-Hoover, AL",267087.0,119498.0,2.2350750640178076,Birmingham - AL USA
2011,"Lubbock, TX",99658.0,44849.0,2.2220785301790453,Lubbock - TX USA
2020,"Springfield, OH",36306.0,15629.0,2.3229893147354277,Springfield - OH USA
2021,"Atlanta-Sandy Springs-Roswell, GA",1707272.0,751409.0,2.2720941591064254,Atlanta - GA USA
2018,"Provo-Orem, UT",151916.0,52671.0,2.8842437014676006,Provo - UT USA
2013,"Parkersburg-Vienna, WV",24242.0,11371.0,2.1319145193914344,
2011,"Midland, TX",37470.0,17126.0,2.1879014364124725,Midland - TX USA
2009,"Orlando-Kissimmee-Sanford, FL",600072.0,249397.0,2.406091492680345,Orlando - FL USA
2012,"Racine, WI",52054.0,23077.0,2.255665814447285,Racine - WI USA
2010,"Rochester, NY",270847.0,130396.0,2.0771112610816282,Rochester - NY USA
2017,"Springfield, MO",125446.0,61129.0,2.052152006412668,Springfield - MO USA
2006,"Houma-Thibodaux, LA",48335.0,20437.0,2.365073151636737,Houma-Thibodaux - LA USA
2020,"Miami-Fort Lauderdale-West Palm Beach, FL",1978143.0,865332.0,2.2859931217151335,Miami - FL USA
2022,"Sacramento--Roseville--Arden-Arcade, CA",815653.0,328043.0,2.4864209874924934,Sacramento - CA USA
2014,"Jacksonville, FL",469531.0,195319.0,2.403918717585079,Jacksonville - FL USA
2009,"San Diego-Carlsbad, CA",1189571.0,470177.0,2.530049321851133,San Diego - CA USA
2012,"Los Angeles-Long Beach-Anaheim, CA",5875987.0,2177797.0,2.6981334807606037,Los Angeles - CA USA
2023,"Austin-Round Rock, TX",887128.0,438919.0,2.0211656364841804,Austin - TX USA
2022,"Fort Collins, CO",125136.0,56555.0,2.2126425603394924,Fort Collins - CO USA
2023,"Huntsville, AL",128273.0,62528.0,2.0514489508700104,Huntsville - AL USA
2015,"St. Louis, MO-IL",759416.0,355885.0,2.133880326509968,Saint Louis - MO USA
2019,"Santa Rosa, CA",177458.0,70942.0,2.501451890276564,Santa Rosa - CA USA
2008,"Redding, CA",64151.0,24394.0,2.629786012954005,Redding - CA USA
2007,"Flagstaff, AZ",35026.0,15764.0,2.2218979954326312,Flagstaff - AZ USA
2007,"Monroe, LA",42651.0,19140.0,2.228369905956113,Monroe - LA USA
2020,"Lansing-East Lansing, MI",105738.0,55546.0,1.9036114211644404,Lansing - MI USA
2008,"Columbus, OH",519925.0,239046.0,2.1749997908352365,Columbus - OH USA
2014,"Vallejo-Fairfield, CA",174592.0,60666.0,2.8779217354036857,Vallejo-Fairfield - CA USA
2021,"Burlington-South Burlington, VT",69859.0,32841.0,2.127188575256539,Burlington - VT USA
2023,"Lubbock, TX",140216.0,61107.0,2.294598000229106,Lubbock - TX USA
2021,"Virginia Beach-Norfolk-Newport News, VA-NC",586627.0,259928.0,2.256882675202364,Norfolk - VA USA
2019,"Buffalo-Cheektowaga-Niagara Falls, NY",335644.0,168359.0,1.9936207746541617,Buffalo - NY USA
2017,"Goldsboro, NC",42014.0,16369.0,2.5666809212535893,Goldsboro - NC USA
2007,"Pittsburgh, PA",518138.0,268375.0,1.9306492780624127,Pittsburgh - PA USA
2021,"Topeka, KS",64177.0,29092.0,2.2060016499381274,
2018,"Madera, CA",60758.0,16025.0,3.7914508580343216,Madera - CA USA
2006,"Jackson, MI",32541.0,14281.0,2.27862194524193,Jackson - MI USA
2020,"Midland, TX",52513.0,20215.0,2.5977244620331437,Midland - TX USA
2013,"Rockford, IL",96931.0,41497.0,2.3358556040195677,Rockford - IL USA
2013,"Asheville, NC",142397.0,66248.0,2.1494535684096125,
2020,"Providence-Warwick, RI-MA",502595.0,244429.0,2.0562003690233155,Providence - RI USA
2022,"Niles-Benton Harbor, MI",35597.0,15800.0,2.252974683544304,Niles-Benton Harbor - MI USA
2016,"Charlotte-Concord-Gastonia, NC-SC",775747.0,329510.0,2.3542441807532395,Charlotte - NC USA
2015,"Pittsburgh, PA",575620.0,298463.0,1.9286142670950839,Pittsburgh - PA USA
2005,"Lansing-East Lansing, MI",120965.0,55661.0,2.1732451806471316,Lansing - MI USA
2015,"Sheboygan, WI",30900.0,15246.0,2.0267611176702087,Sheboygan - WI USA
2018,"Redding, CA",55518.0,23174.0,2.3957020799171485,Redding - CA USA
2019,"Sheboygan, WI",28110.0,13872.0,2.0263840830449826,Sheboygan - WI USA
2009,"Norwich-New London, CT",74774.0,32105.0,2.329045320043607,Norwich - CT USA
2023,"Bloomington, IL",43649.0,24345.0,1.7929348942287944,Bloomington - IL USA
2019,"Phoenix-Mesa-Scottsdale, AZ",1553278.0,623889.0,2.4896704381708927,Phoenix - AZ USA
2023,"Orlando-Kissimmee-Sanford, FL",983367.0,407222.0,2.41481796170148,Orlando - FL USA
2011,"Canton-Massillon, OH",106604.0,46845.0,2.2756750987298537,Canton - OH USA
2021,"College Station-Bryan, TX",97134.0,44419.0,2.1867669240640266,College Station-Bryan - TX USA
2007,"Clarksville, TN-KY",84140.0,33289.0,2.527561657003815,Clarksville - TN USA
2011,"Terre Haute, IN",39136.0,16690.0,2.344877171959257,Terre Haute - IN USA
2015,"Columbia, MO",56471.0,30520.0,1.850294888597641,Columbia - MO USA
2023,"Napa, CA",45892.0,19062.0,2.407512328192215,Napa - CA USA
2020,"Pittsfield, MA",22432.0,12834.0,1.7478572541686146,Pittsfield - MA USA
2008,"Muncie, IN",27822.0,13654.0,2.037644646257507,Muncie - IN USA
2017,"Pueblo, CO",53370.0,23314.0,2.2891824654713906,Pueblo - CO USA
2021,"Ocala, FL",80151.0,33336.0,2.404337652987761,Ocala - FL USA
2008,"Minneapolis-St. Paul-Bloomington, MN-WI",648463.0,316233.0,2.050586118463285,Minneapolis - MN USA
2014,"Wilmington, NC",87288.0,42442.0,2.0566420055605295,
2023,"Midland, TX",45023.0,24478.0,1.839325108260479,Midland - TX USA
2011,"Charlottesville, VA",48707.0,24700.0,1.9719433198380567,Charlottesville - VA USA
2019,"Yuba City, CA",70170.0,23500.0,2.9859574468085106,Yuba City - CA USA
2021,"Pittsfield, MA",30553.0,16957.0,1.8017927699475143,Pittsfield - MA USA
2012,"Flagstaff, AZ",44881.0,18114.0,2.477696809097935,Flagstaff - AZ USA
2007,"Lincoln, NE",90886.0,38997.0,2.330589532528143,Lincoln - NE USA
2023,"Bellingham, WA",67606.0,33840.0,1.9978132387706855,Bellingham - WA USA
2006,"Burlington-South Burlington, VT",45594.0,23200.0,1.9652586206896552,Burlington - VT USA
2010,"Daphne-Fairhope-Foley, AL",48485.0,19463.0,2.4911370292349586,Daphne-Fairhope-Foley - AL USA
2011,"Medford, OR",86021.0,34476.0,2.4950980392156863,Medford - OR USA
2005,"Fort Collins, CO",72053.0,33144.0,2.1739379676562876,Fort Collins - CO USA
2022,"Monroe, MI",24589.0,13107.0,1.8760204470893416,Monroe - MI USA
2012,"Lynchburg, VA",57697.0,26852.0,2.148704007150305,Lynchburg - VA USA
2009,"Johnstown, PA",28913.0,15270.0,1.8934512115258677,Johnstown - PA USA
2014,"Joplin, MO",52203.0,21733.0,2.40201536833387,Joplin - MO USA
2018,"Napa, CA",46291.0,17143.0,2.7002858309514086,Napa - CA USA
2015,"Richmond, VA",389038.0,172156.0,2.259799251841353,Richmond - VA USA
2010,"Springfield, OH",46894.0,19647.0,2.3868275054715733,Springfield - OH USA
2014,"Morgantown, WV",34763.0,17495.0,1.9870248642469277,Morgantown - WV USA
2021,"Lafayette-West Lafayette, IN",63654.0,32810.0,1.9400792441328862,
2006,"Columbia, MO",54326.0,25788.0,2.106638746703893,Columbia - MO USA
2023,"Harrisonburg, VA",42896.0,18369.0,2.3352387174043225,
2022,"Lafayette-West Lafayette, IN",72805.0,34102.0,2.1349187730924872,
2011,"Flint, MI",124450.0,57711.0,2.156434648507217,Flint - MI USA
2006,"Jacksonville, NC",57521.0,22227.0,2.5878886039501507,Jacksonville - NC USA
2019,"Providence-Warwick, RI-MA",500847.0,241072.0,2.0775826309152454,Providence - RI USA
2005,"Boston-Cambridge-Newton, MA-NH",1337867.0,622101.0,2.150562368490004,Boston - MA USA
2021,"Ithaca, NY",39202.0,20113.0,1.9490876547506588,
2008,"Napa, CA",41338.0,16369.0,2.5253833465697353,Napa - CA USA
2022,"Baltimore-Columbia-Towson, MD",759452.0,364521.0,2.083424548928594,Baltimore - MD USA
2020,"Eau Claire, WI",33231.0,17456.0,1.9037007332722273,Eau Claire - WI USA
2017,"Vallejo-Fairfield, CA",171529.0,61959.0,2.7684275085136947,Vallejo-Fairfield - CA USA
2022,"North Port-Sarasota-Bradenton, FL",217529.0,98593.0,2.206333106812857,Sarasota - FL USA
2007,"Lansing-East Lansing, MI",108009.0,54147.0,1.9947365505014127,Lansing - MI USA
2009,"North Port-Sarasota-Bradenton, FL",169737.0,74332.0,2.2834983587149544,Sarasota - FL USA
2005,"Ann Arbor, MI",93483.0,48380.0,1.9322653989251757,Ann Arbor - MI USA
2005,"Tampa-St. Petersburg-Clearwater, FL",694642.0,322359.0,2.154870811734743,Tampa - FL USA
2010,"Clarksville, TN-KY",92965.0,35400.0,2.626129943502825,Clarksville - TN USA
2014,"Oxnard-Thousand Oaks-Ventura, CA",288737.0,99472.0,2.9026962361267494,Ventura - CA USA
2020,"Beaumont-Port Arthur, TX",101780.0,46650.0,2.1817792068595927,Beaumont - TX USA
2022,"Dayton, OH",237907.0,120098.0,1.9809405652050824,Dayton - OH USA
2019,"Cape Coral-Fort Myers, FL",171759.0,69927.0,2.4562615298811616,Fort Myers - FL USA
2012,"New Haven-Milford, CT",274043.0,120963.0,2.2655109413622347,New Haven - CT USA
2005,"Ogden-Clearfield, UT",97175.0,36936.0,2.630902100931341,Ogden - UT USA
2017,"San Jose-Sunnyvale-Santa Clara, CA",742208.0,273080.0,2.717914164347444,San Jose - CA USA
2016,"York-Hanover, PA",94513.0,39878.0,2.3700536636742062,York - PA USA
2007,"Deltona-Daytona Beach-Ormond Beach, FL",138044.0,62470.0,2.209764687049784,Daytona Beach - FL USA
2016,"Erie, PA",80278.0,37253.0,2.1549405417013396,Erie - PA USA
2022,"New York-Newark-Jersey City, NY-NJ-PA",8577494.0,3692153.0,2.3231686227520907,New York - NY USA
2007,"Tucson, AZ",291204.0,135041.0,2.1564117564295286,Tucson - AZ USA
2007,"Elkhart-Goshen, IN",54210.0,21751.0,2.4922992046342696,Elkhart - IN USA
2019,"Youngstown-Warren-Boardman, OH-PA",135043.0,67880.0,1.9894372421921036,Youngstown - OH USA
2021,"Anniston-Oxford-Jacksonville, AL",25960.0,11698.0,2.219182766284835,Anniston-Oxford - AL USA
2010,"Davenport-Moline-Rock Island, IA-IL",90876.0,41915.0,2.1681021114159607,Davenport - IA USA
2019,"Dayton, OH",253464.0,118576.0,2.1375657805964106,Dayton - OH USA
2012,"New York-Newark-Jersey City, NY-NJ-PA",8224570.0,3407678.0,2.4135408333768624,New York - NY USA
2013,"Knoxville, TN",272507.0,120154.0,2.2679810909333025,Knoxville - TN USA
2010,"Bloomington, IN",48339.0,24242.0,1.9940186453262931,Bloomington - IN USA
2010,"Burlington-South Burlington, VT",52012.0,27653.0,1.8808809170795213,Burlington - VT USA
2013,"Louisville/Jefferson County, KY-IN",341676.0,156492.0,2.1833448355187484,Louisville - KY USA
2012,"Raleigh, NC",370722.0,159120.0,2.3298265460030168,Raleigh - NC USA
2005,"Columbia, MO",45583.0,24397.0,1.8683854572283478,Columbia - MO USA
2012,"Harrisburg-Carlisle, PA",148367.0,68015.0,2.181386458869367,Harrisburg - PA USA
2015,"Reno, NV",179298.0,75461.0,2.3760353030042007,Reno - NV USA
2011,"New Haven-Milford, CT",265924.0,118729.0,2.2397560831810255,New Haven - CT USA
2007,"Killeen-Temple, TX",106870.0,42323.0,2.5251045530798857,Killeen - TX USA
2014,"Binghamton, NY",67688.0,31955.0,2.1182287591926148,Binghamton - NY USA
2019,"Worcester, MA-CT",273414.0,126066.0,2.1688163343010802,Worcester - MA USA
2015,"Lincoln, NE",108989.0,50915.0,2.140606893842679,Lincoln - NE USA
2018,"Allentown-Bethlehem-Easton, PA-NJ",238523.0,100455.0,2.3744263600617193,Lehigh Valley - PA USA
2016,"Brownsville-Harlingen, TX",118318.0,39797.0,2.973038168706184,Brownsville-Harlingen - TX USA
2018,"Wichita, KS",183833.0,80766.0,2.2761186637941706,Wichita - KS USA
2009,"Killeen-Temple, TX",132612.0,50690.0,2.6161373051884,Killeen - TX USA
2009,"Salinas, CA",224544.0,69592.0,3.2265777675594896,Salinas - CA USA
2016,"Albany-Schenectady-Troy, NY",251589.0,124321.0,2.0237047642795667,Albany - NY USA
2020,"Hartford-West Hartford-East Hartford, CT",323989.0,163462.0,1.9820447565795107,Hartford - CT USA
2010,"Dallas-Fort Worth-Arlington, TX",2108389.0,868701.0,2.4270594830672465,Dallas-Fort Worth - TX USA
2022,"Lafayette, LA",136160.0,62755.0,2.1697075930204766,Lafayette - LA USA
2018,"Detroit-Warren-Dearborn, MI",1116373.0,518315.0,2.1538504577332316,Detroit - MI USA
2012,"Burlington-South Burlington, VT",59850.0,28236.0,2.1196345091372715,Burlington - VT USA
2020,"Nashville-Davidson--Murfreesboro--Franklin, TN",564613.0,266497.0,2.118646738987681,Nashville - TN USA
2008,"Athens-Clarke County, GA",58006.0,26051.0,2.2266323749568153,Athens - GA USA
2022,"Midland, TX",58229.0,24923.0,2.3363559764073347,Midland - TX USA
2015,"Salisbury, MD-DE",107773.0,44051.0,2.4465505890899184,Salisbury - MD USA
2019,"Birmingham-Hoover, AL",311074.0,144290.0,2.15589437937487,Birmingham - AL USA
2013,"Syracuse, NY",193005.0,89871.0,2.147578195413426,Syracuse - NY USA
2010,"Napa, CA",45645.0,18322.0,2.4912673288942253,Napa - CA USA
2023,"Scranton--Wilkes-Barre--Hazleton, PA",155222.0,71409.0,2.173703594784971,Scranton - PA USA
2008,"Montgomery, AL",96377.0,40985.0,2.351518848359156,Montgomery - AL USA
2020,"Decatur, AL",35498.0,16496.0,2.1519156159068866,Decatur - AL USA
2016,"Manchester-Nashua, NH",123930.0,56114.0,2.208539758349075,Manchester - NH USA
2007,"Amarillo, TX",69894.0,31160.0,2.243068035943517,Amarillo - TX USA
2012,"Kansas City, MO-KS",608065.0,278386.0,2.1842513632151044,Kansas City - MO USA
2012,"Las Cruces, NM",69180.0,24861.0,2.7826716543984555,Las Cruces - NM USA
2008,"Kalamazoo-Portage, MI",79212.0,37905.0,2.089750692520776,Kalamazoo - MI USA
2019,"Hilton Head Island-Bluffton-Beaufort, SC",52352.0,20450.0,2.56,Hilton Head Island - SC USA
2020,"Fresno, CA",391013.0,141252.0,2.7681944326452013,Fresno - CA USA
2017,"Elkhart-Goshen, IN",57043.0,22451.0,2.5407776936439355,Elkhart - IN USA
2020,"Phoenix-Mesa-Scottsdale, AZ",1482213.0,622172.0,2.382320322997499,Phoenix - AZ USA
2018,"Modesto, CA",207984.0,72469.0,2.869971988022465,Modesto - CA USA
2022,"Colorado Springs, CO",242632.0,106589.0,2.276332454568483,Colorado Springs - CO USA
2017,"Santa Maria-Santa Barbara, CA",203991.0,71199.0,2.8650823747524545,Santa Barbara - CA USA
2021,"Dallas-Fort Worth-Arlington, TX",2591134.0,1135875.0,2.281178826895565,Dallas-Fort Worth - TX USA
2005,"Nashville-Davidson--Murfreesboro--Franklin, TN",431564.0,194264.0,2.2215335831651775,Nashville - TN USA
2015,"Barnstable Town, MA",49952.0,24458.0,2.0423583285632514,Barnstable Town - MA USA
2017,"Blacksburg-Christiansburg-Radford, VA",55265.0,25262.0,2.18767318502098,Blacksburg - VA USA
2006,"Naples-Immokalee-Marco Island, FL",70068.0,29305.0,2.39099129841324,Naples - FL USA
2017,"Urban Honolulu, HI",357200.0,137811.0,2.591955649403894,Honolulu - HI USA
2021,"Michigan City-La Porte, IN",27351.0,11829.0,2.3121988333756023,Michigan City-La Porte - IN USA
2013,"Hanford-Corcoran, CA",59740.0,20380.0,2.9313052011776253,Hanford-Corcoran - CA USA
2011,"Gadsden, AL",28255.0,11308.0,2.498673505482844,Gadsden - AL USA
2009,"Memphis, TN-MS-AR",442795.0,177400.0,2.4960259301014656,Memphis - TN USA
2018,"Ann Arbor, MI",119022.0,56091.0,2.1219446970102154,Ann Arbor - MI USA
2007,"Hartford-West Hartford-East Hartford, CT",300501.0,140683.0,2.136015012474855,Hartford - CT USA
2009,"Gadsden, AL",24031.0,10813.0,2.222417460464256,Gadsden - AL USA
2023,"Lynchburg, VA",63317.0,28719.0,2.2047076848079667,Lynchburg - VA USA
2021,"Gainesville, FL",95862.0,46899.0,2.0440094671528177,Gainesville - FL USA
2019,"San Diego-Carlsbad, CA",1334901.0,521372.0,2.5603618913175237,San Diego - CA USA
2018,"St. George, UT",48204.0,17386.0,2.7725756355688485,
2015,"Tyler, TX",60599.0,26177.0,2.3149711578866943,Tyler - TX USA
2010,"Reno, NV",166549.0,69184.0,2.407334065679926,Reno - NV USA
2019,"Houston-The Woodlands-Sugar Land, TX",2407487.0,969418.0,2.483435422077989,Houston - TX USA
2005,"La Crosse-Onalaska, WI-MN",34867.0,14576.0,2.392082875960483,La Crosse-Onalaska - WI USA
2011,"Bloomington, IN",45130.0,24574.0,1.8364938552942134,Bloomington - IN USA
2016,"Akron, OH",202319.0,97606.0,2.072813146732783,Akron - OH USA
2016,"Jackson, MS",187741.0,78384.0,2.3951444172280056,Jackson - MS USA
2009,"Modesto, CA",195219.0,63251.0,3.0864176060457544,Modesto - CA USA
2005,"Springfield, MA",188365.0,90728.0,2.07615069217882,Springfield - MA USA
2018,"Bremerton-Silverdale, WA",70361.0,31430.0,2.2386573337575566,Bremerton - WA USA
2021,"Richmond, VA",362655.0,173574.0,2.0893394171938193,Richmond - VA USA
2016,"Jefferson City, MO",35267.0,17375.0,2.0297553956834533,
2009,"Palm Bay-Melbourne-Titusville, FL",132513.0,59098.0,2.2422586212731397,Melbourne - FL USA
2019,"Lewiston-Auburn, ME",39135.0,16656.0,2.3496037463976944,Lewiston-Auburn - ME USA
2018,"Medford, OR",66644.0,29742.0,2.2407370049088833,Medford - OR USA
2022,"Lawton, OK",48249.0,21222.0,2.2735368956743,
2013,"Redding, CA",64877.0,26632.0,2.4360543706818865,Redding - CA USA
2015,"Bloomington, IL",51681.0,23994.0,2.1539134783695926,Bloomington - IL USA
2019,"Raleigh, NC",421657.0,188733.0,2.234145591920862,Raleigh - NC USA
2018,"Santa Fe, NM",38550.0,18460.0,2.088299024918743,Santa Fe - NM USA
2010,"Billings, MT",43472.0,19058.0,2.281036834924966,Billings - MT USA
2022,"Jonesboro, AR",44300.0,19445.0,2.278220622267935,
2012,"Indianapolis-Carmel-Anderson, IN",565918.0,253810.0,2.2296915015168826,Indianapolis - IN USA
2011,"Jacksonville, FL",380370.0,162775.0,2.336783904162187,Jacksonville - FL USA
2007,"Chattanooga, TN-GA",131549.0,59304.0,2.2182146229596653,Chattanooga - TN USA
2022,"Gulfport-Biloxi-Pascagoula, MS",116523.0,50181.0,2.3220541639265857,Gulfport-Biloxi-Pascagoula - MS USA
2013,"Cape Coral-Fort Myers, FL",190603.0,74991.0,2.5416783347335015,Fort Myers - FL USA
2005,"Auburn-Opelika, AL",40790.0,20517.0,1.9881074231125409,Auburn-Opelika - AL USA
2022,"La Crosse-Onalaska, WI-MN",40194.0,20928.0,1.920584862385321,La Crosse-Onalaska - WI USA
2014,"Myrtle Beach-Conway-North Myrtle Beach, SC-NC",122398.0,52088.0,2.3498310551374595,
2018,"Rocky Mount, NC",42757.0,19371.0,2.2072685973878476,Rocky Mount - NC USA
2019,"Philadelphia-Camden-Wilmington, PA-NJ-DE-MD",1660170.0,774654.0,2.143111634355467,Philadelphia - PA USA
2011,"Dallas-Fort Worth-Arlington, TX",2159757.0,889203.0,2.428868323656128,Dallas-Fort Worth - TX USA
2005,"Scranton--Wilkes-Barre--Hazleton, PA",163494.0,79483.0,2.056968156712756,Scranton - PA USA
2009,"Monroe, MI",26170.0,11641.0,2.248088652177648,Monroe - MI USA
2018,"Gainesville, FL",75635.0,38354.0,1.972023778484643,Gainesville - FL USA
2023,"Medford, OR",66310.0,30161.0,2.19853453134843,Medford - OR USA
2016,"Clarksville, TN-KY",117750.0,45996.0,2.56000521784503,Clarksville - TN USA
2006,"Barnstable Town, MA",46019.0,22936.0,2.0064091384722706,Barnstable Town - MA USA
2016,"Hanford-Corcoran, CA",68106.0,22045.0,3.0894080290315262,Hanford-Corcoran - CA USA
2005,"Atlantic City-Hammonton, NJ",70660.0,32617.0,2.166354968268081,Atlantic City - NJ USA
2012,"San Angelo, TX",39806.0,17697.0,2.2493077922811775,San Angelo - TX USA
2016,"Fayetteville, NC",134651.0,59169.0,2.275701803309165,Fayetteville - NC USA
2021,"Columbia, MO",60544.0,30065.0,2.013770164643273,Columbia - MO USA
2005,"Louisville/Jefferson County, KY-IN",291601.0,134503.0,2.167988818093277,Louisville - KY USA
2011,"Beaumont-Port Arthur, TX",112880.0,45061.0,2.5050487117462996,Beaumont - TX USA
2012,"Bangor, ME",42321.0,22378.0,1.8911877737063187,Bangor - ME USA
2010,"Lafayette, LA",121812.0,49635.0,2.4541553339377455,Lafayette - LA USA
2019,"Albany-Schenectady-Troy, NY",259967.0,127417.0,2.040285048305956,Albany - NY USA
2007,"Sumter, SC",34791.0,13356.0,2.6048966756513927,Sumter - SC USA
2017,"Gulfport-Biloxi-Pascagoula, MS",121460.0,50104.0,2.4241577518760975,Gulfport-Biloxi-Pascagoula - MS USA
2015,"Springfield, MO",146111.0,63934.0,2.285341133043451,Springfield - MO USA
2005,"Cleveland-Elyria, OH",562132.0,269886.0,2.0828497958397247,Cleveland - OH USA
2006,"Hickory-Lenoir-Morganton, NC",80712.0,34568.0,2.3348761860680396,Hickory - NC USA
2012,"Muncie, IN",38721.0,18127.0,2.1360953274121477,Muncie - IN USA
2020,"Modesto, CA",193351.0,68320.0,2.8300790398126465,Modesto - CA USA
2021,"Fayetteville-Springdale-Rogers, AR-MO",169824.0,70933.0,2.394146589034723,Northwest Arkansas - AR USA
2007,"Decatur, IL",25439.0,12403.0,2.051036039667822,Decatur - IL USA
2007,"Charleston-North Charleston, SC",186537.0,84954.0,2.1957412246627586,Charleston - SC USA
2005,"Santa Rosa, CA",155291.0,63953.0,2.4282050881115818,Santa Rosa - CA USA
2016,"Cleveland-Elyria, OH",618506.0,299185.0,2.0673028393803166,Cleveland - OH USA
2020,"Chico, CA",80555.0,33688.0,2.391207551650439,Chico - CA USA
2005,"Atlanta-Sandy Springs-Roswell, GA",1362374.0,570334.0,2.3887301125305522,Atlanta - GA USA
2007,"Pueblo, CO",38084.0,15859.0,2.4014124471908693,Pueblo - CO USA
2023,"Tampa-St. Petersburg-Clearwater, FL",954344.0,438154.0,2.178101763306965,Tampa - FL USA
2019,"Jackson, MI",28641.0,16150.0,1.77343653250774,Jackson - MI USA
2018,"Anchorage, AK",120489.0,50992.0,2.362900062754942,Anchorage - AK USA
2022,"Palm Bay-Melbourne-Titusville, FL",138601.0,61389.0,2.2577497597289415,Melbourne - FL USA
2010,"Norwich-New London, CT",70326.0,34043.0,2.065799136386335,Norwich - CT USA
2023,"Birmingham-Hoover, AL",287073.0,134714.0,2.13098118977983,Birmingham - AL USA
2012,"Reno, NV",172091.0,70844.0,2.4291541979560725,Reno - NV USA
2005,"Canton-Massillon, OH",100982.0,45300.0,2.2291832229580573,Canton - OH USA
2016,"Midland, TX",47850.0,20506.0,2.3334633765727104,Midland - TX USA
2015,"Muncie, IN",39960.0,15898.0,2.513523713674676,Muncie - IN USA
2009,"Greeley, CO",72554.0,25563.0,2.8382427727575013,Greeley - CO USA
2020,"Bakersfield, CA",341156.0,112925.0,3.0210847907903475,Bakersfield - CA USA
2008,"Sumter, SC",27460.0,11302.0,2.429658467527871,Sumter - SC USA
2022,"Santa Rosa, CA",170541.0,73368.0,2.32446025515211,Santa Rosa - CA USA
2019,"Naples-Immokalee-Marco Island, FL",82011.0,35856.0,2.2872322623828647,Naples - FL USA
2012,"Tyler, TX",67364.0,27787.0,2.4242991326879477,Tyler - TX USA
2015,"Huntsville, AL",121955.0,52334.0,2.33032063285818,Huntsville - AL USA
2014,"Pueblo, CO",51135.0,21492.0,2.379257398101619,Pueblo - CO USA
2022,"Corpus Christi, TX",151372.0,64346.0,2.3524694619712183,Corpus Christi - TX USA
2007,"Decatur, AL",32003.0,14282.0,2.24079260607758,Decatur - AL USA
2017,"Kalamazoo-Portage, MI",101071.0,48004.0,2.1054703774685444,Kalamazoo - MI USA
2007,"Springfield, IL",59205.0,27744.0,2.13397491349481,Springfield - IL USA
2020,"San Jose-Sunnyvale-Santa Clara, CA",698145.0,274366.0,2.5445754940480962,San Jose - CA USA
2009,"Jackson, TN",25787.0,11563.0,2.230130588947505,Jackson - TN USA
2013,"Punta Gorda, FL",34969.0,14495.0,2.412487064505002,Punta Gorda - FL USA
2016,"Eau Claire, WI",44914.0,21030.0,2.1357108892058965,Eau Claire - WI USA
2019,"Merced, CA",131385.0,38065.0,3.4515959542887167,Merced - CA USA
2012,"State College, PA",48381.0,21679.0,2.2316988790995893,State College - PA USA
2020,"Norwich-New London, CT",68546.0,37884.0,1.8093654313166507,Norwich - CT USA
2009,"Naples-Immokalee-Marco Island, FL",62922.0,26192.0,2.4023365913255956,Naples - FL USA
2014,"Hilton Head Island-Bluffton-Beaufort, SC",58093.0,22648.0,2.565038855528082,Hilton Head Island - SC USA
2014,"St. George, UT",46947.0,15515.0,3.0259104092813405,
2007,"Bridgeport-Stamford-Norwalk, CT",202068.0,91590.0,2.2062233868326238,Stamford - CT USA
2017,"Cape Coral-Fort Myers, FL",186163.0,75296.0,2.4724155333616658,Fort Myers - FL USA
2010,"Florence-Muscle Shoals, AL",38076.0,17385.0,2.1901639344262294,Florence-Muscle Shoals - AL USA
2009,"Columbus, OH",560170.0,251543.0,2.2269353549890076,Columbus - OH USA
2016,"Memphis, TN-MS-AR",474673.0,196825.0,2.411649942842627,Memphis - TN USA
2006,"Vineland-Bridgeton, NJ",42301.0,16507.0,2.5626098019022234,Vineland - NJ USA
2021,"North Port-Sarasota-Bradenton, FL",186818.0,88691.0,2.1063918548668976,Sarasota - FL USA
2018,"Colorado Springs, CO",215861.0,91526.0,2.358466446692743,Colorado Springs - CO USA
2021,"Amarillo, TX",81407.0,36452.0,2.233265664435422,Amarillo - TX USA
2021,"Akron, OH",182730.0,93965.0,1.9446602458362157,Akron - OH USA
2023,"Charleston, WV",44157.0,22684.0,1.9466143537295009,
2014,"Cleveland-Elyria, OH",621872.0,302297.0,2.057155711105304,Cleveland - OH USA
2015,"York-Hanover, PA",101033.0,44189.0,2.286383489103623,York - PA USA
2012,"New Orleans-Metairie, LA",403022.0,182468.0,2.2087270096674487,New Orleans - LA USA
2017,"San Angelo, TX",34567.0,14788.0,2.3375033811198267,San Angelo - TX USA
2022,"Lawrence, KS",46547.0,24206.0,1.9229529868627613,
2009,"Colorado Springs, CO",171734.0,76060.0,2.257875361556666,Colorado Springs - CO USA
2006,"Beaumont-Port Arthur, TX",103244.0,43952.0,2.349017109574081,Beaumont - TX USA
2005,"Valdosta, GA",43207.0,17631.0,2.450626736997334,Valdosta - GA USA
2021,"Louisville/Jefferson County, KY-IN",349252.0,164764.0,2.1197106163967856,Louisville - KY USA
2010,"Chico, CA",82072.0,34650.0,2.368600288600289,Chico - CA USA
2009,"Lansing-East Lansing, MI",122357.0,56927.0,2.1493667328332777,Lansing - MI USA
2005,"Mansfield, OH",27639.0,13944.0,1.9821428571428572,Mansfield - OH USA
2009,"Rochester, NY",254041.0,123306.0,2.0602484875026357,Rochester - NY USA
2008,"Salinas, CA",191127.0,66108.0,2.8911326919586133,Salinas - CA USA
2007,"Hattiesburg, MS",31599.0,15482.0,2.041015372690867,Hattiesburg - MS USA
2016,"New Orleans-Metairie, LA",400302.0,187257.0,2.1377144779634407,New Orleans - LA USA
2008,"Olympia-Tumwater, WA",76490.0,31991.0,2.3909849645212717,Olympia - WA USA
2020,"Wausau, WI",22778.0,12300.0,1.851869918699187,Wausau - WI USA
2022,"Winston-Salem, NC",185422.0,87376.0,2.122115912836477,Winston-Salem - NC USA
2013,"Trenton, NJ",120924.0,47438.0,2.5490956617058056,Trenton - NJ USA
2010,"Kankakee, IL",36387.0,13882.0,2.6211640973923065,Kankakee - IL USA
2022,"Glens Falls, NY",24862.0,13614.0,1.826208314969884,Glens Falls - NY USA
2020,"Houma-Thibodaux, LA",34519.0,17432.0,1.9802088113813676,Houma-Thibodaux - LA USA
2011,"Little Rock-North Little Rock-Conway, AR",191429.0,91082.0,2.1017215256581983,Little Rock - AR USA
2012,"Yakima, WA",88822.0,30591.0,2.9035337190676995,Yakima - WA USA
2021,"Binghamton, NY",62506.0,33173.0,1.8842432098393271,Binghamton - NY USA
2013,"Laredo, TX",79338.0,23975.0,3.309197080291971,Laredo - TX USA
2018,"Sheboygan, WI",26576.0,13273.0,2.0022602275295713,Sheboygan - WI USA
2023,"Mankato-North Mankato, MN",29531.0,14711.0,2.0074094215213107,
2008,"Michigan City-La Porte, IN",23875.0,10452.0,2.2842518178339075,Michigan City-La Porte - IN USA
2020,"Syracuse, NY",189538.0,94285.0,2.0102667444450337,Syracuse - NY USA
2010,"Manchester-Nashua, NH",104589.0,45777.0,2.2847499836162264,Manchester - NH USA
2012,"Oxnard-Thousand Oaks-Ventura, CA",283142.0,96849.0,2.923540769651726,Ventura - CA USA
2018,"Akron, OH",183008.0,89337.0,2.0485129341706125,Akron - OH USA
2020,"Florence, SC",53654.0,25146.0,2.133699196691323,
2020,"Janesville-Beloit, WI",34415.0,17845.0,1.9285514149621743,Janesville-Beloit - WI USA
2010,"Jackson, MI",30021.0,14098.0,2.1294509859554545,Jackson - MI USA
2007,"Worcester, MA-CT",201782.0,93770.0,2.1518822651167753,Worcester - MA USA
2015,"Minneapolis-St. Paul-Bloomington, MN-WI",940411.0,425474.0,2.2102666672934186,Minneapolis - MN USA
2005,"Chattanooga, TN-GA",118496.0,53299.0,2.2232312050882754,Chattanooga - TN USA
2014,"Homosassa Springs, FL",29413.0,12347.0,2.3821981048027863,
2006,"Lake Charles, LA",44035.0,21646.0,2.0343250485078075,Lake Charles - LA USA
2015,"Milwaukee-Waukesha-West Allis, WI",550061.0,253424.0,2.170516604583623,Milwaukee - WI USA
2013,"Des Moines-West Des Moines, IA",181214.0,77466.0,2.3392714223013966,
2007,"Philadelphia-Camden-Wilmington, PA-NJ-DE-MD",1371885.0,648820.0,2.1144308128602693,Philadelphia - PA USA
2017,"Iowa City, IA",46773.0,23755.0,1.9689749526415492,Iowa City - IA USA
2010,"Yuma, AZ",54073.0,19275.0,2.805343709468223,Yuma - AZ USA
2022,"Fayetteville-Springdale-Rogers, AR-MO",186082.0,80075.0,2.3238463940056198,Northwest Arkansas - AR USA
2010,"New Haven-Milford, CT",261490.0,121182.0,2.1578287204370286,New Haven - CT USA
2013,"Napa, CA",47382.0,17414.0,2.7209142069599173,Napa - CA USA
2016,"Little Rock-North Little Rock-Conway, AR",235977.0,104760.0,2.252548682703322,Little Rock - AR USA
2022,"Mansfield, OH",31464.0,14846.0,2.1193587498316044,Mansfield - OH USA
2021,"Madera, CA",50047.0,16196.0,3.0900839713509507,Madera - CA USA
2007,"Little Rock-North Little Rock-Conway, AR",177423.0,81152.0,2.1863047121451102,Little Rock - AR USA
2018,"Oklahoma City, OK",482257.0,201943.0,2.388084756589731,Oklahoma City - OK USA
2014,"Albany-Schenectady-Troy, NY",240919.0,123219.0,1.9552098296528944,Albany - NY USA
2018,"Fayetteville, NC",139945.0,61994.0,2.2573958770203566,Fayetteville - NC USA
2023,"Las Cruces, NM",64190.0,29939.0,2.144026186579378,Las Cruces - NM USA
2014,"Lancaster, PA",148660.0,62534.0,2.377266766878818,Lancaster - PA USA
2017,"Youngstown-Warren-Boardman, OH-PA",148488.0,69254.0,2.1441071995841394,Youngstown - OH USA
2023,"Columbia, SC",206459.0,96966.0,2.12918961285399,
2014,"Niles-Benton Harbor, MI",43536.0,19908.0,2.1868595539481617,Niles-Benton Harbor - MI USA
2008,"Binghamton, NY",58778.0,29898.0,1.9659508997257342,Binghamton - NY USA
2008,"Toledo, OH",170793.0,80916.0,2.1107444757526324,Toledo - OH USA
2019,"New Orleans-Metairie, LA",354731.0,176200.0,2.013229284903519,New Orleans - LA USA
2015,"Baltimore-Columbia-Towson, MD",812150.0,353089.0,2.3001282962652474,Baltimore - MD USA
2011,"Santa Rosa, CA",177327.0,72305.0,2.4524859968190307,Santa Rosa - CA USA
2018,"Prescott, AZ",64012.0,27322.0,2.342873874533343,Prescott - AZ USA
2016,"Wichita Falls, TX",49266.0,20868.0,2.3608395629672225,Wichita Falls - TX USA
2010,"Albany-Schenectady-Troy, NY",235062.0,119119.0,1.973337586782965,Albany - NY USA
2015,"Des Moines-West Des Moines, IA",180673.0,81925.0,2.2053463533719864,
2007,"La Crosse-Onalaska, WI-MN",31273.0,15566.0,2.009058203777464,La Crosse-Onalaska - WI USA
2013,"Johnstown, PA",30798.0,13992.0,2.2011149228130362,Johnstown - PA USA
2023,"Vallejo-Fairfield, CA",151317.0,56868.0,2.6608461700780754,Vallejo-Fairfield - CA USA
2014,"Lebanon, PA",34412.0,15514.0,2.2181255640067037,Lebanon - PA USA
2006,"Yuma, AZ",56011.0,20327.0,2.7554976140109213,Yuma - AZ USA
2022,"Sheboygan, WI",29240.0,14193.0,2.0601705065877547,Sheboygan - WI USA
2015,"Corpus Christi, TX",178416.0,72251.0,2.4693914271082753,Corpus Christi - TX USA
2014,"Salinas, CA",214244.0,67661.0,3.1664326569220083,Salinas - CA USA
2021,"Yuma, AZ",62843.0,22255.0,2.823769939339474,Yuma - AZ USA
2012,"Fort Wayne, IN",94746.0,42981.0,2.2043693725134363,Fort Wayne - IN USA
2011,"Anniston-Oxford-Jacksonville, AL",36670.0,13634.0,2.6895995305853013,Anniston-Oxford - AL USA
2005,"Salinas, CA",186002.0,59656.0,3.117909346922355,Salinas - CA USA
2019,"Napa, CA",39609.0,15836.0,2.50119979792877,Napa - CA USA
2012,"Binghamton, NY",65800.0,31357.0,2.098415026947731,Binghamton - NY USA
2013,"Ocean City, NJ",21368.0,10667.0,2.0031874003937378,Ocean City - NJ USA
2010,"Monroe, MI",29670.0,11960.0,2.480769230769231,Monroe - MI USA
2014,"Wausau, WI",23373.0,12466.0,1.8749398363548853,Wausau - WI USA
2006,"Richmond, VA",290812.0,130720.0,2.2246940024479804,Richmond - VA USA
2013,"Columbia, MO",69412.0,31706.0,2.1892386299123197,Columbia - MO USA
2023,"Greensboro-High Point, NC",270018.0,121293.0,2.2261630926764115,Greensboro - NC USA
2020,"Little Rock-North Little Rock-Conway, AR",208315.0,103685.0,2.0091141438009354,Little Rock - AR USA
2020,"Lynchburg, VA",55506.0,26097.0,2.1269111392114035,Lynchburg - VA USA
2017,"Bakersfield, CA",348399.0,111062.0,3.136977544074481,Bakersfield - CA USA
2005,"Memphis, TN-MS-AR",408980.0,169267.0,2.416182717245535,Memphis - TN USA
2010,"Hammond, LA",37778.0,14425.0,2.6189254766031196,Hammond - LA USA
2011,"Austin-Round Rock, TX",653930.0,295178.0,2.215375129582828,Austin - TX USA
2020,"Ogden-Clearfield, UT",125962.0,44679.0,2.8192663219857206,Ogden - UT USA
2019,"Waco, TX",84733.0,35743.0,2.37061802310942,Waco - TX USA
2017,"Amarillo, TX",81228.0,34128.0,2.380098452883263,Amarillo - TX USA
2023,"Gulfport-Biloxi-Pascagoula, MS",108518.0,49894.0,2.1749709383893854,Gulfport-Biloxi-Pascagoula - MS USA
2013,"Port St. Lucie, FL",125231.0,48871.0,2.5624808168443454,Port St. Lucie - FL USA
2023,"Fresno, CA",390824.0,136981.0,2.853125615961338,Fresno - CA USA
2011,"Akron, OH",190099.0,87361.0,2.1760167580499306,Akron - OH USA
2006,"Allentown-Bethlehem-Easton, PA-NJ",180476.0,80606.0,2.238989653375679,Lehigh Valley - PA USA
2010,"Chicago-Naperville-Elgin, IL-IN-WI",2755095.0,1150468.0,2.3947602193194424,Chicago - IL USA
2017,"Portland-South Portland, ME",110283.0,56068.0,1.966950845402012,Portland - ME USA
2015,"Morgantown, WV",32669.0,18136.0,1.8013343625937361,Morgantown - WV USA
2023,"Punta Gorda, FL",31242.0,14674.0,2.1290718277225023,Punta Gorda - FL USA
2023,"Reading, PA",109225.0,47090.0,2.3194945848375452,Reading - PA USA
2009,"Anchorage, AK",114683.0,47189.0,2.430290957638433,Anchorage - AK USA
2012,"Visalia-Porterville, CA",202780.0,57747.0,3.511524408194365,Visalia - CA USA
2016,"Topeka, KS",62717.0,30671.0,2.0448306217599685,
2020,"Chicago-Naperville-Elgin, IL-IN-WI",2717332.0,1267348.0,2.144108800424193,Chicago - IL USA
2017,"Manchester-Nashua, NH",121245.0,53685.0,2.2584520815870355,Manchester - NH USA
2015,"Amarillo, TX",79872.0,34614.0,2.3075056335586757,Amarillo - TX USA
2022,"Bloomington, IL",40300.0,22651.0,1.7791708975321179,Bloomington - IL USA
2013,"Monroe, LA",51221.0,21973.0,2.3310881536431074,Monroe - LA USA
2011,"Cleveland-Elyria, OH",604353.0,291608.0,2.0724842939837043,Cleveland - OH USA
2005,"Charlottesville, VA",54940.0,26733.0,2.055137844611529,Charlottesville - VA USA
2014,"Lansing-East Lansing, MI",139576.0,64383.0,2.1679014646723513,Lansing - MI USA
2023,"Madera, CA",49484.0,15561.0,3.180001285264443,Madera - CA USA
2018,"Lafayette-West Lafayette, IN",69204.0,31768.0,2.178418534374213,
2021,"Santa Cruz-Watsonville, CA",108707.0,38501.0,2.8234851042830056,Santa Cruz - CA USA
2015,"Springfield, MA",182614.0,81608.0,2.237697284579943,Springfield - MA USA
2021,"Huntsville, AL",111780.0,55621.0,2.00967260567052,Huntsville - AL USA
2009,"Houma-Thibodaux, LA",41455.0,17972.0,2.306643667927888,Houma-Thibodaux - LA USA
2021,"Johnstown, PA",22642.0,12666.0,1.7876204010737407,Johnstown - PA USA
2016,"La Crosse-Onalaska, WI-MN",34177.0,18490.0,1.8484045429962142,La Crosse-Onalaska - WI USA
2005,"Greeley, CO",49918.0,20253.0,2.4647212758603665,Greeley - CO USA
2016,"Cape Coral-Fort Myers, FL",185351.0,77636.0,2.387436240919161,Fort Myers - FL USA
2005,"Virginia Beach-Norfolk-Newport News, VA-NC",501700.0,216280.0,2.3196781949324947,Norfolk - VA USA
2015,"Stockton-Lodi, CA",309589.0,101222.0,3.058514947343463,Stockton - CA USA
2021,"Augusta-Richmond County, GA-SC",142369.0,63989.0,2.224898029348794,Augusta - GA USA
2023,"Racine, WI",40766.0,20490.0,1.9895558809175207,Racine - WI USA
2022,"Jackson, MS",157085.0,75414.0,2.08296867955552,Jackson - MS USA
2005,"Morgantown, WV",28369.0,15274.0,1.857339269346602,Morgantown - WV USA
2020,"Columbia, SC",206927.0,95634.0,2.163738837651881,
2013,"Charleston-North Charleston, SC",223612.0,97149.0,2.301742683918517,Charleston - SC USA
2013,"Greensboro-High Point, NC",267406.0,116060.0,2.304032397036016,Greensboro - NC USA
2017,"Coeur d'Alene, ID",38232.0,16655.0,2.2955268688081656,
2021,"Kansas City, MO-KS",664180.0,312858.0,2.1229439554046885,Kansas City - MO USA
2021,"Buffalo-Cheektowaga-Niagara Falls, NY",318551.0,162748.0,1.957326664536584,Buffalo - NY USA
2018,"Flagstaff, AZ",44698.0,17750.0,2.5181971830985916,Flagstaff - AZ USA
2010,"East Stroudsburg, PA",25767.0,10169.0,2.5338774707444194,East Stroudsburg - PA USA
2011,"Salt Lake City, UT",301024.0,118342.0,2.5436784911527606,Salt Lake City - UT USA
2011,"Pueblo, CO",53363.0,21092.0,2.5300113787217904,Pueblo - CO USA
2015,"Spartanburg, SC",78924.0,34890.0,2.262080825451419,Spartanburg - SC USA
2007,"Wausau, WI",26556.0,13995.0,1.897534833869239,Wausau - WI USA
2023,"El Centro, CA",59656.0,22162.0,2.691814818157206,El Centro - CA USA
2006,"Portland-Vancouver-Hillsboro, OR-WA",642016.0,287173.0,2.235641930125743,Portland - OR USA
2014,"Scranton--Wilkes-Barre--Hazleton, PA",133067.0,61965.0,2.147454208020657,Scranton - PA USA
2013,"Sebastian-Vero Beach, FL",37104.0,16309.0,2.275062848733828,
2016,"Burlington-South Burlington, VT",56407.0,29206.0,1.9313497226597274,Burlington - VT USA
2005,"Lafayette, LA",101093.0,46139.0,2.191053122087605,Lafayette - LA USA
2014,"Greensboro-High Point, NC",263131.0,114010.0,2.307964213665468,Greensboro - NC USA
2006,"New Haven-Milford, CT",235708.0,108320.0,2.176033973412112,New Haven - CT USA
2012,"Virginia Beach-Norfolk-Newport News, VA-NC",587379.0,245616.0,2.391452511237053,Norfolk - VA USA
2010,"Columbus, OH",600386.0,258938.0,2.3186477071731457,Columbus - OH USA
2006,"Pueblo, CO",42265.0,18335.0,2.3051540769020997,Pueblo - CO USA
2013,"Hilton Head Island-Bluffton-Beaufort, SC",59158.0,22640.0,2.6129858657243816,Hilton Head Island - SC USA
2021,"Port St. Lucie, FL",96041.0,42638.0,2.252474318682865,Port St. Lucie - FL USA
2006,"Kennewick-Richland, WA",61004.0,24150.0,2.526045548654244,Kennewick-Richland - WA USA
2011,"Morgantown, WV",34913.0,18776.0,1.8594482317852579,Morgantown - WV USA
2015,"Ann Arbor, MI",119804.0,57350.0,2.0889973844812553,Ann Arbor - MI USA
2016,"Prescott, AZ",60627.0,25200.0,2.4058333333333333,Prescott - AZ USA
2010,"Barnstable Town, MA",49537.0,23226.0,2.132825282011539,Barnstable Town - MA USA
2017,"Visalia-Porterville, CA",198223.0,61775.0,3.208789963577499,Visalia - CA USA
2020,"Worcester, MA-CT",226141.0,114212.0,1.9800108570027668,Worcester - MA USA
2011,"Boston-Cambridge-Newton, MA-NH",1485371.0,693241.0,2.142647362172751,Boston - MA USA
2011,"Rochester, NY",276857.0,133310.0,2.0767909384142227,Rochester - NY USA
2018,"Louisville/Jefferson County, KY-IN",354701.0,162949.0,2.176760827007223,Louisville - KY USA
2009,"College Station-Bryan, TX",84035.0,35285.0,2.381606915119739,College Station-Bryan - TX USA
2020,"Sheboygan, WI",25953.0,12280.0,2.1134364820846905,Sheboygan - WI USA
2017,"Providence-Warwick, RI-MA",520027.0,243310.0,2.137302207060951,Providence - RI USA
2017,"State College, PA",43717.0,22038.0,1.9837099555313549,State College - PA USA
2006,"Ogden-Clearfield, UT",93928.0,37410.0,2.510772520716386,Ogden - UT USA
2018,"Des Moines-West Des Moines, IA",186882.0,82604.0,2.262384388165222,
2009,"St. Louis, MO-IL",681358.0,316247.0,2.154512137664547,Saint Louis - MO USA
2023,"La Crosse-Onalaska, WI-MN",34716.0,18828.0,1.8438495857233907,La Crosse-Onalaska - WI USA
2022,"Springfield, MA",178004.0,87434.0,2.0358670540064505,Springfield - MA USA
2018,"El Centro, CA",39566.0,14408.0,2.7461132704053304,El Centro - CA USA
2005,"Dallas-Fort Worth-Arlington, TX",1797757.0,765559.0,2.3482932079696015,Dallas-Fort Worth - TX USA
2023,"East Stroudsburg, PA",26446.0,12468.0,2.1211100417067694,East Stroudsburg - PA USA
2010,"Port St. Lucie, FL",98835.0,39953.0,2.4737816934898507,Port St. Lucie - FL USA
2015,"Toledo, OH",203070.0,95709.0,2.121744036610977,Toledo - OH USA
2014,"Charlotte-Concord-Gastonia, NC-SC",754497.0,319840.0,2.358982616308154,Charlotte - NC USA
2023,"Oshkosh-Neenah, WI",47287.0,24681.0,1.915927231473603,
2009,"Detroit-Warren-Dearborn, MI",1048872.0,459915.0,2.2805779328789013,Detroit - MI USA
2017,"Ogden-Clearfield, UT",124964.0,46953.0,2.6614699806189166,Ogden - UT USA
2006,"Bend-Redmond, OR",41604.0,17708.0,2.349446577817935,Bend - OR USA
2008,"Greenville, NC",59340.0,27627.0,2.1478987946574004,Greenville - NC USA
2019,"Boise City, ID",191837.0,79160.0,2.4234082870136433,Boise - ID USA
2007,"Jackson, MS",126900.0,55015.0,2.3066436426429155,Jackson - MS USA
2011,"Las Vegas-Henderson-Paradise, NV",834800.0,322388.0,2.5894264054493346,Las Vegas - NV USA
2020,"St. George, UT",52133.0,17852.0,2.9202890432444546,
2017,"Reading, PA",100967.0,42785.0,2.3598691130068947,Reading - PA USA
2010,"Miami-Fort Lauderdale-West Palm Beach, FL",1742425.0,707450.0,2.4629655806064035,Miami - FL USA
2020,"Baltimore-Columbia-Towson, MD",713881.0,350772.0,2.0351709942640803,Baltimore - MD USA
2012,"Jackson, TN",30755.0,14698.0,2.092461559395836,Jackson - TN USA
2015,"Myrtle Beach-Conway-North Myrtle Beach, SC-NC",118609.0,49875.0,2.378125313283208,
2018,"Monroe, LA",51492.0,23215.0,2.2180486754253717,Monroe - LA USA
2021,"Decatur, IL",27979.0,13503.0,2.0720580611715915,Decatur - IL USA
2013,"Goldsboro, NC",56392.0,20966.0,2.689688066393208,Goldsboro - NC USA
2005,"Yakima, WA",73113.0,26259.0,2.7843025248486235,Yakima - WA USA
2015,"Syracuse, NY",186749.0,86344.0,2.162848605577689,Syracuse - NY USA
2022,"Spokane-Spokane Valley, WA",196492.0,91104.0,2.15678784685634,Spokane - WA USA
2023,"Iowa City, IA",46428.0,25883.0,1.793764246802921,Iowa City - IA USA
2009,"Youngstown-Warren-Boardman, OH-PA",125555.0,61884.0,2.0288766078469394,Youngstown - OH USA
2015,"Chattanooga, TN-GA",152568.0,67590.0,2.2572569906790947,Chattanooga - TN USA
2016,"Toledo, OH",218915.0,100588.0,2.1763530441006878,Toledo - OH USA
2021,"Jefferson City, MO",27686.0,13985.0,1.9796925277082589,
2005,"Montgomery, AL",98015.0,42345.0,2.3146770575038373,Montgomery - AL USA
2022,"Hanford-Corcoran, CA",51901.0,18183.0,2.854369465984711,Hanford-Corcoran - CA USA
2007,"Wichita Falls, TX",41589.0,17022.0,2.443249911878745,Wichita Falls - TX USA
2009,"Reno, NV",153157.0,62331.0,2.4571561502302224,Reno - NV USA
2018,"Miami-Fort Lauderdale-West Palm Beach, FL",2056572.0,854121.0,2.407822779208098,Miami - FL USA
2014,"Seattle-Tacoma-Bellevue, WA",1276034.0,571219.0,2.233878775040746,Seattle - WA USA
2023,"Roanoke, VA",99510.0,43948.0,2.2642668608355327,
2016,"Des Moines-West Des Moines, IA",177327.0,82157.0,2.1583918594885403,
2012,"Columbia, MO",67237.0,29241.0,2.2994083649669985,Columbia - MO USA
2018,"Riverside-San Bernardino-Ontario, CA",1445546.0,482351.0,2.9968757191339916,Inland Empire - CA USA
2015,"Midland, TX",36423.0,17364.0,2.0976157567380787,Midland - TX USA
2005,"Deltona-Daytona Beach-Ormond Beach, FL",141885.0,66658.0,2.128551711722524,Daytona Beach - FL USA
2015,"Laredo, TX",90193.0,27879.0,3.2351590803113455,Laredo - TX USA
2005,"Fresno, CA",356033.0,117106.0,3.040262668010179,Fresno - CA USA
2014,"Milwaukee-Waukesha-West Allis, WI",532805.0,250367.0,2.1280959551378578,Milwaukee - WI USA
2022,"Raleigh, NC",384458.0,183552.0,2.0945454149232914,Raleigh - NC USA
2013,"Gadsden, AL",24941.0,11132.0,2.2404779015450953,Gadsden - AL USA
2020,"Wenatchee, WA",43070.0,18366.0,2.3450941957965807,
2010,"Amarillo, TX",75165.0,33538.0,2.241189098932554,Amarillo - TX USA
2019,"Palm Bay-Melbourne-Titusville, FL",110991.0,52130.0,2.1291195089200077,Melbourne - FL USA
2021,"Blacksburg-Christiansburg-Radford, VA",58024.0,27549.0,2.1062107517514246,Blacksburg - VA USA
2010,"Vallejo-Fairfield, CA",148958.0,52478.0,2.8384846983497845,Vallejo-Fairfield - CA USA
2007,"Kalamazoo-Portage, MI",82133.0,38892.0,2.1118224827728067,Kalamazoo - MI USA
2023,"Knoxville, TN",230534.0,104800.0,2.1997519083969466,Knoxville - TN USA
2009,"Wichita, KS",167578.0,76835.0,2.1810112578902845,Wichita - KS USA
2007,"Phoenix-Mesa-Scottsdale, AZ",1154484.0,459785.0,2.510921408919386,Phoenix - AZ USA
2012,"Detroit-Warren-Dearborn, MI",1127328.0,504785.0,2.233283477123924,Detroit - MI USA
2011,"Springfield, MO",133102.0,60451.0,2.201816347124117,Springfield - MO USA
2006,"Vallejo-Fairfield, CA",129203.0,46906.0,2.7545090180360723,Vallejo-Fairfield - CA USA
2017,"Reno, NV",175254.0,75274.0,2.328214257246858,Reno - NV USA
2018,"Florence, SC",59056.0,25134.0,2.349645897986791,
2023,"Deltona-Daytona Beach-Ormond Beach, FL",162297.0,73379.0,2.2117635835865848,Daytona Beach - FL USA
2010,"El Centro, CA",64320.0,20734.0,3.102151056236134,El Centro - CA USA
2006,"San Jose-Sunnyvale-Santa Clara, CA",574795.0,231067.0,2.487568540726283,San Jose - CA USA
2012,"Youngstown-Warren-Boardman, OH-PA",152238.0,69578.0,2.1880192014717297,Youngstown - OH USA
2011,"Elkhart-Goshen, IN",48704.0,19450.0,2.5040616966580975,Elkhart - IN USA
2018,"Providence-Warwick, RI-MA",507999.0,241283.0,2.10540734324424,Providence - RI USA
2007,"El Centro, CA",67129.0,23613.0,2.8428831575826874,El Centro - CA USA
2023,"Colorado Springs, CO",231508.0,101358.0,2.2840624321711163,Colorado Springs - CO USA
2023,"Blacksburg-Christiansburg-Radford, VA",56089.0,26367.0,2.1272423863162286,Blacksburg - VA USA
2016,"Elkhart-Goshen, IN",58167.0,24003.0,2.4233220847394077,Elkhart - IN USA
2007,"Oklahoma City, OK",369553.0,163061.0,2.2663481764493043,Oklahoma City - OK USA
2005,"Wichita, KS",153877.0,69802.0,2.2044783817082605,Wichita - KS USA
2005,"State College, PA",43740.0,20658.0,2.1173395294801045,State College - PA USA
2022,"East Stroudsburg, PA",28060.0,11185.0,2.5087170317389362,East Stroudsburg - PA USA
2014,"Decatur, AL",35761.0,15574.0,2.2961987928598946,Decatur - AL USA
2006,"Deltona-Daytona Beach-Ormond Beach, FL",142122.0,64253.0,2.211912284251319,Daytona Beach - FL USA
2006,"Detroit-Warren-Dearborn, MI",927288.0,429572.0,2.1586323130930323,Detroit - MI USA
2023,"Las Vegas-Henderson-Paradise, NV",883350.0,372628.0,2.37059480232296,Las Vegas - NV USA
2014,"Erie, PA",82511.0,37554.0,2.197129466900996,Erie - PA USA
2010,"Modesto, CA",209455.0,67425.0,3.106488691138302,Modesto - CA USA
2015,"Merced, CA",129813.0,38496.0,3.372116583541147,Merced - CA USA
2013,"Clarksville, TN-KY",111792.0,43793.0,2.5527367387482016,Clarksville - TN USA
2021,"Lansing-East Lansing, MI",117351.0,64221.0,1.8272994814780212,Lansing - MI USA
2022,"Boston-Cambridge-Newton, MA-NH",1600995.0,754975.0,2.1205933971323554,Boston - MA USA
2011,"Lake Havasu City-Kingman, AZ",65804.0,26856.0,2.450253202263926,Lake Havasu - AZ USA
2007,"Oxnard-Thousand Oaks-Ventura, CA",226247.0,81840.0,2.7645039100684263,Ventura - CA USA
2017,"Jackson, TN",30733.0,14368.0,2.138989420935412,Jackson - TN USA
2015,"Ocala, FL",67004.0,29541.0,2.268169662502962,Ocala - FL USA
2009,"Fayetteville-Springdale-Rogers, AR-MO",131962.0,54978.0,2.4002691985885263,Northwest Arkansas - AR USA
2016,"Santa Fe, NM",33202.0,18014.0,1.8431220162096147,Santa Fe - NM USA
2019,"Gainesville, FL",87119.0,47083.0,1.850328143916063,Gainesville - FL USA
2012,"Nashville-Davidson--Murfreesboro--Franklin, TN",541424.0,242457.0,2.233072256111393,Nashville - TN USA
2019,"Springfield, OH",40658.0,17425.0,2.3333142037302728,Springfield - OH USA
2007,"Greenville, NC",60531.0,29503.0,2.0516896586787783,Greenville - NC USA
2013,"York-Hanover, PA",95507.0,41177.0,2.3194258930956604,York - PA USA
2022,"Muncie, IN",32677.0,15744.0,2.0755208333333335,Muncie - IN USA
2021,"Decatur, AL",31365.0,15140.0,2.071664464993395,Decatur - AL USA
2017,"Yuba City, CA",64472.0,23089.0,2.7923253497336393,Yuba City - CA USA
2022,"New Haven-Milford, CT",279408.0,133690.0,2.0899693320368016,New Haven - CT USA
2016,"Wilmington, NC",93398.0,43880.0,2.1284867821330904,
2009,"Vallejo-Fairfield, CA",128974.0,47381.0,2.722061585867753,Vallejo-Fairfield - CA USA
2007,"Buffalo-Cheektowaga-Niagara Falls, NY",313854.0,153500.0,2.0446514657980455,Buffalo - NY USA
2016,"Oshkosh-Neenah, WI",49360.0,24369.0,2.0255242316057287,
2022,"St. George, UT",45645.0,17044.0,2.678068528514433,
2015,"San Luis Obispo-Paso Robles-Arroyo Grande, CA",99626.0,41981.0,2.373121173864367,San Luis Obispo - CA USA
2014,"Flagstaff, AZ",47037.0,18789.0,2.503432859651924,Flagstaff - AZ USA
2008,"Tyler, TX",46054.0,19378.0,2.3766126535246155,Tyler - TX USA
2007,"Kansas City, MO-KS",482680.0,221395.0,2.180175704058357,Kansas City - MO USA
2012,"Augusta-Richmond County, GA-SC",151392.0,63910.0,2.3688311688311687,Augusta - GA USA
2005,"San Luis Obispo-Paso Robles-Arroyo Grande, CA",96953.0,38858.0,2.4950589325235475,San Luis Obispo - CA USA
2009,"York-Hanover, PA",96098.0,39108.0,2.457246599161297,York - PA USA
2018,"Johnstown, PA",28925.0,14441.0,2.0029776331279,Johnstown - PA USA
2006,"Rockford, IL",77413.0,33547.0,2.3075982949295017,Rockford - IL USA
2005,"Hanford-Corcoran, CA",52272.0,16671.0,3.1355047687601223,Hanford-Corcoran - CA USA
2015,"El Paso, TX",262083.0,101689.0,2.5772994129158513,El Paso - TX USA
2023,"Ogden-Clearfield, UT",131536.0,52264.0,2.5167610592377163,Ogden - UT USA
2020,"St. Joseph, MO-KS",30844.0,14247.0,2.1649470063873095,
2013,"Burlington-South Burlington, VT",57775.0,27772.0,2.0803327092035144,Burlington - VT USA
2018,"Dover, DE",53757.0,21365.0,2.5161245026913175,Dover - DE USA
2016,"Jacksonville, FL",450341.0,191418.0,2.352657534819087,Jacksonville - FL USA
2007,"Akron, OH",176730.0,85996.0,2.055095585841202,Akron - OH USA
2019,"Joplin, MO",50806.0,22586.0,2.2494465598158153,Joplin - MO USA
2022,"Rochester, NY",295451.0,150221.0,1.966775617257241,Rochester - NY USA
2011,"Cape Coral-Fort Myers, FL",170987.0,69235.0,2.469661298476204,Fort Myers - FL USA
2016,"Canton-Massillon, OH",105814.0,49123.0,2.154062251898296,Canton - OH USA
2014,"Brownsville-Harlingen, TX",121149.0,38678.0,3.132245721081752,Brownsville-Harlingen - TX USA
2022,"Racine, WI",40585.0,21481.0,1.889344071505051,Racine - WI USA
2012,"Oklahoma City, OK",414665.0,183384.0,2.2611841818261134,Oklahoma City - OK USA
2018,"Clarksville, TN-KY",119256.0,47261.0,2.5233490615941263,Clarksville - TN USA
2011,"Wausau, WI",30990.0,14547.0,2.130336151783873,Wausau - WI USA
2016,"Albuquerque, NM",252542.0,109737.0,2.3013386551482182,Albuquerque - NM USA
2010,"Springfield, IL",65203.0,30193.0,2.15954029079588,Springfield - IL USA
2010,"San Antonio-New Braunfels, TX",729064.0,288514.0,2.5269622964570178,San Antonio - TX USA
2006,"Athens-Clarke County, GA",68460.0,28674.0,2.3875287717095626,Athens - GA USA
2014,"Urban Honolulu, HI",385105.0,141442.0,2.722706126893002,Honolulu - HI USA
2022,"Detroit-Warren-Dearborn, MI",1034291.0,510892.0,2.0244807121661723,Detroit - MI USA
2020,"Gainesville, GA",55937.0,21431.0,2.610097522280808,Gainesville - GA USA
2009,"Williamsport, PA",33648.0,15486.0,2.1728012398295236,Williamsport - PA USA
2011,"Yakima, WA",91227.0,32886.0,2.774037584382412,Yakima - WA USA
2016,"St. George, UT",46370.0,13756.0,3.3708927013666763,
2022,"Columbia, SC",208810.0,96404.0,2.1659889631135636,
2017,"Norwich-New London, CT",75999.0,35524.0,2.1393705663776603,Norwich - CT USA
2022,"Ogden-Clearfield, UT",135144.0,51519.0,2.623187561870378,Ogden - UT USA
2017,"Ocala, FL",75105.0,32622.0,2.302280669486849,Ocala - FL USA
2009,"Altoona, PA",27674.0,13963.0,1.9819523025137864,Altoona - PA USA
2017,"Lima, OH",29382.0,13695.0,2.1454545454545455,
2019,"Nashville-Davidson--Murfreesboro--Franklin, TN",604186.0,266244.0,2.269294331515452,Nashville - TN USA
2015,"Port St. Lucie, FL",121437.0,48690.0,2.4940850277264324,Port St. Lucie - FL USA
2005,"Bakersfield, CA",250278.0,85570.0,2.9248334696739513,Bakersfield - CA USA
2019,"Pueblo, CO",48803.0,21063.0,2.3170013768219153,Pueblo - CO USA
2023,"Baltimore-Columbia-Towson, MD",769175.0,369861.0,2.079632618740554,Baltimore - MD USA
2012,"Portland-Vancouver-Hillsboro, OR-WA",809225.0,346647.0,2.334435318926747,Portland - OR USA
2017,"Denver-Aurora-Lakewood, CO",903077.0,402886.0,2.2415199336785094,Denver - CO USA
2015,"Joplin, MO",55511.0,22900.0,2.424061135371179,Joplin - MO USA
2005,"Burlington, NC",37351.0,15557.0,2.4009127723854213,Burlington - NC USA
2015,"Santa Cruz-Watsonville, CA",110369.0,42249.0,2.6123458543397478,Santa Cruz - CA USA
2018,"Utica-Rome, NY",80661.0,37281.0,2.163595397119176,Utica - NY USA
2007,"Tyler, TX",50886.0,21307.0,2.3882292204439857,Tyler - TX USA
2009,"Owensboro, KY",31136.0,13903.0,2.2395166510825,Owensboro - KY USA
2021,"Santa Maria-Santa Barbara, CA",210973.0,71939.0,2.9326651746618664,Santa Barbara - CA USA
2015,"Knoxville, TN",265541.0,119167.0,2.228309850881536,Knoxville - TN USA
2005,"Pittsburgh, PA",500237.0,264285.0,1.892793764307471,Pittsburgh - PA USA
2012,"Boise City, ID",198587.0,79009.0,2.5134731486286372,Boise - ID USA
2018,"El Paso, TX",263332.0,105241.0,2.5021807090392527,El Paso - TX USA
2015,"Monroe, MI",22689.0,11082.0,2.0473741201949105,Monroe - MI USA
2014,"Janesville-Beloit, WI",53771.0,20552.0,2.6163390424289608,Janesville-Beloit - WI USA
2011,"Joplin, MO",47964.0,20374.0,2.3541768921174047,Joplin - MO USA
2021,"Riverside-San Bernardino-Ontario, CA",1464681.0,499331.0,2.9332867376549823,Inland Empire - CA USA
2006,"Charleston-North Charleston, SC",188406.0,82557.0,2.282132344925324,Charleston - SC USA
2018,"York-Hanover, PA",98183.0,43119.0,2.27702404972286,York - PA USA
2010,"New Orleans-Metairie, LA",394735.0,168223.0,2.346498397959851,New Orleans - LA USA
2019,"Columbia, SC",236896.0,100970.0,2.346201842131326,
2017,"Spartanburg, SC",86656.0,36110.0,2.399778454721684,Spartanburg - SC USA
2008,"Killeen-Temple, TX",132109.0,49898.0,2.6475810653733616,Killeen - TX USA
2020,"Blacksburg-Christiansburg-Radford, VA",60207.0,26919.0,2.23659868494372,Blacksburg - VA USA
2019,"Portland-South Portland, ME",123652.0,63691.0,1.9414359956665777,Portland - ME USA
2021,"Redding, CA",59999.0,27136.0,2.211048054245283,Redding - CA USA
2020,"Salt Lake City, UT",322529.0,144297.0,2.2351746744561565,Salt Lake City - UT USA
2006,"Greenville, NC",54793.0,27134.0,2.0193484189577653,Greenville - NC USA
2011,"Eau Claire, WI",42077.0,21997.0,1.9128517525117061,Eau Claire - WI USA
2011,"Santa Maria-Santa Barbara, CA",198056.0,69930.0,2.8322036322036324,Santa Barbara - CA USA
2016,"Glens Falls, NY",30322.0,14666.0,2.067503068321287,Glens Falls - NY USA
2012,"Ocala, FL",84893.0,34398.0,2.4679632536775395,Ocala - FL USA
2021,"Bridgeport-Stamford-Norwalk, CT",266597.0,116884.0,2.28086821121796,Stamford - CT USA
2011,"Sumter, SC",34843.0,14209.0,2.4521781969174468,Sumter - SC USA
2016,"Charleston, WV",48730.0,25587.0,1.9044827451440185,
2022,"Olympia-Tumwater, WA",81069.0,39302.0,2.062719454480688,Olympia - WA USA
2017,"Lawrence, KS",44173.0,22709.0,1.9451759214408384,
2013,"Lafayette-West Lafayette, IN",71439.0,32694.0,2.1850798311616813,
2018,"Homosassa Springs, FL",25307.0,10689.0,2.3675741416409393,
2008,"Oklahoma City, OK",386378.0,166801.0,2.3164009808094677,Oklahoma City - OK USA
2008,"Grand Junction, CO",44693.0,17144.0,2.606917872141857,Grand Junction - CO USA
2006,"Burlington, NC",49175.0,19803.0,2.4832096147048426,Burlington - NC USA
2009,"Tallahassee, FL",121568.0,56578.0,2.148679698822864,Tallahassee - FL USA
2017,"Florence, SC",62329.0,27009.0,2.3077122440667925,
2023,"Dothan, AL",51064.0,20730.0,2.4632899179932464,
2013,"Birmingham-Hoover, AL",305465.0,135468.0,2.254886762925562,Birmingham - AL USA
2023,"Barnstable Town, MA",54744.0,26542.0,2.0625423856529275,Barnstable Town - MA USA
2020,"Baton Rouge, LA",178033.0,88657.0,2.0081099067191537,Baton Rouge - LA USA
2005,"Visalia-Porterville, CA",163273.0,48643.0,3.3565569557798653,Visalia - CA USA
2010,"Lansing-East Lansing, MI",131727.0,59005.0,2.2324718244216593,Lansing - MI USA
2015,"Shreveport-Bossier City, LA",147984.0,62920.0,2.3519389701207882,Shreveport - LA USA
2008,"Santa Rosa, CA",154810.0,65519.0,2.362826050458646,Santa Rosa - CA USA
2022,"New Orleans-Metairie, LA",343429.0,167181.0,2.0542346319258766,New Orleans - LA USA
2017,"Columbus, OH",657555.0,292678.0,2.246684069181831,Columbus - OH USA
2022,"Charleston-North Charleston, SC",199822.0,100323.0,1.9917865295096837,Charleston - SC USA
2018,"Blacksburg-Christiansburg-Radford, VA",51900.0,23701.0,2.18978102189781,Blacksburg - VA USA
2005,"Charleston-North Charleston, SC",189844.0,81423.0,2.331577072817263,Charleston - SC USA
2021,"Philadelphia-Camden-Wilmington, PA-NJ-DE-MD",1679977.0,803040.0,2.0920215680414427,Philadelphia - PA USA
2020,"Ocean City, NJ",23676.0,10571.0,2.2397124207738153,Ocean City - NJ USA
2023,"Grand Rapids-Wyoming, MI",212526.0,99267.0,2.1409531868596816,Grand Rapids - MI USA
2009,"Atlantic City-Hammonton, NJ",71336.0,30317.0,2.353003265494607,Atlantic City - NJ USA
2019,"Washington-Arlington-Alexandria, DC-VA-MD-WV",1868410.0,814381.0,2.2942701266360586,Washington - DC USA
2015,"Louisville/Jefferson County, KY-IN",367306.0,163494.0,2.246602321797742,Louisville - KY USA
2011,"Springfield, MA",191204.0,86869.0,2.201061368267161,Springfield - MA USA
2007,"Valdosta, GA",40196.0,16548.0,2.429054870679236,Valdosta - GA USA
2013,"Hickory-Lenoir-Morganton, NC",102960.0,45720.0,2.251968503937008,Hickory - NC USA
2023,"Amarillo, TX",70600.0,35153.0,2.0083634398202146,Amarillo - TX USA
2016,"Joplin, MO",51922.0,22258.0,2.3327342977805734,Joplin - MO USA
2023,"Lincoln, NE",111443.0,59012.0,1.8884803090896767,Lincoln - NE USA
2008,"Fresno, CA",387434.0,128745.0,3.009312983028467,Fresno - CA USA
2010,"Kingsport-Bristol-Bristol, TN-VA",83127.0,39546.0,2.1020330754058563,Kingsport - TN USA
2011,"Visalia-Porterville, CA",196843.0,56005.0,3.514739755378984,Visalia - CA USA
2005,"Akron, OH",160069.0,79397.0,2.0160585412547074,Akron - OH USA
2017,"Akron, OH",201787.0,96375.0,2.093769130998703,Akron - OH USA
2021,"Bakersfield, CA",339577.0,114868.0,2.9562367238917715,Bakersfield - CA USA
2011,"State College, PA",53617.0,24770.0,2.1645942672587806,State College - PA USA
2019,"Salt Lake City, UT",311596.0,133281.0,2.3378876208911996,Salt Lake City - UT USA
2017,"Greensboro-High Point, NC",255116.0,114506.0,2.227970586694147,Greensboro - NC USA
2011,"Urban Honolulu, HI",367356.0,139559.0,2.6322630572016137,Honolulu - HI USA
2007,"Hickory-Lenoir-Morganton, NC",81854.0,35496.0,2.306006310570205,Hickory - NC USA
2022,"Salt Lake City, UT",347842.0,149563.0,2.3257222708825043,Salt Lake City - UT USA
2017,"Fort Collins, CO",95891.0,45005.0,2.1306743695144985,Fort Collins - CO USA
2010,"McAllen-Edinburg-Mission, TX",204780.0,67114.0,3.0512262717167804,McAllen - TX USA
2015,"Kansas City, MO-KS",639842.0,287835.0,2.222947174596557,Kansas City - MO USA
2014,"College Station-Bryan, TX",107411.0,44338.0,2.4225495060670306,College Station-Bryan - TX USA
2010,"Detroit-Warren-Dearborn, MI",1074933.0,477220.0,2.2524894178785466,Detroit - MI USA
2020,"Erie, PA",64086.0,32526.0,1.9703006825308984,Erie - PA USA
2021,"Lewiston-Auburn, ME",26833.0,14562.0,1.842672709792611,Lewiston-Auburn - ME USA
2008,"Los Angeles-Long Beach-Anaheim, CA",5372606.0,2018313.0,2.6619290466840377,Los Angeles - CA USA
2008,"Louisville/Jefferson County, KY-IN",301407.0,140702.0,2.1421657119301787,Louisville - KY USA
2020,"Merced, CA",121922.0,39612.0,3.0779056851459154,Merced - CA USA
2007,"Bellingham, WA",63920.0,28715.0,2.226014278251785,Bellingham - WA USA
2022,"Ithaca, NY",33911.0,18003.0,1.8836305060267733,
2005,"Denver-Aurora-Lakewood, CO",647282.0,300884.0,2.1512675981441354,Denver - CO USA
2014,"Johnstown, PA",33507.0,15015.0,2.2315684315684314,Johnstown - PA USA
2021,"Tucson, AZ",337992.0,151614.0,2.229292809371166,Tucson - AZ USA
2018,"Columbus, OH",652702.0,296007.0,2.205022178529562,Columbus - OH USA
2019,"Rocky Mount, NC",51029.0,22067.0,2.3124575157474965,Rocky Mount - NC USA
2005,"New Orleans-Metairie, LA",394103.0,179758.0,2.1924086827846327,New Orleans - LA USA
2013,"Wausau, WI",30700.0,14922.0,2.057364964481973,Wausau - WI USA
2007,"Eugene, OR",105798.0,50320.0,2.102503974562798,Eugene - OR USA
2017,"Rocky Mount, NC",47090.0,21878.0,2.152390529298839,Rocky Mount - NC USA
2009,"Bellingham, WA",61233.0,29352.0,2.086161079313164,Bellingham - WA USA
2012,"Tampa-St. Petersburg-Clearwater, FL",901667.0,404861.0,2.227102635225423,Tampa - FL USA
2014,"Dover, DE",54478.0,19601.0,2.779347992449365,Dover - DE USA
2015,"Modesto, CA",224398.0,75435.0,2.974719957579373,Modesto - CA USA
2008,"Lancaster, PA",124531.0,54247.0,2.2956292513871737,Lancaster - PA USA
2010,"Brownsville-Harlingen, TX",119796.0,37494.0,3.195071211393823,Brownsville-Harlingen - TX USA
2017,"Topeka, KS",60275.0,30624.0,1.9682275339602926,
2013,"New Orleans-Metairie, LA",412640.0,186517.0,2.21234525539227,New Orleans - LA USA
2014,"Fayetteville, NC",141085.0,59837.0,2.35782208332637,Fayetteville - NC USA
2005,"Kingsport-Bristol-Bristol, TN-VA",81465.0,36831.0,2.211859574814694,Kingsport - TN USA
2011,"Manchester-Nashua, NH",103992.0,48415.0,2.147929360735309,Manchester - NH USA
2016,"Hartford-West Hartford-East Hartford, CT",344623.0,164942.0,2.089358683658498,Hartford - CT USA
2006,"Janesville-Beloit, WI",32098.0,15296.0,2.0984571129707112,Janesville-Beloit - WI USA
2021,"Minneapolis-St. Paul-Bloomington, MN-WI",850345.0,414757.0,2.0502245893378532,Minneapolis - MN USA
2018,"Little Rock-North Little Rock-Conway, AR",202525.0,95391.0,2.123103856757975,Little Rock - AR USA
2010,"Ann Arbor, MI",100282.0,49622.0,2.020918141147072,Ann Arbor - MI USA
2005,"Little Rock-North Little Rock-Conway, AR",184649.0,83869.0,2.201635884534214,Little Rock - AR USA
2008,"Oxnard-Thousand Oaks-Ventura, CA",254048.0,86509.0,2.936665549249211,Ventura - CA USA
2014,"Trenton, NJ",114809.0,47528.0,2.415607641811143,Trenton - NJ USA
2012,"Lewiston-Auburn, ME",30634.0,15627.0,1.9603250783899662,Lewiston-Auburn - ME USA
2013,"Jacksonville, FL",405692.0,175923.0,2.3060770905452954,Jacksonville - FL USA
2009,"Yuba City, CA",68523.0,21034.0,3.257725587144623,Yuba City - CA USA
2010,"Columbia, MO",56580.0,26332.0,2.148716390703327,Columbia - MO USA
2018,"Scranton--Wilkes-Barre--Hazleton, PA",143312.0,66155.0,2.1663064016325295,Scranton - PA USA
2017,"Charlotte-Concord-Gastonia, NC-SC",760377.0,329980.0,2.3043123825686407,Charlotte - NC USA
2011,"Johnstown, PA",28492.0,13762.0,2.0703386135736084,Johnstown - PA USA
2011,"Orlando-Kissimmee-Sanford, FL",689395.0,284832.0,2.420356561060555,Orlando - FL USA
2006,"Panama City, FL",61784.0,26616.0,2.3213104899308687,Panama City - FL USA
2013,"Deltona-Daytona Beach-Ormond Beach, FL",158398.0,68014.0,2.3289028729379244,Daytona Beach - FL USA
2011,"Bend-Redmond, OR",58852.0,23794.0,2.4733966546188113,Bend - OR USA
2007,"San Antonio-New Braunfels, TX",588210.0,250622.0,2.347000662352068,San Antonio - TX USA
2021,"Oklahoma City, OK",460966.0,209598.0,2.199286252731419,Oklahoma City - OK USA
2015,"Decatur, AL",35129.0,16445.0,2.136150805716023,Decatur - AL USA
2013,"Orlando-Kissimmee-Sanford, FL",727526.0,300257.0,2.4230109539494498,Orlando - FL USA
2019,"Auburn-Opelika, AL",41906.0,21192.0,1.9774443186107966,Auburn-Opelika - AL USA
2017,"Lafayette-West Lafayette, IN",58629.0,28148.0,2.0828833309648997,
2018,"Houma-Thibodaux, LA",46973.0,20987.0,2.2381950731405156,Houma-Thibodaux - LA USA
2012,"Decatur, IL",32304.0,14406.0,2.2423990004164933,Decatur - IL USA
2011,"Laredo, TX",88702.0,26109.0,3.3973725535256043,Laredo - TX USA
2016,"Indianapolis-Carmel-Anderson, IN",593802.0,274015.0,2.1670419502581977,Indianapolis - IN USA
2021,"Miami-Fort Lauderdale-West Palm Beach, FL",2165095.0,905897.0,2.390001291537559,Miami - FL USA
2017,"Ithaca, NY",34102.0,17937.0,1.9012097898199254,
2014,"St. Joseph, MO-KS",32051.0,14336.0,2.2357003348214284,
2017,"Provo-Orem, UT",165549.0,54431.0,3.041446969557789,Provo - UT USA
2017,"Palm Bay-Melbourne-Titusville, FL",126534.0,59541.0,2.1251574545271326,Melbourne - FL USA
2013,"Allentown-Bethlehem-Easton, PA-NJ",230792.0,96905.0,2.381631494762912,Lehigh Valley - PA USA
2021,"Little Rock-North Little Rock-Conway, AR",227040.0,105181.0,2.15856475979502,Little Rock - AR USA
2022,"Austin-Round Rock, TX",853849.0,413943.0,2.062721195913447,Austin - TX USA
2007,"Springfield, MO",101690.0,49243.0,2.0650650853928476,Springfield - MO USA
2015,"Youngstown-Warren-Boardman, OH-PA",137652.0,68927.0,1.9970693632393692,Youngstown - OH USA
2018,"San Francisco-Oakland-Hayward, CA",1812949.0,761618.0,2.380391482344167,San Francisco - CA USA
2014,"Naples-Immokalee-Marco Island, FL",104569.0,38212.0,2.7365487281482257,Naples - FL USA
2010,"Waco, TX",82555.0,34087.0,2.421891043506322,Waco - TX USA
2018,"Morgantown, WV",40767.0,19370.0,2.104646360351058,Morgantown - WV USA
2023,"Pittsfield, MA",33125.0,17620.0,1.8799659477866062,Pittsfield - MA USA
2018,"Lake Havasu City-Kingman, AZ",63355.0,27880.0,2.2724175035868006,Lake Havasu - AZ USA
2020,"Greensboro-High Point, NC",234470.0,115198.0,2.035365197312453,Greensboro - NC USA
2012,"Pensacola-Ferry Pass-Brent, FL",136252.0,61835.0,2.2034769952292392,Pensacola - FL USA
2008,"Clarksville, TN-KY",90659.0,32802.0,2.763825376501433,Clarksville - TN USA
2008,"Urban Honolulu, HI",335439.0,126717.0,2.6471507374701106,Honolulu - HI USA
2023,"New Orleans-Metairie, LA",348530.0,167896.0,2.0758683947205414,New Orleans - LA USA
2014,"East Stroudsburg, PA",33072.0,10960.0,3.0175182481751825,East Stroudsburg - PA USA
2020,"Canton-Massillon, OH",105845.0,51565.0,2.0526519926306603,Canton - OH USA
2007,"Richmond, VA",294398.0,133827.0,2.199840092059151,Richmond - VA USA
2021,"Bangor, ME",37153.0,19334.0,1.9216406330816178,Bangor - ME USA
2014,"New Haven-Milford, CT",248810.0,122250.0,2.0352556237218815,New Haven - CT USA
2018,"Lakeland-Winter Haven, FL",190569.0,72146.0,2.6414354226152525,Lakeland - FL USA
2007,"Eau Claire, WI",34732.0,17674.0,1.9651465429444381,Eau Claire - WI USA
2006,"Little Rock-North Little Rock-Conway, AR",192210.0,85622.0,2.2448669734414053,Little Rock - AR USA
2017,"Salt Lake City, UT",318878.0,128593.0,2.4797461759193737,Salt Lake City - UT USA
2006,"Spokane-Spokane Valley, WA",126168.0,60946.0,2.070160469924195,Spokane - WA USA
2013,"Baltimore-Columbia-Towson, MD",776262.0,349306.0,2.2222979278913044,Baltimore - MD USA
2008,"Muskegon, MI",40606.0,15997.0,2.5383509408014002,Muskegon - MI USA
2010,"College Station-Bryan, TX",82986.0,36113.0,2.29795364550162,College Station-Bryan - TX USA
2012,"Chattanooga, TN-GA",158410.0,66805.0,2.37122969837587,Chattanooga - TN USA
2017,"Bloomington, IL",50153.0,22461.0,2.2328925693424155,Bloomington - IL USA
2007,"Miami-Fort Lauderdale-West Palm Beach, FL",1550797.0,640844.0,2.4199290310902497,Miami - FL USA
2014,"Columbia, MO",63078.0,30091.0,2.0962414010833803,Columbia - MO USA
2008,"Denver-Aurora-Lakewood, CO",690852.0,320150.0,2.1579009839137906,Denver - CO USA
2020,"Lewiston-Auburn, ME",28232.0,15377.0,1.8359888144631593,Lewiston-Auburn - ME USA
2009,"Santa Maria-Santa Barbara, CA",178586.0,65085.0,2.7438887608511946,Santa Barbara - CA USA
2006,"Brownsville-Harlingen, TX",108589.0,35512.0,3.057811444018923,Brownsville-Harlingen - TX USA
2011,"Amarillo, TX",72894.0,32445.0,2.2466944059177067,Amarillo - TX USA
2016,"Lakeland-Winter Haven, FL",185475.0,72161.0,2.5702942032399774,Lakeland - FL USA
2007,"Sacramento--Roseville--Arden-Arcade, CA",685837.0,281949.0,2.432486016974701,Sacramento - CA USA
2014,"San Diego-Carlsbad, CA",1388543.0,525316.0,2.64325282306269,San Diego - CA USA
2007,"Scranton--Wilkes-Barre--Hazleton, PA",166770.0,77745.0,2.1450897163804745,Scranton - PA USA
2012,"Ann Arbor, MI",122520.0,56031.0,2.1866466777319697,Ann Arbor - MI USA
2022,"Bremerton-Silverdale, WA",75436.0,32064.0,2.3526696606786426,Bremerton - WA USA
2013,"Worcester, MA-CT",278348.0,121497.0,2.290986608722849,Worcester - MA USA
2013,"Wichita, KS",188786.0,83002.0,2.274475313847859,Wichita - KS USA
2015,"Hilton Head Island-Bluffton-Beaufort, SC",57420.0,23134.0,2.482061035705023,Hilton Head Island - SC USA
2016,"Bakersfield, CA",352277.0,116243.0,3.030522268007536,Bakersfield - CA USA
2010,"Valdosta, GA",50766.0,19711.0,2.5755162092232764,Valdosta - GA USA
2010,"Springfield, MA",196557.0,88553.0,2.2196537666708074,Springfield - MA USA
2015,"Boston-Cambridge-Newton, MA-NH",1520244.0,696357.0,2.1831388210357616,Boston - MA USA
2011,"Charleston-North Charleston, SC",214611.0,90532.0,2.370554058233553,Charleston - SC USA
2006,"Stockton-Lodi, CA",241812.0,78349.0,3.0863444332410115,Stockton - CA USA
2006,"Palm Bay-Melbourne-Titusville, FL",102560.0,49045.0,2.091140789071261,Melbourne - FL USA
2020,"Birmingham-Hoover, AL",251177.0,129893.0,1.9337223714903806,Birmingham - AL USA
2011,"Fort Wayne, IN",90967.0,41477.0,2.1931914072859655,Fort Wayne - IN USA
2007,"Niles-Benton Harbor, MI",34374.0,16323.0,2.105862892850579,Niles-Benton Harbor - MI USA
2014,"Gainesville, GA",57527.0,19998.0,2.8766376637663766,Gainesville - GA USA
2005,"Cape Coral-Fort Myers, FL",158639.0,63001.0,2.5180393962000602,Fort Myers - FL USA
2021,"Los Angeles-Long Beach-Anaheim, CA",5920557.0,2269560.0,2.608680537196637,Los Angeles - CA USA
2009,"Lake Charles, LA",47048.0,21320.0,2.2067542213883677,Lake Charles - LA USA
2005,"Las Cruces, NM",57490.0,22492.0,2.5560199181931353,Las Cruces - NM USA
2022,"Lake Havasu City-Kingman, AZ",60142.0,23569.0,2.5517416945988374,Lake Havasu - AZ USA
2020,"Raleigh, NC",377003.0,185347.0,2.034038856846887,Raleigh - NC USA
2012,"Elkhart-Goshen, IN",58336.0,23443.0,2.4884187177409034,Elkhart - IN USA
2019,"Burlington-South Burlington, VT",60554.0,29718.0,2.037620297462817,Burlington - VT USA
2013,"Washington-Arlington-Alexandria, DC-VA-MD-WV",1916085.0,790284.0,2.424552439376224,Washington - DC USA
2019,"Oxnard-Thousand Oaks-Ventura, CA",287920.0,100614.0,2.861629594291053,Ventura - CA USA
2013,"Kansas City, MO-KS",650886.0,292858.0,2.2225310560066656,Kansas City - MO USA
2022,"Clarksville, TN-KY",115035.0,46221.0,2.4888037904848446,Clarksville - TN USA
2022,"Spartanburg, SC",86111.0,37530.0,2.2944577671196376,Spartanburg - SC USA
2010,"Bakersfield, CA",317778.0,103490.0,3.0706155184075756,Bakersfield - CA USA
2021,"Gainesville, GA",61509.0,22812.0,2.6963440294581797,Gainesville - GA USA
2019,"Canton-Massillon, OH",109554.0,52760.0,2.0764594389689157,Canton - OH USA
2011,"Montgomery, AL",103410.0,43854.0,2.3580517170611577,Montgomery - AL USA
2014,"Clarksville, TN-KY",117032.0,45142.0,2.5925302379159096,Clarksville - TN USA
2014,"Odessa, TX",49178.0,18808.0,2.61473840918758,Odessa - TX USA
2017,"Pensacola-Ferry Pass-Brent, FL",142495.0,60968.0,2.3372096837685343,Pensacola - FL USA
2021,"Chico, CA",75426.0,33411.0,2.257519978450211,Chico - CA USA
2023,"State College, PA",54462.0,25589.0,2.128336394544531,State College - PA USA
2017,"Tyler, TX",63232.0,25543.0,2.475511881924598,Tyler - TX USA
2016,"Burlington, NC",56824.0,23016.0,2.4688912061174837,Burlington - NC USA
2023,"Albany, OR",37484.0,17120.0,2.1894859813084113,
2019,"Bloomington, IN",46925.0,22212.0,2.1125967945254818,Bloomington - IN USA
2007,"Daphne-Fairhope-Foley, AL",34457.0,15862.0,2.1722985752111965,Daphne-Fairhope-Foley - AL USA
2005,"Greensboro-High Point, NC",229339.0,99078.0,2.3147318274490805,Greensboro - NC USA
2010,"Omaha-Council Bluffs, NE-IA",256720.0,119125.0,2.15504721930745,Omaha - NE USA
2021,"Bellingham, WA",81802.0,36607.0,2.2345999399022043,Bellingham - WA USA
2018,"Syracuse, NY",193268.0,87091.0,2.219150084394484,Syracuse - NY USA
2016,"St. Joseph, MO-KS",34834.0,15288.0,2.278519099947671,
2005,"El Paso, TX",215539.0,77843.0,2.7688937990570763,El Paso - TX USA
2022,"Visalia-Porterville, CA",185361.0,59404.0,3.120345431284089,Visalia - CA USA
2021,"Odessa, TX",52335.0,19974.0,2.620156203063983,Odessa - TX USA
2010,"Williamsport, PA",33827.0,14741.0,2.294756122379757,Williamsport - PA USA
2020,"Parkersburg-Vienna, WV",19389.0,9758.0,1.9869850379176062,
2014,"Tuscaloosa, AL",62159.0,27839.0,2.2328029024031038,
2019,"Mansfield, OH",39728.0,16395.0,2.4231777981091795,Mansfield - OH USA
2017,"Charleston, WV",47814.0,23303.0,2.051838819036176,
2007,"Portland-South Portland, ME",114053.0,58608.0,1.9460312585312585,Portland - ME USA
2013,"East Stroudsburg, PA",32473.0,12822.0,2.5326002183746685,East Stroudsburg - PA USA
2016,"Lewiston-Auburn, ME",34900.0,17071.0,2.0444027883545193,Lewiston-Auburn - ME USA
2018,"Bloomington, IN",52734.0,25784.0,2.045221843003413,Bloomington - IN USA
2012,"Baltimore-Columbia-Towson, MD",779967.0,347116.0,2.2469923599027415,Baltimore - MD USA
2007,"Atlantic City-Hammonton, NJ",67200.0,31008.0,2.1671826625387,Atlantic City - NJ USA
2013,"McAllen-Edinburg-Mission, TX",226641.0,71352.0,3.176379078372015,McAllen - TX USA
2011,"Daphne-Fairhope-Foley, AL",42606.0,19353.0,2.20151914431871,Daphne-Fairhope-Foley - AL USA
2021,"Wausau, WI",25135.0,14399.0,1.745607333842628,Wausau - WI USA
2014,"Bakersfield, CA",368085.0,114344.0,3.2191020079759323,Bakersfield - CA USA
2005,"Flint, MI",114697.0,54263.0,2.1137239002635315,Flint - MI USA
2015,"Canton-Massillon, OH",111723.0,50125.0,2.2288877805486282,Canton - OH USA
2007,"St. Louis, MO-IL",592587.0,284892.0,2.0800408575881386,Saint Louis - MO USA
2010,"Winston-Salem, NC",177912.0,77325.0,2.3008341416100873,Winston-Salem - NC USA
2007,"Spokane-Spokane Valley, WA",130985.0,61347.0,2.135149233051331,Spokane - WA USA
2022,"Richmond, VA",387320.0,176023.0,2.2003942666583343,Richmond - VA USA
2010,"Pittsfield, MA",36587.0,18244.0,2.0054264415698313,Pittsfield - MA USA
2023,"Des Moines-West Des Moines, IA",173992.0,85328.0,2.0390961935120946,
2023,"Oklahoma City, OK",455703.0,214504.0,2.1244498937082756,Oklahoma City - OK USA
2008,"Columbia, MO",62273.0,27249.0,2.2853315718008,Columbia - MO USA
2013,"Reno, NV",174210.0,72017.0,2.41901217768027,Reno - NV USA
2005,"Hickory-Lenoir-Morganton, NC",80425.0,36676.0,2.192850910677282,Hickory - NC USA
2008,"Peoria, IL",68415.0,35058.0,1.951480403902105,Peoria - IL USA
2017,"Canton-Massillon, OH",125459.0,53707.0,2.3359897220101664,Canton - OH USA
2014,"Utica-Rome, NY",86236.0,38400.0,2.2457291666666666,Utica - NY USA
2018,"East Stroudsburg, PA",28504.0,12035.0,2.3684254258412962,East Stroudsburg - PA USA
2015,"Pittsfield, MA",38523.0,18845.0,2.0442027062881403,Pittsfield - MA USA
2006,"Toledo, OH",167104.0,81012.0,2.062706759492421,Toledo - OH USA
2020,"Jackson, MS",166065.0,76021.0,2.1844621880796096,Jackson - MS USA
2017,"Lubbock, TX",122422.0,52854.0,2.3162296136527036,Lubbock - TX USA
2018,"Palm Bay-Melbourne-Titusville, FL",113879.0,55228.0,2.061979430723546,Melbourne - FL USA
2006,"Virginia Beach-Norfolk-Newport News, VA-NC",503506.0,213869.0,2.3542729427827314,Norfolk - VA USA
2006,"Lake Havasu City-Kingman, AZ",72104.0,26007.0,2.772484331141616,Lake Havasu - AZ USA
2016,"Visalia-Porterville, CA",198143.0,57638.0,3.4377147021062493,Visalia - CA USA
2007,"Manchester-Nashua, NH",93995.0,42188.0,2.2280032236654974,Manchester - NH USA
2014,"Augusta-Richmond County, GA-SC",154771.0,63262.0,2.446508172362556,Augusta - GA USA
2010,"Grand Junction, CO",37026.0,15220.0,2.4327201051248357,Grand Junction - CO USA
2011,"El Centro, CA",68747.0,21860.0,3.1448764867337604,El Centro - CA USA
2020,"Des Moines-West Des Moines, IA",180484.0,84826.0,2.1276966967675004,
2013,"Erie, PA",82927.0,35333.0,2.3470127076670533,Erie - PA USA
2012,"Olympia-Tumwater, WA",77118.0,34022.0,2.2667097760272763,Olympia - WA USA
2020,"Grand Rapids-Wyoming, MI",191015.0,97283.0,1.9634982473813514,Grand Rapids - MI USA
2020,"Odessa, TX",55032.0,20679.0,2.6612505440301755,Odessa - TX USA
2016,"Hickory-Lenoir-Morganton, NC",130959.0,51755.0,2.530364216017776,Hickory - NC USA
2009,"Muskegon, MI",39377.0,17148.0,2.2963027758339165,Muskegon - MI USA
2019,"Atlanta-Sandy Springs-Roswell, GA",1807799.0,779351.0,2.319621069325631,Atlanta - GA USA
2011,"Ocean City, NJ",20923.0,10006.0,2.091045372776334,Ocean City - NJ USA
2008,"Bridgeport-Stamford-Norwalk, CT",217432.0,90467.0,2.4034399283716716,Stamford - CT USA
2019,"Huntsville, AL",116770.0,56511.0,2.066323370671197,Huntsville - AL USA
2020,"North Port-Sarasota-Bradenton, FL",187645.0,87550.0,2.1432895488292405,Sarasota - FL USA
2015,"Lansing-East Lansing, MI",138157.0,66257.0,2.085168359569555,Lansing - MI USA
2017,"Eau Claire, WI",49825.0,22157.0,2.248725007898181,Eau Claire - WI USA
2022,"Knoxville, TN",228457.0,109490.0,2.0865558498493013,Knoxville - TN USA
2013,"St. Joseph, MO-KS",31442.0,14755.0,2.13093866485937,
2019,"San Jose-Sunnyvale-Santa Clara, CA",751225.0,288030.0,2.6081484567579767,San Jose - CA USA
2011,"Charlotte-Concord-Gastonia, NC-SC",635962.0,261752.0,2.429635685687215,Charlotte - NC USA
2016,"Binghamton, NY",67147.0,31242.0,2.1492542090775237,Binghamton - NY USA
2018,"Salisbury, MD-DE",102193.0,41814.0,2.443990051179031,Salisbury - MD USA
2009,"Battle Creek, MI",34904.0,15973.0,2.1851875039128528,Battle Creek - MI USA
2008,"Kennewick-Richland, WA",66775.0,24190.0,2.760438197602315,Kennewick-Richland - WA USA
2009,"Erie, PA",62824.0,32971.0,1.9054320463437566,Erie - PA USA
2011,"Valdosta, GA",43693.0,20168.0,2.1664518048393493,Valdosta - GA USA
2008,"Deltona-Daytona Beach-Ormond Beach, FL",138636.0,61224.0,2.264406115248922,Daytona Beach - FL USA
2015,"Wausau, WI",27211.0,13038.0,2.0870532290228563,Wausau - WI USA
2011,"San Antonio-New Braunfels, TX",733207.0,297718.0,2.4627567026515025,San Antonio - TX USA
2019,"Johnstown, PA",26926.0,14533.0,1.8527489162595472,Johnstown - PA USA
2010,"Blacksburg-Christiansburg-Radford, VA",48482.0,22686.0,2.137088953539628,Blacksburg - VA USA
2016,"Grand Rapids-Wyoming, MI",234333.0,97387.0,2.406204113485373,Grand Rapids - MI USA
2017,"Saginaw, MI",51401.0,23286.0,2.2073778235849866,Saginaw - MI USA
2011,"Buffalo-Cheektowaga-Niagara Falls, NY",319281.0,159323.0,2.0039856141297867,Buffalo - NY USA
2010,"Peoria, IL",85410.0,38708.0,2.2065206158933552,Peoria - IL USA
2019,"Houma-Thibodaux, LA",49705.0,22686.0,2.190998853918716,Houma-Thibodaux - LA USA
2007,"Yuma, AZ",54883.0,20237.0,2.712012650096358,Yuma - AZ USA
2020,"Homosassa Springs, FL",15637.0,7885.0,1.9831325301204819,
2014,"Youngstown-Warren-Boardman, OH-PA",148714.0,68856.0,2.1597827349831533,Youngstown - OH USA
2023,"Tucson, AZ",327659.0,154264.0,2.124014676139605,Tucson - AZ USA
2015,"Houston-The Woodlands-Sugar Land, TX",2358642.0,932044.0,2.5306122886902336,Houston - TX USA
2017,"Stockton-Lodi, CA",293486.0,98094.0,2.9918853344750955,Stockton - CA USA
2019,"Wichita Falls, TX",41040.0,18846.0,2.177650429799427,Wichita Falls - TX USA
2014,"Omaha-Council Bluffs, NE-IA",297958.0,136754.0,2.1787881890109246,Omaha - NE USA
2014,"Fort Collins, CO",99884.0,46299.0,2.1573684096848744,Fort Collins - CO USA
2016,"Goldsboro, NC",50028.0,19581.0,2.5549256932740922,Goldsboro - NC USA
2023,"Philadelphia-Camden-Wilmington, PA-NJ-DE-MD",1650390.0,812084.0,2.0322897631279524,Philadelphia - PA USA
2022,"Burlington, NC",59551.0,26830.0,2.21956764815505,Burlington - NC USA
2014,"Denver-Aurora-Lakewood, CO",943965.0,406800.0,2.3204646017699115,Denver - CO USA
2019,"Sacramento--Roseville--Arden-Arcade, CA",845448.0,336352.0,2.5135810103700886,Sacramento - CA USA
2012,"Bend-Redmond, OR",53848.0,22948.0,2.3465225727732264,Bend - OR USA
2018,"Charleston, WV",45585.0,23619.0,1.9300139718023626,
2022,"Napa, CA",49518.0,19234.0,2.5745034834147864,Napa - CA USA
2015,"Worcester, MA-CT",256665.0,120182.0,2.1356359521392556,Worcester - MA USA
2006,"Atlantic City-Hammonton, NJ",73461.0,33022.0,2.224607837199443,Atlantic City - NJ USA
2016,"Monroe, LA",58050.0,23789.0,2.440203455378536,Monroe - LA USA
2008,"Goldsboro, NC",39721.0,16804.0,2.3637824327541064,Goldsboro - NC USA
2017,"Champaign-Urbana, IL",73287.0,37848.0,1.9363506658211795,Champaign-Urbana - IL USA
2023,"Daphne-Fairhope-Foley, AL",59635.0,26348.0,2.2633596477911038,Daphne-Fairhope-Foley - AL USA
2017,"Dallas-Fort Worth-Arlington, TX",2471008.0,1027312.0,2.4053140623296527,Dallas-Fort Worth - TX USA
2008,"Valdosta, GA",38498.0,16136.0,2.385845314823996,Valdosta - GA USA
2014,"Cape Coral-Fort Myers, FL",215805.0,87464.0,2.467357998719473,Fort Myers - FL USA
2022,"Roanoke, VA",86008.0,41609.0,2.06705280107669,
2012,"Richmond, VA",322161.0,149936.0,2.1486567602176927,Richmond - VA USA
2016,"Naples-Immokalee-Marco Island, FL",93621.0,38252.0,2.447479870333577,Naples - FL USA
2013,"Atlanta-Sandy Springs-Roswell, GA",1744928.0,714938.0,2.4406703798091582,Atlanta - GA USA
2023,"Eugene, OR",141542.0,65981.0,2.145193313226535,Eugene - OR USA
2021,"Baltimore-Columbia-Towson, MD",768400.0,356664.0,2.154408631092569,Baltimore - MD USA
2019,"Detroit-Warren-Dearborn, MI",1079386.0,519487.0,2.077792129543184,Detroit - MI USA
2016,"Fresno, CA",420706.0,141098.0,2.9816581383152134,Fresno - CA USA
2006,"Pittsfield, MA",31409.0,17251.0,1.8207060460263174,Pittsfield - MA USA
2019,"Wenatchee, WA",39666.0,14913.0,2.659826996580165,
2023,"Panama City, FL",51236.0,25217.0,2.0318039417853035,Panama City - FL USA
2013,"Pittsfield, MA",35496.0,18153.0,1.955379276152702,Pittsfield - MA USA
2012,"Philadelphia-Camden-Wilmington, PA-NJ-DE-MD",1568835.0,723345.0,2.1688613317296728,Philadelphia - PA USA
2013,"Visalia-Porterville, CA",200172.0,61881.0,3.2347893537596355,Visalia - CA USA
2020,"Brownsville-Harlingen, TX",128389.0,44141.0,2.9086110418884936,Brownsville-Harlingen - TX USA
2023,"Corvallis, OR",33134.0,16604.0,1.9955432425921464,
2010,"Oxnard-Thousand Oaks-Ventura, CA",275837.0,94842.0,2.9083844710149513,Ventura - CA USA
2009,"Lynchburg, VA",56698.0,24339.0,2.3295123053535476,Lynchburg - VA USA
2023,"Buffalo-Cheektowaga-Niagara Falls, NY",331135.0,169066.0,1.9586137957957248,Buffalo - NY USA
2009,"Springfield, MA",181904.0,84895.0,2.1426939160138994,Springfield - MA USA
2008,"Riverside-San Bernardino-Ontario, CA",1254902.0,422717.0,2.968657517913876,Inland Empire - CA USA
2013,"New Haven-Milford, CT",267792.0,124388.0,2.152876483262051,New Haven - CT USA
2007,"Las Vegas-Henderson-Paradise, NV",718285.0,282949.0,2.538567020911896,Las Vegas - NV USA
2008,"Austin-Round Rock, TX",549392.0,244740.0,2.2447985617389885,Austin - TX USA
2018,"Wilmington, NC",93495.0,47119.0,1.984231414079246,
2016,"Hilton Head Island-Bluffton-Beaufort, SC",52082.0,21384.0,2.435559296670408,Hilton Head Island - SC USA
2008,"Norwich-New London, CT",71877.0,32318.0,2.224054706355591,Norwich - CT USA
2007,"New York-Newark-Jersey City, NY-NJ-PA",7427381.0,3185920.0,2.331314345620731,New York - NY USA
2012,"Birmingham-Hoover, AL",301076.0,133998.0,2.2468693562590487,Birmingham - AL USA
2011,"Owensboro, KY",23145.0,10824.0,2.1383037694013303,Owensboro - KY USA
2023,"North Port-Sarasota-Bradenton, FL",219433.0,100391.0,2.1857835861780437,Sarasota - FL USA
2012,"Memphis, TN-MS-AR",418781.0,171060.0,2.4481526949608323,Memphis - TN USA
2010,"Muncie, IN",38203.0,16754.0,2.280231586486809,Muncie - IN USA
2008,"Washington-Arlington-Alexandria, DC-VA-MD-WV",1455304.0,653189.0,2.227998328202098,Washington - DC USA
2020,"Decatur, IL",23116.0,10905.0,2.1197615772581386,Decatur - IL USA
2009,"Philadelphia-Camden-Wilmington, PA-NJ-DE-MD",1423804.0,667688.0,2.132439103293754,Philadelphia - PA USA
2022,"Oxnard-Thousand Oaks-Ventura, CA",272928.0,96834.0,2.8185141582502014,Ventura - CA USA
2022,"San Diego-Carlsbad, CA",1320155.0,531293.0,2.484796524704824,San Diego - CA USA
2013,"Ocala, FL",78261.0,34090.0,2.2957172191258435,Ocala - FL USA
2005,"Pueblo, CO",42940.0,17690.0,2.42736009044658,Pueblo - CO USA
2010,"San Angelo, TX",29312.0,13571.0,2.1598997863090412,San Angelo - TX USA
2011,"Lynchburg, VA",63144.0,26647.0,2.3696476151161483,Lynchburg - VA USA
2008,"Flagstaff, AZ",39892.0,17768.0,2.245159837910851,Flagstaff - AZ USA
2022,"Decatur, AL",30133.0,14955.0,2.0149114008692743,Decatur - AL USA
2019,"Wichita, KS",191596.0,84537.0,2.266415888900718,Wichita - KS USA
2008,"Stockton-Lodi, CA",255290.0,84117.0,3.034939429604004,Stockton - CA USA
2011,"Muncie, IN",38857.0,16622.0,2.3376849957887136,Muncie - IN USA
2014,"Jefferson City, MO",31997.0,15058.0,2.124916987647762,
2013,"Bismarck, ND",30337.0,14901.0,2.035903630628817,
2022,"Greensboro-High Point, NC",262682.0,118140.0,2.2234806162180463,Greensboro - NC USA
2013,"Memphis, TN-MS-AR",458650.0,181037.0,2.5334600109369907,Memphis - TN USA
2011,"Omaha-Council Bluffs, NE-IA",250968.0,119975.0,2.0918357991248175,Omaha - NE USA
2011,"Prescott, AZ",59377.0,28353.0,2.094205198744401,Prescott - AZ USA
2010,"Laredo, TX",87923.0,26357.0,3.3358500588079067,Laredo - TX USA
2022,"Fayetteville, NC",135774.0,58984.0,2.3018784755187847,Fayetteville - NC USA
2007,"Punta Gorda, FL",30587.0,12568.0,2.4337205601527687,Punta Gorda - FL USA
2021,"Utica-Rome, NY",74806.0,36163.0,2.0685783812183725,Utica - NY USA
2017,"Salinas, CA",210097.0,65545.0,3.2053856129376763,Salinas - CA USA
2019,"Salinas, CA",219229.0,67293.0,3.2578277086769796,Salinas - CA USA
2017,"Fayetteville-Springdale-Rogers, AR-MO",176999.0,70903.0,2.496354174012383,Northwest Arkansas - AR USA
2016,"Atlantic City-Hammonton, NJ",74900.0,29536.0,2.5358884073672807,Atlantic City - NJ USA
2020,"Ithaca, NY",32416.0,17893.0,1.8116581903537696,
2005,"Buffalo-Cheektowaga-Niagara Falls, NY",301027.0,153445.0,1.9617908696927238,Buffalo - NY USA
2020,"Santa Cruz-Watsonville, CA",83422.0,35432.0,2.3544253781892075,Santa Cruz - CA USA
2006,"Hattiesburg, MS",36107.0,16818.0,2.14692591271257,Hattiesburg - MS USA
2007,"Providence-Warwick, RI-MA",460914.0,220668.0,2.088721518298983,Providence - RI USA
2019,"Lima, OH",33335.0,12937.0,2.5767179407899823,
2005,"Columbus, OH",502367.0,225224.0,2.2305216140375803,Columbus - OH USA
2010,"Rocky Mount, NC",52319.0,21938.0,2.3848573251891696,Rocky Mount - NC USA
2018,"Albuquerque, NM",266888.0,126210.0,2.114634339592742,Albuquerque - NM USA
2023,"Reno, NV",162259.0,75155.0,2.1589914177366776,Reno - NV USA
2017,"Columbia, SC",226086.0,99019.0,2.283258768519173,
2005,"Michigan City-La Porte, IN",21811.0,9983.0,2.184814184112992,Michigan City-La Porte - IN USA
2015,"Oklahoma City, OK",450373.0,189468.0,2.3770399223087804,Oklahoma City - OK USA
2010,"Santa Maria-Santa Barbara, CA",189793.0,65925.0,2.878923018581722,Santa Barbara - CA USA
2019,"Seattle-Tacoma-Bellevue, WA",1380053.0,624343.0,2.2104083812904123,Seattle - WA USA
2022,"Grand Rapids-Wyoming, MI",222253.0,105037.0,2.115949617753744,Grand Rapids - MI USA
2010,"Bloomington, IL",40913.0,19565.0,2.0911321236902634,Bloomington - IL USA
2006,"Altoona, PA",23863.0,13200.0,1.8078030303030304,Altoona - PA USA
2007,"Ann Arbor, MI",97160.0,46389.0,2.0944620491926966,Ann Arbor - MI USA
2007,"Bend-Redmond, OR",48666.0,19916.0,2.443562964450693,Bend - OR USA
2009,"Greensboro-High Point, NC",235325.0,102693.0,2.2915388585395307,Greensboro - NC USA
2009,"Sumter, SC",26269.0,10829.0,2.4258010896666358,Sumter - SC USA
2014,"Palm Bay-Melbourne-Titusville, FL",158439.0,70043.0,2.2620247562211784,Melbourne - FL USA
2007,"Jackson, TN",35681.0,15197.0,2.3478976113706653,Jackson - TN USA
2023,"Wenatchee, WA",41444.0,16926.0,2.4485407066052227,
2016,"Winston-Salem, NC",196083.0,82742.0,2.3698121872809454,Winston-Salem - NC USA
2017,"San Luis Obispo-Paso Robles-Arroyo Grande, CA",98293.0,41752.0,2.354210576738839,San Luis Obispo - CA USA
2020,"Elkhart-Goshen, IN",46441.0,19396.0,2.394359661785935,Elkhart - IN USA
2017,"Cincinnati, OH-KY-IN",633568.0,287146.0,2.206431571395736,Cincinnati - OH USA
2011,"Vallejo-Fairfield, CA",145913.0,53546.0,2.7250028013296976,Vallejo-Fairfield - CA USA
2014,"Akron, OH",200966.0,96098.0,2.0912610043913507,Akron - OH USA
2018,"Springfield, OH",47242.0,19681.0,2.400386159239876,Springfield - OH USA
2013,"Myrtle Beach-Conway-North Myrtle Beach, SC-NC",118806.0,47287.0,2.5124452809440228,
2008,"Ocala, FL",91974.0,33813.0,2.7200780764794605,Ocala - FL USA
2012,"Michigan City-La Porte, IN",31869.0,13488.0,2.362766903914591,Michigan City-La Porte - IN USA
2017,"Raleigh, NC",421841.0,172159.0,2.450298851642958,Raleigh - NC USA
2018,"Deltona-Daytona Beach-Ormond Beach, FL",158100.0,70691.0,2.2364940374305076,Daytona Beach - FL USA
2009,"Portland-South Portland, ME",123191.0,60962.0,2.020783438863554,Portland - ME USA
2007,"Odessa, TX",29662.0,12773.0,2.3222422297032805,Odessa - TX USA
2007,"Raleigh, NC",273618.0,123678.0,2.2123417260951825,Raleigh - NC USA
2020,"Bloomington, IN",46344.0,23395.0,1.9809360974567216,Bloomington - IN USA
2022,"Boise City, ID",207963.0,85081.0,2.4442942607632725,Boise - ID USA
2021,"Las Cruces, NM",71181.0,31962.0,2.2270508729115823,Las Cruces - NM USA
2020,"Owensboro, KY",31304.0,15173.0,2.063138469650036,Owensboro - KY USA
2008,"Ocean City, NJ",26832.0,11302.0,2.3740930808706424,Ocean City - NJ USA
2013,"Homosassa Springs, FL",29187.0,12345.0,2.364277035236938,
2022,"Sebastian-Vero Beach, FL",31600.0,14206.0,2.2244122201886527,
2018,"New Haven-Milford, CT",276364.0,131368.0,2.103739114548444,New Haven - CT USA
2011,"Saginaw, MI",49125.0,22520.0,2.18139431616341,Saginaw - MI USA
2022,"Milwaukee-Waukesha-West Allis, WI",503874.0,254600.0,1.9790809112333072,Milwaukee - WI USA
2023,"Shreveport-Bossier City, LA",128015.0,58447.0,2.19027494995466,Shreveport - LA USA
2016,"Bismarck, ND",32708.0,16951.0,1.9295616777771223,
2015,"Bellingham, WA",67705.0,29824.0,2.2701515557939915,Bellingham - WA USA
2019,"Orlando-Kissimmee-Sanford, FL",816035.0,329591.0,2.475901951206192,Orlando - FL USA
2020,"Corpus Christi, TX",141673.0,63788.0,2.2209976798143853,Corpus Christi - TX USA
2014,"Monroe, MI",32184.0,12756.0,2.5230479774223893,Monroe - MI USA
2013,"Oshkosh-Neenah, WI",50773.0,25586.0,1.9844055342765574,
2022,"Charlotte-Concord-Gastonia, NC-SC",789110.0,373055.0,2.115264505233813,Charlotte - NC USA
2012,"Yuma, AZ",70188.0,23710.0,2.960269928300295,Yuma - AZ USA
2016,"Knoxville, TN",272551.0,120343.0,2.264784823379839,Knoxville - TN USA
2014,"Modesto, CA",232369.0,76946.0,3.0198970706729393,Modesto - CA USA
2017,"Racine, WI",59878.0,24954.0,2.399535144666186,Racine - WI USA
2022,"Las Cruces, NM",65277.0,28917.0,2.2573918456271396,Las Cruces - NM USA
2017,"Bloomington, IN",56785.0,26938.0,2.107988714826639,Bloomington - IN USA
2013,"Bridgeport-Stamford-Norwalk, CT",252956.0,104729.0,2.4153386359079145,Stamford - CT USA
2013,"Morgantown, WV",35412.0,17508.0,2.022618231665524,Morgantown - WV USA
2006,"Spartanburg, SC",68287.0,29693.0,2.2997676219984506,Spartanburg - SC USA
2014,"Ocean City, NJ",29489.0,12065.0,2.4441773725652713,Ocean City - NJ USA
2014,"Port St. Lucie, FL",98183.0,41502.0,2.365741410052528,Port St. Lucie - FL USA
2014,"Tampa-St. Petersburg-Clearwater, FL",964497.0,424191.0,2.273732823185782,Tampa - FL USA
2020,"Springfield, IL",46161.0,24859.0,1.8569129892594232,Springfield - IL USA
2017,"Omaha-Council Bluffs, NE-IA",317166.0,140860.0,2.2516399261678264,Omaha - NE USA
2007,"Fayetteville-Springdale-Rogers, AR-MO",125980.0,51726.0,2.4355256544097745,Northwest Arkansas - AR USA
2008,"Merced, CA",101277.0,33691.0,3.0060550295331097,Merced - CA USA
2008,"Sacramento--Roseville--Arden-Arcade, CA",732186.0,288001.0,2.5423036725566925,Sacramento - CA USA
2013,"Chattanooga, TN-GA",154874.0,65761.0,2.355104089049741,Chattanooga - TN USA
2008,"Elkhart-Goshen, IN",46865.0,19726.0,2.3757984386089426,Elkhart - IN USA
2021,"Reno, NV",188373.0,79640.0,2.365306378704169,Reno - NV USA
2010,"New York-Newark-Jersey City, NY-NJ-PA",8079462.0,3321779.0,2.4322695760313975,New York - NY USA
2022,"Pittsburgh, PA",526760.0,296019.0,1.7794803711923897,Pittsburgh - PA USA
2006,"Santa Rosa, CA",165301.0,64501.0,2.562766468736919,Santa Rosa - CA USA
2011,"Madera, CA",54469.0,15994.0,3.4055895960985367,Madera - CA USA
2021,"Bend-Redmond, OR",39221.0,20889.0,1.8775910766432093,Bend - OR USA
2022,"Medford, OR",73082.0,32759.0,2.2308983790714003,Medford - OR USA
2012,"El Paso, TX",288412.0,101136.0,2.8517244106945103,El Paso - TX USA
2006,"Albany-Schenectady-Troy, NY",234088.0,115458.0,2.0274731937154638,Albany - NY USA
2010,"Indianapolis-Carmel-Anderson, IN",520349.0,230229.0,2.260136646556255,Indianapolis - IN USA
2023,"Dallas-Fort Worth-Arlington, TX",2661305.0,1183593.0,2.2484967383213657,Dallas-Fort Worth - TX USA
2021,"Pittsburgh, PA",532697.0,289743.0,1.8385155120227237,Pittsburgh - PA USA
2012,"Toledo, OH",193122.0,90565.0,2.1324131839010656,Toledo - OH USA
2005,"Midland, TX",34299.0,14901.0,2.301791826051943,Midland - TX USA
2012,"Colorado Springs, CO",230485.0,90038.0,2.5598636131411183,Colorado Springs - CO USA
2016,"Houma-Thibodaux, LA",56321.0,22621.0,2.489766146501039,Houma-Thibodaux - LA USA
2015,"Coeur d'Alene, ID",41785.0,17772.0,2.3511703803736212,
2019,"Clarksville, TN-KY",115301.0,49509.0,2.3288896968228,Clarksville - TN USA
2007,"Lake Havasu City-Kingman, AZ",59256.0,23625.0,2.5081904761904763,Lake Havasu - AZ USA
2023,"Denver-Aurora-Lakewood, CO",957252.0,466150.0,2.0535278343880723,Denver - CO USA
2011,"Providence-Warwick, RI-MA",514931.0,239738.0,2.1478906139201963,Providence - RI USA
2006,"Muskegon, MI",30834.0,14017.0,2.199757437397446,Muskegon - MI USA
2018,"Atlanta-Sandy Springs-Roswell, GA",1831256.0,767881.0,2.384817439160495,Atlanta - GA USA
2023,"McAllen-Edinburg-Mission, TX",253670.0,92884.0,2.7310408681796647,McAllen - TX USA
2014,"Little Rock-North Little Rock-Conway, AR",212137.0,97926.0,2.1662990421338564,Little Rock - AR USA
2019,"Pittsfield, MA",31730.0,16367.0,1.9386570538278243,Pittsfield - MA USA
2013,"San Antonio-New Braunfels, TX",728151.0,295554.0,2.463681763738606,San Antonio - TX USA
2011,"Lancaster, PA",126835.0,57114.0,2.2207339706551807,Lancaster - PA USA
2019,"Anchorage, AK",132476.0,53655.0,2.4690336408536018,Anchorage - AK USA
2022,"Beckley, WV",24848.0,11682.0,2.1270330422872794,
2005,"Lynchburg, VA",54667.0,24389.0,2.241461314527041,Lynchburg - VA USA
2013,"Lawrence, KS",41316.0,19750.0,2.0919493670886076,
2012,"Lansing-East Lansing, MI",130424.0,62151.0,2.0985020353654806,Lansing - MI USA
2021,"La Crosse-Onalaska, WI-MN",33832.0,17458.0,1.9379081223507848,La Crosse-Onalaska - WI USA
2020,"Barnstable Town, MA",37211.0,21647.0,1.7189910842149028,Barnstable Town - MA USA
2018,"Canton-Massillon, OH",109232.0,51608.0,2.116571074252054,Canton - OH USA
2016,"Ithaca, NY",36704.0,16743.0,2.192199725258317,
2020,"Riverside-San Bernardino-Ontario, CA",1431998.0,481833.0,2.9719799183534543,Inland Empire - CA USA
2010,"Janesville-Beloit, WI",35986.0,15871.0,2.267405960556991,Janesville-Beloit - WI USA
2005,"Spokane-Spokane Valley, WA",131803.0,62916.0,2.0949043168669337,Spokane - WA USA
2017,"Harrisonburg, VA",44683.0,18210.0,2.453761669412411,
2011,"Chattanooga, TN-GA",135164.0,60942.0,2.217912113156772,Chattanooga - TN USA
2020,"Oshkosh-Neenah, WI",43886.0,23809.0,1.8432525515561342,
2006,"Odessa, TX",30393.0,13026.0,2.333256563795486,Odessa - TX USA
2021,"Urban Honolulu, HI",360693.0,138736.0,2.5998515165494176,Honolulu - HI USA
2014,"Columbus, OH",655079.0,291014.0,2.2510222875875385,Columbus - OH USA
2012,"Providence-Warwick, RI-MA",524662.0,245875.0,2.133856634468734,Providence - RI USA
2010,"Baton Rouge, LA",202947.0,89315.0,2.272261098359738,Baton Rouge - LA USA
2007,"Davenport-Moline-Rock Island, IA-IL",86418.0,41729.0,2.0709338829111648,Davenport - IA USA
2012,"Punta Gorda, FL",31120.0,14329.0,2.1718193872566123,Punta Gorda - FL USA
2023,"Glens Falls, NY",30858.0,15309.0,2.0156770527140897,Glens Falls - NY USA
2005,"York-Hanover, PA",81030.0,36536.0,2.2178125684256624,York - PA USA
2011,"Flagstaff, AZ",44264.0,17064.0,2.5939990623534928,Flagstaff - AZ USA
2012,"Madera, CA",56140.0,16874.0,3.327011971079768,Madera - CA USA
2023,"Mansfield, OH",30868.0,14958.0,2.063644872309132,Mansfield - OH USA
2018,"Philadelphia-Camden-Wilmington, PA-NJ-DE-MD",1635183.0,763745.0,2.141006487767514,Philadelphia - PA USA
2007,"Colorado Springs, CO",156673.0,67877.0,2.3081898139281347,Colorado Springs - CO USA
2017,"Parkersburg-Vienna, WV",21826.0,11483.0,1.9007228076286684,
2008,"Providence-Warwick, RI-MA",457023.0,220717.0,2.0706289048872537,Providence - RI USA
2012,"Lakeland-Winter Haven, FL",184189.0,72647.0,2.5353971946535987,Lakeland - FL USA
2013,"Scranton--Wilkes-Barre--Hazleton, PA",135372.0,64545.0,2.097327445967929,Scranton - PA USA
2018,"New York-Newark-Jersey City, NY-NJ-PA",8354875.0,3509523.0,2.3806297892904533,New York - NY USA
2012,"Dallas-Fort Worth-Arlington, TX",2293042.0,937416.0,2.446130639972008,Dallas-Fort Worth - TX USA
2008,"Harrisburg-Carlisle, PA",132301.0,63151.0,2.094994536903612,Harrisburg - PA USA
2007,"Youngstown-Warren-Boardman, OH-PA",133245.0,61872.0,2.153558960434445,Youngstown - OH USA
2021,"Portland-South Portland, ME",111303.0,61208.0,1.8184387661743564,Portland - ME USA
2020,"Napa, CA",43300.0,16872.0,2.5663821716453294,Napa - CA USA
2020,"Punta Gorda, FL",28105.0,17124.0,1.6412637234291054,Punta Gorda - FL USA
2023,"Myrtle Beach-Conway-North Myrtle Beach, SC-NC",91471.0,42462.0,2.154184918279874,
2015,"Decatur, IL",29364.0,14567.0,2.0157891123772913,Decatur - IL USA
2011,"Fayetteville, NC",131168.0,54122.0,2.4235615830900556,Fayetteville - NC USA
2016,"San Diego-Carlsbad, CA",1412170.0,530914.0,2.659884651751508,San Diego - CA USA
2023,"Cape Coral-Fort Myers, FL",180692.0,81660.0,2.212735733529268,Fort Myers - FL USA
2019,"Gulfport-Biloxi-Pascagoula, MS",115411.0,47022.0,2.454404321381481,Gulfport-Biloxi-Pascagoula - MS USA
2006,"McAllen-Edinburg-Mission, TX",199075.0,59217.0,3.361788000067548,McAllen - TX USA
2019,"Fresno, CA",419686.0,145503.0,2.8843803907823204,Fresno - CA USA
2011,"Houston-The Woodlands-Sugar Land, TX",1986829.0,791912.0,2.5089012415520915,Houston - TX USA
2018,"Tuscaloosa, AL",61815.0,29007.0,2.131037335815493,
2006,"Anniston-Oxford-Jacksonville, AL",32361.0,13303.0,2.4326091858979177,Anniston-Oxford - AL USA
2023,"Albuquerque, NM",248845.0,119193.0,2.0877484416031145,Albuquerque - NM USA
2015,"Bakersfield, CA",355787.0,114906.0,3.096330913964458,Bakersfield - CA USA
2011,"Dover, DE",41219.0,16363.0,2.5190368514331114,Dover - DE USA
2023,"Dayton, OH",251937.0,127773.0,1.9717545960414171,Dayton - OH USA
2020,"Jacksonville, FL",397576.0,195414.0,2.034531814506637,Jacksonville - FL USA
2006,"San Diego-Carlsbad, CA",1130708.0,439794.0,2.5709946020182177,San Diego - CA USA
2020,"New Haven-Milford, CT",267626.0,126694.0,2.1123810125183513,New Haven - CT USA
2006,"Philadelphia-Camden-Wilmington, PA-NJ-DE-MD",1294133.0,629212.0,2.0567519373438525,Philadelphia - PA USA
2009,"Baltimore-Columbia-Towson, MD",696204.0,317144.0,2.1952299270993616,Baltimore - MD USA
2013,"Salt Lake City, UT",334021.0,125383.0,2.664005487187258,Salt Lake City - UT USA
2019,"Bridgeport-Stamford-Norwalk, CT",268767.0,114667.0,2.3438914421760404,Stamford - CT USA
2022,"Dover, DE",43318.0,18113.0,2.3915419864185945,Dover - DE USA
2010,"Seattle-Tacoma-Bellevue, WA",1162327.0,530500.0,2.1910028275212063,Seattle - WA USA
2015,"Norwich-New London, CT",79473.0,36873.0,2.1553168985436497,Norwich - CT USA
2017,"Daphne-Fairhope-Foley, AL",47237.0,21087.0,2.2401005358751838,Daphne-Fairhope-Foley - AL USA
2019,"Bakersfield, CA",330652.0,112991.0,2.926356966484056,Bakersfield - CA USA
2008,"Greensboro-High Point, NC",209011.0,94141.0,2.220190990110579,Greensboro - NC USA
2011,"Barnstable Town, MA",49149.0,24292.0,2.023258685987156,Barnstable Town - MA USA
2019,"Greenville-Anderson-Mauldin, SC",237191.0,108927.0,2.1775225609812074,Greenville - SC USA
2016,"Morgantown, WV",38768.0,19167.0,2.022643084468096,Morgantown - WV USA
2018,"Hanford-Corcoran, CA",67810.0,20196.0,3.357595563477916,Hanford-Corcoran - CA USA
2021,"Oshkosh-Neenah, WI",55116.0,25322.0,2.176605323434168,
2018,"Barnstable Town, MA",39223.0,18263.0,2.1476756283195533,Barnstable Town - MA USA
2005,"College Station-Bryan, TX",71949.0,32422.0,2.2191413237924866,College Station-Bryan - TX USA
2005,"Chico, CA",88026.0,35678.0,2.467234710465833,Chico - CA USA
2009,"Ann Arbor, MI",101597.0,51721.0,1.9643278358887106,Ann Arbor - MI USA
2009,"Pueblo, CO",40451.0,18248.0,2.2167360806663745,Pueblo - CO USA
2021,"Vallejo-Fairfield, CA",168669.0,59862.0,2.8176305502656107,Vallejo-Fairfield - CA USA
2019,"Trenton, NJ",110576.0,49513.0,2.233272069961424,Trenton - NJ USA
2017,"Greenville, NC",71934.0,31622.0,2.274808677503004,Greenville - NC USA
2011,"Cincinnati, OH-KY-IN",551945.0,248270.0,2.223164296934789,Cincinnati - OH USA
2009,"Cleveland-Elyria, OH",580498.0,278442.0,2.0848076080476363,Cleveland - OH USA
2006,"Chicago-Naperville-Elgin, IL-IN-WI",2438736.0,1055728.0,2.3100040919630813,Chicago - IL USA
2006,"Bangor, ME",37955.0,19641.0,1.932437248612596,Bangor - ME USA
2021,"Barnstable Town, MA",47999.0,22043.0,2.1775166719593524,Barnstable Town - MA USA
2008,"Lewiston-Auburn, ME",29726.0,14200.0,2.093380281690141,Lewiston-Auburn - ME USA
2005,"El Centro, CA",63430.0,19185.0,3.306228824602554,El Centro - CA USA
2018,"Roanoke, VA",98666.0,44266.0,2.2289341706953416,
2006,"Port St. Lucie, FL",86504.0,33822.0,2.5576252143575187,Port St. Lucie - FL USA
2017,"Owensboro, KY",33742.0,14501.0,2.326874008689056,Owensboro - KY USA
2023,"Salt Lake City, UT",374372.0,159123.0,2.3527208511654507,Salt Lake City - UT USA
2018,"Lima, OH",33697.0,14716.0,2.2898206034248436,
2007,"Lynchburg, VA",57697.0,26074.0,2.212817365958426,Lynchburg - VA USA
2019,"Austin-Round Rock, TX",771092.0,350102.0,2.2024781349435307,Austin - TX USA
2016,"Dallas-Fort Worth-Arlington, TX",2498038.0,1024073.0,2.4393163378001375,Dallas-Fort Worth - TX USA
2015,"Daphne-Fairhope-Foley, AL",40510.0,19325.0,2.096248382923674,Daphne-Fairhope-Foley - AL USA
2006,"Grand Rapids-Wyoming, MI",166546.0,75715.0,2.19964339959057,Grand Rapids - MI USA
2020,"Laredo, TX",74164.0,23906.0,3.1023174098552664,Laredo - TX USA
2005,"Merced, CA",98942.0,29351.0,3.3709924704439373,Merced - CA USA
2021,"Hanford-Corcoran, CA",64263.0,20320.0,3.1625492125984254,Hanford-Corcoran - CA USA
2013,"Lewiston-Auburn, ME",38303.0,18891.0,2.0275792705521147,Lewiston-Auburn - ME USA
2023,"Lakeland-Winter Haven, FL",217673.0,87850.0,2.4777803073420603,Lakeland - FL USA
2023,"Hattiesburg, MS",49405.0,22746.0,2.172030247076409,Hattiesburg - MS USA
2021,"Reading, PA",109112.0,46463.0,2.3483632137399653,Reading - PA USA
2023,"Kalamazoo-Portage, MI",100470.0,51389.0,1.9550876646753197,Kalamazoo - MI USA
2010,"Niles-Benton Harbor, MI",36466.0,16385.0,2.225572169667379,Niles-Benton Harbor - MI USA
2008,"Cape Coral-Fort Myers, FL",139657.0,61303.0,2.2781429946332152,Fort Myers - FL USA
2008,"Vallejo-Fairfield, CA",129432.0,48382.0,2.6752097887644166,Vallejo-Fairfield - CA USA
2006,"Seattle-Tacoma-Bellevue, WA",993466.0,474754.0,2.092591110343462,Seattle - WA USA
2014,"York-Hanover, PA",99671.0,41799.0,2.384530730400249,York - PA USA
2021,"York-Hanover, PA",99972.0,41026.0,2.4367961780334424,York - PA USA
2008,"New Haven-Milford, CT",249519.0,115130.0,2.1672804655606703,New Haven - CT USA
2011,"Gainesville, GA",49398.0,18207.0,2.713132311748229,Gainesville - GA USA
2005,"Williamsport, PA",35543.0,16753.0,2.1215901629558886,Williamsport - PA USA
2006,"Bridgeport-Stamford-Norwalk, CT",207621.0,94484.0,2.1974196689386565,Stamford - CT USA
2017,"Wausau, WI",28787.0,15459.0,1.8621514975095415,Wausau - WI USA
2022,"Harrisonburg, VA",53348.0,20190.0,2.6422981674096087,
2023,"Niles-Benton Harbor, MI",31029.0,16890.0,1.8371225577264654,Niles-Benton Harbor - MI USA
2008,"Ann Arbor, MI",105195.0,50670.0,2.076080521018354,Ann Arbor - MI USA
2020,"Lincoln, NE",103909.0,53995.0,1.9244189276784887,Lincoln - NE USA
2013,"Muskegon, MI",40403.0,16985.0,2.3787459523108625,Muskegon - MI USA
2017,"La Crosse-Onalaska, WI-MN",40355.0,18526.0,2.178289970851776,La Crosse-Onalaska - WI USA
2020,"Orlando-Kissimmee-Sanford, FL",733568.0,307204.0,2.3878855744065834,Orlando - FL USA
2014,"Waco, TX",88177.0,37480.0,2.352641408751334,Waco - TX USA
2023,"Hickory-Lenoir-Morganton, NC",100408.0,46798.0,2.14556177614428,Hickory - NC USA
2019,"Gainesville, GA",48941.0,17176.0,2.849382859804378,Gainesville - GA USA
2015,"Saginaw, MI",51606.0,22966.0,2.24706087259427,Saginaw - MI USA
2016,"Eugene, OR",145596.0,60246.0,2.4166915645852005,Eugene - OR USA
2014,"Jackson, MI",37112.0,15350.0,2.4177198697068403,Jackson - MI USA
2011,"San Francisco-Oakland-Hayward, CA",1767766.0,750405.0,2.3557492287498083,San Francisco - CA USA
2005,"Laredo, TX",78011.0,23937.0,3.2590132430964616,Laredo - TX USA
2022,"Omaha-Council Bluffs, NE-IA",312281.0,145891.0,2.1405090101514146,Omaha - NE USA
2009,"Saginaw, MI",45525.0,20343.0,2.237870520572187,Saginaw - MI USA
2023,"Rockford, IL",95967.0,44005.0,2.180820361322577,Rockford - IL USA
2007,"San Francisco-Oakland-Hayward, CA",1450814.0,655228.0,2.2142124573430926,San Francisco - CA USA
2014,"Chattanooga, TN-GA",156450.0,69171.0,2.2617860085874137,Chattanooga - TN USA
2008,"Cincinnati, OH-KY-IN",523984.0,242974.0,2.156543498481319,Cincinnati - OH USA
2008,"Dayton, OH",241355.0,110618.0,2.1818781753421685,Dayton - OH USA
2016,"Las Cruces, NM",76266.0,30158.0,2.5288812255454607,Las Cruces - NM USA
2018,"Lubbock, TX",113547.0,51018.0,2.2256262495589794,Lubbock - TX USA
2007,"Vineland-Bridgeton, NJ",38833.0,15688.0,2.475331463539011,Vineland - NJ USA
2023,"Johnstown, PA",23185.0,13654.0,1.6980372052145891,Johnstown - PA USA
2017,"Hilton Head Island-Bluffton-Beaufort, SC",48168.0,21759.0,2.2137046739280297,Hilton Head Island - SC USA
2005,"Florence-Muscle Shoals, AL",31654.0,15269.0,2.073089265832733,Florence-Muscle Shoals - AL USA
2013,"Pueblo, CO",59334.0,22464.0,2.641292735042735,Pueblo - CO USA
2016,"San Luis Obispo-Paso Robles-Arroyo Grande, CA",93820.0,39772.0,2.3589459921552853,San Luis Obispo - CA USA
2019,"Tuscaloosa, AL",60228.0,29023.0,2.0751817524032665,
2009,"Birmingham-Hoover, AL",288461.0,126796.0,2.2750007886684123,Birmingham - AL USA
2010,"Lebanon, PA",31336.0,14883.0,2.1054894846469128,Lebanon - PA USA
2020,"Oklahoma City, OK",410886.0,190952.0,2.15177636264611,Oklahoma City - OK USA
2022,"Gainesville, GA",60872.0,22006.0,2.7661546850858856,Gainesville - GA USA
2014,"Ocala, FL",73312.0,32778.0,2.2366221245957654,Ocala - FL USA
2009,"Amarillo, TX",74055.0,31537.0,2.348194184608555,Amarillo - TX USA
2008,"Pensacola-Ferry Pass-Brent, FL",107821.0,46147.0,2.3364682427893473,Pensacola - FL USA
2006,"Lincoln, NE",84063.0,40906.0,2.055028602161052,Lincoln - NE USA
2009,"Akron, OH",195964.0,90232.0,2.1717794130685344,Akron - OH USA
2010,"Philadelphia-Camden-Wilmington, PA-NJ-DE-MD",1486769.0,695164.0,2.1387312921842905,Philadelphia - PA USA
2010,"Salinas, CA",218537.0,68103.0,3.208918843516438,Salinas - CA USA
2009,"Bloomington, IL",44395.0,22196.0,2.000135159488196,Bloomington - IL USA
2006,"Fort Wayne, IN",82652.0,40195.0,2.0562756561761413,Fort Wayne - IN USA
2013,"Provo-Orem, UT",157628.0,48801.0,3.2300157783651975,Provo - UT USA
2012,"Naples-Immokalee-Marco Island, FL",81221.0,31419.0,2.58509182341895,Naples - FL USA
2008,"Lake Havasu City-Kingman, AZ",69531.0,26133.0,2.660658936976237,Lake Havasu - AZ USA
2013,"Sacramento--Roseville--Arden-Arcade, CA",838885.0,332326.0,2.5242833843876196,Sacramento - CA USA
2010,"Riverside-San Bernardino-Ontario, CA",1358415.0,431575.0,3.1475757400220123,Inland Empire - CA USA
2020,"Las Cruces, NM",57229.0,24826.0,2.3052042213808104,Las Cruces - NM USA
2021,"Orlando-Kissimmee-Sanford, FL",852842.0,356233.0,2.39405669884598,Orlando - FL USA
2006,"Winston-Salem, NC",161491.0,70199.0,2.3004743657317057,Winston-Salem - NC USA
2017,"East Stroudsburg, PA",32176.0,11451.0,2.80988559951096,East Stroudsburg - PA USA
2021,"Salisbury, MD-DE",102635.0,42604.0,2.409046098957844,Salisbury - MD USA
2015,"Napa, CA",54184.0,18905.0,2.866120074054483,Napa - CA USA
2021,"Auburn-Opelika, AL",49850.0,24302.0,2.051271500288042,Auburn-Opelika - AL USA
2019,"Albuquerque, NM",251453.0,112993.0,2.2253856433584382,Albuquerque - NM USA
2007,"Iowa City, IA",39499.0,19410.0,2.034981968057702,Iowa City - IA USA
2014,"Portland-Vancouver-Hillsboro, OR-WA",859876.0,364662.0,2.358008237765383,Portland - OR USA
2007,"Cincinnati, OH-KY-IN",503855.0,242860.0,2.074672650909989,Cincinnati - OH USA
2015,"Jackson, MI",38412.0,17168.0,2.237418452935694,Jackson - MI USA
2010,"Monroe, LA",50545.0,22015.0,2.295934590052237,Monroe - LA USA
2021,"Omaha-Council Bluffs, NE-IA",286746.0,139418.0,2.056735859071282,Omaha - NE USA
2021,"St. Joseph, MO-KS",28548.0,14202.0,2.0101394169835234,
2015,"Hickory-Lenoir-Morganton, NC",103591.0,47291.0,2.1905013638958786,Hickory - NC USA
2015,"Yuma, AZ",66201.0,25250.0,2.621821782178218,Yuma - AZ USA
2021,"Houston-The Woodlands-Sugar Land, TX",2389476.0,997380.0,2.395752872526018,Houston - TX USA
2005,"Santa Cruz-Watsonville, CA",89698.0,37430.0,2.3964199839700773,Santa Cruz - CA USA
2016,"Olympia-Tumwater, WA",84911.0,39184.0,2.1669814209881584,Olympia - WA USA
2010,"Michigan City-La Porte, IN",26195.0,10831.0,2.418520912196473,Michigan City-La Porte - IN USA
2010,"Phoenix-Mesa-Scottsdale, AZ",1407278.0,543370.0,2.589907429559968,Phoenix - AZ USA
2017,"Toledo, OH",211946.0,98883.0,2.143401798084605,Toledo - OH USA
2009,"Atlanta-Sandy Springs-Roswell, GA",1397902.0,580522.0,2.4080086542801133,Atlanta - GA USA
2015,"Anchorage, AK",134802.0,55248.0,2.4399435273675065,Anchorage - AK USA
2020,"Michigan City-La Porte, IN",18715.0,9026.0,2.0734544648792377,Michigan City-La Porte - IN USA
2013,"Bloomington, IL",47933.0,21508.0,2.22861260926167,Bloomington - IL USA
2015,"Charleston, WV",62144.0,27897.0,2.2276230419041476,
2006,"Modesto, CA",154217.0,57676.0,2.6738504750676193,Modesto - CA USA
2010,"Houma-Thibodaux, LA",55481.0,19011.0,2.9183630529693336,Houma-Thibodaux - LA USA
2019,"Punta Gorda, FL",27178.0,13508.0,2.011992893100385,Punta Gorda - FL USA
2017,"Erie, PA",73167.0,36545.0,2.0021069913804896,Erie - PA USA
2008,"Pueblo, CO",45585.0,19428.0,2.346355775169858,Pueblo - CO USA
2021,"Punta Gorda, FL",32078.0,15389.0,2.084475924361557,Punta Gorda - FL USA
2013,"Lebanon, PA",38638.0,16096.0,2.400472166998012,Lebanon - PA USA
2016,"Philadelphia-Camden-Wilmington, PA-NJ-DE-MD",1633883.0,751106.0,2.1753028201079476,Philadelphia - PA USA
2009,"Yakima, WA",81476.0,27938.0,2.916314696828692,Yakima - WA USA
2010,"Iowa City, IA",43825.0,22268.0,1.9680707742051373,Iowa City - IA USA
2009,"Ocean City, NJ",37128.0,15730.0,2.360330578512397,Ocean City - NJ USA
2010,"Glens Falls, NY",30229.0,15465.0,1.954671839637892,Glens Falls - NY USA
2016,"Atlanta-Sandy Springs-Roswell, GA",1920253.0,791406.0,2.426381654928065,Atlanta - GA USA
2018,"Kalamazoo-Portage, MI",99468.0,48033.0,2.0708263069139967,Kalamazoo - MI USA
2010,"Richmond, VA",323197.0,140508.0,2.300203547128989,Richmond - VA USA
2010,"Flint, MI",113904.0,54740.0,2.0808184143222506,Flint - MI USA
2009,"New Orleans-Metairie, LA",358037.0,155749.0,2.29880769699966,New Orleans - LA USA
2020,"Wichita, KS",192190.0,87838.0,2.1880051913750314,Wichita - KS USA
2010,"Sacramento--Roseville--Arden-Arcade, CA",796047.0,304298.0,2.616011278417867,Sacramento - CA USA
2022,"Waco, TX",85914.0,36829.0,2.3327812321811616,Waco - TX USA
2019,"Eugene, OR",140910.0,65529.0,2.1503456484915078,Eugene - OR USA
2023,"Sumter, SC",33908.0,15076.0,2.2491377023083046,Sumter - SC USA
2014,"Lawrence, KS",43043.0,21511.0,2.0009762447120076,
2015,"Cape Coral-Fort Myers, FL",200085.0,80964.0,2.4712835334222616,Fort Myers - FL USA
2009,"Morgantown, WV",27912.0,15210.0,1.8351084812623275,Morgantown - WV USA
2012,"Wichita Falls, TX",44991.0,19424.0,2.3162582372322897,Wichita Falls - TX USA
2019,"Iowa City, IA",53510.0,25919.0,2.0645086615995987,Iowa City - IA USA
2009,"Springfield, MO",122426.0,57849.0,2.116302788293661,Springfield - MO USA
2007,"Kankakee, IL",29696.0,11608.0,2.558235699517574,Kankakee - IL USA
2021,"Coeur d'Alene, ID",44555.0,17514.0,2.54396482813749,
2012,"San Luis Obispo-Paso Robles-Arroyo Grande, CA",114745.0,46347.0,2.475780525168835,San Luis Obispo - CA USA
2006,"Los Angeles-Long Beach-Anaheim, CA",5218688.0,1972581.0,2.6456140457603516,Los Angeles - CA USA
2009,"Odessa, TX",46872.0,18227.0,2.571569649421188,Odessa - TX USA
2023,"Redding, CA",51728.0,23020.0,2.247089487402259,Redding - CA USA
2020,"Utica-Rome, NY",55063.0,29499.0,1.8666056476490729,Utica - NY USA
2018,"Ithaca, NY",32866.0,18161.0,1.8097021089147074,
2014,"Elkhart-Goshen, IN",58968.0,21602.0,2.729747245625405,Elkhart - IN USA
2018,"Burlington, NC",46541.0,21052.0,2.2107638229146875,Burlington - NC USA
2008,"Jacksonville, NC",59742.0,21089.0,2.8328512494665468,Jacksonville - NC USA
2014,"El Centro, CA",58768.0,18886.0,3.1117229693953194,El Centro - CA USA
2012,"Dover, DE",43322.0,17643.0,2.4554780932947913,Dover - DE USA
2011,"Columbia, MO",61815.0,28265.0,2.186980364408279,Columbia - MO USA
2011,"Virginia Beach-Norfolk-Newport News, VA-NC",515563.0,216857.0,2.377433054962487,Norfolk - VA USA
2016,"Wausau, WI",31386.0,14866.0,2.1112605946454996,Wausau - WI USA
2013,"Janesville-Beloit, WI",43813.0,19046.0,2.3003780321327314,Janesville-Beloit - WI USA
2012,"Goldsboro, NC",45139.0,19380.0,2.3291537667698656,Goldsboro - NC USA
2020,"Muskegon, MI",24547.0,11940.0,2.055862646566164,Muskegon - MI USA
2007,"Seattle-Tacoma-Bellevue, WA",996172.0,468551.0,2.1260695207138602,Seattle - WA USA
2007,"Mobile, AL",122211.0,50058.0,2.441387989931679,Mobile - AL USA
2022,"Reading, PA",99020.0,44111.0,2.244791548593321,Reading - PA USA
2019,"Springfield, MA",176043.0,83243.0,2.114808452362361,Springfield - MA USA
2014,"Kankakee, IL",29553.0,12657.0,2.334913486608201,Kankakee - IL USA
2010,"San Francisco-Oakland-Hayward, CA",1709489.0,727447.0,2.3499842600216923,San Francisco - CA USA
2010,"Buffalo-Cheektowaga-Niagara Falls, NY",327595.0,159842.0,2.0494926239661666,Buffalo - NY USA
2011,"San Luis Obispo-Paso Robles-Arroyo Grande, CA",105776.0,44237.0,2.3911205551913555,San Luis Obispo - CA USA
2019,"Monroe, LA",54615.0,24522.0,2.2271837533643257,Monroe - LA USA
2005,"Tyler, TX",55598.0,24552.0,2.264499837080482,Tyler - TX USA
2021,"Lincoln, NE",103527.0,53368.0,1.9398703342827162,Lincoln - NE USA
2013,"Dayton, OH",266716.0,118042.0,2.259500855627658,Dayton - OH USA
2006,"Gadsden, AL",25046.0,11719.0,2.1372130727877807,Gadsden - AL USA
2016,"Bloomington, IL",48287.0,23133.0,2.087364371244542,Bloomington - IL USA
2023,"Bakersfield, CA",335915.0,115252.0,2.9146131954326173,Bakersfield - CA USA
2010,"Atlantic City-Hammonton, NJ",60526.0,26847.0,2.2544790851864267,Atlantic City - NJ USA
2019,"Columbia, MO",61183.0,30456.0,2.008898082479643,Columbia - MO USA
2018,"Jackson, MI",37511.0,17226.0,2.1775804017183327,Jackson - MI USA
2020,"Amarillo, TX",81919.0,37349.0,2.193338509732523,Amarillo - TX USA
2018,"Lancaster, PA",141750.0,65586.0,2.161284420455585,Lancaster - PA USA
2016,"Cincinnati, OH-KY-IN",613207.0,282090.0,2.173799142117764,Cincinnati - OH USA
2008,"Saginaw, MI",46484.0,20412.0,2.2772878698804626,Saginaw - MI USA
2018,"Gainesville, GA",59539.0,19977.0,2.9803774340491564,Gainesville - GA USA
2015,"Lima, OH",28437.0,13975.0,2.0348479427549195,
2013,"Odessa, TX",46848.0,17200.0,2.7237209302325582,Odessa - TX USA
2020,"Louisville/Jefferson County, KY-IN",310639.0,154191.0,2.0146376896187195,Louisville - KY USA
2020,"San Angelo, TX",33028.0,15063.0,2.1926575051450574,San Angelo - TX USA
2019,"Prescott, AZ",61328.0,28946.0,2.1187037932702273,Prescott - AZ USA
2016,"Auburn-Opelika, AL",55157.0,25530.0,2.1604778691735214,Auburn-Opelika - AL USA
2005,"Altoona, PA",30139.0,15206.0,1.9820465605681967,Altoona - PA USA
2010,"Oklahoma City, OK",386167.0,165017.0,2.340164952701843,Oklahoma City - OK USA
2005,"Evansville, IN-KY",59024.0,28353.0,2.0817550171057735,Evansville - IN USA
2018,"St. Louis, MO-IL",761451.0,364535.0,2.0888282332286336,Saint Louis - MO USA
2020,"Charleston-North Charleston, SC",207906.0,95177.0,2.1844143017745883,Charleston - SC USA
2018,"Ocean City, NJ",20293.0,9520.0,2.1316176470588237,Ocean City - NJ USA
2008,"York-Hanover, PA",94386.0,40830.0,2.3116825863335784,York - PA USA
2018,"Eau Claire, WI",43460.0,21079.0,2.061767636035865,Eau Claire - WI USA
2010,"Eau Claire, WI",41656.0,20024.0,2.0803036356372355,Eau Claire - WI USA
2005,"Omaha-Council Bluffs, NE-IA",238836.0,113436.0,2.1054691632286047,Omaha - NE USA
2008,"Bakersfield, CA",287990.0,97786.0,2.9451046162027286,Bakersfield - CA USA
2016,"Mobile, AL",121566.0,54065.0,2.248515675575696,Mobile - AL USA
2015,"Kalamazoo-Portage, MI",97816.0,45791.0,2.1361402895765544,Kalamazoo - MI USA
2013,"Rochester, NY",296528.0,144085.0,2.0580074261720513,Rochester - NY USA
2005,"Miami-Fort Lauderdale-West Palm Beach, FL",1620410.0,683921.0,2.3692941143787074,Miami - FL USA
2018,"Grand Rapids-Wyoming, MI",210634.0,93272.0,2.258276867655888,Grand Rapids - MI USA
2016,"Reno, NV",173524.0,74636.0,2.3249370277078087,Reno - NV USA
2019,"Olympia-Tumwater, WA",80144.0,35724.0,2.2434217892733175,Olympia - WA USA
2018,"Sebastian-Vero Beach, FL",18056.0,9982.0,1.8088559406932478,
2016,"Portland-Vancouver-Hillsboro, OR-WA",805009.0,353043.0,2.280200995346176,Portland - OR USA
2014,"Owensboro, KY",35533.0,15185.0,2.340006585446164,Owensboro - KY USA
2019,"St. George, UT",54996.0,18500.0,2.9727567567567568,
2012,"Jackson, MI",39560.0,17471.0,2.2643237364775914,Jackson - MI USA
2014,"Wichita Falls, TX",36847.0,16181.0,2.27717693591249,Wichita Falls - TX USA
2018,"Tampa-St. Petersburg-Clearwater, FL",964335.0,431767.0,2.2334615660761474,Tampa - FL USA
2020,"Morgantown, WV",38134.0,20291.0,1.879355379232172,Morgantown - WV USA
2011,"Columbus, OH",611319.0,273751.0,2.233120609605079,Columbus - OH USA
2011,"Baltimore-Columbia-Towson, MD",751933.0,336741.0,2.2329713340519866,Baltimore - MD USA
2019,"Gadsden, AL",22773.0,10986.0,2.0729109776078647,Gadsden - AL USA
2018,"Los Angeles-Long Beach-Anaheim, CA",5954184.0,2254423.0,2.6411121604064545,Los Angeles - CA USA
2021,"Greensboro-High Point, NC",223945.0,106160.0,2.1095045214770156,Greensboro - NC USA
2021,"Montgomery, AL",118428.0,52268.0,2.2657840361215276,Montgomery - AL USA
2011,"Farmington, NM",24430.0,9513.0,2.568064753495217,Farmington - NM USA
2016,"Lincoln, NE",107378.0,49048.0,2.1892431903441527,Lincoln - NE USA
2015,"Dayton, OH",264234.0,122475.0,2.1574525413349663,Dayton - OH USA
2005,"Johnstown, PA",30600.0,14138.0,2.1643796859527513,Johnstown - PA USA
2018,"Ogden-Clearfield, UT",125223.0,47911.0,2.613658658763123,Ogden - UT USA
2014,"Florence, SC",55809.0,24898.0,2.2415053417945217,
2008,"Santa Fe, NM",33459.0,17347.0,1.9288061336254108,Santa Fe - NM USA
2021,"Las Vegas-Henderson-Paradise, NV",893389.0,368472.0,2.4245777155387653,Las Vegas - NV USA
2010,"Harrisburg-Carlisle, PA",136008.0,67191.0,2.024199669598607,Harrisburg - PA USA
2010,"Decatur, AL",33469.0,14454.0,2.315552788155528,Decatur - AL USA
2022,"Myrtle Beach-Conway-North Myrtle Beach, SC-NC",91351.0,45416.0,2.011427690681698,
2020,"Augusta-Richmond County, GA-SC",161715.0,70153.0,2.3051758299716334,Augusta - GA USA
2012,"Knoxville, TN",254058.0,117879.0,2.1552439365790343,Knoxville - TN USA
2021,"Albany-Schenectady-Troy, NY",245062.0,128079.0,1.913365969440736,Albany - NY USA
2006,"Lakeland-Winter Haven, FL",170181.0,66243.0,2.569041257189439,Lakeland - FL USA
2015,"Racine, WI",49509.0,22367.0,2.2134841507578127,Racine - WI USA
2008,"Janesville-Beloit, WI",33990.0,16481.0,2.0623748558946664,Janesville-Beloit - WI USA
2008,"Santa Cruz-Watsonville, CA",97332.0,38008.0,2.5608292990949275,Santa Cruz - CA USA
2015,"Harrisburg-Carlisle, PA",156967.0,73851.0,2.1254553086620356,Harrisburg - PA USA
2015,"Erie, PA",86200.0,39568.0,2.178528103517994,Erie - PA USA
2009,"Fort Collins, CO",82867.0,38761.0,2.1378963391037384,Fort Collins - CO USA
2016,"Port St. Lucie, FL",120783.0,48445.0,2.4931984724945813,Port St. Lucie - FL USA
2012,"Wilmington, NC",92365.0,38780.0,2.381768953068592,
2011,"Peoria, IL",86891.0,40037.0,2.1702675025601317,Peoria - IL USA
2009,"Dayton, OH",243358.0,114468.0,2.1259915434881362,Dayton - OH USA
2014,"Bloomington, IL",54991.0,24286.0,2.2643086551922917,Bloomington - IL USA
2020,"Bellingham, WA",83020.0,33651.0,2.467088645211138,Bellingham - WA USA
2010,"Fayetteville-Springdale-Rogers, AR-MO",138436.0,58016.0,2.386169332597904,Northwest Arkansas - AR USA
2017,"Lafayette, LA",138586.0,63952.0,2.167031523642732,Lafayette - LA USA
2023,"Richmond, VA",385874.0,176892.0,2.1814101259525587,Richmond - VA USA
2011,"San Angelo, TX",37146.0,15510.0,2.3949709864603483,San Angelo - TX USA
2022,"Lynchburg, VA",61288.0,29718.0,2.062319133185275,Lynchburg - VA USA
2022,"Tampa-St. Petersburg-Clearwater, FL",971541.0,437521.0,2.2205585560464525,Tampa - FL USA
2009,"Blacksburg-Christiansburg-Radford, VA",59149.0,26999.0,2.190784843883107,Blacksburg - VA USA
2010,"Greenville-Anderson-Mauldin, SC",251263.0,110431.0,2.275294075033279,Greenville - SC USA
2019,"Bellingham, WA",73673.0,31455.0,2.3421713559052613,Bellingham - WA USA
2018,"Spokane-Spokane Valley, WA",200505.0,87132.0,2.3011637515493732,Spokane - WA USA
2019,"San Luis Obispo-Paso Robles-Arroyo Grande, CA",96613.0,40118.0,2.4082207487910665,San Luis Obispo - CA USA
2019,"Decatur, AL",31787.0,13363.0,2.378732320586695,Decatur - AL USA
2019,"Lancaster, PA",140859.0,63721.0,2.2105585285855525,Lancaster - PA USA
2014,"Houma-Thibodaux, LA",59976.0,23689.0,2.5318080121575415,Houma-Thibodaux - LA USA
2006,"Nashville-Davidson--Murfreesboro--Franklin, TN",418176.0,189457.0,2.207234359247745,Nashville - TN USA
2016,"Baton Rouge, LA",236558.0,99920.0,2.367473979183347,Baton Rouge - LA USA
2012,"Salisbury, MD-DE",91535.0,36841.0,2.484595966450422,Salisbury - MD USA
2021,"Gadsden, AL",21336.0,10196.0,2.092585327579443,Gadsden - AL USA
2012,"Kankakee, IL",28111.0,12688.0,2.2155580075662042,Kankakee - IL USA
2010,"Jackson, MS",150015.0,58172.0,2.578817988035481,Jackson - MS USA
2020,"Omaha-Council Bluffs, NE-IA",275423.0,134649.0,2.0454886408365454,Omaha - NE USA
2005,"Madera, CA",41121.0,13474.0,3.051877690366632,Madera - CA USA
2018,"Eugene, OR",142516.0,63683.0,2.2378970839941585,Eugene - OR USA
2005,"Lakeland-Winter Haven, FL",153344.0,57010.0,2.689773723908086,Lakeland - FL USA
2018,"Greensboro-High Point, NC",268154.0,118862.0,2.2560111726203496,Greensboro - NC USA
2009,"Decatur, IL",31373.0,14199.0,2.20952179730967,Decatur - IL USA
2017,"Riverside-San Bernardino-Ontario, CA",1483397.0,495778.0,2.99205894573781,Inland Empire - CA USA
2005,"Rockford, IL",70601.0,33235.0,2.124296675191816,Rockford - IL USA
2007,"Ogden-Clearfield, UT",97172.0,37276.0,2.606824766605859,Ogden - UT USA
2011,"Worcester, MA-CT",237941.0,109028.0,2.1823843416370106,Worcester - MA USA
2011,"Jackson, MS",137877.0,57426.0,2.4009507888412913,Jackson - MS USA
2005,"Springfield, OH",33812.0,14899.0,2.2694140546345394,Springfield - OH USA
2015,"Glens Falls, NY",26978.0,13403.0,2.012832947847497,Glens Falls - NY USA
2022,"Des Moines-West Des Moines, IA",154659.0,75804.0,2.040248535697325,
2023,"Portland-South Portland, ME",123244.0,66573.0,1.8512610217355385,Portland - ME USA
2023,"Burlington, NC",50066.0,23862.0,2.098147682507753,Burlington - NC USA
2021,"San Jose-Sunnyvale-Santa Clara, CA",753384.0,287532.0,2.6201744501481574,San Jose - CA USA
2005,"Hattiesburg, MS",37505.0,16071.0,2.3337066766224877,Hattiesburg - MS USA
2006,"Denver-Aurora-Lakewood, CO",653979.0,302335.0,2.1630939189971388,Denver - CO USA
2015,"Memphis, TN-MS-AR",437462.0,185334.0,2.360397984179913,Memphis - TN USA
2016,"Gulfport-Biloxi-Pascagoula, MS",120751.0,49237.0,2.452444300018279,Gulfport-Biloxi-Pascagoula - MS USA
2021,"Elkhart-Goshen, IN",41435.0,17775.0,2.331082981715893,Elkhart - IN USA
2016,"Provo-Orem, UT",160324.0,52010.0,3.0825610459527013,Provo - UT USA
2005,"Pensacola-Ferry Pass-Brent, FL",115237.0,50342.0,2.2890826745063766,Pensacola - FL USA
2022,"Greenville-Anderson-Mauldin, SC",264016.0,116504.0,2.2661539517956464,Greenville - SC USA
2005,"Lake Havasu City-Kingman, AZ",65938.0,22096.0,2.9841600289645185,Lake Havasu - AZ USA
2013,"Dallas-Fort Worth-Arlington, TX",2346233.0,959717.0,2.4447133894679367,Dallas-Fort Worth - TX USA
2005,"Cincinnati, OH-KY-IN",511891.0,244474.0,2.093846380392189,Cincinnati - OH USA
2019,"Milwaukee-Waukesha-West Allis, WI",530650.0,258012.0,2.0566872858626732,Milwaukee - WI USA
2011,"Syracuse, NY",168894.0,78144.0,2.1613175675675675,Syracuse - NY USA
2019,"Riverside-San Bernardino-Ontario, CA",1455940.0,496815.0,2.930547588136429,Inland Empire - CA USA
2007,"Milwaukee-Waukesha-West Allis, WI",467298.0,218630.0,2.137391940721767,Milwaukee - WI USA
2008,"Yuma, AZ",61393.0,21346.0,2.876089197039258,Yuma - AZ USA
2005,"New Haven-Milford, CT",235790.0,112515.0,2.095631693551971,New Haven - CT USA
2006,"San Antonio-New Braunfels, TX",570093.0,234370.0,2.4324486922387676,San Antonio - TX USA
2016,"Augusta-Richmond County, GA-SC",168822.0,69152.0,2.4413176770013885,Augusta - GA USA
2008,"Lebanon, PA",26790.0,13240.0,2.023413897280967,Lebanon - PA USA
2017,"Kansas City, MO-KS",649952.0,300392.0,2.1636794588404484,Kansas City - MO USA
2009,"State College, PA",49061.0,23516.0,2.086281680557918,State College - PA USA
2013,"Iowa City, IA",54715.0,25011.0,2.1876374395266085,Iowa City - IA USA
2008,"North Port-Sarasota-Bradenton, FL",170211.0,75875.0,2.243308072487644,Sarasota - FL USA
2009,"Durham-Chapel Hill, NC",158903.0,71380.0,2.2261557859344356,Durham - NC USA
2008,"Eau Claire, WI",36784.0,18987.0,1.9373255385263601,Eau Claire - WI USA
2016,"Racine, WI",72984.0,27966.0,2.6097403990559966,Racine - WI USA
2006,"Hartford-West Hartford-East Hartford, CT",305334.0,141634.0,2.1557959247073444,Hartford - CT USA
2014,"Lake Havasu City-Kingman, AZ",66339.0,29096.0,2.280004124278251,Lake Havasu - AZ USA
2022,"Barnstable Town, MA",44022.0,21461.0,2.0512557662737056,Barnstable Town - MA USA
2008,"Durham-Chapel Hill, NC",152324.0,71995.0,2.1157580387526913,Durham - NC USA
2012,"Santa Cruz-Watsonville, CA",110736.0,40465.0,2.736587174101075,Santa Cruz - CA USA
2017,"Barnstable Town, MA",42795.0,21654.0,1.9763092269326683,Barnstable Town - MA USA
2012,"Canton-Massillon, OH",107601.0,50436.0,2.1334166071853438,Canton - OH USA
2012,"Mansfield, OH",35751.0,14520.0,2.462190082644628,Mansfield - OH USA
2012,"Ogden-Clearfield, UT",118148.0,43854.0,2.6941214028366853,Ogden - UT USA
2018,"Midland, TX",43299.0,19528.0,2.217277755018435,Midland - TX USA
2009,"Tampa-St. Petersburg-Clearwater, FL",780426.0,349030.0,2.2359854453771884,Tampa - FL USA
2010,"Madera, CA",63812.0,16090.0,3.965941578620261,Madera - CA USA
2009,"Tyler, TX",47616.0,20519.0,2.320580924996345,Tyler - TX USA
2014,"Burlington-South Burlington, VT",59071.0,25599.0,2.3075510762139144,Burlington - VT USA
2013,"Kalamazoo-Portage, MI",101081.0,47608.0,2.123193580910771,Kalamazoo - MI USA
2014,"Tyler, TX",69141.0,28903.0,2.392173822786562,Tyler - TX USA
2010,"Las Cruces, NM",70462.0,26942.0,2.6153218023903197,Las Cruces - NM USA
2009,"Punta Gorda, FL",37012.0,17494.0,2.115696810334972,Punta Gorda - FL USA
2023,"Montgomery, AL",141910.0,60576.0,2.342676967776017,Montgomery - AL USA
2016,"Rocky Mount, NC",52488.0,21562.0,2.434282534087747,Rocky Mount - NC USA
2016,"Yuma, AZ",61568.0,22743.0,2.7071186738776767,Yuma - AZ USA
2010,"Albuquerque, NM",262662.0,112824.0,2.328068496064667,Albuquerque - NM USA
2021,"Denver-Aurora-Lakewood, CO",886539.0,422652.0,2.097562533715681,Denver - CO USA
2013,"Florence, SC",65062.0,27775.0,2.3424662466246624,
2017,"Grand Rapids-Wyoming, MI",221035.0,96191.0,2.2978761006746993,Grand Rapids - MI USA
2006,"Scranton--Wilkes-Barre--Hazleton, PA",145132.0,72421.0,2.004004363375264,Scranton - PA USA
2006,"Kansas City, MO-KS",471914.0,215754.0,2.1872781037663263,Kansas City - MO USA
2015,"Baton Rouge, LA",204335.0,92388.0,2.2117049833311686,Baton Rouge - LA USA
2022,"Grand Junction, CO",29397.0,14803.0,1.9858812402891306,Grand Junction - CO USA
2010,"Visalia-Porterville, CA",184135.0,53143.0,3.464896599740323,Visalia - CA USA
2007,"Rocky Mount, NC",49843.0,21784.0,2.2880554535438855,Rocky Mount - NC USA
2021,"Lafayette, LA",145957.0,64283.0,2.270538089385996,Lafayette - LA USA
2005,"Austin-Round Rock, TX",477247.0,219395.0,2.1752865835593336,Austin - TX USA
2014,"Portland-South Portland, ME",139939.0,62985.0,2.221782964197825,Portland - ME USA
2008,"Lincoln, NE",73167.0,38789.0,1.8862821934053469,Lincoln - NE USA
2007,"Urban Honolulu, HI",333364.0,131112.0,2.5425895417658184,Honolulu - HI USA
2022,"Bridgeport-Stamford-Norwalk, CT",262151.0,117155.0,2.2376424395032224,Stamford - CT USA
2021,"Corpus Christi, TX",152392.0,63447.0,2.4018787334310527,Corpus Christi - TX USA
2019,"Manchester-Nashua, NH",106005.0,50441.0,2.1015642037231617,Manchester - NH USA
2017,"New Orleans-Metairie, LA",384312.0,182047.0,2.111059231956583,New Orleans - LA USA
2011,"Erie, PA",74989.0,36962.0,2.0288133758995723,Erie - PA USA
2016,"Boise City, ID",180759.0,79728.0,2.2671959662853705,Boise - ID USA
2011,"Oxnard-Thousand Oaks-Ventura, CA",259473.0,91468.0,2.836762583635807,Ventura - CA USA
2022,"Scranton--Wilkes-Barre--Hazleton, PA",158810.0,73555.0,2.159064645503365,Scranton - PA USA
2017,"Albany-Schenectady-Troy, NY",235160.0,120765.0,1.947252929242744,Albany - NY USA
2006,"Orlando-Kissimmee-Sanford, FL",608998.0,250044.0,2.43556334085201,Orlando - FL USA
2017,"Eugene, OR",133929.0,62536.0,2.1416304208775747,Eugene - OR USA
2023,"Fayetteville-Springdale-Rogers, AR-MO",202257.0,86610.0,2.335261517145826,Northwest Arkansas - AR USA
2009,"Wichita Falls, TX",44718.0,18708.0,2.390314304041052,Wichita Falls - TX USA
2010,"Spartanburg, SC",75520.0,31164.0,2.4233089462199975,Spartanburg - SC USA
2023,"Johnson City, TN",61430.0,28316.0,2.169444836841362,
2011,"Mobile, AL",125803.0,52656.0,2.3891484351261014,Mobile - AL USA
2016,"Pittsfield, MA",32144.0,17120.0,1.877570093457944,Pittsfield - MA USA
2016,"Norwich-New London, CT",71265.0,35629.0,2.0001964691683742,Norwich - CT USA
2020,"Portland-South Portland, ME",118339.0,63711.0,1.8574343519957308,Portland - ME USA
2020,"Harrisonburg, VA",46063.0,17790.0,2.5892636312535133,
2014,"Wenatchee, WA",32807.0,12521.0,2.6201581343343183,
2017,"Scranton--Wilkes-Barre--Hazleton, PA",155366.0,69753.0,2.227373733029404,Scranton - PA USA
2023,"Pittsburgh, PA",559936.0,293976.0,1.9046997033771464,Pittsburgh - PA USA
2020,"Mansfield, OH",30932.0,14485.0,2.1354504659993094,Mansfield - OH USA
2016,"Utica-Rome, NY",70686.0,31737.0,2.2272426505340768,Utica - NY USA
2016,"Palm Bay-Melbourne-Titusville, FL",142318.0,62855.0,2.2642271895632806,Melbourne - FL USA
2021,"Deltona-Daytona Beach-Ormond Beach, FL",168391.0,72572.0,2.3203301548806703,Daytona Beach - FL USA
2017,"Huntsville, AL",124057.0,56880.0,2.1810302390998593,Huntsville - AL USA
2017,"Charleston-North Charleston, SC",219230.0,104709.0,2.09370732219771,Charleston - SC USA
2021,"Clarksville, TN-KY",137776.0,50209.0,2.7440498715369754,Clarksville - TN USA
2023,"Mobile, AL",109644.0,54541.0,2.0103041748409454,Mobile - AL USA
2018,"Reading, PA",104143.0,44630.0,2.33347524086937,Reading - PA USA
2005,"Kennewick-Richland, WA",55510.0,21368.0,2.5978098090602773,Kennewick-Richland - WA USA
2013,"Hartford-West Hartford-East Hartford, CT",336196.0,153856.0,2.1851341514143097,Hartford - CT USA
2009,"Burlington, NC",38090.0,17797.0,2.1402483564645727,Burlington - NC USA
2009,"Lafayette, LA",99222.0,46102.0,2.1522276690816016,Lafayette - LA USA
2008,"Monroe, LA",47303.0,21671.0,2.1827788288496146,Monroe - LA USA
2016,"Rockford, IL",113996.0,47231.0,2.413584298448053,Rockford - IL USA
2009,"Janesville-Beloit, WI",43813.0,16189.0,2.706343813700661,Janesville-Beloit - WI USA
2013,"Indianapolis-Carmel-Anderson, IN",592927.0,261767.0,2.2650945306322035,Indianapolis - IN USA
2021,"Napa, CA",42246.0,15816.0,2.671092564491654,Napa - CA USA
2013,"Akron, OH",198610.0,95552.0,2.0785540857334226,Akron - OH USA
2021,"Asheville, NC",125125.0,60132.0,2.0808388212598947,
2006,"Cape Coral-Fort Myers, FL",152553.0,61073.0,2.497879586724084,Fort Myers - FL USA
2006,"St. Cloud, MN",44053.0,17930.0,2.456943669827105,St. Cloud - MN USA
2019,"San Antonio-New Braunfels, TX",739082.0,305453.0,2.419625932631207,San Antonio - TX USA
2023,"Toledo, OH",194335.0,89727.0,2.1658475152406744,Toledo - OH USA
2015,"Grand Rapids-Wyoming, MI",225655.0,98367.0,2.294011202944077,Grand Rapids - MI USA
2005,"Grand Junction, CO",36578.0,15145.0,2.4151865302079893,Grand Junction - CO USA
2014,"Raleigh, NC",406294.0,170169.0,2.387591159376855,Raleigh - NC USA
2009,"Lebanon, PA",29949.0,14079.0,2.127210739399105,Lebanon - PA USA
2010,"Charlottesville, VA",57179.0,26457.0,2.1612049741089314,Charlottesville - VA USA
2007,"Orlando-Kissimmee-Sanford, FL",610784.0,249458.0,2.4484442270843187,Orlando - FL USA
2012,"Santa Rosa, CA",191190.0,74813.0,2.555571892585513,Santa Rosa - CA USA
2014,"Madera, CA",53061.0,17136.0,3.0964635854341735,Madera - CA USA
2023,"Pensacola-Ferry Pass-Brent, FL",129305.0,56724.0,2.279546576405049,Pensacola - FL USA
2013,"Sheboygan, WI",27872.0,13256.0,2.1025950512975258,Sheboygan - WI USA
2019,"Lakeland-Winter Haven, FL",188785.0,73163.0,2.5803343219933574,Lakeland - FL USA
2013,"Eugene, OR",124393.0,57575.0,2.160538428137212,Eugene - OR USA
2009,"Minneapolis-St. Paul-Bloomington, MN-WI",708074.0,335951.0,2.1076704638474064,Minneapolis - MN USA
2014,"Bloomington, IN",51008.0,24518.0,2.0804307039725916,Bloomington - IN USA
2017,"Des Moines-West Des Moines, IA",164565.0,78796.0,2.0884943398142037,
2009,"Milwaukee-Waukesha-West Allis, WI",490328.0,226979.0,2.160235087827508,Milwaukee - WI USA
2010,"Syracuse, NY",172211.0,83067.0,2.073157812368329,Syracuse - NY USA
2022,"Mankato-North Mankato, MN",26071.0,15292.0,1.7048783677739994,
2010,"Morgantown, WV",30648.0,17572.0,1.744138402003187,Morgantown - WV USA
2015,"Brownsville-Harlingen, TX",126289.0,42038.0,3.0041629002331223,Brownsville-Harlingen - TX USA
2020,"Johnstown, PA",22586.0,12198.0,1.85161501885555,Johnstown - PA USA
2009,"Gainesville, GA",52996.0,17369.0,3.0511831423801024,Gainesville - GA USA
2014,"Gainesville, FL",97621.0,46476.0,2.1004604527067734,Gainesville - FL USA
2007,"Anniston-Oxford-Jacksonville, AL",31196.0,13845.0,2.2532322137955942,Anniston-Oxford - AL USA
2016,"Lebanon, PA",34682.0,15504.0,2.236971104231166,Lebanon - PA USA
2011,"Brownsville-Harlingen, TX",123275.0,38732.0,3.182768770009295,Brownsville-Harlingen - TX USA
2020,"Buffalo-Cheektowaga-Niagara Falls, NY",318925.0,172698.0,1.8467208653255973,Buffalo - NY USA
2009,"Gainesville, FL",90296.0,42829.0,2.108291111162997,Gainesville - FL USA
2012,"Parkersburg-Vienna, WV",28228.0,11707.0,2.411206970188776,
2014,"Springfield, MA",195635.0,86513.0,2.261336446545606,Springfield - MA USA
2019,"Niles-Benton Harbor, MI",36401.0,15875.0,2.292976377952756,Niles-Benton Harbor - MI USA
2023,"Bremerton-Silverdale, WA",70247.0,31898.0,2.202238384851715,Bremerton - WA USA
2008,"Mobile, AL",115534.0,49777.0,2.3210318018361895,Mobile - AL USA
2014,"Providence-Warwick, RI-MA",547904.0,254524.0,2.1526614386069682,Providence - RI USA
2008,"Orlando-Kissimmee-Sanford, FL",581814.0,245834.0,2.366694598794308,Orlando - FL USA
2009,"Visalia-Porterville, CA",171427.0,53808.0,3.1859017246506096,Visalia - CA USA
2012,"Ocean City, NJ",27593.0,13175.0,2.094345351043643,Ocean City - NJ USA
2005,"Modesto, CA",166262.0,58147.0,2.859339260838908,Modesto - CA USA
2021,"East Stroudsburg, PA",25709.0,12406.0,2.072303724004514,East Stroudsburg - PA USA
2010,"Tucson, AZ",316212.0,139914.0,2.2600454564947037,Tucson - AZ USA
2011,"St. Cloud, MN",44529.0,19192.0,2.320185493955815,St. Cloud - MN USA
2015,"Flagstaff, AZ",43375.0,17952.0,2.416165329768271,Flagstaff - AZ USA
2022,"Orlando-Kissimmee-Sanford, FL",966938.0,399396.0,2.4210007110737215,Orlando - FL USA
2015,"Clarksville, TN-KY",119432.0,47502.0,2.514252031493411,Clarksville - TN USA
2019,"Cincinnati, OH-KY-IN",617806.0,287992.0,2.145219311647546,Cincinnati - OH USA
2015,"Charleston-North Charleston, SC",209106.0,95046.0,2.2000505018622563,Charleston - SC USA
2005,"Provo-Orem, UT",123748.0,41338.0,2.9935652426338963,Provo - UT USA
2016,"State College, PA",41669.0,20887.0,1.9949729496816202,State College - PA USA
2017,"Baton Rouge, LA",224567.0,95586.0,2.3493712468353105,Baton Rouge - LA USA
2009,"Chico, CA",79258.0,32897.0,2.4092774417120104,Chico - CA USA
2018,"Ocala, FL",83953.0,35051.0,2.3951670423097773,Ocala - FL USA
2021,"Janesville-Beloit, WI",42127.0,19766.0,2.131286046746939,Janesville-Beloit - WI USA
2011,"Bakersfield, CA",349615.0,109410.0,3.1954574536148432,Bakersfield - CA USA
2009,"Rocky Mount, NC",59687.0,23517.0,2.538036314155717,Rocky Mount - NC USA
2011,"Odessa, TX",40958.0,17549.0,2.3339221608068836,Odessa - TX USA
2009,"Michigan City-La Porte, IN",25291.0,10227.0,2.4729637234770707,Michigan City-La Porte - IN USA
2007,"Monroe, MI",23584.0,10642.0,2.2161247885735764,Monroe - MI USA
2022,"St. Cloud, MN",53047.0,26222.0,2.022995957592861,St. Cloud - MN USA
2005,"Niles-Benton Harbor, MI",50040.0,20226.0,2.4740433105903294,Niles-Benton Harbor - MI USA
2023,"San Diego-Carlsbad, CA",1328659.0,539143.0,2.4643907089584767,San Diego - CA USA
2010,"Decatur, IL",30202.0,15079.0,2.00291796538232,Decatur - IL USA
2019,"Corpus Christi, TX",157654.0,65277.0,2.4151538826845598,Corpus Christi - TX USA
2017,"Orlando-Kissimmee-Sanford, FL",847467.0,338210.0,2.505741994618728,Orlando - FL USA
2014,"Burlington, NC",43594.0,21272.0,2.049360661902971,Burlington - NC USA
2022,"Cheyenne, WY",22883.0,11868.0,1.9281260532524436,
2023,"Salisbury, MD-DE",101799.0,45526.0,2.236062909106884,Salisbury - MD USA
2017,"Lancaster, PA",157616.0,67376.0,2.33934932320114,Lancaster - PA USA
2023,"Cincinnati, OH-KY-IN",607792.0,297104.0,2.0457213635629277,Cincinnati - OH USA
2023,"Miami-Fort Lauderdale-West Palm Beach, FL",2165928.0,892906.0,2.425706625333462,Miami - FL USA
2020,"Gadsden, AL",25301.0,9605.0,2.6341488807912548,Gadsden - AL USA
2005,"Gulfport-Biloxi-Pascagoula, MS",100690.0,41647.0,2.417701154945134,Gulfport-Biloxi-Pascagoula - MS USA
2023,"Clarksville, TN-KY",125205.0,52819.0,2.3704538139684583,Clarksville - TN USA
2006,"Portland-South Portland, ME",121937.0,59431.0,2.0517406740589927,Portland - ME USA
2009,"Port St. Lucie, FL",96163.0,36638.0,2.6246792947213278,Port St. Lucie - FL USA
2013,"Greenville-Anderson-Mauldin, SC",256693.0,111143.0,2.3095741522183135,Greenville - SC USA
2011,"Ocala, FL",79220.0,31774.0,2.4932334613205764,Ocala - FL USA
2016,"Grand Junction, CO",44339.0,20333.0,2.1806423056115674,Grand Junction - CO USA
2007,"Lewiston-Auburn, ME",36928.0,15009.0,2.4603904324072223,Lewiston-Auburn - ME USA
2009,"McAllen-Edinburg-Mission, TX",213913.0,68834.0,3.107664816805648,McAllen - TX USA
2015,"McAllen-Edinburg-Mission, TX",210932.0,67467.0,3.1264470037203376,McAllen - TX USA
2008,"Fayetteville, NC",120269.0,47511.0,2.5313927301046073,Fayetteville - NC USA
2006,"Ocala, FL",66252.0,28570.0,2.31893594679734,Ocala - FL USA
2012,"Boston-Cambridge-Newton, MA-NH",1452617.0,679881.0,2.136575371278209,Boston - MA USA
2011,"Houma-Thibodaux, LA",59747.0,23684.0,2.5226735348758655,Houma-Thibodaux - LA USA
2008,"Owensboro, KY",29828.0,13881.0,2.1488365391542397,Owensboro - KY USA
2023,"California-Lexington Park, MD",24226.0,9552.0,2.5362227805695143,
2008,"Champaign-Urbana, IL",71421.0,34678.0,2.0595478401291887,Champaign-Urbana - IL USA
2015,"Waco, TX",82102.0,35876.0,2.288493700524027,Waco - TX USA
2019,"Greensboro-High Point, NC",274949.0,119163.0,2.307335330597585,Greensboro - NC USA
2017,"Napa, CA",39488.0,15843.0,2.492457236634476,Napa - CA USA
2018,"Boise City, ID",189703.0,80118.0,2.367795002371502,Boise - ID USA
2015,"Atlanta-Sandy Springs-Roswell, GA",1914342.0,771978.0,2.4797882841220864,Atlanta - GA USA
2012,"Cincinnati, OH-KY-IN",598828.0,272740.0,2.1956002053237516,Cincinnati - OH USA
2008,"Bloomington, IN",42785.0,23540.0,1.8175446049277826,Bloomington - IN USA
2015,"Kankakee, IL",32762.0,12690.0,2.581717888100867,Kankakee - IL USA
2014,"Sebastian-Vero Beach, FL",34575.0,15324.0,2.2562646828504307,
2022,"Deltona-Daytona Beach-Ormond Beach, FL",161988.0,73783.0,2.1954650800319855,Daytona Beach - FL USA
2013,"Corpus Christi, TX",176024.0,68057.0,2.5864202065915336,Corpus Christi - TX USA
2012,"Pittsburgh, PA",575490.0,298409.0,1.9285276248370524,Pittsburgh - PA USA
2023,"Chico, CA",85890.0,37702.0,2.278128481247679,Chico - CA USA
2019,"Shreveport-Bossier City, LA",127676.0,56381.0,2.264521736045831,Shreveport - LA USA
2013,"Fort Wayne, IN",104138.0,44996.0,2.3143835007556226,Fort Wayne - IN USA
2023,"Louisville/Jefferson County, KY-IN",329674.0,162396.0,2.0300623168058327,Louisville - KY USA
2012,"Worcester, MA-CT",266202.0,119328.0,2.230842719227675,Worcester - MA USA
2014,"Louisville/Jefferson County, KY-IN",361304.0,165032.0,2.189296621261331,Louisville - KY USA
2023,"Janesville-Beloit, WI",46438.0,20516.0,2.2635016572431272,Janesville-Beloit - WI USA
2009,"Beaumont-Port Arthur, TX",114402.0,50451.0,2.2675863709341737,Beaumont - TX USA
2005,"Winston-Salem, NC",178047.0,71145.0,2.502593295382669,Winston-Salem - NC USA
2005,"Sumter, SC",26932.0,12063.0,2.2326121197048825,Sumter - SC USA
2018,"San Luis Obispo-Paso Robles-Arroyo Grande, CA",99638.0,40866.0,2.4381637547105175,San Luis Obispo - CA USA
2019,"Lubbock, TX",128621.0,51610.0,2.492172059678357,Lubbock - TX USA
2006,"Raleigh, NC",258051.0,119941.0,2.151482812382755,Raleigh - NC USA
2010,"Lewiston-Auburn, ME",32832.0,14249.0,2.3041616955575828,Lewiston-Auburn - ME USA
2017,"Atlantic City-Hammonton, NJ",77057.0,31922.0,2.4139151682225424,Atlantic City - NJ USA
2022,"Yakima, WA",87308.0,31693.0,2.754803899914808,Yakima - WA USA
2009,"Elizabethtown-Fort Knox, KY",45630.0,17394.0,2.623318385650224,Elizabethtown-Fort Knox - KY USA
2008,"Decatur, IL",25941.0,13336.0,1.9451859628074386,Decatur - IL USA
2006,"Champaign-Urbana, IL",59917.0,30971.0,1.9346162539149527,Champaign-Urbana - IL USA
2012,"Palm Bay-Melbourne-Titusville, FL",139883.0,58676.0,2.383990047037971,Melbourne - FL USA
2020,"Palm Bay-Melbourne-Titusville, FL",125603.0,61308.0,2.0487212109349513,Melbourne - FL USA
2019,"San Francisco-Oakland-Hayward, CA",1878030.0,791953.0,2.371390726469879,San Francisco - CA USA
2010,"Sumter, SC",34072.0,14238.0,2.393032729315915,Sumter - SC USA
2009,"Scranton--Wilkes-Barre--Hazleton, PA",174423.0,82228.0,2.121211752687649,Scranton - PA USA
2011,"Boise City, ID",177082.0,71745.0,2.468213812809255,Boise - ID USA
2013,"Columbia, SC",225028.0,96768.0,2.3254381613756614,
2006,"Corpus Christi, TX",131473.0,53251.0,2.468930160935945,Corpus Christi - TX USA
2009,"Lincoln, NE",94495.0,43799.0,2.1574693486152654,Lincoln - NE USA
2006,"Minneapolis-St. Paul-Bloomington, MN-WI",604190.0,295738.0,2.042990755330732,Minneapolis - MN USA
2008,"Provo-Orem, UT",118542.0,38699.0,3.0631799271299,Provo - UT USA
2014,"Colorado Springs, CO",227941.0,92760.0,2.457319965502372,Colorado Springs - CO USA
2023,"Port St. Lucie, FL",115833.0,46255.0,2.5042265701005295,Port St. Lucie - FL USA
2018,"Springfield, MA",187242.0,86641.0,2.161124640758994,Springfield - MA USA
2006,"Lafayette, LA",116702.0,47879.0,2.437436036675787,Lafayette - LA USA
2018,"Charleston-North Charleston, SC",215735.0,97599.0,2.210422237932766,Charleston - SC USA
2006,"Clarksville, TN-KY",90231.0,36161.0,2.495257321423633,Clarksville - TN USA
2005,"Goldsboro, NC",38766.0,15696.0,2.46980122324159,Goldsboro - NC USA
2007,"Detroit-Warren-Dearborn, MI",951864.0,430235.0,2.2124280916243446,Detroit - MI USA
2005,"Norwich-New London, CT",71292.0,33583.0,2.1228597802459577,Norwich - CT USA
2007,"Barnstable Town, MA",39117.0,20237.0,1.9329446064139941,Barnstable Town - MA USA
2007,"Greenville-Anderson-Mauldin, SC",232970.0,102978.0,2.2623278758569794,Greenville - SC USA
2010,"Salisbury, MD-DE",87038.0,34728.0,2.5062773554480535,Salisbury - MD USA
2015,"Michigan City-La Porte, IN",28884.0,12455.0,2.319068647129667,Michigan City-La Porte - IN USA
2012,"Roanoke, VA",89897.0,41278.0,2.1778429187460633,
2017,"Miami-Fort Lauderdale-West Palm Beach, FL",2049901.0,850091.0,2.4113900747096486,Miami - FL USA
2007,"Hilton Head Island-Bluffton-Beaufort, SC",50249.0,20315.0,2.4734924932316025,Hilton Head Island - SC USA
2020,"El Paso, TX",250403.0,106103.0,2.359999246015664,El Paso - TX USA
2021,"Lakeland-Winter Haven, FL",233404.0,85062.0,2.7439279584303216,Lakeland - FL USA
2015,"Santa Fe, NM",33790.0,18202.0,1.8563894077573893,Santa Fe - NM USA
2023,"Los Angeles-Long Beach-Anaheim, CA",5913113.0,2350830.0,2.5153299047570434,Los Angeles - CA USA
2011,"Tyler, TX",60581.0,25652.0,2.3616482145641666,Tyler - TX USA
2023,"Joplin, MO",60438.0,25219.0,2.3965264284864585,Joplin - MO USA
2008,"Jackson, MS",147214.0,61083.0,2.410064993533389,Jackson - MS USA
2020,"Yuba City, CA",71167.0,24507.0,2.903945811400824,Yuba City - CA USA
2022,"Erie, PA",70363.0,33425.0,2.1051009723261034,Erie - PA USA
2006,"Sumter, SC",30923.0,12155.0,2.5440559440559443,Sumter - SC USA
2015,"Elkhart-Goshen, IN",52887.0,21154.0,2.5000945447669474,Elkhart - IN USA
2010,"Trenton, NJ",101151.0,42448.0,2.382939125518281,Trenton - NJ USA
2013,"Albuquerque, NM",264157.0,113029.0,2.33707278662998,Albuquerque - NM USA
2018,"Olympia-Tumwater, WA",96713.0,39756.0,2.4326642519368145,Olympia - WA USA
2006,"Davenport-Moline-Rock Island, IA-IL",92595.0,42510.0,2.1781933662667607,Davenport - IA USA
2017,"Louisville/Jefferson County, KY-IN",352853.0,162519.0,2.171149219475877,Louisville - KY USA
2012,"Austin-Round Rock, TX",651097.0,285796.0,2.2781879382496606,Austin - TX USA
2013,"St. George, UT",44749.0,13600.0,3.2903676470588237,
2008,"Richmond, VA",286240.0,129409.0,2.2119017997202666,Richmond - VA USA
2005,"Joplin, MO",50619.0,20463.0,2.473684210526316,Joplin - MO USA
2018,"Janesville-Beloit, WI",51530.0,22653.0,2.2747538957312496,Janesville-Beloit - WI USA
2012,"Beaumont-Port Arthur, TX",95901.0,42998.0,2.2303595516070516,Beaumont - TX USA
2007,"New Haven-Milford, CT",232277.0,106325.0,2.184594403950153,New Haven - CT USA
2010,"Kennewick-Richland, WA",71762.0,27732.0,2.58769652387134,Kennewick-Richland - WA USA
2017,"St. Louis, MO-IL",734218.0,349037.0,2.1035534914636558,Saint Louis - MO USA
2012,"Mobile, AL",132131.0,55494.0,2.3809961437272498,Mobile - AL USA
2009,"Bremerton-Silverdale, WA",62191.0,25794.0,2.4110645886640305,Bremerton - WA USA
2021,"Springfield, MA",177951.0,83057.0,2.142516584995846,Springfield - MA USA
2006,"Prescott, AZ",58107.0,24739.0,2.348801487529811,Prescott - AZ USA
2014,"Beaumont-Port Arthur, TX",110137.0,49224.0,2.2374654640013003,Beaumont - TX USA
2019,"Reno, NV",184740.0,79548.0,2.3223713984009655,Reno - NV USA
2017,"Knoxville, TN",271045.0,121517.0,2.2305109573146145,Knoxville - TN USA
2012,"Norwich-New London, CT",77918.0,36969.0,2.1076577673185644,Norwich - CT USA
2022,"Monroe, LA",58544.0,26512.0,2.208207604103802,Monroe - LA USA
2021,"Racine, WI",61285.0,27149.0,2.2573575453976207,Racine - WI USA
2022,"Lancaster, PA",139523.0,64283.0,2.1704494189754677,Lancaster - PA USA
2021,"Tyler, TX",56979.0,24830.0,2.2947643979057593,Tyler - TX USA
2013,"Greenville, NC",72198.0,31711.0,2.276749392955126,Greenville - NC USA
2015,"Las Cruces, NM",64743.0,26512.0,2.442026252263126,Las Cruces - NM USA
2013,"Kankakee, IL",30664.0,13606.0,2.253711597824489,Kankakee - IL USA
2011,"Portland-South Portland, ME",130316.0,66975.0,1.9457409481149683,Portland - ME USA
2018,"Anniston-Oxford-Jacksonville, AL",30749.0,12674.0,2.4261480195676186,Anniston-Oxford - AL USA
2019,"Racine, WI",65949.0,26185.0,2.5185793393164024,Racine - WI USA
2023,"Decatur, AL",35428.0,15155.0,2.3377103266248764,Decatur - AL USA
2012,"Spartanburg, SC",93236.0,35659.0,2.6146554866934015,Spartanburg - SC USA
2013,"Richmond, VA",372337.0,166148.0,2.2409959794881673,Richmond - VA USA
2018,"La Crosse-Onalaska, WI-MN",38201.0,18427.0,2.0730992565257504,La Crosse-Onalaska - WI USA
2006,"Augusta-Richmond County, GA-SC",120553.0,53987.0,2.233000537166355,Augusta - GA USA
2015,"Wichita Falls, TX",42379.0,19599.0,2.1623041991938363,Wichita Falls - TX USA
2008,"Scranton--Wilkes-Barre--Hazleton, PA",167278.0,79918.0,2.093120448459671,Scranton - PA USA
2018,"Gulfport-Biloxi-Pascagoula, MS",122255.0,53712.0,2.2761207923741438,Gulfport-Biloxi-Pascagoula - MS USA
2019,"Augusta-Richmond County, GA-SC",138312.0,60398.0,2.2900096029669856,Augusta - GA USA
2008,"Corpus Christi, TX",132381.0,52644.0,2.514645543651698,Corpus Christi - TX USA
2012,"Owensboro, KY",28698.0,12086.0,2.3744828727453253,Owensboro - KY USA
2018,"Merced, CA",118559.0,36213.0,3.273934774804628,Merced - CA USA
2022,"Norwich-New London, CT",77271.0,39221.0,1.970143545549578,Norwich - CT USA
2016,"Amarillo, TX",82938.0,34245.0,2.4219010074463427,Amarillo - TX USA
2005,"Shreveport-Bossier City, LA",128386.0,51864.0,2.4754357550516737,Shreveport - LA USA
2015,"Riverside-San Bernardino-Ontario, CA",1581386.0,527269.0,2.999201546079895,Inland Empire - CA USA
2013,"Roanoke, VA",92369.0,41847.0,2.2073027935096903,
2019,"Tampa-St. Petersburg-Clearwater, FL",890955.0,409518.0,2.1756186541250933,Tampa - FL USA
2005,"Lancaster, PA",122553.0,54452.0,2.2506611327407624,Lancaster - PA USA
2008,"Panama City, FL",53726.0,24325.0,2.2086742034943474,Panama City - FL USA
2009,"Stockton-Lodi, CA",245095.0,81697.0,3.0000489614061716,Stockton - CA USA
2013,"Miami-Fort Lauderdale-West Palm Beach, FL",1939871.0,791458.0,2.451009402899459,Miami - FL USA
2009,"Knoxville, TN",231445.0,108207.0,2.138909682368054,Knoxville - TN USA
2019,"Anniston-Oxford-Jacksonville, AL",31574.0,13144.0,2.4021606816798537,Anniston-Oxford - AL USA
2011,"Dayton, OH",259146.0,120432.0,2.1518035073734554,Dayton - OH USA
2016,"Monroe, MI",23537.0,10973.0,2.144992253713661,Monroe - MI USA
2008,"Florence-Muscle Shoals, AL",32525.0,15453.0,2.104769300459458,Florence-Muscle Shoals - AL USA
2013,"Augusta-Richmond County, GA-SC",139850.0,60815.0,2.299597138863767,Augusta - GA USA
2019,"Lawrence, KS",54403.0,25701.0,2.1167658845959303,
2008,"Evansville, IN-KY",63899.0,32466.0,1.9681820981950349,Evansville - IN USA
2022,"Rockford, IL",90171.0,39979.0,2.2554591160359188,Rockford - IL USA
2023,"Wichita, KS",181619.0,88185.0,2.0595225945455575,Wichita - KS USA
2018,"Houston-The Woodlands-Sugar Land, TX",2305245.0,925336.0,2.4912518263636128,Houston - TX USA
2017,"Las Vegas-Henderson-Paradise, NV",890226.0,357904.0,2.4873317984710983,Las Vegas - NV USA
2008,"Utica-Rome, NY",79097.0,38175.0,2.0719580877537656,Utica - NY USA
2020,"Topeka, KS",53854.0,28505.0,1.8892825820031574,
2019,"Charleston, WV",52822.0,24262.0,2.177149451817657,
2014,"Chico, CA",85818.0,35493.0,2.417885216803313,Chico - CA USA
2014,"Nashville-Davidson--Murfreesboro--Franklin, TN",616711.0,256061.0,2.408453454450307,Nashville - TN USA
2016,"Sacramento--Roseville--Arden-Arcade, CA",842202.0,334491.0,2.517861467124676,Sacramento - CA USA
2008,"Boise City, ID",153609.0,62109.0,2.473216442061537,Boise - ID USA
2022,"Santa Maria-Santa Barbara, CA",203378.0,74933.0,2.71413129061962,Santa Barbara - CA USA
2012,"Merced, CA",114401.0,35509.0,3.2217465994536596,Merced - CA USA
2014,"Springfield, MO",137309.0,60569.0,2.2669847611814626,Springfield - MO USA
2020,"Scranton--Wilkes-Barre--Hazleton, PA",144244.0,65310.0,2.208605114071352,Scranton - PA USA
2012,"Manchester-Nashua, NH",101316.0,46292.0,2.1886287047438002,Manchester - NH USA
2016,"New York-Newark-Jersey City, NY-NJ-PA",8450893.0,3478951.0,2.4291497638224855,New York - NY USA
2017,"Los Angeles-Long Beach-Anaheim, CA",5975563.0,2239310.0,2.6684840419593536,Los Angeles - CA USA
2007,"Hanford-Corcoran, CA",53553.0,15713.0,3.4081970343028067,Hanford-Corcoran - CA USA
2019,"Rochester, NY",303997.0,151256.0,2.009817792352039,Rochester - NY USA
2013,"Providence-Warwick, RI-MA",527023.0,244960.0,2.1514655453951668,Providence - RI USA
2019,"Myrtle Beach-Conway-North Myrtle Beach, SC-NC",114505.0,48616.0,2.3552945532335032,
2011,"Hartford-West Hartford-East Hartford, CT",340673.0,152656.0,2.2316384550885653,Hartford - CT USA
2015,"San Angelo, TX",34967.0,16944.0,2.063680358829084,San Angelo - TX USA
2022,"Utica-Rome, NY",80062.0,38363.0,2.0869587884159215,Utica - NY USA
2013,"Youngstown-Warren-Boardman, OH-PA",149078.0,70087.0,2.12704210481259,Youngstown - OH USA
2015,"Bangor, ME",37412.0,19363.0,1.9321386148840571,Bangor - ME USA
2014,"Muncie, IN",32559.0,15517.0,2.098279306566991,Muncie - IN USA
2012,"Akron, OH",194089.0,93437.0,2.0772178045099907,Akron - OH USA
2008,"State College, PA",46650.0,20321.0,2.2956547414005217,State College - PA USA
2015,"Atlantic City-Hammonton, NJ",76318.0,31325.0,2.4363288108539507,Atlantic City - NJ USA
2012,"Salt Lake City, UT",333277.0,128302.0,2.597597855060716,Salt Lake City - UT USA
2010,"Cincinnati, OH-KY-IN",569491.0,247306.0,2.3027787437425697,Cincinnati - OH USA
2020,"Rocky Mount, NC",38766.0,16382.0,2.3663777316566965,Rocky Mount - NC USA
2020,"Albany-Schenectady-Troy, NY",241397.0,135226.0,1.7851374735627763,Albany - NY USA
2008,"Terre Haute, IN",42565.0,17286.0,2.462397315746847,Terre Haute - IN USA
2006,"Phoenix-Mesa-Scottsdale, AZ",1127518.0,452510.0,2.4916974210514686,Phoenix - AZ USA
2023,"Yuba City, CA",64604.0,22147.0,2.9170542285636882,Yuba City - CA USA
2019,"Springfield, IL",55733.0,27815.0,2.0037030379291747,Springfield - IL USA
2018,"Fresno, CA",436464.0,149611.0,2.9173255977167454,Fresno - CA USA
2005,"Prescott, AZ",49363.0,22365.0,2.2071540353230494,Prescott - AZ USA
2016,"Parkersburg-Vienna, WV",24828.0,11414.0,2.175223409847556,
2007,"Bakersfield, CA",281495.0,91877.0,3.063824460964115,Bakersfield - CA USA
2018,"Elkhart-Goshen, IN",51932.0,21663.0,2.3972672298388957,Elkhart - IN USA
2022,"Jackson, MI",29570.0,16177.0,1.8279038140569945,Jackson - MI USA
2008,"Prescott, AZ",65778.0,26667.0,2.4666441669479133,Prescott - AZ USA
2018,"Iowa City, IA",54780.0,25806.0,2.122762148337596,Iowa City - IA USA
2016,"Phoenix-Mesa-Scottsdale, AZ",1650590.0,629920.0,2.6203168656337312,Phoenix - AZ USA
2012,"Trenton, NJ",105369.0,45478.0,2.3169224680065086,Trenton - NJ USA
2008,"Winston-Salem, NC",164105.0,72515.0,2.2630490243397916,Winston-Salem - NC USA
2011,"Decatur, IL",25946.0,13329.0,1.9465826393577912,Decatur - IL USA
2007,"Jackson, MI",34561.0,15932.0,2.1692819482801906,Jackson - MI USA
2022,"Santa Cruz-Watsonville, CA",101694.0,37882.0,2.6844939549126234,Santa Cruz - CA USA
2020,"Visalia-Porterville, CA",180893.0,54914.0,3.2941144334778016,Visalia - CA USA
2011,"Milwaukee-Waukesha-West Allis, WI",513859.0,244159.0,2.104608062778763,Milwaukee - WI USA
2020,"Binghamton, NY",66227.0,34294.0,1.9311541377500436,Binghamton - NY USA
2014,"San Luis Obispo-Paso Robles-Arroyo Grande, CA",100944.0,40925.0,2.466560781918143,San Luis Obispo - CA USA
2018,"Virginia Beach-Norfolk-Newport News, VA-NC",565604.0,254092.0,2.2259811406891994,Norfolk - VA USA
2017,"Medford, OR",75448.0,32473.0,2.3234071382379207,Medford - OR USA
2008,"Ogden-Clearfield, UT",96932.0,38647.0,2.5081377597226173,Ogden - UT USA
2016,"Kalamazoo-Portage, MI",109302.0,47210.0,2.31522982418979,Kalamazoo - MI USA
2017,"Port St. Lucie, FL",121536.0,47505.0,2.5583833280707293,Port St. Lucie - FL USA
2019,"Eau Claire, WI",38081.0,20241.0,1.881379378489205,Eau Claire - WI USA
2008,"Indianapolis-Carmel-Anderson, IN",460669.0,212057.0,2.1723828970512646,Indianapolis - IN USA
2018,"Birmingham-Hoover, AL",289998.0,132841.0,2.1830458969745785,Birmingham - AL USA
2006,"Bremerton-Silverdale, WA",66460.0,29868.0,2.2251238783982856,Bremerton - WA USA
2010,"Jacksonville, FL",374543.0,164176.0,2.2813505019003997,Jacksonville - FL USA
2015,"Trenton, NJ",110808.0,47613.0,2.327263562472434,Trenton - NJ USA
2010,"Reading, PA",105350.0,45588.0,2.3109151531104675,Reading - PA USA
2013,"Utica-Rome, NY",80669.0,39234.0,2.0560993016261406,Utica - NY USA
2009,"Oklahoma City, OK",396931.0,169305.0,2.3444729925282775,Oklahoma City - OK USA
2018,"Manchester-Nashua, NH",113168.0,51970.0,2.17756397921878,Manchester - NH USA
2017,"Allentown-Bethlehem-Easton, PA-NJ",223708.0,97163.0,2.302399061371098,Lehigh Valley - PA USA
2012,"Homosassa Springs, FL",24391.0,9033.0,2.7002103398649395,
2013,"Oxnard-Thousand Oaks-Ventura, CA",303655.0,97056.0,3.128657682162875,Ventura - CA USA
2010,"Augusta-Richmond County, GA-SC",146859.0,62973.0,2.3320947072554903,Augusta - GA USA
2023,"Lewiston-Auburn, ME",40729.0,17645.0,2.3082459620289035,Lewiston-Auburn - ME USA
2006,"Killeen-Temple, TX",118828.0,47023.0,2.527018692980031,Killeen - TX USA
2019,"Salisbury, MD-DE",110837.0,43472.0,2.549618145012882,Salisbury - MD USA
2015,"Vallejo-Fairfield, CA",153758.0,56280.0,2.7320184790334046,Vallejo-Fairfield - CA USA
2012,"Yuba City, CA",64848.0,22802.0,2.843961056047715,Yuba City - CA USA
2015,"Chicago-Naperville-Elgin, IL-IN-WI",2997721.0,1269602.0,2.3611501872240277,Chicago - IL USA
2018,"Huntsville, AL",120153.0,57520.0,2.0888908205841448,Huntsville - AL USA
2013,"Huntsville, AL",117094.0,52257.0,2.240733298888187,Huntsville - AL USA
2013,"Jefferson City, MO",34859.0,16384.0,2.12762451171875,
2013,"Yakima, WA",82399.0,29768.0,2.7680395055092717,Yakima - WA USA
2015,"Lubbock, TX",117827.0,49443.0,2.383087595817406,Lubbock - TX USA
2015,"Tampa-St. Petersburg-Clearwater, FL",971175.0,432878.0,2.2435305097510154,Tampa - FL USA
2009,"Niles-Benton Harbor, MI",38046.0,18158.0,2.0952748100011016,Niles-Benton Harbor - MI USA
2023,"Memphis, TN-MS-AR",430522.0,188120.0,2.288549861790347,Memphis - TN USA
2008,"Atlantic City-Hammonton, NJ",64794.0,27924.0,2.3203695745595185,Atlantic City - NJ USA
2006,"Binghamton, NY",60132.0,30626.0,1.9634297655586757,Binghamton - NY USA
2011,"Athens-Clarke County, GA",65457.0,27692.0,2.363751263902932,Athens - GA USA
2018,"Hartford-West Hartford-East Hartford, CT",331000.0,152921.0,2.1645163188836065,Hartford - CT USA
2008,"Davenport-Moline-Rock Island, IA-IL",91941.0,43731.0,2.1024216231048913,Davenport - IA USA
2010,"Toledo, OH",180528.0,83660.0,2.157877121683003,Toledo - OH USA
2013,"Las Cruces, NM",67534.0,26202.0,2.5774368368826805,Las Cruces - NM USA
2016,"Seattle-Tacoma-Bellevue, WA",1341856.0,593765.0,2.2599109075139157,Seattle - WA USA
2015,"Manchester-Nashua, NH",115983.0,50219.0,2.3095441964196817,Manchester - NH USA
2012,"Lancaster, PA",140418.0,59590.0,2.356402080886055,Lancaster - PA USA
2014,"Hanford-Corcoran, CA",66758.0,20077.0,3.325098371270608,Hanford-Corcoran - CA USA
2021,"Cincinnati, OH-KY-IN",576100.0,277299.0,2.07754084940804,Cincinnati - OH USA
2005,"Brownsville-Harlingen, TX",124387.0,38472.0,3.2331825743397795,Brownsville-Harlingen - TX USA
2018,"Dayton, OH",269519.0,126926.0,2.1234341269716213,Dayton - OH USA
2006,"Kingsport-Bristol-Bristol, TN-VA",79266.0,35386.0,2.240038433278698,Kingsport - TN USA
2019,"Jacksonville, FL",441156.0,195757.0,2.2535899099393637,Jacksonville - FL USA
2023,"Atlantic City-Hammonton, NJ",83934.0,33910.0,2.4751990563255677,Atlantic City - NJ USA
2011,"Kingsport-Bristol-Bristol, TN-VA",86703.0,37936.0,2.2855071699704768,Kingsport - TN USA
2020,"Hilton Head Island-Bluffton-Beaufort, SC",43103.0,17907.0,2.4070475233149047,Hilton Head Island - SC USA
2022,"Yuma, AZ",69966.0,27198.0,2.57246856386499,Yuma - AZ USA
2009,"Bakersfield, CA",301921.0,96445.0,3.1304992482762195,Bakersfield - CA USA
2006,"Gainesville, GA",40962.0,15707.0,2.607881836124021,Gainesville - GA USA
2021,"El Centro, CA",59769.0,19897.0,3.003920188973212,El Centro - CA USA
2007,"Beaumont-Port Arthur, TX",93899.0,42351.0,2.2171613421170693,Beaumont - TX USA
2012,"Ithaca, NY",33670.0,16892.0,1.9932512431920435,
2010,"Memphis, TN-MS-AR",437065.0,175153.0,2.49533265202423,Memphis - TN USA
2015,"Hanford-Corcoran, CA",68003.0,22367.0,3.0403272678499573,Hanford-Corcoran - CA USA
2013,"Portland-Vancouver-Hillsboro, OR-WA",831506.0,354542.0,2.3452961849371867,Portland - OR USA
2006,"Lewiston-Auburn, ME",32346.0,14763.0,2.1910180857549277,Lewiston-Auburn - ME USA
2009,"Valdosta, GA",57296.0,20585.0,2.7833859606509592,Valdosta - GA USA
2013,"Gulfport-Biloxi-Pascagoula, MS",116793.0,49458.0,2.361458206963484,Gulfport-Biloxi-Pascagoula - MS USA
2006,"Saginaw, MI",42050.0,19572.0,2.14847741671776,Saginaw - MI USA
2007,"Fort Collins, CO",68196.0,32625.0,2.0902988505747127,Fort Collins - CO USA
2019,"New Haven-Milford, CT",268688.0,128537.0,2.09035530625423,New Haven - CT USA
2020,"Mobile, AL",127371.0,56211.0,2.265944388109089,Mobile - AL USA
2015,"Johnstown, PA",33635.0,15635.0,2.1512631915574034,Johnstown - PA USA
2013,"Lafayette, LA",133255.0,57480.0,2.3182846207376477,Lafayette - LA USA
2015,"Gulfport-Biloxi-Pascagoula, MS",129373.0,51348.0,2.519533380073226,Gulfport-Biloxi-Pascagoula - MS USA
2012,"Spokane-Spokane Valley, WA",185644.0,82975.0,2.2373485989755952,Spokane - WA USA
2020,"Seattle-Tacoma-Bellevue, WA",1326800.0,610651.0,2.1727631658672464,Seattle - WA USA
2012,"Redding, CA",65336.0,25822.0,2.5302455270699404,Redding - CA USA
2010,"Milwaukee-Waukesha-West Allis, WI",492113.0,233819.0,2.1046749836411927,Milwaukee - WI USA
2019,"Midland, TX",38849.0,17433.0,2.2284747318304365,Midland - TX USA
2005,"Monroe, LA",49079.0,22075.0,2.2232842582106453,Monroe - LA USA
2019,"Miami-Fort Lauderdale-West Palm Beach, FL",2155911.0,888785.0,2.425683376744657,Miami - FL USA
2022,"El Paso, TX",283632.0,111427.0,2.545451282005259,El Paso - TX USA
2015,"Springfield, OH",44645.0,18244.0,2.4471058978294233,Springfield - OH USA
2019,"Pensacola-Ferry Pass-Brent, FL",148607.0,63650.0,2.334752553024352,Pensacola - FL USA
2008,"Baton Rouge, LA",222952.0,93690.0,2.379677660369303,Baton Rouge - LA USA
2006,"Louisville/Jefferson County, KY-IN",295436.0,138389.0,2.13482285441762,Louisville - KY USA
2022,"Atlantic City-Hammonton, NJ",71230.0,29814.0,2.3891460387737307,Atlantic City - NJ USA
2018,"State College, PA",48951.0,23042.0,2.124424963110841,State College - PA USA
2014,"Yakima, WA",77346.0,26388.0,2.931105047748977,Yakima - WA USA
2021,"Lima, OH",32729.0,14313.0,2.2866624746733737,
2015,"Punta Gorda, FL",40655.0,18000.0,2.258611111111111,Punta Gorda - FL USA
2013,"San Luis Obispo-Paso Robles-Arroyo Grande, CA",114545.0,45193.0,2.534573938441794,San Luis Obispo - CA USA
2016,"San Francisco-Oakland-Hayward, CA",1920425.0,786245.0,2.442527456454413,San Francisco - CA USA
2015,"Greensboro-High Point, NC",272451.0,118364.0,2.3018062924537865,Greensboro - NC USA
2015,"Pensacola-Ferry Pass-Brent, FL",139804.0,62631.0,2.2321853395283484,Pensacola - FL USA
2014,"Amarillo, TX",80027.0,32864.0,2.4350961538461537,Amarillo - TX USA
2008,"Youngstown-Warren-Boardman, OH-PA",127765.0,65329.0,1.955716450580906,Youngstown - OH USA
2012,"Lubbock, TX",102856.0,45769.0,2.247285280429985,Lubbock - TX USA
2007,"Rockford, IL",76304.0,34155.0,2.234050651441956,Rockford - IL USA
2008,"Las Cruces, NM",59363.0,23620.0,2.513251481795089,Las Cruces - NM USA
2010,"Fayetteville, NC",121975.0,50053.0,2.436916868119793,Fayetteville - NC USA
2005,"Birmingham-Hoover, AL",268218.0,116916.0,2.2941085907831265,Birmingham - AL USA
2005,"Utica-Rome, NY",70179.0,35734.0,1.9639279117926904,Utica - NY USA
2011,"Jackson, TN",31332.0,12793.0,2.4491518799343392,Jackson - TN USA
2020,"Anniston-Oxford-Jacksonville, AL",26716.0,13081.0,2.0423515021787324,Anniston-Oxford - AL USA
2019,"Harrisonburg, VA",46370.0,18201.0,2.547662216361738,
2020,"Bangor, ME",33591.0,16810.0,1.9982748364069007,Bangor - ME USA
2010,"Bellingham, WA",65405.0,31611.0,2.0690582392205243,Bellingham - WA USA
2023,"San Francisco-Oakland-Hayward, CA",1799146.0,786574.0,2.2873194384762274,San Francisco - CA USA
2009,"Providence-Warwick, RI-MA",461081.0,219276.0,2.1027426622156553,Providence - RI USA
2013,"Lancaster, PA",132763.0,58415.0,2.272755285457502,Lancaster - PA USA
2007,"Santa Maria-Santa Barbara, CA",174557.0,65623.0,2.659997257059263,Santa Barbara - CA USA
2007,"Birmingham-Hoover, AL",255841.0,115783.0,2.2096594491419292,Birmingham - AL USA
2010,"Beaumont-Port Arthur, TX",103135.0,44743.0,2.305053304427508,Beaumont - TX USA
2006,"Mansfield, OH",28019.0,13774.0,2.034194859880935,Mansfield - OH USA
2022,"Albany, OR",40382.0,16446.0,2.455429891766995,
2023,"Fort Wayne, IN",101441.0,50802.0,1.9967914649029566,Fort Wayne - IN USA
2006,"Valdosta, GA",48096.0,18931.0,2.5405947916116425,Valdosta - GA USA
2011,"Lincoln, NE",100497.0,45944.0,2.1873802890475362,Lincoln - NE USA
2022,"Dallas-Fort Worth-Arlington, TX",2574851.0,1151100.0,2.2368612631396054,Dallas-Fort Worth - TX USA
2022,"Toledo, OH",169200.0,85405.0,1.9811486446929336,Toledo - OH USA
2016,"Anchorage, AK",127792.0,53440.0,2.3913173652694613,Anchorage - AK USA
2008,"College Station-Bryan, TX",70972.0,33507.0,2.1181245709851675,College Station-Bryan - TX USA
2008,"Memphis, TN-MS-AR",413499.0,169038.0,2.446189614169595,Memphis - TN USA
2008,"Nashville-Davidson--Murfreesboro--Franklin, TN",439896.0,194620.0,2.2602815743500155,Nashville - TN USA
2007,"Erie, PA",65558.0,30698.0,2.135578865072643,Erie - PA USA
2014,"San Jose-Sunnyvale-Santa Clara, CA",727413.0,271247.0,2.68173657220172,San Jose - CA USA
2006,"Hilton Head Island-Bluffton-Beaufort, SC",51490.0,19514.0,2.638618427795429,Hilton Head Island - SC USA
2016,"Jackson, TN",35677.0,15633.0,2.282159534318429,Jackson - TN USA
2022,"Miami-Fort Lauderdale-West Palm Beach, FL",2247243.0,935164.0,2.4030469521923425,Miami - FL USA
2019,"Goldsboro, NC",41262.0,18672.0,2.2098329048843186,Goldsboro - NC USA
2021,"Bismarck, ND",26468.0,16077.0,1.6463270510667414,
2005,"Panama City, FL",61153.0,24995.0,2.446609321864373,Panama City - FL USA
2006,"Columbus, OH",525308.0,234080.0,2.2441387559808614,Columbus - OH USA
2021,"Greenville, NC",68593.0,37906.0,1.809555215533161,Greenville - NC USA
2015,"Oxnard-Thousand Oaks-Ventura, CA",290953.0,98002.0,2.968847574539295,Ventura - CA USA
2018,"Vallejo-Fairfield, CA",148829.0,56637.0,2.62776983244169,Vallejo-Fairfield - CA USA
2012,"Bridgeport-Stamford-Norwalk, CT",253143.0,104617.0,2.4197119015074033,Stamford - CT USA
2013,"Lake Havasu City-Kingman, AZ",70760.0,29034.0,2.437142660329269,Lake Havasu - AZ USA
2005,"Anniston-Oxford-Jacksonville, AL",31407.0,13708.0,2.2911438576014005,Anniston-Oxford - AL USA
2020,"Shreveport-Bossier City, LA",129614.0,61699.0,2.1007471758051186,Shreveport - LA USA
2019,"Denver-Aurora-Lakewood, CO",917232.0,419347.0,2.187286423892385,Denver - CO USA
2014,"Topeka, KS",62201.0,27524.0,2.259882284551664,
2014,"Dallas-Fort Worth-Arlington, TX",2411442.0,985489.0,2.446949686906703,Dallas-Fort Worth - TX USA
2021,"Scranton--Wilkes-Barre--Hazleton, PA",142352.0,66912.0,2.127450980392157,Scranton - PA USA
2015,"Roanoke, VA",104075.0,44854.0,2.320305881303786,
2010,"Wichita, KS",155917.0,73365.0,2.1252231990731274,Wichita - KS USA
2007,"Tallahassee, FL",103068.0,48932.0,2.106351671707676,Tallahassee - FL USA
2006,"Jackson, MS",121028.0,54458.0,2.2224099305887104,Jackson - MS USA
2022,"Redding, CA",54266.0,23141.0,2.34501534073722,Redding - CA USA
2013,"Cincinnati, OH-KY-IN",608946.0,275483.0,2.210466707564532,Cincinnati - OH USA
2010,"Sheboygan, WI",31136.0,13966.0,2.2294142918516395,Sheboygan - WI USA
2018,"Buffalo-Cheektowaga-Niagara Falls, NY",333462.0,167372.0,1.9923404153621873,Buffalo - NY USA
2011,"Kansas City, MO-KS",533320.0,242408.0,2.2000924061912146,Kansas City - MO USA
2005,"Bangor, ME",38055.0,19973.0,1.905322184949682,Bangor - ME USA
2008,"New York-Newark-Jersey City, NY-NJ-PA",7498849.0,3217654.0,2.3305330529634323,New York - NY USA
2013,"Wilmington, NC",89923.0,42391.0,2.1212757424925104,
2012,"Little Rock-North Little Rock-Conway, AR",200955.0,93687.0,2.1449614140702553,Little Rock - AR USA
2017,"Brownsville-Harlingen, TX",129000.0,41896.0,3.0790528928776015,Brownsville-Harlingen - TX USA
2018,"Yuba City, CA",60633.0,23766.0,2.5512496844231256,Yuba City - CA USA
2018,"Salinas, CA",225445.0,68734.0,3.279963336922047,Salinas - CA USA
2021,"Birmingham-Hoover, AL",291916.0,136094.0,2.1449586315340867,Birmingham - AL USA
2013,"Mobile, AL",121125.0,51984.0,2.330043859649123,Mobile - AL USA
2014,"Decatur, IL",26282.0,13354.0,1.9680994458589187,Decatur - IL USA
2020,"Cape Coral-Fort Myers, FL",195832.0,79905.0,2.450810337275515,Fort Myers - FL USA
2007,"Baton Rouge, LA",190981.0,88991.0,2.1460709509950444,Baton Rouge - LA USA
2017,"Nashville-Davidson--Murfreesboro--Franklin, TN",612920.0,267423.0,2.2919494583487583,Nashville - TN USA
2008,"El Paso, TX",221222.0,80712.0,2.740881157696501,El Paso - TX USA
2022,"Portland-Vancouver-Hillsboro, OR-WA",794130.0,379840.0,2.0906960825610783,Portland - OR USA
2008,"Midland, TX",29500.0,13899.0,2.1224548528671128,Midland - TX USA
2012,"Erie, PA",79073.0,37876.0,2.0876808533108036,Erie - PA USA
2014,"Shreveport-Bossier City, LA",149000.0,62029.0,2.4021022424994762,Shreveport - LA USA
2016,"Springfield, MA",183297.0,81901.0,2.2380312816693326,Springfield - MA USA
2008,"Charlotte-Concord-Gastonia, NC-SC",582509.0,250329.0,2.326973702607369,Charlotte - NC USA
2007,"Gadsden, AL",29243.0,11973.0,2.4424120938778917,Gadsden - AL USA
2007,"Albany-Schenectady-Troy, NY",211282.0,107608.0,1.9634413798230614,Albany - NY USA
2005,"Bloomington, IN",40581.0,21577.0,1.8807526532882235,Bloomington - IN USA
2010,"Lakeland-Winter Haven, FL",168422.0,63263.0,2.662251236899926,Lakeland - FL USA
2015,"Virginia Beach-Norfolk-Newport News, VA-NC",583535.0,247685.0,2.3559561539859097,Norfolk - VA USA
2009,"New Haven-Milford, CT",255007.0,114317.0,2.230700595711924,New Haven - CT USA
2018,"Wausau, WI",32188.0,16022.0,2.0089876419922605,Wausau - WI USA
2012,"Gulfport-Biloxi-Pascagoula, MS",112391.0,46067.0,2.4397290902381314,Gulfport-Biloxi-Pascagoula - MS USA
2022,"Chico, CA",80956.0,36025.0,2.2472172102706454,Chico - CA USA
2005,"Alexandria, LA",33690.0,15530.0,2.169349645846748,Alexandria - LA USA
2022,"Laredo, TX",92115.0,30039.0,3.06651353240787,Laredo - TX USA
2016,"Chicago-Naperville-Elgin, IL-IN-WI",2923264.0,1271728.0,2.2986550583143566,Chicago - IL USA
2008,"San Luis Obispo-Paso Robles-Arroyo Grande, CA",90121.0,37523.0,2.401753591130773,San Luis Obispo - CA USA
2018,"Harrisburg-Carlisle, PA",180551.0,79477.0,2.271738993671125,Harrisburg - PA USA
2022,"Baton Rouge, LA",212522.0,100567.0,2.1132379408752375,Baton Rouge - LA USA
2019,"Utica-Rome, NY",63761.0,32712.0,1.9491623868916605,Utica - NY USA
2014,"Albuquerque, NM",272120.0,117806.0,2.3098993260105596,Albuquerque - NM USA
2016,"Merced, CA",121370.0,37618.0,3.2263809878249776,Merced - CA USA
2019,"Monroe, MI",28914.0,13181.0,2.1936120172976254,Monroe - MI USA
2021,"Roanoke, VA",81236.0,42800.0,1.89803738317757,
2008,"Burlington, NC",54846.0,20820.0,2.634293948126801,Burlington - NC USA
2009,"Florence-Muscle Shoals, AL",35052.0,16697.0,2.0992992753189195,Florence-Muscle Shoals - AL USA
2020,"Atlantic City-Hammonton, NJ",76818.0,35160.0,2.1848122866894197,Atlantic City - NJ USA
2018,"Pensacola-Ferry Pass-Brent, FL",128232.0,57270.0,2.239078051335778,Pensacola - FL USA
2012,"Harrisonburg, VA",41427.0,16596.0,2.4962039045553146,
2014,"Bellingham, WA",67340.0,30335.0,2.219878028679743,Bellingham - WA USA
2007,"New Orleans-Metairie, LA",292057.0,128661.0,2.2699730299002807,New Orleans - LA USA
2017,"Monroe, MI",22123.0,11152.0,1.9837697274031565,Monroe - MI USA
2022,"Yuba City, CA",68737.0,23392.0,2.9384832421340628,Yuba City - CA USA
2022,"Tulsa, OK",341171.0,157043.0,2.172468686920143,
2005,"Urban Honolulu, HI",328787.0,126677.0,2.5954751059781964,Honolulu - HI USA
2011,"Greenville, NC",63933.0,28996.0,2.2048903297006484,Greenville - NC USA
2020,"Pittsburgh, PA",560390.0,311094.0,1.8013526458240918,Pittsburgh - PA USA
2021,"Erie, PA",74772.0,35260.0,2.1205899035734546,Erie - PA USA
2015,"Naples-Immokalee-Marco Island, FL",102526.0,37130.0,2.7612712092647453,Naples - FL USA
2016,"Denver-Aurora-Lakewood, CO",930140.0,400917.0,2.3200313281801472,Denver - CO USA
2022,"Wichita, KS",176748.0,81298.0,2.1740756230165563,Wichita - KS USA
2010,"Anniston-Oxford-Jacksonville, AL",36174.0,15286.0,2.366479131231192,Anniston-Oxford - AL USA
2006,"College Station-Bryan, TX",66872.0,30262.0,2.209768025907078,College Station-Bryan - TX USA
2021,"Boise City, ID",220574.0,89708.0,2.458799661122754,Boise - ID USA
2016,"Waco, TX",90779.0,36002.0,2.52149880562191,Waco - TX USA
2007,"Williamsport, PA",28269.0,13902.0,2.033448424687095,Williamsport - PA USA
2016,"Springfield, MO",143469.0,64672.0,2.2184098218703614,Springfield - MO USA
2007,"Lake Charles, LA",58692.0,22945.0,2.5579429069514057,Lake Charles - LA USA
2007,"San Luis Obispo-Paso Robles-Arroyo Grande, CA",100494.0,44680.0,2.2491942703670547,San Luis Obispo - CA USA
2023,"Wichita Falls, TX",41104.0,17648.0,2.329102447869447,Wichita Falls - TX USA
2012,"Janesville-Beloit, WI",51171.0,19857.0,2.5769753739235535,Janesville-Beloit - WI USA
2019,"Oshkosh-Neenah, WI",58685.0,27287.0,2.150657822406274,
2011,"Killeen-Temple, TX",146662.0,54641.0,2.6841016818872276,Killeen - TX USA
2015,"New Orleans-Metairie, LA",404394.0,191581.0,2.110825186213664,New Orleans - LA USA
2013,"Fort Collins, CO",101313.0,43970.0,2.3041391858085056,Fort Collins - CO USA
2020,"Tampa-St. Petersburg-Clearwater, FL",814483.0,401568.0,2.0282567336042714,Tampa - FL USA
2015,"Detroit-Warren-Dearborn, MI",1168821.0,526568.0,2.2196962215706235,Detroit - MI USA
2008,"Knoxville, TN",212899.0,106921.0,1.9911804042236791,Knoxville - TN USA
2016,"Beaumont-Port Arthur, TX",120765.0,52397.0,2.3048075271485007,Beaumont - TX USA
2023,"Modesto, CA",208713.0,69731.0,2.993116404468601,Modesto - CA USA
2015,"North Port-Sarasota-Bradenton, FL",216339.0,92915.0,2.3283538718183285,Sarasota - FL USA
2006,"Williamsport, PA",30030.0,14202.0,2.1144909167722856,Williamsport - PA USA
2005,"Hartford-West Hartford-East Hartford, CT",292453.0,136734.0,2.1388462269808532,Hartford - CT USA
2020,"Medford, OR",61291.0,28287.0,2.166755046487786,Medford - OR USA
2007,"Laredo, TX",71971.0,21859.0,3.292511093828629,Laredo - TX USA
2010,"Joplin, MO",46009.0,20053.0,2.294369919712761,Joplin - MO USA
2022,"Crestview-Fort Walton Beach-Destin, FL",92308.0,40129.0,2.3002815918662316,
2005,"Harrisburg-Carlisle, PA",124230.0,58514.0,2.123081655672147,Harrisburg - PA USA
2016,"Wichita, KS",189450.0,83690.0,2.2637113155693633,Wichita - KS USA
2008,"Yuba City, CA",69905.0,23243.0,3.007572172266919,Yuba City - CA USA
2021,"Parkersburg-Vienna, WV",16028.0,7932.0,2.0206757438224914,
2023,"Phoenix-Mesa-Scottsdale, AZ",1534890.0,636390.0,2.411870079668128,Phoenix - AZ USA
2014,"Atlantic City-Hammonton, NJ",79570.0,31480.0,2.5276365946632784,Atlantic City - NJ USA
2013,"Santa Rosa, CA",191802.0,78400.0,2.446454081632653,Santa Rosa - CA USA
2009,"Manchester-Nashua, NH",100236.0,45046.0,2.2251920259290503,Manchester - NH USA
2009,"La Crosse-Onalaska, WI-MN",31238.0,15324.0,2.0385016966849387,La Crosse-Onalaska - WI USA
2018,"Santa Rosa, CA",178462.0,72059.0,2.4766094450380938,Santa Rosa - CA USA
2014,"Boston-Cambridge-Newton, MA-NH",1501247.0,689268.0,2.1780308965453203,Boston - MA USA
2007,"Yakima, WA",77888.0,27291.0,2.8539811659521455,Yakima - WA USA
2018,"Reno, NV",178494.0,78539.0,2.2726798151236967,Reno - NV USA
2017,"Kankakee, IL",27507.0,12672.0,2.170691287878788,Kankakee - IL USA
2010,"Muskegon, MI",46601.0,18317.0,2.5441393241251298,Muskegon - MI USA
2007,"Durham-Chapel Hill, NC",145378.0,69105.0,2.1037262137327257,Durham - NC USA
2018,"Erie, PA",79648.0,37729.0,2.111055156510907,Erie - PA USA
2009,"Boise City, ID",153730.0,60971.0,2.521362615013695,Boise - ID USA
2017,"Laredo, TX",92840.0,28847.0,3.218358928138108,Laredo - TX USA
2013,"Columbus, OH",625102.0,276699.0,2.2591407992078034,Columbus - OH USA
2015,"Fort Collins, CO",102198.0,46388.0,2.203112874019143,Fort Collins - CO USA
2023,"New Haven-Milford, CT",297633.0,137173.0,2.1697637290137273,New Haven - CT USA
2013,"Harrisonburg, VA",43022.0,16643.0,2.5849906867752206,
2010,"Erie, PA",70802.0,35451.0,1.9971792050999972,Erie - PA USA
2011,"Bangor, ME",40592.0,23003.0,1.7646393948615398,Bangor - ME USA
2005,"Burlington-South Burlington, VT",48565.0,23758.0,2.0441535482784747,Burlington - VT USA
2019,"Asheville, NC",151042.0,70272.0,2.149390938069217,
2022,"Reno, NV",180327.0,79071.0,2.2805706263990593,Reno - NV USA
2023,"Syracuse, NY",167452.0,90284.0,1.8547250897168934,Syracuse - NY USA
2007,"Grand Rapids-Wyoming, MI",182008.0,82086.0,2.2172843115756646,Grand Rapids - MI USA
2021,"Trenton, NJ",120256.0,52841.0,2.275808557748718,Trenton - NJ USA
2014,"El Paso, TX",256130.0,98648.0,2.5964033736112238,El Paso - TX USA
2011,"Yuba City, CA",61830.0,21829.0,2.832470566677356,Yuba City - CA USA
2022,"Rocky Mount, NC",51863.0,23131.0,2.2421425792226883,Rocky Mount - NC USA
2007,"Panama City, FL",55139.0,22653.0,2.434070542532998,Panama City - FL USA
2009,"Trenton, NJ",95799.0,42956.0,2.2301657510010244,Trenton - NJ USA
2015,"Lake Havasu City-Kingman, AZ",78578.0,30530.0,2.5737962659679003,Lake Havasu - AZ USA
2005,"Salt Lake City, UT",233371.0,99713.0,2.340427025563367,Salt Lake City - UT USA
2007,"Fayetteville, NC",117524.0,46115.0,2.548498319418844,Fayetteville - NC USA
2021,"New Haven-Milford, CT",275168.0,132741.0,2.072969165517813,New Haven - CT USA
2005,"Charlotte-Concord-Gastonia, NC-SC",515199.0,220098.0,2.340770929313306,Charlotte - NC USA
2006,"Reading, PA",99564.0,40673.0,2.4479138494824575,Reading - PA USA
2005,"Bloomington, IL",40144.0,18398.0,2.1819763017719316,Bloomington - IL USA
2009,"Redding, CA",65166.0,24303.0,2.681397358350821,Redding - CA USA
2013,"Fresno, CA",439688.0,140010.0,3.140404256838797,Fresno - CA USA
2010,"Mansfield, OH",31828.0,14031.0,2.2684056731523055,Mansfield - OH USA
2008,"Wichita Falls, TX",37836.0,16618.0,2.27680828017812,Wichita Falls - TX USA
2012,"Coeur d'Alene, ID",44412.0,16305.0,2.723827046918123,
2017,"Flagstaff, AZ",42734.0,18179.0,2.350734363826393,Flagstaff - AZ USA
2013,"Lakeland-Winter Haven, FL",178059.0,65822.0,2.7051593692078635,Lakeland - FL USA
2015,"San Diego-Carlsbad, CA",1420776.0,533719.0,2.6620300195421187,San Diego - CA USA
2009,"Jackson, MI",31623.0,13949.0,2.267044232561474,Jackson - MI USA
2013,"Montgomery, AL",121451.0,49625.0,2.447375314861461,Montgomery - AL USA
2015,"Albany-Schenectady-Troy, NY",230129.0,122421.0,1.8798163713741924,Albany - NY USA
2012,"York-Hanover, PA",95304.0,41849.0,2.277330402160147,York - PA USA
2006,"Huntsville, AL",84980.0,40407.0,2.1031009478555696,Huntsville - AL USA
2011,"Burlington-South Burlington, VT",54859.0,25446.0,2.155898766014305,Burlington - VT USA
2014,"Grand Rapids-Wyoming, MI",230816.0,99757.0,2.313782491454234,Grand Rapids - MI USA
2012,"Anchorage, AK",135635.0,54270.0,2.4992629445365764,Anchorage - AK USA
2023,"Providence-Warwick, RI-MA",517944.0,251577.0,2.05878915799139,Providence - RI USA
2008,"Worcester, MA-CT",213022.0,98163.0,2.170084451371698,Worcester - MA USA
2010,"Rockford, IL",86216.0,37602.0,2.2928567629381416,Rockford - IL USA
2021,"Bloomington, IN",46446.0,24597.0,1.8882790584217588,Bloomington - IN USA
2020,"Vallejo-Fairfield, CA",154159.0,59116.0,2.6077373299952638,Vallejo-Fairfield - CA USA
2011,"Hilton Head Island-Bluffton-Beaufort, SC",50709.0,20829.0,2.4345383839838686,Hilton Head Island - SC USA
2008,"Gulfport-Biloxi-Pascagoula, MS",90328.0,37717.0,2.394888246679216,Gulfport-Biloxi-Pascagoula - MS USA
2007,"Provo-Orem, UT",121079.0,39077.0,3.098472247101876,Provo - UT USA
2009,"Olympia-Tumwater, WA",67606.0,29383.0,2.3008542354422628,Olympia - WA USA
2014,"Santa Fe, NM",39777.0,18803.0,2.1154602988884754,Santa Fe - NM USA
2018,"Seattle-Tacoma-Bellevue, WA",1400520.0,615535.0,2.2752889762564275,Seattle - WA USA
2007,"Fort Wayne, IN",79141.0,38310.0,2.0658052727747322,Fort Wayne - IN USA
2018,"Memphis, TN-MS-AR",437503.0,187592.0,2.332204998080942,Memphis - TN USA
2017,"Burlington-South Burlington, VT",64790.0,31202.0,2.0764694570860844,Burlington - VT USA
2008,"St. Cloud, MN",38460.0,18439.0,2.085796409783611,St. Cloud - MN USA
2012,"Seattle-Tacoma-Bellevue, WA",1233601.0,556617.0,2.216247437645634,Seattle - WA USA
2010,"Lake Havasu City-Kingman, AZ",69754.0,25827.0,2.700816974484067,Lake Havasu - AZ USA
2007,"Muncie, IN",39616.0,15476.0,2.559834582579478,Muncie - IN USA
2017,"Springfield, IL",60407.0,24993.0,2.416956747889409,Springfield - IL USA
2005,"Jacksonville, NC",59721.0,20618.0,2.8965467067610824,Jacksonville - NC USA
2019,"San Angelo, TX",30844.0,14723.0,2.0949534741560822,San Angelo - TX USA
2012,"Asheville, NC",135071.0,61225.0,2.206141282155982,
2006,"Olympia-Tumwater, WA",65488.0,29075.0,2.2523817712811693,Olympia - WA USA
2012,"McAllen-Edinburg-Mission, TX",221318.0,72069.0,3.0709181478860534,McAllen - TX USA
2022,"Madera, CA",50741.0,14017.0,3.619961475351359,Madera - CA USA
2012,"Monroe, MI",27822.0,13407.0,2.0751846050570597,Monroe - MI USA
2018,"Burlington-South Burlington, VT",63423.0,30945.0,2.049539505574406,Burlington - VT USA
2007,"Alexandria, LA",42367.0,17136.0,2.4723972922502333,Alexandria - LA USA
2017,"Jefferson City, MO",33271.0,16170.0,2.0575757575757576,
2013,"Albany-Schenectady-Troy, NY",242680.0,121487.0,1.9975799879822533,Albany - NY USA
2007,"St. Cloud, MN",35551.0,19119.0,1.859459176735185,St. Cloud - MN USA
2010,"Pueblo, CO",45353.0,19992.0,2.2685574229691876,Pueblo - CO USA
2012,"Hickory-Lenoir-Morganton, NC",104845.0,47204.0,2.221104143716634,Hickory - NC USA
2020,"Coeur d'Alene, ID",27109.0,12807.0,2.116733036620598,
2022,"Salisbury, MD-DE",93678.0,40600.0,2.3073399014778326,Salisbury - MD USA
2021,"Fayetteville, NC",137273.0,62080.0,2.211227448453608,Fayetteville - NC USA
2011,"Spokane-Spokane Valley, WA",143685.0,65758.0,2.185057331427355,Spokane - WA USA
2009,"Las Vegas-Henderson-Paradise, NV",767607.0,299604.0,2.5620719349541394,Las Vegas - NV USA
2009,"Springfield, IL",64108.0,29337.0,2.1852268466441696,Springfield - IL USA
2009,"Charlottesville, VA",53853.0,24223.0,2.2232176031044877,Charlottesville - VA USA
2019,"Topeka, KS",68177.0,30408.0,2.2420744540910285,
2022,"Blacksburg-Christiansburg-Radford, VA",55656.0,25409.0,2.190404974615294,Blacksburg - VA USA
2006,"Johnstown, PA",25412.0,14403.0,1.764354648337152,Johnstown - PA USA
2012,"Chicago-Naperville-Elgin, IL-IN-WI",2831067.0,1193711.0,2.371651932502926,Chicago - IL USA
2013,"Fayetteville, NC",141783.0,62015.0,2.286269450939289,Fayetteville - NC USA
2010,"Gainesville, FL",90124.0,41973.0,2.1471898601481905,Gainesville - FL USA
2020,"Asheville, NC",148872.0,60006.0,2.480951904809519,
2023,"Tyler, TX",66038.0,25476.0,2.5921651750667296,Tyler - TX USA
2020,"Provo-Orem, UT",145381.0,51906.0,2.8008515393210804,Provo - UT USA
2019,"Greenville, NC",82836.0,35364.0,2.34238208347472,Greenville - NC USA
2017,"Worcester, MA-CT",262727.0,124671.0,2.107362578306102,Worcester - MA USA
2007,"Memphis, TN-MS-AR",402892.0,171068.0,2.355157013585241,Memphis - TN USA
2019,"Sebastian-Vero Beach, FL",34469.0,14570.0,2.3657515442690458,
2008,"Rochester, NY",242317.0,117812.0,2.0568108511866363,Rochester - NY USA
2017,"Yakima, WA",95985.0,32486.0,2.95465739087607,Yakima - WA USA
2008,"Springfield, OH",35863.0,15335.0,2.3386371046625367,Springfield - OH USA
2005,"Syracuse, NY",173211.0,81526.0,2.124610553688394,Syracuse - NY USA
2013,"Las Vegas-Henderson-Paradise, NV",881221.0,342671.0,2.5716240942478352,Las Vegas - NV USA
2009,"Montgomery, AL",99731.0,41806.0,2.385566665071999,Montgomery - AL USA
2011,"Philadelphia-Camden-Wilmington, PA-NJ-DE-MD",1517330.0,708972.0,2.1401832512426444,Philadelphia - PA USA
2017,"Bangor, ME",37290.0,17121.0,2.1780269844051166,Bangor - ME USA
2006,"Lubbock, TX",101427.0,42290.0,2.3983684086072357,Lubbock - TX USA
2021,"Glens Falls, NY",30856.0,14531.0,2.123460188562384,Glens Falls - NY USA
2012,"Eugene, OR",138486.0,59966.0,2.3094086649101158,Eugene - OR USA
2014,"St. Louis, MO-IL",735828.0,348789.0,2.109665155724521,Saint Louis - MO USA
2013,"Springfield, OH",42177.0,17655.0,2.3889549702633817,Springfield - OH USA
2014,"Lincoln, NE",100351.0,46786.0,2.1448937716410894,Lincoln - NE USA
2016,"New Haven-Milford, CT",274888.0,128755.0,2.1349695157469615,New Haven - CT USA
2005,"Oxnard-Thousand Oaks-Ventura, CA",220531.0,79546.0,2.772370703743746,Ventura - CA USA
2013,"Tampa-St. Petersburg-Clearwater, FL",936192.0,416714.0,2.2466055856054754,Tampa - FL USA
2012,"Medford, OR",67660.0,28391.0,2.3831495896586947,Medford - OR USA
2005,"Peoria, IL",70444.0,35103.0,2.0067800472894053,Peoria - IL USA
2015,"Yakima, WA",91117.0,29707.0,3.067189551284209,Yakima - WA USA
2021,"Greenville-Anderson-Mauldin, SC",244122.0,111131.0,2.196704789842618,Greenville - SC USA
2020,"Joplin, MO",49234.0,21613.0,2.277980844861889,Joplin - MO USA
2010,"Punta Gorda, FL",35531.0,15215.0,2.335261255340125,Punta Gorda - FL USA
2008,"Hickory-Lenoir-Morganton, NC",83145.0,38066.0,2.184232648557768,Hickory - NC USA
2011,"College Station-Bryan, TX",83738.0,37000.0,2.2631891891891893,College Station-Bryan - TX USA
2017,"Lake Havasu City-Kingman, AZ",72703.0,28746.0,2.529151882000974,Lake Havasu - AZ USA
2008,"Anniston-Oxford-Jacksonville, AL",27338.0,11703.0,2.3359822267794583,Anniston-Oxford - AL USA
2022,"Los Angeles-Long Beach-Anaheim, CA",5960096.0,2339565.0,2.547523150671172,Los Angeles - CA USA
2023,"Houston-The Woodlands-Sugar Land, TX",2457130.0,1043480.0,2.3547456587572353,Houston - TX USA
2010,"Alexandria, LA",39222.0,16322.0,2.403014336478373,Alexandria - LA USA
2006,"Waco, TX",69154.0,30856.0,2.24118485869847,Waco - TX USA
2017,"Muskegon, MI",38072.0,16422.0,2.318353428327853,Muskegon - MI USA
2020,"Fayetteville, NC",138202.0,66256.0,2.0858790147307413,Fayetteville - NC USA
2016,"Jackson, MI",32350.0,16178.0,1.9996291259735444,Jackson - MI USA
2012,"Milwaukee-Waukesha-West Allis, WI",540241.0,249507.0,2.1652338411347176,Milwaukee - WI USA
2008,"Bremerton-Silverdale, WA",63394.0,28765.0,2.2038588562489134,Bremerton - WA USA
2013,"Jackson, MS",194167.0,76788.0,2.5286112413397928,Jackson - MS USA
2016,"Columbia, SC",230755.0,101578.0,2.2717025340132704,
2006,"Bloomington, IN",36180.0,18037.0,2.0058768087819483,Bloomington - IN USA
2008,"Anchorage, AK",113620.0,48714.0,2.332389046270066,Anchorage - AK USA
2012,"San Jose-Sunnyvale-Santa Clara, CA",737863.0,267516.0,2.75820137860913,San Jose - CA USA
2010,"Salt Lake City, UT",285178.0,108994.0,2.6164559517037635,Salt Lake City - UT USA
2021,"Ann Arbor, MI",120358.0,58894.0,2.0436377220090334,Ann Arbor - MI USA
2019,"McAllen-Edinburg-Mission, TX",235626.0,78279.0,3.0100793316215078,McAllen - TX USA
2022,"State College, PA",49736.0,24084.0,2.065105464208603,State College - PA USA
2005,"Napa, CA",38508.0,15878.0,2.425242473863207,Napa - CA USA
2020,"Daphne-Fairhope-Foley, AL",34434.0,15383.0,2.2384450367288564,Daphne-Fairhope-Foley - AL USA
2009,"Terre Haute, IN",42025.0,18091.0,2.3229782764910727,Terre Haute - IN USA
2018,"Mansfield, OH",34378.0,15814.0,2.173896547363096,Mansfield - OH USA
2007,"State College, PA",38592.0,19659.0,1.9630703494582633,State College - PA USA
2021,"Winston-Salem, NC",174124.0,80925.0,2.151671300586963,Winston-Salem - NC USA
2008,"Jackson, TN",28173.0,14011.0,2.0107772464492184,Jackson - TN USA
2013,"Beaumont-Port Arthur, TX",102769.0,47188.0,2.177863016021022,Beaumont - TX USA
2013,"Jackson, MI",39751.0,18845.0,2.1093658795436454,Jackson - MI USA
2022,"Indianapolis-Carmel-Anderson, IN",579884.0,277116.0,2.092567733367976,Indianapolis - IN USA
2021,"Champaign-Urbana, IL",75466.0,39508.0,1.9101447808038878,Champaign-Urbana - IL USA
2008,"Albany-Schenectady-Troy, NY",210113.0,108980.0,1.927995962561938,Albany - NY USA
2016,"Niles-Benton Harbor, MI",41179.0,19719.0,2.088290481261727,Niles-Benton Harbor - MI USA
2016,"Bend-Redmond, OR",57128.0,23720.0,2.408431703204047,Bend - OR USA
2020,"Lafayette, LA",135804.0,59754.0,2.272718144392007,Lafayette - LA USA
2017,"McAllen-Edinburg-Mission, TX",244725.0,80169.0,3.052613853235041,McAllen - TX USA
2007,"Toledo, OH",156580.0,76408.0,2.049261857397131,Toledo - OH USA
2014,"Lima, OH",30692.0,12854.0,2.3877392251439242,
2023,"Canton-Massillon, OH",103222.0,49371.0,2.0907415284276194,Canton - OH USA
2005,"Baltimore-Columbia-Towson, MD",677574.0,316164.0,2.14310927240293,Baltimore - MD USA
2007,"Olympia-Tumwater, WA",78502.0,33019.0,2.377479632938611,Olympia - WA USA
2021,"San Angelo, TX",31388.0,14837.0,2.11552200579632,San Angelo - TX USA
2009,"Kennewick-Richland, WA",65027.0,25973.0,2.503638393716552,Kennewick-Richland - WA USA
2013,"Manchester-Nashua, NH",111114.0,50192.0,2.2137790883009245,Manchester - NH USA
2018,"Pueblo, CO",52062.0,22630.0,2.300574458683164,Pueblo - CO USA
2006,"Colorado Springs, CO",150160.0,68490.0,2.1924368520951965,Colorado Springs - CO USA
2006,"Medford, OR",64774.0,29330.0,2.208455506307535,Medford - OR USA
2023,"Brownsville-Harlingen, TX",139019.0,48701.0,2.854540974517977,Brownsville-Harlingen - TX USA
2012,"Wausau, WI",27110.0,13545.0,2.0014765596160946,Wausau - WI USA
2013,"San Jose-Sunnyvale-Santa Clara, CA",747514.0,271148.0,2.7568486582973137,San Jose - CA USA
2013,"Shreveport-Bossier City, LA",133132.0,57570.0,2.3125238839673443,Shreveport - LA USA
2007,"Saginaw, MI",40257.0,19208.0,2.0958454810495626,Saginaw - MI USA
2018,"Omaha-Council Bluffs, NE-IA",303555.0,138138.0,2.1974764366068715,Omaha - NE USA
2012,"Jefferson City, MO",32976.0,15598.0,2.114117194512117,
2006,"San Francisco-Oakland-Hayward, CA",1417731.0,644091.0,2.201134622281634,San Francisco - CA USA
2021,"Hilton Head Island-Bluffton-Beaufort, SC",54681.0,22750.0,2.4035604395604397,Hilton Head Island - SC USA
2012,"Lafayette, LA",144208.0,61503.0,2.3447311513259517,Lafayette - LA USA
2013,"Oklahoma City, OK",434769.0,189090.0,2.299270188798985,Oklahoma City - OK USA
2010,"Santa Rosa, CA",185531.0,75313.0,2.4634658027166623,Santa Rosa - CA USA
2020,"Winston-Salem, NC",158126.0,82261.0,1.9222474805801049,Winston-Salem - NC USA
2020,"Huntsville, AL",103314.0,54412.0,1.89873557303536,Huntsville - AL USA
2015,"Beaumont-Port Arthur, TX",118181.0,49997.0,2.3637618257095427,Beaumont - TX USA
2009,"Bend-Redmond, OR",51393.0,20585.0,2.4966237551615253,Bend - OR USA
2010,"Louisville/Jefferson County, KY-IN",342736.0,155171.0,2.208763235398367,Louisville - KY USA
2007,"Santa Rosa, CA",165542.0,68129.0,2.42983164291271,Santa Rosa - CA USA
2006,"Sheboygan, WI",30853.0,13948.0,2.2120017206767995,Sheboygan - WI USA
2022,"Charleston, WV",51170.0,27074.0,1.8900051710127799,
2005,"Port St. Lucie, FL",92617.0,37307.0,2.4825635939635995,Port St. Lucie - FL USA
2013,"Baton Rouge, LA",211589.0,94715.0,2.2339544950641397,Baton Rouge - LA USA
2006,"Blacksburg-Christiansburg-Radford, VA",53179.0,23967.0,2.218842575207577,Blacksburg - VA USA
2011,"Durham-Chapel Hill, NC",168085.0,76316.0,2.2024870276219928,Durham - NC USA
2005,"Kansas City, MO-KS",458020.0,212197.0,2.1584659538070756,Kansas City - MO USA
2009,"San Jose-Sunnyvale-Santa Clara, CA",630241.0,243140.0,2.592090976392202,San Jose - CA USA
2013,"Pensacola-Ferry Pass-Brent, FL",139085.0,61504.0,2.2613976326742975,Pensacola - FL USA
2023,"Greeley, CO",78081.0,32275.0,2.4192408985282725,Greeley - CO USA
2019,"Scranton--Wilkes-Barre--Hazleton, PA",155732.0,69922.0,2.2272246217213465,Scranton - PA USA
2009,"Santa Fe, NM",39063.0,18139.0,2.1535365786427034,Santa Fe - NM USA
2023,"College Station-Bryan, TX",106960.0,49663.0,2.1537160461510583,College Station-Bryan - TX USA
2014,"Napa, CA",54768.0,18681.0,2.9317488357154327,Napa - CA USA
2023,"Little Rock-North Little Rock-Conway, AR",209554.0,106093.0,1.9751915772011348,Little Rock - AR USA
2007,"Houston-The Woodlands-Sugar Land, TX",1666535.0,683344.0,2.4387936383432063,Houston - TX USA
2015,"Gadsden, AL",23102.0,9523.0,2.4259162028772447,Gadsden - AL USA
2012,"Stockton-Lodi, CA",289008.0,92386.0,3.1282661875175894,Stockton - CA USA
2008,"Barnstable Town, MA",37328.0,18812.0,1.9842653625345523,Barnstable Town - MA USA
2013,"Gainesville, FL",95382.0,47358.0,2.0140630938806536,Gainesville - FL USA
2008,"Santa Maria-Santa Barbara, CA",172969.0,64139.0,2.6967835482311853,Santa Barbara - CA USA
2019,"York-Hanover, PA",97702.0,42494.0,2.29919518049607,York - PA USA
2007,"Jacksonville, FL",360491.0,154772.0,2.3291745276923477,Jacksonville - FL USA
2012,"Laredo, TX",85217.0,25004.0,3.408134698448248,Laredo - TX USA
2007,"Farmington, NM",31649.0,10720.0,2.9523320895522387,Farmington - NM USA
2008,"Alexandria, LA",36736.0,15357.0,2.392133880315166,Alexandria - LA USA
2014,"Merced, CA",136773.0,40856.0,3.3476845506168003,Merced - CA USA
2017,"Tuscaloosa, AL",58597.0,27564.0,2.125852561311856,
2013,"Canton-Massillon, OH",106041.0,48135.0,2.2029915861639138,Canton - OH USA
2021,"Visalia-Porterville, CA",198644.0,59997.0,3.3108988782772473,Visalia - CA USA
2007,"Burlington-South Burlington, VT",50889.0,25270.0,2.0138108428967154,Burlington - VT USA
2011,"Iowa City, IA",53554.0,20909.0,2.5612893969104213,Iowa City - IA USA
2023,"Hanford-Corcoran, CA",54491.0,19943.0,2.7323371609085894,Hanford-Corcoran - CA USA
2020,"Springfield, MA",167389.0,80120.0,2.0892286570144782,Springfield - MA USA
2007,"Santa Fe, NM",38812.0,18191.0,2.1335825408168874,Santa Fe - NM USA
2015,"St. George, UT",55959.0,17557.0,3.187275730477872,
2010,"Charleston-North Charleston, SC",223355.0,92019.0,2.427270455014725,Charleston - SC USA
2015,"Binghamton, NY",62966.0,30748.0,2.047807987511383,Binghamton - NY USA
2021,"Joplin, MO",48510.0,20551.0,2.360469076930563,Joplin - MO USA
2006,"Fayetteville, NC",122649.0,47536.0,2.580128744530461,Fayetteville - NC USA
2020,"Oxnard-Thousand Oaks-Ventura, CA",275515.0,100865.0,2.7315223318296735,Ventura - CA USA
2009,"Spokane-Spokane Valley, WA",145810.0,64823.0,2.2493559384786264,Spokane - WA USA
2023,"Baton Rouge, LA",215649.0,99540.0,2.1664556962025316,Baton Rouge - LA USA
2011,"San Jose-Sunnyvale-Santa Clara, CA",704541.0,261792.0,2.69122433076641,San Jose - CA USA
2022,"Urban Honolulu, HI",346332.0,135263.0,2.560434117238269,Honolulu - HI USA
2017,"Gadsden, AL",21276.0,10700.0,1.9884112149532711,Gadsden - AL USA
2010,"Merced, CA",104895.0,33560.0,3.125595947556615,Merced - CA USA
2021,"Morgantown, WV",37115.0,18996.0,1.9538323857654243,Morgantown - WV USA
2015,"Gainesville, FL",95567.0,44559.0,2.144729459817321,Gainesville - FL USA
2022,"Pensacola-Ferry Pass-Brent, FL",140142.0,64602.0,2.169313643540448,Pensacola - FL USA
2019,"Lynchburg, VA",64563.0,30059.0,2.147875844173126,Lynchburg - VA USA
2012,"El Centro, CA",58635.0,19758.0,2.967658669905861,El Centro - CA USA
2006,"Atlanta-Sandy Springs-Roswell, GA",1277732.0,553186.0,2.309769227710029,Atlanta - GA USA
2016,"Pittsburgh, PA",555435.0,295041.0,1.8825688633105229,Pittsburgh - PA USA
2021,"Jacksonville, FL",492294.0,214618.0,2.293815057450913,Jacksonville - FL USA
2013,"Detroit-Warren-Dearborn, MI",1147959.0,511300.0,2.24517699980442,Detroit - MI USA
2020,"Bridgeport-Stamford-Norwalk, CT",276060.0,121091.0,2.279773063233436,Stamford - CT USA
2023,"Salem, OR",165529.0,69679.0,2.3755937944000345,
2015,"Janesville-Beloit, WI",41728.0,19071.0,2.1880341880341883,Janesville-Beloit - WI USA
2012,"Jackson, MS",188235.0,76626.0,2.4565421658444913,Jackson - MS USA
2008,"Springfield, IL",47288.0,23100.0,2.047099567099567,Springfield - IL USA
2011,"Bloomington, IL",45193.0,22247.0,2.0314199667370882,Bloomington - IL USA
2015,"Boise City, ID",175964.0,78948.0,2.2288595024573135,Boise - ID USA
2006,"Jacksonville, FL",350655.0,158661.0,2.2100894359672507,Jacksonville - FL USA
2005,"Colorado Springs, CO",162837.0,72565.0,2.244015710053056,Colorado Springs - CO USA
2014,"New York-Newark-Jersey City, NY-NJ-PA",8484999.0,3516574.0,2.412859504733869,New York - NY USA
2006,"Ann Arbor, MI",98595.0,49868.0,1.9771195957327343,Ann Arbor - MI USA
2021,"Youngstown-Warren-Boardman, OH-PA",131198.0,66474.0,1.9736739176219273,Youngstown - OH USA
2008,"Reno, NV",150383.0,62515.0,2.4055506678397185,Reno - NV USA
2023,"Greenville, NC",70785.0,34517.0,2.0507286264739113,Greenville - NC USA
2022,"Wenatchee, WA",37148.0,15149.0,2.452175061060136,
2011,"Colorado Springs, CO",214506.0,88433.0,2.425632965069601,Colorado Springs - CO USA
2014,"San Antonio-New Braunfels, TX",737523.0,297655.0,2.477777964421898,San Antonio - TX USA
2023,"Kansas City, MO-KS",644830.0,315146.0,2.0461309996001855,Kansas City - MO USA
2006,"Springfield, IL",58388.0,27639.0,2.112522160714932,Springfield - IL USA
2018,"Auburn-Opelika, AL",49435.0,24143.0,2.0475914343702106,Auburn-Opelika - AL USA
2012,"Bellingham, WA",67800.0,29427.0,2.3040065246202466,Bellingham - WA USA
2005,"Pittsfield, MA",27685.0,15079.0,1.8359970820346176,Pittsfield - MA USA
2015,"Dover, DE",51326.0,19905.0,2.578548103491585,Dover - DE USA
2021,"State College, PA",38476.0,19895.0,1.9339532545865796,State College - PA USA
2010,"Dover, DE",31096.0,13691.0,2.2712730991162076,Dover - DE USA
2017,"Roanoke, VA",88922.0,43689.0,2.035340703609604,
2015,"Redding, CA",66109.0,26688.0,2.4771058153477217,Redding - CA USA
2013,"Portland-South Portland, ME",136195.0,66802.0,2.038786263884315,Portland - ME USA
2020,"Wilmington, NC",79015.0,44635.0,1.7702475635711885,
2010,"Bangor, ME",46048.0,22195.0,2.0747015093489525,Bangor - ME USA
2018,"Greenville, NC",74783.0,33280.0,2.2470853365384613,Greenville - NC USA
2022,"Springfield, IL",39188.0,21798.0,1.7977796128085146,Springfield - IL USA
2008,"Virginia Beach-Norfolk-Newport News, VA-NC",542247.0,224615.0,2.4141174899272086,Norfolk - VA USA
2011,"Springfield, OH",44779.0,16698.0,2.6816984069948497,Springfield - OH USA
2007,"Bloomington, IN",46678.0,21939.0,2.127626601030129,Bloomington - IN USA
2009,"Baton Rouge, LA",225463.0,95293.0,2.3659975024398436,Baton Rouge - LA USA
2016,"Birmingham-Hoover, AL",289694.0,132296.0,2.1897411864304286,Birmingham - AL USA
2011,"Reading, PA",104045.0,43148.0,2.4113516269583757,Reading - PA USA
2011,"York-Hanover, PA",103108.0,43595.0,2.3651336162403944,York - PA USA
2007,"Riverside-San Bernardino-Ontario, CA",1204662.0,402733.0,2.9912175063876068,Inland Empire - CA USA
2013,"Stockton-Lodi, CA",293290.0,94514.0,3.1031381594261167,Stockton - CA USA
2015,"Houma-Thibodaux, LA",51685.0,22359.0,2.3115971197280736,Houma-Thibodaux - LA USA
2017,"Portland-Vancouver-Hillsboro, OR-WA",785670.0,345461.0,2.2742654018832806,Portland - OR USA
2017,"Las Cruces, NM",59519.0,25372.0,2.3458536969888066,Las Cruces - NM USA
2018,"Waco, TX",97714.0,39123.0,2.497610101474836,Waco - TX USA
2021,"Springfield, MO",125015.0,63887.0,1.956814375381533,Springfield - MO USA
2007,"San Angelo, TX",26371.0,11688.0,2.256245722108145,San Angelo - TX USA
2021,"New Orleans-Metairie, LA",379634.0,176291.0,2.1534508284597624,New Orleans - LA USA
2010,"Fresno, CA",413296.0,130694.0,3.1623180865227174,Fresno - CA USA
2018,"Michigan City-La Porte, IN",30999.0,12260.0,2.5284665579119086,Michigan City-La Porte - IN USA
2014,"Punta Gorda, FL",33501.0,15634.0,2.1428297300754764,Punta Gorda - FL USA
2008,"Milwaukee-Waukesha-West Allis, WI",460676.0,217270.0,2.1202927233396234,Milwaukee - WI USA
2010,"Goldsboro, NC",41287.0,17968.0,2.297807212822796,Goldsboro - NC USA
2011,"Olympia-Tumwater, WA",79622.0,34058.0,2.337835457161313,Olympia - WA USA
2007,"Morgantown, WV",26204.0,12740.0,2.056828885400314,Morgantown - WV USA
2014,"Provo-Orem, UT",158438.0,49166.0,3.222511491681243,Provo - UT USA
2020,"Roanoke, VA",83318.0,40880.0,2.0381115459882584,
2009,"Charlotte-Concord-Gastonia, NC-SC",605535.0,260196.0,2.3272263985610846,Charlotte - NC USA
2016,"Kankakee, IL",27253.0,11696.0,2.3301128590971274,Kankakee - IL USA
2023,"Sheboygan, WI",24833.0,13655.0,1.8186012449652142,Sheboygan - WI USA
2021,"Chicago-Naperville-Elgin, IL-IN-WI",2702361.0,1246848.0,2.1673539998460116,Chicago - IL USA
2019,"Michigan City-La Porte, IN",25930.0,11443.0,2.2660141571266275,Michigan City-La Porte - IN USA
2021,"Raleigh, NC",402606.0,183100.0,2.198831239759694,Raleigh - NC USA
2023,"Oxnard-Thousand Oaks-Ventura, CA",305153.0,103262.0,2.9551335438012045,Ventura - CA USA
2018,"Kansas City, MO-KS",656764.0,299655.0,2.1917338272346534,Kansas City - MO USA
2007,"Binghamton, NY",62579.0,30877.0,2.0267189169932314,Binghamton - NY USA
2014,"Stockton-Lodi, CA",314010.0,102650.0,3.059035557720409,Stockton - CA USA
2008,"Elizabethtown-Fort Knox, KY",40056.0,15938.0,2.5132388003513615,Elizabethtown-Fort Knox - KY USA
2009,"Eau Claire, WI",41983.0,20676.0,2.0305184755271815,Eau Claire - WI USA
2010,"Tyler, TX",59650.0,26029.0,2.29167467055976,Tyler - TX USA
2008,"Visalia-Porterville, CA",171005.0,51698.0,3.3077681921931217,Visalia - CA USA
2011,"El Paso, TX",285914.0,101743.0,2.810158929852668,El Paso - TX USA
2009,"Peoria, IL",83387.0,40251.0,2.0716752378822885,Peoria - IL USA
2012,"Clarksville, TN-KY",113827.0,43082.0,2.6421011095120934,Clarksville - TN USA
2010,"Bend-Redmond, OR",56381.0,22506.0,2.5051541811072604,Bend - OR USA
2013,"Olympia-Tumwater, WA",81817.0,36364.0,2.2499450005499946,Olympia - WA USA
2020,"Cincinnati, OH-KY-IN",582401.0,283575.0,2.053781186634929,Cincinnati - OH USA
2013,"Boston-Cambridge-Newton, MA-NH",1486987.0,692401.0,2.147580664961489,Boston - MA USA
2017,"San Francisco-Oakland-Hayward, CA",1845676.0,765861.0,2.409936006664395,San Francisco - CA USA
2009,"Decatur, AL",36006.0,16985.0,2.119870473947601,Decatur - AL USA
2021,"Charleston, WV",51931.0,23460.0,2.213597612958227,
2013,"Santa Cruz-Watsonville, CA",89444.0,37289.0,2.3986698490171365,Santa Cruz - CA USA
2020,"Springfield, MO",128048.0,67037.0,1.9101093426018467,Springfield - MO USA
2010,"Grand Rapids-Wyoming, MI",203694.0,85169.0,2.3916448473035965,Grand Rapids - MI USA
2008,"Wausau, WI",33520.0,15559.0,2.1543801015489428,Wausau - WI USA
2008,"Auburn-Opelika, AL",40540.0,19355.0,2.094549212089899,Auburn-Opelika - AL USA
2009,"Utica-Rome, NY",81193.0,36942.0,2.197850684857344,Utica - NY USA
2021,"Kankakee, IL",26834.0,11965.0,2.2427078980359383,Kankakee - IL USA
2017,"Birmingham-Hoover, AL",302958.0,140696.0,2.153280832433047,Birmingham - AL USA
2012,"Iowa City, IA",44147.0,22014.0,2.005405650949396,Iowa City - IA USA
2019,"Grand Rapids-Wyoming, MI",227927.0,100452.0,2.2690140564647794,Grand Rapids - MI USA
2022,"Oshkosh-Neenah, WI",48004.0,25816.0,1.8594669972110318,
2012,"Deltona-Daytona Beach-Ormond Beach, FL",152084.0,66917.0,2.272725914192208,Daytona Beach - FL USA
2021,"Shreveport-Bossier City, LA",137332.0,62316.0,2.2037999871622054,Shreveport - LA USA
2023,"Crestview-Fort Walton Beach-Destin, FL",87266.0,37497.0,2.3272795156945887,
2009,"Phoenix-Mesa-Scottsdale, AZ",1291462.0,502481.0,2.570170812428729,Phoenix - AZ USA
2007,"Elizabethtown-Fort Knox, KY",34393.0,14353.0,2.39622378596809,Elizabethtown-Fort Knox - KY USA
2010,"Owensboro, KY",25728.0,12739.0,2.0196247743150955,Owensboro - KY USA
2010,"San Jose-Sunnyvale-Santa Clara, CA",691717.0,254752.0,2.715256406230373,San Jose - CA USA
2008,"Augusta-Richmond County, GA-SC",135511.0,56650.0,2.39207413945278,Augusta - GA USA
2021,"Springfield, OH",39029.0,16482.0,2.3679771872345587,Springfield - OH USA
2022,"San Angelo, TX",30817.0,15700.0,1.9628662420382166,San Angelo - TX USA
2015,"Bend-Redmond, OR",61373.0,24576.0,2.4972737630208335,Bend - OR USA
2014,"Boise City, ID",194528.0,80475.0,2.417247592420006,Boise - ID USA
2020,"Lafayette-West Lafayette, IN",66305.0,29573.0,2.242078923342238,
2021,"Indianapolis-Carmel-Anderson, IN",562946.0,269544.0,2.0885124506574066,Indianapolis - IN USA
2021,"Provo-Orem, UT",168704.0,60763.0,2.776426443723977,Provo - UT USA
2022,"Panama City, FL",59014.0,26098.0,2.2612460724959766,Panama City - FL USA
2019,"Allentown-Bethlehem-Easton, PA-NJ",239636.0,103263.0,2.3206375952664557,Lehigh Valley - PA USA
2023,"Rocky Mount, NC",57900.0,24978.0,2.3180398750900792,Rocky Mount - NC USA
2011,"Shreveport-Bossier City, LA",128389.0,57225.0,2.2435823503713412,Shreveport - LA USA
2017,"Rochester, NY",305120.0,148796.0,2.0505927578698353,Rochester - NY USA
2005,"St. Louis, MO-IL",618649.0,284388.0,2.1753695655231584,Saint Louis - MO USA
2016,"Reading, PA",102443.0,43056.0,2.379296729840208,Reading - PA USA
2015,"Rochester, NY",302552.0,144823.0,2.089115679139363,Rochester - NY USA
2013,"Brownsville-Harlingen, TX",116206.0,37437.0,3.104041456313273,Brownsville-Harlingen - TX USA
2011,"Seattle-Tacoma-Bellevue, WA",1218992.0,544969.0,2.2368098001904695,Seattle - WA USA
2012,"Omaha-Council Bluffs, NE-IA",294571.0,129302.0,2.2781627507695164,Omaha - NE USA
2009,"Deltona-Daytona Beach-Ormond Beach, FL",150599.0,64778.0,2.3248479422025996,Daytona Beach - FL USA
2013,"Tyler, TX",62255.0,26252.0,2.37143836660064,Tyler - TX USA
2008,"Hilton Head Island-Bluffton-Beaufort, SC",43274.0,17179.0,2.519005762849991,Hilton Head Island - SC USA
2012,"Lawrence, KS",42356.0,21204.0,1.9975476325221657,
2008,"Monroe, MI",29389.0,11633.0,2.526347459812602,Monroe - MI USA
2009,"Mansfield, OH",36069.0,14701.0,2.4535065641793077,Mansfield - OH USA
2007,"Brownsville-Harlingen, TX",120129.0,38019.0,3.159709618874773,Brownsville-Harlingen - TX USA
2005,"East Stroudsburg, PA",38351.0,14452.0,2.6536811513977305,East Stroudsburg - PA USA
2013,"Virginia Beach-Norfolk-Newport News, VA-NC",563976.0,241031.0,2.3398484012429934,Norfolk - VA USA
2020,"Richmond, VA",361271.0,169150.0,2.1358025421223767,Richmond - VA USA
2013,"Boise City, ID",204006.0,77670.0,2.6265739667825416,Boise - ID USA
2021,"Houma-Thibodaux, LA",35000.0,17458.0,2.0048115477145148,Houma-Thibodaux - LA USA
2014,"Blacksburg-Christiansburg-Radford, VA",56220.0,26775.0,2.099719887955182,Blacksburg - VA USA
2019,"Ithaca, NY",39008.0,20424.0,1.90990990990991,
2009,"Worcester, MA-CT",219893.0,99502.0,2.2099354786838457,Worcester - MA USA
2015,"Orlando-Kissimmee-Sanford, FL",829912.0,332085.0,2.4990951111914117,Orlando - FL USA
2019,"Laredo, TX",95324.0,30762.0,3.0987582081789222,Laredo - TX USA
2018,"Amarillo, TX",78675.0,35378.0,2.2238396743739046,Amarillo - TX USA
2019,"Little Rock-North Little Rock-Conway, AR",219499.0,99890.0,2.197407147862649,Little Rock - AR USA
2021,"Medford, OR",59743.0,28083.0,2.127372431720258,Medford - OR USA
2019,"Lafayette, LA",152334.0,64536.0,2.360449981405727,Lafayette - LA USA
2017,"Anchorage, AK",142661.0,56207.0,2.5381358193819277,Anchorage - AK USA
2013,"Denver-Aurora-Lakewood, CO",878358.0,384169.0,2.2863843777087687,Denver - CO USA
2007,"North Port-Sarasota-Bradenton, FL",157435.0,70646.0,2.228505506327322,Sarasota - FL USA
2009,"El Centro, CA",58591.0,19783.0,2.9616842743769904,El Centro - CA USA
2005,"Mobile, AL",111838.0,49006.0,2.2821287189323756,Mobile - AL USA
2016,"Fort Wayne, IN",102257.0,46109.0,2.217723221063133,Fort Wayne - IN USA
2022,"Shreveport-Bossier City, LA",131863.0,62374.0,2.11406996504954,Shreveport - LA USA
2008,"Huntsville, AL",88513.0,42066.0,2.1041458660200636,Huntsville - AL USA
2005,"Lewiston-Auburn, ME",27892.0,12094.0,2.306267570696213,Lewiston-Auburn - ME USA
2006,"Farmington, NM",26016.0,10112.0,2.5727848101265822,Farmington - NM USA
2009,"Fayetteville, NC",130568.0,52716.0,2.4768191820320204,Fayetteville - NC USA
2016,"Houston-The Woodlands-Sugar Land, TX",2336815.0,939636.0,2.486936430702953,Houston - TX USA
2011,"Richmond, VA",322600.0,145965.0,2.2101188641112595,Richmond - VA USA
2007,"Ocala, FL",66616.0,27635.0,2.410566310837706,Ocala - FL USA
2020,"Jackson, TN",39797.0,15577.0,2.5548565192270654,Jackson - TN USA
2011,"Lake Charles, LA",51175.0,23013.0,2.2237431017251117,Lake Charles - LA USA
2010,"Portland-South Portland, ME",127596.0,62984.0,2.0258478343706336,Portland - ME USA
2022,"Corvallis, OR",35528.0,17309.0,2.052573805534693,
2022,"San Luis Obispo-Paso Robles-Arroyo Grande, CA",101100.0,43417.0,2.328580970587558,San Luis Obispo - CA USA
2011,"Racine, WI",60021.0,24108.0,2.4896714783474367,Racine - WI USA
2010,"Kansas City, MO-KS",521331.0,235031.0,2.2181371819036637,Kansas City - MO USA
2014,"Deltona-Daytona Beach-Ormond Beach, FL",156985.0,67831.0,2.3143547935309816,Daytona Beach - FL USA
2020,"Memphis, TN-MS-AR",421902.0,202603.0,2.082407466819346,Memphis - TN USA
2016,"Shreveport-Bossier City, LA",138698.0,64075.0,2.1646195864221616,Shreveport - LA USA
2013,"Champaign-Urbana, IL",67216.0,33727.0,1.9929433391644675,Champaign-Urbana - IL USA
2006,"Wichita, KS",152933.0,70212.0,2.178160428416795,Wichita - KS USA
2020,"Detroit-Warren-Dearborn, MI",1069206.0,530274.0,2.016327408094683,Detroit - MI USA
2020,"Greenville, NC",65171.0,29869.0,2.1818942716528844,Greenville - NC USA
2006,"Alexandria, LA",35652.0,16362.0,2.178951228456179,Alexandria - LA USA
2015,"Auburn-Opelika, AL",51961.0,24048.0,2.160720226214238,Auburn-Opelika - AL USA
2009,"Barnstable Town, MA",41424.0,21094.0,1.9637811700009482,Barnstable Town - MA USA
2016,"Washington-Arlington-Alexandria, DC-VA-MD-WV",1915954.0,818208.0,2.341646622863624,Washington - DC USA
2020,"Atlanta-Sandy Springs-Roswell, GA",1674758.0,774198.0,2.1632166448376253,Atlanta - GA USA
2022,"Kansas City, MO-KS",650700.0,322594.0,2.0170864926192054,Kansas City - MO USA
2011,"Davenport-Moline-Rock Island, IA-IL",85390.0,43424.0,1.9664240972733973,Davenport - IA USA
2011,"Waco, TX",85448.0,33866.0,2.5231205338687768,Waco - TX USA
2023,"Jackson, MI",29121.0,13484.0,2.1596707208543457,Jackson - MI USA
2022,"Allentown-Bethlehem-Easton, PA-NJ",228909.0,106120.0,2.157076894082171,Lehigh Valley - PA USA
2022,"Hartford-West Hartford-East Hartford, CT",302031.0,154796.0,1.9511550686064238,Hartford - CT USA
2019,"Wilmington, NC",97981.0,45925.0,2.133500272182907,
2015,"Miami-Fort Lauderdale-West Palm Beach, FL",2088498.0,855330.0,2.4417452912910806,Miami - FL USA
2013,"Mansfield, OH",35190.0,15942.0,2.207376740684983,Mansfield - OH USA
2011,"Scranton--Wilkes-Barre--Hazleton, PA",176766.0,81603.0,2.166170361383773,Scranton - PA USA
2021,"Providence-Warwick, RI-MA",528618.0,252236.0,2.095727810463217,Providence - RI USA
2018,"Lafayette, LA",149311.0,64068.0,2.3305082100268466,Lafayette - LA USA
2007,"Santa Cruz-Watsonville, CA",90509.0,38037.0,2.379498908957068,Santa Cruz - CA USA
2011,"Chico, CA",80036.0,34689.0,2.3072443714145696,Chico - CA USA
2016,"Wenatchee, WA",28592.0,13688.0,2.0888369374634714,
2013,"Omaha-Council Bluffs, NE-IA",292832.0,133539.0,2.192857517279596,Omaha - NE USA
2007,"Gainesville, GA",43653.0,16083.0,2.7142324193247527,Gainesville - GA USA
2015,"Owensboro, KY",30734.0,12382.0,2.4821515102568243,Owensboro - KY USA
2023,"Rochester, NY",293798.0,149823.0,1.9609672747175,Rochester - NY USA
2015,"Reading, PA",99501.0,43393.0,2.293019611458069,Reading - PA USA
2023,"Santa Cruz-Watsonville, CA",106412.0,39257.0,2.710650329877474,Santa Cruz - CA USA
2011,"Las Cruces, NM",61852.0,23829.0,2.5956607495069033,Las Cruces - NM USA
2020,"Portland-Vancouver-Hillsboro, OR-WA",853798.0,393426.0,2.17016160599452,Portland - OR USA
2011,"Albuquerque, NM",255290.0,115676.0,2.2069400739997924,Albuquerque - NM USA
2011,"Pittsfield, MA",27514.0,15522.0,1.772580852982863,Pittsfield - MA USA
2021,"Beaumont-Port Arthur, TX",103327.0,46381.0,2.2277872404648456,Beaumont - TX USA
2007,"Greeley, CO",63977.0,25370.0,2.5217579818683484,Greeley - CO USA
2006,"Dayton, OH",235632.0,105971.0,2.2235517264157174,Dayton - OH USA
2010,"Ocean City, NJ",21251.0,10152.0,2.0932821118991334,Ocean City - NJ USA
2022,"Youngstown-Warren-Boardman, OH-PA",135173.0,67989.0,1.9881598493874009,Youngstown - OH USA
2015,"Burlington, NC",51935.0,23367.0,2.2225788505156845,Burlington - NC USA
2023,"San Jose-Sunnyvale-Santa Clara, CA",778646.0,305650.0,2.5475085882545394,San Jose - CA USA
2021,"Tuscaloosa, AL",75173.0,34735.0,2.164185979559522,
2008,"Lake Charles, LA",48565.0,20994.0,2.31327998475755,Lake Charles - LA USA
2014,"Lafayette, LA",157915.0,65998.0,2.392724021940059,Lafayette - LA USA
2013,"Tuscaloosa, AL",67585.0,28568.0,2.365758891066928,
2014,"Visalia-Porterville, CA",199623.0,57649.0,3.4627313570053255,Visalia - CA USA
2011,"Anchorage, AK",132531.0,57163.0,2.318475237478789,Anchorage - AK USA
2013,"Ogden-Clearfield, UT",129134.0,46030.0,2.805431240495329,Ogden - UT USA
2012,"Prescott, AZ",78406.0,30833.0,2.5429247883760904,Prescott - AZ USA
2020,"Knoxville, TN",249332.0,117330.0,2.1250490070740646,Knoxville - TN USA
2010,"Burlington, NC",49463.0,20507.0,2.4120056566050616,Burlington - NC USA
2018,"Wichita Falls, TX",42255.0,18432.0,2.29248046875,Wichita Falls - TX USA
2019,"Binghamton, NY",64406.0,32414.0,1.98698093416425,Binghamton - NY USA
2013,"Monroe, MI",28906.0,12747.0,2.2676708245077273,Monroe - MI USA
2011,"Lansing-East Lansing, MI",126211.0,60559.0,2.084099803497416,Lansing - MI USA
2017,"Washington-Arlington-Alexandria, DC-VA-MD-WV",1863945.0,791635.0,2.354551024146229,Washington - DC USA
2019,"Fort Wayne, IN",91089.0,43470.0,2.0954451345755696,Fort Wayne - IN USA
2018,"Pittsburgh, PA",563514.0,303825.0,1.854732164897556,Pittsburgh - PA USA
2021,"St. George, UT",56991.0,21099.0,2.701123275984644,
2020,"St. Louis, MO-IL",678755.0,351542.0,1.9307934756017773,Saint Louis - MO USA
2017,"Salisbury, MD-DE",91013.0,39004.0,2.3334273407855606,Salisbury - MD USA
2019,"Norwich-New London, CT",83265.0,38324.0,2.1726594301221165,Norwich - CT USA
2020,"Flagstaff, AZ",44282.0,22818.0,1.940660881760014,Flagstaff - AZ USA
2010,"Huntsville, AL",95112.0,43900.0,2.1665603644646927,Huntsville - AL USA
2017,"Hanford-Corcoran, CA",62548.0,18983.0,3.294948111468156,Hanford-Corcoran - CA USA
2009,"Glens Falls, NY",31976.0,14986.0,2.133724809822501,Glens Falls - NY USA
2012,"Springfield, MO",128215.0,58747.0,2.1824944252472465,Springfield - MO USA
2021,"Fresno, CA",407807.0,141301.0,2.88608714729549,Fresno - CA USA
2006,"Peoria, IL",77114.0,37312.0,2.0667345626072042,Peoria - IL USA
2018,"Trenton, NJ",119006.0,50491.0,2.356974510308768,Trenton - NJ USA
2017,"Ann Arbor, MI",116325.0,54130.0,2.148993164603732,Ann Arbor - MI USA
2021,"Canton-Massillon, OH",107180.0,51487.0,2.081690523821547,Canton - OH USA
2022,"Trenton, NJ",118896.0,51783.0,2.296043102948844,Trenton - NJ USA
2007,"Billings, MT",30303.0,14717.0,2.059047360195692,Billings - MT USA
2009,"Corpus Christi, TX",131619.0,52930.0,2.4866616285660306,Corpus Christi - TX USA
2021,"Midland, TX",36089.0,18964.0,1.9030267875975533,Midland - TX USA
2017,"Santa Fe, NM",34217.0,17298.0,1.9780899525956759,Santa Fe - NM USA
2008,"Lubbock, TX",87729.0,40123.0,2.18650150786332,Lubbock - TX USA
2013,"Bend-Redmond, OR",53142.0,24311.0,2.1859240672946405,Bend - OR USA
2017,"Chattanooga, TN-GA",153268.0,76853.0,1.9943008080361209,Chattanooga - TN USA
2006,"Terre Haute, IN",39622.0,18459.0,2.1464868086028495,Terre Haute - IN USA
2007,"Muskegon, MI",30839.0,14756.0,2.0899295201951746,Muskegon - MI USA
2023,"Indianapolis-Carmel-Anderson, IN",593972.0,286612.0,2.072390548895371,Indianapolis - IN USA
2021,"Hartford-West Hartford-East Hartford, CT",328279.0,156120.0,2.102735075582885,Hartford - CT USA
2013,"Anniston-Oxford-Jacksonville, AL",32136.0,13938.0,2.3056392595781317,Anniston-Oxford - AL USA
2013,"Topeka, KS",61717.0,30317.0,2.0357225319127883,
2010,"San Luis Obispo-Paso Robles-Arroyo Grande, CA",103886.0,39977.0,2.5986442204267455,San Luis Obispo - CA USA
2014,"New Orleans-Metairie, LA",382178.0,184829.0,2.0677382878227983,New Orleans - LA USA
2023,"Springfield, MA",184411.0,87054.0,2.118351827601259,Springfield - MA USA
2007,"Columbia, MO",58165.0,25895.0,2.24618652249469,Columbia - MO USA
2019,"Modesto, CA",216551.0,73597.0,2.942388956071579,Modesto - CA USA
2008,"Palm Bay-Melbourne-Titusville, FL",122770.0,54088.0,2.2698195533205148,Melbourne - FL USA
2018,"Chicago-Naperville-Elgin, IL-IN-WI",2805710.0,1240411.0,2.2619196379264617,Chicago - IL USA
2005,"Los Angeles-Long Beach-Anaheim, CA",5387322.0,1998494.0,2.695690855213976,Los Angeles - CA USA
2020,"Indianapolis-Carmel-Anderson, IN",540947.0,262632.0,2.0597147339242743,Indianapolis - IN USA
2019,"Ocean City, NJ",29445.0,12430.0,2.3688656476267096,Ocean City - NJ USA
2007,"Yuba City, CA",67421.0,21799.0,3.092848295793385,Yuba City - CA USA
2023,"Springfield, IL",52470.0,25262.0,2.077032697331961,Springfield - IL USA
2005,"Daphne-Fairhope-Foley, AL",40272.0,15523.0,2.5943438768279328,Daphne-Fairhope-Foley - AL USA
2007,"Kingsport-Bristol-Bristol, TN-VA",76488.0,37433.0,2.0433307509416823,Kingsport - TN USA
2021,"Merced, CA",134365.0,42544.0,3.158259684091764,Merced - CA USA
2005,"Vineland-Bridgeton, NJ",37306.0,16163.0,2.3081111179855225,Vineland - NJ USA
2017,"Houma-Thibodaux, LA",53508.0,24477.0,2.186052212280917,Houma-Thibodaux - LA USA
2020,"Lakeland-Winter Haven, FL",194791.0,71354.0,2.729924040698489,Lakeland - FL USA
2018,"Chattanooga, TN-GA",151748.0,68564.0,2.2132314334052854,Chattanooga - TN USA
2021,"Prescott, AZ",61439.0,26916.0,2.2826200029722097,Prescott - AZ USA
2019,"Glens Falls, NY",30640.0,14124.0,2.1693571226281505,Glens Falls - NY USA
2019,"Muncie, IN",39231.0,17234.0,2.276372287338981,Muncie - IN USA
2014,"Greenville-Anderson-Mauldin, SC",273889.0,115915.0,2.3628434628822843,Greenville - SC USA
2021,"Seattle-Tacoma-Bellevue, WA",1339145.0,616403.0,2.172515383604557,Seattle - WA USA
2023,"Fayetteville, NC",127392.0,57008.0,2.234633735616054,Fayetteville - NC USA
2020,"Toledo, OH",181165.0,89829.0,2.016776319451402,Toledo - OH USA
2023,"Greenville-Anderson-Mauldin, SC",270995.0,122967.0,2.2038026462384215,Greenville - SC USA
2014,"Spokane-Spokane Valley, WA",198143.0,82329.0,2.406721811269419,Spokane - WA USA
2005,"Redding, CA",57865.0,23088.0,2.506280318780319,Redding - CA USA
2023,"Salinas, CA",204689.0,67430.0,3.0355776360670323,Salinas - CA USA
2014,"Daphne-Fairhope-Foley, AL",40057.0,20233.0,1.9797854989373795,Daphne-Fairhope-Foley - AL USA
2005,"Boise City, ID",132934.0,55571.0,2.3921469831386872,Boise - ID USA
2022,"Johnstown, PA",26871.0,13912.0,1.9314979873490512,Johnstown - PA USA
2021,"Washington-Arlington-Alexandria, DC-VA-MD-WV",1878735.0,840529.0,2.2351816534587146,Washington - DC USA
2013,"Austin-Round Rock, TX",662687.0,291683.0,2.2719424855065258,Austin - TX USA
2008,"Colorado Springs, CO",167073.0,72485.0,2.304932054907912,Colorado Springs - CO USA
2009,"Albuquerque, NM",251846.0,107494.0,2.3428842540048747,Albuquerque - NM USA
2018,"Las Vegas-Henderson-Paradise, NV",877356.0,369317.0,2.375617694284314,Las Vegas - NV USA
2008,"Rocky Mount, NC",44613.0,21294.0,2.0950972104818257,Rocky Mount - NC USA
2013,"Urban Honolulu, HI",394734.0,145468.0,2.7135452470646464,Honolulu - HI USA
2016,"Tampa-St. Petersburg-Clearwater, FL",992001.0,435882.0,2.2758475917794265,Tampa - FL USA
2013,"Philadelphia-Camden-Wilmington, PA-NJ-DE-MD",1602950.0,739799.0,2.166737181315465,Philadelphia - PA USA
2014,"Mansfield, OH",33078.0,14553.0,2.2729334157905585,Mansfield - OH USA
2023,"Warner Robins, GA",55779.0,23162.0,2.4082117261031,
2008,"Odessa, TX",38419.0,15179.0,2.5310626523486395,Odessa - TX USA
2021,"Wichita Falls, TX",38835.0,18231.0,2.1301629093302616,Wichita Falls - TX USA
2005,"Portland-Vancouver-Hillsboro, OR-WA",655195.0,294049.0,2.22818305792572,Portland - OR USA
2019,"Las Vegas-Henderson-Paradise, NV",892880.0,371682.0,2.402268605958857,Las Vegas - NV USA
2019,"Virginia Beach-Norfolk-Newport News, VA-NC",586733.0,255346.0,2.2977959317945063,Norfolk - VA USA
2008,"La Crosse-Onalaska, WI-MN",26901.0,14240.0,1.889115168539326,La Crosse-Onalaska - WI USA
2016,"Champaign-Urbana, IL",71583.0,38526.0,1.8580439183927737,Champaign-Urbana - IL USA
2019,"Brownsville-Harlingen, TX",136848.0,45220.0,3.0262715612560815,Brownsville-Harlingen - TX USA
2021,"Stockton-Lodi, CA",299684.0,93769.0,3.1959816143928164,Stockton - CA USA
2005,"San Antonio-New Braunfels, TX",567053.0,229642.0,2.469291331725033,San Antonio - TX USA
2011,"Detroit-Warren-Dearborn, MI",1112655.0,491077.0,2.2657444759172187,Detroit - MI USA
2021,"Jackson, MS",178490.0,79967.0,2.2320457188590295,Jackson - MS USA
2005,"Corpus Christi, TX",124268.0,50191.0,2.475902054153135,Corpus Christi - TX USA
2018,"Goldsboro, NC",47060.0,19435.0,2.4214046822742477,Goldsboro - NC USA
2012,"Scranton--Wilkes-Barre--Hazleton, PA",143573.0,71953.0,1.995371978930691,Scranton - PA USA
2023,"Merced, CA",110009.0,41165.0,2.6723915948014088,Merced - CA USA
2010,"Olympia-Tumwater, WA",76483.0,34013.0,2.248640225796019,Olympia - WA USA
2018,"Santa Maria-Santa Barbara, CA",203301.0,69670.0,2.918056552318071,Santa Barbara - CA USA
2009,"San Luis Obispo-Paso Robles-Arroyo Grande, CA",89750.0,38913.0,2.306427158019171,San Luis Obispo - CA USA
2021,"Flagstaff, AZ",55790.0,23707.0,2.3533133673598514,Flagstaff - AZ USA
2013,"Springfield, MO",136930.0,60083.0,2.2790140305910156,Springfield - MO USA
2012,"Eau Claire, WI",41450.0,20004.0,2.0720855828834233,Eau Claire - WI USA
2017,"Springfield, MA",195932.0,86637.0,2.261527984579337,Springfield - MA USA
2009,"Pensacola-Ferry Pass-Brent, FL",125948.0,53817.0,2.340301391753535,Pensacola - FL USA
2016,"Tucson, AZ",336869.0,149196.0,2.257895654038982,Tucson - AZ USA
2013,"El Paso, TX",275877.0,101436.0,2.7197148941204308,El Paso - TX USA
2015,"Salinas, CA",233598.0,71058.0,3.287427172169214,Salinas - CA USA
2018,"Charlotte-Concord-Gastonia, NC-SC",776480.0,339262.0,2.288732601941862,Charlotte - NC USA
2008,"New Orleans-Metairie, LA",286160.0,131217.0,2.1808149858631123,New Orleans - LA USA
2022,"Gainesville, FL",112053.0,52612.0,2.129799285334144,Gainesville - FL USA
2021,"Grand Junction, CO",31690.0,16899.0,1.8752588910586425,Grand Junction - CO USA
2016,"Ogden-Clearfield, UT",116811.0,44168.0,2.644697518565477,Ogden - UT USA
2021,"Portland-Vancouver-Hillsboro, OR-WA",830450.0,387532.0,2.142919810493069,Portland - OR USA
2005,"Jackson, MI",29484.0,12645.0,2.3316725978647685,Jackson - MI USA
2013,"Raleigh, NC",383634.0,165150.0,2.3229427792915534,Raleigh - NC USA
2012,"Columbus, OH",621109.0,278327.0,2.2315801197871568,Columbus - OH USA
2019,"El Centro, CA",65708.0,22055.0,2.9792790750396736,El Centro - CA USA
2007,"Waco, TX",77213.0,32293.0,2.391013532344471,Waco - TX USA
2019,"Atlantic City-Hammonton, NJ",74560.0,33420.0,2.2309994015559544,Atlantic City - NJ USA
2017,"New Haven-Milford, CT",251619.0,123581.0,2.0360654145863846,New Haven - CT USA
2006,"Youngstown-Warren-Boardman, OH-PA",129535.0,61275.0,2.1139942880456957,Youngstown - OH USA
2019,"Winston-Salem, NC",186640.0,84455.0,2.209934284530223,Winston-Salem - NC USA
2012,"Greenville-Anderson-Mauldin, SC",251035.0,112203.0,2.2373287701754854,Greenville - SC USA
2017,"Jackson, MI",31401.0,15898.0,1.9751541074348975,Jackson - MI USA
2021,"Florence, SC",50173.0,24160.0,2.0766970198675496,
2019,"Vallejo-Fairfield, CA",146753.0,57000.0,2.5746140350877194,Vallejo-Fairfield - CA USA
2008,"Little Rock-North Little Rock-Conway, AR",212778.0,93163.0,2.283932462458272,Little Rock - AR USA
2023,"Chattanooga, TN-GA",154830.0,72505.0,2.135438935245845,Chattanooga - TN USA
2012,"Fayetteville, NC",139973.0,56614.0,2.4724096513229945,Fayetteville - NC USA
2016,"Dover, DE",56102.0,20965.0,2.675983782494634,Dover - DE USA
2023,"St. Cloud, MN",57028.0,26832.0,2.1253726893261775,St. Cloud - MN USA
2011,"North Port-Sarasota-Bradenton, FL",199563.0,86680.0,2.3022958006460543,Sarasota - FL USA
2017,"Santa Cruz-Watsonville, CA",93775.0,36405.0,2.57588243373163,Santa Cruz - CA USA
2012,"Saginaw, MI",45112.0,21083.0,2.139733434520704,Saginaw - MI USA
2015,"El Centro, CA",60581.0,19642.0,3.0842582221769677,El Centro - CA USA
2013,"Lincoln, NE",99833.0,44802.0,2.228315700191956,Lincoln - NE USA
2009,"Goldsboro, NC",47635.0,18828.0,2.530008497981729,Goldsboro - NC USA
2006,"East Stroudsburg, PA",25004.0,10741.0,2.3279024299413464,East Stroudsburg - PA USA
2009,"Racine, WI",56091.0,24136.0,2.323955916473318,Racine - WI USA
2018,"Austin-Round Rock, TX",753267.0,333406.0,2.2593084707533757,Austin - TX USA
2016,"Rochester, NY",309251.0,147152.0,2.101575241926715,Rochester - NY USA
2020,"Albuquerque, NM",220467.0,116249.0,1.8965066366162289,Albuquerque - NM USA
2018,"Cleveland-Elyria, OH",618322.0,306532.0,2.0171531846593505,Cleveland - OH USA
2005,"Sheboygan, WI",21623.0,10435.0,2.0721609966459034,Sheboygan - WI USA
2016,"Owensboro, KY",27514.0,12106.0,2.272757310424583,Owensboro - KY USA
2021,"San Francisco-Oakland-Hayward, CA",1776635.0,758799.0,2.34137762437747,San Francisco - CA USA
2010,"Austin-Round Rock, TX",668406.0,283012.0,2.361758512006558,Austin - TX USA
2007,"Knoxville, TN",214310.0,104440.0,2.0519915741095365,Knoxville - TN USA
2020,"Akron, OH",180104.0,90665.0,1.9864776926046435,Akron - OH USA
2022,"Fort Wayne, IN",97809.0,47172.0,2.0734545917069447,Fort Wayne - IN USA
2007,"Midland, TX",32084.0,14873.0,2.1571976064008607,Midland - TX USA
2010,"Santa Cruz-Watsonville, CA",97645.0,36920.0,2.6447724810400866,Santa Cruz - CA USA
2012,"Corpus Christi, TX",163019.0,65127.0,2.5030939548881417,Corpus Christi - TX USA
2011,"Decatur, AL",34555.0,14294.0,2.4174478802294668,Decatur - AL USA
2011,"Tallahassee, FL",135318.0,55834.0,2.423577031916037,Tallahassee - FL USA
2012,"Daphne-Fairhope-Foley, AL",70464.0,27493.0,2.5629796675517404,Daphne-Fairhope-Foley - AL USA
2016,"Decatur, AL",29169.0,13753.0,2.1209190722024287,Decatur - AL USA
2015,"Nashville-Davidson--Murfreesboro--Franklin, TN",591590.0,250165.0,2.3647992325065457,Nashville - TN USA
2012,"Tuscaloosa, AL",58674.0,26306.0,2.2304417243214476,
2012,"Napa, CA",50758.0,19016.0,2.6692259150189312,Napa - CA USA
2020,"Columbia, MO",55924.0,29893.0,1.8708058742849496,Columbia - MO USA
2014,"Monroe, LA",56721.0,22697.0,2.4990527382473453,Monroe - LA USA
2020,"Prescott, AZ",55991.0,27907.0,2.0063424947145876,Prescott - AZ USA
2020,"Kankakee, IL",29898.0,12893.0,2.3189327542077094,Kankakee - IL USA
2019,"Baton Rouge, LA",198548.0,92598.0,2.1441931791183393,Baton Rouge - LA USA
2021,"Burlington, NC",52272.0,24578.0,2.12678004719668,Burlington - NC USA
2012,"Pueblo, CO",52283.0,21383.0,2.4450731889819015,Pueblo - CO USA
2015,"Grand Junction, CO",39764.0,18709.0,2.1253941953070714,Grand Junction - CO USA
2015,"Lafayette-West Lafayette, IN",68635.0,32884.0,2.087185257267972,
2012,"Lebanon, PA",34439.0,15071.0,2.285117112334948,Lebanon - PA USA
2007,"Utica-Rome, NY",78219.0,36601.0,2.1370727575749298,Utica - NY USA
2022,"Jackson, TN",31507.0,14920.0,2.111729222520107,Jackson - TN USA
2011,"Nashville-Davidson--Murfreesboro--Franklin, TN",498037.0,220285.0,2.2608756837732935,Nashville - TN USA
2008,"Farmington, NM",29085.0,10393.0,2.7985182334263445,Farmington - NM USA
2021,"Ocean City, NJ",29048.0,13378.0,2.1713260577066826,Ocean City - NJ USA
2016,"Janesville-Beloit, WI",39700.0,19009.0,2.0884844021253093,Janesville-Beloit - WI USA
2023,"Mount Vernon-Anacortes, WA",37082.0,16253.0,2.2815480219036486,
2018,"Springfield, IL",59442.0,27723.0,2.144140244562277,Springfield - IL USA
2022,"Wichita Falls, TX",42829.0,20231.0,2.116998665414463,Wichita Falls - TX USA
2007,"Montgomery, AL",98210.0,42416.0,2.315399849113542,Montgomery - AL USA
2023,"Harrisburg-Carlisle, PA",163178.0,78482.0,2.079177390994113,Harrisburg - PA USA
2010,"La Crosse-Onalaska, WI-MN",33161.0,16306.0,2.033668588249724,La Crosse-Onalaska - WI USA
2007,"Harrisburg-Carlisle, PA",129111.0,62447.0,2.0675292648165646,Harrisburg - PA USA
2007,"Sheboygan, WI",30118.0,13483.0,2.233775865905214,Sheboygan - WI USA
2015,"Portland-Vancouver-Hillsboro, OR-WA",781856.0,350590.0,2.2301149490858267,Portland - OR USA
2014,"Las Cruces, NM",72118.0,28928.0,2.4930171460176993,Las Cruces - NM USA
2010,"Knoxville, TN",238814.0,112943.0,2.114464818536784,Knoxville - TN USA
2009,"San Antonio-New Braunfels, TX",620377.0,254902.0,2.433786317879028,San Antonio - TX USA
2020,"Yuma, AZ",47856.0,19041.0,2.5133133763982984,Yuma - AZ USA
2009,"Billings, MT",35337.0,17028.0,2.07522903453136,Billings - MT USA
2015,"Austin-Round Rock, TX",689019.0,309963.0,2.2229072502201874,Austin - TX USA
2021,"Albuquerque, NM",253400.0,116600.0,2.1732418524871355,Albuquerque - NM USA
2021,"Myrtle Beach-Conway-North Myrtle Beach, SC-NC",104767.0,48820.0,2.1459852519459237,
2019,"New York-Newark-Jersey City, NY-NJ-PA",8423271.0,3564332.0,2.3632116761289352,New York - NY USA
2005,"Las Vegas-Henderson-Paradise, NV",632326.0,259794.0,2.433951515431457,Las Vegas - NV USA
2006,"Owensboro, KY",24796.0,12129.0,2.044356500948141,Owensboro - KY USA
2007,"Greensboro-High Point, NC",219847.0,101379.0,2.168565482003176,Greensboro - NC USA
2007,"Lafayette, LA",117463.0,51854.0,2.265264010490994,Lafayette - LA USA
2015,"Chico, CA",84730.0,36184.0,2.34164271501216,Chico - CA USA
2022,"Joplin, MO",55792.0,23806.0,2.3436108544064522,Joplin - MO USA
2020,"San Luis Obispo-Paso Robles-Arroyo Grande, CA",94868.0,41034.0,2.311936442949749,San Luis Obispo - CA USA
2014,"Pittsfield, MA",35441.0,18254.0,1.9415470581790293,Pittsfield - MA USA
2010,"San Diego-Carlsbad, CA",1276135.0,485770.0,2.627035428289108,San Diego - CA USA
2015,"Ithaca, NY",31286.0,17524.0,1.7853229856197215,
2011,"Binghamton, NY",64135.0,31552.0,2.0326762170385395,Binghamton - NY USA
2015,"Las Vegas-Henderson-Paradise, NV",893837.0,360203.0,2.4814812758361255,Las Vegas - NV USA
2015,"Gainesville, GA",69240.0,22388.0,3.092728247275326,Gainesville - GA USA
2014,"Virginia Beach-Norfolk-Newport News, VA-NC",606639.0,253418.0,2.3938275892004515,Norfolk - VA USA
2022,"Warner Robins, GA",56257.0,23670.0,2.3767215885086608,
2021,"Milwaukee-Waukesha-West Allis, WI",519857.0,250547.0,2.0748881447393104,Milwaukee - WI USA
2022,"Chicago-Naperville-Elgin, IL-IN-WI",2706029.0,1286591.0,2.103255035982686,Chicago - IL USA
2019,"Charlotte-Concord-Gastonia, NC-SC",777472.0,345584.0,2.24973378397148,Charlotte - NC USA
2012,"Springfield, OH",45939.0,19970.0,2.300400600901352,Springfield - OH USA
2021,"Saginaw, MI",51171.0,23513.0,2.176285459107728,Saginaw - MI USA
2005,"Trenton, NJ",83105.0,38197.0,2.175694426263843,Trenton - NJ USA
2007,"Ocean City, NJ",29496.0,12016.0,2.454727030625832,Ocean City - NJ USA
2014,"San Angelo, TX",36146.0,17151.0,2.1075155967582067,San Angelo - TX USA
2019,"Mobile, AL",119781.0,57581.0,2.0802174328337473,Mobile - AL USA
2018,"Santa Cruz-Watsonville, CA",100762.0,38038.0,2.648982596351017,Santa Cruz - CA USA
2023,"Beaumont-Port Arthur, TX",109674.0,47612.0,2.3034949172477526,Beaumont - TX USA
2016,"Madera, CA",58650.0,17615.0,3.3295486801021856,Madera - CA USA
2008,"Tampa-St. Petersburg-Clearwater, FL",745465.0,339106.0,2.198324417733688,Tampa - FL USA
2010,"Lynchburg, VA",62278.0,26342.0,2.3642092475894008,Lynchburg - VA USA
2018,"Portland-Vancouver-Hillsboro, OR-WA",829790.0,364124.0,2.2788665399699,Portland - OR USA
2013,"Atlantic City-Hammonton, NJ",76627.0,31205.0,2.455600064092293,Atlantic City - NJ USA
2008,"Bangor, ME",49314.0,22114.0,2.2299900515510536,Bangor - ME USA
2011,"Allentown-Bethlehem-Easton, PA-NJ",200675.0,88732.0,2.261585448316278,Lehigh Valley - PA USA
2008,"Atlanta-Sandy Springs-Roswell, GA",1375096.0,580873.0,2.3672919898153295,Atlanta - GA USA
2015,"Little Rock-North Little Rock-Conway, AR",228946.0,101082.0,2.26495320630775,Little Rock - AR USA
2007,"Washington-Arlington-Alexandria, DC-VA-MD-WV",1378686.0,628231.0,2.1945526406687987,Washington - DC USA
2016,"Pueblo, CO",48214.0,20846.0,2.312865777607215,Pueblo - CO USA
2020,"Salisbury, MD-DE",94185.0,39768.0,2.3683614966807482,Salisbury - MD USA
2017,"Redding, CA",62298.0,25277.0,2.4646120979546624,Redding - CA USA
2015,"Mobile, AL",119959.0,53417.0,2.245708295112043,Mobile - AL USA
2012,"Las Vegas-Henderson-Paradise, NV",892869.0,338559.0,2.6372626336916167,Las Vegas - NV USA
2020,"McAllen-Edinburg-Mission, TX",207647.0,70378.0,2.9504532666458267,McAllen - TX USA
2006,"Evansville, IN-KY",55276.0,27770.0,1.9904933381346777,Evansville - IN USA
