year,msa,RDI,RDI_trailing,real_relative_rent_growth,rrg_5yr_fwd,rrrg_5yr_fwd,RDI_move
2018,Youngstown - OH,2.5,2.5,-0.007893621921539296,0.031066573083400807,0.002967713400721602,0.0
2017,Youngstown - OH,2.5,2.5,-0.008295612409710799,0.02078421586751941,-0.036008594557642895,0.0
2016,Youngstown - OH,2.5,2.0,-0.0146313058212399,0.019945207491517104,-0.07221938669681541,-0.5
2015,Youngstown - OH,2.0,2.5,-0.005991475656628598,0.017269548483193002,-0.044458989985286995,0.5
2014,Youngstown - OH,2.5,2.5,-0.014986405847594142,0.0234132619127632,-0.049729538150131494,0.0
2013,Youngstown - OH,2.5,2.5,-0.01140911690890789,0.0055512072984129565,-0.05179842165671274,0.0
2012,Youngstown - OH,2.5,2.5,-0.00989475380629306,-0.0009725393112748337,-0.05531391664408133,0.0
2011,Youngstown - OH,2.5,2.5,-0.00537275569513437,-0.010713861448690293,-0.056913058040663586,0.0
2010,Youngstown - OH,2.5,2.0,-0.005402301088906825,-0.03589264283888047,-0.04765450791455806,-0.5
2009,Youngstown - OH,2.0,2.0,0.008922275155782651,-0.07502702905330808,-0.04706533334683628,0.0
2008,Youngstown - OH,2.0,2.5,0.0063786390237510066,-0.07969307321589443,-0.023156652343459493,0.5
2007,Youngstown - OH,2.5,2.5,-0.005748949013650402,-0.09754289290588354,-0.005368896410800596,0.0
2006,Youngstown - OH,2.5,2.5,-0.014741944149136599,-0.08896623676549648,-0.0012230916181579388,0.0
2018,York - PA,2.5,2.5,0.006194222718477305,-0.002227171465754501,-0.03032603114843371,0.0
2017,York - PA,2.5,2.5,0.0109925419092179,0.0229618026465178,-0.033831007778644506,0.0
2016,York - PA,2.5,2.5,0.0026379730552434973,0.10604912924766549,0.013884535059332992,0.0
2015,York - PA,2.5,2.5,0.001364406198263203,0.0826713940948249,0.0209428556263449,0.0
2014,York - PA,2.5,2.5,-0.005120561458170402,0.07467987532913689,0.0015370752662422008,0.0
2013,York - PA,2.5,2.5,-0.0076555078849196,0.0734182113781572,0.016068582423031504,0.0
2012,York - PA,2.5,2.5,-0.004369935020804499,0.05656022915244109,0.002218851819634599,0.0
2011,York - PA,2.5,2.5,-0.00472741201519963,0.03305557148158549,-0.0131436251103878,0.0
2010,York - PA,2.5,2.5,0.008620913373306385,-0.008747145105153335,-0.020509010180830928,0.0
2009,York - PA,2.5,2.5,0.0015349499881267513,-0.04121419871225954,-0.013252503005787746,0.0
2008,York - PA,2.5,2.0,-0.0009652548469603062,-0.06313341243192554,-0.006596991559490593,-0.5
2007,York - PA,2.0,2.5,0.006962704472243798,-0.09208073501661423,0.00009326147846870116,0.5
2006,York - PA,2.5,2.5,-0.012646742165088699,-0.07631724417582154,0.011425900971516998,0.0
2018,Worcester - MA,2.0,2.0,0.007386755198240301,0.0458703905791043,0.01777153089642509,0.0
2017,Worcester - MA,2.0,2.0,-0.0037407726049422975,0.053684670343995,-0.003108140081167308,0.0
2016,Worcester - MA,2.0,2.0,0.0018706507980824003,0.0875554266124963,-0.0046091675758362025,0.0
2015,Worcester - MA,2.0,2.5,0.011834148317575503,0.0718511319607496,0.0101225934922696,0.5
2014,Worcester - MA,2.5,2.5,0.012021098285913499,0.0986742037832737,0.025531403720379004,0.0
2013,Worcester - MA,2.5,2.5,0.0003107134252787018,0.0867215089499951,0.029371879994869406,0.0
2012,Worcester - MA,2.5,2.5,-0.00011865794658669909,0.0766372155547143,0.022295838221907806,0.0
2011,Worcester - MA,2.5,2.5,0.00018326984718449943,0.0721171494722367,0.025917952880263405,0.0
2010,Worcester - MA,2.5,2.5,0.012005358235910486,0.0359924370050431,0.024230571929365504,0.0
2009,Worcester - MA,2.5,2.5,0.000361435115337351,-0.0035599138587712985,0.024401781847700487,0.0
2008,Worcester - MA,2.5,2.5,-0.0008062110282480751,-0.043794302195310594,0.01274211867712434,0.0
2007,Worcester - MA,2.5,2.0,0.0027124667540193003,-0.08054880227148538,0.011625194223597562,-0.5
2006,Worcester - MA,2.0,2.0,-0.013525858521461497,-0.07328682622313498,0.014456318924203562,0.0
2018,Winston-Salem - NC,2.5,2.5,0.0178501009941101,0.10179831725358911,0.0736994575709099,0.0
2017,Winston-Salem - NC,2.5,2.5,0.003499610349536001,0.1527273411452765,0.0959345307201142,0.0
2016,Winston-Salem - NC,2.5,2.5,0.015796765685081503,0.1881252447813744,0.0959606505930419,0.0
2015,Winston-Salem - NC,2.5,2.5,-0.0037226211279629967,0.1268798760026693,0.06515133753418931,0.0
2014,Winston-Salem - NC,2.5,2.5,-0.001159293577075001,0.1150247934758663,0.04188199341297161,0.0
2013,Winston-Salem - NC,2.5,2.5,0.006998181343078599,0.0896141912788153,0.032264562323689606,0.0
2012,Winston-Salem - NC,2.5,2.5,-0.01432167924940591,0.0757540200054646,0.021412642672658105,0.0
2011,Winston-Salem - NC,2.5,2.5,0.00039839884266259715,0.04979054966568949,0.003591353073716195,0.0
2010,Winston-Salem - NC,2.5,2.5,0.0017692262772470643,-0.00004514869302511479,-0.01180701376870271,0.0
2009,Winston-Salem - NC,2.5,2.5,0.00043531507253645116,-0.034276862069964435,-0.00631516636349265,0.0
2008,Winston-Salem - NC,2.5,2.5,-0.026670217979699394,-0.06125697858631614,-0.0047205577138811974,0.0
2007,Winston-Salem - NC,2.5,2.5,-0.003278880380094001,-0.13056295353174213,-0.03838895703665919,0.0
2006,Winston-Salem - NC,2.5,3.0,0.025743573904037496,-0.11508930331468582,-0.027346158167347284,0.5
2018,Wichita - KS,2.5,2.5,-0.012623799964785597,0.0227345403730869,-0.005364319309592306,0.0
2017,Wichita - KS,2.5,2.5,-0.012116334401070999,0.0298563315123319,-0.026936478912830405,0.0
2016,Wichita - KS,2.5,2.5,-0.01777822617441415,0.0419473801478743,-0.0502172140404582,0.0
2015,Wichita - KS,2.5,2.5,-0.006194910034537298,0.013070536300539948,-0.04865800216794005,0.0
2014,Wichita - KS,2.5,2.5,-0.01422338071279227,0.02202100637555115,-0.05112179368734355,0.0
2013,Wichita - KS,2.5,2.5,-0.0005384199321269989,-0.005587022332474623,-0.06293665128760031,0.0
2012,Wichita - KS,2.5,2.5,-0.0024660984054207993,0.0034901060778647786,-0.05085127125494172,0.0
2011,Wichita - KS,2.5,2.5,-0.0008928398601710484,0.004998161332681779,-0.041201035259291516,0.0
2010,Wichita - KS,2.5,2.5,-0.006636849226197231,-0.01255378386937082,-0.024315648945048417,0.0
2009,Wichita - KS,2.5,2.5,0.01026447489857675,-0.052719283843180136,-0.02475758813670835,0.0
2008,Wichita - KS,2.5,2.5,0.008605261798948004,-0.05680615339777427,-0.00026973252533932755,0.0
2007,Wichita - KS,2.5,2.5,-0.0020668888464569993,-0.08330004728934727,0.008873949205735676,0.0
2006,Wichita - KS,2.5,2.5,-0.0237947031855583,-0.07846998638263906,0.009273158764699476,0.0
2018,Washington - DC,2.5,2.5,-0.002371491864323595,-0.04608728471398352,-0.07418614439666271,0.0
2017,Washington - DC,2.5,2.5,-0.010962388478219499,-0.029425243049860012,-0.0862180534750223,0.0
2016,Washington - DC,2.5,2.5,-0.012593150138855,0.014030445806682085,-0.0781341483816504,0.0
2015,Washington - DC,2.5,2.5,0.0057577230036259044,-0.03151997692137961,-0.0932485153898596,0.0
2014,Washington - DC,2.5,2.5,-0.008491301909089082,0.0490883761569857,-0.024054423905908985,0.0
2013,Washington - DC,2.5,2.5,-0.0082974415272474,0.028689019568264418,-0.028660609386861262,0.0
2012,Washington - DC,2.5,2.5,0.0036046802997589007,0.01975481828302142,-0.03458655904978507,0.0
2011,Washington - DC,2.5,2.5,0.005722504574805498,0.02617970632016662,-0.02001949027180667,0.0
2010,Washington - DC,2.5,2.5,0.04328288999386129,0.010058029517531417,-0.001703835558146169,0.0
2009,Washington - DC,2.5,2.5,0.03865292482078074,0.007859635725617419,0.035821331432089216,0.0
2008,Washington - DC,2.5,2.5,0.013501801993697906,0.02642913728952409,0.08296555816195904,0.0
2007,Washington - DC,2.5,2.5,0.015582344494760097,0.01259080518782139,0.10476480168290433,0.0
2006,Washington - DC,2.5,2.5,0.013575565069913899,0.028999320730566987,0.11674246587790554,0.0
2018,Waco - TX,3.0,2.5,-0.013311645016074198,0.06409036912769125,0.035991509445012046,-0.5
2017,Waco - TX,2.5,3.0,-0.0030096322298049996,0.0920804402381186,0.03528762981295629,0.5
2016,Waco - TX,3.0,2.5,-0.001548679545521698,0.0985084767192606,0.006343882530928092,-0.5
2015,Waco - TX,2.5,2.5,-0.008988987654447497,0.0515766101777553,-0.010151928290724699,0.0
2014,Waco - TX,2.5,2.5,0.007734226062893899,0.0496717165708541,-0.023471083492040596,0.0
2013,Waco - TX,2.5,2.5,-0.0037160236388445005,0.0382249105721712,-0.019124718382954493,0.0
2012,Waco - TX,2.5,3.0,-0.001105325296521199,0.0448122803270817,-0.009529097005724796,0.5
2011,Waco - TX,3.0,2.5,0.0008629621006548994,0.0385744065195323,-0.007624790072440995,-0.5
2010,Waco - TX,2.5,2.5,-0.0019200753886252642,0.006548716649413196,-0.005213148426264398,0.0
2009,Waco - TX,2.5,2.5,-0.002875829115510046,-0.026105931866913953,0.0018557638395578346,0.0
2008,Waco - TX,2.5,2.5,0.0005151038058102131,-0.06529071221128105,-0.00875429133884611,0.0
2007,Waco - TX,2.5,2.5,0.014153539203107397,-0.09669716038927434,-0.0045231638941913965,0.0
2006,Waco - TX,2.5,2.5,0.00017990916967389886,-0.07700744454190134,0.0107357006054372,0.0
2018,Ventura - CA,3.0,3.0,0.005449421703815502,0.04918483909964569,0.021085979416966483,0.0
2017,Ventura - CA,3.0,3.0,0.016553096473217,0.07572070682048809,0.018927896395325786,0.0
2016,Ventura - CA,3.0,3.0,0.0097240805625916,0.1669306247234345,0.074766030535102,0.0
2015,Ventura - CA,3.0,3.0,0.034358363598585205,0.11131890815496451,0.0495903696864845,0.0
2014,Ventura - CA,3.0,3.5,0.0285435952246189,0.1346553708910943,0.06151257082819961,0.5
2013,Ventura - CA,3.5,3.0,0.015677766874432602,0.15197818651795392,0.0946285575628282,-0.5
2012,Ventura - CA,3.0,3.0,0.0167067311704158,0.1591982800662518,0.1048569027334453,0.0
2011,Ventura - CA,3.0,3.0,0.007691162172705001,0.15120973402261742,0.1050105374306441,0.0
2010,Ventura - CA,3.0,3.0,0.007685783552005885,0.11473948411643511,0.1029776190407575,0.0
2009,Ventura - CA,3.0,3.0,-0.021048108115792247,0.048343343287706404,0.07630503899417819,0.0
2008,Ventura - CA,3.0,3.0,-0.016415085177868605,-0.029823085218667895,0.026713335653767042,0.0
2007,Ventura - CA,3.0,3.0,0.0037892041727900973,-0.0975535128936171,-0.005379516398534165,0.0
2006,Ventura - CA,3.0,3.0,0.0195823051035404,-0.1060401885434984,-0.018297043396159864,0.0
2018,Vallejo-Fairfield - CA,3.0,3.0,0.019648157060146304,-0.021157856240868536,-0.049256715923547745,0.0
2017,Vallejo-Fairfield - CA,3.0,3.0,0.0162176936864853,0.041453839145600774,-0.015338971279561537,0.0
2016,Vallejo-Fairfield - CA,3.0,3.0,0.04300960898399351,0.1346825002431869,0.04251790605485439,0.0
2015,Vallejo-Fairfield - CA,3.0,3.0,0.0748296566307543,0.1688298503756522,0.10710131190717222,0.0
2014,Vallejo-Fairfield - CA,3.0,3.0,0.021656978875398598,0.23248247760534252,0.15933967754244782,0.0
2013,Vallejo-Fairfield - CA,3.0,3.0,0.010937457904219603,0.2327117241919037,0.17536209523677804,0.0
2012,Vallejo-Fairfield - CA,3.0,3.0,0.001850394532084399,0.2209927734136578,0.16665139608085133,0.0
2011,Vallejo-Fairfield - CA,3.0,3.0,0.005019708070903999,0.1984832935184237,0.15228409692645042,0.0
2010,Vallejo-Fairfield - CA,3.0,3.0,-0.004239755915477875,0.1260560610890385,0.11429419601336091,0.0
2009,Vallejo-Fairfield - CA,3.0,3.0,-0.02437433786690235,0.007263087760656942,0.03522478346712872,0.0
2008,Vallejo-Fairfield - CA,3.0,3.0,0.0035308250226080036,-0.06734295414760716,-0.010806533275172225,0.0
2007,Vallejo-Fairfield - CA,3.0,3.0,0.0013543544337154007,-0.11038716265186677,-0.018213166156783825,0.0
2006,Vallejo-Fairfield - CA,3.0,2.5,-0.005989849567413295,-0.10645235140249136,-0.01870920625515282,-0.5
2018,Tyler - TX,2.5,2.5,0.015903972089290605,0.023600682474672445,-0.004498177208006757,0.0
2017,Tyler - TX,2.5,2.5,0.005484275519847901,0.0838171763867136,0.0270243659615513,0.0
2016,Tyler - TX,2.5,2.5,-0.02722089295275509,0.1323340343981977,0.040169440209865195,0.0
2015,Tyler - TX,2.5,2.5,-0.002884412184357598,0.05801582917384801,-0.0037127092946319887,0.0
2014,Tyler - TX,2.5,2.5,-0.003800886683166001,0.05618149815313511,-0.016961301909759585,0.0
2013,Tyler - TX,2.5,2.5,-0.01271609868854285,0.04483168474398551,-0.012517944211140181,0.0
2012,Tyler - TX,2.5,2.5,0.005480853840708701,0.013203362343832856,-0.04113801498897364,0.0
2011,Tyler - TX,2.5,2.5,0.006383646745234801,0.005057759923860457,-0.04114143666811283,0.0
2010,Tyler - TX,2.5,2.5,-0.0008062480483204161,0.0042249681055546474,-0.007536896970122943,0.0
2009,Tyler - TX,2.5,2.5,0.018903987482190153,-0.03342042854055755,-0.005458732834085761,0.0
2008,Tyler - TX,2.5,2.5,0.005237607751041602,-0.039290279541164555,0.017246141331270393,0.0
2007,Tyler - TX,2.5,2.5,0.0105325793847442,-0.0569741487242281,0.035199847770854845,0.0
2006,Tyler - TX,2.5,2.5,0.005017049610614804,-0.047491571832448204,0.04025157331489034,0.0
2018,Tucson - AZ,2.5,2.5,0.028363369405269602,0.1317879043966532,0.10368904471397399,0.0
2017,Tucson - AZ,2.5,2.5,0.021024260669946702,0.19822976538538928,0.14143695496022698,0.0
2016,Tucson - AZ,2.5,2.5,0.0206348411738873,0.26181964713335026,0.1696550529450178,0.0
2015,Tucson - AZ,2.5,2.5,0.0007254742085934032,0.18326462385058398,0.121536085382104,0.0
2014,Tucson - AZ,2.5,2.5,-0.010183490812778471,0.1647493388056755,0.0916065387427808,0.0
2013,Tucson - AZ,2.5,2.5,0.0009199306368827993,0.11791408360004421,0.06056445464491854,0.0
2012,Tucson - AZ,2.5,2.5,-0.01150335837155585,0.08746239320933821,0.03312101587653173,0.0
2011,Tucson - AZ,2.5,2.5,0.0003890325315296997,0.04679259342700247,0.0005933968350291807,0.0
2010,Tucson - AZ,2.5,2.5,-0.0014708123635500756,-0.007890546731650828,-0.01965241180732842,0.0
2009,Tucson - AZ,2.5,2.5,0.0000405795872211491,-0.04981039408594369,-0.021848698379471898,0.0
2008,Tucson - AZ,2.5,2.5,-0.005284569924697273,-0.06816104885190721,-0.011624627979472278,0.0
2007,Tucson - AZ,2.5,2.5,0.002856693230569399,-0.1100031250361353,-0.01782912854105235,0.0
2006,Tucson - AZ,2.5,2.5,0.001356005668640102,-0.09121222208626564,-0.0034690769389271008,0.0
2018,Trenton - NJ,2.5,2.5,-0.0008558295667170993,0.04015005086362349,0.01205119118094428,0.0
2017,Trenton - NJ,2.5,2.5,-0.0135582061484456,0.06592122638225549,0.00912841595709318,0.0
2016,Trenton - NJ,2.5,2.5,-0.008321039378643001,0.0599110726937651,-0.03225352149456741,0.0
2015,Trenton - NJ,2.5,2.5,0.0005901083350181996,0.0389980063661933,-0.0227305321022867,0.0
2014,Trenton - NJ,2.5,2.5,-0.002598635852336901,0.0564201162680984,-0.0167226837947963,0.0
2013,Trenton - NJ,2.5,2.5,0.0013827551156282009,0.03260602634400129,-0.0247436026111244,0.0
2012,Trenton - NJ,2.5,2.5,-0.003186955116689299,0.031836359404027396,-0.0225050179287791,0.0
2011,Trenton - NJ,2.5,2.5,0.004320904146879901,0.034065429694950494,-0.0121337668970228,0.0
2010,Trenton - NJ,2.5,2.5,0.009018295677378784,0.012270041704177698,0.0005081766285001017,0.0
2009,Trenton - NJ,2.5,2.5,0.0023160688579082524,-0.0190253317356111,0.008936363970860686,0.0
2008,Trenton - NJ,2.5,2.5,-0.0038408716209232877,-0.0426853521913291,0.01385106868110584,0.0
2007,Trenton - NJ,2.5,2.5,0.0096602132543922,-0.08354655455052859,0.008627441944554351,0.0
2006,Trenton - NJ,2.5,2.5,-0.002410970628261601,-0.0662685348317027,0.02147461031563585,0.0
2018,Toledo - OH,2.5,2.5,-0.0009128786623477936,0.013246818304061811,-0.014852041378617405,0.0
2017,Toledo - OH,2.5,2.5,0.004327554255724002,0.039036633312702115,-0.0177561771124602,0.0
2016,Toledo - OH,2.5,2.5,-0.0085403826087713,0.07643440130352971,-0.015730192884802797,0.0
2015,Toledo - OH,2.5,2.5,0.007719211280346,0.055404817208647705,-0.0063237212598322955,0.0
2014,Toledo - OH,2.5,2.0,-0.011034379247575991,0.0658101751953364,-0.007332624867558295,-0.5
2013,Toledo - OH,2.0,2.5,-0.0036143753677607,0.04890875397250061,-0.008440874982625083,0.5
2012,Toledo - OH,2.5,2.5,-0.0044150725007058005,0.04319900564476851,-0.01114237168803799,0.0
2011,Toledo - OH,2.5,2.5,-0.0046787788160145005,0.026314198147505505,-0.01988499844446779,0.0
2010,Toledo - OH,2.5,2.5,-0.0038684082683175854,-0.004261529576033395,-0.016023394651710994,0.0
2009,Toledo - OH,2.5,2.5,0.009554404765367449,-0.05557270990684636,-0.027611014200374578,0.0
2008,Toledo - OH,2.5,2.0,0.003832876216620207,-0.06355865105986608,-0.007022230187431137,-0.5
2007,Toledo - OH,2.0,2.5,-0.006045860238373299,-0.09174897509813316,0.0004250213969497693,0.5
2006,Toledo - OH,2.5,2.0,-0.019134374335408197,-0.08894891148805627,-0.0012057663407177288,-0.5
2018,Tampa - FL,2.5,2.5,0.0096191912889481,0.1190950133353477,0.09099615365266847,0.0
2017,Tampa - FL,2.5,2.5,0.012323684990406102,0.1879229488372808,0.13113013841211849,0.0
2016,Tampa - FL,2.5,2.5,0.0078616477549076,0.247379304349423,0.15521471016109048,0.0
2015,Tampa - FL,2.5,2.5,0.0275524370372296,0.11499706235528,0.05326852388679999,0.0
2014,Tampa - FL,2.5,2.5,0.005999289453029598,0.1379146459996701,0.0647718459367754,0.0
2013,Tampa - FL,2.5,2.5,0.0027857758104801005,0.1207058794796467,0.063356250524521,0.0
2012,Tampa - FL,2.5,2.5,0.003158921375870701,0.1108642123788595,0.056522835046053,0.0
2011,Tampa - FL,2.5,2.5,0.0009559909813105991,0.0935572680234909,0.0473580714315176,0.0
2010,Tampa - FL,2.5,2.5,-0.0022399078588932753,0.0522142797335982,0.0404524146579206,0.0
2009,Tampa - FL,2.5,2.5,0.0022223796695470498,-0.017301625944674062,0.010660069761797723,0.0
2008,Tampa - FL,2.5,2.5,-0.020864539314061396,-0.04965326089411976,0.006883159978315175,0.0
2007,Tampa - FL,2.5,2.5,-0.0061601856723428,-0.10894115164130927,-0.01676715514622632,0.0
2006,Tampa - FL,2.5,2.5,0.0216988809406757,-0.11382940734177836,-0.02608626219443982,0.0
2006,Tallahassee - FL,2.5,2.5,0.016000974923372303,-0.09878505250811578,-0.011041907360777255,0.0
2018,Syracuse - NY,2.5,2.5,-0.009313587099313698,0.0381157462000846,0.010016886517405392,0.0
2017,Syracuse - NY,2.5,2.0,-0.011553307995200098,0.0239619741737842,-0.0328308362513781,-0.5
2016,Syracuse - NY,2.0,2.5,0.0010815858840942001,0.030167441323399498,-0.06199715286493301,0.5
2015,Syracuse - NY,2.5,2.5,-0.003270519897341697,0.03949460525810709,-0.0222339332103729,0.0
2014,Syracuse - NY,2.5,2.5,-0.005682961083948602,0.0427285391390323,-0.030414260923862395,0.0
2013,Syracuse - NY,2.5,2.0,-0.004490278661251099,0.028610838763415795,-0.028738790191709895,-0.5
2012,Syracuse - NY,2.0,2.5,-0.0044070053845644,0.0304258955791592,-0.023915481753647296,0.5
2011,Syracuse - NY,2.5,2.0,0.00040350528433919994,0.029430017448961697,-0.016769179143011598,-0.5
2010,Syracuse - NY,2.0,2.0,0.009699062677100283,-0.005685394667089002,-0.017447259742766598,0.0
2009,Syracuse - NY,2.0,2.0,0.003064909949898751,-0.0324393728747964,-0.0044776771683246175,0.0
2008,Syracuse - NY,2.0,2.5,-0.0016587711870670353,-0.052266227006912205,0.004270193865522735,0.5
2007,Syracuse - NY,2.5,2.0,0.003371908329427303,-0.08507229515537615,0.007101701339706799,-0.5
2006,Syracuse - NY,2.0,2.5,-0.007846703752875297,-0.07286253009364003,0.014880615053698502,0.5
2018,Stockton - CA,3.0,3.0,0.0065293088555336,0.01750057455897329,-0.010598285123705906,0.0
2017,Stockton - CA,3.0,3.0,0.026054117828607604,0.06193165933340779,0.005138848908245494,0.0
2016,Stockton - CA,3.0,3.0,0.0395355448126793,0.155381420135498,0.0632168259471655,0.0
2015,Stockton - CA,3.0,3.0,0.053106177598238,0.1718178833723068,0.1100893449038268,0.0
2014,Stockton - CA,3.0,3.5,0.012546647340059298,0.22312444779276838,0.1499816477298737,0.5
2013,Stockton - CA,3.5,3.5,0.005707390606403299,0.1951214253902435,0.1377717964351178,0.0
2012,Stockton - CA,3.5,3.5,-0.006095666438341189,0.19129125551879397,0.1369498781859875,0.0
2011,Stockton - CA,3.5,3.5,0.00040011806413529916,0.150999290511012,0.1048000939190387,0.0
2010,Stockton - CA,3.5,3.0,0.007231702329590885,0.0774265322461723,0.06566466717049471,-0.5
2009,Stockton - CA,3.0,3.0,-0.024274567142128944,-0.008171503804624197,0.019790191901847592,0.0
2008,Stockton - CA,3.0,3.0,0.001226887572556734,-0.07356744345277559,-0.01703102258034065,0.0
2007,Stockton - CA,3.0,3.0,0.002098775468766698,-0.11368552210927016,-0.02151152561418722,0.0
2006,Stockton - CA,3.0,3.0,0.006089620292186702,-0.10106022885441787,-0.01331708370707933,0.0
2018,Stamford - CT,2.5,2.5,-0.008869562298059398,-0.031455296233296404,-0.05955415591597561,0.0
2017,Stamford - CT,2.5,2.5,-0.0052552446722984,-0.009022126108407899,-0.0658149365335702,0.0
2016,Stamford - CT,2.5,2.5,-0.010626849718391899,0.024997317671775897,-0.0671672765165566,0.0
2015,Stamford - CT,2.5,2.5,-0.007946049794554697,0.015031906299293102,-0.0466966321691869,0.0
2014,Stamford - CT,2.5,2.5,-0.0012214574962854004,0.028879687704145902,-0.044263112358748795,0.0
2013,Stamford - CT,2.5,2.5,0.0021054446697235003,0.0234304649755359,-0.03391916397958979,0.0
2012,Stamford - CT,2.5,2.5,-0.003540514037013099,0.031397220320999605,-0.022944157011806895,0.0
2011,Stamford - CT,2.5,2.5,-0.004856326617300479,0.024969770215451707,-0.021229426376521594,0.0
2010,Stamford - CT,2.5,2.5,0.005825474159792085,-0.0036970381997525753,-0.015458903275430176,0.0
2009,Stamford - CT,2.5,2.5,-0.024425426498055444,-0.029649075027555177,-0.0016873793210833953,0.0
2008,Stamford - CT,2.5,2.5,-0.014489030931144953,-0.08142776919528838,-0.02489134832285344,0.0
2007,Stamford - CT,2.5,2.5,-0.006475958041846702,-0.13365982041880484,-0.04148582392372189,0.0
2006,Stamford - CT,2.5,2.5,-0.0172590333968401,-0.13216441307589402,-0.0444212679285555,0.0
2008,St. Cloud - MN,2.0,2.0,0.006982287857681506,-0.11033771194983272,-0.0008859889348968846,0.0
2007,St. Cloud - MN,2.0,2.5,-0.0068775182589888,-0.12320989334303882,-0.0038062938256188793,0.5
2006,St. Cloud - MN,2.5,2.0,-0.016928846016526198,-0.08938465694803742,-0.001641511800698877,-0.5
2018,Springfield - MO,2.5,2.0,-0.009031746536493298,0.020061804771423403,-0.008037054911255805,-0.5
2017,Springfield - MO,2.0,2.5,-0.0019836965948343,0.0349304525703192,-0.021862357854843105,0.5
2016,Springfield - MO,2.5,2.5,0.0032071024179459017,0.0518971620798111,-0.040267432108521406,0.0
2015,Springfield - MO,2.5,2.5,-0.004387289285659696,0.0469543705582619,-0.014774167910218104,0.0
2014,Springfield - MO,2.5,2.5,-0.005872084759175802,0.0524026076793671,-0.020740192383527596,0.0
2013,Springfield - MO,2.5,2.5,-0.0081098340451717,0.0392819141969085,-0.018067714758217196,0.0
2012,Springfield - MO,2.5,2.5,-0.0061273612082005,0.037195575065910896,-0.017145802266895598,0.0
2011,Springfield - MO,2.5,2.5,-0.0017943936400115212,0.0249097297117115,-0.021289466880261797,0.0
2010,Springfield - MO,2.5,2.0,-0.0077973790466785466,-0.014529097862541623,-0.02629096293821922,-0.5
2009,Springfield - MO,2.0,2.5,0.01096269860863685,-0.057662748405709854,-0.02970105269923807,0.5
2008,Springfield - MO,2.5,2.0,0.006606287788599705,-0.06940269020386036,-0.01286626933142542,-0.5
2007,Springfield - MO,2.0,2.5,-0.0086740730330348,-0.09032414399273696,0.001849852502345985,0.5
2006,Springfield - MO,2.5,2.5,-0.0185276381671429,-0.08844000446982686,-0.0006968593224883149,0.0
2018,Springfield - MA,2.0,2.5,0.014603689312934903,0.0395457175076009,0.011446857824921688,0.5
2017,Springfield - MA,2.5,2.5,-0.0031053796410559983,0.0493343079984189,-0.007458502426743407,0.0
2016,Springfield - MA,2.5,2.5,0.0032837130129337016,0.0694796382188798,-0.022684955969452702,0.0
2015,Springfield - MA,2.5,2.5,-0.008283823728561398,0.0739660742580891,0.012237535789609103,0.0
2014,Springfield - MA,2.5,2.5,0.002663519233465198,0.0684534977674484,-0.0046893022954462935,0.0
2013,Springfield - MA,2.5,2.5,0.004571605473756801,0.0665113471448421,0.009161718189716407,0.0
2012,Springfield - MA,2.5,2.5,0.002905029803514401,0.053471011683344796,-0.0008703656494616959,0.0
2011,Springfield - MA,2.5,2.5,0.0016624000854791009,0.051339240387082,0.005140043795108703,0.0
2010,Springfield - MA,2.5,2.0,0.010983064072206585,0.015280595943331698,0.0035187308676541025,-0.5
2009,Springfield - MA,2.0,2.5,0.002675835043191851,-0.0051760770380497,0.022785618668422086,0.5
2008,Springfield - MA,2.5,2.0,-0.00007011136040091515,-0.0337384863942862,0.022797934478148738,-0.5
2007,Springfield - MA,2.0,2.5,0.0034419996663928015,-0.07401777885109193,0.018156217643991023,0.5
2006,Springfield - MA,2.5,2.0,-0.007892208173870999,-0.06904995764046912,0.01869318750686942,-0.5
2018,Spokane - WA,2.5,2.5,-0.0025152582675217958,0.03445541751384729,0.0063565578311680845,0.0
2017,Spokane - WA,2.5,2.5,0.016470775008201603,0.070325448974967,0.013532638549804688,0.0
2016,Spokane - WA,2.5,2.5,0.007264785468578302,0.1424699122756719,0.050305318087339394,0.0
2015,Spokane - WA,2.5,2.5,0.0019035339355469028,0.11317112807929511,0.051442589610815104,0.0
2014,Spokane - WA,2.5,2.5,0.0005365908145904992,0.1074762880355119,0.034333487972617205,0.0
2013,Spokane - WA,2.5,2.5,0.0025436840951442996,0.0810100559145212,0.02366042695939551,0.0
2012,Spokane - WA,2.5,2.5,-0.0050061130896211,0.0830607466548681,0.0287193693220616,0.0
2011,Spokane - WA,2.5,2.5,0.0003853146918118,0.0534416778162122,0.0072424812242389,0.0
2010,Spokane - WA,2.5,2.5,0.0030894058290868946,0.012124875523149996,0.0003630104474723981,0.0
2009,Spokane - WA,2.5,2.5,-0.039427546784281745,-0.026412813365459392,0.0015488823410123899,0.0
2008,Spokane - WA,2.5,2.5,0.00007011136040091515,-0.09495167613029479,-0.038415255257859854,0.0
2007,Spokane - WA,2.5,2.0,0.024678180925548104,-0.13306282448768617,-0.04088882799260324,-0.5
2006,Spokane - WA,2.0,2.0,0.0225482732057571,-0.09894767912477256,-0.01120453397743403,0.0
2018,Shreveport - LA,2.5,2.5,-0.010447442531585697,0.01654286575317389,-0.011555993929505314,0.0
2017,Shreveport - LA,2.5,2.5,-0.005862781777977898,0.028672469645738594,-0.02812034077942371,0.0
2016,Shreveport - LA,2.5,2.5,-0.018277584575116627,0.06507283399999139,-0.027091760188341106,0.0
2015,Shreveport - LA,2.5,2.5,-0.021319468505680516,0.026013059996068476,-0.03571547847241152,0.0
2014,Shreveport - LA,2.5,2.5,-0.013584638014435761,-0.0010877237170934476,-0.07423052377998815,0.0
2013,Shreveport - LA,2.5,2.5,-0.006540019996464299,-0.012142286449670808,-0.0694919154047965,0.0
2012,Shreveport - LA,2.5,2.5,-0.007212606258690399,-0.011243115536868607,-0.0655844928696751,0.0
2011,Shreveport - LA,2.5,2.5,-0.00013761920854449966,-0.020735120758414306,-0.0669343173503876,0.0
2010,Shreveport - LA,2.5,2.5,0.001144773093983524,-0.037032486908137874,-0.04879435198381547,0.0
2009,Shreveport - LA,2.5,2.5,-0.0013338122516870464,-0.054291806090623215,-0.02633011038415143,0.0
2008,Shreveport - LA,2.5,2.5,-0.022287627216428497,-0.07061570549383765,-0.014079284621402717,0.0
2007,Shreveport - LA,2.5,2.5,-0.0010577728971839003,-0.12200088833644986,-0.029826891841366915,0.0
2006,Shreveport - LA,2.5,2.5,0.022843960672616903,-0.11141520362719895,-0.023672058479860418,0.0
2018,Seattle - WA,2.5,2.5,-0.0009161718189715992,-0.03163874629139932,-0.05973760597407851,0.0
2017,Seattle - WA,2.5,2.5,0.002416424453258601,0.004880977660417285,-0.05191183276474501,0.0
2016,Seattle - WA,2.5,2.5,0.017580311745405204,0.06435682947933649,-0.027807764708996006,0.0
2015,Seattle - WA,2.5,2.5,0.03225427493453031,0.041299459978938094,-0.020429078489541896,0.0
2014,Seattle - WA,2.5,2.5,0.010918388143181797,0.1364310118854046,0.06328821182250992,0.0
2013,Seattle - WA,2.5,2.5,0.013076683506369601,0.11960285641252999,0.06225322745740432,0.0
2012,Seattle - WA,2.5,2.5,0.0129179749637842,0.130587460115552,0.07624608278274551,0.0
2011,Seattle - WA,2.5,2.5,0.010917386505752798,0.1329468298852444,0.08674763329327112,0.0
2010,Seattle - WA,2.5,2.5,0.019566397415474085,0.0918465731292963,0.08008470805361871,0.0
2009,Seattle - WA,2.5,2.5,-0.053004754707217244,0.0394351348280907,0.06739683053456248,0.0
2008,Seattle - WA,2.5,2.0,0.017714449670165805,-0.053062733188271496,0.0034736876841634443,-0.5
2007,Seattle - WA,2.0,2.0,0.039398632012307706,-0.0840625426471233,0.008111453847959648,0.0
2006,Seattle - WA,2.0,2.0,0.021551664918661104,-0.05315103425085539,0.03459211089648315,0.0
2018,Scranton - PA,2.5,2.5,-0.010653737932443598,0.0584309928566218,0.0303321331739426,0.0
2017,Scranton - PA,2.5,2.0,0.0171576254069806,0.0458523741513491,-0.010940436273813199,-0.5
2016,Scranton - PA,2.0,2.5,0.0023841708898544,0.1272106314748526,0.0350460372865201,0.5
2015,Scranton - PA,2.5,2.0,0.005582120269537,0.0943434215039015,0.03261488303542151,-0.5
2014,Scranton - PA,2.0,2.0,0.0007434729486703977,0.06880000005662439,-0.004342800006270301,0.0
2013,Scranton - PA,2.0,2.0,0.0032454151660204003,0.07256328053772448,0.0152136515825988,0.0
2012,Scranton - PA,2.0,2.5,-0.0011239973828196994,0.08345418201386928,0.0291128046810628,0.5
2011,Scranton - PA,2.5,2.0,0.002351315226405897,0.05703037848323579,0.010831181891262498,-0.5
2010,Scranton - PA,2.0,2.0,0.008319312008097785,0.022560191303491586,0.010798326227813996,0.0
2009,Scranton - PA,2.0,2.0,0.0057900976389646495,-0.01442617774009701,0.013535517966374781,0.0
2008,Scranton - PA,2.0,2.5,-0.0022458075545728276,-0.03795427821576591,0.018582142656669035,0.5
2007,Scranton - PA,2.5,2.0,0.0022587208077311984,-0.07908307655900713,0.013090919936075805,-0.5
2006,Scranton - PA,2.0,2.0,-0.008011640980839698,-0.07126950702071184,0.0164736381266267,0.0
2018,Sarasota - FL,2.5,2.5,0.0011721327900887021,0.08208344955742347,0.05398458987474424,0.0
2017,Sarasota - FL,2.5,2.5,0.004046980291605003,0.164488678663969,0.10769586823880664,0.0
2016,Sarasota - FL,2.5,2.5,-0.0113232722505927,0.22606628338992588,0.13390168920159334,0.0
2015,Sarasota - FL,2.5,2.5,0.010525293648243006,0.0326491803750396,-0.029079358093440397,0.0
2014,Sarasota - FL,2.5,2.5,0.0188039429485798,0.0687132631912828,-0.004429536871611892,0.0
2013,Sarasota - FL,2.5,2.5,0.008758170530200001,0.0805747063830495,0.02322507742792381,0.0
2012,Sarasota - FL,2.5,2.5,0.006225010380148801,0.08515249250084161,0.03081111516803511,0.0
2011,Sarasota - FL,2.5,2.5,0.002651350107043999,0.07918834184855221,0.03298914525657891,0.0
2010,Sarasota - FL,2.5,2.5,0.007637683534994685,0.058725632689893205,0.046963767614215605,0.0
2009,Sarasota - FL,2.5,2.5,-0.012445835396647453,0.0161144617944955,0.044076157500967286,0.0
2008,Sarasota - FL,2.5,2.5,-0.020829590503126397,-0.0437100417166949,0.012826379155740034,0.0
2007,Sarasota - FL,2.5,2.5,-0.006494409404695001,-0.10893537837266931,-0.016761381877586363,0.0
2006,Sarasota - FL,2.5,2.5,0.0197772644460201,-0.1172239468097687,-0.029480801662430167,0.0
2018,Santa Rosa - CA,2.5,2.5,-0.024383875541388968,-0.054284216046333315,-0.08238307572901252,0.0
2017,Santa Rosa - CA,2.5,2.5,0.0324930287897587,-0.046273465402424385,-0.10306627582758668,0.0
2016,Santa Rosa - CA,2.5,2.5,0.017003659158945104,0.046985989876091414,-0.045178604312241084,0.0
2015,Santa Rosa - CA,2.5,2.5,0.041590373963117606,0.05249379620701072,-0.009234742261469267,0.0
2014,Santa Rosa - CA,2.5,2.5,0.038995627313852296,0.11760723828524342,0.044464438222348746,0.0
2013,Santa Rosa - CA,2.5,2.5,0.03435472957789901,0.16304844263941043,0.10569881368428474,0.0
2012,Santa Rosa - CA,2.5,2.5,0.0189032256603241,0.21877879613637918,0.1644374188035727,0.0
2011,Santa Rosa - CA,2.5,2.5,0.003222430590540202,0.1970468122661114,0.15084761567413812,0.0
2010,Santa Rosa - CA,2.5,2.5,0.006289120065048285,0.1488282521814108,0.1370663871057332,0.0
2009,Santa Rosa - CA,2.5,2.5,-0.020669957622885746,0.0738034375011921,0.1017651332076639,0.0
2008,Santa Rosa - CA,2.5,2.5,-0.0021324586123228073,-0.014436872601509096,0.04209954827092585,0.0
2007,Santa Rosa - CA,2.5,2.5,0.017925257794559002,-0.08656163641437892,0.005612360080704034,0.0
2006,Santa Rosa - CA,2.5,2.5,0.002104703336954103,-0.08310875293239961,0.004634392214938936,0.0
2018,Santa Barbara - CA,3.0,3.0,0.017739567905664506,0.06317131300270519,0.03507245332002598,0.0
2017,Santa Barbara - CA,3.0,3.0,0.010268457233905803,0.0974855831414458,0.04069277271628349,0.0
2016,Santa Barbara - CA,3.0,3.0,0.0039504840970039,0.1285009900778529,0.036336395889520395,0.0
2015,Santa Barbara - CA,3.0,3.0,0.025951948016882005,0.0820741034001112,0.020345564931631206,0.0
2014,Santa Barbara - CA,3.0,3.0,0.0214736796915531,0.13474589544534682,0.06160309538245211,0.0
2013,Santa Barbara - CA,3.0,3.0,0.0035915598273277005,0.136733765900135,0.07938413694500931,0.0
2012,Santa Barbara - CA,3.0,3.0,0.0003654919564724003,0.119577506199479,0.0652361288666725,0.0
2011,Santa Barbara - CA,3.0,3.0,0.0019088559783994978,0.1015323601812124,0.05533316358923911,0.0
2010,Santa Barbara - CA,3.0,3.0,0.001842311816290014,0.0650534005463123,0.0532915354706347,0.0
2009,Santa Barbara - CA,3.0,3.0,-0.023474017158150645,0.0012202035635709221,0.02918189927004271,0.0
2008,Santa Barbara - CA,3.0,2.5,0.001818631310015903,-0.07230221845209597,-0.015765797579661033,-0.5
2007,Santa Barbara - CA,2.5,3.0,0.016035634092986605,-0.10971272259205578,-0.01753872609697283,0.5
2006,Santa Barbara - CA,3.0,3.0,0.016934510320425,-0.08961172910779716,-0.0018685839604586259,0.0
2018,San Jose - CA,3.0,3.0,0.007078047841787401,-0.11769165205955504,-0.14579051174223423,0.0
2017,San Jose - CA,3.0,3.0,0.0087623223662377,-0.0648895577937364,-0.1216823682188987,0.0
2016,San Jose - CA,3.0,3.0,-0.030762885697185986,-0.0291559291332959,-0.1213205233216284,0.0
2015,San Jose - CA,3.0,3.0,0.03214562311768541,-0.07684012084454289,-0.1385686593130229,0.0
2014,San Jose - CA,3.0,3.0,0.0352350920438767,0.08023397303372631,0.007091172970831616,0.0
2013,San Jose - CA,3.0,3.0,0.0325467344373465,0.10980782862752692,0.05245819967240122,0.0
2012,San Jose - CA,3.0,3.0,0.028945468366146,0.13226826360076682,0.07792688626796032,0.0
2011,San Jose - CA,3.0,3.0,0.0280682225711644,0.14430922885984193,0.09811003226786863,0.0
2010,San Jose - CA,3.0,2.5,0.03889094782061879,0.1687030056118966,0.15694114053621902,-0.5
2009,San Jose - CA,2.5,2.5,-0.05260023288428785,0.13572476953268062,0.1636864652391524,0.0
2008,San Jose - CA,2.5,2.5,0.0009485133923590149,0.01931471943855291,0.07585114031098784,0.0
2007,San Jose - CA,2.5,2.5,0.04955018963664771,-0.04792107722908258,0.04425291926600036,0.0
2006,San Jose - CA,2.5,2.5,0.037101596593856805,-0.022885504610836473,0.06485764053650206,0.0
2018,San Francisco - CA,2.5,2.5,0.0021704733371735035,-0.19287712373957036,-0.22097598342224956,0.0
2017,San Francisco - CA,2.5,2.5,-0.009160560555756099,-0.137255255267024,-0.1940480656921863,0.0
2016,San Francisco - CA,2.5,2.5,-0.024746731272898607,-0.08009434633702041,-0.1722589405253529,0.0
2015,San Francisco - CA,2.5,2.5,0.028649780899286305,-0.11144204799737781,-0.1731705864658578,0.0
2014,San Francisco - CA,2.5,2.5,0.026901863515377,0.04667799563799049,-0.026464804424904204,0.0
2013,San Francisco - CA,2.5,2.5,0.019922370091080697,0.08116445487830778,0.0238148259231821,0.0
2012,San Francisco - CA,2.5,2.5,0.0270536355674266,0.09590810000989579,0.041566722677089295,0.0
2011,San Francisco - CA,2.5,2.5,0.022479765582829696,0.1239801153922453,0.07778091880027199,0.0
2010,San Francisco - CA,2.5,2.5,0.03706074994988738,0.13676928073167788,0.1250074156560003,0.0
2009,San Francisco - CA,2.5,2.5,-0.035793600603938144,0.10545668900012958,0.1334183847066014,0.0
2008,San Francisco - CA,2.5,2.5,0.024439062457531704,0.014186499714851298,0.07072292058728624,0.0
2007,San Francisco - CA,2.5,2.5,0.0400248160585761,-0.016934383541345698,0.07523961295373724,0.0
2006,San Francisco - CA,2.5,2.5,0.040738552808761604,0.0004676482975482024,0.08821079344488673,0.0
2018,San Diego - CA,2.5,3.0,0.004011813551187501,0.05128300082683558,0.02318414114415639,0.5
2017,San Diego - CA,3.0,3.0,0.012168604880571404,0.09115123176574698,0.034358421340584686,0.0
2016,San Diego - CA,3.0,3.0,0.013962909579277002,0.13049865278601638,0.03833405859768389,0.0
2015,San Diego - CA,3.0,3.0,0.0299599878489972,0.08461573299765579,0.022887194529175807,0.0
2014,San Diego - CA,3.0,3.0,0.016204729676246598,0.13380156415700908,0.06065876409411441,0.0
2013,San Diego - CA,3.0,2.5,0.012296305969357501,0.1336576744914054,0.0763080455362797,-0.5
2012,San Diego - CA,2.5,2.5,0.0092041902244091,0.13893391528725618,0.08459253795444971,0.0
2011,San Diego - CA,2.5,3.0,0.0033031017519534016,0.1278273198902607,0.0816281232982874,0.5
2010,San Diego - CA,3.0,2.5,-0.006642335574724715,0.0827301805466414,0.0709683154709638,-0.5
2009,San Diego - CA,2.5,2.5,0.0074258502572774505,0.0064042963407701,0.03436599204724189,0.0
2008,San Diego - CA,2.5,2.5,-0.004803183488547809,-0.0309493082441622,0.02558711262827274,0.0
2007,San Diego - CA,2.5,2.5,-0.003687457181513301,-0.08368637332471551,0.00848762317036743,0.0
2006,San Diego - CA,2.5,2.5,0.020178489387035405,-0.09214716938289351,-0.004404024235554971,0.0
2018,San Antonio - TX,2.5,2.5,-0.0022490359842776975,-0.02005324713140729,-0.04815210681408651,0.0
2017,San Antonio - TX,2.5,2.5,-0.013980383984744509,0.04509938774257901,-0.011693422682583303,0.0
2016,San Antonio - TX,2.5,2.5,-0.0106689790263772,0.0840404606163502,-0.008124133571982307,0.0
2015,San Antonio - TX,2.5,2.5,0.0053927302360535015,0.018593879871070397,-0.04313465859740961,0.0
2014,San Antonio - TX,2.5,2.5,0.0017046425491570975,0.05159728559851649,-0.021545514464378204,0.0
2013,San Antonio - TX,2.5,3.0,0.0,0.03754860274493688,-0.019801026210188807,0.5
2012,San Antonio - TX,3.0,2.5,0.007204309105873101,0.03678938710689539,-0.01755199022591111,-0.5
2011,San Antonio - TX,2.5,3.0,0.0063371234573424,0.0498318994566798,0.0036327028647065007,0.5
2010,San Antonio - TX,3.0,2.5,0.0039873265195637855,0.032400670424103696,0.0206388053484261,-0.5
2009,San Antonio - TX,2.5,2.5,0.009980399161577249,-0.008728294074535403,0.019233401631936382,0.0
2008,San Antonio - TX,2.5,2.5,0.0051419506780803065,-0.029027262628078403,0.027509158244356534,0.0
2007,San Antonio - TX,2.5,2.5,-0.0021668421104549997,-0.0595228875726461,0.03265110892243684,0.0
2006,San Antonio - TX,2.5,2.5,-0.009798120707273497,-0.0644631874412298,0.02327995770610874,0.0
2018,Salt Lake City - UT,2.5,2.5,0.00017431005835530367,0.02355229840427621,-0.004546561278402996,0.0
2017,Salt Lake City - UT,2.5,3.0,0.003338044509291701,0.08733488605916481,0.03054207563400251,0.5
2016,Salt Lake City - UT,3.0,3.0,0.011399656534194903,0.1279898448586462,0.03582525067031371,0.0
2015,Salt Lake City - UT,3.0,3.0,0.005915585905313506,0.0628807241916655,0.0011521857231855098,0.0
2014,Salt Lake City - UT,3.0,3.0,-0.00042424350976940153,0.0867400127947329,0.013597212731838214,0.0
2013,Salt Lake City - UT,3.0,3.0,0.004133751615881899,0.07775298245251169,0.020403353497386013,0.0
2012,Salt Lake City - UT,3.0,2.5,0.007674042135477,0.0787041723877191,0.02436279505491261,-0.5
2011,Salt Lake City - UT,2.5,3.0,0.004165332298725899,0.0748979892730712,0.028698792681097908,0.5
2010,Salt Lake City - UT,3.0,2.5,-0.018701630411669615,0.033226333521306495,0.021464468445628906,-0.5
2009,Salt Lake City - UT,2.5,2.5,-0.007401740178465843,-0.031114443577826008,-0.0031527478713542154,0.0
2008,Salt Lake City - UT,2.5,2.5,0.028837088029831606,-0.0666666654124856,-0.010130244540050657,0.0
2007,Salt Lake City - UT,2.5,2.5,0.062830931507051,-0.0776009046211839,0.01457309187389905,0.0
2006,Salt Lake City - UT,2.5,2.5,0.006159611046314205,-0.018013163901865494,0.06972998124547305,0.0
2018,Salinas - CA,3.5,3.5,0.014582943171262804,0.03719367165863511,0.009094811975955894,0.0
2017,Salinas - CA,3.5,3.0,0.0425989516079426,0.05844717086851601,0.0016543604433536946,-0.5
2016,Salinas - CA,3.0,3.5,0.0329707786440849,0.1557304463088513,0.0635658521205188,0.5
2015,Salinas - CA,3.5,3.5,0.0502169318497181,0.1676226290762425,0.1058940906077625,0.0
2014,Salinas - CA,3.5,3.0,0.013631340116262398,0.2165770787298679,0.1434342786669732,-0.5
2013,Salinas - CA,3.0,3.5,0.0022187326103449007,0.2113505743443965,0.1540009453892708,0.5
2012,Salinas - CA,3.5,3.5,0.0030358918011187987,0.1959781121611594,0.1416367348283529,0.0
2011,Salinas - CA,3.5,3.5,-0.002009324263781278,0.1482728716135024,0.1020736750215291,0.0
2010,Salinas - CA,3.5,3.5,0.003611325519159384,0.07885543718934052,0.06709357211366292,0.0
2009,Salinas - CA,3.5,3.0,-0.020808534696698244,-0.007473729923367582,0.020487965783104203,-0.5
2008,Salinas - CA,3.0,3.0,0.012291108723729804,-0.07048832990229137,-0.01395190902985644,0.0
2007,Salinas - CA,3.0,3.0,0.010013553313911001,-0.09605352941155448,-0.0038795329164715373,0.0
2006,Salinas - CA,3.0,3.0,0.008627243340015404,-0.08464501655101787,0.003098128596320665,0.0
2018,Saint Louis - MO,2.5,2.5,-0.009401356801390596,0.009001931965351088,-0.01909692771732812,0.0
2017,Saint Louis - MO,2.5,2.5,-0.011957833543419798,0.03055961789190769,-0.026233192533254616,0.0
2016,Saint Louis - MO,2.5,2.5,-0.006195804104208901,0.050788541764020895,-0.04137605242431161,0.0
2015,Saint Louis - MO,2.5,2.5,0.0032013207674027044,0.0322532704919577,-0.029475267976522303,0.0
2014,Saint Louis - MO,2.5,2.5,-0.010523706208914511,0.054699604913592395,-0.0184431951493023,0.0
2013,Saint Louis - MO,2.5,2.5,-0.004198133945465098,0.022472249064594586,-0.03487737989053111,0.0
2012,Saint Louis - MO,2.5,2.5,-0.0046917479485274,0.02466722029820089,-0.029674157034605606,0.0
2011,Saint Louis - MO,2.5,2.5,-0.003048028331249921,0.02379112515226009,-0.02240807143971321,0.0
2010,Saint Louis - MO,2.5,2.5,-0.003083988325670365,-0.0074984305910766325,-0.01926029566675423,0.0
2009,Saint Louis - MO,2.5,2.5,0.011135404929518651,-0.053507300466299076,-0.025545604759827298,0.0
2008,Saint Louis - MO,2.5,2.5,-0.004613414173945785,-0.06042291449382907,-0.0038864936213941353,0.0
2007,Saint Louis - MO,2.5,2.5,-0.0091079035773873,-0.09647577034495776,-0.004301773849874822,0.0
2006,Saint Louis - MO,2.5,2.5,-0.019360169768333397,-0.09646107462607326,-0.008717929478734721,0.0
2018,Sacramento - CA,2.5,2.5,0.017953634262085003,0.03436847994849069,0.006269620265811467,0.0
2017,Sacramento - CA,2.5,2.5,0.039545584470033694,0.09839718402922139,0.04160437360405907,0.0
2016,Sacramento - CA,2.5,2.5,0.0495546236634254,0.2053605816066264,0.11319598741829387,0.0
2015,Sacramento - CA,2.5,2.5,0.053140077739954,0.2085036369860172,0.14677509851753717,0.0
2014,Sacramento - CA,2.5,2.5,0.017762314528226898,0.2462320472598075,0.1730892471969128,0.0
2013,Sacramento - CA,2.5,3.0,0.010521279647946403,0.2353058636188507,0.17795623466372498,0.5
2012,Sacramento - CA,3.0,2.5,-0.0031904103234410997,0.22486525738239288,0.17052388004958638,-0.5
2011,Sacramento - CA,2.5,3.0,0.0013616052456200019,0.1739870818480849,0.1277878852561116,0.5
2010,Sacramento - CA,3.0,3.0,-0.00581621419405565,0.0913567319139838,0.0795948668383062,0.0
2009,Sacramento - CA,3.0,2.5,-0.014439826831221553,-0.007323120802175231,0.020638574904296554,-0.5
2008,Sacramento - CA,2.5,2.5,-0.006929912953637533,-0.06809998732758683,-0.011563566455151898,0.0
2007,Sacramento - CA,2.5,2.5,-0.0044578993692994,-0.12118875555181877,-0.029014759056735832,0.0
2006,Sacramento - CA,2.5,2.5,-0.0070398040115833005,-0.11802539324993266,-0.030282248102594132,0.0
2018,Rockford - IL,2.5,2.5,0.005286559462547302,0.0462043386399745,0.018105478957295282,0.0
2017,Rockford - IL,2.5,2.5,-0.0012056808918714003,0.03906883472204199,-0.01772397570312032,0.0
2016,Rockford - IL,2.5,2.5,0.0026304926723241997,0.0652292552143335,-0.026935338973999016,0.0
2015,Rockford - IL,2.5,2.5,-0.021183302626013697,0.065970580548048,0.0042420420795679925,0.0
2014,Rockford - IL,2.5,2.5,-0.009066715836524962,0.0550034768432379,-0.018139323219656802,0.0
2013,Rockford - IL,2.5,2.5,-0.005432998761534701,0.03381098173558714,-0.023538647219538557,0.0
2012,Rockford - IL,2.5,2.5,-0.00823466200381522,0.020083171889185937,-0.034258205443620564,0.0
2011,Rockford - IL,2.5,2.5,-0.006226123310625522,0.004912010036408919,-0.04128718655556438,0.0
2010,Rockford - IL,2.5,2.5,-0.0030710471328347956,-0.0383819374628365,-0.0501438025385141,0.0
2009,Rockford - IL,2.5,2.5,0.00944988243281835,-0.05999324275180699,-0.0320315470453352,0.0
2008,Rockford - IL,2.5,2.5,0.005178062710911004,-0.07005136964842683,-0.013514948775991888,0.0
2007,Rockford - IL,2.5,2.5,-0.0056761214509606,-0.09507788379862912,-0.002903887303546182,0.0
2006,Rockford - IL,2.5,2.5,-0.0180676877498627,-0.0880884918980301,-0.0003453467506915626,0.0
2018,Rochester - NY,2.0,2.0,-0.006883936002850498,0.04629171718657019,0.018192857503890988,0.0
2017,Rochester - NY,2.0,2.0,0.006636925041675602,0.040396971493959495,-0.01639583893120281,0.0
2016,Rochester - NY,2.0,2.0,-0.0007282197475433003,0.0731694674789906,-0.018995126709341902,0.0
2015,Rochester - NY,2.0,2.0,-0.0016182400286196968,0.06005730804800989,-0.0016712304204701024,0.0
2014,Rochester - NY,2.0,2.0,-0.01678050670307129,0.0594446356892586,-0.013698164373636097,0.0
2013,Rochester - NY,2.0,2.0,-0.0066807167604566,0.037975651514716505,-0.019373977440409182,0.0
2012,Rochester - NY,2.0,2.0,-0.0099275149405003,0.035170619134791206,-0.019170758198015288,0.0
2011,Rochester - NY,2.0,2.0,-0.00497178733348843,0.010463998411782109,-0.03573519818019119,0.0
2010,Rochester - NY,2.0,2.0,0.009628177853301185,-0.02821690069045872,-0.03997876576613632,0.0
2009,Rochester - NY,2.0,2.0,0.0024822894483804495,-0.05669404359068722,-0.028732347884215435,0.0
2008,Rochester - NY,2.0,2.0,-0.001045714132487774,-0.06600597260519864,-0.009469551732763695,0.0
2007,Rochester - NY,2.0,2.0,0.003586291335523099,-0.09600854559987781,-0.0038345491047948686,0.0
2006,Rochester - NY,2.0,2.0,-0.008585812523961098,-0.07806388797611001,0.00967925717122853,0.0
2018,Richmond - VA,2.5,2.5,0.003719847649335903,0.04299010135978458,0.014891241677105382,0.0
2017,Richmond - VA,2.5,2.5,0.018957350403070502,0.08128852942585948,0.024495719000697184,0.0
2016,Richmond - VA,2.5,2.5,0.0,0.1412547952234746,0.049090201035142084,0.0
2015,Richmond - VA,2.5,2.5,0.004027005285024705,0.096968788176775,0.03524024970829499,0.0
2014,Richmond - VA,2.5,2.5,-0.0024614455178380013,0.1031906302571297,0.030047830194235004,0.0
2013,Richmond - VA,2.5,2.5,0.002161625772714601,0.0815923867747188,0.02424275781959311,0.0
2012,Richmond - VA,2.5,2.5,-0.00587720517069106,0.0770259132757783,0.022684535942971804,0.0
2011,Richmond - VA,2.5,2.5,-0.005499923136085241,0.04404917696118354,-0.0021500196307897568,0.0
2010,Richmond - VA,2.5,2.5,-0.019191732397303016,0.004111922308802599,-0.007649942766874997,0.0
2009,Richmond - VA,2.5,2.5,0.01945631951093675,-0.058830376155674505,-0.03086868044920272,0.0
2008,Richmond - VA,2.5,2.5,0.0015000146813690662,-0.06548733629286291,-0.008950915420427967,0.0
2007,Richmond - VA,2.5,2.5,-0.003668804652988902,-0.10178652300685644,-0.009612526511773502,0.0
2006,Richmond - VA,2.5,2.5,0.004798434674739803,-0.09514727114140989,-0.007404125994071344,0.0
2018,Reno - NV,2.5,2.5,0.0359362997114659,-0.04225858594477177,-0.070357445627451,0.0
2017,Reno - NV,2.5,2.5,0.039683502167463296,0.06006609635055073,0.0032732859253884056,0.0
2016,Reno - NV,2.5,2.5,0.043721348047256504,0.1805421164929867,0.08837752230465419,0.0
2015,Reno - NV,2.5,2.5,0.0207604430615902,0.2051085862219334,0.1433800477534534,0.0
2014,Reno - NV,2.5,2.5,0.0105483159422874,0.2116576987802982,0.1385148987174035,0.0
2013,Reno - NV,2.5,2.5,0.0095974300056696,0.207999537885189,0.1506499089300633,0.0
2012,Reno - NV,2.5,2.5,-0.0006474340334534992,0.1786524165570735,0.124311039224267,0.0
2011,Reno - NV,2.5,2.5,0.0024985964410007,0.1301792996153235,0.08398010302335021,0.0
2010,Reno - NV,2.5,2.5,-0.00560373300686479,0.054519216492772006,0.04275735141709441,0.0
2009,Reno - NV,2.5,2.5,-0.034812955185771044,-0.011568520357832367,0.016393175348639415,0.0
2008,Reno - NV,2.5,2.5,-0.005929266801103943,-0.08550451665185396,-0.02896809577941903,0.0
2007,Reno - NV,2.5,2.5,0.008426814340055001,-0.1366687890812755,-0.04449479258619257,0.0
2006,Reno - NV,2.5,2.5,0.0180597119033337,-0.12316368936002262,-0.03542054421268408,0.0
2018,Reading - PA,2.5,2.5,0.005961932241916705,0.05839923661947249,0.030300376936793282,0.0
2017,Reading - PA,2.5,2.5,0.010916117578744899,0.07271373072266579,0.01592092029750349,0.0
2016,Reading - PA,2.5,2.5,0.008566983044147504,0.1201594224870205,0.02799482829868799,0.0
2015,Reading - PA,2.5,2.5,-0.002913441509008397,0.1184067982137203,0.05667825974524031,0.0
2014,Reading - PA,2.5,2.5,0.0017377734184264998,0.1016263026297092,0.028483502566814506,0.0
2013,Reading - PA,2.5,2.5,-0.004355777055025101,0.0816189937293529,0.02426936477422721,0.0
2012,Reading - PA,2.5,2.5,-0.0050516547635198,0.0682930328100919,0.013951655477285404,0.0
2011,Reading - PA,2.5,2.5,0.00011411076411610085,0.044183079726994,-0.002016116864979295,0.0
2010,Reading - PA,2.5,2.5,0.010647480608895386,0.0012928759306668966,-0.010468989145010698,0.0
2009,Reading - PA,2.5,2.5,0.0008112937211990495,-0.0248697627335787,0.003091932972893086,0.0
2008,Reading - PA,2.5,2.5,-0.001387609168887135,-0.05437096759676931,0.0021654532756656356,0.0
2007,Reading - PA,2.5,2.5,0.004397003911435602,-0.08704037533327934,0.0051336211618036014,0.0
2006,Reading - PA,2.5,2.5,-0.006210766732692698,-0.07316086531057954,0.014582279836759004,0.0
2018,Raleigh - NC,2.5,2.5,0.008648574352264404,0.0541792594343421,0.02608039975166289,0.0
2017,Raleigh - NC,2.5,2.5,-0.0058996975421905,0.14024138623476,0.08344857580959769,0.0
2016,Raleigh - NC,2.5,2.5,-0.0003338772803544998,0.17339220035076108,0.08122760616242859,0.0
2015,Raleigh - NC,2.5,2.5,0.021310642361641,0.07303408299386499,0.011305544525384997,0.0
2014,Raleigh - NC,2.5,2.5,0.0033351853489876,0.11302969004213809,0.039886889979243396,0.0
2013,Raleigh - NC,2.5,2.5,0.0022558420896530013,0.08441045619547369,0.027060827240348004,0.0
2012,Raleigh - NC,2.5,2.5,0.013718327507376601,0.0750094723105431,0.0206680949777366,0.0
2011,Raleigh - NC,2.5,2.5,0.017507305834442398,0.086485316619277,0.0402861200273037,0.0
2010,Raleigh - NC,2.5,2.5,0.022781201871111986,0.0698891682177782,0.0581273031421006,0.0
2009,Raleigh - NC,2.5,2.5,-0.003969727084040652,0.0316361669450998,0.05959786265157159,0.0
2008,Raleigh - NC,2.5,2.5,-0.005065186414867633,-0.004243470653891603,0.052292950218543334,0.0
2007,Raleigh - NC,2.5,2.5,0.0006776703521609983,-0.04720207478106024,0.0449719217140227,0.0
2006,Raleigh - NC,2.5,2.5,-0.003750216215848895,-0.05581188058853144,0.0319312645588071,0.0
2018,Racine - WI,2.5,2.5,-0.0024321842938660986,-0.05221307291835542,-0.08031193260103463,0.0
2017,Racine - WI,2.5,2.5,0.004618063569068902,-0.04564775074273342,-0.10244056116789572,0.0
2016,Racine - WI,2.5,2.5,-0.0009694769978523012,0.008124635063111781,-0.08403995912522072,0.0
2015,Racine - WI,2.5,2.5,-0.004738237708806898,0.02881219097226858,-0.03291634749621142,0.0
2014,Racine - WI,2.5,2.5,-0.00844661332666873,0.06169900815188889,-0.0114437919110058,0.0
2013,Racine - WI,2.5,2.5,-0.0067437291145325,0.04538118019700056,-0.011968448758125126,0.0
2012,Racine - WI,2.5,2.5,-0.0009202640503644995,0.038061383754014966,-0.016279993578791528,0.0
2011,Racine - WI,2.5,2.5,-0.002035244833677983,0.024380875393748364,-0.02181832119822493,0.0
2010,Racine - WI,2.5,2.5,-0.004074218217283496,-0.01112222395837302,-0.022884089034050613,0.0
2009,Racine - WI,2.5,2.5,0.00890072062611575,-0.050181765248999,-0.02222006954252721,0.0
2008,Racine - WI,2.5,2.0,0.005867615807801506,-0.06140915646217767,-0.004872735589742728,-0.5
2007,Racine - WI,2.0,2.5,-0.0055007981136441005,-0.08443538716249166,0.007738609332591278,0.5
2006,Racine - WI,2.5,2.5,-0.0186599101871252,-0.08458506987802686,0.003158075269311677,0.0
2018,Providence - RI,2.0,2.0,0.0019258968532086043,0.05003751334548,0.02193865366280079,0.0
2017,Providence - RI,2.0,2.0,0.010711941868066798,0.051957039028406204,-0.004835771396756108,0.0
2016,Providence - RI,2.0,2.0,0.002548260614275903,0.0918946689665318,-0.00026992522180070873,0.0
2015,Providence - RI,2.0,2.5,0.0168426372110844,0.07117125530540941,0.009442716836929401,0.5
2014,Providence - RI,2.5,2.5,-0.004018472507596002,0.1016089297384023,0.0284661296755076,0.0
2013,Providence - RI,2.5,2.5,0.001475460827350599,0.0853598929941654,0.028010264039039702,0.0
2012,Providence - RI,2.5,2.5,-0.00939311319962148,0.08190120534598819,0.0275598280131817,0.0
2011,Providence - RI,2.5,2.0,-0.00458299322053787,0.05365396953746671,0.00745477294549342,-0.5
2010,Providence - RI,2.0,2.0,0.009703551651909986,0.01208538418635724,0.0003235191106796473,0.0
2009,Providence - RI,2.0,2.0,0.001737337559461552,-0.03477726215496656,-0.006815566448494768,0.0
2008,Providence - RI,2.0,2.0,-0.0026883380487561226,-0.05759617725387215,-0.0010597563814372137,0.0
2007,Providence - RI,2.0,2.5,0.0020980304107069987,-0.09739755175262688,-0.005223555257543935,0.5
2006,Providence - RI,2.5,2.5,-0.009971059858798998,-0.081475556794554,0.006267588352784544,0.0
2018,Portland - OR,2.5,2.5,-0.004168558865785595,-0.036307967409491604,-0.0644068270921708,0.0
2017,Portland - OR,2.5,2.5,-0.005113461986184099,0.025155373714864204,-0.0316374367102981,0.0
2016,Portland - OR,2.5,2.5,-0.0003849118947982996,0.054934991963207704,-0.037229602225124794,0.0
2015,Portland - OR,2.5,2.5,0.0453915558755398,0.0312365111783146,-0.030492027290165393,0.0
2014,Portland - OR,2.5,2.5,0.0196967869997025,0.1045192084759473,0.0313764084130526,0.0
2013,Portland - OR,2.5,2.5,0.014095222577452698,0.11277103908359999,0.055421410128474305,0.0
2012,Portland - OR,2.5,2.5,0.010485824197530701,0.12802656890451908,0.0736851915717126,0.0
2011,Portland - OR,2.5,2.5,0.006507214624434699,0.1354836743474007,0.0892844777554274,0.0
2010,Portland - OR,2.5,2.5,0.011626913445070386,0.10793846935033799,0.0961766042746604,0.0
2009,Portland - OR,2.5,2.5,-0.013777745887637152,0.03445026613771919,0.06241196184419098,0.0
2008,Portland - OR,2.5,2.5,0.009167203214019506,-0.02759899191558361,0.028937428956851332,0.0
2007,Portland - OR,2.5,2.5,0.022912747226655504,-0.0681645869016648,0.02400940959341814,0.0
2006,Portland - OR,2.5,2.5,-0.0015480220317840993,-0.0513068125247956,0.03643633262254294,0.0
2018,Portland - ME,2.0,2.0,-0.0031644701957701978,0.000738876730203588,-0.027359982952475617,0.0
2017,Portland - ME,2.0,2.0,-0.012023476883768999,0.02626835727691649,-0.03052445314824581,0.0
2016,Portland - ME,2.0,2.0,-0.008943878114223501,0.04296209241449829,-0.04920250177383421,0.0
2015,Portland - ME,2.0,2.5,0.003940965980291401,0.04829862479865549,-0.013429913669824505,0.5
2014,Portland - ME,2.5,2.0,0.0032211169600487,0.05658105532824989,-0.0165617447346448,-0.5
2013,Portland - ME,2.0,2.0,0.0033791922032832995,0.040379886701703095,-0.0169697422534226,0.0
2012,Portland - ME,2.0,2.0,-0.0051723830401898,0.04391529747843739,-0.0104260798543691,0.0
2011,Portland - ME,2.0,2.0,0.004835115280002401,0.042624210581183396,-0.0035749860107899007,0.0
2010,Portland - ME,2.0,2.0,0.009972560452297285,0.021965872459113595,0.010204007383436001,0.0
2009,Portland - ME,2.0,2.0,-0.0020616780966520483,-0.011726093851029903,0.016235601855441886,0.0
2008,Portland - ME,2.0,2.0,0.0009865849278867245,-0.0455836140736938,0.010952806798741136,0.0
2007,Portland - ME,2.0,2.0,0.0018308265134692001,-0.08361379697173837,0.008560199523344561,0.0
2006,Portland - ME,2.0,2.0,-0.008988248184323297,-0.07217973607033498,0.015563409077003562,0.0
2018,Pittsburgh - PA,2.0,2.0,0.003403618931770304,-0.04307746086455888,-0.07117632054723809,0.0
2017,Pittsburgh - PA,2.0,2.0,-0.012882687151432,0.002329113526269695,-0.05446369689889261,0.0
2016,Pittsburgh - PA,2.0,2.0,-0.0103212352842092,0.019956035746261393,-0.07220855844207111,0.0
2015,Pittsburgh - PA,2.0,2.0,-0.010842170566320398,0.010156886873766794,-0.051571651594713205,0.0
2014,Pittsburgh - PA,2.0,2.0,-0.01293946569785475,0.0384555920511484,-0.034687208011746296,0.0
2013,Pittsburgh - PA,2.0,2.0,-0.0088667143136263,0.013767689187079648,-0.043581939768046044,0.0
2012,Pittsburgh - PA,2.0,2.0,-0.00641552545130257,-0.0015108956806361516,-0.055852273013442644,0.0
2011,Pittsburgh - PA,2.0,2.0,0.00018639443442229967,-0.0031859147213399216,-0.04938511131331322,0.0
2010,Pittsburgh - PA,2.0,2.0,0.011747683631256185,-0.027115616519004123,-0.03887748159468172,0.0
2009,Pittsburgh - PA,2.0,2.0,0.01608156692236665,-0.04424932310357692,-0.016287627397105132,0.0
2008,Pittsburgh - PA,2.0,2.0,0.0007765400223433937,-0.04380301564931867,0.012733405223116267,0.0
2007,Pittsburgh - PA,2.0,2.0,-0.004716281779110399,-0.06979733693599699,0.022376659559085958,0.0
2006,Pittsburgh - PA,2.0,2.0,-0.0181056503206492,-0.06366724191606041,0.02407590323127813,0.0
2018,Phoenix - AZ,2.5,2.5,0.0349018163979054,0.07710545169934635,0.04900659201666712,0.0
2017,Phoenix - AZ,2.5,3.0,0.0167899504303933,0.18442373476549995,0.12763092434033763,0.5
2016,Phoenix - AZ,3.0,3.0,0.0144497267901897,0.2802919684648515,0.188127374276519,0.0
2015,Phoenix - AZ,3.0,3.0,0.021929290145635702,0.1870724889338016,0.1253439504653216,0.0
2014,Phoenix - AZ,3.0,3.0,0.010355113074183499,0.1960769440531731,0.12293414399027841,0.0
2013,Phoenix - AZ,3.0,3.0,0.0026069302111863986,0.1557755257934333,0.0984258968383076,0.0
2012,Phoenix - AZ,3.0,3.0,0.0024326369166374,0.12047238798439511,0.0661310106515886,0.0
2011,Phoenix - AZ,3.0,3.0,0.0022042742930353,0.097972893729806,0.051773697137832704,0.0
2010,Phoenix - AZ,3.0,3.0,0.009856297867372583,0.051290109716355906,0.039528244640678306,0.0
2009,Phoenix - AZ,3.0,3.0,-0.03793044202029705,-0.0005064433440565945,0.027455252362415184,0.0
2008,Phoenix - AZ,3.0,3.0,-0.043564428109675694,-0.07736672360450031,-0.020830302732065365,0.0
2007,Phoenix - AZ,3.0,2.5,-0.0072997203096747,-0.1591756575480104,-0.06700166105292746,-0.5
2006,Phoenix - AZ,2.5,2.5,0.0173813179135322,-0.16447716342657812,-0.07673401827923956,0.0
2018,Philadelphia - PA,2.5,2.0,0.0012753717601299008,0.006315576702356492,-0.021783282980322716,-0.5
2017,Philadelphia - PA,2.0,2.5,-0.0026524551212787004,0.03636658178269869,-0.020426228642463615,0.5
2016,Philadelphia - PA,2.5,2.5,-0.005424922332167601,0.07906071420013909,-0.013103879988193415,0.0
2015,Philadelphia - PA,2.5,2.5,-0.0007966402918099975,0.043139297038316794,-0.018589241430163207,0.0
2014,Philadelphia - PA,2.5,2.5,-0.004743907600641202,0.0660177725851536,-0.007125027477741103,0.0
2013,Philadelphia - PA,2.5,2.5,-0.0074221072718501,0.04500707536935809,-0.0123425535857676,0.0
2012,Philadelphia - PA,2.5,2.5,-0.0026750527322293004,0.0333013447150589,-0.021040032617747603,0.0
2011,Philadelphia - PA,2.5,2.5,-0.0018698624335229085,0.025136566363275097,-0.0210626302286982,0.0
2010,Philadelphia - PA,2.5,2.5,0.018809308530762785,-0.0057457052543759095,-0.01750757033005351,0.0
2009,Philadelphia - PA,2.5,2.5,0.02862770168576388,-0.02586331721395251,0.0020983784925192733,0.0
2008,Philadelphia - PA,2.5,2.5,0.013832307886332305,-0.021066433093510577,0.03546998777892436,0.0
2007,Philadelphia - PA,2.5,2.0,0.006291869096457998,-0.03544959355797618,0.05672440293710676,-0.5
2006,Philadelphia - PA,2.0,2.5,-0.016539311036467597,-0.02205182038154448,0.06569132476579406,0.5
2006,Peoria - IL,2.5,2.0,-0.0179049652069807,-0.08519657977297906,0.002546565374359478,-0.5
2018,Pensacola - FL,2.5,2.5,0.02485516294837,0.011765203297137997,-0.016333656385541212,0.0
2017,Pensacola - FL,2.5,2.5,0.005269585177302402,0.10150053338706469,0.04470772296190239,0.0
2016,Pensacola - FL,2.5,2.5,-0.008481692522764199,0.1587092946022747,0.0665447004139422,0.0
2015,Pensacola - FL,2.5,2.5,0.019514180719852503,0.1077460734993219,0.046017535030841904,0.0
2014,Pensacola - FL,2.5,2.5,-0.0139182680286467,0.1253140136152506,0.052171213552355905,0.0
2013,Pensacola - FL,2.5,2.5,-0.00003529526293279822,0.0845885972492397,0.027238968294114003,0.0
2012,Pensacola - FL,2.5,3.0,0.0017580427229403998,0.0566898874156177,0.002348510082811204,0.5
2011,Pensacola - FL,3.0,2.5,-0.00044093793258069905,0.045036164220422496,-0.0011630323715507984,-0.5
2010,Pensacola - FL,2.5,2.5,0.0058322448749094855,0.018639587294310297,0.0068777222186327015,0.0
2009,Pensacola - FL,2.5,2.5,-0.0034171920269727464,-0.034765909332782105,-0.006804213626310316,0.0
2008,Pensacola - FL,2.5,2.5,-0.026973436120897497,-0.052839558497071296,0.003696862375363638,0.0
2007,Pensacola - FL,2.5,2.5,-0.005914057604968501,-0.115415274977684,-0.02324127848260106,0.0
2006,Pensacola - FL,2.5,2.5,0.021803744137287105,-0.1186565239578485,-0.03091337881050996,0.0
2018,Orlando - FL,2.5,2.5,0.006729763001203606,0.054568858675659165,0.026469998992979964,0.0
2017,Orlando - FL,2.5,2.5,0.028638571500778205,0.142404385708273,0.08561157528311067,0.0
2016,Orlando - FL,2.5,2.5,0.007996488362550699,0.19283137514442258,0.10066678095609008,0.0
2015,Orlando - FL,2.5,2.5,0.02452727034688,0.06722135328501466,0.005492814816534665,0.0
2014,Orlando - FL,2.5,2.5,0.010681647807359699,0.1375097814500332,0.0643669813871385,0.0
2013,Orlando - FL,2.5,2.5,0.006450751796364802,0.1359233699738979,0.07857374101877221,0.0
2012,Orlando - FL,2.5,2.5,0.006223544478416401,0.1326361071467399,0.0782947298139334,0.0
2011,Orlando - FL,2.5,2.5,0.005863000173121701,0.10207889938354489,0.0558797027915716,0.0
2010,Orlando - FL,2.5,2.5,-0.006378151112585332,0.0655080796778202,0.05374621460214261,0.0
2009,Orlando - FL,2.5,2.5,-0.010446922853589044,-0.005120902563794515,0.022840793142677274,0.0
2008,Orlando - FL,2.5,2.5,-0.028073003981262397,-0.05482419839070641,0.0017122224817285314,0.0
2007,Orlando - FL,2.5,2.5,-0.02113345405086873,-0.12498552979098161,-0.03281153329589867,0.0
2006,Orlando - FL,2.5,2.5,0.0335502848029137,-0.14791167697252233,-0.060168531825183794,0.0
2018,Omaha - NE,2.5,2.5,-0.004342442378401697,0.00974836093187331,-0.018350498750805903,0.0
2017,Omaha - NE,2.5,2.5,-0.006792815402150099,0.027004936575889614,-0.0297878738492727,0.0
2016,Omaha - NE,2.5,2.5,-0.006770323961973201,0.03269598956406121,-0.05946860462427131,0.0
2015,Omaha - NE,2.5,2.5,0.003222923725843506,0.027112612023949604,-0.034615926444530404,0.0
2014,Omaha - NE,2.5,2.5,-0.007130301557481301,0.05577912884950641,-0.017363671213388297,0.0
2013,Omaha - NE,2.5,2.5,-0.004209974780678801,0.03553666938096291,-0.021812959574162794,0.0
2012,Omaha - NE,2.5,2.0,-0.0053950361907483,0.032660885356366604,-0.021680491976439897,-0.5
2011,Omaha - NE,2.0,2.5,-0.0016346764750778398,0.025916483826935205,-0.020282712765038097,0.5
2010,Omaha - NE,2.5,2.5,-0.005127779557369655,-0.003385200202465133,-0.015147065278142736,0.0
2009,Omaha - NE,2.5,2.0,0.005764020606875451,-0.05145946426782768,-0.023497768561355895,-0.5
2008,Omaha - NE,2.0,2.5,0.0052346778102219035,-0.06713986726943408,-0.010603446396999144,0.5
2007,Omaha - NE,2.5,2.5,-0.004284090362489201,-0.09333279030118138,-0.0011587938060984397,0.0
2006,Omaha - NE,2.5,2.5,-0.0191444922238588,-0.08779099312517788,-0.000047847977839340916,0.0
2018,Olympia - WA,2.5,2.5,0.0122619196772576,0.0162624128609895,-0.011836446821689713,0.0
2017,Olympia - WA,2.5,2.5,0.023000765591859904,0.055712159588933,-0.001080650836229314,0.0
2016,Olympia - WA,2.5,2.5,0.028517607599496807,0.13915464419126522,0.046990050002932694,0.0
2015,Olympia - WA,2.5,2.5,0.0277131907641888,0.1561871948540211,0.0944586563855411,0.0
2014,Olympia - WA,2.5,2.5,0.003699498251080499,0.1742032464146614,0.10106044635176671,0.0
2013,Olympia - WA,2.5,2.5,0.0085565019398928,0.1525426108390093,0.09519298188388362,0.0
2012,Olympia - WA,2.5,2.5,-0.0074230302125216,0.14582894147932532,0.09148756414651882,0.0
2011,Olympia - WA,2.5,2.5,-0.00303378095850345,0.10726296493411061,0.06106376834213731,0.0
2010,Olympia - WA,2.5,2.5,0.007691295119002484,0.04127424485981465,0.029512379784137052,0.0
2009,Olympia - WA,2.5,2.5,-0.02981484122574335,-0.01847121156752105,0.009490484138950733,0.0
2008,Olympia - WA,2.5,2.5,0.0007858085446059739,-0.08056027621030805,-0.024023855337873115,0.0
2007,Olympia - WA,2.5,2.5,0.0189991435036063,-0.12396854522824288,-0.03179454873315994,0.0
2006,Olympia - WA,2.5,2.5,0.0215392187237739,-0.09311552016437058,-0.005372375017032041,0.0
2018,Oklahoma City - OK,2.5,2.5,-0.0008617565035819938,0.026131977185606982,-0.001966882497072218,0.0
2017,Oklahoma City - OK,2.5,2.5,-0.011062343604862699,0.05101017454266549,-0.005782635882496811,0.0
2016,Oklahoma City - OK,2.5,2.5,-0.030031038913875818,0.07603485181182619,-0.016129742376506308,0.0
2015,Oklahoma City - OK,2.5,2.5,-0.020155589096248098,0.020815819490700875,-0.040912718977779115,0.0
2014,Oklahoma City - OK,2.5,2.5,0.0,0.011498150464147277,-0.061644649598747416,0.0
2013,Oklahoma City - OK,2.5,2.5,0.009262856096029299,-0.004761099163442922,-0.06211072811856861,0.0
2012,Oklahoma City - OK,2.5,2.5,0.009281061589717799,0.0023552618138491747,-0.051986115518957314,0.0
2011,Oklahoma City - OK,2.5,2.5,0.002595816273242301,0.014556486267596473,-0.03164271032437682,0.0
2010,Oklahoma City - OK,2.5,2.5,-0.005451661185361445,0.012746009938418894,0.0009841448627413013,0.0
2009,Oklahoma City - OK,2.5,2.5,0.002516027539968449,-0.012273622932843835,0.015688072773627954,0.0
2008,Oklahoma City - OK,2.5,2.5,0.021760591771453605,-0.038332320558838534,0.018204100313596403,0.0
2007,Oklahoma City - OK,2.5,2.5,0.008240382187068502,-0.06147216050606223,0.03070183598902071,0.0
2006,Oklahoma City - OK,2.5,2.5,-0.021573079749941798,-0.058081988560967135,0.029661156586371414,0.0
2018,Ogden - UT,3.0,3.0,0.0210041031241417,0.025008922301232528,-0.0030899373814466703,0.0
2017,Ogden - UT,3.0,3.0,0.0191914178431034,0.10426818007230729,0.047475369647144994,0.0
2016,Ogden - UT,3.0,3.0,-0.0032316893339157,0.1704239784479138,0.07825938425958129,0.0
2015,Ogden - UT,3.0,3.0,0.0058225356042386,0.11941345733404149,0.0576849188655615,0.0
2014,Ogden - UT,3.0,3.0,-0.0018122363835573023,0.12407974857091898,0.05093694850802429,0.0
2013,Ogden - UT,3.0,3.0,-0.00993671733886,0.09832375980913638,0.04097413085401069,0.0
2012,Ogden - UT,3.0,3.0,-0.003603657707571999,0.0643746877238155,0.010033310391008996,0.0
2011,Ogden - UT,3.0,3.0,-0.0017538298852741406,0.033437431432306895,-0.012761765159666401,0.0
2010,Ogden - UT,3.0,3.0,-0.0036902918945997953,0.00047795936465275246,-0.011283905711024842,0.0
2009,Ogden - UT,3.0,2.5,-0.006773969158530249,-0.04875842891633503,-0.020796733209863236,-0.5
2008,Ogden - UT,2.5,3.0,0.002235210034996306,-0.08229488685727113,-0.025758465984836186,0.5
2007,Ogden - UT,3.0,2.5,0.0162000535055995,-0.10576053510606281,-0.013586538610979878,-0.5
2006,Ogden - UT,2.5,3.0,0.003009442239999799,-0.08152597254514693,0.0062171726021916195,0.5
2018,Odessa - TX,3.0,2.5,0.0920689590275292,-0.19776616469211944,-0.22586502437479872,-0.5
2017,Odessa - TX,2.5,2.5,0.2600553743541237,-0.17067751231975842,-0.22747032274492082,0.0
2016,Odessa - TX,2.5,2.5,-0.0772746577858925,0.002397462932392555,-0.08976713125594003,0.0
2015,Odessa - TX,2.5,3.0,-0.11866588518023491,-0.018259954184294158,-0.07998849265277425,0.5
2014,Odessa - TX,3.0,3.0,0.018447287380695298,0.1676933574974536,0.09455055743455887,0.0
2013,Odessa - TX,3.0,2.5,0.0008091684430838013,0.2319807067513465,0.17463107779622078,-0.5
2012,Odessa - TX,2.5,2.5,0.0220315158367157,0.1377126645445819,0.08337128721177536,0.0
2011,Odessa - TX,2.5,2.5,-0.00389586621895429,-0.1084533747136593,-0.15465257130563262,0.0
2010,Odessa - TX,2.5,3.0,-0.0059325046604499256,-0.06951191466301679,-0.0812737797386944,0.5
2009,Odessa - TX,3.0,2.5,-0.0027042496949434523,0.0034979050746188,0.031459600781090585,-0.5
2008,Odessa - TX,2.5,2.5,0.0019786651246250023,-0.046228357166983106,0.010308063705451835,0.0
2007,Odessa - TX,2.5,2.5,0.0139151541516185,-0.08069643610808991,0.011477560386993036,0.0
2006,Odessa - TX,2.5,2.5,0.004427120089530903,-0.08438194644544271,0.003361198701895834,0.0
2018,Norwich - CT,2.5,2.5,0.0099086575210095,0.1043450858891011,0.07624622620642188,0.0
2017,Norwich - CT,2.5,2.0,-0.009206974878907198,0.09426449784636509,0.037471687421202785,-0.5
2016,Norwich - CT,2.0,2.5,0.004774048924446097,0.0983209828585387,0.006156388670206193,0.5
2015,Norwich - CT,2.5,2.5,-0.017995199188589998,0.0767413577884436,0.015012819319963597,0.0
2014,Norwich - CT,2.5,2.5,0.0021888520568608995,0.065034113407135,-0.0081086866557597,0.0
2013,Norwich - CT,2.5,2.0,-0.01621392462402583,0.04701901338994499,-0.010330615565180699,-0.5
2012,Norwich - CT,2.0,2.5,0.0013918317854403998,0.01788817962259047,-0.03645319771021603,0.5
2011,Norwich - CT,2.5,2.0,-0.0016247923485934422,0.020344805546104867,-0.02585439104586843,-0.5
2010,Norwich - CT,2.0,2.5,0.009127033175900585,-0.020491367243230373,-0.03225323231890797,0.5
2009,Norwich - CT,2.5,2.5,0.003815397620201052,-0.03309269566088917,-0.005130999954417386,0.0
2008,Norwich - CT,2.5,2.5,-0.0010440316982567345,-0.06004087526351217,-0.0035044543910772337,0.0
2007,Norwich - CT,2.5,2.0,0.0030318377539516,-0.08050855796039108,0.01166543853469186,-0.5
2006,Norwich - CT,2.0,2.5,-0.006419986486434895,-0.07443770064413548,0.01330544450320306,0.5
2018,Northwest Arkansas - AR,2.5,2.5,0.0019616223871708055,0.022440645702183206,-0.005658213980496006,0.0
2017,Northwest Arkansas - AR,2.5,2.5,-0.01710905879735943,0.05048973193019621,-0.0063030784949660995,0.0
2016,Northwest Arkansas - AR,2.5,2.5,-0.0014926530420780008,0.020214017920195983,-0.07195057626813653,0.0
2015,Northwest Arkansas - AR,2.5,2.5,-0.005698919296264596,0.01386722781509158,-0.047861310653388424,0.0
2014,Northwest Arkansas - AR,2.5,3.0,0.001404508948326097,0.029769773177802585,-0.04337302688509212,0.5
2013,Northwest Arkansas - AR,3.0,2.5,-0.0076605947688222,0.03641512915492058,-0.02093449980020512,-0.5
2012,Northwest Arkansas - AR,2.5,2.5,0.004291767254471699,0.023784660376608376,-0.030556716956198125,0.0
2011,Northwest Arkansas - AR,2.5,2.5,0.0017918818630278006,0.037043305687606304,-0.009155890904366998,0.0
2010,Northwest Arkansas - AR,2.5,2.5,0.001973365666344755,0.0058905090764164066,-0.005871355999261196,0.0
2009,Northwest Arkansas - AR,2.5,2.5,-0.003308875486254751,-0.026160766743123624,0.001800928963348155,0.0
2008,Northwest Arkansas - AR,2.5,2.5,-0.0227838619612157,-0.05944887634366762,-0.002912455471232693,0.0
2007,Northwest Arkansas - AR,2.5,2.5,-0.0017794193699955992,-0.11020971915870913,-0.018035722663626193,0.0
2006,Northwest Arkansas - AR,2.5,2.5,0.028399467468261698,-0.11185005443543203,-0.024106909288093493,0.0
2018,Norfolk - VA,2.5,2.5,-0.0007683821022509973,0.0900324088037013,0.061933549121022086,0.0
2017,Norfolk - VA,2.5,2.5,-0.0048259776085614985,0.1106466668248176,0.05385385639965529,0.0
2016,Norfolk - VA,2.5,2.5,-0.005420779809355701,0.13613830085098738,0.04397370666265489,0.0
2015,Norfolk - VA,2.5,2.5,-0.011632286012172699,0.0818929928243161,0.020164454355836102,0.0
2014,Norfolk - VA,2.5,2.5,-0.014773589093238112,0.05857586818933489,-0.014566931873559803,0.0
2013,Norfolk - VA,2.5,2.5,-0.011844860389828689,0.019928614329546686,-0.03742101462557901,0.0
2012,Norfolk - VA,2.5,2.5,-0.012769458349794191,0.005843884419649796,-0.0484974929131567,0.0
2011,Norfolk - VA,2.5,2.5,-0.00679203355684873,-0.010241777062416095,-0.056440973654389395,0.0
2010,Norfolk - VA,2.5,2.5,-0.002742757322266705,-0.046050362326204825,-0.057812227401882424,0.0
2009,Norfolk - VA,2.5,2.5,0.03739838721230624,-0.07688439441844822,-0.04892269871197642,0.0
2008,Norfolk - VA,2.5,2.5,0.004788682330399703,-0.05328714327886701,0.0032492775935679275,0.0
2007,Norfolk - VA,2.5,2.5,0.0034711500629783006,-0.07229117618128662,0.019882820313796318,0.0
2006,Norfolk - VA,2.5,2.5,0.004483900964260101,-0.051619716420769735,0.03612342872656881,0.0
2018,New York - NY,2.5,2.5,-0.009314658120274499,-0.0739784568101167,-0.1020773164927959,0.0
2017,New York - NY,2.5,2.5,-0.012465889565646598,-0.05542562915384759,-0.11221843957900991,0.0
2016,New York - NY,2.5,2.5,-0.0089407674968243,-0.021884180165827195,-0.11404877435415971,0.0
2015,New York - NY,2.5,2.5,-0.0015082135796545965,-0.031437234498560396,-0.0931657729670404,0.0
2014,New York - NY,2.5,2.5,0.007819067686796199,0.026182391263544606,-0.046960408799350095,0.0
2013,New York - NY,2.5,2.5,-0.002622108906507499,0.032939167879521905,-0.024410461075603795,0.0
2012,New York - NY,2.5,2.5,-0.0007867934182286991,0.03662346547096971,-0.017717911861836792,0.0
2011,New York - NY,2.5,2.5,0.00033904006704689807,0.04016038087755441,-0.006038815714418895,0.0
2010,New York - NY,2.5,2.5,0.026180331828072684,0.015002856925129905,0.0032409918494523023,0.0
2009,New York - NY,2.5,2.5,-0.05429300479590894,0.0029678415507078046,0.030929537257179583,0.0
2008,New York - NY,2.5,2.5,-0.020831414032727494,-0.08771895609796049,-0.031182535225525557,0.0
2007,New York - NY,2.5,2.5,0.051582030020654195,-0.1415658368468285,-0.049391840351745556,0.0
2006,New York - NY,2.5,2.5,0.030594266951084102,-0.0847661620602012,0.0029769830871373415,0.0
2018,New Haven - CT,2.0,2.0,-0.007458446547388996,-0.0183954715281724,-0.046494331210851614,0.0
2017,New Haven - CT,2.0,2.5,-0.004084981977939599,-0.006870294123887899,-0.06366310454905022,0.5
2016,New Haven - CT,2.5,2.0,-0.004813313484191898,0.033233863741159504,-0.05893073044717301,-0.5
2015,New Haven - CT,2.0,2.0,-0.013593625277280797,0.029530796676874204,-0.0321977417916058,0.0
2014,New Haven - CT,2.0,2.5,-0.01618234009947627,0.0294030714333057,-0.043739728629589,0.5
2013,New Haven - CT,2.5,2.5,-0.0016063414514064997,0.011216921568848131,-0.04613270738627756,0.0
2012,New Haven - CT,2.5,2.5,-0.00946547230705623,0.014060775042511431,-0.040280602290295064,0.0
2011,New Haven - CT,2.5,2.5,0.003595686983317199,0.0005381039725616005,-0.045661092619411696,0.0
2010,New Haven - CT,2.5,2.5,0.008001524256542285,-0.025490227076225003,-0.0372520921519026,0.0
2009,New Haven - CT,2.5,2.5,0.002298474311828551,-0.043618638324551304,-0.015656942618079518,0.0
2008,New Haven - CT,2.5,2.5,-0.001013033557683226,-0.05371254907920964,0.0028238717932253053,0.0
2007,New Haven - CT,2.5,2.5,0.001774662174284498,-0.08875681680813437,0.003417179686948579,0.0
2006,New Haven - CT,2.5,2.0,-0.005819696933031096,-0.07308583097904923,0.014657314168289307,-0.5
2018,Nashville - TN,2.5,2.5,0.0006309635937214036,0.003375250238925237,-0.02472360944375397,0.0
2017,Nashville - TN,2.5,2.5,-0.01637491956353184,0.07916889372840524,0.022376083303242936,0.0
2016,Nashville - TN,2.5,2.5,-0.005228847265243499,0.1060967147089541,0.013932120520621594,0.0
2015,Nashville - TN,2.5,2.5,0.016301576048135806,0.02240535429492599,-0.03932318417355401,0.0
2014,Nashville - TN,2.5,2.5,0.0059974975883961,0.08317924621701246,0.010036446154117765,0.0
2013,Nashville - TN,2.5,2.5,0.004245515912771201,0.05867589935660367,0.0013262704014779698,0.0
2012,Nashville - TN,2.5,2.5,0.006300097331404599,0.05928220005333426,0.004940822720527767,0.0
2011,Nashville - TN,2.5,2.5,-0.0014802622608840084,0.0738150362074375,0.027615839615464207,0.0
2010,Nashville - TN,2.5,2.5,0.012823944212868785,0.043126289695501294,0.031364424619823694,0.0
2009,Nashville - TN,2.5,2.5,0.004824308678507749,-0.00007490292191510844,0.027886792784556677,0.0
2008,Nashville - TN,2.5,2.5,0.0018968586809933047,-0.02982281699776661,0.026713603874668326,0.0
2007,Nashville - TN,2.5,2.5,0.0008387425914407002,-0.06780904985219251,0.02436494664289043,0.0
2006,Nashville - TN,2.5,2.5,-0.014817683026194597,-0.06883955324441202,0.01890359190292653,0.0
2018,Naples - FL,2.5,2.5,-0.019290118478238596,0.1841165262488646,0.15601766656618538,0.0
2017,Naples - FL,2.5,2.5,0.0034123621881009016,0.2533327850801868,0.19653997465502449,0.0
2016,Naples - FL,2.5,3.0,0.005196552723646204,0.2720518916351719,0.17988729744683937,0.5
2015,Naples - FL,3.0,3.0,0.0341091565787793,0.016610280017368497,-0.04511825845111149,0.0
2014,Naples - FL,3.0,2.5,0.015378367155790298,0.05948074201773859,-0.013662058045156095,-0.5
2013,Naples - FL,2.5,2.5,0.012147055938839902,0.09615594912320378,0.038806320168078105,0.0
2012,Naples - FL,2.5,2.5,0.0083744470030069,0.1245848719179631,0.07024349458515661,0.0
2011,Naples - FL,2.5,2.5,-0.0023506307043134923,0.12140477599203589,0.0752055794000626,0.0
2010,Naples - FL,2.5,2.5,-0.0026786120142787764,0.0794202610477805,0.06765839597210291,0.0
2009,Naples - FL,2.5,2.5,-0.0024238023906946495,0.002908931672573046,0.03087062737904483,0.0
2008,Naples - FL,2.5,2.5,-0.029623542446643093,-0.04346796303987505,0.013068457832559884,0.0
2007,Naples - FL,2.5,2.5,-0.005405622534453801,-0.12087613704800605,-0.02870214055292311,0.0
2006,Naples - FL,2.5,2.5,0.020553015172481502,-0.13022535523772236,-0.04248221009038381,0.0
2018,Montgomery - AL,2.5,2.5,-0.012513753026723796,0.0554493468701839,0.027350487187504692,0.0
2017,Montgomery - AL,2.5,2.5,-0.0110209239646792,0.0697881335914135,0.012995323166251196,0.0
2016,Montgomery - AL,2.5,2.5,-0.002138663083314899,0.1097044297233224,0.017539835534989896,0.0
2015,Montgomery - AL,2.5,3.0,-0.014984007924795099,0.0675994497612119,0.005870911292731904,0.5
2014,Montgomery - AL,3.0,3.0,-0.012497826013714072,0.041484103120863494,-0.0316586969420312,0.0
2013,Montgomery - AL,3.0,2.5,0.005054565146565399,0.004194454941898627,-0.053155174013227065,-0.5
2012,Montgomery - AL,2.5,2.5,0.0017629303038119992,0.018754521492868624,-0.03558685583993787,0.0
2011,Montgomery - AL,2.5,3.0,-0.0007104533724487001,0.023396195020526624,-0.02280300157144667,0.5
2010,Montgomery - AL,3.0,2.5,-0.001356905093416575,-0.009612926784902876,-0.021374791860580472,-0.5
2009,Montgomery - AL,2.5,3.0,0.0032729525119066516,-0.035709384735673734,-0.0077476890292019485,0.5
2008,Montgomery - AL,3.0,2.5,-0.0240072165615857,-0.04851333137601616,0.008023089496418775,-0.5
2007,Montgomery - AL,2.5,2.5,-0.0053391540423035014,-0.11321268870681526,-0.021038692211732324,0.0
2006,Montgomery - AL,2.5,2.5,0.0235230810940266,-0.11588392170518637,-0.028140776557847826,0.0
2018,Modesto - CA,3.0,3.0,0.013575013726949706,0.0837964460700752,0.05569758638739601,0.0
2017,Modesto - CA,3.0,3.0,0.0399568267166615,0.128999303892255,0.07220649346709271,0.0
2016,Modesto - CA,3.0,3.0,0.06487787514925,0.2219079970121385,0.12974340282380603,0.0
2015,Modesto - CA,3.0,3.0,0.06520963087677961,0.24377692443132393,0.18204838596284392,0.0
2014,Modesto - CA,3.0,3.0,0.0212194845080376,0.2831181432604789,0.20997534319758424,0.0
2013,Modesto - CA,3.0,3.5,0.0057764500379562,0.2621884599328041,0.2048388309776784,0.5
2012,Modesto - CA,3.5,3.0,-0.0003744587302207999,0.2513816446214914,0.1970402672886849,-0.5
2011,Modesto - CA,3.0,3.5,0.001389245968312098,0.2029081784337759,0.1567089818418026,0.5
2010,Modesto - CA,3.5,3.5,-0.0002632865216583048,0.10498221773654229,0.0932203526608647,0.0
2009,Modesto - CA,3.5,3.0,-0.022211303934454946,-0.00021426044404499606,0.027747435262426793,-0.5
2008,Modesto - CA,3.0,3.0,-0.004327820613980293,-0.07221977405250068,-0.01568335318006575,0.0
2007,Modesto - CA,3.0,3.0,0.003957948647439499,-0.1179616203270852,-0.025787623832002247,0.0
2006,Modesto - CA,3.0,3.0,-0.0021007359027862965,-0.10919836160168049,-0.021455216454341945,0.0
2018,Mobile - AL,2.5,2.5,0.0057037621736527044,0.11242411923408478,0.08432525955140557,0.0
2017,Mobile - AL,2.5,2.5,-0.0062808580696582,0.1326259615421293,0.07583315111696698,0.0
2016,Mobile - AL,2.5,2.5,-0.0098232962191105,0.1472120000720022,0.05504740588366969,0.0
2015,Mobile - AL,2.5,2.5,0.009667016565799803,0.0747619899809361,0.013033451512456098,0.0
2014,Mobile - AL,2.5,2.5,0.0062847100198268994,0.073406263768673,0.0002634637057783041,0.0
2013,Mobile - AL,2.5,2.5,-0.008548991754651099,0.0629009634256364,0.00555133447051071,0.0
2012,Mobile - AL,2.5,2.5,-0.004468431696295799,0.045639957875013404,-0.008701419457793094,0.0
2011,Mobile - AL,2.5,2.5,-0.00010512070730330295,0.03931020350754261,-0.006888993084430693,0.0
2010,Mobile - AL,2.5,2.5,-0.0008136888500303065,0.014591047503054101,0.0028291824273765035,0.0
2009,Mobile - AL,2.5,2.5,0.0002484563738107508,-0.03561321869492539,-0.007651522988453606,0.0
2008,Mobile - AL,2.5,3.0,-0.022442256566137096,-0.07022419750690469,-0.013687776634469755,0.5
2007,Mobile - AL,3.0,2.5,-0.005263638682663401,-0.11975503794103869,-0.027581041445955752,-0.5
2006,Mobile - AL,2.5,2.5,0.023840855807066005,-0.11611939357966189,-0.028376248432323354,0.0
2018,Minneapolis - MN,2.5,2.5,-0.004748389124870297,-0.0985903052166105,-0.12668916489928972,0.0
2017,Minneapolis - MN,2.5,2.5,0.009370293468237003,-0.061188744515180665,-0.11798155494034297,0.0
2016,Minneapolis - MN,2.5,2.5,0.004466706886887597,0.0045655625611543404,-0.08759903162717816,0.0
2015,Minneapolis - MN,2.5,2.5,-0.00011812523007389761,0.032518818497657836,-0.02920971997082216,0.0
2014,Minneapolis - MN,2.5,2.5,-0.005365154705941701,0.0779057606607676,0.004762960597872902,0.0
2013,Minneapolis - MN,2.5,2.5,-0.0062029324471951,0.06095496024936439,0.0036053312942387044,0.0
2012,Minneapolis - MN,2.5,2.5,-0.0021988227963448004,0.0564921653047204,0.0021507879719139013,0.0
2011,Minneapolis - MN,2.5,2.5,-0.0027130166999995396,0.036780868299305394,-0.009418328292667902,0.0
2010,Minneapolis - MN,2.5,2.0,0.006757983239367585,-0.004836186803877443,-0.01659805187955504,-0.5
2009,Minneapolis - MN,2.0,2.0,0.0027522910386323512,-0.037683639116585343,-0.009721943410113556,0.0
2008,Minneapolis - MN,2.0,2.0,0.005954355467110907,-0.05814091853797444,-0.0016044976655395036,0.0
2007,Minneapolis - MN,2.0,2.0,-0.0032148724421859013,-0.08162120624631644,0.010552790248766503,0.0
2006,Minneapolis - MN,2.0,2.5,-0.009496450424194298,-0.07820640454441313,0.009536740602925402,0.5
2018,Milwaukee - WI,2.5,2.0,-0.006123488768935197,-0.03419241602718841,-0.062291275709867616,-0.5
2017,Milwaukee - WI,2.0,2.0,-0.015363848768174608,-0.011500015988946108,-0.06829282641410842,0.0
2016,Milwaukee - WI,2.0,2.5,-0.0105714546516538,0.012649190120398883,-0.07951540406793361,0.5
2015,Milwaukee - WI,2.5,2.0,-0.009588267654180499,0.005186749145388487,-0.056541789323091514,-0.5
2014,Milwaukee - WI,2.0,2.5,-0.003005238249898002,0.022827118217944985,-0.05031568184494971,0.5
2013,Milwaukee - WI,2.5,2.5,-0.005124231800437001,0.012697330862283585,-0.04465229809284211,0.0
2012,Milwaukee - WI,2.5,2.0,-0.0035568503662943996,0.010688336208462584,-0.043653041124343914,-0.5
2011,Milwaukee - WI,2.0,2.0,-0.0041540195234119615,0.014353153869509593,-0.031846042722463705,0.0
2010,Milwaukee - WI,2.0,2.5,-0.021140757715329517,-0.013666742518544269,-0.025428607594221865,0.5
2009,Milwaukee - WI,2.5,2.0,-0.0013554263859987502,-0.06494279336184267,-0.03698109765537088,-0.5
2008,Milwaukee - WI,2.0,2.5,0.003318586852401502,-0.09186770666390656,-0.03533128579147163,0.5
2007,Milwaukee - WI,2.5,2.0,-0.0134797859936952,-0.11906246363371607,-0.026888467138633125,-0.5
2006,Milwaukee - WI,2.0,2.0,-0.0232597049325705,-0.12455454791337248,-0.036811402766033924,0.0
2018,Midland - TX,2.5,2.5,0.0815134681761262,-0.19850508044660123,-0.22660394012928045,0.0
2017,Midland - TX,2.5,2.5,0.2072966359555717,-0.15468930839002193,-0.21148211881518425,0.0
2016,Midland - TX,2.5,2.5,-0.043467566370963995,-0.04281000469625091,-0.13497459888458346,0.0
2015,Midland - TX,2.5,3.0,-0.1464121006429197,-0.04395733076334091,-0.10568586923182094,0.5
2014,Midland - TX,3.0,2.5,0.018011216074228297,0.08197517651319411,0.008832376450299398,-0.5
2013,Midland - TX,2.5,2.5,0.0071823634207249,0.17429128214716821,0.1169416531920425,0.0
2012,Midland - TX,2.5,2.5,0.0167594701051712,0.09695192576944771,0.042610548436641194,0.0
2011,Midland - TX,2.5,2.5,0.002726624254137302,-0.101727420821786,-0.14792661741375931,0.0
2010,Midland - TX,2.5,2.5,-0.0073037460679188405,-0.0899705617129804,-0.10173242678865801,0.0
2009,Midland - TX,2.5,2.5,0.002243028953671452,0.009414232079871073,0.037375927786342855,0.0
2008,Midland - TX,2.5,2.5,0.00030519301071763386,-0.034928680206648924,0.021607740665786013,0.0
2007,Midland - TX,2.5,2.5,0.012363999150693401,-0.0774434262393042,0.014730570255778747,0.0
2006,Midland - TX,2.5,2.5,0.0018191561102866988,-0.0774080458460376,0.010335099301300948,0.0
2018,Miami - FL,2.5,2.5,-0.009420229122042597,0.06587296640314189,0.03777410672046268,0.0
2017,Miami - FL,2.5,2.5,-0.0022100713104009004,0.09096985878981678,0.034177048364654475,0.0
2016,Miami - FL,2.5,2.5,-0.009811673313379298,0.10559080887772178,0.013426214689389274,0.0
2015,Miami - FL,2.5,2.5,0.0003894604742527008,0.004487273970618875,-0.05724126449786113,0.0
2014,Miami - FL,2.5,2.5,0.006182739511132199,0.0450497842878103,-0.0280930157750844,0.0
2013,Miami - FL,2.5,2.5,0.009632825851440402,0.042479855194687804,-0.014869773760437894,0.0
2012,Miami - FL,2.5,2.5,0.012746667489409402,0.0585246585458516,0.004183281213045105,0.0
2011,Miami - FL,2.5,2.5,-0.0014037671498953984,0.0653392166048287,0.019140020012855405,0.0
2010,Miami - FL,2.5,2.5,0.006102752173319485,0.039309791252016904,0.027547926176339305,0.0
2009,Miami - FL,2.5,2.5,-0.007799485698342351,0.0052995221689343085,0.03326121787540609,0.0
2008,Miami - FL,2.5,2.5,-0.049616773147135994,-0.03725742820650339,0.01927899266593154,0.0
2007,Miami - FL,2.5,2.5,-0.0049629611894488005,-0.1321446028277278,-0.039970606332644855,0.0
2006,Miami - FL,2.5,2.5,0.03218649327754971,-0.1454233801588416,-0.05768023501150306,0.0
2018,Merced - CA,3.5,3.5,0.021833274513483103,0.049264891862869295,0.0211660321801901,0.0
2017,Merced - CA,3.5,3.5,0.0379931554198265,0.0884554626941682,0.0316626522690059,0.0
2016,Merced - CA,3.5,3.5,0.0398963466286659,0.16804323855042458,0.0758786443620921,0.0
2015,Merced - CA,3.5,3.5,0.026676934212446303,0.1899818885028362,0.1282533500343562,0.0
2014,Merced - CA,3.5,3.5,-0.005891468375921201,0.2138967845141888,0.1407539844512941,0.0
2013,Merced - CA,3.5,3.5,0.014032812789082503,0.1778578713536263,0.12050824239850062,0.0
2012,Merced - CA,3.5,3.5,0.005866352468729002,0.1670491580069065,0.11270778067410002,0.0
2011,Merced - CA,3.5,3.5,0.005403917748481101,0.1267801743149758,0.08058097772300252,0.0
2010,Merced - CA,3.5,3.5,0.002334993565455074,0.057850413918495304,0.04608854884281771,0.0
2009,Merced - CA,3.5,3.0,-0.008048353716731044,-0.006215087510645308,0.02174660819582648,-0.5
2008,Merced - CA,3.0,3.5,0.006840459536761004,-0.0369466980174183,0.019589722855016638,0.5
2007,Merced - CA,3.5,3.5,0.0039499690756202,-0.0797766268923878,0.012397369602695139,0.0
2006,Merced - CA,3.5,3.5,0.0026120580732822,-0.0772621589377522,0.010480986209586337,0.0
2018,Memphis - TN,2.5,2.5,0.0271987356245518,0.05783379808813366,0.029734938405454443,0.0
2017,Memphis - TN,2.5,2.5,0.0001505017280578995,0.1268899756073955,0.07009716518223319,0.0
2016,Memphis - TN,2.5,2.5,0.003696458414197001,0.1646258397698406,0.0724612455815081,0.0
2015,Memphis - TN,2.5,2.5,-0.0031031556427477958,0.12607249756157402,0.064343959093094,0.0
2014,Memphis - TN,2.5,3.0,-0.005140975117683402,0.1087699472457171,0.0356271471828224,0.5
2013,Memphis - TN,3.0,3.0,-0.0089211696758866,0.0801511939615012,0.0228015650063755,0.0
2012,Memphis - TN,3.0,2.5,-0.0024666609242559,0.041023037038743604,-0.0133183402940629,-0.5
2011,Memphis - TN,2.5,3.0,-0.006671916227787702,0.030263693645596605,-0.0159355029463767,0.5
2010,Memphis - TN,3.0,3.0,-0.011361900018528107,-0.014542012512683798,-0.026303877588361405,0.0
2009,Memphis - TN,3.0,3.0,-0.008649339899420752,-0.06252431767061349,-0.03456262196414171,0.0
2008,Memphis - TN,3.0,2.5,-0.013536267448216677,-0.09460740761831399,-0.03807098674587907,-0.5
2007,Memphis - TN,2.5,2.5,-0.0168758425861597,-0.13486008101329208,-0.04268608451820914,0.0
2006,Memphis - TN,2.5,2.5,-0.03392065269872547,-0.14483841132745148,-0.057095266180112944,0.0
2018,Melbourne - FL,2.0,2.0,0.007052879780530902,0.05280010294914199,0.024701243266462794,0.0
2017,Melbourne - FL,2.0,2.5,0.0265004932880402,0.13345493735372968,0.0766621269285674,0.5
2016,Melbourne - FL,2.5,2.5,0.0313651449978352,0.184902321055531,0.0927377268671985,0.0
2015,Melbourne - FL,2.5,2.5,0.014492776244878804,0.1125290668457746,0.0508005283772946,0.0
2014,Melbourne - FL,2.5,2.5,0.007698481902480098,0.1490132990777492,0.07587049901485451,0.0
2013,Melbourne - FL,2.5,2.5,-0.00041682459414010137,0.1444594051688909,0.0871097762137652,0.0
2012,Melbourne - FL,2.5,2.5,0.0028313696384428995,0.1339814491719007,0.0796400718390942,0.0
2011,Melbourne - FL,2.5,2.5,0.002256121020764102,0.1021701447814702,0.055970948189496904,0.0
2010,Melbourne - FL,2.5,2.5,-0.00037384335882962444,0.0386237892881034,0.026861924212425805,0.0
2009,Melbourne - FL,2.5,2.5,-0.002228612080216446,-0.01596639109775441,0.011995304608717377,0.0
2008,Melbourne - FL,2.5,2.5,-0.024736498016864096,-0.0544682102464141,0.0020682106260208333,0.0
2007,Melbourne - FL,2.5,2.5,-0.003528530709445499,-0.1144254592917861,-0.02225146279670316,0.0
2006,Melbourne - FL,2.5,2.0,0.011208608746528605,-0.1163545082919301,-0.02861136314459156,-0.5
2018,McAllen - TX,3.0,3.5,-0.008214078843593597,-0.07009512852132316,-0.09819398820400238,0.5
2017,McAllen - TX,3.5,3.5,-0.034721811302006196,-0.0332475492209196,-0.0900403596460819,0.0
2016,McAllen - TX,3.5,3.5,-0.020029740408062928,-0.0243733278736472,-0.1165379220619797,0.0
2015,McAllen - TX,3.5,3.5,-0.022046271711587857,-0.02703204146772623,-0.08876057993620623,0.0
2014,McAllen - TX,3.5,3.5,-0.010962537955492731,-0.02709708683937789,-0.10023988690227259,0.0
2013,McAllen - TX,3.5,3.5,-0.0064763762056828,-0.03862481126561762,-0.0959744402207433,0.0
2012,McAllen - TX,3.5,3.5,0.005959527567028999,-0.03989536025002602,-0.09423673758283252,0.0
2011,McAllen - TX,3.5,3.0,-0.0024495315738022015,-0.007356202121824022,-0.05355539871379732,-0.5
2010,McAllen - TX,3.0,3.5,-0.0058590937987901305,-0.024213324803858995,-0.03597518987953659,0.5
2009,McAllen - TX,3.5,3.0,-0.00449337624013425,-0.04774970767321065,-0.019788011966738864,-0.5
2008,McAllen - TX,3.0,3.5,0.0029550655744970053,-0.06985527112381532,-0.013318850251380382,0.5
2007,McAllen - TX,3.5,3.5,0.012693437747657297,-0.09606140496628351,-0.003887408471200577,0.0
2006,McAllen - TX,3.5,4.0,0.0049117244780064045,-0.08489664343791081,0.002846501709427721,0.5
2016,Manchester - NH,2.5,2.5,0.005183149129152303,0.15074494059383892,0.058580346405506405,0.0
2015,Manchester - NH,2.5,2.5,0.0312061347067357,0.1122845387905836,0.05055600032210361,0.0
2014,Manchester - NH,2.5,2.5,-0.002798016183078301,0.14073074381053452,0.06758794374763981,0.0
2013,Manchester - NH,2.5,2.5,-0.00020803138613699826,0.119413541816175,0.062063912861049314,0.0
2012,Manchester - NH,2.5,2.5,-0.007946218363940761,0.090956453807652,0.03661507647484551,0.0
2011,Manchester - NH,2.5,2.5,0.002595429774373801,0.07163621449470524,0.025437017902731944,0.0
2010,Manchester - NH,2.5,2.5,0.007069779792800584,0.034611163623631036,0.022849298547953444,0.0
2009,Manchester - NH,2.5,2.5,0.0023646466434001506,-0.029248752072453463,-0.0012870563659816755,0.0
2008,Manchester - NH,2.5,2.5,-0.0007049939595162868,-0.052660814411938164,0.0038756064604967763,0.0
2007,Manchester - NH,2.5,2.5,0.005687176249921299,-0.08879535260796545,0.0033786438871174877,0.0
2006,Manchester - NH,2.5,2.5,-0.0129463989287615,-0.070731106646359,0.01701203850097955,0.0
2018,Lubbock - TX,2.5,2.5,-0.015629688277840597,-0.025525602653622713,-0.053624462336301915,0.0
2017,Lubbock - TX,2.5,3.0,-0.02184503513853993,-0.00964726521074781,-0.06644007563591012,0.5
2016,Lubbock - TX,3.0,2.5,-0.0180317685008049,0.006654150408692565,-0.08551044377963993,-0.5
2015,Lubbock - TX,2.5,2.5,-0.013736348599195397,-0.008609632390551335,-0.07033817085903134,0.0
2014,Lubbock - TX,2.5,2.5,-0.0028021996840835017,0.0009203419806435662,-0.07222245808225113,0.0
2013,Lubbock - TX,2.5,2.5,0.0015809033066034005,-0.014695411245338633,-0.07204504020046432,0.0
2012,Lubbock - TX,2.5,2.5,0.0019415896385907988,-0.000493071283213832,-0.054834448616020326,0.0
2011,Lubbock - TX,2.5,2.5,-0.0005611493252217006,0.015151372753083696,-0.0310478238388896,0.0
2010,Lubbock - TX,2.5,2.5,-0.005993129860144112,-0.0018153395876288059,-0.0135772046633064,0.0
2009,Lubbock - TX,2.5,2.5,-0.0011407267302274461,-0.0337956816307269,-0.005833985924255115,0.0
2008,Lubbock - TX,2.5,2.5,0.001133494544774294,-0.060708933842834,-0.0041725129703990595,0.0
2007,Lubbock - TX,2.5,2.5,0.014061032794415998,-0.09679391822731111,-0.004619921732228166,0.0
2006,Lubbock - TX,2.5,2.5,0.003232210874557502,-0.08024362372374151,0.007499521423597033,0.0
2018,Louisville - KY,2.5,2.5,-0.003087332472205096,0.021046605750918292,-0.007052253931760909,0.0
2017,Louisville - KY,2.5,2.5,-0.005963373929262099,0.028977596998214693,-0.027815213426947608,0.0
2016,Louisville - KY,2.5,2.5,0.0024520121514797003,0.051230130225419994,-0.040934463962912504,0.0
2015,Louisville - KY,2.5,2.5,-0.004401979967951698,0.042238115787506095,-0.019490422680973903,0.0
2014,Louisville - KY,2.5,2.5,-0.0061048297211528015,0.05859215515851979,-0.014550644904374898,0.0
2013,Louisville - KY,2.5,2.5,0.002041561529040302,0.040244125016033694,-0.017105503939091993,0.0
2012,Louisville - KY,2.5,2.5,0.010433450341224601,0.042364767394959896,-0.011976609937846595,0.0
2011,Louisville - KY,2.5,2.5,-0.0021693692542612206,0.050619410924613396,0.004420214332640105,0.0
2010,Louisville - KY,2.5,2.5,0.002638902748003595,0.011560698002576775,-0.0002011670731008157,0.0
2009,Louisville - KY,2.5,2.5,-0.0012611541897058522,-0.02112198006361731,0.006839715642854478,0.0
2008,Louisville - KY,2.5,2.5,-0.021389124449342496,-0.04485302969813351,0.011683391174301427,0.0
2007,Louisville - KY,2.5,2.5,-0.0035203108564019012,-0.10392129129916432,-0.011747294804081371,0.0
2006,Louisville - KY,2.5,2.5,0.025044932961463907,-0.11344420114904642,-0.025701056001707873,0.0
2018,Los Angeles - CA,3.0,3.0,-0.0009228475391864985,-0.0855461085699499,-0.1136449682526291,0.0
2017,Los Angeles - CA,3.0,3.0,0.007828198373317798,-0.03916878825426109,-0.09596159867942339,0.0
2016,Los Angeles - CA,3.0,3.0,0.0107449144124985,0.019000553965568507,-0.07316404022276399,0.0
2015,Los Angeles - CA,3.0,3.0,0.020350407809019103,0.02722109806537631,-0.03450744040310368,0.0
2014,Los Angeles - CA,3.0,3.0,0.011826395988464397,0.09956430229544638,0.0264215022325517,0.0
2013,Los Angeles - CA,3.0,3.0,0.004806628450751301,0.10717669799923898,0.049827069044113305,0.0
2012,Los Angeles - CA,3.0,3.0,0.0031873509287833994,0.1098979223668576,0.0555565450340511,0.0
2011,Los Angeles - CA,3.0,3.0,0.001688049640506499,0.09711489418149,0.0509156975895167,0.0
2010,Los Angeles - CA,3.0,3.0,-0.016017098678275946,0.053620697893202285,0.0418588328175247,0.0
2009,Los Angeles - CA,3.0,3.0,-0.03933217935264115,-0.022470369376242142,0.005491326330229654,0.0
2008,Los Angeles - CA,3.0,3.0,0.003861295524984605,-0.10220366988331084,-0.04566724901087589,0.0
2007,Los Angeles - CA,3.0,3.0,0.0140511123463512,-0.13878657843172554,-0.04661258193664259,0.0
2006,Los Angeles - CA,3.0,3.0,0.021436236798763303,-0.12349196566641334,-0.035748820519074784,0.0
2018,Little Rock - AR,2.5,2.5,-0.009586630389094297,0.038356671899557104,0.010257812216877896,0.0
2017,Little Rock - AR,2.5,2.5,-0.0120296850800514,0.051398850843310404,-0.005393959581851904,0.0
2016,Little Rock - AR,2.5,2.5,-0.006448989734053598,0.0564224007278681,-0.03574219346046441,0.0
2015,Little Rock - AR,2.5,2.5,-0.012424442917108498,0.0355927157104016,-0.026135822758078395,0.0
2014,Little Rock - AR,2.5,2.5,-0.008572980761528012,0.0274738292694092,-0.045668970793485496,0.0
2013,Little Rock - AR,2.5,2.5,-0.01480380911380053,0.008286900073289888,-0.049062728881835806,0.0
2012,Little Rock - AR,2.5,2.5,-0.0052524115890265,0.00006146972626445979,-0.054279907606542034,0.0
2011,Little Rock - AR,2.5,2.5,-0.0032878569327294514,-0.0013034375235438395,-0.04750263411551714,0.0
2010,Little Rock - AR,2.5,2.5,0.0015433982480317354,-0.0325796362385154,-0.04434150131419299,0.0
2009,Little Rock - AR,2.5,2.5,-0.00029288604855534986,-0.058335355855524545,-0.030373660149052756,0.0
2008,Little Rock - AR,2.5,2.5,-0.025843842420726994,-0.07862998630851503,-0.022093565436080095,0.0
2007,Little Rock - AR,2.5,2.5,0.0006934655830264005,-0.1253075952380895,-0.03313359874300656,0.0
2006,Little Rock - AR,2.5,2.5,0.0235496200621128,-0.1149308667182922,-0.02718772157095366,0.0
2018,Lincoln - NE,2.0,2.5,-0.007651863619685197,0.017454309247434293,-0.010644550435244912,0.5
2017,Lincoln - NE,2.5,2.5,-0.003683969378471298,0.019423591770231792,-0.03736921865493051,0.0
2016,Lincoln - NE,2.5,2.0,-0.0009064693003893003,0.04072453311830769,-0.051440061070024815,-0.5
2015,Lincoln - NE,2.0,2.0,-0.003719633445143696,0.0336437658295036,-0.0280847726389764,0.0
2014,Lincoln - NE,2.0,2.5,-0.0009561330080032002,0.058824846103787395,-0.014317953959107297,0.5
2013,Lincoln - NE,2.5,2.0,-0.0034928265959024013,0.040431560203433,-0.01691806875169269,-0.5
2012,Lincoln - NE,2.0,2.5,-0.0018842769786715993,0.0415823456048966,-0.012759031727909894,0.5
2011,Lincoln - NE,2.5,2.5,-0.00014240900054570196,0.0352398572638631,-0.010959339328110195,0.0
2010,Lincoln - NE,2.5,2.5,-0.006793333130190152,0.001566586047410997,-0.010195279028266597,0.0
2009,Lincoln - NE,2.5,2.0,0.007384579628705951,-0.04123067441978484,-0.013268978713313053,-0.5
2008,Lincoln - NE,2.0,2.5,0.008256466593593404,-0.06146468694903884,-0.004928266076603903,0.5
2007,Lincoln - NE,2.5,2.0,-0.007145973853766899,-0.08535296938219104,0.006821027112891903,-0.5
2006,Lincoln - NE,2.0,2.0,-0.018969757482409498,-0.08618381490954194,0.001559330237796603,0.0
2018,Lehigh Valley - PA,2.5,2.5,-0.00043996796011919886,0.0691343721449375,0.04103551246225828,0.0
2017,Lehigh Valley - PA,2.5,2.5,0.010615497827529904,0.09543484994769101,0.03864203952252869,0.0
2016,Lehigh Valley - PA,2.5,2.5,0.0020819213241339007,0.1342585286796093,0.04209393449127679,0.0
2015,Lehigh Valley - PA,2.5,2.5,0.00007295981049540434,0.09582655270397661,0.0340980142354966,0.0
2014,Lehigh Valley - PA,2.5,2.5,0.0017293039709329987,0.08604313577711581,0.012900335714221108,0.0
2013,Lehigh Valley - PA,2.5,2.5,-0.0127745708450675,0.07140934392809871,0.014059714972973009,0.0
2012,Lehigh Valley - PA,2.5,2.5,-0.0002477858215571005,0.056066489420831214,0.0017251120880247082,0.0
2011,Lehigh Valley - PA,2.5,2.5,-0.00046110944822430264,0.03706102503091101,-0.009138171561062296,0.0
2010,Lehigh Valley - PA,2.5,2.5,0.007696510525420284,0.00008066274225710518,-0.0116812023334205,0.0
2009,Lehigh Valley - PA,2.5,2.5,0.00295936129987235,-0.0320193473249674,-0.00405765161849562,0.0
2008,Lehigh Valley - PA,2.5,2.5,-0.0025093313306570053,-0.0593640151619912,-0.002827594289556269,0.0
2007,Lehigh Valley - PA,2.5,2.5,0.004091198556125197,-0.08473635127022872,0.007437645224854225,0.0
2006,Lehigh Valley - PA,2.5,2.5,-0.0064223222434521,-0.07596651554480202,0.011776629602536523,0.0
2018,Las Vegas - NV,2.5,2.5,0.036305610090494204,0.09585767458006739,0.06775881489738816,0.0
2017,Las Vegas - NV,2.5,2.5,0.026130050420761098,0.19174469388648868,0.1349518834613264,0.0
2016,Las Vegas - NV,2.5,2.5,0.0273957699537277,0.30712762612104416,0.21496303193271163,0.0
2015,Las Vegas - NV,2.5,2.5,0.024507518857717604,0.1953857089281082,0.13365717045962822,0.0
2014,Las Vegas - NV,2.5,3.0,0.0080449730157852,0.2118055145740509,0.1386627145111562,0.5
2013,Las Vegas - NV,3.0,3.0,0.0019570272415876007,0.17973355129361152,0.12238392233848581,0.0
2012,Las Vegas - NV,3.0,3.0,-0.00926302280277018,0.1423767168223857,0.0880353394895792,0.0
2011,Las Vegas - NV,3.0,3.0,-0.006208498962223499,0.09884146285802123,0.05264226626604793,0.0
2010,Las Vegas - NV,3.0,3.0,-0.027910477248951817,0.03079986242577433,0.01903799735009673,0.0
2009,Las Vegas - NV,3.0,3.0,-0.048831803724169745,-0.06134169446304447,-0.03337999875657269,0.0
2008,Las Vegas - NV,3.0,3.0,-0.022323057521134594,-0.14679319636896257,-0.09025677549652764,0.0
2007,Las Vegas - NV,3.0,2.5,-0.002036894671618902,-0.20671085675433276,-0.11453686025924983,-0.5
2006,Las Vegas - NV,2.5,2.5,0.008695427328348201,-0.1950538772754371,-0.10731073212809855,0.0
2018,Lansing - MI,2.5,2.0,-0.0026145316660403962,0.0336079679876566,0.005509108304977386,-0.5
2017,Lansing - MI,2.0,2.5,-0.0033652577549218993,0.049969389900565195,-0.0068234205245971125,0.5
2016,Lansing - MI,2.5,2.0,0.005876995623111702,0.07109759512543679,-0.021066999062895712,-0.5
2015,Lansing - MI,2.0,2.5,0.0030350685119629045,0.0582277732789516,-0.0035007651895283976,0.5
2014,Lansing - MI,2.5,2.5,-0.006272248923778501,0.0737364939898252,0.0005936939269305056,0.0
2013,Lansing - MI,2.5,2.5,-0.007294496521353699,0.0540096547454595,-0.0033399742096661897,0.0
2012,Lansing - MI,2.5,2.0,-0.006412810645997569,0.046321438267827,-0.008019939064979493,-0.5
2011,Lansing - MI,2.0,2.5,-0.001960243564099042,0.03513170463591813,-0.011067491956055163,0.5
2010,Lansing - MI,2.5,2.5,-0.005660012364387516,-0.007142866067588315,-0.018904731143265907,0.0
2009,Lansing - MI,2.5,2.0,0.010651180520653749,-0.055561507726088116,-0.027599812019616327,-0.5
2008,Lansing - MI,2.0,2.0,0.006605309899896404,-0.06721280344761901,-0.010676382575184077,0.0
2007,Lansing - MI,2.0,2.5,-0.0082897050306201,-0.08895057264901692,0.003223423846066026,0.5
2006,Lansing - MI,2.5,2.5,-0.0178359225392342,-0.08639661568589505,0.0013465294614434953,0.0
2018,Lancaster - PA,2.5,2.5,0.004039082676172305,0.046174528867006286,0.018075669184327084,0.0
2017,Lancaster - PA,2.5,2.5,0.005441164597869003,0.06009410867094999,0.00330129824578769,0.0
2016,Lancaster - PA,2.5,2.5,0.0041703116148710025,0.0887321787625552,-0.0034324154257773035,0.0
2015,Lancaster - PA,2.5,2.5,-0.0018873158842324968,0.0848568598628045,0.023128321394324504,0.0
2014,Lancaster - PA,2.5,2.5,-0.004112764261663002,0.077857249930501,0.0047144498676063105,0.0
2013,Lancaster - PA,2.5,2.5,-0.0023865960538386986,0.0650001076981425,0.007650478743016812,0.0
2012,Lancaster - PA,2.5,2.5,0.002029934898018799,0.055566177345812304,0.001224800013005808,0.0
2011,Lancaster - PA,2.5,2.5,0.0003343741409480988,0.0440127669051289,-0.0021864296868443957,0.0
2010,Lancaster - PA,2.5,2.5,0.009361456381157086,0.005739497914910293,-0.0060223671607672995,0.0
2009,Lancaster - PA,2.5,2.5,0.001676831394433951,-0.022735290601849506,0.005226405104622283,0.0
2008,Lancaster - PA,2.5,2.5,-0.0022715958766639233,-0.045520420111715705,0.011016000760719236,0.0
2007,Lancaster - PA,2.5,2.5,0.003133614547550701,-0.08104299555718893,0.011131000937894011,0.0
2006,Lancaster - PA,2.5,2.5,-0.007346538826823196,-0.07550846455991263,0.012234680587425913,0.0
2018,Lakeland - FL,3.0,3.0,0.0005816034972668041,0.02157176178693762,-0.006527097895741584,0.0
2017,Lakeland - FL,3.0,2.5,0.014748565852642104,0.0787590656951069,0.021966255269944602,-0.5
2016,Lakeland - FL,2.5,3.0,0.010687887668609604,0.1310654789879917,0.03890088479965921,0.5
2015,Lakeland - FL,3.0,3.0,0.014125596731901204,0.07273392797261471,0.01100538950413471,0.0
2014,Lakeland - FL,3.0,3.0,0.0086190961301327,0.1178872655630111,0.04474446550011641,0.0
2013,Lakeland - FL,3.0,3.0,0.006266592070460299,0.1061123788356781,0.04876274988055242,0.0
2012,Lakeland - FL,3.0,3.0,0.0023342296481131987,0.1087891157865524,0.05444773845374591,0.0
2011,Lakeland - FL,3.0,3.0,0.0018580383621157014,0.08823259884119031,0.042033402249217006,0.0
2010,Lakeland - FL,3.0,3.0,0.005442552501335785,0.0449654180184007,0.033203552942723105,0.0
2009,Lakeland - FL,3.0,3.0,-0.0022739265114069505,-0.003441186994314102,0.024520508712157683,0.0
2008,Lakeland - FL,3.0,3.0,-0.023179499898105894,-0.0429089348018169,0.013627486070618033,0.0
2007,Lakeland - FL,3.0,3.0,-0.0028409054502845,-0.1079926023930311,-0.01581860589794816,0.0
2006,Lakeland - FL,3.0,3.0,0.022297147661447504,-0.1087368861436844,-0.02099374099634586,0.0
2018,Lafayette - LA,2.5,2.5,-0.020517930388450595,0.015259603828191805,-0.012839255854487405,0.0
2017,Lafayette - LA,2.5,2.5,-0.02204359532333907,0.018118247255683007,-0.0386745631694793,0.0
2016,Lafayette - LA,2.5,2.5,-0.03438717219978571,0.058947117274627134,-0.03321747691370537,0.0
2015,Lafayette - LA,2.5,2.5,-0.050960738211870096,-0.013257631810381983,-0.07498617027886198,0.0
2014,Lafayette - LA,2.5,2.5,-0.001274293288588503,-0.06662200549431138,-0.13976480555720608,0.0
2013,Lafayette - LA,2.5,2.5,0.0008883625268936018,-0.07183410045690829,-0.12918372941203396,0.0
2012,Lafayette - LA,2.5,2.5,0.0093284603208303,-0.05343605916388328,-0.10777743649668978,0.0
2011,Lafayette - LA,2.5,2.5,-0.0029375459998845707,-0.030206184260547112,-0.07640538085252041,0.0
2010,Lafayette - LA,2.5,2.5,0.0028025724459439447,-0.03319388957694167,-0.044955754652619265,0.0
2009,Lafayette - LA,2.5,2.5,0.00585857219994065,-0.019154139701277013,0.008807556005194773,0.0
2008,Lafayette - LA,2.5,2.5,-0.0349392225034535,-0.040595999378711015,0.015940421493723926,0.0
2007,Lafayette - LA,2.5,2.5,0.00005271751433610049,-0.11206116003170612,-0.019887163536623176,0.0
2006,Lafayette - LA,2.5,2.5,0.026115439832210506,-0.11690605149045592,-0.029162906343117374,0.0
2018,Knoxville - TN,2.5,2.5,-0.014761716127395599,0.1425371233820913,0.1144382636994121,0.0
2017,Knoxville - TN,2.5,2.5,0.011574391275644299,0.1414394172430036,0.0846466068178413,0.0
2016,Knoxville - TN,2.5,2.5,0.007904507219791404,0.1458740993142125,0.05370950512588,0.0
2015,Knoxville - TN,2.5,2.5,-0.0008685477077960968,0.0969142611026763,0.03518572263419631,0.0
2014,Knoxville - TN,2.5,2.5,-0.0114191360771656,0.0912590804994105,0.018116280436515808,0.0
2013,Knoxville - TN,2.5,2.5,0.0009108036756515017,0.04977912753820409,-0.007570501416921593,0.0
2012,Knoxville - TN,2.5,2.5,-0.0012011462822556999,0.062443395718931996,0.008102018386125507,0.0
2011,Knoxville - TN,2.5,2.5,-0.007004942977800931,0.0415256774201988,-0.0046735191717744914,0.0
2010,Knoxville - TN,2.5,2.5,0.001277157338336105,-0.007821104293689235,-0.019582969369366827,0.0
2009,Knoxville - TN,2.5,2.0,-0.002843061462044747,-0.04539896002970641,-0.017437264323234624,-0.5
2008,Knoxville - TN,2.0,2.0,-0.0238931071944535,-0.06539761058054872,-0.008861189708113771,0.0
2007,Knoxville - TN,2.0,2.5,-0.000057646073401000295,-0.1258390970733017,-0.03366510057821877,0.5
2006,Knoxville - TN,2.5,2.5,0.025307640433311497,-0.12026474551670262,-0.03252160036936407,0.0
2006,Killeen - TX,2.5,3.0,0.000787641853094101,-0.08091569688543673,0.006827448261901809,0.5
2006,Kennewick-Richland - WA,3.0,3.0,0.012821909040212603,-0.0723470272161066,0.015396117931231948,0.0
2018,Kansas City - MO,2.5,2.5,-0.008734464645385697,0.018446248814463603,-0.00965261086821561,0.0
2017,Kansas City - MO,2.5,2.5,-0.007180262356996498,0.031912734597921405,-0.024880075827240906,0.0
2016,Kansas City - MO,2.5,2.5,0.003479827195406,0.0489987819194794,-0.043165812268853104,0.0
2015,Kansas City - MO,2.5,2.5,0.00025736540555960224,0.040557194024324505,-0.0211713444441555,0.0
2014,Kansas City - MO,2.5,2.5,-0.00036887638270850093,0.0612858604192735,-0.011856939643621195,0.0
2013,Kansas City - MO,2.5,2.5,0.00015009567141530122,0.0448032181710006,-0.012546410784125092,0.0
2012,Kansas City - MO,2.5,2.5,-0.00009727943688639905,0.050679526865482404,-0.003661850467324094,0.0
2011,Kansas City - MO,2.5,2.5,-0.00022913748398420072,0.0496203290447593,0.003421132452786005,0.0
2010,Kansas City - MO,2.5,2.5,-0.0020307160448282957,0.0114740328490734,-0.0002878322266041955,0.0
2009,Kansas City - MO,2.5,2.5,0.012968067079782451,-0.03053760938346388,-0.0025759136769920934,0.0
2008,Kansas City - MO,2.5,2.5,0.008631465490907403,-0.04577539108693608,0.010761029785498859,0.0
2007,Kansas City - MO,2.5,2.5,0.0026123998686670997,-0.07293159689009199,0.01924239960499096,0.0
2006,Kansas City - MO,2.5,2.5,-0.024408677592873598,-0.06579106623679408,0.02195207891054446,0.0
2018,Kalamazoo - MI,2.0,2.0,0.009744316339492805,0.061283121675253405,0.03318426199257418,0.0
2017,Kalamazoo - MI,2.0,2.5,0.006074236705899301,0.0968484001755719,0.04005558975040959,0.5
2016,Kalamazoo - MI,2.5,2.5,0.015858311206102406,0.136714916184545,0.04455032199621249,0.0
2015,Kalamazoo - MI,2.5,2.5,0.015285920351743705,0.1061054370254278,0.0443768985569478,0.0
2014,Kalamazoo - MI,2.5,2.0,0.008403634652495398,0.11859076987206932,0.045447969809174614,-0.5
2013,Kalamazoo - MI,2.0,2.0,0.0020295418798923007,0.11271604821085932,0.055366419255733615,0.0
2012,Kalamazoo - MI,2.0,2.5,-0.0037601608783006998,0.10199302212893961,0.04765164479613311,0.5
2011,Kalamazoo - MI,2.5,2.5,0.00011461647227409971,0.08401644380390641,0.03781724721193311,0.0
2010,Kalamazoo - MI,2.5,2.0,-0.005444594193249946,0.0338354175537824,0.022073552478104802,-0.5
2009,Kalamazoo - MI,2.0,2.0,0.01117382198572155,-0.026618657773360633,0.0013430379331111526,0.0
2008,Kalamazoo - MI,2.0,2.5,0.006340144667774404,-0.052423195606097636,0.0041132252663373045,0.5
2007,Kalamazoo - MI,2.5,2.0,-0.0081941438838839,-0.08375016844086354,0.008423828054219408,-0.5
2006,Kalamazoo - MI,2.0,2.5,-0.019199036061763798,-0.08375330009870233,0.0039898450486362085,0.5
2018,Jacksonville - FL,2.5,2.5,0.008046671748161302,0.03609075103700149,0.007991891354322295,0.0
2017,Jacksonville - FL,2.5,2.5,0.0166036896407605,0.1240779737532137,0.0672851633280514,0.0
2016,Jacksonville - FL,2.5,2.5,0.0093174017965794,0.2003106302320956,0.1081460360437631,0.0
2015,Jacksonville - FL,2.5,2.5,0.009804882109165206,0.10481254708766939,0.0430840086191894,0.0
2014,Jacksonville - FL,2.5,2.5,0.007099278271198297,0.11731746006011959,0.044174659997224905,0.0
2013,Jacksonville - FL,2.5,2.5,-0.0051963683217764005,0.10822155252099039,0.05087192356586471,0.0
2012,Jacksonville - FL,2.5,2.5,0.001004036515951101,0.0919702608287335,0.03762888349592701,0.0
2011,Jacksonville - FL,2.5,2.5,0.002750767860561599,0.0682284269630909,0.022029230371117606,0.0
2010,Jacksonville - FL,2.5,2.5,-0.004652349743992095,0.02722446151077739,0.015462596435099804,0.0
2009,Jacksonville - FL,2.5,2.5,-0.005639230832457542,-0.02695633112452929,0.0010053645819425028,0.0
2008,Jacksonville - FL,2.5,2.5,-0.0319820181466639,-0.06826956539414827,-0.011733144521713337,0.0
2007,Jacksonville - FL,2.5,2.5,-0.016115722246467998,-0.13069279084168378,-0.03851879434660083,0.0
2006,Jacksonville - FL,2.5,2.5,0.007108476012945203,-0.1433816982563585,-0.05563855310901993,0.0
2018,Jackson - MS,2.5,2.5,-0.0027550738304852954,0.045801513686776096,0.01770265400409688,0.0
2017,Jackson - MS,2.5,2.5,-0.01666549686342474,0.07098632664978499,0.014193516224622685,0.0
2016,Jackson - MS,2.5,3.0,-0.0117711685597897,0.08314299813657997,-0.00902159605175255,0.5
2015,Jackson - MS,3.0,2.5,0.003704965114593603,0.04499641478806726,-0.016732123680412738,-0.5
2014,Jackson - MS,2.5,3.0,0.009183363988995597,0.05285229585319756,-0.020290504209697132,0.5
2013,Jackson - MS,3.0,2.5,-0.004142338410019899,0.03904621880501516,-0.018303410150110534,-0.5
2012,Jackson - MS,2.5,2.5,-0.003262425772845799,0.03465070260316136,-0.019690674729645134,0.0
2011,Jackson - MS,2.5,3.0,-0.001991014461964341,0.0399115929529071,-0.006287603639066195,0.5
2010,Jackson - MS,3.0,2.5,-0.00006923149339855411,0.015254415534436759,0.003492550458759163,-0.5
2009,Jackson - MS,2.5,2.5,-0.0009307730942964519,-0.02824334185570478,-0.000281646149232994,0.0
2008,Jackson - MS,2.5,2.5,-0.02293637627735729,-0.06693220410495998,-0.010395783232525043,0.0
2007,Jackson - MS,2.5,2.5,-0.003076347522437602,-0.12136381759494537,-0.029189821099862436,0.0
2006,Jackson - MS,2.5,2.5,0.023498866707086605,-0.11674688799679278,-0.02900374284945424,0.0
2018,Inland Empire - CA,3.0,3.0,0.012083329260349301,0.10128641486912923,0.07318755518645004,0.0
2017,Inland Empire - CA,3.0,3.0,0.0243428312242031,0.1604282202720638,0.10363540984690149,0.0
2016,Inland Empire - CA,3.0,3.0,0.032298829406499904,0.2323358035385604,0.1401712093502279,0.0
2015,Inland Empire - CA,3.0,3.0,0.028635289520025302,0.1862119058966637,0.12448336742818371,0.0
2014,Inland Empire - CA,3.0,3.0,0.012812983244657499,0.1860265131592751,0.11288371309638041,0.0
2013,Inland Empire - CA,3.0,3.5,0.0067697241902351,0.1675228916108608,0.11017326265573511,0.5
2012,Inland Empire - CA,3.5,3.5,0.0037761349231003986,0.1592010349184274,0.10485965758562091,0.0
2011,Inland Empire - CA,3.5,3.5,0.005107613746076899,0.1304921578764915,0.08429296128451821,0.0
2010,Inland Empire - CA,3.5,3.5,-0.012474874733015895,0.0688636106997728,0.0571017456240952,0.0
2009,Inland Empire - CA,3.5,3.0,-0.014475459232926355,-0.01197011433541778,0.015991581371054005,-0.5
2008,Inland Empire - CA,3.0,3.0,-0.03558866726234559,-0.0678332819789648,-0.01129686110652985,0.0
2007,Inland Empire - CA,3.0,3.0,-0.0099475486204028,-0.14582924905419348,-0.053655252559110536,0.0
2006,Inland Empire - CA,3.0,3.0,0.008023243397474303,-0.15512208124995228,-0.06737893610261374,0.0
2018,Indianapolis - IN,2.5,2.5,0.0,0.09180089910328441,0.0637020394206052,0.0
2017,Indianapolis - IN,2.5,2.5,0.0070268362760544,0.11647997224330951,0.059687161818147205,0.0
2016,Indianapolis - IN,2.5,2.5,0.001946166157722501,0.1274274564087395,0.035262862220407,0.0
2015,Indianapolis - IN,2.5,2.5,-0.004001414403319296,0.0883143949210644,0.0265858564525844,0.0
2014,Indianapolis - IN,2.5,2.5,-0.00806906353682279,0.08621859695017339,0.013075796887278703,0.0
2013,Indianapolis - IN,2.5,2.5,-0.0057392884045839,0.054252153448760505,-0.003097475506365183,0.0
2012,Indianapolis - IN,2.5,2.5,-0.0023459168151021004,0.04550461342185741,-0.008836763910949083,0.0
2011,Indianapolis - IN,2.5,2.5,0.0032185963355004996,0.027989679589867714,-0.01820951700210558,0.0
2010,Indianapolis - IN,2.5,2.5,-0.012303954688832167,-0.00517522174864999,-0.016937086824327582,0.0
2009,Indianapolis - IN,2.5,2.5,0.01799648627638815,-0.05320132281631224,-0.025239627109840457,0.0
2008,Indianapolis - IN,2.5,2.5,0.011085340287536403,-0.055710498169064454,0.0008259227033704849,0.0
2007,Indianapolis - IN,2.5,2.5,-0.010748759843409,-0.07452344509959216,0.017650551395490786,0.0
2006,Indianapolis - IN,2.5,2.5,-0.024763041175901897,-0.07849543678015465,0.009247708367183888,0.0
2018,Huntsville - AL,2.5,2.5,0.017487842589616803,-0.03097575265169139,-0.05907461233437061,0.0
2017,Huntsville - AL,2.5,2.5,0.016435932368040102,0.0646281166523695,0.007835306227207187,0.0
2016,Huntsville - AL,2.5,2.5,-0.0026848278939724003,0.1359178661108017,0.043753271922469195,0.0
2015,Huntsville - AL,2.5,2.5,-0.011035453528165796,0.12270977672934531,0.06098123826086531,0.0
2014,Huntsville - AL,2.5,2.5,-0.02189538162201643,0.11494068387150762,0.04179788380861291,0.0
2013,Huntsville - AL,2.5,2.5,-0.0189075788948685,0.05565774086862798,-0.0016918880864977212,0.0
2012,Huntsville - AL,2.5,2.5,0.0,0.016254067761823476,-0.038087309570983024,0.0
2011,Huntsville - AL,2.5,2.5,0.005051073152571899,-0.008324045347049823,-0.05452324193902312,0.0
2010,Huntsville - AL,2.5,2.5,0.0016949058044701745,-0.035025475816801224,-0.046787340892478824,0.0
2009,Huntsville - AL,2.5,2.5,-0.004315709695220053,-0.06201867726631463,-0.03405698155984285,0.0
2008,Huntsville - AL,2.5,2.5,-0.0238425177522004,-0.0730137305054814,-0.01647730963304648,0.0
2007,Huntsville - AL,2.5,2.5,-0.00019431021064520056,-0.11358624498546131,-0.02141224849037838,0.0
2006,Huntsville - AL,2.5,2.0,0.023182064294815105,-0.10934970384836212,-0.021606558701023577,-0.5
2018,Houston - TX,3.0,3.0,-0.0214994493871927,-0.037772491948679085,-0.0658713516313583,0.0
2017,Houston - TX,3.0,3.0,0.009804114699363698,-0.012698646768927568,-0.06949145719408988,0.0
2016,Houston - TX,3.0,3.0,-0.0421631503850222,0.04648681308329103,-0.04567778110504147,0.0
2015,Houston - TX,3.0,2.5,-0.0006104707717894987,-0.027336694777011974,-0.08906523324549197,-0.5
2014,Houston - TX,2.5,2.5,0.008749114349484399,0.015721380293369197,-0.05742141976952549,0.0
2013,Houston - TX,2.5,2.5,0.0131491217762232,0.011629787459969393,-0.04571984149515629,0.0
2012,Houston - TX,2.5,3.0,0.011614479124545999,0.043270107001066094,-0.011071270331740393,0.5
2011,Houston - TX,3.0,3.0,0.004402139689773401,0.036938290685415195,-0.009260905906558092,0.0
2010,Houston - TX,3.0,3.0,-0.0042927260510623455,0.049066249243915096,0.0373043841682375,0.0
2009,Houston - TX,3.0,2.5,0.011971250176429752,0.0056604331824928675,0.03362212888896465,-0.5
2008,Houston - TX,2.5,2.5,0.018041055183857704,-0.01969215615652493,0.03684426471591001,0.0
2007,Houston - TX,2.5,2.5,0.009525372646748997,-0.05043779837153843,0.04173619812354451,0.0
2006,Houston - TX,2.5,3.0,-0.013240089640021296,-0.04809605350159103,0.039647091645747506,0.5
2018,Honolulu - HI,3.0,2.5,-0.010578688234090798,-0.03223161995597168,-0.0603304796386509,-0.5
2017,Honolulu - HI,2.5,3.0,0.004902454093098699,-0.02487115878052998,-0.0816639692056923,0.5
2016,Honolulu - HI,3.0,3.0,-0.01643834728747606,0.0651825605630876,-0.026982033625244914,0.0
2015,Honolulu - HI,3.0,3.0,-0.015881774015724597,0.025856437616050335,-0.03587210085242967,0.0
2014,Honolulu - HI,3.0,3.0,0.0252191051840782,0.034863449215889034,-0.038279350847005664,0.0
2013,Honolulu - HI,3.0,3.0,0.015138344839215303,0.044572378695011135,-0.012777250260114562,0.0
2012,Honolulu - HI,3.0,3.0,0.011185752227902402,0.06728116014599804,0.012939782813191539,0.0
2011,Honolulu - HI,3.0,2.5,0.001643755007535299,0.06542227753996854,0.01922308094799524,-0.5
2010,Honolulu - HI,2.5,3.0,0.030863524647429582,0.0490670483186842,0.0373051832430066,0.5
2009,Honolulu - HI,3.0,3.0,-0.023185940459370655,0.056088786199688996,0.08405048190616078,0.0
2008,Honolulu - HI,3.0,2.5,-0.009331625944469124,-0.02089098460972301,0.035645436262711924,-0.5
2007,Honolulu - HI,2.5,2.5,0.0320332525298,-0.08099853101605545,0.011175465479027497,0.0
2006,Honolulu - HI,2.5,2.5,0.0440821051597595,-0.05572017936641344,0.0320229657809251,0.0
2018,Hartford - CT,2.5,2.0,-0.0027009081095456973,0.019038666829466803,-0.009060192853212405,-0.5
2017,Hartford - CT,2.0,2.0,-0.0057303588837385,0.025475146114826205,-0.0313176643103361,0.0
2016,Hartford - CT,2.0,2.0,-0.0054140668362379005,0.0491507868021726,-0.043013807386159904,0.0
2015,Hartford - CT,2.0,2.5,-0.007423743605613698,0.039167627215385394,-0.022560911253094604,0.5
2014,Hartford - CT,2.5,2.5,0.004359517246484798,0.044929876506328494,-0.0282129235565662,0.0
2013,Hartford - CT,2.5,2.5,-0.007253188639879199,0.04044006876647469,-0.016909560188650998,0.0
2012,Hartford - CT,2.5,2.5,-0.005542214028537299,0.032879536613821994,-0.0214618407189845,0.0
2011,Hartford - CT,2.5,2.5,-0.0021557132713496407,0.024925500728189998,-0.021273695863783297,0.0
2010,Hartford - CT,2.5,2.5,-0.007507239934057001,-0.006253477223217445,-0.018015342298895037,0.0
2009,Hartford - CT,2.5,2.0,-0.003585116937756549,-0.04606053433381013,-0.01809883862733834,-0.5
2008,Hartford - CT,2.0,2.5,-0.0009536473080515862,-0.08257989368401462,-0.02604347281157969,0.5
2007,Hartford - CT,2.5,2.5,-0.021438450552523122,-0.11191792797483502,-0.019743931479752078,0.0
2006,Hartford - CT,2.5,2.5,-0.0235659554600716,-0.12338331315107644,-0.0356401680037379,0.0
2018,Harrisburg - PA,2.5,2.5,0.007714167237281806,0.0025338631570338,-0.025564996525645416,0.0
2017,Harrisburg - PA,2.5,2.5,-0.0048094727098941005,0.034017264708876505,-0.02277554571628581,0.0
2016,Harrisburg - PA,2.5,2.5,0.006901156157255199,0.08431430670619,-0.007850287482142507,0.0
2015,Harrisburg - PA,2.5,2.0,-0.007102170959114997,0.07076614302396769,0.009037604555487697,-0.5
2014,Harrisburg - PA,2.0,2.0,-0.002656597644090602,0.071105526342988,-0.0020372737199066977,0.0
2013,Harrisburg - PA,2.0,2.5,-0.0018987022340298011,0.057396711036563,0.00004708208143730519,0.5
2012,Harrisburg - PA,2.5,2.5,-0.0041551385074854,0.044775589942932195,-0.009565787389874302,0.0
2011,Harrisburg - PA,2.5,2.0,0.003657655324786898,0.037287743404507696,-0.008911453187465602,-0.5
2010,Harrisburg - PA,2.0,2.0,0.008981839055195485,-0.00039308894425630486,-0.012154954019933903,0.0
2009,Harrisburg - PA,2.0,2.0,0.00475634820759295,-0.024032639712095204,0.00392905599437658,0.0
2008,Harrisburg - PA,2.0,2.0,-0.0030228584073483944,-0.045194419026374805,0.011342001846060133,0.0
2007,Harrisburg - PA,2.0,2.0,0.0037438375875354004,-0.0819561508223414,0.01021784567274154,0.0
2006,Harrisburg - PA,2.0,2.5,-0.007601005956530599,-0.0696263233795762,0.018116821767762338,0.5
2018,Gulfport-Biloxi-Pascagoula - MS,2.5,2.5,0.0175962373614311,0.07895624995976697,0.05085739027708776,0.0
2017,Gulfport-Biloxi-Pascagoula - MS,2.5,2.5,-0.012316462583839899,0.10751385135203606,0.05072104092687377,0.0
2016,Gulfport-Biloxi-Pascagoula - MS,2.5,3.0,-0.0124572403728962,0.10038987311720846,0.008225278928875963,0.5
2015,Gulfport-Biloxi-Pascagoula - MS,3.0,2.5,-0.023079028353095006,0.04838401776552197,-0.01334452070295803,-0.5
2014,Gulfport-Biloxi-Pascagoula - MS,2.5,2.5,-0.020083074923604723,0.0635802899971604,-0.009562510065734296,0.0
2013,Gulfport-Biloxi-Pascagoula - MS,2.5,2.5,-0.0065657710656524,0.00701006008312097,-0.05033956887200472,0.0
2012,Gulfport-Biloxi-Pascagoula - MS,2.5,2.5,-0.01129097444936638,-0.020160199966281725,-0.07450157729908823,0.0
2011,Gulfport-Biloxi-Pascagoula - MS,2.5,2.5,-0.011904362821951477,-0.027276892572641407,-0.0734760891646147,0.0
2010,Gulfport-Biloxi-Pascagoula - MS,2.5,3.0,0.0013878953177481855,-0.061161346537992385,-0.07292321161366998,0.5
2009,Gulfport-Biloxi-Pascagoula - MS,3.0,3.0,-0.0000405795872211491,-0.07641798364929858,-0.04845628794282679,0.0
2008,Gulfport-Biloxi-Pascagoula - MS,3.0,2.5,-0.028580764774233096,-0.08495021347887816,-0.028413792606443215,-0.5
2007,Gulfport-Biloxi-Pascagoula - MS,2.5,3.0,-0.0010503074154258,-0.14260278281010685,-0.05042878631502391,0.5
2006,Gulfport-Biloxi-Pascagoula - MS,3.0,2.5,0.0240969881415367,-0.12793126442842187,-0.04018811928108333,-0.5
2018,Greenville - SC,2.5,2.5,0.007639367133379003,0.04537684758938887,0.01727798790670966,0.0
2017,Greenville - SC,2.5,2.5,-0.01712343562394377,0.1060016675442461,0.04920885711908379,0.0
2016,Greenville - SC,2.5,2.5,-0.011878577992320099,0.10480865693837443,0.012644062750041929,0.0
2015,Greenville - SC,2.5,2.5,0.003363892436027603,0.03769335754960773,-0.02403518091887227,0.0
2014,Greenville - SC,2.5,2.5,0.022453859448432898,0.05421849391609433,-0.018924306146800365,0.0
2013,Greenville - SC,2.5,2.5,0.0075523462146521,0.06180473435670133,0.004455105401575638,0.0
2012,Greenville - SC,2.5,2.5,0.010894838720560001,0.05870946181565523,0.0043680844828487345,0.0
2011,Greenville - SC,2.5,2.5,0.0036014211364090998,0.0785855554193258,0.03238635882735251,0.0
2010,Greenville - SC,2.5,2.5,0.0030873531941324455,0.0596282230317593,0.047866357956081705,0.0
2009,Greenville - SC,2.5,2.5,0.0019918736070394516,0.019628123007714757,0.04758981871418655,0.0
2008,Greenville - SC,2.5,2.5,-0.0267048240639269,-0.02940858799964184,0.027127832872793103,0.0
2007,Greenville - SC,2.5,2.5,-0.0017947209998965003,-0.09930333390086885,-0.007129337405785899,0.0
2006,Greenville - SC,2.5,2.5,0.024325340986251796,-0.10756204227358095,-0.0198188971262424,0.0
2018,Greenville - NC,2.5,2.5,-0.003658147528767596,0.08754941527545418,0.059450555592774984,0.0
2017,Greenville - NC,2.5,2.5,0.0,0.11780173318088019,0.06100892275571789,0.0
2016,Greenville - NC,2.5,2.5,0.007292933762073501,0.12977423842251257,0.03760964423418009,0.0
2015,Greenville - NC,2.5,2.5,-0.004566472023725496,0.0803483365923165,0.0186197981238365,0.0
2014,Greenville - NC,2.5,2.5,-0.01628861739300191,0.07745578657090649,0.0043129865080118075,0.0
2013,Greenville - NC,2.5,2.5,0.004744712263345701,0.04012932577170419,-0.0172203031834215,0.0
2012,Greenville - NC,2.5,2.5,-0.000784648582339299,0.045523933941498285,-0.008817443391308202,0.0
2011,Greenville - NC,2.5,2.5,-0.0020985635928809296,0.036597104618325785,-0.009602091973647501,0.0
2010,Greenville - NC,2.5,2.5,0.001107980264350765,-0.007231724252924343,-0.018993589328601932,0.0
2009,Greenville - NC,2.5,2.5,0.0012940466403961494,-0.04128083274699747,-0.013319137040525671,0.0
2008,Greenville - NC,2.5,2.5,-0.019831177312880796,-0.052272893879562556,0.004263526992872389,0.0
2007,Greenville - NC,2.5,2.0,-0.002578589133918301,-0.11248635907843706,-0.02031236258335411,-0.5
2006,Greenville - NC,2.0,2.5,0.020803794264793403,-0.10984944828227165,-0.02210630313493311,0.5
2018,Greensboro - NC,2.5,2.5,0.0158935859799385,0.12660249029099951,0.09850363060832032,0.0
2017,Greensboro - NC,2.5,2.5,-0.0006195846945046997,0.17422862151265153,0.11743581108748921,0.0
2016,Greensboro - NC,2.5,2.5,0.010405059903860104,0.19634057904779922,0.10417598485946672,0.0
2015,Greensboro - NC,2.5,2.5,-0.0024404246360062963,0.1268793321102857,0.06515079364180572,0.0
2014,Greensboro - NC,2.5,2.5,-0.0005172528326511001,0.1102814856469631,0.03713868558406841,0.0
2013,Greensboro - NC,2.5,2.5,0.0002342052757739986,0.08007101267576221,0.02272138372063651,0.0
2012,Greensboro - NC,2.5,2.5,-0.0056387344375253,0.0614033803492785,0.0070620030164720085,0.0
2011,Greensboro - NC,2.5,2.5,-0.0017934381030499623,0.048242049865424706,0.002042853273451408,0.0
2010,Greensboro - NC,2.5,2.5,-0.001068776240572335,0.0016062203422189392,-0.010155644733458659,0.0
2009,Greensboro - NC,2.5,2.5,0.0029022768139838513,-0.036745692044496486,-0.008783996338024697,0.0
2008,Greensboro - NC,2.5,2.5,-0.022130045574158395,-0.06190088756382468,-0.005364466691389746,0.0
2007,Greensboro - NC,2.5,2.5,-0.005107649601995902,-0.11990271403640508,-0.02772871754132214,0.0
2006,Greensboro - NC,2.5,2.5,0.024573884904384606,-0.11494077785313128,-0.027197632705792743,0.0
2008,Greeley - CO,3.0,2.5,0.005185838323086504,-0.1533434568182565,-0.043891733803320676,-0.5
2007,Greeley - CO,2.5,2.5,0.0082648498937488,-0.135558415484149,-0.016154815966729047,0.0
2006,Greeley - CO,2.5,2.5,0.0019601881504059046,-0.08478997580381109,0.0029531693435274533,0.0
2018,Grand Rapids - MI,2.5,2.5,0.0020784288644790996,0.08363050115108489,0.05553164146840568,0.0
2017,Grand Rapids - MI,2.5,2.5,0.010390069335699099,0.099761294066906,0.04296848364174368,0.0
2016,Grand Rapids - MI,2.5,2.5,0.0059773921966552995,0.1327224871814251,0.040557892993092585,0.0
2015,Grand Rapids - MI,2.5,2.5,0.0238647647202015,0.1047933730185032,0.04306483455002319,0.0
2014,Grand Rapids - MI,2.5,2.5,0.009670626372098898,0.12327326047420499,0.05013046041131029,0.0
2013,Grand Rapids - MI,2.5,2.5,0.0022788476198912014,0.10933091044425959,0.0519812814891339,0.0
2012,Grand Rapids - MI,2.5,2.5,0.0029449388384818996,0.10652307757735249,0.052181700244546,0.0
2011,Grand Rapids - MI,2.5,2.5,0.0065120034851134,0.09093576633930209,0.0447365697473288,0.0
2010,Grand Rapids - MI,2.5,2.5,-0.004382923478260636,0.057033046111464494,0.045271181035786895,0.0
2009,Grand Rapids - MI,2.5,2.5,0.010960113257169751,-0.010938202869147023,0.017023492837324763,0.0
2008,Grand Rapids - MI,2.5,2.5,0.003032441716641205,-0.038223441150039325,0.018312979722395616,0.0
2007,Grand Rapids - MI,2.5,2.5,-0.0034465612843632993,-0.07310742267593733,0.01906657381914562,0.0
2006,Grand Rapids - MI,2.5,2.5,-0.020537480711937,-0.07506807145103812,0.01267507369630042,0.0
2018,Gainesville - FL,2.0,2.0,0.007617957890033701,0.06564071853458911,0.0375418588519099,0.0
2017,Gainesville - FL,2.0,2.0,0.019562453031540004,0.10666451962292221,0.0498717091977599,0.0
2016,Gainesville - FL,2.0,2.0,0.0209358148276806,0.1458384613245729,0.053673867136240394,0.0
2015,Gainesville - FL,2.0,2.0,0.011592153459787403,0.11530931432545191,0.05358077585697191,0.0
2014,Gainesville - FL,2.0,2.0,-0.006751469336450102,0.149761844009161,0.07661904394626631,0.0
2013,Gainesville - FL,2.0,2.5,0.004494182765483901,0.11030653882771731,0.05295690987259161,0.5
2012,Gainesville - FL,2.5,2.5,0.003160350024700099,0.10417451208084831,0.04983313474804181,0.0
2011,Gainesville - FL,2.5,2.5,-0.0012824288569390496,0.07963022833317521,0.033431031741201905,0.0
2010,Gainesville - FL,2.5,2.5,-4.100846126675606e-6,0.022974653132259854,0.011212788056582256,0.0
2009,Gainesville - FL,2.5,2.0,-0.0006688106805086483,-0.02834516195580361,-0.00038346624933182326,-0.5
2008,Gainesville - FL,2.0,2.0,-0.023228899110108593,-0.05083722846582531,0.00569919240660963,0.0
2007,Gainesville - FL,2.0,2.0,-0.003318139351904401,-0.1141978859640658,-0.022023889468982864,0.0
2006,Gainesville - FL,2.0,2.0,0.0240830816328525,-0.1162455239929259,-0.028502378845587366,0.0
2018,Fresno - CA,3.0,3.0,0.019280519336462,0.1004013501554723,0.07230249047279308,0.0
2017,Fresno - CA,3.0,3.0,0.021654084324836804,0.1411024423837657,0.08430963195860339,0.0
2016,Fresno - CA,3.0,3.0,0.028963331133127206,0.1962366639375682,0.10407206974923569,0.0
2015,Fresno - CA,3.0,3.5,0.009372886270284701,0.17722904261946681,0.11550050415098681,0.5
2014,Fresno - CA,3.5,3.5,-0.003864547237753901,0.1690651397705078,0.0959223397076131,0.0
2013,Fresno - CA,3.5,3.5,-0.0036199651658535004,0.1327559027820825,0.0754062738269568,0.0
2012,Fresno - CA,3.5,3.0,-0.00843445491045718,0.10684716665744781,0.05250578932464131,-0.5
2011,Fresno - CA,3.0,3.5,-0.004633988719433511,0.06861644668132062,0.022417250089347328,0.5
2010,Fresno - CA,3.5,3.5,4.100846126675606e-6,0.0005817953124642034,-0.011180069763213387,0.0
2009,Fresno - CA,3.5,3.0,-0.02042110450565815,-0.0485105508938432,-0.020548855187371415,-0.5
2008,Fresno - CA,3.0,3.0,0.0013699396513402462,-0.0936418333277106,-0.03710541245527566,0.0
2007,Fresno - CA,3.0,3.0,0.012702628038823603,-0.12428950413316486,-0.032115507638081915,0.0
2006,Fresno - CA,3.0,3.0,0.0129552818834782,-0.09872156983613967,-0.010978424688801135,0.0
2018,Fort Wayne - IN,2.5,2.5,0.002762399613857304,0.06767511446773972,0.039576254785060515,0.0
2017,Fort Wayne - IN,2.5,2.5,-0.00006526336073869876,0.11114690625667539,0.054354095831513086,0.0
2016,Fort Wayne - IN,2.5,2.5,0.003970673307776498,0.1345433010458943,0.04237870685756179,0.0
2015,Fort Wayne - IN,2.5,2.0,0.013525664806366001,0.0695412508100272,0.007812712341547198,-0.5
2014,Fort Wayne - IN,2.0,2.5,-0.008613053709268572,0.09479573141038419,0.021652931347489503,0.5
2013,Fort Wayne - IN,2.5,2.5,-0.0074524842202663005,0.06893004961311822,0.011580420657992533,0.0
2012,Fort Wayne - IN,2.5,2.5,0.0015550814568996013,0.05570691415667542,0.0013655368238689285,0.0
2011,Fort Wayne - IN,2.5,2.5,-0.00499899266287681,0.04918507823348052,0.0029858816415072285,0.0
2010,Fort Wayne - IN,2.5,2.5,-0.006170716544147584,0.005778080746531515,-0.005983784329146079,0.0
2009,Fort Wayne - IN,2.5,2.5,0.015366205945610951,-0.05364186138613145,-0.025680165679659667,0.0
2008,Fort Wayne - IN,2.5,2.5,0.006682361010462004,-0.05823732689721508,-0.0017009060247801418,0.0
2007,Fort Wayne - IN,2.5,2.5,-0.004492218606174001,-0.07974005728913477,0.012433939205948163,0.0
2006,Fort Wayne - IN,2.5,2.5,-0.0184371061623097,-0.08135650600446398,0.006386639142874561,0.0
2018,Fort Myers - FL,2.5,2.5,-0.013038892298936795,0.09407872040569783,0.06597986072301859,0.0
2017,Fort Myers - FL,2.5,2.5,0.011790383607149204,0.18609116213023663,0.1292983517050743,0.0
2016,Fort Myers - FL,2.5,2.5,0.013723380863666505,0.19858422826230535,0.10641963407397281,0.0
2015,Fort Myers - FL,2.5,2.5,0.0200050510466099,0.043490698084235224,-0.01823784038424478,0.0
2014,Fort Myers - FL,2.5,2.5,0.038385935127735096,0.10822784486413002,0.03508504480123532,0.0
2013,Fort Myers - FL,2.5,2.5,0.009431703016161901,0.12821548730134963,0.07086585834622391,0.0
2012,Fort Myers - FL,2.5,2.5,0.0181389413774013,0.14767783099412912,0.09333645366132261,0.0
2011,Fort Myers - FL,2.5,2.5,0.007403607014566698,0.145884208023548,0.09968501143157471,0.0
2010,Fort Myers - FL,2.5,3.0,-0.0015975979622453451,0.1051271026581525,0.09336523758247489,0.5
2009,Fort Myers - FL,3.0,2.5,-0.009782375767827048,0.043800892867147875,0.07176258857361965,-0.5
2008,Fort Myers - FL,2.5,2.5,-0.025009325239807395,-0.032942143194377424,0.023594277678057506,0.0
2007,Fort Myers - FL,2.5,3.0,-0.0035122195258736003,-0.10302074707299473,-0.01084675057791179,0.5
2006,Fort Myers - FL,3.0,2.5,0.0178234577178955,-0.12024105662852523,-0.03249791148118669,-0.5
2018,Fort Collins - CO,2.5,2.5,-0.008993783965706798,0.01891603492945456,-0.009182824753224645,0.0
2017,Fort Collins - CO,2.5,2.5,0.018233627080917404,0.03754756679385926,-0.019245243631303043,0.0
2016,Fort Collins - CO,2.5,2.5,-0.0245694724144414,0.09314159720391066,0.0009770030155781609,0.0
2015,Fort Collins - CO,2.5,2.5,-0.009289462119340897,0.007656287739984665,-0.054072250728495336,0.0
2014,Fort Collins - CO,2.5,2.5,0.021813824772834795,0.0324735636143013,-0.040669236448593396,0.0
2013,Fort Collins - CO,2.5,2.5,0.003932209685444801,0.0545443623093888,-0.002805266645736895,0.0
2012,Fort Collins - CO,2.5,2.5,0.0136766843497753,0.0644621043382212,0.010120727005414703,0.0
2011,Fort Collins - CO,2.5,2.5,0.0154590127058328,0.051762980866245895,0.0055637842742726,0.0
2010,Fort Collins - CO,2.5,2.5,0.002614613855257625,0.057354134470224395,0.0455922693945468,0.0
2009,Fort Collins - CO,2.5,2.5,-0.005054788663983345,0.029534649662673537,0.05749634536914532,0.0
2008,Fort Collins - CO,2.5,2.0,0.004070556256920106,-0.025908688940107755,0.03062773193232718,-0.5
2007,Fort Collins - CO,2.0,2.5,0.0138326128944755,-0.06140791799128045,0.030766078503802488,0.5
2006,Fort Collins - CO,2.5,2.5,-0.0025055073201655995,-0.056821138098835856,0.030922007048502686,0.0
2006,Flint - MI,2.5,2.5,-0.018334375694394098,-0.08887971678189929,-0.001136571634560761,0.0
2018,Fayetteville - NC,2.5,2.5,0.027139801532030106,0.15585354375466678,0.1277546840719876,0.0
2017,Fayetteville - NC,2.5,2.5,-0.0106716398149728,0.2357919866740701,0.1789991762489078,0.0
2016,Fayetteville - NC,2.5,2.5,0.007566213607788105,0.2173629472702739,0.12519835308194138,0.0
2015,Fayetteville - NC,2.5,2.5,-0.03363663167692715,0.1517573199123144,0.09002878144383442,0.0
2014,Fayetteville - NC,2.5,2.5,-0.022043687757104632,0.07750688428245484,0.004364084219560152,0.0
2013,Fayetteville - NC,2.5,3.0,-0.01738254050724209,0.025703684845939316,-0.03164594410918637,0.5
2012,Fayetteville - NC,3.0,3.0,-0.00008559878915549886,-0.021826908815652076,-0.07616828614845857,0.0
2011,Fayetteville - NC,3.0,3.0,-0.00980520516168323,-0.019383048530667975,-0.06558224512264127,0.0
2010,Fayetteville - NC,3.0,3.0,-0.00021756929345429638,-0.071191798816435,-0.0829536638921126,0.0
2009,Fayetteville - NC,3.0,3.0,-0.0014481861144304518,-0.07749629721511153,-0.049534601508639746,0.0
2008,Fayetteville - NC,3.0,3.0,-0.021311759483069195,-0.0854755207384005,-0.028939099865965566,0.0
2007,Fayetteville - NC,3.0,3.0,-0.002027816139161599,-0.12504231533687563,-0.03286831884179267,0.0
2006,Fayetteville - NC,3.0,3.0,0.025180242955684697,-0.12255368133913731,-0.034810536191798774,0.0
2006,Evansville - IN,2.0,2.5,-0.0176493730396032,-0.08603981436602771,0.0017033307813108228,0.5
2018,Eugene - OR,2.5,2.0,0.0101889781653881,0.0418452125489711,0.013746352866291885,-0.5
2017,Eugene - OR,2.0,2.5,0.0204851850867272,0.08594629713892929,0.029153486713766986,0.5
2016,Eugene - OR,2.5,2.5,0.036761432886123706,0.11812573808431619,0.025961143895983682,0.0
2015,Eugene - OR,2.5,2.5,0.0277936011552811,0.1307603041529655,0.0690317656844855,0.0
2014,Eugene - OR,2.5,2.5,-0.000041548162698700625,0.1692756000459194,0.09613279998302471,0.0
2013,Eugene - OR,2.5,2.5,0.0006237030029297014,0.1525372780859471,0.09518764913082141,0.0
2012,Eugene - OR,2.5,2.5,0.0010779406875370996,0.1399637513011695,0.085622373968363,0.0
2011,Eugene - OR,2.5,2.5,-0.0009305072017013714,0.1124143261611462,0.06621512956917291,0.0
2010,Eugene - OR,2.5,2.5,0.0021084158215671743,0.040285054557025426,0.02852318948134783,0.0
2009,Eugene - OR,2.5,2.0,-0.030369332060217843,-0.025123691558837882,0.0028380041476339032,-0.5
2008,Eugene - OR,2.0,2.0,0.0016549336723983045,-0.08402620062232018,-0.02748977974988524,0.0
2007,Eugene - OR,2.0,2.0,0.0198823167011142,-0.11863254557549957,-0.026458549080416637,0.0
2006,Eugene - OR,2.0,2.0,0.024305172264575896,-0.09539731821417807,-0.007654173066839538,0.0
2018,Elkhart - IN,2.5,2.5,-0.005272155627608296,0.06332918056100569,0.03523032087832648,0.0
2017,Elkhart - IN,2.5,2.5,0.0208061560988427,0.10126643614470919,0.04447362571954688,0.0
2016,Elkhart - IN,2.5,2.5,0.004365472123026902,0.1667534704059359,0.07458887621760339,0.0
2015,Elkhart - IN,2.5,3.0,0.0114867202937603,0.0847782599627972,0.0230497214943172,0.5
2014,Elkhart - IN,3.0,2.5,-0.0020029190927744016,0.0943165566325188,0.0211737565696241,-0.5
2013,Elkhart - IN,2.5,2.5,-0.01245897170156241,0.08673290275037289,0.029383273795247203,0.0
2012,Elkhart - IN,2.5,2.5,-0.00598829519003634,0.07653783505409958,0.02219645772129309,0.0
2011,Elkhart - IN,2.5,3.0,-0.00466232141479847,0.04160120302438734,-0.004597993567585952,0.5
2010,Elkhart - IN,3.0,3.0,-0.005869317334145311,-0.0018639220297337264,-0.013625787105411324,0.0
2009,Elkhart - IN,3.0,2.5,0.00800308026373385,-0.05894352043978872,-0.030981824733316933,-0.5
2008,Elkhart - IN,2.5,3.0,0.005720170680433505,-0.07751224624924362,-0.020975825376808685,0.5
2007,Elkhart - IN,3.0,2.5,-0.005922458134591602,-0.09497067948989571,-0.0027966829948127686,-0.5
2006,Elkhart - IN,2.5,3.0,-0.0184837318956852,-0.09047399108670656,-0.0027308459393680304,0.5
2018,El Paso - TX,2.5,3.0,-0.005786646157503097,0.07812902224063889,0.05003016255795968,0.5
2017,El Paso - TX,3.0,3.0,-0.006187645718455297,0.0978330651819708,0.04104025475680849,0.0
2016,El Paso - TX,3.0,3.0,-0.01822215225547552,0.102363097921014,0.010198503732681493,0.0
2015,El Paso - TX,3.0,3.0,-0.03670530440285796,0.03634800248593088,-0.025380535982549125,0.0
2014,El Paso - TX,3.0,3.0,-0.01196164404973387,0.011194797281175815,-0.061948002781718886,0.0
2013,El Paso - TX,3.0,3.0,-0.0109413284808397,-0.02151376362890006,-0.07886339258402575,0.0
2012,El Paso - TX,3.0,3.0,-0.00597607716917996,-0.029676697574555856,-0.08401807490736235,0.0
2011,El Paso - TX,3.0,3.0,-0.0018716980703174825,-0.03760730976611372,-0.08380650635808702,0.0
2010,El Paso - TX,3.0,3.0,-0.002550727454945445,-0.05569418709725138,-0.06745605217292898,0.0
2009,El Paso - TX,3.0,3.0,-0.003601161763072052,-0.06126317093148824,-0.03330147522501646,0.0
2008,El Paso - TX,3.0,3.0,0.005704505834728504,-0.08147741381078957,-0.02494099293835464,0.0
2007,El Paso - TX,3.0,3.0,0.010539489798247799,-0.10046915511786937,-0.008295158622786436,0.0
2006,El Paso - TX,3.0,3.0,-0.0026365555822848996,-0.07952273680269722,0.008220408344641323,0.0
2006,Durham - NC,2.5,2.0,0.0207074210047722,-0.10170306401699777,-0.013959918869659235,-0.5
2018,Detroit - MI,2.5,2.5,-0.00028001517057419517,0.009508116960525483,-0.018590742722153726,0.0
2017,Detroit - MI,2.5,2.5,0.0038614757359028,0.04270233759284019,-0.014090472832322119,0.0
2016,Detroit - MI,2.5,2.5,0.0109505094587803,0.09544879335165019,0.003284199163317682,0.0
2015,Detroit - MI,2.5,2.5,0.009101547300815603,0.0867147105634212,0.024986172094941195,0.0
2014,Detroit - MI,2.5,2.5,-0.003488427959382501,0.0956769506931304,0.0225341506302357,0.0
2013,Detroit - MI,2.5,2.5,-0.0011295825242996008,0.0774947183206677,0.020145089365542004,0.0
2012,Detroit - MI,2.5,2.5,0.0028919558972120007,0.0736368993446231,0.0192955220118166,0.0
2011,Detroit - MI,2.5,2.5,-0.002884053159505101,0.0645251987650991,0.0183260021731258,0.0
2010,Detroit - MI,2.5,2.5,-0.016577950445935113,0.016253304630517995,0.004491439554840396,0.0
2009,Detroit - MI,2.5,2.5,0.0073095317929982515,-0.0491497538983821,-0.021188058191910317,0.0
2008,Detroit - MI,2.5,2.5,-0.009054873662535101,-0.0669265193119645,-0.010390098439529566,0.0
2007,Detroit - MI,2.5,2.5,-0.03456696355715392,-0.110489386072848,-0.018315389577765066,0.0
2006,Detroit - MI,2.5,2.5,-0.03641158400569112,-0.1435174541794695,-0.055774309032130986,0.0
2018,Denver - CO,2.5,2.5,0.0034767650067806036,-0.004722355075180748,-0.03282121475785997,0.0
2017,Denver - CO,2.5,2.5,0.002039050683379201,0.038907444901764135,-0.017885365523398186,0.0
2016,Denver - CO,2.5,2.5,-0.0078325811773539,0.08779867037385672,-0.004365923814475786,0.0
2015,Denver - CO,2.5,2.5,0.021545883268118002,0.02421117246896022,-0.03751736599951978,0.0
2014,Denver - CO,2.5,2.5,0.0236416384577751,0.0850978247374296,0.011955024674534898,0.0
2013,Denver - CO,2.5,2.5,0.0212380420416594,0.1002203851938247,0.042870756238699,0.0
2012,Denver - CO,2.5,2.5,0.023517690598964597,0.1149734106063843,0.0606320332735778,0.0
2011,Denver - CO,2.5,2.5,0.0159641881473363,0.1283098697811365,0.0821106731891632,0.0
2010,Denver - CO,2.5,2.5,0.03706538048572838,0.11766930758953101,0.1059074425138534,0.0
2009,Denver - CO,2.5,2.5,-0.012024635449051843,0.09346524402499201,0.12142693973146378,0.0
2008,Denver - CO,2.5,2.5,0.007958581205457404,0.029224244952201908,0.08576066582463684,0.0
2007,Denver - CO,2.5,2.5,0.008099029771983601,-0.019692791506648093,0.07248120498843484,0.0
2006,Denver - CO,2.5,2.5,-0.016932025551795998,-0.03068060098588469,0.05706254416145384,0.0
2018,Daytona Beach - FL,2.5,2.5,0.017684943974018104,0.030640932589769007,0.0025420729070897846,0.0
2017,Daytona Beach - FL,2.5,2.5,0.0042497497051955,0.12777777375280822,0.0709849633276459,0.0
2016,Daytona Beach - FL,2.5,2.5,0.010739464312791802,0.14529066297411888,0.053126068785786386,0.0
2015,Daytona Beach - FL,2.5,2.5,0.0036903060972691,0.0803892831206321,0.018660744652152103,0.0
2014,Daytona Beach - FL,2.5,2.5,0.0079150274395943,0.10554989944398399,0.03240709938108931,0.0
2013,Daytona Beach - FL,2.5,2.5,0.006000103428959801,0.1016291204839945,0.04427949152886881,0.0
2012,Daytona Beach - FL,2.5,2.5,0.0046206507831811,0.086936028316617,0.0325946509838105,0.0
2011,Daytona Beach - FL,2.5,2.5,0.002546558622270899,0.07916474865376939,0.032965552061796105,0.0
2010,Daytona Beach - FL,2.5,2.5,0.0017951068002730539,0.0365345114469528,0.0247726463712752,0.0
2009,Daytona Beach - FL,2.5,2.5,-0.007873317226767554,-0.005084248632192631,0.022877447074279154,0.0
2008,Daytona Beach - FL,2.5,2.5,-0.024492342490702895,-0.04944731846451764,0.0070891024079173005,0.0
2007,Daytona Beach - FL,2.5,2.5,0.0008356506004930011,-0.11557734000682833,-0.023403343511745396,0.0
2006,Daytona Beach - FL,2.5,2.5,0.0216710269451141,-0.11493148884177204,-0.027188343694433494,0.0
2018,Dayton - OH,2.5,2.5,-0.0008012764155864993,0.06418468695878979,0.03608582727611058,0.0
2017,Dayton - OH,2.5,2.5,-0.0021723508834838,0.07316501238942139,0.016372201964259078,0.0
2016,Dayton - OH,2.5,2.5,0.0013047289103269993,0.0928747630417347,0.0007101688534021846,0.0
2015,Dayton - OH,2.5,2.5,-0.002938592806458397,0.0721555589586497,0.010427020490169697,0.0
2014,Dayton - OH,2.5,2.5,-0.0036225067451596017,0.08034180435538299,0.007199004292488301,0.0
2013,Dayton - OH,2.5,2.5,-0.0056466264650226,0.049119631014764395,-0.0082299979403613,0.0
2012,Dayton - OH,2.5,2.5,-0.0026595732197165992,0.041266029343009096,-0.013075347989797401,0.0
2011,Dayton - OH,2.5,2.5,-0.0013469918631016896,0.032636626265943096,-0.0135625703260302,0.0
2010,Dayton - OH,2.5,2.5,-0.0064893835151451675,-0.004452426023781292,-0.01621429109945889,0.0
2009,Dayton - OH,2.5,2.5,0.010051097720861452,-0.047726777514617444,-0.01976508180814566,0.0
2008,Dayton - OH,2.5,2.5,0.004818029236048505,-0.06262789821455954,-0.006091477342124606,0.0
2007,Dayton - OH,2.5,2.5,-0.006782765500247501,-0.08780081813613644,0.004373178358946499,0.0
2006,Dayton - OH,2.5,2.5,-0.019105654209852198,-0.08749315906892294,0.0002499860784155976,0.0
2006,Davenport - IA,2.5,2.0,-0.014917159453034397,-0.08667771153990192,0.001065433607436628,-0.5
2018,Dallas-Fort Worth - TX,2.5,2.5,-0.0055556297302245955,0.02876391247659977,0.0006650527939205536,0.0
2017,Dallas-Fort Worth - TX,2.5,2.5,-0.0022546164691448004,0.08199148984253461,0.025198679417372298,0.0
2016,Dallas-Fort Worth - TX,2.5,2.5,0.005157988518476505,0.1179247307330375,0.025760136544705,0.0
2015,Dallas-Fort Worth - TX,2.5,2.5,0.025905393064022106,0.046881084784865405,-0.014847453683614596,0.0
2014,Dallas-Fort Worth - TX,2.5,2.5,0.011100867763161697,0.0990900914669037,0.02594729140400901,0.0
2013,Dallas-Fort Worth - TX,2.5,2.5,0.0089440979063511,0.0917036321014166,0.03435400314629091,0.0
2012,Dallas-Fort Worth - TX,2.5,2.5,0.0103929173201322,0.1031951081156731,0.04885373078286661,0.0
2011,Dallas-Fort Worth - TX,2.5,2.5,0.007946016732603301,0.10770046116411691,0.06150126457214361,0.0
2010,Dallas-Fort Worth - TX,2.5,2.5,-0.0032598925754427945,0.076051157861948,0.06428929278627041,0.0
2009,Dallas-Fort Worth - TX,2.5,2.5,0.008305918425321551,0.0071623114403337185,0.035124007146805504,0.0
2008,Dallas-Fort Worth - TX,2.5,2.5,0.010044028516858806,-0.02420736306346958,0.03232905780896536,0.0
2007,Dallas-Fort Worth - TX,2.5,2.5,-0.0044009732082486,-0.05874500807560988,0.03342898841947306,0.0
2006,Dallas-Fort Worth - TX,2.5,2.5,-0.0168199185281992,-0.06910804725624628,0.018635097891092266,0.0
2018,Corpus Christi - TX,3.0,3.0,-0.014494903385639198,-0.02988878092914824,-0.05798764061182744,0.0
2017,Corpus Christi - TX,3.0,3.0,-0.013260854408144899,0.0010632126182316959,-0.05572959780693061,0.0
2016,Corpus Christi - TX,3.0,2.5,-0.036469979211688,0.04503507862985129,-0.04712951555848121,-0.5
2015,Corpus Christi - TX,2.5,2.5,-0.005006123334169298,-0.0007175956964493094,-0.0624461341649293,0.0
2014,Corpus Christi - TX,2.5,3.0,0.011702755466103599,0.010429136037826591,-0.06271366402506809,0.5
2013,Corpus Christi - TX,3.0,2.5,0.0273567494004965,-0.00017947591841210864,-0.057529104873537795,-0.5
2012,Corpus Christi - TX,2.5,2.5,0.019243374466895998,0.03866392524540439,-0.015677452087402094,0.0
2011,Corpus Christi - TX,2.5,3.0,0.0014160252176225983,0.06302597337961209,0.016826776787638803,0.5
2010,Corpus Christi - TX,3.0,2.5,-0.005527388653717935,0.06647464629262699,0.0547127812169494,-0.5
2009,Corpus Christi - TX,2.5,2.5,-0.00302276946604255,0.02622982019092897,0.05419151589740076,0.0
2008,Corpus Christi - TX,2.5,2.5,0.002515732776373604,-0.01707042990718033,0.03946599096525461,0.0
2007,Corpus Christi - TX,2.5,2.5,0.013825817964971098,-0.07754902215395122,0.014624974341131716,0.0
2006,Corpus Christi - TX,2.5,2.5,0.0009788610041141024,-0.07853572730813173,0.009207417839206816,0.0
2018,Columbus - OH,2.5,2.5,-0.006872519850730896,0.022081409439444602,-0.006017450243234605,0.0
2017,Columbus - OH,2.5,2.5,0.007996786385774602,0.042641067743301404,-0.014151742681860901,0.0
2016,Columbus - OH,2.5,2.5,0.007082682102918602,0.0769182867109775,-0.015246307477354998,0.0
2015,Columbus - OH,2.5,2.5,0.0028388239443303057,0.0720852981209754,0.010356759652495409,0.0
2014,Columbus - OH,2.5,2.5,-0.003284592181444201,0.08418857264518731,0.011045772582292616,0.0
2013,Columbus - OH,2.5,2.5,-0.005367148667573901,0.0651108093559741,0.007761180400848415,0.0
2012,Columbus - OH,2.5,2.5,0.00297268666327,0.0636079289168119,0.00926655158400541,0.0
2011,Columbus - OH,2.5,2.5,0.001893208827823397,0.0504416484534741,0.004242451861500808,0.0
2010,Columbus - OH,2.5,2.5,0.003053542459383605,0.010814843662083195,-0.0009470214135943976,0.0
2009,Columbus - OH,2.5,2.5,0.02772957179695366,-0.028693998605012885,-0.0007323028985410981,0.0
2008,Columbus - OH,2.5,2.5,0.011480060871690505,-0.026254559792578177,0.03028186107985676,0.0
2007,Columbus - OH,2.5,2.5,-0.0009457645937800008,-0.045044925875961775,0.047129070619121166,0.0
2006,Columbus - OH,2.5,2.5,-0.018472865223884596,-0.044532525785267375,0.04321061936207117,0.0
2016,Columbia - MO,2.5,2.0,-0.0235595388803631,0.029338622672483314,-0.06282597151584919,-0.5
2015,Columbia - MO,2.0,2.0,-0.014020020142197599,-0.012269688781350884,-0.07399822724983089,0.0
2014,Columbia - MO,2.0,2.5,-0.004863380454480601,-0.00027009653672578626,-0.07341289659962048,0.5
2013,Columbia - MO,2.5,2.5,-0.004085842519998599,-0.024690379668027194,-0.08204000862315289,0.0
2012,Columbia - MO,2.5,2.5,0.00024126842617979913,-0.0013664855007083,-0.055707862833514796,0.0
2011,Columbia - MO,2.5,2.5,-0.001529096160083978,-0.00008831697888680122,-0.0462875135708601,0.0
2010,Columbia - MO,2.5,2.5,-0.0027044953312724863,-0.01249520577490338,-0.02425707085058098,0.0
2009,Columbia - MO,2.5,2.5,0.01030756719410415,-0.04090324174612765,-0.012941546039655865,0.0
2008,Columbia - MO,2.5,2.5,0.0074194516055286035,-0.05430701926350605,0.0022294016089288854,0.0
2007,Columbia - MO,2.5,2.0,-0.009940686635673,-0.07843930076062686,0.013734695734456088,-0.5
2006,Columbia - MO,2.0,2.0,-0.0160971190780401,-0.08419040447473525,0.0035527406726032894,0.0
2018,Colorado Springs - CO,2.5,2.5,0.011639606207609204,0.02491514649987219,-0.0031837131828070103,0.0
2017,Colorado Springs - CO,2.5,2.5,0.0174965113401413,0.1019571850597858,0.0451643746346235,0.0
2016,Colorado Springs - CO,2.5,2.5,0.035092398524284404,0.15806664291024197,0.0659020487219095,0.0
2015,Colorado Springs - CO,2.5,2.5,0.023566976189613405,0.1579773756563663,0.09624883718788631,0.0
2014,Colorado Springs - CO,2.5,2.5,0.016661096364259696,0.18454679432511328,0.11140399426221861,0.0
2013,Colorado Springs - CO,2.5,2.5,0.012452675029635398,0.1618062175810337,0.10445658862590801,0.0
2012,Colorado Springs - CO,2.5,2.5,0.0112508982419967,0.15961103478074068,0.1052696574479342,0.0
2011,Colorado Springs - CO,2.5,2.5,0.0119616729207337,0.1452232409417629,0.0990240443497896,0.0
2010,Colorado Springs - CO,2.5,2.5,0.006053126649931085,0.08765518382191649,0.07589331874623889,0.0
2009,Colorado Springs - CO,2.5,2.5,-0.0028530601412058466,0.03041777350008479,0.05837946920655658,0.0
2008,Colorado Springs - CO,2.5,2.5,-0.004855988547205925,-0.017671108171343902,0.03886531270109104,0.0
2007,Colorado Springs - CO,2.5,2.5,0.005260030739009399,-0.07061734737083322,0.021556649124249712,0.0
2006,Colorado Springs - CO,2.5,2.5,-0.014916980639100099,-0.07217736352607612,0.015565781621262414,0.0
2018,College Station-Bryan - TX,2.5,3.0,-0.013675995171070095,-0.005179952040314798,-0.033278811722994,0.5
2017,College Station-Bryan - TX,3.0,2.5,-0.0381883420050144,-0.025362931326031797,-0.08215574175119411,-0.5
2016,College Station-Bryan - TX,2.5,2.5,-0.0081435143947601,-0.032550711676478494,-0.124715305864811,0.0
2015,College Station-Bryan - TX,2.5,2.5,0.0086472667753697,-0.038242782011628194,-0.09997132048010819,0.0
2014,College Station-Bryan - TX,2.5,2.5,0.013038352131843598,0.002682184383273091,-0.0704606156796216,0.0
2013,College Station-Bryan - TX,2.5,2.5,-0.002052132040262198,0.01902739629149439,-0.0383222326636313,0.0
2012,College Station-Bryan - TX,2.5,2.5,-0.0016265371814371005,0.02764300779998309,-0.0266983695328234,0.0
2011,College Station-Bryan - TX,2.5,2.5,-0.0029965625144540917,0.05606263188272719,0.009863435290753899,0.0
2010,College Station-Bryan - TX,2.5,2.5,-0.0043942797929048556,0.026772252246737502,0.015010387171059908,0.0
2009,College Station-Bryan - TX,2.5,2.5,-0.0042214449495077515,-0.025992855103686433,0.0019688406027853524,0.0
2008,College Station-Bryan - TX,2.5,2.5,0.004452581983059603,-0.07182737735100093,-0.015290956478565997,0.0
2007,College Station-Bryan - TX,2.5,2.5,0.008779386989772297,-0.10096023895032713,-0.008786242455244196,0.0
2006,College Station-Bryan - TX,2.5,2.5,0.002196107059717199,-0.08612346343137334,0.0016196817159652016,0.0
2018,Cleveland - OH,2.0,2.0,-0.0019354950636624978,-0.006806689456105304,-0.03490554913878451,0.0
2017,Cleveland - OH,2.0,2.0,-0.011067505925893699,0.015862328797578797,-0.04093048162758351,0.0
2016,Cleveland - OH,2.0,2.0,-0.0086875036358833,0.039411777138710094,-0.05275281704962241,0.0
2015,Cleveland - OH,2.0,2.0,-0.0006838738918303958,0.024689554691314796,-0.037038983777165205,0.0
2014,Cleveland - OH,2.0,2.0,-0.006365387700498101,0.048022353604436,-0.025120446458458696,0.0
2013,Cleveland - OH,2.0,2.0,-0.0038634985685348996,0.028609862737357702,-0.02873976621776799,0.0
2012,Cleveland - OH,2.0,2.0,-0.0029190937057137992,0.023673607610166104,-0.030667769722640393,0.0
2011,Cleveland - OH,2.0,2.5,-0.0006405846215784029,0.0236798390895128,-0.022519357502460494,0.5
2010,Cleveland - OH,2.5,2.5,-0.007506299880333248,-0.0027105734124780005,-0.014472438488155596,0.0
2009,Cleveland - OH,2.5,2.0,0.01160773262381555,-0.04925656018313024,-0.02129486447665845,-0.5
2008,Cleveland - OH,2.0,2.0,0.0007670032791793346,-0.05985816502477974,-0.003321744152344798,0.0
2007,Cleveland - OH,2.0,2.0,-0.015220170840621,-0.0908652387997135,0.0013087576953694363,0.0
2006,Cleveland - OH,2.0,2.5,-0.0188018064945936,-0.0987354645868763,-0.010992319439537764,0.5
2018,Clarksville - TN,2.5,3.0,0.005407035350799602,0.020664690852165192,-0.00743416883051402,0.5
2017,Clarksville - TN,3.0,3.0,0.022100418806076102,0.06021793918311599,0.003425128757953682,0.0
2016,Clarksville - TN,3.0,3.0,-0.021189126651734107,0.1377325220704079,0.045567927882075386,0.0
2015,Clarksville - TN,3.0,3.0,-0.025397978257387828,0.08664702250435949,0.024918484035879485,0.0
2014,Clarksville - TN,3.0,3.0,-0.019725112244486802,0.06400564736872916,-0.00913715269416554,0.0
2013,Clarksville - TN,3.0,3.0,-0.006227554753422699,0.01854486595839266,-0.038804762996733036,0.0
2012,Clarksville - TN,3.0,3.0,-0.0047299414873124,0.0039020242318511637,-0.050439353100955334,0.0
2011,Clarksville - TN,3.0,3.0,-0.0024945395998656403,-0.031070516802370537,-0.07726971339434384,0.0
2010,Clarksville - TN,3.0,3.0,0.005244382889941284,-0.04681326126679777,-0.05857512634247537,0.0
2009,Clarksville - TN,3.0,3.0,-0.005217963829636546,-0.05589446090161804,-0.027932765195146262,0.0
2008,Clarksville - TN,3.0,3.0,-0.0235453951172531,-0.06996203765273093,-0.013425616780296006,0.0
2007,Clarksville - TN,3.0,2.5,-0.003679147921502599,-0.12291745363920933,-0.030743457144126407,-0.5
2006,Clarksville - TN,2.5,3.0,0.025350101292133297,-0.11743580872565514,-0.029692663578316604,0.5
2018,Cincinnati - OH,2.5,2.5,0.0025761388242245,0.0442362435609102,0.016137383878230986,0.0
2017,Cincinnati - OH,2.5,2.5,-0.0006344895809887972,0.061665549740195294,0.0048727393150329885,0.0
2016,Cincinnati - OH,2.5,2.5,-0.0017647687345743006,0.0770707777440549,-0.015093816444277612,0.0
2015,Cincinnati - OH,2.5,2.5,0.0,0.0580581589490176,-0.0036703795194624033,0.0
2014,Cincinnati - OH,2.5,2.5,-0.002459048293530901,0.07421728926897049,0.0010744892060757984,0.0
2013,Cincinnati - OH,2.5,2.5,0.0031528808176517,0.05506746117025619,-0.002282167784869501,0.0
2012,Cincinnati - OH,2.5,2.5,0.0019447132945060001,0.0526359515413642,-0.0017054257914423006,0.0
2011,Cincinnati - OH,2.5,2.5,-0.000751236919313638,0.047072973676025795,0.0008737770840524968,0.0
2010,Cincinnati - OH,2.5,2.5,-0.00004046480171382427,0.013649173974990755,0.0018873088993131594,0.0
2009,Cincinnati - OH,2.5,2.5,0.01311139948666095,-0.026114851608872447,0.0018468440975993351,0.0
2008,Cincinnati - OH,2.5,2.5,0.005833066534251002,-0.039119128994643745,0.01741729187779119,0.0
2007,Cincinnati - OH,2.5,2.5,-0.010908055119216399,-0.07207651890069244,0.02009747759439049,0.0
2006,Cincinnati - OH,2.5,2.5,-0.025385155342519297,-0.08049843596667045,0.00724470918066809,0.0
2018,Chico - CA,2.5,2.5,0.011205900460481706,-0.019763934567570602,-0.04786279425024981,0.0
2017,Chico - CA,2.5,2.5,0.007209874689579,0.0079785621315242,-0.048814248293638104,0.0
2016,Chico - CA,2.5,2.5,0.011766824871301705,0.0464281323105097,-0.0457364618778228,0.0
2015,Chico - CA,2.5,2.5,-0.002561904489993997,0.08846783031523231,0.026739291846752312,0.0
2014,Chico - CA,2.5,2.5,0.003427870571613298,0.1034485581815243,0.030305758118629615,0.0
2013,Chico - CA,2.5,2.5,0.0012589227408171012,0.08839819505810739,0.031048566102981713,0.0
2012,Chico - CA,2.5,2.5,0.002753026783466301,0.07544296571612359,0.021101588383317105,0.0
2011,Chico - CA,2.5,2.5,-0.0005505164153874025,0.0628439370691777,0.016644740477204406,0.0
2010,Chico - CA,2.5,2.5,-0.002123929327353835,0.01608926426619289,0.004327399190515301,0.0
2009,Chico - CA,2.5,2.5,-0.023814661428332343,-0.02319632135331633,0.0047653743531554625,0.0
2008,Chico - CA,2.5,2.5,-0.001699074637144804,-0.07901357851922512,-0.022477157646790178,0.0
2007,Chico - CA,2.5,2.5,0.017277668230235604,-0.11760915151983503,-0.025435155024752083,0.0
2006,Chico - CA,2.5,2.5,0.018562346696853603,-0.09865365872532132,-0.01091051357798278,0.0
2018,Chicago - IL,2.5,2.5,-0.005065282806754098,-0.024732837595045506,-0.052831697277724715,0.0
2017,Chicago - IL,2.5,2.5,-0.009879024699330299,-0.009628131188452207,-0.0664209416136145,0.0
2016,Chicago - IL,2.5,2.5,-0.010385205969214401,0.015085841037332993,-0.0770787531509995,0.0
2015,Chicago - IL,2.5,2.5,0.008984420448541704,-0.0143045759871602,-0.0760331144556402,0.0
2014,Chicago - IL,2.5,2.5,0.0026430133730172972,0.0485797203630209,-0.0245630796998738,0.0
2013,Chicago - IL,2.5,2.5,-0.0046389605849981,0.043647549301385896,-0.013702079653739797,0.0
2012,Chicago - IL,2.5,2.5,0.0019349791109561018,0.0410656199008227,-0.013275757431983799,0.0
2011,Chicago - IL,2.5,2.5,0.0040768519975245,0.0447374429702759,-0.001461753621697398,0.0
2010,Chicago - IL,2.5,2.5,0.009703510673716685,0.0247621694207191,0.013000304345041503,0.0
2009,Chicago - IL,2.5,2.5,0.007759999483823752,-0.014242301136255301,0.013719394570216484,0.0
2008,Chicago - IL,2.5,2.5,0.012513828929513703,-0.037700040191412,0.01883638068102294,0.0
2007,Chicago - IL,2.5,2.5,0.0262443264946342,-0.0561848262995482,0.03598917019553474,0.0
2006,Chicago - IL,2.5,2.5,0.007898896932601901,-0.027444627568125702,0.06029851757921284,0.0
2018,Chattanooga - TN,2.5,2.0,0.003881048411130905,0.04170013204962028,0.01360127236694108,-0.5
2017,Chattanooga - TN,2.0,2.0,-0.0015071202069520985,0.1015225666165353,0.044729756191372996,0.0
2016,Chattanooga - TN,2.0,2.5,-0.0020443499088287007,0.1204955721944571,0.028330978006124597,0.5
2015,Chattanooga - TN,2.5,2.5,-0.005374237895011898,0.0683880573958158,0.006659518927335805,0.0
2014,Chattanooga - TN,2.5,2.5,0.002682315185666098,0.0635785996466874,-0.009564200416207293,0.0
2013,Chattanooga - TN,2.5,2.5,-0.0030397605150938,0.05498728454113,-0.0023623444139956942,0.0
2012,Chattanooga - TN,2.5,2.5,0.0056288875639438005,0.0450582239925861,-0.0092831533402204,0.0
2011,Chattanooga - TN,2.5,2.5,0.0010370598174631977,0.044052051022648794,-0.0021471455693245003,0.0
2010,Chattanooga - TN,2.5,2.5,-0.00039766379632056453,0.012696129232644994,0.000934264156967398,0.0
2009,Chattanooga - TN,2.5,2.5,-0.00016784109175204884,-0.022050857450813054,0.005910838255658732,0.0
2008,Chattanooga - TN,2.5,2.5,-0.023803797084838194,-0.05347573889419435,0.003060681978240585,0.0
2007,Chattanooga - TN,2.5,2.5,-0.002246036194264901,-0.10987735108658675,-0.01770335459150381,0.0
2006,Chattanooga - TN,2.5,2.5,0.026908934116363505,-0.11332142349705104,-0.025578278349712512,0.0
2018,Charlotte - NC,2.5,2.5,0.012200687080621705,0.048068437583744204,0.01996957790106499,0.0
2017,Charlotte - NC,2.5,2.5,-0.004517929628491398,0.1255427206456658,0.0687499102205035,0.0
2016,Charlotte - NC,2.5,2.5,0.00016706064343450025,0.1554643432348963,0.0632997490465638,0.0
2015,Charlotte - NC,2.5,2.5,0.011619567871093806,0.0720181702524422,0.010289631783962205,0.0
2014,Charlotte - NC,2.5,2.5,0.004267521202564198,0.10388432215154161,0.03074152208864691,0.0
2013,Charlotte - NC,2.5,2.5,0.0049924552440643,0.0810865361243485,0.02373690716922281,0.0
2012,Charlotte - NC,2.5,2.5,0.014512956142425499,0.0708700526654719,0.016528675332665405,0.0
2011,Charlotte - NC,2.5,2.5,0.005143512506037999,0.0817587576955556,0.0355595611035823,0.0
2010,Charlotte - NC,2.5,2.5,-0.022518415702506917,0.052297878041863394,0.0405360129661858,0.0
2009,Charlotte - NC,2.5,2.5,-0.03325204364955425,-0.021563666313886707,0.0063980293925850786,0.0
2008,Charlotte - NC,2.5,2.5,-0.022799738217145198,-0.08765795633196831,-0.031121535459533372,0.0
2007,Charlotte - NC,2.5,2.5,-0.00005271751433610049,-0.15108772541582582,-0.05891372892074287,0.0
2006,Charlotte - NC,2.5,2.5,-0.013250846415758098,-0.161222547724843,-0.07347940257750447,0.0
2018,Charleston - SC,2.5,2.5,-0.010147674009203897,0.0897968763932582,0.06169801671057899,0.0
2017,Charleston - SC,2.5,2.5,-0.012154792435467198,0.1177936027348038,0.06100079230964149,0.0
2016,Charleston - SC,2.5,2.5,-0.001174233853817,0.1115605127736923,0.0193959185853598,0.0
2015,Charleston - SC,2.5,2.5,0.009010430425405502,0.0327731617614627,-0.028955376707017297,0.0
2014,Charleston - SC,2.5,2.5,0.018025055527687097,0.0625979532971978,-0.010544846765696897,0.0
2013,Charleston - SC,2.5,2.5,-0.00032034516334529875,0.0609084146097302,0.0035587856546045026,0.0
2012,Charleston - SC,2.5,2.5,0.005826037377119002,0.06772749183326959,0.0133861145004631,0.0
2011,Charleston - SC,2.5,2.5,0.008173797745257599,0.0775661409050226,0.0313669443130493,0.0
2010,Charleston - SC,2.5,2.5,0.004222257295623385,0.0524768409878015,0.0407149759121239,0.0
2009,Charleston - SC,2.5,2.5,-0.000620424747467048,0.007965107075869997,0.03592680278234178,0.0
2008,Charleston - SC,2.5,2.5,-0.0316373412497342,-0.0392550983652473,0.017281322507187637,0.0
2007,Charleston - SC,2.5,2.5,0.0014099264517426994,-0.1062096700742842,-0.01403567357920126,0.0
2006,Charleston - SC,2.5,2.5,0.024737082421779598,-0.1061949296519161,-0.018451784504577563,0.0
2016,Champaign-Urbana - IL,2.0,2.0,-0.02300952700898051,0.001095740564167504,-0.091068853624165,0.0
2015,Champaign-Urbana - IL,2.0,2.5,-0.013102181255817396,-0.007236643705517007,-0.06896518217399701,0.5
2014,Champaign-Urbana - IL,2.5,2.0,0.001380812376737598,0.007105086047202393,-0.0660377140156923,-0.5
2013,Champaign-Urbana - IL,2.0,2.5,-0.006003545597195599,0.0053528432734310915,-0.05199678568169461,0.5
2012,Champaign-Urbana - IL,2.5,2.5,-0.0028749890625476993,0.000977011505514394,-0.05336436582729211,0.0
2011,Champaign-Urbana - IL,2.5,2.5,-0.00530165294185278,0.0025897660441696942,-0.043609430547803606,0.0
2010,Champaign-Urbana - IL,2.5,2.5,-0.005592462839558724,-0.014139691404998277,-0.02590155648067588,0.0
2009,Champaign-Urbana - IL,2.5,2.5,0.00925386324524875,-0.04635353377088899,-0.01839183806441721,0.0
2008,Champaign-Urbana - IL,2.5,2.5,0.0034527466632426063,-0.06705520806834099,-0.010518787195906055,0.0
2007,Champaign-Urbana - IL,2.5,2.0,-0.0034914119169116003,-0.0932364914305508,-0.0010624949354678496,-0.5
2006,Champaign-Urbana - IL,2.0,2.5,-0.021180048584938098,-0.08942206293717028,-0.0016789177898317506,0.5
2018,Canton - OH,2.0,2.5,-0.007035147398710195,0.0024733346402644914,-0.025625525042414714,0.5
2017,Canton - OH,2.5,2.5,-0.0027630720287561,0.006712304294109395,-0.05008050613105291,0.0
2016,Canton - OH,2.5,2.5,-0.02029120409861207,0.0236456352025271,-0.0685189589858054,0.0
2015,Canton - OH,2.5,2.5,-0.0037205759435891966,0.020594845514744532,-0.041133692953735465,0.0
2014,Canton - OH,2.5,2.5,0.0005769561976194,0.03272776403650643,-0.04041503602638827,0.0
2013,Canton - OH,2.5,2.5,-0.0053211338818072995,0.02411658568307753,-0.033233043272048166,0.0
2012,Canton - OH,2.5,2.5,-0.00830376241356139,0.02282234757766123,-0.03151902975514527,0.0
2011,Canton - OH,2.5,2.5,-0.00402376940473911,0.009139476452022743,-0.037059720139950555,0.0
2010,Canton - OH,2.5,2.5,-0.005626146798022095,-0.0090304203704,-0.020792285446077596,0.0
2009,Canton - OH,2.5,2.5,0.008028591051697752,-0.05065955200698228,-0.022697856300510494,0.0
2008,Canton - OH,2.5,2.0,0.006182565819472102,-0.07178264231886708,-0.015246221446432142,-0.5
2007,Canton - OH,2.0,2.5,-0.005039867945015401,-0.09591651824023568,-0.0037425217451527402,0.5
2006,Canton - OH,2.5,2.5,-0.0182105246931315,-0.0882217724239453,-0.00047862727660675196,0.0
2018,Buffalo - NY,2.0,2.0,-0.009791376069188097,-0.018233864709734898,-0.04633272439241411,0.0
2017,Buffalo - NY,2.0,2.0,-0.0010382682085036989,-0.0140334387719631,-0.07082624919712541,0.0
2016,Buffalo - NY,2.0,2.0,-0.0123273525387049,0.0216420828104019,-0.0705225113779306,0.0
2015,Buffalo - NY,2.0,2.5,-0.008133016526698997,0.024185245379805497,-0.037543293088674504,0.5
2014,Buffalo - NY,2.5,2.0,-0.010864303447306153,0.0270144469588995,-0.0461283531039952,-0.5
2013,Buffalo - NY,2.0,2.0,-0.003965847194194801,0.015195312164723845,-0.042154316790401845,0.0
2012,Buffalo - NY,2.0,2.0,-0.0028963889926672,0.018012589417397945,-0.03632878791540855,0.0
2011,Buffalo - NY,2.0,2.0,-0.00011526653543110152,0.008012287892401245,-0.03818690869957205,0.0
2010,Buffalo - NY,2.0,2.0,0.010164126055315085,-0.014212957620620657,-0.02597482269629825,0.0
2009,Buffalo - NY,2.0,2.0,0.00027954950928684927,-0.03563937582075596,-0.00767768011428417,0.0
2008,Buffalo - NY,2.0,2.0,-0.0008666594512760639,-0.05307024803012611,0.003466172842308832,0.0
2007,Buffalo - NY,2.0,2.0,0.004456250928342403,-0.08560863590985537,0.006565360585227569,0.0
2006,Buffalo - NY,2.0,2.0,-0.007754251360893298,-0.07382514464110138,0.013918000506237172,0.0
2018,Brownsville-Harlingen - TX,3.5,3.5,-0.018446037545800195,0.046494093582034206,0.018395233899354997,0.0
2017,Brownsville-Harlingen - TX,3.5,3.0,-0.008025055751204498,0.03947555074095731,-0.017317259684205,-0.5
2016,Brownsville-Harlingen - TX,3.0,3.5,-0.01835471112281084,0.03188821251690391,-0.0602763816714286,0.5
2015,Brownsville-Harlingen - TX,3.5,3.5,-0.020742747001349898,-0.006441805057227639,-0.06817034352570764,0.0
2014,Brownsville-Harlingen - TX,3.5,3.5,-0.015950545901432633,0.0010771095305680597,-0.07206569053232664,0.0
2013,Brownsville-Harlingen - TX,3.5,3.5,-0.00785340834409,-0.02416946836747237,-0.08151909732259807,0.0
2012,Brownsville-Harlingen - TX,3.5,3.5,-0.0028356313705444995,-0.01658509078808137,-0.07092646812088788,0.0
2011,Brownsville-Harlingen - TX,3.5,3.5,-0.001966814044862951,-0.019537847148254572,-0.06573704374022787,0.0
2010,Brownsville-Harlingen - TX,3.5,3.5,-0.009123963769525296,-0.037587281586602385,-0.049349146662279984,0.0
2009,Brownsville-Harlingen - TX,3.5,3.0,-0.005337631329894052,-0.06569205913692716,-0.03773036343045538,-0.5
2008,Brownsville-Harlingen - TX,3.0,3.5,0.0022765775211155068,-0.08365386973135173,-0.0271174488589168,0.5
2007,Brownsville-Harlingen - TX,3.5,3.5,0.015477663837373297,-0.10916145948879423,-0.016987462993711292,0.0
2006,Brownsville-Harlingen - TX,3.5,3.5,-0.00017990916967389886,-0.08641731293313204,0.001325832214206504,0.0
2018,Bremerton - WA,2.5,2.5,0.030603211373090806,-0.005409078814088704,-0.03350793849676791,0.0
2017,Bremerton - WA,2.5,2.5,0.03142137080430991,0.06705368855595652,0.01026087813079421,0.0
2016,Bremerton - WA,2.5,2.5,0.026743896305561107,0.2000615703612572,0.10789697617292471,0.0
2015,Bremerton - WA,2.5,2.5,0.0480044446885586,0.15611305971443673,0.09438452124595673,0.0
2014,Bremerton - WA,2.5,2.5,0.015641849488019898,0.21844045776128782,0.14529765769839312,0.0
2013,Bremerton - WA,2.5,2.5,-0.0018778070807457005,0.209764401614666,0.15241477265954032,0.0
2012,Bremerton - WA,2.5,2.5,0.0012436322867870019,0.17427513153851032,0.11993375420570382,0.0
2011,Bremerton - WA,2.5,2.5,-0.000025619287043799482,0.1359552122801542,0.08975601568818091,0.0
2010,Bremerton - WA,2.5,2.5,0.011555523844435783,0.07474836517125359,0.06298650009557599,0.0
2009,Bremerton - WA,2.5,2.5,-0.022958291694521946,-0.0014241164550186022,0.026537579251453183,0.0
2008,Bremerton - WA,2.5,2.5,0.002423342783004004,-0.0685989828035236,-0.01206256193108866,0.0
2007,Bremerton - WA,2.5,2.5,0.0175089789554477,-0.09993540856242189,-0.007761412067338956,0.0
2006,Bremerton - WA,2.5,2.5,0.022045914083719205,-0.07923921054601679,0.008503934601321744,0.0
2018,Boston - MA,2.5,2.5,0.0024083554744721014,-0.017688772782683396,-0.045787632465362604,0.0
2017,Boston - MA,2.5,2.5,0.0012182649224997018,0.008816642552614204,-0.0479761678725481,0.0
2016,Boston - MA,2.5,2.5,-0.009924093261361101,0.0454066912382841,-0.0467579029500484,0.0
2015,Boston - MA,2.5,2.5,0.016924738883972203,-0.014581304520368599,-0.07630984298884859,0.0
2014,Boston - MA,2.5,2.5,0.0049579497426748,0.0859086546599865,0.012765854597091807,0.0
2013,Boston - MA,2.5,2.0,0.0019337199628353015,0.0729348447173834,0.015585215762257708,-0.5
2012,Boston - MA,2.0,2.0,0.001097394153475699,0.0694519575834274,0.015110580250620908,0.0
2011,Boston - MA,2.0,2.0,0.005939443130046199,0.0611889060735702,0.014989709481596905,0.0
2010,Boston - MA,2.0,2.0,0.014295145170763083,0.0426151109486818,0.030853245873004205,0.0
2009,Boston - MA,2.0,2.0,-0.010160671547055244,0.0002619564533232997,0.028223652159795082,0.0
2008,Boston - MA,2.0,2.0,0.008592029567807906,-0.043431390002369896,0.01310503087006504,0.0
2007,Boston - MA,2.0,2.0,0.0037324419245123985,-0.07241065602004529,0.019763340475037645,0.0
2006,Boston - MA,2.0,2.5,-0.025399149395525497,-0.06534475690126419,0.022398388246074343,0.5
2018,Boise - ID,2.5,2.5,0.009936776012182305,-0.0013097721636291942,-0.029408631846308406,0.0
2017,Boise - ID,2.5,2.5,0.0171809233725071,0.08636305467784441,0.029570244252682103,0.0
2016,Boise - ID,2.5,2.5,0.016982223838567706,0.16305454584956203,0.0708899516612295,0.0
2015,Boise - ID,2.5,2.5,-0.010979915037751198,0.13653497350215912,0.07480643503367912,0.0
2014,Boise - ID,2.5,3.0,0.0038959532976151,0.10985064651072021,0.036707846447825515,0.5
2013,Boise - ID,3.0,2.5,0.004841517657041501,0.09436559043824672,0.037015961483121015,-0.5
2012,Boise - ID,2.5,2.5,0.006895966827869401,0.0862620804607867,0.031920703127980204,0.0
2011,Boise - ID,2.5,2.5,0.0017947577871383,0.06783494317531581,0.02163574658334251,0.0
2010,Boise - ID,2.5,2.5,0.00019816472195088516,0.018210145607590707,0.0064482805319131045,0.0
2009,Boise - ID,2.5,2.5,-0.03219406120479104,-0.010335335414856591,0.017626360291615187,0.0
2008,Boise - ID,2.5,2.5,-0.00044243456795811653,-0.07500007508322588,-0.018463654210790954,0.0
2007,Boise - ID,2.5,2.5,0.0187423517927528,-0.1159216029308735,-0.02374760643579057,0.0
2006,Boise - ID,2.5,2.5,0.0209053754806518,-0.09964436661824572,-0.011901221470907174,0.0
2018,Bloomington - IN,2.0,2.0,-0.017689371481537798,-0.0003467995226382938,-0.0284456592053175,0.0
2017,Bloomington - IN,2.0,2.0,-0.002841677516698799,-0.003627829387783995,-0.060420639812946306,0.0
2016,Bloomington - IN,2.0,2.0,0.0079246871173382,0.014748997494578406,-0.0774155966937541,0.0
2015,Bloomington - IN,2.0,2.0,-0.010136691853403997,0.0428689992874861,-0.0188595391809939,0.0
2014,Bloomington - IN,2.0,2.0,-0.018745280744042244,0.0481427978277207,-0.025000002235173995,0.0
2013,Bloomington - IN,2.0,2.0,-0.011366048827767379,0.015861294476781057,-0.041488334478344636,0.0
2012,Bloomington - IN,2.0,2.0,0.0015008002519606989,0.019176365508232276,-0.03516501182457422,0.0
2011,Bloomington - IN,2.0,2.0,-0.00217234948649999,0.015376662536058575,-0.030822534055914723,0.0
2010,Bloomington - IN,2.0,2.0,-0.0045195666607469355,-0.029157705584075315,-0.04091957065975291,0.0
2009,Bloomington - IN,2.0,2.0,0.010305164381861652,-0.06326414117356763,-0.03530244546709585,0.0
2008,Bloomington - IN,2.0,2.5,0.005692581180483103,-0.06278842121362689,-0.006252000341191954,0.5
2007,Bloomington - IN,2.5,2.0,-0.0053521310910582005,-0.08136736682802441,0.010806629667058528,-0.5
2006,Bloomington - IN,2.0,2.0,-0.018140077590942397,-0.08378944682329892,0.003953698324039629,0.0
2018,Bloomington - IL,2.0,2.5,-0.005107335746288296,0.1428790994435547,0.11478023976087548,0.5
2017,Bloomington - IL,2.5,2.5,-0.037048569880425895,0.09917224930226781,0.0423794388771055,0.0
2016,Bloomington - IL,2.5,2.5,-0.0083681996911764,0.08369489430636141,-0.008469699881971098,0.0
2015,Bloomington - IL,2.5,2.5,-0.026451859623193685,0.006051879830658406,-0.0556766586378216,0.0
2014,Bloomington - IL,2.5,2.5,-0.008710750378668301,-0.009570817880332481,-0.08271361794322718,0.0
2013,Bloomington - IL,2.5,2.5,-0.0123251797631383,-0.02833708636462688,-0.08568671531975258,0.0
2012,Bloomington - IL,2.5,2.0,0.0012086313217877995,-0.03856318200379608,-0.09290455933660258,-0.5
2011,Bloomington - IL,2.0,2.5,-0.0025576264597475216,-0.008448161542415589,-0.05464735813438889,0.5
2010,Bloomington - IL,2.5,2.0,-0.005758818297181282,-0.037074919827282414,-0.048836784902960007,-0.5
2009,Bloomington - IL,2.0,2.0,0.009655423462390851,-0.05610543928341939,-0.028143743576947607,0.0
2008,Bloomington - IL,2.0,2.5,0.005913329776376507,-0.0663139906083234,-0.009777569735888454,0.5
2007,Bloomington - IL,2.5,2.5,-0.007569928653538201,-0.0837130566914566,0.008460939803626352,0.0
2006,Bloomington - IL,2.5,2.5,-0.018331887200474697,-0.08806076531903818,-0.00031762017169964865,0.0
2018,Birmingham - AL,2.5,2.5,0.0240487530827522,0.008870241090655352,-0.019228618592023856,0.0
2017,Birmingham - AL,2.5,2.5,-0.003979144617915098,0.0747473015040159,0.017954491078853593,0.0
2016,Birmingham - AL,2.5,2.5,-0.006156647577881799,0.1189088164567947,0.026744222268462195,0.0
2015,Birmingham - AL,2.5,2.5,-0.007286056876182497,0.08009496097266669,0.0183664225041867,0.0
2014,Birmingham - AL,2.5,2.5,-0.010865090414881701,0.0842231656908989,0.0110803656280042,0.0
2013,Birmingham - AL,2.5,2.5,0.004822384566068601,0.053111442551016796,-0.004238186404108897,0.0
2012,Birmingham - AL,2.5,2.5,-0.0036542853340507005,0.030876822412014004,-0.023464554920792496,0.0
2011,Birmingham - AL,2.5,2.5,-0.0054373140446841405,0.0230595009550452,-0.023139695636928095,0.0
2010,Birmingham - AL,2.5,2.5,-0.0007543403189629351,-0.01065849702805284,-0.02242036210373044,0.0
2009,Birmingham - AL,2.5,2.5,-0.0013719815760851496,-0.043850341252982664,-0.015888645546510878,0.0
2008,Birmingham - AL,2.5,2.5,-0.022445428650826195,-0.06293195758014926,-0.006395536707714325,0.0
2007,Birmingham - AL,2.5,2.5,-0.0036801313981413997,-0.12583734641969205,-0.03366334992460912,0.0
2006,Birmingham - AL,2.5,2.5,0.0231001749634743,-0.12143234113603836,-0.03368919598869982,0.0
2016,Binghamton - NY,2.0,2.0,-0.009889109060168301,-0.008285931803286095,-0.1004505259916186,0.0
2015,Binghamton - NY,2.0,2.0,-0.010725542902946396,-0.0057196612581610976,-0.06744819972664111,0.0
2014,Binghamton - NY,2.0,2.0,-0.007471989840269101,0.007944072179496303,-0.0651987278833984,0.0
2013,Binghamton - NY,2.0,2.0,-0.0105228936299682,-0.000588327459990998,-0.0579379564151167,0.0
2012,Binghamton - NY,2.0,2.0,-0.010132007300853771,0.006465649805963003,-0.04787572752684349,0.0
2011,Binghamton - NY,2.0,2.5,-0.0032214149832725213,-0.002542346142232468,-0.048741542734205764,0.5
2010,Binghamton - NY,2.5,2.0,0.009557956131175185,-0.03031198358163239,-0.04207384865730999,-0.5
2009,Binghamton - NY,2.0,2.0,0.0005156360566615503,-0.04975204532966019,-0.021790349623188408,0.0
2008,Binghamton - NY,2.0,2.0,-0.001187107060104605,-0.0703391445986927,-0.013802723726257756,0.0
2007,Binghamton - NY,2.0,2.0,0.004341091029346001,-0.0966409336514771,-0.004466937156394162,0.0
2006,Binghamton - NY,2.0,2.0,-0.005987994372844696,-0.07773698397353293,0.01000616117380561,0.0
2018,Beaumont - TX,2.5,2.5,-0.013004831969737996,-0.032890819038264504,-0.06098967872094373,0.0
2017,Beaumont - TX,2.5,2.5,0.030482463538646705,-0.043810524995438804,-0.10060333542060113,0.0
2016,Beaumont - TX,2.5,2.5,0.0023052208125591,0.035104794983752,-0.057059799204580514,0.0
2015,Beaumont - TX,2.5,2.5,-0.006674429401755298,0.0459144679950549,-0.015814070473425104,0.0
2014,Beaumont - TX,2.5,2.5,-0.003964657895267001,0.08034066627919662,0.007197866216301908,0.0
2013,Beaumont - TX,2.5,2.5,-0.008298889733851,0.0664933940395712,0.00914376508444551,0.0
2012,Beaumont - TX,2.5,3.0,-0.013894947711378381,0.068191084653139,0.013849707320332506,0.5
2011,Beaumont - TX,3.0,2.5,-0.0021893722005188083,0.01567149266228072,-0.03052770392969258,-0.5
2010,Beaumont - TX,2.5,2.5,-0.012406255817040805,-0.02326043186709289,-0.03502229694277049,0.0
2009,Beaumont - TX,2.5,2.5,0.007321832701563849,-0.06871581906452778,-0.04075412335805599,0.0
2008,Beaumont - TX,2.5,2.5,0.009570953901857103,-0.08600405363366008,-0.029467632761225146,0.0
2007,Beaumont - TX,2.5,2.5,0.0166042102500797,-0.10377178562059998,-0.011597789125517042,0.0
2006,Beaumont - TX,2.5,2.5,0.0024728812277317047,-0.0688417763113975,0.01890136883594104,0.0
2018,Baton Rouge - LA,2.5,2.5,-0.03708364581689237,-0.0500053706597537,-0.0781042303424329,0.0
2017,Baton Rouge - LA,2.5,2.5,-0.0356096373870968,-0.054795036459341674,-0.11158784688450397,0.0
2016,Baton Rouge - LA,2.5,2.5,0.025118373334407806,-0.03157872127182777,-0.12374331546016026,0.0
2015,Baton Rouge - LA,2.5,2.5,-0.007377153262495897,-0.023088726924732274,-0.08481726539321227,0.0
2014,Baton Rouge - LA,2.5,2.5,0.001383986324071898,-0.019855765344574974,-0.09299856540746966,0.0
2013,Baton Rouge - LA,2.5,2.5,-0.0004264991730452,0.0037815521471203234,-0.05356807680800536,0.0
2012,Baton Rouge - LA,2.5,2.5,-0.004120816476643099,0.037430447168648295,-0.01691093016415819,0.0
2011,Baton Rouge - LA,2.5,2.5,-0.005446310155093639,0.060777087338268795,0.014577890746295508,0.0
2010,Baton Rouge - LA,2.5,2.5,0.0017206950578838552,-0.004224927667528348,-0.015986792743205937,0.0
2009,Baton Rouge - LA,2.5,2.5,0.003418121486902251,-0.03485064012929798,-0.006888944422826185,0.0
2008,Baton Rouge - LA,2.5,2.5,-0.025662011001259095,-0.06139123013243078,-0.004854809259995832,0.0
2007,Baton Rouge - LA,2.5,2.5,-0.0050350306555629,-0.12226431758329268,-0.030090321088209727,0.0
2006,Baton Rouge - LA,2.5,2.5,0.0264975801110268,-0.11874768041446807,-0.031004535267129527,0.0
2018,Baltimore - MD,2.5,2.5,-0.004378972575068498,0.017366217307746398,-0.010732642374932811,0.0
2017,Baltimore - MD,2.5,2.5,-0.007531659677624699,0.051421830296516396,-0.005370980128645911,0.0
2016,Baltimore - MD,2.5,2.5,-0.01738812588155269,0.0980504168868064,0.005885822698473892,0.0
2015,Baltimore - MD,2.5,2.5,-0.010401608422398498,0.0345352678447961,-0.02719327062368389,0.0
2014,Baltimore - MD,2.5,2.5,-0.0035651642829180007,0.03127699303627011,-0.04186580702662458,0.0
2013,Baltimore - MD,2.5,2.5,0.0012053474783897018,0.014084098115563307,-0.04326553083956238,0.0
2012,Baltimore - MD,2.5,2.5,-0.0026688408106565996,0.016660166546702312,-0.03768121078610418,0.0
2011,Baltimore - MD,2.5,2.5,0.006338214967399898,0.013380804672837211,-0.03281839191913608,0.0
2010,Baltimore - MD,2.5,2.5,0.024777648271992785,0.0026698140054940978,-0.009092051070183495,0.0
2009,Baltimore - MD,2.5,2.5,0.02501799073070286,-0.0018744900822640015,0.02608720562420779,0.0
2008,Baltimore - MD,2.5,2.5,0.0012740273959934746,-0.001866060234606292,0.054670360637828645,0.0
2007,Baltimore - MD,2.5,2.5,-0.00006299000233409881,-0.03743495593965052,0.05473904055543242,0.0
2006,Baltimore - MD,2.5,2.5,-0.008225679397582997,-0.03039825378358362,0.057344891363754924,0.0
2018,Bakersfield - CA,3.0,3.5,0.0083088576793671,0.10404726196825538,0.07594840228557617,0.5
2017,Bakersfield - CA,3.5,3.0,0.0098455771803856,0.13407936492562328,0.07728655450046097,-0.5
2016,Bakersfield - CA,3.0,3.5,-0.002244902774691599,0.17261742192506818,0.08045282773673568,0.5
2015,Bakersfield - CA,3.5,3.5,-0.015411280095577198,0.10316756506264199,0.041439026594162,0.0
2014,Bakersfield - CA,3.5,3.5,-0.0069784242659807014,0.0802780851274728,0.007135285064578098,0.0
2013,Bakersfield - CA,3.5,3.5,-0.005730019882321399,0.050869456678628897,-0.006480172276496799,0.0
2012,Bakersfield - CA,3.5,3.5,0.0065120663493870995,0.0338223274946212,-0.020519049838185296,0.0
2011,Bakersfield - CA,3.5,3.5,0.005483694840222601,0.022346635922789498,-0.0238525606691838,0.0
2010,Bakersfield - CA,3.5,3.5,0.0014168622437864542,-0.004362097978592003,-0.0161239630542696,0.0
2009,Bakersfield - CA,3.5,3.0,-0.03005922026932245,-0.027257516421377734,0.0007041792850940535,-0.5
2008,Bakersfield - CA,3.0,3.0,-0.0007183332927525043,-0.07891303759068263,-0.022376616718247696,0.0
2007,Bakersfield - CA,3.0,3.5,0.0158059364184737,-0.10953892662376175,-0.0173649301286788,0.5
2006,Bakersfield - CA,3.5,3.0,0.018624033778905903,-0.09581420520693074,-0.0080710600595922,-0.5
2018,Austin - TX,2.5,2.5,0.007986497133970302,-0.02138069193065187,-0.04947955161333108,0.0
2017,Austin - TX,2.5,2.5,-0.012484176084399199,0.08637524755299074,0.029582437127828428,0.0
2016,Austin - TX,2.5,2.5,-0.009925033897161501,0.13008302587270715,0.03791843168437463,0.0
2015,Austin - TX,2.5,2.5,0.015140380710363402,0.018921661645174025,-0.04280687682330597,0.0
2014,Austin - TX,2.5,2.5,0.007241552695631998,0.0851280778199434,0.011985277757048704,0.0
2013,Austin - TX,2.5,2.5,0.0129779744893312,0.06530884951353069,0.007959220558405002,0.0
2012,Austin - TX,2.5,2.5,0.013249279931187602,0.0672920752465724,0.0129506979137659,0.0
2011,Austin - TX,2.5,2.5,0.0115927108563483,0.08488335052132599,0.038684153929352705,0.0
2010,Austin - TX,2.5,2.5,0.0055960940662771845,0.0719637637585401,0.060201898682862506,0.0
2009,Austin - TX,2.5,2.5,-0.012852696701884256,0.0226959163323045,0.050657612038776285,0.0
2008,Austin - TX,2.5,2.5,-0.0035461382940411568,-0.025973058231174906,0.03056336264126003,0.0
2007,Austin - TX,2.5,2.5,0.0176654821261764,-0.07813474663719526,0.014039249857887674,0.0
2006,Austin - TX,2.5,2.5,-0.0012862160801887998,-0.06928769309446206,0.01845545205287647,0.0
2018,Augusta - GA,2.5,2.5,-0.0020008049905299967,0.03420147937536244,0.00610261969268322,0.0
2017,Augusta - GA,2.5,2.5,0.0094759017229081,0.07824570858478551,0.021452898159623184,0.0
2016,Augusta - GA,2.5,3.0,-0.010920993052423,0.1355085349380971,0.04334394074976459,0.5
2015,Augusta - GA,3.0,2.5,-0.014202609658241199,0.0962178078368307,0.03448926936835069,-0.5
2014,Augusta - GA,2.5,2.5,0.002812892198562598,0.0717489240244032,-0.0013938760384915039,0.0
2013,Augusta - GA,2.5,2.5,-0.001384386792779,0.0425140151754022,-0.0148356137797235,0.0
2012,Augusta - GA,2.5,3.0,0.0006603244692087,0.040122181750834,-0.014219195581972504,0.5
2011,Augusta - GA,3.0,2.5,0.0014355345629156017,0.0231644237563014,-0.0230347728356719,-0.5
2010,Augusta - GA,2.5,3.0,0.004615970188751784,0.0010836198553443015,-0.010678245220333301,0.5
2009,Augusta - GA,3.0,2.5,-0.005172995850443854,-0.019821361079812097,0.008140334626659682,-0.5
2008,Augusta - GA,2.5,2.5,-0.022159342188388095,-0.0563819742947817,0.00015444657765322986,0.0
2007,Augusta - GA,2.5,2.5,-0.002333209849894,-0.1127945053130388,-0.020620508817955865,0.0
2006,Augusta - GA,2.5,3.0,0.023792304098606103,-0.1113571882843971,-0.023614043137058564,0.5
2018,Atlantic City - NJ,2.5,2.5,0.007857386022806202,0.1731105026304721,0.1450116429477929,0.0
2017,Atlantic City - NJ,2.5,3.0,-0.003760302439331998,0.18213868314027779,0.1253458727151155,0.5
2016,Atlantic City - NJ,3.0,2.5,-0.02241334714926779,0.174594763174653,0.08243016898632051,-0.5
2015,Atlantic City - NJ,2.5,2.5,-0.018969831988215398,0.07609696429036561,0.01436842582188562,0.0
2014,Atlantic City - NJ,2.5,2.5,-0.011163581162691111,0.02300086924992501,-0.050141930812969686,0.0
2013,Atlantic City - NJ,2.5,2.5,0.004739852622151399,0.008899952238425598,-0.04844967671670009,0.0
2012,Atlantic City - NJ,2.5,2.5,-0.014438763028010771,0.0027741672154515985,-0.05156721011735489,0.0
2011,Atlantic City - NJ,2.5,2.5,0.00032512983307250026,-0.01604647411406037,-0.062245670706033665,0.0
2010,Atlantic City - NJ,2.5,2.5,0.008155641378834885,-0.027745328648015787,-0.03950719372369338,0.0
2009,Atlantic City - NJ,2.5,2.5,0.005709866061806651,-0.04034341606311488,-0.012381720356643098,0.0
2008,Atlantic City - NJ,2.5,2.5,-0.0012695603072643245,-0.05204469400458027,0.004491726867854665,0.0
2007,Atlantic City - NJ,2.5,2.5,0.0016726804897188984,-0.09369168255664401,-0.001517686061561059,0.0
2006,Atlantic City - NJ,2.5,2.5,-0.008864164352416999,-0.07314938769116994,0.01459375745616861,0.0
2018,Atlanta - GA,2.5,2.5,0.018204811960458804,0.03517712545394919,0.007078265771269965,0.0
2017,Atlanta - GA,2.5,2.5,0.006408276036381801,0.12992556379735498,0.07313275337219267,0.0
2016,Atlanta - GA,2.5,2.5,0.013147696852684005,0.2020329381078485,0.10986834391951597,0.0
2015,Atlanta - GA,2.5,2.5,0.028448544442653705,0.1110452539175749,0.0493167154490949,0.0
2014,Atlanta - GA,2.5,2.5,0.0164362639188767,0.1455870918482542,0.07244429178535951,0.0
2013,Atlanta - GA,2.5,2.5,0.013779981061816198,0.1399952221661807,0.08264559321105501,0.0
2012,Atlanta - GA,2.5,2.5,0.0111062470823526,0.1325621396452189,0.0782207623124124,0.0
2011,Atlanta - GA,2.5,2.5,0.003717907238751702,0.1291179299503565,0.0829187333583832,0.0
2010,Atlanta - GA,2.5,2.5,-0.011305332416668534,0.0852508088201285,0.0734889437444509,0.0
2009,Atlanta - GA,2.5,2.5,-0.003182942047715246,0.005773371178656877,0.03373506688512866,0.0
2008,Atlanta - GA,2.5,2.5,-0.0260086604394019,-0.04242055995389822,0.014115860918536716,0.0
2007,Atlanta - GA,2.5,2.5,-0.0136998174712062,-0.11784677707776432,-0.02567278058268138,0.0
2006,Atlanta - GA,2.5,2.5,-0.020990576595068,-0.13822199028357873,-0.05047884513624018,0.0
2006,Athens - GA,2.5,2.5,0.0251711010932922,-0.11505786465853456,-0.027314719511196014,0.0
2018,Ann Arbor - MI,2.0,2.0,-0.007865251973271398,0.0170274170562625,-0.011071442626416707,0.0
2017,Ann Arbor - MI,2.0,2.0,0.0310618244111538,0.0369000610485673,-0.019892749376595006,0.0
2016,Ann Arbor - MI,2.0,2.0,0.0147244334220886,0.10694920129328961,0.014784607104957099,0.0
2015,Ann Arbor - MI,2.0,2.0,-0.005816569551825499,0.0912375789955257,0.0295090405270457,0.0
2014,Ann Arbor - MI,2.0,2.0,0.0127580016851425,0.11597054409980759,0.042827744036912904,0.0
2013,Ann Arbor - MI,2.0,2.5,0.005316775292158099,0.1022120669484137,0.044862437993288005,0.5
2012,Ann Arbor - MI,2.5,2.0,0.031695179641246796,0.112385842591524,0.0580444652587175,-0.5
2011,Ann Arbor - MI,2.0,2.0,0.008746428880840599,0.1048770170807838,0.0586778204888105,0.0
2010,Ann Arbor - MI,2.0,2.0,-0.00027715112082660545,0.0644616810232401,0.0526998159475625,0.0
2009,Ann Arbor - MI,2.0,2.0,0.006503270938992452,0.030277538672089606,0.05823923437856139,0.0
2008,Ann Arbor - MI,2.0,2.0,0.0036698863841593057,-0.004551917240023594,0.05198450363241134,0.0
2007,Ann Arbor - MI,2.0,2.0,-0.004586004652082901,-0.041836381770670394,0.05033761472441255,0.0
2006,Ann Arbor - MI,2.0,2.0,-0.0206007678061724,-0.0736867147162557,0.01405643043108285,0.0
2018,Anchorage - AK,2.5,3.0,-0.015116039663553196,0.10105752465128888,0.07295866496860968,0.5
2017,Anchorage - AK,3.0,2.5,-0.01670861011371013,0.08031855323910708,0.02352574281394479,-0.5
2016,Anchorage - AK,2.5,2.5,-0.08803041279315951,0.06250751388445495,-0.029657080303877537,0.0
2015,Anchorage - AK,2.5,2.5,-0.028007134096696928,-0.06474660151824355,-0.12647513998672355,0.0
2014,Anchorage - AK,2.5,2.5,-0.005795139819383602,-0.08591276891343297,-0.15905556897632767,0.0
2013,Anchorage - AK,2.5,2.5,-0.001164548099040999,-0.09630770753137767,-0.15365733648650337,0.0
2012,Anchorage - AK,2.5,2.5,0.0069840215146541006,-0.08536446758918467,-0.13970584492199117,0.0
2011,Anchorage - AK,2.5,2.5,0.000312544871121697,-0.06981401670165363,-0.11601321329362693,0.0
2010,Anchorage - AK,2.5,2.5,0.0009523264598101343,-0.015908390553668134,-0.027670255629345733,0.0
2009,Anchorage - AK,2.5,2.5,-0.03404649905860424,-0.026672490779310457,0.0012892049271613307,0.0
2008,Anchorage - AK,2.5,2.5,0.00010081334039568207,-0.08349857518449424,-0.026962154312059308,0.0
2007,Anchorage - AK,2.5,2.5,0.0206549046561122,-0.11787078936770556,-0.025696792872622626,0.0
2006,Anchorage - AK,2.5,2.5,0.022848483175039305,-0.09976905487850307,-0.012025909731164526,0.0
2018,Amarillo - TX,2.5,3.0,-0.009409196674823699,0.0403476719260215,0.012248812243342285,0.5
2017,Amarillo - TX,3.0,3.0,-0.024851553491316698,0.0558242871016264,-0.0009685233235359123,0.0
2016,Amarillo - TX,3.0,2.5,-0.0141030075028539,0.0480580656761304,-0.04410652851220211,-0.5
2015,Amarillo - TX,2.5,2.5,-0.027359440689906426,-0.0008085033735259969,-0.06253704184200601,0.0
2014,Amarillo - TX,2.5,3.0,-0.0014029480516911004,-0.004701504086144226,-0.07784430414903892,0.5
2013,Amarillo - TX,3.0,2.5,-0.0066405497491360006,-0.01977651745546613,-0.07712614641059182,-0.5
2012,Amarillo - TX,2.5,2.5,0.0010414179414509998,-0.020016122152097627,-0.07435749948490412,0.0
2011,Amarillo - TX,2.5,2.5,0.0013249744661153022,-0.0022653314601631287,-0.04846452805213643,0.0
2010,Amarillo - TX,2.5,2.5,-0.0038888331037014758,-0.021274681007489627,-0.03303654608316722,0.0
2009,Amarillo - TX,2.5,2.5,0.0012511480599641522,-0.03752763420343406,-0.009565938496962275,0.0
2008,Amarillo - TX,2.5,2.5,-0.00015693390741944313,-0.06344826325774196,-0.006911842385307022,0.0
2007,Amarillo - TX,2.5,2.5,0.0114795593544841,-0.09260222303867341,-0.0004282265435904646,0.0
2006,Amarillo - TX,2.5,2.5,-0.0013300143182277957,-0.0777332302778959,0.010009914869442636,0.0
2018,Albuquerque - NM,2.5,2.0,0.0015862919390202054,0.1534669667929411,0.12536810711026192,-0.5
2017,Albuquerque - NM,2.0,2.5,0.0010852869600058018,0.19083401361107832,0.134041203185916,0.5
2016,Albuquerque - NM,2.5,2.5,0.0019636824727057994,0.1982960174530745,0.10613142326474201,0.0
2015,Albuquerque - NM,2.5,2.5,-0.014346370473503997,0.1224717325419187,0.060743194073438714,0.0
2014,Albuquerque - NM,2.5,2.5,0.0006775297224521984,0.0853933762311935,0.012250576168298808,0.0
2013,Albuquerque - NM,2.5,2.5,-0.016932513564825058,0.048316049575805695,-0.009033579379319992,0.0
2012,Albuquerque - NM,2.5,2.5,-0.0029272781684994992,0.026788992449641235,-0.027552384883165255,0.0
2011,Albuquerque - NM,2.5,2.5,0.004956651944667101,0.014634246580302735,-0.031564950011670555,0.0
2010,Albuquerque - NM,2.5,2.5,0.00037193042226135384,-0.016810115464031664,-0.028571980539709253,0.0
2009,Albuquerque - NM,2.5,2.5,0.00370527245104315,-0.0418153753504157,-0.013853679643943904,0.0
2008,Albuquerque - NM,2.5,2.5,0.007385238539427505,-0.06736235778778789,-0.010825936915352953,0.0
2007,Albuquerque - NM,2.5,2.5,0.009171585552394402,-0.07868218130618333,0.01349181518889961,0.0
2006,Albuquerque - NM,2.5,2.5,-0.0017292015254498014,-0.06215246623754503,0.02559067890979351,0.0
2018,Albany - NY,2.0,2.0,-0.011777333915233598,0.016589405804872503,-0.011509453877806705,0.0
2017,Albany - NY,2.0,2.0,-0.013627963140606799,0.023489558935165404,-0.0333032514899969,0.0
2016,Albany - NY,2.0,2.0,0.002562832087278399,0.025943900898099004,-0.0662206932902335,0.0
2015,Albany - NY,2.0,2.0,-0.005163984373211798,0.0416678129583598,-0.0200607255101202,0.0
2014,Albany - NY,2.0,2.0,-0.009433500468730921,0.04167730319499979,-0.031465496867894904,0.0
2013,Albany - NY,2.0,2.0,-0.005787924863398099,0.019909679144620974,-0.03743994981050472,0.0
2012,Albany - NY,2.0,2.0,-0.00803300552070145,0.022890836574137277,-0.03145054075866922,0.0
2011,Albany - NY,2.0,2.0,-0.0014311750419437608,0.02034361345320943,-0.02585558313876387,0.0
2010,Albany - NY,2.0,2.0,0.010781727032735985,-0.018087725192308432,-0.02984959026798603,0.0
2009,Albany - NY,2.0,2.0,0.0004505999386310508,-0.04186557456851003,-0.013903878862038246,0.0
2008,Albany - NY,2.0,2.0,-0.0006986623629927635,-0.06055619932711121,-0.004019778454676274,0.0
2007,Albany - NY,2.0,2.0,0.003929662518203298,-0.09110451244935389,0.001069484045729062,0.0
2006,Albany - NY,2.0,2.0,-0.009094450622796998,-0.07471099306270473,0.01303215208463381,0.0
2018,Akron - OH,2.0,2.0,-0.0078114774078130965,0.025270073533058202,-0.00282878614962101,0.0
2017,Akron - OH,2.0,2.0,-0.006257090717554099,0.029350004956126205,-0.027442805469036106,0.0
2016,Akron - OH,2.0,2.5,-0.0133831864222884,0.0592520492821931,-0.0329125449061394,0.5
2015,Akron - OH,2.5,2.0,-0.00045845098793499683,0.0284813069626688,-0.0332472315058112,-0.5
2014,Akron - OH,2.0,2.0,0.0087440647184849,0.0410497603490948,-0.0320930397137999,0.0
2013,Akron - OH,2.0,2.0,-0.006836988963186699,0.03818348813802,-0.019166140817105694,0.0
2012,Akron - OH,2.0,2.5,-0.006437621079385329,0.0361497249603272,-0.018191652372479297,0.5
2011,Akron - OH,2.5,2.0,-0.0007224562577903028,0.027827013857662772,-0.018372182734310526,-0.5
2010,Akron - OH,2.0,2.5,-0.004561511566862466,0.006050412505865167,-0.005711452569812429,0.5
2009,Akron - OH,2.5,2.0,0.00847736001014705,-0.037776208855211685,-0.009814513148739898,-0.5
2008,Akron - OH,2.0,2.0,0.005542128812521703,-0.06661763872951268,-0.010081217857077747,0.0
2007,Akron - OH,2.0,2.0,-0.0073675410822034,-0.08987609657645229,0.002297899918630655,0.0
2006,Akron - OH,2.0,2.0,-0.018465535715222397,-0.08637516523152595,0.0013679799158125838,0.0
