cbsacode,metropolitandivisioncode,csacode,cbsatitle,metropolitanmicropolitanstatis,metropolitandivisiontitle,csatitle,countycountyequivalent,statename,fipsstatecode,fipscountycode,centraloutlyingcounty,FIPS,cbsajoin,costar_msa
33860,,388,"Montgomery, AL",Metropolitan Statistical Area,,"Montgomery-Selma, AL",Autauga County,Alabama,1,1,Central,1001,33860,#N/A
41860,36084,488,"San Francisco-Oakland-Fremont, CA",Metropolitan Statistical Area,"Oakland-Fremont-Berkeley, CA","San Jose-San Francisco-Oakland, CA",Alameda County,California,6,1,Central,6001,36084,San Francisco - CA
19740,,216,"Denver-Aurora-Centennial, CO",Metropolitan Statistical Area,,"Denver-Aurora-Greeley, CO",Adams County,Colorado,8,1,Central,8001,19740,Denver - CO
20100,,428,"Dover, DE",Metropolitan Statistical Area,,"Philadelphia-Reading-Camden, PA-NJ-DE-MD",Kent County,Delaware,10,1,Central,10001,20100,#N/A
47900,47764,548,"Washington-Arlington-Alexandria, DC-VA-MD-WV",Metropolitan Statistical Area,"Washington, DC-MD","Washington-Baltimore-Arlington, DC-MD-VA-WV-PA",District of Columbia,District of Columbia,11,1,Central,11001,47764,Washington - DC
23540,,264,"Gainesville, FL",Metropolitan Statistical Area,,"Gainesville-Lake City, FL",Alachua County,Florida,12,1,Central,12001,23540,Gainesville - FL
25900,,,"Hilo-Kailua, HI",Micropolitan Statistical Area,,,Hawaii County,Hawaii,15,1,Central,15001,25900,#N/A
14260,,147,"Boise City, ID",Metropolitan Statistical Area,,"Boise City-Mountain Home-Ontario, ID-OR",Ada County,Idaho,16,1,Central,16001,14260,Boise - ID
39500,,448,"Quincy, IL-MO",Micropolitan Statistical Area,,"Quincy-Hannibal, IL-MO",Adams County,Illinois,17,1,Central,17001,39500,#N/A
19540,,258,"Decatur, IN",Micropolitan Statistical Area,,"Fort Wayne-Huntington-Auburn, IN",Adams County,Indiana,18,1,Central,18001,19540,#N/A
29180,,318,"Lafayette, LA",Metropolitan Statistical Area,,"Lafayette-New Iberia-Opelousas, LA",Acadia Parish,Louisiana,22,1,Outlying,22001,29180,#N/A
30340,,438,"Lewiston-Auburn, ME",Metropolitan Statistical Area,,"Portland-Lewiston-South Portland, ME",Androscoggin County,Maine,23,1,Central,23001,30340,#N/A
19060,,,"Cumberland, MD-WV",Micropolitan Statistical Area,,,Allegany County,Maryland,24,1,Central,24001,19060,#N/A
12700,,148,"Barnstable Town, MA",Metropolitan Statistical Area,,"Boston-Worcester-Providence, MA-RI-NH",Barnstable County,Massachusetts,25,1,Central,25001,12700,#N/A
35020,,,"Natchez, MS-LA",Micropolitan Statistical Area,,,Adams County,Mississippi,28,1,Central,28001,35020,#N/A
28860,,,"Kirksville, MO",Micropolitan Statistical Area,,,Adair County,Missouri,29,1,Central,29001,28860,#N/A
25580,,,"Hastings, NE",Micropolitan Statistical Area,,,Adams County,Nebraska,31,1,Central,31001,25580,#N/A
21980,,456,"Fallon, NV",Micropolitan Statistical Area,,"Reno-Carson City-Gardnerville Ranchos, NV-CA",Churchill County,Nevada,32,1,Central,32001,21980,#N/A
29060,,148,"Laconia, NH",Micropolitan Statistical Area,,"Boston-Worcester-Providence, MA-RI-NH",Belknap County,New Hampshire,33,1,Central,33001,29060,#N/A
12100,,428,"Atlantic City-Hammonton, NJ",Metropolitan Statistical Area,,"Philadelphia-Reading-Camden, PA-NJ-DE-MD",Atlantic County,New Jersey,34,1,Central,34001,12100,#N/A
10740,,105,"Albuquerque, NM",Metropolitan Statistical Area,,"Albuquerque-Santa Fe-Los Alamos, NM",Bernalillo County,New Mexico,35,1,Central,35001,10740,Albuquerque - NM
10580,,104,"Albany-Schenectady-Troy, NY",Metropolitan Statistical Area,,"Albany-Schenectady, NY",Albany County,New York,36,1,Central,36001,10580,Albany - NY
15500,,268,"Burlington, NC",Metropolitan Statistical Area,,"Greensboro--Winston-Salem--High Point, NC",Alamance County,North Carolina,37,1,Central,37001,15500,#N/A
12520,,,"Baker City, OR",Micropolitan Statistical Area,,,Baker County,Oregon,41,1,Central,41001,12520,#N/A
23900,,276,"Gettysburg, PA",Metropolitan Statistical Area,,"Harrisburg-York-Lebanon, PA",Adams County,Pennsylvania,42,1,Central,42001,23900,#N/A
39300,,148,"Providence-Warwick, RI-MA",Metropolitan Statistical Area,,"Boston-Worcester-Providence, MA-RI-NH",Bristol County,Rhode Island,44,1,Central,44001,39300,Providence - RI
24940,,273,"Greenwood, SC",Micropolitan Statistical Area,,"Greenville-Spartanburg-Anderson, SC",Abbeville County,South Carolina,45,1,Outlying,45001,24940,#N/A
28940,,315,"Knoxville, TN",Metropolitan Statistical Area,,"Knoxville-Morristown-Sevierville, TN",Anderson County,Tennessee,47,1,Central,47001,28940,Knoxville - TN
37300,,,"Palestine, TX",Micropolitan Statistical Area,,,Anderson County,Texas,48,1,Central,48001,37300,#N/A
36830,,393,"Othello, WA",Micropolitan Statistical Area,,"Moses Lake-Othello, WA",Adams County,Washington,53,1,Central,53001,36830,#N/A
29660,,,"Laramie, WY",Micropolitan Statistical Area,,,Albany County,Wyoming,56,1,Central,56001,29660,#N/A
19300,,380,"Daphne-Fairhope-Foley, AL",Metropolitan Statistical Area,,"Mobile-Daphne-Fairhope, AL",Baldwin County,Alabama,1,3,Central,1003,19300,#N/A
43420,,,"Sierra Vista-Douglas, AZ",Metropolitan Statistical Area,,,Cochise County,Arizona,4,3,Central,4003,43420,#N/A
23820,,456,"Gardnerville Ranchos, NV-CA",Micropolitan Statistical Area,,"Reno-Carson City-Gardnerville Ranchos, NV-CA",Alpine County,California,6,3,Outlying,6003,23820,#N/A
10480,,,"Alamosa, CO",Micropolitan Statistical Area,,,Alamosa County,Colorado,8,3,Central,8003,10480,#N/A
37980,48864,428,"Philadelphia-Camden-Wilmington, PA-NJ-DE-MD",Metropolitan Statistical Area,"Wilmington, DE-MD-NJ","Philadelphia-Reading-Camden, PA-NJ-DE-MD",New Castle County,Delaware,10,3,Central,10003,48864,Philadelphia - PA
27260,,300,"Jacksonville, FL",Metropolitan Statistical Area,,"Jacksonville-Kingsland-Palatka, FL-GA",Baker County,Florida,12,3,Outlying,12003,27260,Jacksonville - NC
20060,,,"Douglas, GA",Micropolitan Statistical Area,,,Atkinson County,Georgia,13,3,Outlying,13003,20060,#N/A
46520,,,"Urban Honolulu, HI",Metropolitan Statistical Area,,,Honolulu County,Hawaii,15,3,Central,15003,46520,Honolulu - HI
16020,,164,"Cape Girardeau, MO-IL",Metropolitan Statistical Area,,"Cape Girardeau-Sikeston, MO-IL",Alexander County,Illinois,17,3,Outlying,17003,16020,#N/A
23060,,258,"Fort Wayne, IN",Metropolitan Statistical Area,,"Fort Wayne-Huntington-Auburn, IN",Allen County,Indiana,18,3,Central,18003,23060,#N/A
14540,,150,"Bowling Green, KY",Metropolitan Statistical Area,,"Bowling Green-Glasgow-Franklin, KY",Allen County,Kentucky,21,3,Outlying,21003,14540,#N/A
12580,,548,"Baltimore-Columbia-Towson, MD",Metropolitan Statistical Area,,"Washington-Baltimore-Arlington, DC-MD-VA-WV-PA",Anne Arundel County,Maryland,24,3,Central,24003,12580,Baltimore - MD
38340,,,"Pittsfield, MA",Metropolitan Statistical Area,,,Berkshire County,Massachusetts,25,3,Central,25003,38340,#N/A
33460,,378,"Minneapolis-St. Paul-Bloomington, MN-WI",Metropolitan Statistical Area,,"Minneapolis-St. Paul, MN-WI",Anoka County,Minnesota,27,3,Central,27003,33460,Minneapolis - MN
18420,,539,"Corinth, MS",Micropolitan Statistical Area,,"Tupelo-Corinth, MS",Alcorn County,Mississippi,28,3,Central,28003,18420,#N/A
41140,,312,"St. Joseph, MO-KS",Metropolitan Statistical Area,,"Kansas City-Overland Park-Kansas City, MO-KS",Andrew County,Missouri,29,3,Outlying,29003,41140,#N/A
29820,,332,"Las Vegas-Henderson-North Las Vegas, NV",Metropolitan Statistical Area,,"Las Vegas-Henderson, NV",Clark County,Nevada,32,3,Central,32003,29820,Las Vegas - NV
35620,35614,408,"New York-Newark-Jersey City, NY-NJ",Metropolitan Statistical Area,"New York-Jersey City-White Plains, NY-NJ","New York-Newark, NY-NJ-CT-PA",Bergen County,New Jersey,34,3,Central,34003,35614,New York - NY
25860,,172,"Hickory-Lenoir-Morganton, NC",Metropolitan Statistical Area,,"Charlotte-Concord, NC-SC",Alexander County,North Carolina,37,3,Outlying,37003,25860,#N/A
30620,,338,"Lima, OH",Metropolitan Statistical Area,,"Lima-Van Wert-Celina, OH",Allen County,Ohio,39,3,Central,39003,30620,#N/A
18700,,440,"Corvallis, OR",Metropolitan Statistical Area,,"Portland-Vancouver-Salem, OR-WA",Benton County,Oregon,41,3,Central,41003,18700,#N/A
38300,,430,"Pittsburgh, PA",Metropolitan Statistical Area,,"Pittsburgh-Weirton-Steubenville, PA-OH-WV",Allegheny County,Pennsylvania,42,3,Central,42003,38300,Pittsburgh - PA
39300,,148,"Providence-Warwick, RI-MA",Metropolitan Statistical Area,,"Boston-Worcester-Providence, MA-RI-NH",Kent County,Rhode Island,44,3,Central,44003,39300,Providence - RI
12260,,,"Augusta-Richmond County, GA-SC",Metropolitan Statistical Area,,,Aiken County,South Carolina,45,3,Central,45003,12260,Augusta - GA
43180,,400,"Shelbyville, TN",Micropolitan Statistical Area,,"Nashville-Davidson--Murfreesboro, TN",Bedford County,Tennessee,47,3,Central,47003,43180,#N/A
11380,,372,"Andrews, TX",Micropolitan Statistical Area,,"Midland-Odessa-Andrews, TX",Andrews County,Texas,48,3,Central,48003,11380,#N/A
14940,,482,"Brigham City, UT-ID",Micropolitan Statistical Area,,"Salt Lake City-Provo-Orem, UT-ID",Box Elder County,Utah,49,3,Central,49003,14940,#N/A
13540,,,"Bennington, VT",Micropolitan Statistical Area,,,Bennington County,Vermont,50,3,Central,50003,13540,#N/A
16820,,,"Charlottesville, VA",Metropolitan Statistical Area,,,Albemarle County,Virginia,51,3,Central,51003,16820,#N/A
30300,,,"Lewiston, ID-WA",Metropolitan Statistical Area,,,Asotin County,Washington,53,3,Central,53003,30300,#N/A
25180,,548,"Hagerstown-Martinsburg, MD-WV",Metropolitan Statistical Area,,"Washington-Baltimore-Arlington, DC-MD-VA-WV-PA",Berkeley County,West Virginia,54,3,Central,54003,25180,#N/A
10380,,364,"Aguadilla, PR",Metropolitan Statistical Area,,"Mayagüez-Aguadilla, PR",Aguada Municipio,Puerto Rico,72,3,Central,72003,10380,#N/A
21640,,,"Eufaula, AL-GA",Micropolitan Statistical Area,,,Barbour County,Alabama,1,5,Central,1005,21640,#N/A
22380,,,"Flagstaff, AZ",Metropolitan Statistical Area,,,Coconino County,Arizona,4,5,Central,4005,22380,#N/A
34260,,,"Mountain Home, AR",Micropolitan Statistical Area,,,Baxter County,Arkansas,5,5,Central,5005,34260,#N/A
19740,,216,"Denver-Aurora-Centennial, CO",Metropolitan Statistical Area,,"Denver-Aurora-Greeley, CO",Arapahoe County,Colorado,8,5,Central,8005,19740,Denver - CO
42580,,,"Seaford, DE",Micropolitan Statistical Area,,,Sussex County,Delaware,10,5,Central,10005,42580,#N/A
37460,,,"Panama City-Panama City Beach, FL",Metropolitan Statistical Area,,,Bay County,Florida,12,5,Central,12005,37460,#N/A
27980,,,"Kahului-Wailuku, HI",Metropolitan Statistical Area,,,Kalawao County,Hawaii,15,5,Outlying,15005,27980,#N/A
38540,,,"Pocatello, ID",Metropolitan Statistical Area,,,Bannock County,Idaho,16,5,Central,16005,38540,#N/A
41180,,476,"St. Louis, MO-IL",Metropolitan Statistical Area,,"St. Louis-St. Charles-Farmington, MO-IL",Bond County,Illinois,17,5,Outlying,17005,41180,Saint Louis - MO
18020,,294,"Columbus, IN",Metropolitan Statistical Area,,"Indianapolis-Carmel-Muncie, IN",Bartholomew County,Indiana,18,5,Central,18005,18020,#N/A
11860,,312,"Atchison, KS",Micropolitan Statistical Area,,"Kansas City-Overland Park-Kansas City, MO-KS",Atchison County,Kansas,20,5,Central,20005,11860,#N/A
23180,,336,"Frankfort, KY",Micropolitan Statistical Area,,"Lexington-Fayette--Richmond--Frankfort, KY",Anderson County,Kentucky,21,5,Outlying,21005,23180,#N/A
12940,,132,"Baton Rouge, LA",Metropolitan Statistical Area,,"Baton Rouge-Hammond, LA",Ascension Parish,Louisiana,22,5,Central,22005,12940,Baton Rouge - LA
38860,,438,"Portland-South Portland, ME",Metropolitan Statistical Area,,"Portland-Lewiston-South Portland, ME",Cumberland County,Maine,23,5,Central,23005,38860,Portland - ME
12580,,548,"Baltimore-Columbia-Towson, MD",Metropolitan Statistical Area,,"Washington-Baltimore-Arlington, DC-MD-VA-WV-PA",Baltimore County,Maryland,24,5,Central,24005,12580,Baltimore - MD
39300,,148,"Providence-Warwick, RI-MA",Metropolitan Statistical Area,,"Boston-Worcester-Providence, MA-RI-NH",Bristol County,Massachusetts,25,5,Central,25005,39300,Providence - RI
26090,,266,"Holland, MI",Micropolitan Statistical Area,,"Grand Rapids-Wyoming, MI",Allegan County,Michigan,26,5,Central,26005,26090,#N/A
19810,,,"Detroit Lakes, MN",Micropolitan Statistical Area,,,Becker County,Minnesota,27,5,Central,27005,19810,#N/A
23820,,456,"Gardnerville Ranchos, NV-CA",Micropolitan Statistical Area,,"Reno-Carson City-Gardnerville Ranchos, NV-CA",Douglas County,Nevada,32,5,Central,32005,23820,#N/A
28300,,313,"Keene, NH",Micropolitan Statistical Area,,"Keene-Brattleboro, NH-VT",Cheshire County,New Hampshire,33,5,Central,33005,28300,#N/A
37980,15804,428,"Philadelphia-Camden-Wilmington, PA-NJ-DE-MD",Metropolitan Statistical Area,"Camden, NJ","Philadelphia-Reading-Camden, PA-NJ-DE-MD",Burlington County,New Jersey,34,5,Central,34005,15804,Philadelphia - PA
40740,,,"Roswell, NM",Micropolitan Statistical Area,,,Chaves County,New Mexico,35,5,Central,35005,40740,#N/A
35620,35614,408,"New York-Newark-Jersey City, NY-NJ",Metropolitan Statistical Area,"New York-Jersey City-White Plains, NY-NJ","New York-Newark, NY-NJ-CT-PA",Bronx County,New York,36,5,Central,36005,35614,New York - NY
11740,,360,"Ashland, OH",Micropolitan Statistical Area,,"Mansfield-Ashland-Bucyrus, OH",Ashland County,Ohio,39,5,Central,39005,11740,#N/A
38900,,440,"Portland-Vancouver-Hillsboro, OR-WA",Metropolitan Statistical Area,,"Portland-Vancouver-Salem, OR-WA",Clackamas County,Oregon,41,5,Central,41005,38900,Portland - OR
38300,,430,"Pittsburgh, PA",Metropolitan Statistical Area,,"Pittsburgh-Weirton-Steubenville, PA-OH-WV",Armstrong County,Pennsylvania,42,5,Outlying,42005,38300,Pittsburgh - PA
39300,,148,"Providence-Warwick, RI-MA",Metropolitan Statistical Area,,"Boston-Worcester-Providence, MA-RI-NH",Newport County,Rhode Island,44,5,Central,44005,39300,Providence - RI
26700,,,"Huron, SD",Micropolitan Statistical Area,,,Beadle County,South Dakota,46,5,Central,46005,26700,#N/A
31260,,,"Lufkin, TX",Micropolitan Statistical Area,,,Angelina County,Texas,48,5,Central,48005,31260,#N/A
30860,,,"Logan, UT-ID",Metropolitan Statistical Area,,,Cache County,Utah,49,5,Central,49005,30860,#N/A
28420,,314,"Kennewick-Richland, WA",Metropolitan Statistical Area,,"Kennewick-Richland-Walla Walla, WA",Benton County,Washington,53,5,Central,53005,28420,#N/A
16620,,170,"Charleston, WV",Metropolitan Statistical Area,,"Charleston-Huntington-Ashland, WV-OH-KY",Boone County,West Virginia,54,5,Outlying,54005,16620,#N/A
39960,,,"Rice Lake, WI",Micropolitan Statistical Area,,,Barron County,Wisconsin,55,5,Central,55005,39960,#N/A
23940,,,"Gillette, WY",Micropolitan Statistical Area,,,Campbell County,Wyoming,56,5,Central,56005,23940,#N/A
10380,,364,"Aguadilla, PR",Metropolitan Statistical Area,,"Mayagüez-Aguadilla, PR",Aguadilla Municipio,Puerto Rico,72,5,Central,72005,10380,#N/A
13820,,142,"Birmingham, AL",Metropolitan Statistical Area,,"Birmingham-Cullman-Talladega, AL",Bibb County,Alabama,1,7,Outlying,1007,13820,Birmingham - AL
37740,,429,"Payson, AZ",Micropolitan Statistical Area,,"Phoenix-Mesa, AZ",Gila County,Arizona,4,7,Central,4007,37740,#N/A
22220,,,"Fayetteville-Springdale-Rogers, AR",Metropolitan Statistical Area,,,Benton County,Arkansas,5,7,Central,5007,22220,#N/A
17020,,,"Chico, CA",Metropolitan Statistical Area,,,Butte County,California,6,7,Central,6007,17020,#N/A
28180,,,"Kapaa, HI",Micropolitan Statistical Area,,,Kauai County,Hawaii,15,7,Central,15007,28180,#N/A
40420,,466,"Rockford, IL",Metropolitan Statistical Area,,"Rockford-Freeport-Rochelle, IL",Boone County,Illinois,17,7,Central,17007,40420,#N/A
29200,,320,"Lafayette-West Lafayette, IN",Metropolitan Statistical Area,,"Lafayette-West Lafayette-Frankfort, IN",Benton County,Indiana,18,7,Outlying,18007,29200,#N/A
37140,,424,"Paducah, KY-IL",Metropolitan Statistical Area,,"Paducah-Mayfield, KY-IL",Ballard County,Kentucky,21,7,Outlying,21007,37140,#N/A
12940,,132,"Baton Rouge, LA",Metropolitan Statistical Area,,"Baton Rouge-Hammond, LA",Assumption Parish,Louisiana,22,7,Outlying,22007,12940,Baton Rouge - LA
47240,,,"Vineyard Haven, MA",Micropolitan Statistical Area,,,Dukes County,Massachusetts,25,7,Central,25007,47240,#N/A
10980,,,"Alpena, MI",Micropolitan Statistical Area,,,Alpena County,Michigan,26,7,Central,26007,10980,#N/A
13420,,,"Bemidji, MN",Micropolitan Statistical Area,,,Beltrami County,Minnesota,27,7,Central,27007,13420,#N/A
33020,,190,"Mexico, MO",Micropolitan Statistical Area,,"Columbia-Jefferson City-Moberly, MO",Audrain County,Missouri,29,7,Central,29007,33020,#N/A
25740,,,"Helena, MT",Metropolitan Statistical Area,,,Broadwater County,Montana,30,7,Outlying,30007,25740,#N/A
42420,,,"Scottsbluff, NE",Micropolitan Statistical Area,,,Banner County,Nebraska,31,7,Outlying,31007,42420,#N/A
21220,,,"Elko, NV",Micropolitan Statistical Area,,,Elko County,Nevada,32,7,Central,32007,21220,#N/A
37980,15804,428,"Philadelphia-Camden-Wilmington, PA-NJ-DE-MD",Metropolitan Statistical Area,"Camden, NJ","Philadelphia-Reading-Camden, PA-NJ-DE-MD",Camden County,New Jersey,34,7,Central,34007,15804,Philadelphia - PA
13780,,,"Binghamton, NY",Metropolitan Statistical Area,,,Broome County,New York,36,7,Central,36007,13780,#N/A
16740,,172,"Charlotte-Concord-Gastonia, NC-SC",Metropolitan Statistical Area,,"Charlotte-Concord, NC-SC",Anson County,North Carolina,37,7,Outlying,37007,16740,Charlotte - NC
19860,,,"Dickinson, ND",Micropolitan Statistical Area,,,Billings County,North Dakota,38,7,Outlying,38007,19860,#N/A
17410,,184,"Cleveland, OH",Metropolitan Statistical Area,,"Cleveland-Akron-Canton, OH",Ashtabula County,Ohio,39,7,Outlying,39007,17410,Cleveland - OH
11820,,,"Astoria, OR",Micropolitan Statistical Area,,,Clatsop County,Oregon,41,7,Central,41007,11820,#N/A
38300,,430,"Pittsburgh, PA",Metropolitan Statistical Area,,"Pittsburgh-Weirton-Steubenville, PA-OH-WV",Beaver County,Pennsylvania,42,7,Central,42007,38300,Pittsburgh - PA
39300,,148,"Providence-Warwick, RI-MA",Metropolitan Statistical Area,,"Boston-Worcester-Providence, MA-RI-NH",Providence County,Rhode Island,44,7,Central,44007,39300,Providence - RI
24860,,273,"Greenville-Anderson-Greer, SC",Metropolitan Statistical Area,,"Greenville-Spartanburg-Anderson, SC",Anderson County,South Carolina,45,7,Outlying,45007,24860,Greenville - SC
18580,,204,"Corpus Christi, TX",Metropolitan Statistical Area,,"Corpus Christi-Kingsville-Alice, TX",Aransas County,Texas,48,7,Outlying,48007,18580,Corpus Christi - TX
39220,,,"Price, UT",Micropolitan Statistical Area,,,Carbon County,Utah,49,7,Central,49007,39220,#N/A
15540,,162,"Burlington-South Burlington, VT",Metropolitan Statistical Area,,"Burlington-South Burlington-Barre, VT",Chittenden County,Vermont,50,7,Central,50007,15540,#N/A
40060,,,"Richmond, VA",Metropolitan Statistical Area,,,Amelia County,Virginia,51,7,Outlying,51007,40060,Richmond - VA
48300,,,"Wenatchee-East Wenatchee, WA",Metropolitan Statistical Area,,,Chelan County,Washington,53,7,Central,53007,48300,#N/A
41980,,490,"San Juan-Bayamón-Caguas, PR",Metropolitan Statistical Area,,"San Juan-Bayamón, PR",Aguas Buenas Municipio,Puerto Rico,72,7,Central,72007,41980,#N/A
13820,,142,"Birmingham, AL",Metropolitan Statistical Area,,"Birmingham-Cullman-Talladega, AL",Blount County,Alabama,1,9,Outlying,1009,13820,Birmingham - AL
40940,,,"Safford, AZ",Micropolitan Statistical Area,,,Graham County,Arizona,4,9,Central,4009,40940,#N/A
25460,,,"Harrison, AR",Micropolitan Statistical Area,,,Boone County,Arkansas,5,9,Central,5009,25460,#N/A
37340,,,"Palm Bay-Melbourne-Titusville, FL",Metropolitan Statistical Area,,,Brevard County,Florida,12,9,Central,12009,37340,Melbourne - FL
33300,,,"Milledgeville, GA",Micropolitan Statistical Area,,,Baldwin County,Georgia,13,9,Central,13009,33300,#N/A
27980,,,"Kahului-Wailuku, HI",Metropolitan Statistical Area,,,Maui County,Hawaii,15,9,Central,15009,27980,#N/A
24460,,,"Great Bend, KS",Micropolitan Statistical Area,,,Barton County,Kansas,20,9,Central,20009,24460,#N/A
23980,,150,"Glasgow, KY",Micropolitan Statistical Area,,"Bowling Green-Glasgow-Franklin, KY",Barren County,Kentucky,21,9,Central,21009,23980,#N/A
30500,,548,"Lexington Park, MD",Metropolitan Statistical Area,,"Washington-Baltimore-Arlington, DC-MD-VA-WV-PA",Calvert County,Maryland,24,9,Central,24009,30500,#N/A
14460,15764,148,"Boston-Cambridge-Newton, MA-NH",Metropolitan Statistical Area,"Cambridge-Newton-Framingham, MA","Boston-Worcester-Providence, MA-RI-NH",Essex County,Massachusetts,25,9,Central,25009,15764,Boston - MA
41060,,378,"St. Cloud, MN",Metropolitan Statistical Area,,"Minneapolis-St. Paul, MN-WI",Benton County,Minnesota,27,9,Central,27009,41060,#N/A
32820,,368,"Memphis, TN-MS-AR",Metropolitan Statistical Area,,"Memphis-Clarksdale-Forrest City, TN-MS-AR",Benton County,Mississippi,28,9,Outlying,28009,32820,Memphis - TN
13740,,,"Billings, MT",Metropolitan Statistical Area,,,Carbon County,Montana,30,9,Outlying,30009,13740,#N/A
30150,,,"Lebanon-Claremont, NH-VT",Micropolitan Statistical Area,,,Grafton County,New Hampshire,33,9,Central,33009,30150,#N/A
12100,,428,"Atlantic City-Hammonton, NJ",Metropolitan Statistical Area,,"Philadelphia-Reading-Camden, PA-NJ-DE-MD",Cape May County,New Jersey,34,9,Central,34009,12100,#N/A
17580,,,"Clovis, NM",Micropolitan Statistical Area,,,Curry County,New Mexico,35,9,Central,35009,17580,#N/A
36460,,160,"Olean, NY",Micropolitan Statistical Area,,"Buffalo-Cheektowaga-Olean, NY",Cattaraugus County,New York,36,9,Central,36009,36460,#N/A
11900,,198,"Athens, OH",Micropolitan Statistical Area,,"Columbus-Marion-Zanesville, OH",Athens County,Ohio,39,9,Central,39009,11900,#N/A
21120,,555,"Elk City, OK",Micropolitan Statistical Area,,"Weatherford-Elk City, OK",Beckham County,Oklahoma,40,9,Central,40009,21120,#N/A
38900,,440,"Portland-Vancouver-Hillsboro, OR-WA",Metropolitan Statistical Area,,"Portland-Vancouver-Salem, OR-WA",Columbia County,Oregon,41,9,Outlying,41009,38900,Portland - OR
39300,,148,"Providence-Warwick, RI-MA",Metropolitan Statistical Area,,"Boston-Worcester-Providence, MA-RI-NH",Washington County,Rhode Island,44,9,Central,44009,39300,Providence - RI
28940,,315,"Knoxville, TN",Metropolitan Statistical Area,,"Knoxville-Morristown-Sevierville, TN",Blount County,Tennessee,47,9,Central,47009,28940,Knoxville - TN
48660,,,"Wichita Falls, TX",Metropolitan Statistical Area,,,Archer County,Texas,48,9,Outlying,48009,48660,#N/A
31340,,,"Lynchburg, VA",Metropolitan Statistical Area,,,Amherst County,Virginia,51,9,Central,51009,31340,#N/A
38820,,,"Port Angeles, WA",Micropolitan Statistical Area,,,Clallam County,Washington,53,9,Central,53009,38820,#N/A
48260,,430,"Weirton-Steubenville, WV-OH",Metropolitan Statistical Area,,"Pittsburgh-Weirton-Steubenville, PA-OH-WV",Brooke County,West Virginia,54,9,Central,54009,48260,#N/A
24580,,267,"Green Bay, WI",Metropolitan Statistical Area,,"Green Bay-Shawano, WI",Brown County,Wisconsin,55,9,Central,55009,24580,#N/A
41980,,490,"San Juan-Bayamón-Caguas, PR",Metropolitan Statistical Area,,"San Juan-Bayamón, PR",Aibonito Municipio,Puerto Rico,72,9,Outlying,72009,41980,#N/A
33100,22744,370,"Miami-Fort Lauderdale-West Palm Beach, FL",Metropolitan Statistical Area,"Fort Lauderdale-Pompano Beach-Sunrise, FL","Miami-Port St. Lucie-Fort Lauderdale, FL",Broward County,Florida,12,11,Central,12011,22744,Miami - FL
13940,,292,"Blackfoot, ID",Micropolitan Statistical Area,,"Idaho Falls-Rexburg-Blackfoot, ID",Bingham County,Idaho,16,11,Central,16011,13940,#N/A
36837,,176,"Ottawa, IL",Micropolitan Statistical Area,,"Chicago-Naperville, IL-IN-WI",Bureau County,Illinois,17,11,Central,17011,36837,#N/A
26900,,294,"Indianapolis-Carmel-Greenwood, IN",Metropolitan Statistical Area,,"Indianapolis-Carmel-Muncie, IN",Boone County,Indiana,18,11,Central,18011,26900,Indianapolis - IN
16300,,168,"Cedar Rapids, IA",Metropolitan Statistical Area,,"Cedar Rapids-Iowa City, IA",Benton County,Iowa,19,11,Outlying,19011,16300,#N/A
34460,,336,"Mount Sterling, KY",Micropolitan Statistical Area,,"Lexington-Fayette--Richmond--Frankfort, KY",Bath County,Kentucky,21,11,Outlying,21011,34460,#N/A
19760,,324,"DeRidder, LA",Micropolitan Statistical Area,,"Lake Charles-DeRidder, LA",Beauregard Parish,Louisiana,22,11,Central,22011,19760,#N/A
12300,,,"Augusta-Waterville, ME",Micropolitan Statistical Area,,,Kennebec County,Maine,23,11,Central,23011,12300,#N/A
24640,,521,"Greenfield, MA",Micropolitan Statistical Area,,"Springfield-Amherst Town-Northampton, MA",Franklin County,Massachusetts,25,11,Central,25011,24640,#N/A
17380,,,"Cleveland, MS",Micropolitan Statistical Area,,,Bolivar County,Mississippi,28,11,Central,28011,17380,#N/A
21220,,,"Elko, NV",Micropolitan Statistical Area,,,Eureka County,Nevada,32,11,Outlying,32011,21220,#N/A
31700,,148,"Manchester-Nashua, NH",Metropolitan Statistical Area,,"Boston-Worcester-Providence, MA-RI-NH",Hillsborough County,New Hampshire,33,11,Central,33011,31700,#N/A
47220,,428,"Vineland, NJ",Metropolitan Statistical Area,,"Philadelphia-Reading-Camden, PA-NJ-DE-MD",Cumberland County,New Jersey,34,11,Central,34011,47220,#N/A
12180,,532,"Auburn, NY",Micropolitan Statistical Area,,"Syracuse-Auburn, NY",Cayuga County,New York,36,11,Central,36011,12180,#N/A
47540,,338,"Wapakoneta, OH",Micropolitan Statistical Area,,"Lima-Van Wert-Celina, OH",Auglaize County,Ohio,39,11,Central,39011,47540,#N/A
18300,,,"Coos Bay-North Bend, OR",Micropolitan Statistical Area,,,Coos County,Oregon,41,11,Central,41011,18300,#N/A
39740,,428,"Reading, PA",Metropolitan Statistical Area,,"Philadelphia-Reading-Camden, PA-NJ-DE-MD",Berks County,Pennsylvania,42,11,Central,42011,39740,#N/A
15100,,,"Brookings, SD",Micropolitan Statistical Area,,,Brookings County,South Dakota,46,11,Central,46011,15100,#N/A
17420,,174,"Cleveland, TN",Metropolitan Statistical Area,,"Chattanooga-Cleveland-Dalton, TN-GA-AL",Bradley County,Tennessee,47,11,Central,47011,17420,#N/A
11100,,108,"Amarillo, TX",Metropolitan Statistical Area,,"Amarillo-Borger, TX",Armstrong County,Texas,48,11,Outlying,48011,11100,#N/A
36260,,482,"Ogden, UT",Metropolitan Statistical Area,,"Salt Lake City-Provo-Orem, UT-ID",Davis County,Utah,49,11,Central,49011,36260,Ogden - UT
15540,,162,"Burlington-South Burlington, VT",Metropolitan Statistical Area,,"Burlington-South Burlington-Barre, VT",Franklin County,Vermont,50,11,Outlying,50011,15540,#N/A
31340,,,"Lynchburg, VA",Metropolitan Statistical Area,,,Appomattox County,Virginia,51,11,Outlying,51011,31340,#N/A
38900,,440,"Portland-Vancouver-Hillsboro, OR-WA",Metropolitan Statistical Area,,"Portland-Vancouver-Salem, OR-WA",Clark County,Washington,53,11,Central,53011,38900,Portland - OR
26580,,170,"Huntington-Ashland, WV-KY-OH",Metropolitan Statistical Area,,"Charleston-Huntington-Ashland, WV-OH-KY",Cabell County,West Virginia,54,11,Central,54011,26580,#N/A
10380,,364,"Aguadilla, PR",Metropolitan Statistical Area,,"Mayagüez-Aguadilla, PR",Añasco Municipio,Puerto Rico,72,11,Central,72011,10380,#N/A
38060,,429,"Phoenix-Mesa-Chandler, AZ",Metropolitan Statistical Area,,"Phoenix-Mesa, AZ",Maricopa County,Arizona,4,13,Central,4013,38060,Phoenix - AZ
15780,,,"Camden, AR",Micropolitan Statistical Area,,,Calhoun County,Arkansas,5,13,Outlying,5013,15780,#N/A
41860,36084,488,"San Francisco-Oakland-Fremont, CA",Metropolitan Statistical Area,"Oakland-Fremont-Berkeley, CA","San Jose-San Francisco-Oakland, CA",Contra Costa County,California,6,13,Outlying,6013,36084,San Francisco - CA
14500,,216,"Boulder, CO",Metropolitan Statistical Area,,"Denver-Aurora-Greeley, CO",Boulder County,Colorado,8,13,Central,8013,14500,#N/A
12060,12054,122,"Atlanta-Sandy Springs-Roswell, GA",Metropolitan Statistical Area,"Atlanta-Sandy Springs-Roswell, GA","Atlanta--Athens-Clarke County--Sandy Springs, GA-AL",Barrow County,Georgia,13,13,Outlying,13013,12054,Atlanta - GA
25200,,,"Hailey, ID",Micropolitan Statistical Area,,,Blaine County,Idaho,16,13,Central,16013,25200,#N/A
41180,,476,"St. Louis, MO-IL",Metropolitan Statistical Area,,"St. Louis-St. Charles-Farmington, MO-IL",Calhoun County,Illinois,17,13,Outlying,17013,41180,Saint Louis - MO
26900,,294,"Indianapolis-Carmel-Greenwood, IN",Metropolitan Statistical Area,,"Indianapolis-Carmel-Muncie, IN",Brown County,Indiana,18,13,Outlying,18013,26900,Indianapolis - IN
47940,,,"Waterloo-Cedar Falls, IA",Metropolitan Statistical Area,,,Black Hawk County,Iowa,19,13,Central,19013,47940,#N/A
33180,,371,"Middlesborough, KY",Micropolitan Statistical Area,,"Middlesborough-Corbin, KY",Bell County,Kentucky,21,13,Central,21013,33180,#N/A
12580,,548,"Baltimore-Columbia-Towson, MD",Metropolitan Statistical Area,,"Washington-Baltimore-Arlington, DC-MD-VA-WV-PA",Carroll County,Maryland,24,13,Outlying,24013,12580,Baltimore - MD
44140,,521,"Springfield, MA",Metropolitan Statistical Area,,"Springfield-Amherst Town-Northampton, MA",Hampden County,Massachusetts,25,13,Central,25013,44140,Springfield - MA
31860,,359,"Mankato, MN",Metropolitan Statistical Area,,"Mankato-New Ulm, MN",Blue Earth County,Minnesota,27,13,Central,27013,31860,#N/A
28140,,312,"Kansas City, MO-KS",Metropolitan Statistical Area,,"Kansas City-Overland Park-Kansas City, MO-KS",Bates County,Missouri,29,13,Outlying,29013,28140,Kansas City - MO
24500,,,"Great Falls, MT",Metropolitan Statistical Area,,,Cascade County,Montana,30,13,Central,30013,24500,#N/A
49080,,,"Winnemucca, NV",Micropolitan Statistical Area,,,Humboldt County,Nevada,32,13,Central,32013,49080,#N/A
18180,,148,"Concord, NH",Micropolitan Statistical Area,,"Boston-Worcester-Providence, MA-RI-NH",Merrimack County,New Hampshire,33,13,Central,33013,18180,#N/A
35620,35084,408,"New York-Newark-Jersey City, NY-NJ",Metropolitan Statistical Area,"Newark, NJ","New York-Newark, NY-NJ-CT-PA",Essex County,New Jersey,34,13,Central,34013,35084,New York - NY
29740,,238,"Las Cruces, NM",Metropolitan Statistical Area,,"El Paso-Las Cruces, TX-NM",Doña Ana County,New Mexico,35,13,Central,35013,29740,#N/A
27460,,,"Jamestown-Dunkirk, NY",Micropolitan Statistical Area,,,Chautauqua County,New York,36,13,Central,36013,27460,#N/A
47820,,274,"Washington, NC",Micropolitan Statistical Area,,"Greenville-Washington, NC",Beaufort County,North Carolina,37,13,Central,37013,47820,#N/A
48540,,,"Wheeling, WV-OH",Metropolitan Statistical Area,,,Belmont County,Ohio,39,13,Central,39013,48540,#N/A
20460,,206,"Durant, OK",Micropolitan Statistical Area,,"Dallas-Fort Worth, TX-OK",Bryan County,Oklahoma,40,13,Central,40013,20460,#N/A
13460,,,"Bend, OR",Metropolitan Statistical Area,,,Crook County,Oregon,41,13,Outlying,41013,13460,#N/A
11020,,107,"Altoona, PA",Metropolitan Statistical Area,,"Altoona-Huntingdon, PA",Blair County,Pennsylvania,42,13,Central,42013,11020,#N/A
25940,,,"Hilton Head Island-Bluffton-Port Royal, SC",Metropolitan Statistical Area,,,Beaufort County,South Carolina,45,13,Central,45013,25940,#N/A
10100,,,"Aberdeen, SD",Micropolitan Statistical Area,,,Brown County,South Dakota,46,13,Central,46013,10100,#N/A
28940,,315,"Knoxville, TN",Metropolitan Statistical Area,,"Knoxville-Morristown-Sevierville, TN",Campbell County,Tennessee,47,13,Outlying,47013,28940,Knoxville - TN
41700,,484,"San Antonio-New Braunfels, TX",Metropolitan Statistical Area,,"San Antonio-New Braunfels-Kerrville, TX",Atascosa County,Texas,48,13,Outlying,48013,41700,San Antonio - TX
15540,,162,"Burlington-South Burlington, VT",Metropolitan Statistical Area,,"Burlington-South Burlington-Barre, VT",Grand Isle County,Vermont,50,13,Outlying,50013,15540,#N/A
47900,11694,548,"Washington-Arlington-Alexandria, DC-VA-MD-WV",Metropolitan Statistical Area,"Arlington-Alexandria-Reston, VA-WV","Washington-Baltimore-Arlington, DC-MD-VA-WV-PA",Arlington County,Virginia,51,13,Central,51013,11694,Washington - DC
40180,,,"Riverton, WY",Micropolitan Statistical Area,,,Fremont County,Wyoming,56,13,Central,56013,40180,#N/A
11640,,490,"Arecibo, PR",Metropolitan Statistical Area,,"San Juan-Bayamón, PR",Arecibo Municipio,Puerto Rico,72,13,Central,72013,11640,#N/A
19740,,216,"Denver-Aurora-Centennial, CO",Metropolitan Statistical Area,,"Denver-Aurora-Greeley, CO",Broomfield County,Colorado,8,14,Central,8014,19740,Denver - CO
11500,,,"Anniston-Oxford, AL",Metropolitan Statistical Area,,,Calhoun County,Alabama,1,15,Central,1015,11500,#N/A
29420,,,"Lake Havasu City-Kingman, AZ",Metropolitan Statistical Area,,,Mohave County,Arizona,4,15,Central,4015,29420,#N/A
18860,,152,"Crescent City, CA",Micropolitan Statistical Area,,"Brookings-Crescent City, OR-CA",Del Norte County,California,6,15,Central,6015,18860,#N/A
39460,,412,"Punta Gorda, FL",Metropolitan Statistical Area,,"North Port-Bradenton, FL",Charlotte County,Florida,12,15,Central,12015,39460,#N/A
12060,31924,122,"Atlanta-Sandy Springs-Roswell, GA",Metropolitan Statistical Area,"Marietta, GA","Atlanta--Athens-Clarke County--Sandy Springs, GA-AL",Bartow County,Georgia,13,15,Outlying,13015,31924,Atlanta - GA
14260,,147,"Boise City, ID",Metropolitan Statistical Area,,"Boise City-Mountain Home-Ontario, ID-OR",Boise County,Idaho,16,15,Outlying,16015,14260,Boise - ID
29200,,320,"Lafayette-West Lafayette, IN",Metropolitan Statistical Area,,"Lafayette-West Lafayette-Frankfort, IN",Carroll County,Indiana,18,15,Outlying,18015,29200,#N/A
11180,,218,"Ames, IA",Metropolitan Statistical Area,,"Des Moines-West Des Moines-Ames, IA",Boone County,Iowa,19,15,Outlying,19015,11180,#N/A
48620,,556,"Wichita, KS",Metropolitan Statistical Area,,"Wichita-Arkansas City-Winfield, KS",Butler County,Kansas,20,15,Central,20015,48620,Wichita - KS
17140,,178,"Cincinnati, OH-KY-IN",Metropolitan Statistical Area,,"Cincinnati-Wilmington, OH-KY-IN",Boone County,Kentucky,21,15,Central,21015,17140,Cincinnati - OH
43340,,508,"Shreveport-Bossier City, LA",Metropolitan Statistical Area,,"Shreveport-Bossier City-Minden, LA",Bossier Parish,Louisiana,22,15,Central,22015,43340,#N/A
37980,48864,428,"Philadelphia-Camden-Wilmington, PA-NJ-DE-MD",Metropolitan Statistical Area,"Wilmington, DE-MD-NJ","Philadelphia-Reading-Camden, PA-NJ-DE-MD",Cecil County,Maryland,24,15,Central,24015,48864,Philadelphia - PA
11200,,521,"Amherst Town-Northampton, MA",Metropolitan Statistical Area,,"Springfield-Amherst Town-Northampton, MA",Hampshire County,Massachusetts,25,15,Central,25015,11200,#N/A
24340,,266,"Grand Rapids-Wyoming-Kentwood, MI",Metropolitan Statistical Area,,"Grand Rapids-Wyoming, MI",Barry County,Michigan,26,15,Outlying,26015,24340,Grand Rapids - MI
35580,,359,"New Ulm, MN",Micropolitan Statistical Area,,"Mankato-New Ulm, MN",Brown County,Minnesota,27,15,Central,27015,35580,#N/A
24900,,,"Greenwood, MS",Micropolitan Statistical Area,,,Carroll County,Mississippi,28,15,Outlying,28015,24900,#N/A
14460,40484,148,"Boston-Cambridge-Newton, MA-NH",Metropolitan Statistical Area,"Rockingham County-Strafford County, NH","Boston-Worcester-Providence, MA-RI-NH",Rockingham County,New Hampshire,33,15,Central,33015,40484,Boston - MA
37980,15804,428,"Philadelphia-Camden-Wilmington, PA-NJ-DE-MD",Metropolitan Statistical Area,"Camden, NJ","Philadelphia-Reading-Camden, PA-NJ-DE-MD",Gloucester County,New Jersey,34,15,Central,34015,15804,Philadelphia - PA
16100,,,"Carlsbad-Artesia, NM",Micropolitan Statistical Area,,,Eddy County,New Mexico,35,15,Central,35015,16100,#N/A
21300,,236,"Elmira, NY",Metropolitan Statistical Area,,"Elmira-Corning, NY",Chemung County,New York,36,15,Central,36015,21300,#N/A
13900,,,"Bismarck, ND",Metropolitan Statistical Area,,,Burleigh County,North Dakota,38,15,Central,38015,13900,#N/A
17140,,178,"Cincinnati, OH-KY-IN",Metropolitan Statistical Area,,"Cincinnati-Wilmington, OH-KY-IN",Brown County,Ohio,39,15,Outlying,39015,17140,Cincinnati - OH
15060,,152,"Brookings, OR",Micropolitan Statistical Area,,"Brookings-Crescent City, OR-CA",Curry County,Oregon,41,15,Central,41015,15060,#N/A
42380,,,"Sayre, PA",Micropolitan Statistical Area,,,Bradford County,Pennsylvania,42,15,Central,42015,42380,#N/A
16700,,,"Charleston-North Charleston, SC",Metropolitan Statistical Area,,,Berkeley County,South Carolina,45,15,Central,45015,16700,Charleston - SC
34980,,400,"Nashville-Davidson--Murfreesboro--Franklin, TN",Metropolitan Statistical Area,,"Nashville-Davidson--Murfreesboro, TN",Cannon County,Tennessee,47,15,Outlying,47015,34980,Nashville - TN
26420,,288,"Houston-Pasadena-The Woodlands, TX",Metropolitan Statistical Area,,"Houston-Pasadena, TX",Austin County,Texas,48,15,Outlying,48015,26420,Houston - TX
44420,,277,"Staunton-Stuarts Draft, VA",Metropolitan Statistical Area,,"Harrisonburg-Staunton-Stuarts Draft, VA",Augusta County,Virginia,51,15,Central,51015,44420,#N/A
31020,,440,"Longview-Kelso, WA",Metropolitan Statistical Area,,"Portland-Vancouver-Salem, OR-WA",Cowlitz County,Washington,53,15,Central,53015,31020,#N/A
16620,,170,"Charleston, WV",Metropolitan Statistical Area,,"Charleston-Huntington-Ashland, WV-OH-KY",Clay County,West Virginia,54,15,Outlying,54015,16620,#N/A
11540,,118,"Appleton, WI",Metropolitan Statistical Area,,"Appleton-Oshkosh-Neenah, WI",Calumet County,Wisconsin,55,15,Central,55015,11540,#N/A
25020,,490,"Guayama, PR",Metropolitan Statistical Area,,"San Juan-Bayamón, PR",Arroyo Municipio,Puerto Rico,72,15,Central,72015,25020,#N/A
29300,,122,"LaGrange, GA-AL",Micropolitan Statistical Area,,"Atlanta--Athens-Clarke County--Sandy Springs, GA-AL",Chambers County,Alabama,1,17,Outlying,1017,29300,#N/A
43320,,,"Show Low, AZ",Micropolitan Statistical Area,,,Navajo County,Arizona,4,17,Central,4017,43320,#N/A
40900,,472,"Sacramento-Roseville-Folsom, CA",Metropolitan Statistical Area,,"Sacramento-Roseville, CA",El Dorado County,California,6,17,Central,6017,40900,Sacramento - CA
26140,,,"Homosassa Springs, FL",Metropolitan Statistical Area,,,Citrus County,Florida,12,17,Central,12017,26140,#N/A
22340,,,"Fitzgerald, GA",Micropolitan Statistical Area,,,Ben Hill County,Georgia,13,17,Central,13017,22340,#N/A
41760,,,"Sandpoint, ID",Micropolitan Statistical Area,,,Bonner County,Idaho,16,17,Central,16017,41760,#N/A
30900,,,"Logansport, IN",Micropolitan Statistical Area,,,Cass County,Indiana,18,17,Central,18017,30900,#N/A
47940,,,"Waterloo-Cedar Falls, IA",Metropolitan Statistical Area,,,Bremer County,Iowa,19,17,Outlying,19017,47940,#N/A
21380,,,"Emporia, KS",Micropolitan Statistical Area,,,Chase County,Kansas,20,17,Outlying,20017,21380,#N/A
30460,,336,"Lexington-Fayette, KY",Metropolitan Statistical Area,,"Lexington-Fayette--Richmond--Frankfort, KY",Bourbon County,Kentucky,21,17,Outlying,21017,30460,Lexington - KY
43340,,508,"Shreveport-Bossier City, LA",Metropolitan Statistical Area,,"Shreveport-Bossier City-Minden, LA",Caddo Parish,Louisiana,22,17,Central,22017,43340,#N/A
47900,47764,548,"Washington-Arlington-Alexandria, DC-VA-MD-WV",Metropolitan Statistical Area,"Washington, DC-MD","Washington-Baltimore-Arlington, DC-MD-VA-WV-PA",Charles County,Maryland,24,17,Outlying,24017,47764,Washington - DC
14460,15764,148,"Boston-Cambridge-Newton, MA-NH",Metropolitan Statistical Area,"Cambridge-Newton-Framingham, MA","Boston-Worcester-Providence, MA-RI-NH",Middlesex County,Massachusetts,25,17,Central,25017,15764,Boston - MA
13020,,474,"Bay City, MI",Metropolitan Statistical Area,,"Saginaw-Midland-Bay City, MI",Bay County,Michigan,26,17,Central,26017,13020,#N/A
20260,,228,"Duluth, MN-WI",Metropolitan Statistical Area,,"Duluth-Grand Rapids, MN-WI",Carlton County,Minnesota,27,17,Outlying,27017,20260,#N/A
16020,,164,"Cape Girardeau, MO-IL",Metropolitan Statistical Area,,"Cape Girardeau-Sikeston, MO-IL",Bollinger County,Missouri,29,17,Outlying,29017,16020,#N/A
14460,40484,148,"Boston-Cambridge-Newton, MA-NH",Metropolitan Statistical Area,"Rockingham County-Strafford County, NH","Boston-Worcester-Providence, MA-RI-NH",Strafford County,New Hampshire,33,17,Outlying,33017,40484,Boston - MA
35620,35614,408,"New York-Newark-Jersey City, NY-NJ",Metropolitan Statistical Area,"New York-Jersey City-White Plains, NY-NJ","New York-Newark, NY-NJ-CT-PA",Hudson County,New Jersey,34,17,Central,34017,35614,New York - NY
43500,,,"Silver City, NM",Micropolitan Statistical Area,,,Grant County,New Mexico,35,17,Central,35017,43500,#N/A
22020,,244,"Fargo, ND-MN",Metropolitan Statistical Area,,"Fargo-Wahpeton, ND-MN",Cass County,North Dakota,38,17,Central,38017,22020,Fargo - ND
17140,,178,"Cincinnati, OH-KY-IN",Metropolitan Statistical Area,,"Cincinnati-Wilmington, OH-KY-IN",Butler County,Ohio,39,17,Central,39017,17140,Cincinnati - OH
36420,,416,"Oklahoma City, OK",Metropolitan Statistical Area,,"Oklahoma City-Shawnee, OK",Canadian County,Oklahoma,40,17,Central,40017,36420,Oklahoma City - OK
13460,,,"Bend, OR",Metropolitan Statistical Area,,,Deschutes County,Oregon,41,17,Central,41017,13460,#N/A
37980,33874,428,"Philadelphia-Camden-Wilmington, PA-NJ-DE-MD",Metropolitan Statistical Area,"Montgomery County-Bucks County-Chester County, PA","Philadelphia-Reading-Camden, PA-NJ-DE-MD",Bucks County,Pennsylvania,42,17,Central,42017,33874,Philadelphia - PA
17900,,192,"Columbia, SC",Metropolitan Statistical Area,,"Columbia-Sumter-Orangeburg, SC",Calhoun County,South Carolina,45,17,Outlying,45017,17900,Columbia - SC
30150,,,"Lebanon-Claremont, NH-VT",Micropolitan Statistical Area,,,Orange County,Vermont,50,17,Outlying,50017,30150,#N/A
48300,,,"Wenatchee-East Wenatchee, WA",Metropolitan Statistical Area,,,Douglas County,Washington,53,17,Central,53017,48300,#N/A
17220,,242,"Clarksburg, WV",Micropolitan Statistical Area,,"Fairmont-Clarksburg, WV",Doddridge County,West Virginia,54,17,Outlying,54017,17220,#N/A
20740,,232,"Eau Claire, WI",Metropolitan Statistical Area,,"Eau Claire-Menomonie, WI",Chippewa County,Wisconsin,55,17,Central,55017,20740,#N/A
41980,,490,"San Juan-Bayamón-Caguas, PR",Metropolitan Statistical Area,,"San Juan-Bayamón, PR",Barceloneta Municipio,Puerto Rico,72,17,Outlying,72017,41980,#N/A
46060,,536,"Tucson, AZ",Metropolitan Statistical Area,,"Tucson-Nogales, AZ",Pima County,Arizona,4,19,Central,4019,46060,Tucson - AZ
11660,,,"Arkadelphia, AR",Micropolitan Statistical Area,,,Clark County,Arkansas,5,19,Central,5019,11660,#N/A
23420,,260,"Fresno, CA",Metropolitan Statistical Area,,"Fresno-Hanford-Corcoran, CA",Fresno County,California,6,19,Central,6019,23420,Fresno - CA
19740,,216,"Denver-Aurora-Centennial, CO",Metropolitan Statistical Area,,"Denver-Aurora-Greeley, CO",Clear Creek County,Colorado,8,19,Outlying,8019,19740,Denver - CO
27260,,300,"Jacksonville, FL",Metropolitan Statistical Area,,"Jacksonville-Kingsland-Palatka, FL-GA",Clay County,Florida,12,19,Central,12019,27260,Jacksonville - NC
26820,,292,"Idaho Falls, ID",Metropolitan Statistical Area,,"Idaho Falls-Rexburg-Blackfoot, ID",Bonneville County,Idaho,16,19,Central,16019,26820,#N/A
16580,,169,"Champaign-Urbana, IL",Metropolitan Statistical Area,,"Champaign-Urbana-Danville, IL",Champaign County,Illinois,17,19,Central,17019,16580,#N/A
31140,,350,"Louisville/Jefferson County, KY-IN",Metropolitan Statistical Area,,"Louisville/Jefferson County--Elizabethtown, KY-IN",Clark County,Indiana,18,19,Central,18019,31140,Louisville - KY
26580,,170,"Huntington-Ashland, WV-KY-OH",Metropolitan Statistical Area,,"Charleston-Huntington-Ashland, WV-OH-KY",Boyd County,Kentucky,21,19,Central,21019,26580,#N/A
29340,,324,"Lake Charles, LA",Metropolitan Statistical Area,,"Lake Charles-DeRidder, LA",Calcasieu Parish,Louisiana,22,19,Central,22019,29340,#N/A
12620,,,"Bangor, ME",Metropolitan Statistical Area,,,Penobscot County,Maine,23,19,Central,23019,12620,#N/A
15700,,548,"Cambridge, MD",Micropolitan Statistical Area,,"Washington-Baltimore-Arlington, DC-MD-VA-WV-PA",Dorchester County,Maryland,24,19,Central,24019,15700,#N/A
34880,,,"Nantucket, MA",Micropolitan Statistical Area,,,Nantucket County,Massachusetts,25,19,Central,25019,34880,#N/A
45900,,,"Traverse City, MI",Metropolitan Statistical Area,,,Benzie County,Michigan,26,19,Outlying,26019,45900,#N/A
33460,,378,"Minneapolis-St. Paul-Bloomington, MN-WI",Metropolitan Statistical Area,,"Minneapolis-St. Paul, MN-WI",Carver County,Minnesota,27,19,Central,27019,33460,Minneapolis - MN
17860,,190,"Columbia, MO",Metropolitan Statistical Area,,"Columbia-Jefferson City-Moberly, MO",Boone County,Missouri,29,19,Central,29019,17860,#N/A
28260,,,"Kearney, NE",Micropolitan Statistical Area,,,Buffalo County,Nebraska,31,19,Central,31019,28260,#N/A
39900,,456,"Reno, NV",Metropolitan Statistical Area,,"Reno-Carson City-Gardnerville Ranchos, NV-CA",Lyon County,Nevada,32,19,Outlying,32019,39900,Reno - NV
30150,,,"Lebanon-Claremont, NH-VT",Micropolitan Statistical Area,,,Sullivan County,New Hampshire,33,19,Outlying,33019,30150,#N/A
35620,35084,408,"New York-Newark-Jersey City, NY-NJ",Metropolitan Statistical Area,"Newark, NJ","New York-Newark, NY-NJ-CT-PA",Hunterdon County,New Jersey,34,19,Outlying,34019,35084,New York - NY
38460,,,"Plattsburgh, NY",Micropolitan Statistical Area,,,Clinton County,New York,36,19,Central,36019,38460,#N/A
48900,,,"Wilmington, NC",Metropolitan Statistical Area,,,Brunswick County,North Carolina,37,19,Central,37019,48900,#N/A
15940,,184,"Canton-Massillon, OH",Metropolitan Statistical Area,,"Cleveland-Akron-Canton, OH",Carroll County,Ohio,39,19,Outlying,39019,15940,#N/A
11620,,,"Ardmore, OK",Micropolitan Statistical Area,,,Carter County,Oklahoma,40,19,Central,40019,11620,#N/A
40700,,,"Roseburg, OR",Micropolitan Statistical Area,,,Douglas County,Oregon,41,19,Central,41019,40700,#N/A
38300,,430,"Pittsburgh, PA",Metropolitan Statistical Area,,"Pittsburgh-Weirton-Steubenville, PA-OH-WV",Butler County,Pennsylvania,42,19,Central,42019,38300,Pittsburgh - PA
16700,,,"Charleston-North Charleston, SC",Metropolitan Statistical Area,,,Charleston County,South Carolina,45,19,Central,45019,16700,Charleston - SC
27740,,304,"Johnson City, TN",Metropolitan Statistical Area,,"Johnson City-Kingsport-Bristol, TN-VA",Carter County,Tennessee,47,19,Central,47019,27740,#N/A
41700,,484,"San Antonio-New Braunfels, TX",Metropolitan Statistical Area,,"San Antonio-New Braunfels-Kerrville, TX",Bandera County,Texas,48,19,Outlying,48019,41700,San Antonio - TX
31340,,,"Lynchburg, VA",Metropolitan Statistical Area,,,Bedford County,Virginia,51,19,Central,51019,31340,#N/A
13220,,,"Beckley, WV",Metropolitan Statistical Area,,,Fayette County,West Virginia,54,19,Central,54019,13220,#N/A
41980,,490,"San Juan-Bayamón-Caguas, PR",Metropolitan Statistical Area,,"San Juan-Bayamón, PR",Barranquitas Municipio,Puerto Rico,72,19,Central,72019,41980,#N/A
11260,,,"Anchorage, AK",Metropolitan Statistical Area,,,Anchorage Municipality,Alaska,2,20,Central,2020,11260,#N/A
13820,,142,"Birmingham, AL",Metropolitan Statistical Area,,"Birmingham-Cullman-Talladega, AL",Chilton County,Alabama,1,21,Outlying,1021,13820,Birmingham - AL
38060,,429,"Phoenix-Mesa-Chandler, AZ",Metropolitan Statistical Area,,"Phoenix-Mesa, AZ",Pinal County,Arizona,4,21,Central,4021,38060,Phoenix - AZ
10480,,,"Alamosa, CO",Micropolitan Statistical Area,,,Conejos County,Colorado,8,21,Outlying,8021,10480,#N/A
34940,,163,"Naples-Marco Island, FL",Metropolitan Statistical Area,,"Cape Coral-Fort Myers-Naples, FL",Collier County,Florida,12,21,Central,12021,34940,#N/A
31420,,356,"Macon-Bibb County, GA",Metropolitan Statistical Area,,"Macon-Bibb County--Warner Robins, GA",Bibb County,Georgia,13,21,Central,13021,31420,#N/A
45380,,522,"Taylorville, IL",Micropolitan Statistical Area,,"Springfield-Jacksonville-Lincoln, IL",Christian County,Illinois,17,21,Central,17021,45380,#N/A
45460,,,"Terre Haute, IN",Metropolitan Statistical Area,,,Clay County,Indiana,18,21,Outlying,18021,45460,#N/A
44740,,,"Storm Lake, IA",Micropolitan Statistical Area,,,Buena Vista County,Iowa,19,21,Central,19021,44740,#N/A
27900,,309,"Joplin, MO-KS",Metropolitan Statistical Area,,"Joplin-Miami, MO-OK-KS",Cherokee County,Kansas,20,21,Outlying,20021,27900,#N/A
19220,,,"Danville, KY",Micropolitan Statistical Area,,,Boyle County,Kentucky,21,21,Central,21021,19220,#N/A
47900,23224,548,"Washington-Arlington-Alexandria, DC-VA-MD-WV",Metropolitan Statistical Area,"Frederick-Gaithersburg-Bethesda, MD","Washington-Baltimore-Arlington, DC-MD-VA-WV-PA",Frederick County,Maryland,24,21,Outlying,24021,23224,Washington - DC
14460,14454,148,"Boston-Cambridge-Newton, MA-NH",Metropolitan Statistical Area,"Boston, MA","Boston-Worcester-Providence, MA-RI-NH",Norfolk County,Massachusetts,25,21,Central,25021,14454,Boston - MA
35660,,515,"Niles, MI",Metropolitan Statistical Area,,"South Bend-Elkhart-Mishawaka, IN-MI",Berrien County,Michigan,26,21,Central,26021,35660,#N/A
14660,,,"Brainerd, MN",Micropolitan Statistical Area,,,Cass County,Minnesota,27,21,Outlying,27021,14660,#N/A
41140,,312,"St. Joseph, MO-KS",Metropolitan Statistical Area,,"Kansas City-Overland Park-Kansas City, MO-KS",Buchanan County,Missouri,29,21,Central,29021,41140,#N/A
45940,,408,"Trenton-Princeton, NJ",Metropolitan Statistical Area,,"New York-Newark, NY-NJ-CT-PA",Mercer County,New Jersey,34,21,Central,34021,45940,#N/A
26460,,104,"Hudson, NY",Micropolitan Statistical Area,,"Albany-Schenectady, NY",Columbia County,New York,36,21,Central,36021,26460,#N/A
11700,,120,"Asheville, NC",Metropolitan Statistical Area,,"Asheville-Waynesville-Brevard, NC",Buncombe County,North Carolina,37,21,Central,37021,11700,#N/A
46500,,212,"Urbana, OH",Micropolitan Statistical Area,,"Dayton-Springfield-Kettering, OH",Champaign County,Ohio,39,21,Central,39021,46500,#N/A
45140,,,"Tahlequah, OK",Micropolitan Statistical Area,,,Cherokee County,Oklahoma,40,21,Central,40021,45140,#N/A
27780,,306,"Johnstown, PA",Metropolitan Statistical Area,,"Johnstown-Somerset, PA",Cambria County,Pennsylvania,42,21,Central,42021,27780,#N/A
23500,,273,"Gaffney, SC",Micropolitan Statistical Area,,"Greenville-Spartanburg-Anderson, SC",Cherokee County,South Carolina,45,21,Central,45021,23500,#N/A
34980,,400,"Nashville-Davidson--Murfreesboro--Franklin, TN",Metropolitan Statistical Area,,"Nashville-Davidson--Murfreesboro, TN",Cheatham County,Tennessee,47,21,Outlying,47021,34980,Nashville - TN
12420,,,"Austin-Round Rock-San Marcos, TX",Metropolitan Statistical Area,,,Bastrop County,Texas,48,21,Outlying,48021,12420,Austin - TX
16260,,,"Cedar City, UT",Micropolitan Statistical Area,,,Iron County,Utah,49,21,Central,49021,16260,#N/A
40860,,,"Rutland, VT",Micropolitan Statistical Area,,,Rutland County,Vermont,50,21,Central,50021,40860,#N/A
28420,,314,"Kennewick-Richland, WA",Metropolitan Statistical Area,,"Kennewick-Richland-Walla Walla, WA",Franklin County,Washington,53,21,Central,53021,28420,#N/A
31540,,357,"Madison, WI",Metropolitan Statistical Area,,"Madison-Janesville-Beloit, WI",Columbia County,Wisconsin,55,21,Outlying,55021,31540,Madison - WI
16940,,,"Cheyenne, WY",Metropolitan Statistical Area,,,Laramie County,Wyoming,56,21,Central,56021,16940,#N/A
41980,,490,"San Juan-Bayamón-Caguas, PR",Metropolitan Statistical Area,,"San Juan-Bayamón, PR",Bayamón Municipio,Puerto Rico,72,21,Central,72021,41980,#N/A
35700,,536,"Nogales, AZ",Micropolitan Statistical Area,,"Tucson-Nogales, AZ",Santa Cruz County,Arizona,4,23,Central,4023,35700,#N/A
21700,,,"Eureka-Arcata, CA",Micropolitan Statistical Area,,,Humboldt County,California,6,23,Central,6023,21700,#N/A
10480,,,"Alamosa, CO",Micropolitan Statistical Area,,,Costilla County,Colorado,8,23,Outlying,8023,10480,#N/A
29380,,264,"Lake City, FL",Micropolitan Statistical Area,,"Gainesville-Lake City, FL",Columbia County,Florida,12,23,Central,12023,29380,#N/A
26820,,292,"Idaho Falls, ID",Metropolitan Statistical Area,,"Idaho Falls-Rexburg-Blackfoot, ID",Butte County,Idaho,16,23,Outlying,16023,26820,#N/A
23140,,320,"Frankfort, IN",Micropolitan Statistical Area,,"Lafayette-West Lafayette-Frankfort, IN",Clinton County,Indiana,18,23,Central,18023,23140,#N/A
17140,,178,"Cincinnati, OH-KY-IN",Metropolitan Statistical Area,,"Cincinnati-Wilmington, OH-KY-IN",Bracken County,Kentucky,21,23,Outlying,21023,17140,Cincinnati - OH
29340,,324,"Lake Charles, LA",Metropolitan Statistical Area,,"Lake Charles-DeRidder, LA",Cameron Parish,Louisiana,22,23,Outlying,22023,29340,#N/A
38860,,438,"Portland-South Portland, ME",Metropolitan Statistical Area,,"Portland-Lewiston-South Portland, ME",Sagadahoc County,Maine,23,23,Outlying,23023,38860,Portland - ME
14460,14454,148,"Boston-Cambridge-Newton, MA-NH",Metropolitan Statistical Area,"Boston, MA","Boston-Worcester-Providence, MA-RI-NH",Plymouth County,Massachusetts,25,23,Central,25023,14454,Boston - MA
17740,,,"Coldwater, MI",Micropolitan Statistical Area,,,Branch County,Michigan,26,23,Central,26023,17740,#N/A
32940,,,"Meridian, MS",Micropolitan Statistical Area,,,Clarke County,Mississippi,28,23,Outlying,28023,32940,#N/A
38740,,,"Poplar Bluff, MO",Micropolitan Statistical Area,,,Butler County,Missouri,29,23,Central,29023,38740,#N/A
37220,,332,"Pahrump, NV",Micropolitan Statistical Area,,"Las Vegas-Henderson, NV",Nye County,Nevada,32,23,Central,32023,37220,#N/A
35620,29484,408,"New York-Newark-Jersey City, NY-NJ",Metropolitan Statistical Area,"Lakewood-New Brunswick, NJ","New York-Newark, NY-NJ-CT-PA",Middlesex County,New Jersey,34,23,Central,34023,29484,New York - NY
18660,,296,"Cortland, NY",Micropolitan Statistical Area,,"Ithaca-Cortland, NY",Cortland County,New York,36,23,Central,36023,18660,#N/A
25860,,172,"Hickory-Lenoir-Morganton, NC",Metropolitan Statistical Area,,"Charlotte-Concord, NC-SC",Burke County,North Carolina,37,23,Central,37023,25860,#N/A
44220,,212,"Springfield, OH",Metropolitan Statistical Area,,"Dayton-Springfield-Kettering, OH",Clark County,Ohio,39,23,Central,39023,44220,#N/A
16740,,172,"Charlotte-Concord-Gastonia, NC-SC",Metropolitan Statistical Area,,"Charlotte-Concord, NC-SC",Chester County,South Carolina,45,23,Outlying,45023,16740,Charlotte - NC
27180,,,"Jackson, TN",Metropolitan Statistical Area,,,Chester County,Tennessee,47,23,Outlying,47023,27180,#N/A
39340,,482,"Provo-Orem-Lehi, UT",Metropolitan Statistical Area,,"Salt Lake City-Provo-Orem, UT-ID",Juab County,Utah,49,23,Outlying,49023,39340,Provo - UT
12740,,162,"Barre, VT",Micropolitan Statistical Area,,"Burlington-South Burlington-Barre, VT",Washington County,Vermont,50,23,Central,50023,12740,#N/A
40220,,,"Roanoke, VA",Metropolitan Statistical Area,,,Botetourt County,Virginia,51,23,Central,51023,40220,#N/A
32420,,364,"Mayagüez, PR",Metropolitan Statistical Area,,"Mayagüez-Aguadilla, PR",Cabo Rojo Municipio,Puerto Rico,72,23,Central,72023,32420,#N/A
39150,,,"Prescott Valley-Prescott, AZ",Metropolitan Statistical Area,,,Yavapai County,Arizona,4,25,Central,4025,39150,#N/A
38220,,340,"Pine Bluff, AR",Micropolitan Statistical Area,,"Little Rock-North Little Rock, AR",Cleveland County,Arkansas,5,25,Outlying,5025,38220,#N/A
20940,,,"El Centro, CA",Metropolitan Statistical Area,,,Imperial County,California,6,25,Central,6025,20940,#N/A
15260,,,"Brunswick-St. Simons, GA",Metropolitan Statistical Area,,,Brantley County,Georgia,13,25,Outlying,13025,15260,#N/A
25200,,,"Hailey, ID",Micropolitan Statistical Area,,,Camas County,Idaho,16,25,Outlying,16025,25200,#N/A
12580,,548,"Baltimore-Columbia-Towson, MD",Metropolitan Statistical Area,,"Washington-Baltimore-Arlington, DC-MD-VA-WV-PA",Harford County,Maryland,24,25,Outlying,24025,12580,Baltimore - MD
14460,14454,148,"Boston-Cambridge-Newton, MA-NH",Metropolitan Statistical Area,"Boston, MA","Boston-Worcester-Providence, MA-RI-NH",Suffolk County,Massachusetts,25,25,Central,25025,14454,Boston - MA
12980,,310,"Battle Creek, MI",Metropolitan Statistical Area,,"Kalamazoo-Battle Creek-Portage, MI",Calhoun County,Michigan,26,25,Central,26025,12980,#N/A
33460,,378,"Minneapolis-St. Paul-Bloomington, MN-WI",Metropolitan Statistical Area,,"Minneapolis-St. Paul, MN-WI",Chisago County,Minnesota,27,25,Outlying,27025,33460,Minneapolis - MN
28140,,312,"Kansas City, MO-KS",Metropolitan Statistical Area,,"Kansas City-Overland Park-Kansas City, MO-KS",Caldwell County,Missouri,29,25,Outlying,29025,28140,Kansas City - MO
36540,,420,"Omaha, NE-IA",Metropolitan Statistical Area,,"Omaha-Fremont, NE-IA",Cass County,Nebraska,31,25,Outlying,31025,36540,Omaha - NE
35620,29484,408,"New York-Newark-Jersey City, NY-NJ",Metropolitan Statistical Area,"Lakewood-New Brunswick, NJ","New York-Newark, NY-NJ-CT-PA",Monmouth County,New Jersey,34,25,Central,34025,29484,New York - NY
26020,,,"Hobbs, NM",Micropolitan Statistical Area,,,Lea County,New Mexico,35,25,Central,35025,26020,#N/A
16740,,172,"Charlotte-Concord-Gastonia, NC-SC",Metropolitan Statistical Area,,"Charlotte-Concord, NC-SC",Cabarrus County,North Carolina,37,25,Outlying,37025,16740,Charlotte - NC
19860,,,"Dickinson, ND",Micropolitan Statistical Area,,,Dunn County,North Dakota,38,25,Outlying,38025,19860,#N/A
17140,,178,"Cincinnati, OH-KY-IN",Metropolitan Statistical Area,,"Cincinnati-Wilmington, OH-KY-IN",Clermont County,Ohio,39,25,Central,39025,17140,Cincinnati - OH
10900,,106,"Allentown-Bethlehem-Easton, PA-NJ",Metropolitan Statistical Area,,"Allentown-Bethlehem-East Stroudsburg, PA-NJ",Carbon County,Pennsylvania,42,25,Outlying,42025,10900,Lehigh Valley - PA
13300,,,"Beeville, TX",Micropolitan Statistical Area,,,Bee County,Texas,48,25,Central,48025,13300,#N/A
14710,,313,"Brattleboro, VT",Micropolitan Statistical Area,,"Keene-Brattleboro, NH-VT",Windham County,Vermont,50,25,Central,50025,14710,#N/A
34180,,393,"Moses Lake, WA",Micropolitan Statistical Area,,"Moses Lake-Othello, WA",Grant County,Washington,53,25,Central,53025,34180,#N/A
31540,,357,"Madison, WI",Metropolitan Statistical Area,,"Madison-Janesville-Beloit, WI",Dane County,Wisconsin,55,25,Central,55025,31540,Madison - WI
16220,,,"Casper, WY",Metropolitan Statistical Area,,,Natrona County,Wyoming,56,25,Central,56025,16220,#N/A
41980,,490,"San Juan-Bayamón-Caguas, PR",Metropolitan Statistical Area,,"San Juan-Bayamón, PR",Caguas Municipio,Puerto Rico,72,25,Central,72025,41980,#N/A
49740,,,"Yuma, AZ",Metropolitan Statistical Area,,,Yuma County,Arizona,4,27,Central,4027,49740,#N/A
31620,,,"Magnolia, AR",Micropolitan Statistical Area,,,Columbia County,Arkansas,5,27,Central,5027,31620,#N/A
13860,,,"Bishop, CA",Micropolitan Statistical Area,,,Inyo County,California,6,27,Central,6027,13860,#N/A
11580,,412,"Arcadia, FL",Micropolitan Statistical Area,,"North Port-Bradenton, FL",DeSoto County,Florida,12,27,Central,12027,11580,#N/A
46660,,,"Valdosta, GA",Metropolitan Statistical Area,,,Brooks County,Georgia,13,27,Outlying,13027,46660,#N/A
14260,,147,"Boise City, ID",Metropolitan Statistical Area,,"Boise City-Mountain Home-Ontario, ID-OR",Canyon County,Idaho,16,27,Outlying,16027,14260,Boise - ID
41180,,476,"St. Louis, MO-IL",Metropolitan Statistical Area,,"St. Louis-St. Charles-Farmington, MO-IL",Clinton County,Illinois,17,27,Outlying,17027,41180,Saint Louis - MO
47780,,,"Washington, IN",Micropolitan Statistical Area,,,Daviess County,Indiana,18,27,Central,18027,47780,#N/A
16140,,,"Carroll, IA",Micropolitan Statistical Area,,,Carroll County,Iowa,19,27,Central,19027,16140,#N/A
12580,,548,"Baltimore-Columbia-Towson, MD",Metropolitan Statistical Area,,"Washington-Baltimore-Arlington, DC-MD-VA-WV-PA",Howard County,Maryland,24,27,Central,24027,12580,Baltimore - MD
49340,,148,"Worcester, MA",Metropolitan Statistical Area,,"Boston-Worcester-Providence, MA-RI-NH",Worcester County,Massachusetts,25,27,Central,25027,49340,Worcester - MA
43780,,515,"South Bend-Mishawaka, IN-MI",Metropolitan Statistical Area,,"South Bend-Elkhart-Mishawaka, IN-MI",Cass County,Michigan,26,27,Central,26027,43780,#N/A
22020,,244,"Fargo, ND-MN",Metropolitan Statistical Area,,"Fargo-Wahpeton, ND-MN",Clay County,Minnesota,27,27,Central,27027,22020,Fargo - ND
17260,,368,"Clarksdale, MS",Micropolitan Statistical Area,,"Memphis-Clarksdale-Forrest City, TN-MS-AR",Coahoma County,Mississippi,28,27,Central,28027,17260,#N/A
27620,,190,"Jefferson City, MO",Metropolitan Statistical Area,,"Columbia-Jefferson City-Moberly, MO",Callaway County,Missouri,29,27,Outlying,29027,27620,#N/A
35620,35084,408,"New York-Newark-Jersey City, NY-NJ",Metropolitan Statistical Area,"Newark, NJ","New York-Newark, NY-NJ-CT-PA",Morris County,New Jersey,34,27,Central,34027,35084,New York - NY
40760,,,"Ruidoso, NM",Micropolitan Statistical Area,,,Lincoln County,New Mexico,35,27,Central,35027,40760,#N/A
28880,,408,"Kiryas Joel-Poughkeepsie-Newburgh, NY",Metropolitan Statistical Area,,"New York-Newark, NY-NJ-CT-PA",Dutchess County,New York,36,27,Central,36027,28880,Poughkeepsie - NY
25860,,172,"Hickory-Lenoir-Morganton, NC",Metropolitan Statistical Area,,"Charlotte-Concord, NC-SC",Caldwell County,North Carolina,37,27,Central,37027,25860,#N/A
48940,,178,"Wilmington, OH",Micropolitan Statistical Area,,"Cincinnati-Wilmington, OH-KY-IN",Clinton County,Ohio,39,27,Central,39027,48940,#N/A
36420,,416,"Oklahoma City, OK",Metropolitan Statistical Area,,"Oklahoma City-Shawnee, OK",Cleveland County,Oklahoma,40,27,Central,40027,36420,Oklahoma City - OK
26220,,,"Hood River, OR",Micropolitan Statistical Area,,,Hood River County,Oregon,41,27,Central,41027,26220,#N/A
44300,,524,"State College, PA",Metropolitan Statistical Area,,"State College-DuBois, PA",Centre County,Pennsylvania,42,27,Central,42027,44300,#N/A
46820,,,"Vermillion, SD",Micropolitan Statistical Area,,,Clay County,South Dakota,46,27,Central,46027,46820,#N/A
28660,,,"Killeen-Temple, TX",Metropolitan Statistical Area,,,Bell County,Texas,48,27,Central,48027,28660,#N/A
30150,,,"Lebanon-Claremont, NH-VT",Micropolitan Statistical Area,,,Windsor County,Vermont,50,27,Central,50027,30150,#N/A
10140,,,"Aberdeen, WA",Micropolitan Statistical Area,,,Grays Harbor County,Washington,53,27,Central,53027,10140,#N/A
49020,,548,"Winchester, VA-WV",Metropolitan Statistical Area,,"Washington-Baltimore-Arlington, DC-MD-VA-WV-PA",Hampshire County,West Virginia,54,27,Outlying,54027,49020,#N/A
13180,,376,"Beaver Dam, WI",Micropolitan Statistical Area,,"Milwaukee-Racine-Waukesha, WI",Dodge County,Wisconsin,55,27,Central,55027,13180,#N/A
11640,,490,"Arecibo, PR",Metropolitan Statistical Area,,"San Juan-Bayamón, PR",Camuy Municipio,Puerto Rico,72,27,Central,72027,11640,#N/A
31060,,105,"Los Alamos, NM",Micropolitan Statistical Area,,"Albuquerque-Santa Fe-Los Alamos, NM",Los Alamos County,New Mexico,35,28,Central,35028,31060,#N/A
12540,,,"Bakersfield-Delano, CA",Metropolitan Statistical Area,,,Kern County,California,6,29,Central,6029,12540,Bakersfield - CA
42340,,496,"Savannah, GA",Metropolitan Statistical Area,,"Savannah-Hinesville-Statesboro, GA",Bryan County,Georgia,13,29,Central,13029,42340,#N/A
16660,,,"Charleston-Mattoon, IL",Micropolitan Statistical Area,,,Coles County,Illinois,17,29,Central,17029,16660,#N/A
17140,,178,"Cincinnati, OH-KY-IN",Metropolitan Statistical Area,,"Cincinnati-Wilmington, OH-KY-IN",Dearborn County,Indiana,18,29,Outlying,18029,17140,Cincinnati - OH
31140,,350,"Louisville/Jefferson County, KY-IN",Metropolitan Statistical Area,,"Louisville/Jefferson County--Elizabethtown, KY-IN",Bullitt County,Kentucky,21,29,Central,21029,31140,Louisville - KY
35020,,,"Natchez, MS-LA",Micropolitan Statistical Area,,,Concordia Parish,Louisiana,22,29,Central,22029,35020,#N/A
27140,,298,"Jackson, MS",Metropolitan Statistical Area,,"Jackson-Vicksburg-Brookhaven, MS",Copiah County,Mississippi,28,29,Outlying,28029,27140,Jackson - MS
28060,,,"Kalispell, MT",Micropolitan Statistical Area,,,Flathead County,Montana,30,29,Central,30029,28060,#N/A
39900,,456,"Reno, NV",Metropolitan Statistical Area,,"Reno-Carson City-Gardnerville Ranchos, NV-CA",Storey County,Nevada,32,29,Outlying,32029,39900,Reno - NV
35620,29484,408,"New York-Newark-Jersey City, NY-NJ",Metropolitan Statistical Area,"Lakewood-New Brunswick, NJ","New York-Newark, NY-NJ-CT-PA",Ocean County,New Jersey,34,29,Central,34029,29484,New York - NY
19700,,,"Deming, NM",Micropolitan Statistical Area,,,Luna County,New Mexico,35,29,Central,35029,19700,#N/A
15380,,160,"Buffalo-Cheektowaga, NY",Metropolitan Statistical Area,,"Buffalo-Cheektowaga-Olean, NY",Erie County,New York,36,29,Central,36029,15380,Buffalo - NY
47260,,545,"Virginia Beach-Chesapeake-Norfolk, VA-NC",Metropolitan Statistical Area,,"Virginia Beach-Chesapeake, VA-NC",Camden County,North Carolina,37,29,Outlying,37029,47260,Norfolk - VA
41400,,566,"Salem, OH",Micropolitan Statistical Area,,"Youngstown-Warren-Salem, OH",Columbiana County,Ohio,39,29,Central,39029,41400,#N/A
32780,,366,"Medford, OR",Metropolitan Statistical Area,,"Medford-Grants Pass, OR",Jackson County,Oregon,41,29,Central,41029,32780,#N/A
37980,33874,428,"Philadelphia-Camden-Wilmington, PA-NJ-DE-MD",Metropolitan Statistical Area,"Montgomery County-Bucks County-Chester County, PA","Philadelphia-Reading-Camden, PA-NJ-DE-MD",Chester County,Pennsylvania,42,29,Central,42029,33874,Philadelphia - PA
47980,,,"Watertown, SD",Micropolitan Statistical Area,,,Codington County,South Dakota,46,29,Central,46029,47980,#N/A
35460,,315,"Newport, TN",Micropolitan Statistical Area,,"Knoxville-Morristown-Sevierville, TN",Cocke County,Tennessee,47,29,Central,47029,35460,#N/A
41700,,484,"San Antonio-New Braunfels, TX",Metropolitan Statistical Area,,"San Antonio-New Braunfels-Kerrville, TX",Bexar County,Texas,48,29,Central,48029,41700,San Antonio - TX
36260,,482,"Ogden, UT",Metropolitan Statistical Area,,"Salt Lake City-Provo-Orem, UT-ID",Morgan County,Utah,49,29,Outlying,49029,36260,Ogden - UT
36020,,500,"Oak Harbor, WA",Micropolitan Statistical Area,,"Seattle-Tacoma, WA",Island County,Washington,53,29,Central,53029,36020,#N/A
48260,,430,"Weirton-Steubenville, WV-OH",Metropolitan Statistical Area,,"Pittsburgh-Weirton-Steubenville, PA-OH-WV",Hancock County,West Virginia,54,29,Central,54029,48260,#N/A
17650,,,"Cody, WY",Micropolitan Statistical Area,,,Park County,Wyoming,56,29,Central,56029,17650,#N/A
41980,,490,"San Juan-Bayamón-Caguas, PR",Metropolitan Statistical Area,,"San Juan-Bayamón, PR",Canóvanas Municipio,Puerto Rico,72,29,Central,72029,41980,#N/A
21460,,222,"Enterprise, AL",Micropolitan Statistical Area,,"Dothan-Enterprise-Ozark, AL",Coffee County,Alabama,1,31,Central,1031,21460,#N/A
27860,,308,"Jonesboro, AR",Metropolitan Statistical Area,,"Jonesboro-Paragould, AR",Craighead County,Arkansas,5,31,Central,5031,27860,#N/A
25260,,260,"Hanford-Corcoran, CA",Metropolitan Statistical Area,,"Fresno-Hanford-Corcoran, CA",Kings County,California,6,31,Central,6031,25260,#N/A
19740,,216,"Denver-Aurora-Centennial, CO",Metropolitan Statistical Area,,"Denver-Aurora-Greeley, CO",Denver County,Colorado,8,31,Central,8031,19740,Denver - CO
27260,,300,"Jacksonville, FL",Metropolitan Statistical Area,,"Jacksonville-Kingsland-Palatka, FL-GA",Duval County,Florida,12,31,Central,12031,27260,Jacksonville - NC
44340,,496,"Statesboro, GA",Micropolitan Statistical Area,,"Savannah-Hinesville-Statesboro, GA",Bulloch County,Georgia,13,31,Central,13031,44340,#N/A
15420,,,"Burley, ID",Micropolitan Statistical Area,,,Cassia County,Idaho,16,31,Central,16031,15420,#N/A
16980,16984,176,"Chicago-Naperville-Elgin, IL-IN",Metropolitan Statistical Area,"Chicago-Naperville-Schaumburg, IL","Chicago-Naperville, IL-IN-WI",Cook County,Illinois,17,31,Central,17031,16984,Chicago - IL
24700,,294,"Greensburg, IN",Micropolitan Statistical Area,,"Indianapolis-Carmel-Muncie, IN",Decatur County,Indiana,18,31,Central,18031,24700,#N/A
14540,,150,"Bowling Green, KY",Metropolitan Statistical Area,,"Bowling Green-Glasgow-Franklin, KY",Butler County,Kentucky,21,31,Outlying,21031,14540,#N/A
43340,,508,"Shreveport-Bossier City, LA",Metropolitan Statistical Area,,"Shreveport-Bossier City-Minden, LA",De Soto Parish,Louisiana,22,31,Outlying,22031,43340,#N/A
38860,,438,"Portland-South Portland, ME",Metropolitan Statistical Area,,"Portland-Lewiston-South Portland, ME",York County,Maine,23,31,Central,23031,38860,Portland - ME
47900,23224,548,"Washington-Arlington-Alexandria, DC-VA-MD-WV",Metropolitan Statistical Area,"Frederick-Gaithersburg-Bethesda, MD","Washington-Baltimore-Arlington, DC-MD-VA-WV-PA",Montgomery County,Maryland,24,31,Central,24031,23224,Washington - DC
16020,,164,"Cape Girardeau, MO-IL",Metropolitan Statistical Area,,"Cape Girardeau-Sikeston, MO-IL",Cape Girardeau County,Missouri,29,31,Central,29031,16020,#N/A
14580,,,"Bozeman, MT",Metropolitan Statistical Area,,,Gallatin County,Montana,30,31,Central,30031,14580,#N/A
39900,,456,"Reno, NV",Metropolitan Statistical Area,,"Reno-Carson City-Gardnerville Ranchos, NV-CA",Washoe County,Nevada,32,31,Central,32031,39900,Reno - NV
35620,35614,408,"New York-Newark-Jersey City, NY-NJ",Metropolitan Statistical Area,"New York-Jersey City-White Plains, NY-NJ","New York-Newark, NY-NJ-CT-PA",Passaic County,New Jersey,34,31,Central,34031,35614,New York - NY
23700,,,"Gallup, NM",Micropolitan Statistical Area,,,McKinley County,New Mexico,35,31,Central,35031,23700,#N/A
33980,,404,"Morehead City, NC",Micropolitan Statistical Area,,"New Bern-Morehead City, NC",Carteret County,North Carolina,37,31,Central,37031,33980,#N/A
18740,,184,"Coshocton, OH",Micropolitan Statistical Area,,"Cleveland-Akron-Canton, OH",Coshocton County,Ohio,39,31,Central,39031,18740,#N/A
30020,,334,"Lawton, OK",Metropolitan Statistical Area,,"Lawton-Duncan, OK",Comanche County,Oklahoma,40,31,Central,40031,30020,#N/A
13460,,,"Bend, OR",Metropolitan Statistical Area,,,Jefferson County,Oregon,41,31,Outlying,41031,13460,#N/A
22500,,,"Florence, SC",Metropolitan Statistical Area,,,Darlington County,South Carolina,45,31,Outlying,45031,22500,#N/A
46100,,400,"Tullahoma-Manchester, TN",Micropolitan Statistical Area,,"Nashville-Davidson--Murfreesboro, TN",Coffee County,Tennessee,47,31,Central,47031,46100,#N/A
31340,,,"Lynchburg, VA",Metropolitan Statistical Area,,,Campbell County,Virginia,51,31,Central,51031,31340,#N/A
39040,,,"Port Townsend, WA",Micropolitan Statistical Area,,,Jefferson County,Washington,53,31,Central,53031,39040,#N/A
20260,,228,"Duluth, MN-WI",Metropolitan Statistical Area,,"Duluth-Grand Rapids, MN-WI",Douglas County,Wisconsin,55,31,Central,55031,20260,#N/A
41980,,490,"San Juan-Bayamón-Caguas, PR",Metropolitan Statistical Area,,"San Juan-Bayamón, PR",Carolina Municipio,Puerto Rico,72,31,Central,72031,41980,#N/A
22520,,250,"Florence-Muscle Shoals, AL",Metropolitan Statistical Area,,"Florence-Muscle Shoals-Russellville, AL",Colbert County,Alabama,1,33,Central,1033,22520,#N/A
22900,,,"Fort Smith, AR-OK",Metropolitan Statistical Area,,,Crawford County,Arkansas,5,33,Central,5033,22900,#N/A
17340,,,"Clearlake, CA",Micropolitan Statistical Area,,,Lake County,California,6,33,Central,6033,17340,#N/A
37860,,,"Pensacola-Ferry Pass-Brent, FL",Metropolitan Statistical Area,,,Escambia County,Florida,12,33,Central,12033,37860,#N/A
12260,,,"Augusta-Richmond County, GA-SC",Metropolitan Statistical Area,,,Burke County,Georgia,13,33,Outlying,13033,12260,Augusta - GA
12140,,258,"Auburn, IN",Micropolitan Statistical Area,,"Fort Wayne-Huntington-Auburn, IN",DeKalb County,Indiana,18,33,Central,18033,12140,#N/A
32380,,,"Mason City, IA",Micropolitan Statistical Area,,,Cerro Gordo County,Iowa,19,33,Central,19033,32380,#N/A
12940,,132,"Baton Rouge, LA",Metropolitan Statistical Area,,"Baton Rouge-Hammond, LA",East Baton Rouge Parish,Louisiana,22,33,Central,22033,12940,Baton Rouge - LA
47900,47764,548,"Washington-Arlington-Alexandria, DC-VA-MD-WV",Metropolitan Statistical Area,"Washington, DC-MD","Washington-Baltimore-Arlington, DC-MD-VA-WV-PA",Prince George's County,Maryland,24,33,Central,24033,47764,Washington - DC
42300,,,"Sault Ste. Marie, MI",Micropolitan Statistical Area,,,Chippewa County,Michigan,26,33,Central,26033,42300,#N/A
32820,,368,"Memphis, TN-MS-AR",Metropolitan Statistical Area,,"Memphis-Clarksdale-Forrest City, TN-MS-AR",DeSoto County,Mississippi,28,33,Central,28033,32820,Memphis - TN
37980,48864,428,"Philadelphia-Camden-Wilmington, PA-NJ-DE-MD",Metropolitan Statistical Area,"Wilmington, DE-MD-NJ","Philadelphia-Reading-Camden, PA-NJ-DE-MD",Salem County,New Jersey,34,33,Central,34033,48864,Philadelphia - PA
29780,,105,"Las Vegas, NM",Micropolitan Statistical Area,,"Albuquerque-Santa Fe-Los Alamos, NM",Mora County,New Mexico,35,33,Outlying,35033,29780,#N/A
15340,,360,"Bucyrus, OH",Micropolitan Statistical Area,,"Mansfield-Ashland-Bucyrus, OH",Crawford County,Ohio,39,33,Central,39033,15340,#N/A
30020,,334,"Lawton, OK",Metropolitan Statistical Area,,"Lawton-Duncan, OK",Cotton County,Oklahoma,40,33,Outlying,40033,30020,#N/A
24420,,366,"Grants Pass, OR",Metropolitan Statistical Area,,"Medford-Grants Pass, OR",Josephine County,Oregon,41,33,Central,41033,24420,#N/A
20180,,524,"DuBois, PA",Micropolitan Statistical Area,,"State College-DuBois, PA",Clearfield County,Pennsylvania,42,33,Central,42033,20180,#N/A
39660,,452,"Rapid City, SD",Metropolitan Statistical Area,,"Rapid City-Spearfish, SD",Custer County,South Dakota,46,33,Outlying,46033,39660,#N/A
27180,,,"Jackson, TN",Metropolitan Statistical Area,,,Crockett County,Tennessee,47,33,Outlying,47033,27180,#N/A
21740,,,"Evanston, WY-UT",Micropolitan Statistical Area,,,Rich County,Utah,49,33,Outlying,49033,21740,#N/A
42660,42644,500,"Seattle-Tacoma-Bellevue, WA",Metropolitan Statistical Area,"Seattle-Bellevue-Kent, WA","Seattle-Tacoma, WA",King County,Washington,53,33,Central,53033,42644,Seattle - WA
17220,,242,"Clarksburg, WV",Micropolitan Statistical Area,,"Fairmont-Clarksburg, WV",Harrison County,West Virginia,54,33,Central,54033,17220,#N/A
32860,,232,"Menomonie, WI",Micropolitan Statistical Area,,"Eau Claire-Menomonie, WI",Dunn County,Wisconsin,55,33,Central,55033,32860,#N/A
43260,,,"Sheridan, WY",Micropolitan Statistical Area,,,Sheridan County,Wyoming,56,33,Central,56033,43260,#N/A
41980,,490,"San Juan-Bayamón-Caguas, PR",Metropolitan Statistical Area,,"San Juan-Bayamón, PR",Cataño Municipio,Puerto Rico,72,33,Central,72033,41980,#N/A
32820,,368,"Memphis, TN-MS-AR",Metropolitan Statistical Area,,"Memphis-Clarksdale-Forrest City, TN-MS-AR",Crittenden County,Arkansas,5,35,Central,5035,32820,Memphis - TN
45000,,,"Susanville, CA",Micropolitan Statistical Area,,,Lassen County,California,6,35,Central,6035,45000,#N/A
19740,,216,"Denver-Aurora-Centennial, CO",Metropolitan Statistical Area,,"Denver-Aurora-Greeley, CO",Douglas County,Colorado,8,35,Central,8035,19740,Denver - CO
19660,,422,"Deltona-Daytona Beach-Ormond Beach, FL",Metropolitan Statistical Area,,"Orlando-Lakeland-Deltona, FL",Flagler County,Florida,12,35,Central,12035,19660,Daytona Beach - FL
12060,12054,122,"Atlanta-Sandy Springs-Roswell, GA",Metropolitan Statistical Area,"Atlanta-Sandy Springs-Roswell, GA","Atlanta--Athens-Clarke County--Sandy Springs, GA-AL",Butts County,Georgia,13,35,Outlying,13035,12054,Atlanta - GA
20820,,,"Effingham, IL",Micropolitan Statistical Area,,,Cumberland County,Illinois,17,35,Outlying,17035,20820,#N/A
34620,,294,"Muncie, IN",Metropolitan Statistical Area,,"Indianapolis-Carmel-Muncie, IN",Delaware County,Indiana,18,35,Central,18035,34620,#N/A
11680,,556,"Arkansas City-Winfield, KS",Micropolitan Statistical Area,,"Wichita-Arkansas City-Winfield, KS",Cowley County,Kansas,20,35,Central,20035,11680,#N/A
34660,,,"Murray, KY",Micropolitan Statistical Area,,,Calloway County,Kentucky,21,35,Central,21035,34660,#N/A
12580,,548,"Baltimore-Columbia-Towson, MD",Metropolitan Statistical Area,,"Washington-Baltimore-Arlington, DC-MD-VA-WV-PA",Queen Anne's County,Maryland,24,35,Outlying,24035,12580,Baltimore - MD
14660,,,"Brainerd, MN",Micropolitan Statistical Area,,,Crow Wing County,Minnesota,27,35,Central,27035,14660,#N/A
25620,,279,"Hattiesburg, MS",Metropolitan Statistical Area,,"Hattiesburg-Laurel, MS",Forrest County,Mississippi,28,35,Central,28035,25620,#N/A
25580,,,"Hastings, NE",Micropolitan Statistical Area,,,Clay County,Nebraska,31,35,Outlying,31035,25580,#N/A
35620,29484,408,"New York-Newark-Jersey City, NY-NJ",Metropolitan Statistical Area,"Lakewood-New Brunswick, NJ","New York-Newark, NY-NJ-CT-PA",Somerset County,New Jersey,34,35,Central,34035,29484,New York - NY
10460,,,"Alamogordo, NM",Micropolitan Statistical Area,,,Otero County,New Mexico,35,35,Central,35035,10460,#N/A
24100,,104,"Gloversville, NY",Micropolitan Statistical Area,,"Albany-Schenectady, NY",Fulton County,New York,36,35,Central,36035,24100,#N/A
25860,,172,"Hickory-Lenoir-Morganton, NC",Metropolitan Statistical Area,,"Charlotte-Concord, NC-SC",Catawba County,North Carolina,37,35,Central,37035,25860,#N/A
24220,,,"Grand Forks, ND-MN",Metropolitan Statistical Area,,,Grand Forks County,North Dakota,38,35,Central,38035,24220,#N/A
17410,,184,"Cleveland, OH",Metropolitan Statistical Area,,"Cleveland-Akron-Canton, OH",Cuyahoga County,Ohio,39,35,Central,39035,17410,Cleveland - OH
28900,,,"Klamath Falls, OR",Micropolitan Statistical Area,,,Klamath County,Oregon,41,35,Central,41035,28900,#N/A
30820,,558,"Lock Haven, PA",Micropolitan Statistical Area,,"Williamsport-Lock Haven, PA",Clinton County,Pennsylvania,42,35,Central,42035,30820,#N/A
16700,,,"Charleston-North Charleston, SC",Metropolitan Statistical Area,,,Dorchester County,South Carolina,45,35,Central,45035,16700,Charleston - SC
33580,,,"Mitchell, SD",Micropolitan Statistical Area,,,Davison County,South Dakota,46,35,Central,46035,33580,#N/A
18900,,,"Crossville, TN",Micropolitan Statistical Area,,,Cumberland County,Tennessee,47,35,Central,47035,18900,#N/A
47380,,,"Waco, TX",Metropolitan Statistical Area,,,Bosque County,Texas,48,35,Outlying,48035,47380,#N/A
41620,,482,"Salt Lake City-Murray, UT",Metropolitan Statistical Area,,"Salt Lake City-Provo-Orem, UT-ID",Salt Lake County,Utah,49,35,Central,49035,41620,Salt Lake City - UT
14740,,500,"Bremerton-Silverdale-Port Orchard, WA",Metropolitan Statistical Area,,"Seattle-Tacoma, WA",Kitsap County,Washington,53,35,Central,53035,14740,#N/A
20740,,232,"Eau Claire, WI",Metropolitan Statistical Area,,"Eau Claire-Menomonie, WI",Eau Claire County,Wisconsin,55,35,Central,55035,20740,#N/A
41980,,490,"San Juan-Bayamón-Caguas, PR",Metropolitan Statistical Area,,"San Juan-Bayamón, PR",Cayey Municipio,Puerto Rico,72,35,Central,72035,41980,#N/A
40060,,,"Richmond, VA",Metropolitan Statistical Area,,,Charles City County,Virginia,51,36,Outlying,51036,40060,Richmond - VA
45180,,142,"Talladega-Sylacauga, AL",Micropolitan Statistical Area,,"Birmingham-Cullman-Talladega, AL",Coosa County,Alabama,1,37,Outlying,1037,45180,#N/A
31080,31084,348,"Los Angeles-Long Beach-Anaheim, CA",Metropolitan Statistical Area,"Los Angeles-Long Beach-Glendale, CA","Los Angeles-Long Beach, CA",Los Angeles County,California,6,37,Central,6037,31084,Los Angeles - CA
20780,,233,"Edwards, CO",Micropolitan Statistical Area,,"Edwards-Rifle, CO",Eagle County,Colorado,8,37,Central,8037,20780,#N/A
16980,20994,176,"Chicago-Naperville-Elgin, IL-IN",Metropolitan Statistical Area,"Elgin, IL","Chicago-Naperville, IL-IN-WI",DeKalb County,Illinois,17,37,Outlying,17037,20994,Chicago - IL
27540,,,"Jasper, IN",Micropolitan Statistical Area,,,Dubois County,Indiana,18,37,Central,18037,27540,#N/A
38260,,,"Pittsburg, KS",Micropolitan Statistical Area,,,Crawford County,Kansas,20,37,Central,20037,38260,#N/A
17140,,178,"Cincinnati, OH-KY-IN",Metropolitan Statistical Area,,"Cincinnati-Wilmington, OH-KY-IN",Campbell County,Kentucky,21,37,Central,21037,17140,Cincinnati - OH
12940,,132,"Baton Rouge, LA",Metropolitan Statistical Area,,"Baton Rouge-Hammond, LA",East Feliciana Parish,Louisiana,22,37,Outlying,22037,12940,Baton Rouge - LA
30500,,548,"Lexington Park, MD",Metropolitan Statistical Area,,"Washington-Baltimore-Arlington, DC-MD-VA-WV-PA",St. Mary's County,Maryland,24,37,Central,24037,30500,#N/A
29620,,330,"Lansing-East Lansing, MI",Metropolitan Statistical Area,,"Lansing-East Lansing-Owosso, MI",Clinton County,Michigan,26,37,Central,26037,29620,Lansing - MI
33460,,378,"Minneapolis-St. Paul-Bloomington, MN-WI",Metropolitan Statistical Area,,"Minneapolis-St. Paul, MN-WI",Dakota County,Minnesota,27,37,Central,27037,33460,Minneapolis - MN
28140,,312,"Kansas City, MO-KS",Metropolitan Statistical Area,,"Kansas City-Overland Park-Kansas City, MO-KS",Cass County,Missouri,29,37,Central,29037,28140,Kansas City - MO
18100,,,"Columbus, NE",Micropolitan Statistical Area,,,Colfax County,Nebraska,31,37,Outlying,31037,18100,#N/A
35620,35084,408,"New York-Newark-Jersey City, NY-NJ",Metropolitan Statistical Area,"Newark, NJ","New York-Newark, NY-NJ-CT-PA",Sussex County,New Jersey,34,37,Outlying,34037,35084,New York - NY
12860,,464,"Batavia, NY",Micropolitan Statistical Area,,"Rochester-Batavia-Seneca Falls, NY",Genesee County,New York,36,37,Central,36037,12860,#N/A
20500,,450,"Durham-Chapel Hill, NC",Metropolitan Statistical Area,,"Raleigh-Durham-Cary, NC",Chatham County,North Carolina,37,37,Central,37037,20500,Durham - NC
24820,,212,"Greenville, OH",Micropolitan Statistical Area,,"Dayton-Springfield-Kettering, OH",Darke County,Ohio,39,37,Central,39037,24820,#N/A
46140,,538,"Tulsa, OK",Metropolitan Statistical Area,,"Tulsa-Bartlesville-Muskogee, OK",Creek County,Oklahoma,40,37,Central,40037,46140,Tulsa - OK
14100,,146,"Bloomsburg-Berwick, PA",Micropolitan Statistical Area,,"Bloomsburg-Berwick-Sunbury, PA",Columbia County,Pennsylvania,42,37,Central,42037,14100,#N/A
12260,,,"Augusta-Richmond County, GA-SC",Metropolitan Statistical Area,,,Edgefield County,South Carolina,45,37,Outlying,45037,12260,Augusta - GA
34980,,400,"Nashville-Davidson--Murfreesboro--Franklin, TN",Metropolitan Statistical Area,,"Nashville-Davidson--Murfreesboro, TN",Davidson County,Tennessee,47,37,Central,47037,34980,Nashville - TN
45500,,,"Texarkana, TX-AR",Metropolitan Statistical Area,,,Bowie County,Texas,48,37,Central,48037,45500,#N/A
21260,,,"Ellensburg, WA",Micropolitan Statistical Area,,,Kittitas County,Washington,53,37,Central,53037,21260,#N/A
47900,11694,548,"Washington-Arlington-Alexandria, DC-VA-MD-WV",Metropolitan Statistical Area,"Arlington-Alexandria-Reston, VA-WV","Washington-Baltimore-Arlington, DC-MD-VA-WV-PA",Jefferson County,West Virginia,54,37,Outlying,54037,11694,Washington - DC
27020,,361,"Iron Mountain, MI-WI",Micropolitan Statistical Area,,"Marinette-Iron Mountain, WI-MI",Florence County,Wisconsin,55,37,Outlying,55037,27020,#N/A
40540,,,"Rock Springs, WY",Micropolitan Statistical Area,,,Sweetwater County,Wyoming,56,37,Central,56037,40540,#N/A
41980,,490,"San Juan-Bayamón-Caguas, PR",Metropolitan Statistical Area,,"San Juan-Bayamón, PR",Ceiba Municipio,Puerto Rico,72,37,Outlying,72037,41980,#N/A
23420,,260,"Fresno, CA",Metropolitan Statistical Area,,"Fresno-Hanford-Corcoran, CA",Madera County,California,6,39,Outlying,6039,23420,Fresno - CA
19740,,216,"Denver-Aurora-Centennial, CO",Metropolitan Statistical Area,,"Denver-Aurora-Greeley, CO",Elbert County,Colorado,8,39,Outlying,8039,19740,Denver - CO
45220,,533,"Tallahassee, FL",Metropolitan Statistical Area,,"Tallahassee-Bainbridge, FL-GA",Gadsden County,Florida,12,39,Outlying,12039,45220,#N/A
28680,,300,"Kingsland, GA",Micropolitan Statistical Area,,"Jacksonville-Kingsland-Palatka, FL-GA",Camden County,Georgia,13,39,Central,13039,28680,#N/A
34300,,147,"Mountain Home, ID",Micropolitan Statistical Area,,"Boise City-Mountain Home-Ontario, ID-OR",Elmore County,Idaho,16,39,Central,16039,34300,#N/A
21140,,515,"Elkhart-Goshen, IN",Metropolitan Statistical Area,,"South Bend-Elkhart-Mishawaka, IN-MI",Elkhart County,Indiana,18,39,Central,18039,21140,#N/A
37140,,424,"Paducah, KY-IL",Metropolitan Statistical Area,,"Paducah-Mayfield, KY-IL",Carlisle County,Kentucky,21,39,Outlying,21039,37140,#N/A
41540,,480,"Salisbury, MD",Metropolitan Statistical Area,,"Salisbury-Ocean Pines, MD",Somerset County,Maryland,24,39,Outlying,24039,41540,#N/A
40340,,462,"Rochester, MN",Metropolitan Statistical Area,,"Rochester-Austin-Winona, MN",Dodge County,Minnesota,27,39,Outlying,27039,40340,#N/A
35620,35084,408,"New York-Newark-Jersey City, NY-NJ",Metropolitan Statistical Area,"Newark, NJ","New York-Newark, NY-NJ-CT-PA",Union County,New Jersey,34,39,Central,34039,35084,New York - NY
21580,,105,"Española, NM",Micropolitan Statistical Area,,"Albuquerque-Santa Fe-Los Alamos, NM",Rio Arriba County,New Mexico,35,39,Central,35039,21580,#N/A
19580,,,"Defiance, OH",Micropolitan Statistical Area,,,Defiance County,Ohio,39,39,Central,39039,19580,#N/A
48220,,555,"Weatherford, OK",Micropolitan Statistical Area,,"Weatherford-Elk City, OK",Custer County,Oklahoma,40,39,Central,40039,48220,#N/A
21660,,,"Eugene-Springfield, OR",Metropolitan Statistical Area,,,Lane County,Oregon,41,39,Central,41039,21660,#N/A
32740,,240,"Meadville, PA",Micropolitan Statistical Area,,"Erie-Meadville, PA",Crawford County,Pennsylvania,42,39,Central,42039,32740,#N/A
17900,,192,"Columbia, SC",Metropolitan Statistical Area,,"Columbia-Sumter-Orangeburg, SC",Fairfield County,South Carolina,45,39,Outlying,45039,17900,Columbia - SC
26420,,288,"Houston-Pasadena-The Woodlands, TX",Metropolitan Statistical Area,,"Houston-Pasadena, TX",Brazoria County,Texas,48,39,Central,48039,26420,Houston - TX
16620,,170,"Charleston, WV",Metropolitan Statistical Area,,"Charleston-Huntington-Ashland, WV-OH-KY",Kanawha County,West Virginia,54,39,Central,54039,16620,#N/A
22540,,,"Fond du Lac, WI",Metropolitan Statistical Area,,,Fond du Lac County,Wisconsin,55,39,Central,55039,22540,#N/A
27220,,,"Jackson, WY-ID",Micropolitan Statistical Area,,,Teton County,Wyoming,56,39,Central,56039,27220,#N/A
41980,,490,"San Juan-Bayamón-Caguas, PR",Metropolitan Statistical Area,,"San Juan-Bayamón, PR",Ciales Municipio,Puerto Rico,72,39,Outlying,72039,41980,#N/A
41860,42034,488,"San Francisco-Oakland-Fremont, CA",Metropolitan Statistical Area,"San Rafael, CA","San Jose-San Francisco-Oakland, CA",Marin County,California,6,41,Central,6041,42034,San Francisco - CA
17820,,,"Colorado Springs, CO",Metropolitan Statistical Area,,,El Paso County,Colorado,8,41,Central,8041,17820,Colorado Springs - CO
23540,,264,"Gainesville, FL",Metropolitan Statistical Area,,"Gainesville-Lake City, FL",Gilchrist County,Florida,12,41,Outlying,12041,23540,Gainesville - FL
30860,,,"Logan, UT-ID",Metropolitan Statistical Area,,,Franklin County,Idaho,16,41,Outlying,16041,30860,#N/A
18220,,458,"Connersville, IN",Micropolitan Statistical Area,,"Richmond-Connersville, IN",Fayette County,Indiana,18,41,Central,18041,18220,#N/A
43980,,517,"Spencer, IA",Micropolitan Statistical Area,,"Spencer-Spirit Lake, IA",Clay County,Iowa,19,41,Central,19041,43980,#N/A
20660,,548,"Easton, MD",Micropolitan Statistical Area,,"Washington-Baltimore-Arlington, DC-MD-VA-WV-PA",Talbot County,Maryland,24,41,Central,24041,20660,#N/A
21540,,,"Escanaba, MI",Micropolitan Statistical Area,,,Delta County,Michigan,26,41,Central,26041,21540,#N/A
10820,,,"Alexandria, MN",Micropolitan Statistical Area,,,Douglas County,Minnesota,27,41,Central,27041,10820,#N/A
10900,,106,"Allentown-Bethlehem-Easton, PA-NJ",Metropolitan Statistical Area,,"Allentown-Bethlehem-East Stroudsburg, PA-NJ",Warren County,New Jersey,34,41,Central,34041,10900,Lehigh Valley - PA
17580,,,"Clovis, NM",Micropolitan Statistical Area,,,Roosevelt County,New Mexico,35,41,Outlying,35041,17580,#N/A
18140,,198,"Columbus, OH",Metropolitan Statistical Area,,"Columbus-Marion-Zanesville, OH",Delaware County,Ohio,39,41,Central,39041,18140,Columbus - OH
35440,,,"Newport, OR",Micropolitan Statistical Area,,,Lincoln County,Oregon,41,41,Central,41041,35440,#N/A
25420,,276,"Harrisburg-Carlisle, PA",Metropolitan Statistical Area,,"Harrisburg-York-Lebanon, PA",Cumberland County,Pennsylvania,42,41,Central,42041,25420,Harrisburg - PA
22500,,,"Florence, SC",Metropolitan Statistical Area,,,Florence County,South Carolina,45,41,Central,45041,22500,#N/A
17780,,,"College Station-Bryan, TX",Metropolitan Statistical Area,,,Brazos County,Texas,48,41,Central,48041,17780,#N/A
40060,,,"Richmond, VA",Metropolitan Statistical Area,,,Chesterfield County,Virginia,51,41,Central,51041,40060,Richmond - VA
16500,,500,"Centralia, WA",Micropolitan Statistical Area,,"Seattle-Tacoma, WA",Lewis County,Washington,53,41,Central,53041,16500,#N/A
21740,,,"Evanston, WY-UT",Micropolitan Statistical Area,,,Uinta County,Wyoming,56,41,Central,56041,21740,#N/A
41980,,490,"San Juan-Bayamón-Caguas, PR",Metropolitan Statistical Area,,"San Juan-Bayamón, PR",Cidra Municipio,Puerto Rico,72,41,Central,72041,41980,#N/A
18980,,142,"Cullman, AL",Micropolitan Statistical Area,,"Birmingham-Cullman-Talladega, AL",Cullman County,Alabama,1,43,Central,1043,18980,#N/A
15860,,444,"Cañon City, CO",Micropolitan Statistical Area,,"Pueblo-Cañon City, CO",Fremont County,Colorado,8,43,Central,8043,15860,#N/A
17500,,163,"Clewiston, FL",Micropolitan Statistical Area,,"Cape Coral-Fort Myers-Naples, FL",Glades County,Florida,12,43,Outlying,12043,17500,#N/A
39940,,292,"Rexburg, ID",Micropolitan Statistical Area,,"Idaho Falls-Rexburg-Blackfoot, ID",Fremont County,Idaho,16,43,Outlying,16043,39940,#N/A
16980,16984,176,"Chicago-Naperville-Elgin, IL-IN",Metropolitan Statistical Area,"Chicago-Naperville-Schaumburg, IL","Chicago-Naperville, IL-IN-WI",DuPage County,Illinois,17,43,Central,17043,16984,Chicago - IL
31140,,350,"Louisville/Jefferson County, KY-IN",Metropolitan Statistical Area,,"Louisville/Jefferson County--Elizabethtown, KY-IN",Floyd County,Indiana,18,43,Central,18043,31140,Louisville - KY
41140,,312,"St. Joseph, MO-KS",Metropolitan Statistical Area,,"Kansas City-Overland Park-Kansas City, MO-KS",Doniphan County,Kansas,20,43,Outlying,20043,41140,#N/A
26580,,170,"Huntington-Ashland, WV-KY-OH",Metropolitan Statistical Area,,"Charleston-Huntington-Ashland, WV-OH-KY",Carter County,Kentucky,21,43,Outlying,21043,26580,#N/A
10780,,,"Alexandria, LA",Metropolitan Statistical Area,,,Grant Parish,Louisiana,22,43,Outlying,22043,10780,#N/A
25180,,548,"Hagerstown-Martinsburg, MD-WV",Metropolitan Statistical Area,,"Washington-Baltimore-Arlington, DC-MD-VA-WV-PA",Washington County,Maryland,24,43,Central,24043,25180,#N/A
27020,,361,"Iron Mountain, MI-WI",Micropolitan Statistical Area,,"Marinette-Iron Mountain, WI-MI",Dickinson County,Michigan,26,43,Central,26043,27020,#N/A
24980,,,"Grenada, MS",Micropolitan Statistical Area,,,Grenada County,Mississippi,28,43,Central,28043,24980,#N/A
44180,,,"Springfield, MO",Metropolitan Statistical Area,,,Christian County,Missouri,29,43,Central,29043,44180,#N/A
25740,,,"Helena, MT",Metropolitan Statistical Area,,,Jefferson County,Montana,30,43,Outlying,30043,25740,#N/A
43580,,512,"Sioux City, IA-NE-SD",Metropolitan Statistical Area,,"Sioux City-Le Mars, IA-NE-SD",Dakota County,Nebraska,31,43,Central,31043,43580,#N/A
10740,,105,"Albuquerque, NM",Metropolitan Statistical Area,,"Albuquerque-Santa Fe-Los Alamos, NM",Sandoval County,New Mexico,35,43,Central,35043,10740,Albuquerque - NM
46540,,,"Utica-Rome, NY",Metropolitan Statistical Area,,,Herkimer County,New York,36,43,Outlying,36043,46540,#N/A
41780,,184,"Sandusky, OH",Metropolitan Statistical Area,,"Cleveland-Akron-Canton, OH",Erie County,Ohio,39,43,Central,39043,41780,#N/A
10540,,440,"Albany, OR",Metropolitan Statistical Area,,"Portland-Vancouver-Salem, OR-WA",Linn County,Oregon,41,43,Central,41043,10540,#N/A
25420,,276,"Harrisburg-Carlisle, PA",Metropolitan Statistical Area,,"Harrisburg-York-Lebanon, PA",Dauphin County,Pennsylvania,42,43,Central,42043,25420,Harrisburg - PA
34680,,396,"Murrells Inlet, SC",Micropolitan Statistical Area,,"Myrtle Beach-Conway, SC",Georgetown County,South Carolina,45,43,Central,45043,34680,#N/A
34980,,400,"Nashville-Davidson--Murfreesboro--Franklin, TN",Metropolitan Statistical Area,,"Nashville-Davidson--Murfreesboro, TN",Dickson County,Tennessee,47,43,Outlying,47043,34980,Nashville - TN
25720,,482,"Heber, UT",Micropolitan Statistical Area,,"Salt Lake City-Provo-Orem, UT-ID",Summit County,Utah,49,43,Central,49043,25720,#N/A
47900,11694,548,"Washington-Arlington-Alexandria, DC-VA-MD-WV",Metropolitan Statistical Area,"Arlington-Alexandria-Reston, VA-WV","Washington-Baltimore-Arlington, DC-MD-VA-WV-PA",Clarke County,Virginia,51,43,Outlying,51043,11694,Washington - DC
38420,,,"Platteville, WI",Micropolitan Statistical Area,,,Grant County,Wisconsin,55,43,Central,55043,38420,#N/A
17620,,434,"Coamo, PR",Micropolitan Statistical Area,,"Ponce-Coamo, PR",Coamo Municipio,Puerto Rico,72,43,Central,72043,17620,#N/A
37120,,222,"Ozark, AL",Micropolitan Statistical Area,,"Dothan-Enterprise-Ozark, AL",Dale County,Alabama,1,45,Central,1045,37120,#N/A
30780,,340,"Little Rock-North Little Rock-Conway, AR",Metropolitan Statistical Area,,"Little Rock-North Little Rock, AR",Faulkner County,Arkansas,5,45,Outlying,5045,30780,Little Rock - AR
46380,,,"Ukiah, CA",Micropolitan Statistical Area,,,Mendocino County,California,6,45,Central,6045,46380,#N/A
40090,,233,"Rifle, CO",Micropolitan Statistical Area,,"Edwards-Rifle, CO",Garfield County,Colorado,8,45,Central,8045,40090,#N/A
12060,12054,122,"Atlanta-Sandy Springs-Roswell, GA",Metropolitan Statistical Area,"Atlanta-Sandy Springs-Roswell, GA","Atlanta--Athens-Clarke County--Sandy Springs, GA-AL",Carroll County,Georgia,13,45,Outlying,13045,12054,Atlanta - GA
14260,,147,"Boise City, ID",Metropolitan Statistical Area,,"Boise City-Mountain Home-Ontario, ID-OR",Gem County,Idaho,16,45,Outlying,16045,14260,Boise - ID
17540,,209,"Clinton, IA",Micropolitan Statistical Area,,"Davenport-Moline, IA-IL",Clinton County,Iowa,19,45,Central,19045,17540,#N/A
29940,,312,"Lawrence, KS",Metropolitan Statistical Area,,"Kansas City-Overland Park-Kansas City, MO-KS",Douglas County,Kansas,20,45,Central,20045,29940,#N/A
35340,,318,"New Iberia, LA",Micropolitan Statistical Area,,"Lafayette-New Iberia-Opelousas, LA",Iberia Parish,Louisiana,22,45,Central,22045,35340,#N/A
41540,,480,"Salisbury, MD",Metropolitan Statistical Area,,"Salisbury-Ocean Pines, MD",Wicomico County,Maryland,24,45,Central,24045,41540,#N/A
29620,,330,"Lansing-East Lansing, MI",Metropolitan Statistical Area,,"Lansing-East Lansing-Owosso, MI",Eaton County,Michigan,26,45,Central,26045,29620,Lansing - MI
40340,,462,"Rochester, MN",Metropolitan Statistical Area,,"Rochester-Austin-Winona, MN",Fillmore County,Minnesota,27,45,Outlying,27045,40340,#N/A
25060,,,"Gulfport-Biloxi, MS",Metropolitan Statistical Area,,,Hancock County,Mississippi,28,45,Central,28045,25060,#N/A
22140,,,"Farmington, NM",Metropolitan Statistical Area,,,San Juan County,New Mexico,35,45,Central,35045,22140,#N/A
48060,,,"Watertown-Fort Drum, NY",Metropolitan Statistical Area,,,Jefferson County,New York,36,45,Central,36045,48060,#N/A
43140,,172,"Shelby-Kings Mountain, NC",Micropolitan Statistical Area,,"Charlotte-Concord, NC-SC",Cleveland County,North Carolina,37,45,Central,37045,43140,#N/A
18140,,198,"Columbus, OH",Metropolitan Statistical Area,,"Columbus-Marion-Zanesville, OH",Fairfield County,Ohio,39,45,Central,39045,18140,Columbus - OH
36620,,147,"Ontario, OR-ID",Micropolitan Statistical Area,,"Boise City-Mountain Home-Ontario, ID-OR",Malheur County,Oregon,41,45,Central,41045,36620,#N/A
37980,37964,428,"Philadelphia-Camden-Wilmington, PA-NJ-DE-MD",Metropolitan Statistical Area,"Philadelphia, PA","Philadelphia-Reading-Camden, PA-NJ-DE-MD",Delaware County,Pennsylvania,42,45,Central,42045,37964,Philadelphia - PA
24860,,273,"Greenville-Anderson-Greer, SC",Metropolitan Statistical Area,,"Greenville-Spartanburg-Anderson, SC",Greenville County,South Carolina,45,45,Central,45045,24860,Greenville - SC
10100,,,"Aberdeen, SD",Micropolitan Statistical Area,,,Edmunds County,South Dakota,46,45,Outlying,46045,10100,#N/A
20540,,,"Dyersburg, TN",Micropolitan Statistical Area,,,Dyer County,Tennessee,47,45,Central,47045,20540,#N/A
41620,,482,"Salt Lake City-Murray, UT",Metropolitan Statistical Area,,"Salt Lake City-Provo-Orem, UT-ID",Tooele County,Utah,49,45,Outlying,49045,41620,Salt Lake City - UT
40220,,,"Roanoke, VA",Metropolitan Statistical Area,,,Craig County,Virginia,51,45,Outlying,51045,40220,#N/A
43220,,500,"Shelton, WA",Micropolitan Statistical Area,,"Seattle-Tacoma, WA",Mason County,Washington,53,45,Central,53045,43220,#N/A
31540,,357,"Madison, WI",Metropolitan Statistical Area,,"Madison-Janesville-Beloit, WI",Green County,Wisconsin,55,45,Outlying,55045,31540,Madison - WI
41980,,490,"San Juan-Bayamón-Caguas, PR",Metropolitan Statistical Area,,"San Juan-Bayamón, PR",Comerío Municipio,Puerto Rico,72,45,Central,72045,41980,#N/A
42820,,388,"Selma, AL",Micropolitan Statistical Area,,"Montgomery-Selma, AL",Dallas County,Alabama,1,47,Central,1047,42820,#N/A
32900,,488,"Merced, CA",Metropolitan Statistical Area,,"San Jose-San Francisco-Oakland, CA",Merced County,California,6,47,Central,6047,32900,#N/A
19740,,216,"Denver-Aurora-Centennial, CO",Metropolitan Statistical Area,,"Denver-Aurora-Greeley, CO",Gilpin County,Colorado,8,47,Outlying,8047,19740,Denver - CO
16860,,174,"Chattanooga, TN-GA",Metropolitan Statistical Area,,"Chattanooga-Cleveland-Dalton, TN-GA-AL",Catoosa County,Georgia,13,47,Central,13047,16860,Chattanooga - TN
17140,,178,"Cincinnati, OH-KY-IN",Metropolitan Statistical Area,,"Cincinnati-Wilmington, OH-KY-IN",Franklin County,Indiana,18,47,Outlying,18047,17140,Cincinnati - OH
17300,,,"Clarksville, TN-KY",Metropolitan Statistical Area,,,Christian County,Kentucky,21,47,Outlying,21047,17300,#N/A
12940,,132,"Baton Rouge, LA",Metropolitan Statistical Area,,"Baton Rouge-Hammond, LA",Iberville Parish,Louisiana,22,47,Central,22047,12940,Baton Rouge - LA
36180,,480,"Ocean Pines, MD",Micropolitan Statistical Area,,"Salisbury-Ocean Pines, MD",Worcester County,Maryland,24,47,Central,24047,36180,#N/A
37950,,,"Petoskey, MI",Micropolitan Statistical Area,,,Emmet County,Michigan,26,47,Central,26047,37950,#N/A
10660,,,"Albert Lea, MN",Micropolitan Statistical Area,,,Freeborn County,Minnesota,27,47,Central,27047,10660,#N/A
25060,,,"Gulfport-Biloxi, MS",Metropolitan Statistical Area,,,Harrison County,Mississippi,28,47,Central,28047,25060,#N/A
28140,,312,"Kansas City, MO-KS",Metropolitan Statistical Area,,"Kansas City-Overland Park-Kansas City, MO-KS",Clay County,Missouri,29,47,Central,29047,28140,Kansas City - MO
30420,,,"Lexington, NE",Micropolitan Statistical Area,,,Dawson County,Nebraska,31,47,Central,31047,30420,#N/A
29780,,105,"Las Vegas, NM",Micropolitan Statistical Area,,"Albuquerque-Santa Fe-Los Alamos, NM",San Miguel County,New Mexico,35,47,Central,35047,29780,#N/A
35620,35614,408,"New York-Newark-Jersey City, NY-NJ",Metropolitan Statistical Area,"New York-Jersey City-White Plains, NY-NJ","New York-Newark, NY-NJ-CT-PA",Kings County,New York,36,47,Central,36047,35614,New York - NY
47920,,198,"Washington Court House, OH",Micropolitan Statistical Area,,"Columbus-Marion-Zanesville, OH",Fayette County,Ohio,39,47,Central,39047,47920,#N/A
21420,,,"Enid, OK",Metropolitan Statistical Area,,,Garfield County,Oklahoma,40,47,Central,40047,21420,#N/A
41420,,440,"Salem, OR",Metropolitan Statistical Area,,"Portland-Vancouver-Salem, OR-WA",Marion County,Oregon,41,47,Central,41047,41420,#N/A
41260,,,"St. Marys, PA",Micropolitan Statistical Area,,,Elk County,Pennsylvania,42,47,Central,42047,41260,#N/A
24940,,273,"Greenwood, SC",Micropolitan Statistical Area,,"Greenville-Spartanburg-Anderson, SC",Greenwood County,South Carolina,45,47,Central,45047,24940,#N/A
32820,,368,"Memphis, TN-MS-AR",Metropolitan Statistical Area,,"Memphis-Clarksdale-Forrest City, TN-MS-AR",Fayette County,Tennessee,47,47,Outlying,47047,32820,Memphis - TN
10860,,204,"Alice, TX",Micropolitan Statistical Area,,"Corpus Christi-Kingsville-Alice, TX",Brooks County,Texas,48,47,Outlying,48047,10860,#N/A
46860,,,"Vernal, UT",Micropolitan Statistical Area,,,Uintah County,Utah,49,47,Central,49047,46860,#N/A
47900,11694,548,"Washington-Arlington-Alexandria, DC-VA-MD-WV",Metropolitan Statistical Area,"Arlington-Alexandria-Reston, VA-WV","Washington-Baltimore-Arlington, DC-MD-VA-WV-PA",Culpeper County,Virginia,51,47,Outlying,51047,11694,Washington - DC
41980,,490,"San Juan-Bayamón-Caguas, PR",Metropolitan Statistical Area,,"San Juan-Bayamón, PR",Corozal Municipio,Puerto Rico,72,47,Central,72047,41980,#N/A
22840,,290,"Fort Payne, AL",Micropolitan Statistical Area,,"Huntsville-Decatur-Albertville, AL-TN",DeKalb County,Alabama,1,49,Central,1049,22840,#N/A
20820,,,"Effingham, IL",Micropolitan Statistical Area,,,Effingham County,Illinois,17,49,Central,17049,20820,#N/A
19780,,218,"Des Moines-West Des Moines, IA",Metropolitan Statistical Area,,"Des Moines-West Des Moines-Ames, IA",Dallas County,Iowa,19,49,Central,19049,19780,Des Moines - IA
30460,,336,"Lexington-Fayette, KY",Metropolitan Statistical Area,,"Lexington-Fayette--Richmond--Frankfort, KY",Clark County,Kentucky,21,49,Outlying,21049,30460,Lexington - KY
22420,,220,"Flint, MI",Metropolitan Statistical Area,,"Detroit-Warren-Ann Arbor, MI",Genesee County,Michigan,26,49,Central,26049,22420,#N/A
39860,,378,"Red Wing, MN",Micropolitan Statistical Area,,"Minneapolis-St. Paul, MN-WI",Goodhue County,Minnesota,27,49,Central,27049,39860,#N/A
27140,,298,"Jackson, MS",Metropolitan Statistical Area,,"Jackson-Vicksburg-Brookhaven, MS",Hinds County,Mississippi,28,49,Central,28049,27140,Jackson - MS
28140,,312,"Kansas City, MO-KS",Metropolitan Statistical Area,,"Kansas City-Overland Park-Kansas City, MO-KS",Clinton County,Missouri,29,49,Outlying,29049,28140,Kansas City - MO
25740,,,"Helena, MT",Metropolitan Statistical Area,,,Lewis and Clark County,Montana,30,49,Central,30049,25740,#N/A
42140,,105,"Santa Fe, NM",Metropolitan Statistical Area,,"Albuquerque-Santa Fe-Los Alamos, NM",Santa Fe County,New Mexico,35,49,Central,35049,42140,#N/A
35100,,404,"New Bern, NC",Micropolitan Statistical Area,,"New Bern-Morehead City, NC",Craven County,North Carolina,37,49,Central,37049,35100,#N/A
33500,,,"Minot, ND",Metropolitan Statistical Area,,,McHenry County,North Dakota,38,49,Outlying,38049,33500,#N/A
18140,,198,"Columbus, OH",Metropolitan Statistical Area,,"Columbus-Marion-Zanesville, OH",Franklin County,Ohio,39,49,Central,39049,18140,Columbus - OH
25840,,,"Hermiston-Pendleton, OR",Micropolitan Statistical Area,,,Morrow County,Oregon,41,49,Outlying,41049,25840,#N/A
21500,,240,"Erie, PA",Metropolitan Statistical Area,,"Erie-Meadville, PA",Erie County,Pennsylvania,42,49,Central,42049,21500,#N/A
15220,,,"Brownwood, TX",Micropolitan Statistical Area,,,Brown County,Texas,48,49,Central,48049,15220,#N/A
39340,,482,"Provo-Orem-Lehi, UT",Metropolitan Statistical Area,,"Salt Lake City-Provo-Orem, UT-ID",Utah County,Utah,49,49,Central,49049,39340,Provo - UT
21900,,242,"Fairmont, WV",Micropolitan Statistical Area,,"Fairmont-Clarksburg, WV",Marion County,West Virginia,54,49,Central,54049,21900,#N/A
31540,,357,"Madison, WI",Metropolitan Statistical Area,,"Madison-Janesville-Beloit, WI",Iowa County,Wisconsin,55,49,Outlying,55049,31540,Madison - WI
33860,,388,"Montgomery, AL",Metropolitan Statistical Area,,"Montgomery-Selma, AL",Elmore County,Alabama,1,51,Central,1051,33860,#N/A
26300,,284,"Hot Springs, AR",Metropolitan Statistical Area,,"Hot Springs-Malvern, AR",Garland County,Arkansas,5,51,Central,5051,26300,#N/A
17500,,163,"Clewiston, FL",Micropolitan Statistical Area,,"Cape Coral-Fort Myers-Naples, FL",Hendry County,Florida,12,51,Central,12051,17500,#N/A
42340,,496,"Savannah, GA",Metropolitan Statistical Area,,"Savannah-Hinesville-Statesboro, GA",Chatham County,Georgia,13,51,Central,13051,42340,#N/A
26820,,292,"Idaho Falls, ID",Metropolitan Statistical Area,,"Idaho Falls-Rexburg-Blackfoot, ID",Jefferson County,Idaho,16,51,Outlying,16051,26820,#N/A
25700,,,"Hays, KS",Micropolitan Statistical Area,,,Ellis County,Kansas,20,51,Central,20051,25700,#N/A
18340,,371,"Corbin, KY",Micropolitan Statistical Area,,"Middlesborough-Corbin, KY",Clay County,Kentucky,21,51,Outlying,21051,18340,#N/A
35380,,406,"New Orleans-Metairie, LA",Metropolitan Statistical Area,,"New Orleans-Metairie-Slidell, LA-MS",Jefferson Parish,Louisiana,22,51,Central,22051,35380,New Orleans - LA
27140,,298,"Jackson, MS",Metropolitan Statistical Area,,"Jackson-Vicksburg-Brookhaven, MS",Holmes County,Mississippi,28,51,Outlying,28051,27140,Jackson - MS
27620,,190,"Jefferson City, MO",Metropolitan Statistical Area,,"Columbia-Jefferson City-Moberly, MO",Cole County,Missouri,29,51,Central,29051,27620,#N/A
40380,,464,"Rochester, NY",Metropolitan Statistical Area,,"Rochester-Batavia-Seneca Falls, NY",Livingston County,New York,36,51,Outlying,36051,40380,Rochester - NY
22180,,246,"Fayetteville, NC",Metropolitan Statistical Area,,"Fayetteville-Lumberton-Pinehurst, NC",Cumberland County,North Carolina,37,51,Central,37051,22180,#N/A
45780,,,"Toledo, OH",Metropolitan Statistical Area,,,Fulton County,Ohio,39,51,Outlying,39051,45780,Toledo - OH
36420,,416,"Oklahoma City, OK",Metropolitan Statistical Area,,"Oklahoma City-Shawnee, OK",Grady County,Oklahoma,40,51,Outlying,40051,36420,Oklahoma City - OK
38900,,440,"Portland-Vancouver-Hillsboro, OR-WA",Metropolitan Statistical Area,,"Portland-Vancouver-Salem, OR-WA",Multnomah County,Oregon,41,51,Central,41051,38900,Portland - OR
38300,,430,"Pittsburgh, PA",Metropolitan Statistical Area,,"Pittsburgh-Weirton-Steubenville, PA-OH-WV",Fayette County,Pennsylvania,42,51,Outlying,42051,38300,Pittsburgh - PA
34820,,396,"Myrtle Beach-Conway-North Myrtle Beach, SC",Metropolitan Statistical Area,,"Myrtle Beach-Conway, SC",Horry County,South Carolina,45,51,Central,45051,34820,#N/A
49010,,400,"Winchester, TN",Micropolitan Statistical Area,,"Nashville-Davidson--Murfreesboro, TN",Franklin County,Tennessee,47,51,Central,47051,49010,#N/A
17780,,,"College Station-Bryan, TX",Metropolitan Statistical Area,,,Burleson County,Texas,48,51,Outlying,48051,17780,#N/A
25720,,482,"Heber, UT",Micropolitan Statistical Area,,"Salt Lake City-Provo-Orem, UT-ID",Wasatch County,Utah,49,51,Outlying,49051,25720,#N/A
48540,,,"Wheeling, WV-OH",Metropolitan Statistical Area,,,Marshall County,West Virginia,54,51,Outlying,54051,48540,#N/A
41980,,490,"San Juan-Bayamón-Caguas, PR",Metropolitan Statistical Area,,"San Juan-Bayamón, PR",Dorado Municipio,Puerto Rico,72,51,Central,72051,41980,#N/A
30780,,340,"Little Rock-North Little Rock-Conway, AR",Metropolitan Statistical Area,,"Little Rock-North Little Rock, AR",Grant County,Arkansas,5,53,Outlying,5053,30780,Little Rock - AR
41500,,,"Salinas, CA",Metropolitan Statistical Area,,,Monterey County,California,6,53,Central,6053,41500,#N/A
45300,45294,,"Tampa-St. Petersburg-Clearwater, FL",Metropolitan Statistical Area,"Tampa, FL",,Hernando County,Florida,12,53,Outlying,12053,45294,Tampa - FL
17980,,194,"Columbus, GA-AL",Metropolitan Statistical Area,,"Columbus-Auburn-Opelika, GA-AL",Chattahoochee County,Georgia,13,53,Central,13053,17980,#N/A
46300,,,"Twin Falls, ID",Metropolitan Statistical Area,,,Jerome County,Idaho,16,53,Outlying,16053,46300,#N/A
16580,,169,"Champaign-Urbana, IL",Metropolitan Statistical Area,,"Champaign-Urbana-Danville, IL",Ford County,Illinois,17,53,Outlying,17053,16580,#N/A
31980,,,"Marion, IN",Micropolitan Statistical Area,,,Grant County,Indiana,18,53,Central,18053,31980,#N/A
29340,,324,"Lake Charles, LA",Metropolitan Statistical Area,,"Lake Charles-DeRidder, LA",Jefferson Davis Parish,Louisiana,22,53,Outlying,22053,29340,#N/A
33460,,378,"Minneapolis-St. Paul-Bloomington, MN-WI",Metropolitan Statistical Area,,"Minneapolis-St. Paul, MN-WI",Hennepin County,Minnesota,27,53,Central,27053,33460,Minneapolis - MN
17860,,190,"Columbia, MO",Metropolitan Statistical Area,,"Columbia-Jefferson City-Moberly, MO",Cooper County,Missouri,29,53,Outlying,29053,17860,#N/A
23340,,420,"Fremont, NE",Micropolitan Statistical Area,,"Omaha-Fremont, NE-IA",Dodge County,Nebraska,31,53,Central,31053,23340,#N/A
45060,,532,"Syracuse, NY",Metropolitan Statistical Area,,"Syracuse-Auburn, NY",Madison County,New York,36,53,Outlying,36053,45060,Syracuse - NY
47260,,545,"Virginia Beach-Chesapeake-Norfolk, VA-NC",Metropolitan Statistical Area,,"Virginia Beach-Chesapeake, VA-NC",Currituck County,North Carolina,37,53,Outlying,37053,47260,Norfolk - VA
23680,,,"Gallipolis, OH",Micropolitan Statistical Area,,,Gallia County,Ohio,39,53,Central,39053,23680,#N/A
41420,,440,"Salem, OR",Metropolitan Statistical Area,,"Portland-Vancouver-Salem, OR-WA",Polk County,Oregon,41,53,Central,41053,41420,#N/A
25940,,,"Hilton Head Island-Bluffton-Port Royal, SC",Metropolitan Statistical Area,,,Jasper County,South Carolina,45,53,Outlying,45053,25940,#N/A
27180,,,"Jackson, TN",Metropolitan Statistical Area,,,Gibson County,Tennessee,47,53,Outlying,47053,27180,#N/A
41100,,,"St. George, UT",Metropolitan Statistical Area,,,Washington County,Utah,49,53,Central,49053,41100,#N/A
40060,,,"Richmond, VA",Metropolitan Statistical Area,,,Dinwiddie County,Virginia,51,53,Central,51053,40060,Richmond - VA
42660,45104,500,"Seattle-Tacoma-Bellevue, WA",Metropolitan Statistical Area,"Tacoma-Lakewood, WA","Seattle-Tacoma, WA",Pierce County,Washington,53,53,Central,53053,45104,Seattle - WA
41980,,490,"San Juan-Bayamón-Caguas, PR",Metropolitan Statistical Area,,"San Juan-Bayamón, PR",Fajardo Municipio,Puerto Rico,72,53,Outlying,72053,41980,#N/A
41980,,490,"San Juan-Bayamón-Caguas, PR",Metropolitan Statistical Area,,"San Juan-Bayamón, PR",Florida Municipio,Puerto Rico,72,54,Outlying,72054,41980,#N/A
23460,,,"Gadsden, AL",Metropolitan Statistical Area,,,Etowah County,Alabama,1,55,Central,1055,23460,#N/A
37500,,308,"Paragould, AR",Micropolitan Statistical Area,,"Jonesboro-Paragould, AR",Greene County,Arkansas,5,55,Central,5055,37500,#N/A
34900,,488,"Napa, CA",Metropolitan Statistical Area,,"San Jose-San Francisco-Oakland, CA",Napa County,California,6,55,Central,6055,34900,#N/A
42700,,,"Sebring, FL",Metropolitan Statistical Area,,,Highlands County,Florida,12,55,Central,12055,42700,#N/A
44900,,174,"Summerville, GA",Micropolitan Statistical Area,,"Chattanooga-Cleveland-Dalton, TN-GA-AL",Chattooga County,Georgia,13,55,Central,13055,44900,#N/A
17660,,518,"Coeur d'Alene, ID",Metropolitan Statistical Area,,"Spokane-Spokane Valley-Coeur d'Alene, WA-ID",Kootenai County,Idaho,16,55,Central,16055,17660,#N/A
23780,,,"Garden City, KS",Micropolitan Statistical Area,,,Finney County,Kansas,20,55,Central,20055,23780,#N/A
29180,,318,"Lafayette, LA",Metropolitan Statistical Area,,"Lafayette-New Iberia-Opelousas, LA",Lafayette Parish,Louisiana,22,55,Central,22055,29180,#N/A
45900,,,"Traverse City, MI",Metropolitan Statistical Area,,,Grand Traverse County,Michigan,26,55,Central,26055,45900,#N/A
29100,,317,"La Crosse-Onalaska, WI-MN",Metropolitan Statistical Area,,"La Crosse-Onalaska-Sparta, WI-MN",Houston County,Minnesota,27,55,Central,27055,29100,#N/A
36540,,420,"Omaha, NE-IA",Metropolitan Statistical Area,,"Omaha-Fremont, NE-IA",Douglas County,Nebraska,31,55,Central,31055,36540,Omaha - NE
45340,,,"Taos, NM",Micropolitan Statistical Area,,,Taos County,New Mexico,35,55,Central,35055,45340,#N/A
40380,,464,"Rochester, NY",Metropolitan Statistical Area,,"Rochester-Batavia-Seneca Falls, NY",Monroe County,New York,36,55,Central,36055,40380,Rochester - NY
28620,,545,"Kill Devil Hills, NC",Micropolitan Statistical Area,,"Virginia Beach-Chesapeake, VA-NC",Dare County,North Carolina,37,55,Central,37055,28620,#N/A
17410,,184,"Cleveland, OH",Metropolitan Statistical Area,,"Cleveland-Akron-Canton, OH",Geauga County,Ohio,39,55,Central,39055,17410,Cleveland - OH
16540,,548,"Chambersburg, PA",Metropolitan Statistical Area,,"Washington-Baltimore-Arlington, DC-MD-VA-WV-PA",Franklin County,Pennsylvania,42,55,Central,42055,16540,#N/A
17900,,192,"Columbia, SC",Metropolitan Statistical Area,,"Columbia-Sumter-Orangeburg, SC",Kershaw County,South Carolina,45,55,Outlying,45055,17900,Columbia - SC
12420,,,"Austin-Round Rock-San Marcos, TX",Metropolitan Statistical Area,,,Caldwell County,Texas,48,55,Outlying,48055,12420,Austin - TX
14140,,,"Bluefield, WV-VA",Micropolitan Statistical Area,,,Mercer County,West Virginia,54,55,Central,54055,14140,#N/A
48020,,376,"Watertown-Fort Atkinson, WI",Micropolitan Statistical Area,,"Milwaukee-Racine-Waukesha, WI",Jefferson County,Wisconsin,55,55,Central,55055,48020,#N/A
46020,,472,"Truckee-Grass Valley, CA",Micropolitan Statistical Area,,"Sacramento-Roseville, CA",Nevada County,California,6,57,Central,6057,46020,#N/A
45300,45294,,"Tampa-St. Petersburg-Clearwater, FL",Metropolitan Statistical Area,"Tampa, FL",,Hillsborough County,Florida,12,57,Central,12057,45294,Tampa - FL
12060,31924,122,"Atlanta-Sandy Springs-Roswell, GA",Metropolitan Statistical Area,"Marietta, GA","Atlanta--Athens-Clarke County--Sandy Springs, GA-AL",Cherokee County,Georgia,13,57,Central,13057,31924,Atlanta - GA
34140,,446,"Moscow, ID",Micropolitan Statistical Area,,"Pullman-Moscow, WA-ID",Latah County,Idaho,16,57,Central,16057,34140,#N/A
15900,,427,"Canton, IL",Micropolitan Statistical Area,,"Peoria-Canton, IL",Fulton County,Illinois,17,57,Central,17057,15900,#N/A
26900,,294,"Indianapolis-Carmel-Greenwood, IN",Metropolitan Statistical Area,,"Indianapolis-Carmel-Muncie, IN",Hamilton County,Indiana,18,57,Central,18057,26900,Indianapolis - IN
15460,,161,"Burlington, IA-IL",Micropolitan Statistical Area,,"Burlington-Fort Madison, IA-IL",Des Moines County,Iowa,19,57,Central,19057,15460,#N/A
19980,,,"Dodge City, KS",Micropolitan Statistical Area,,,Ford County,Kansas,20,57,Central,20057,19980,#N/A
26380,,,"Houma-Bayou Cane-Thibodaux, LA",Metropolitan Statistical Area,,,Lafourche Parish,Louisiana,22,57,Central,22057,26380,#N/A
10940,,394,"Alma, MI",Micropolitan Statistical Area,,"Mount Pleasant-Alma, MI",Gratiot County,Michigan,26,57,Central,26057,10940,#N/A
46180,,539,"Tupelo, MS",Micropolitan Statistical Area,,"Tupelo-Corinth, MS",Itawamba County,Mississippi,28,57,Outlying,28057,46180,#N/A
10740,,105,"Albuquerque, NM",Metropolitan Statistical Area,,"Albuquerque-Santa Fe-Los Alamos, NM",Torrance County,New Mexico,35,57,Outlying,35057,10740,Albuquerque - NM
11220,,104,"Amsterdam, NY",Micropolitan Statistical Area,,"Albany-Schenectady, NY",Montgomery County,New York,36,57,Central,36057,11220,#N/A
49180,,268,"Winston-Salem, NC",Metropolitan Statistical Area,,"Greensboro--Winston-Salem--High Point, NC",Davidson County,North Carolina,37,57,Central,37057,49180,Winston-Salem - NC
19430,,212,"Dayton-Kettering-Beavercreek, OH",Metropolitan Statistical Area,,"Dayton-Springfield-Kettering, OH",Greene County,Ohio,39,57,Central,39057,19430,Dayton - OH
16740,,172,"Charlotte-Concord-Gastonia, NC-SC",Metropolitan Statistical Area,,"Charlotte-Concord, NC-SC",Lancaster County,South Carolina,45,57,Outlying,45057,16740,Charlotte - NC
28940,,315,"Knoxville, TN",Metropolitan Statistical Area,,"Knoxville-Morristown-Sevierville, TN",Grainger County,Tennessee,47,57,Outlying,47057,28940,Knoxville - TN
38920,,544,"Port Lavaca, TX",Micropolitan Statistical Area,,"Victoria-Port Lavaca, TX",Calhoun County,Texas,48,57,Central,48057,38920,#N/A
36260,,482,"Ogden, UT",Metropolitan Statistical Area,,"Salt Lake City-Provo-Orem, UT-ID",Weber County,Utah,49,57,Central,49057,36260,Ogden - UT
34580,,500,"Mount Vernon-Anacortes, WA",Metropolitan Statistical Area,,"Seattle-Tacoma, WA",Skagit County,Washington,53,57,Central,53057,34580,#N/A
19060,,,"Cumberland, MD-WV",Micropolitan Statistical Area,,,Mineral County,West Virginia,54,57,Outlying,54057,19060,#N/A
25020,,490,"Guayama, PR",Metropolitan Statistical Area,,"San Juan-Bayamón, PR",Guayama Municipio,Puerto Rico,72,57,Central,72057,25020,#N/A
40770,,250,"Russellville, AL",Micropolitan Statistical Area,,"Florence-Muscle Shoals-Russellville, AL",Franklin County,Alabama,1,59,Central,1059,40770,#N/A
31680,,284,"Malvern, AR",Micropolitan Statistical Area,,"Hot Springs-Malvern, AR",Hot Spring County,Arkansas,5,59,Central,5059,31680,#N/A
31080,11244,348,"Los Angeles-Long Beach-Anaheim, CA",Metropolitan Statistical Area,"Anaheim-Santa Ana-Irvine, CA","Los Angeles-Long Beach, CA",Orange County,California,6,59,Central,6059,11244,Los Angeles - CA
19740,,216,"Denver-Aurora-Centennial, CO",Metropolitan Statistical Area,,"Denver-Aurora-Greeley, CO",Jefferson County,Colorado,8,59,Central,8059,19740,Denver - CO
12020,,122,"Athens-Clarke County, GA",Metropolitan Statistical Area,,"Atlanta--Athens-Clarke County--Sandy Springs, GA-AL",Clarke County,Georgia,13,59,Central,13059,12020,#N/A
26900,,294,"Indianapolis-Carmel-Greenwood, IN",Metropolitan Statistical Area,,"Indianapolis-Carmel-Muncie, IN",Hancock County,Indiana,18,59,Central,18059,26900,Indianapolis - IN
44020,,517,"Spirit Lake, IA",Micropolitan Statistical Area,,"Spencer-Spirit Lake, IA",Dickinson County,Iowa,19,59,Central,19059,44020,#N/A
36840,,312,"Ottawa, KS",Micropolitan Statistical Area,,"Kansas City-Overland Park-Kansas City, MO-KS",Franklin County,Kansas,20,59,Central,20059,36840,#N/A
36980,,,"Owensboro, KY",Metropolitan Statistical Area,,,Daviess County,Kentucky,21,59,Central,21059,36980,#N/A
25880,,,"Hillsdale, MI",Micropolitan Statistical Area,,,Hillsdale County,Michigan,26,59,Central,26059,25880,#N/A
33460,,378,"Minneapolis-St. Paul-Bloomington, MN-WI",Metropolitan Statistical Area,,"Minneapolis-St. Paul, MN-WI",Isanti County,Minnesota,27,59,Outlying,27059,33460,Minneapolis - MN
25060,,,"Gulfport-Biloxi, MS",Metropolitan Statistical Area,,,Jackson County,Mississippi,28,59,Outlying,28059,25060,#N/A
44180,,,"Springfield, MO",Metropolitan Statistical Area,,,Dallas County,Missouri,29,59,Outlying,29059,44180,#N/A
35620,35004,408,"New York-Newark-Jersey City, NY-NJ",Metropolitan Statistical Area,"Nassau County-Suffolk County, NY","New York-Newark, NY-NJ-CT-PA",Nassau County,New York,36,59,Central,36059,35004,New York - NY
49180,,268,"Winston-Salem, NC",Metropolitan Statistical Area,,"Greensboro--Winston-Salem--High Point, NC",Davie County,North Carolina,37,59,Central,37059,49180,Winston-Salem - NC
13900,,,"Bismarck, ND",Metropolitan Statistical Area,,,Morton County,North Dakota,38,59,Central,38059,13900,#N/A
15740,,198,"Cambridge, OH",Micropolitan Statistical Area,,"Columbus-Marion-Zanesville, OH",Guernsey County,Ohio,39,59,Central,39059,15740,#N/A
25840,,,"Hermiston-Pendleton, OR",Micropolitan Statistical Area,,,Umatilla County,Oregon,41,59,Central,41059,25840,#N/A
24860,,273,"Greenville-Anderson-Greer, SC",Metropolitan Statistical Area,,"Greenville-Spartanburg-Anderson, SC",Laurens County,South Carolina,45,59,Outlying,45059,24860,Greenville - SC
24620,,304,"Greeneville, TN",Micropolitan Statistical Area,,"Johnson City-Kingsport-Bristol, TN-VA",Greene County,Tennessee,47,59,Central,47059,24620,#N/A
10180,,101,"Abilene, TX",Metropolitan Statistical Area,,"Abilene-Sweetwater, TX",Callahan County,Texas,48,59,Outlying,48059,10180,#N/A
47900,11694,548,"Washington-Arlington-Alexandria, DC-VA-MD-WV",Metropolitan Statistical Area,"Arlington-Alexandria-Reston, VA-WV","Washington-Baltimore-Arlington, DC-MD-VA-WV-PA",Fairfax County,Virginia,51,59,Central,51059,11694,Washington - DC
38900,,440,"Portland-Vancouver-Hillsboro, OR-WA",Metropolitan Statistical Area,,"Portland-Vancouver-Salem, OR-WA",Skamania County,Washington,53,59,Outlying,53059,38900,Portland - OR
28450,,176,"Kenosha, WI",Metropolitan Statistical Area,,"Chicago-Naperville, IL-IN-WI",Kenosha County,Wisconsin,55,59,Central,55059,28450,#N/A
38660,,434,"Ponce, PR",Metropolitan Statistical Area,,"Ponce-Coamo, PR",Guayanilla Municipio,Puerto Rico,72,59,Outlying,72059,38660,#N/A
20020,,222,"Dothan, AL",Metropolitan Statistical Area,,"Dothan-Enterprise-Ozark, AL",Geneva County,Alabama,1,61,Outlying,1061,20020,#N/A
40900,,472,"Sacramento-Roseville-Folsom, CA",Metropolitan Statistical Area,,"Sacramento-Roseville, CA",Placer County,California,6,61,Central,6061,40900,Sacramento - CA
42680,,370,"Sebastian-Vero Beach-West Vero Corridor, FL",Metropolitan Statistical Area,,"Miami-Port St. Lucie-Fort Lauderdale, FL",Indian River County,Florida,12,61,Central,12061,42680,#N/A
31140,,350,"Louisville/Jefferson County, KY-IN",Metropolitan Statistical Area,,"Louisville/Jefferson County--Elizabethtown, KY-IN",Harrison County,Indiana,18,61,Outlying,18061,31140,Louisville - KY
20220,,,"Dubuque, IA",Metropolitan Statistical Area,,,Dubuque County,Iowa,19,61,Central,19061,20220,#N/A
31740,,,"Manhattan, KS",Metropolitan Statistical Area,,,Geary County,Kansas,20,61,Outlying,20061,31740,#N/A
14540,,150,"Bowling Green, KY",Metropolitan Statistical Area,,"Bowling Green-Glasgow-Franklin, KY",Edmonson County,Kentucky,21,61,Outlying,21061,14540,#N/A
40820,,384,"Ruston, LA",Micropolitan Statistical Area,,"Monroe-Ruston, LA",Lincoln Parish,Louisiana,22,61,Central,22061,40820,#N/A
26340,,,"Houghton, MI",Micropolitan Statistical Area,,,Houghton County,Michigan,26,61,Central,26061,26340,#N/A
24330,,228,"Grand Rapids, MN",Micropolitan Statistical Area,,"Duluth-Grand Rapids, MN-WI",Itasca County,Minnesota,27,61,Central,27061,24330,#N/A
29860,,279,"Laurel, MS",Micropolitan Statistical Area,,"Hattiesburg-Laurel, MS",Jasper County,Mississippi,28,61,Outlying,28061,29860,#N/A
33540,,,"Missoula, MT",Metropolitan Statistical Area,,,Mineral County,Montana,30,61,Outlying,30061,33540,#N/A
10740,,105,"Albuquerque, NM",Metropolitan Statistical Area,,"Albuquerque-Santa Fe-Los Alamos, NM",Valencia County,New Mexico,35,61,Outlying,35061,10740,Albuquerque - NM
35620,35614,408,"New York-Newark-Jersey City, NY-NJ",Metropolitan Statistical Area,"New York-Jersey City-White Plains, NY-NJ","New York-Newark, NY-NJ-CT-PA",New York County,New York,36,61,Central,36061,35614,New York - NY
17140,,178,"Cincinnati, OH-KY-IN",Metropolitan Statistical Area,,"Cincinnati-Wilmington, OH-KY-IN",Hamilton County,Ohio,39,61,Central,39061,17140,Cincinnati - OH
29260,,,"La Grande, OR",Micropolitan Statistical Area,,,Union County,Oregon,41,61,Central,41061,29260,#N/A
26500,,107,"Huntingdon, PA",Micropolitan Statistical Area,,"Altoona-Huntingdon, PA",Huntingdon County,Pennsylvania,42,61,Central,42061,26500,#N/A
33580,,,"Mitchell, SD",Micropolitan Statistical Area,,,Hanson County,South Dakota,46,61,Outlying,46061,33580,#N/A
15180,,154,"Brownsville-Harlingen, TX",Metropolitan Statistical Area,,"Brownsville-Harlingen-Raymondville, TX",Cameron County,Texas,48,61,Central,48061,15180,#N/A
47900,11694,548,"Washington-Arlington-Alexandria, DC-VA-MD-WV",Metropolitan Statistical Area,"Arlington-Alexandria-Reston, VA-WV","Washington-Baltimore-Arlington, DC-MD-VA-WV-PA",Fauquier County,Virginia,51,61,Outlying,51061,11694,Washington - DC
42660,21794,500,"Seattle-Tacoma-Bellevue, WA",Metropolitan Statistical Area,"Everett, WA","Seattle-Tacoma, WA",Snohomish County,Washington,53,61,Central,53061,21794,Seattle - WA
34060,,,"Morgantown, WV",Metropolitan Statistical Area,,,Monongalia County,West Virginia,54,61,Central,54061,34060,#N/A
24580,,267,"Green Bay, WI",Metropolitan Statistical Area,,"Green Bay-Shawano, WI",Kewaunee County,Wisconsin,55,61,Outlying,55061,24580,#N/A
41980,,490,"San Juan-Bayamón-Caguas, PR",Metropolitan Statistical Area,,"San Juan-Bayamón, PR",Guaynabo Municipio,Puerto Rico,72,61,Central,72061,41980,#N/A
46220,,,"Tuscaloosa, AL",Metropolitan Statistical Area,,,Greene County,Alabama,1,63,Outlying,1063,46220,#N/A
12900,,,"Batesville, AR",Micropolitan Statistical Area,,,Independence County,Arkansas,5,63,Central,5063,12900,#N/A
12060,12054,122,"Atlanta-Sandy Springs-Roswell, GA",Metropolitan Statistical Area,"Atlanta-Sandy Springs-Roswell, GA","Atlanta--Athens-Clarke County--Sandy Springs, GA-AL",Clayton County,Georgia,13,63,Central,13063,12054,Atlanta - GA
25200,,,"Hailey, ID",Micropolitan Statistical Area,,,Lincoln County,Idaho,16,63,Outlying,16063,25200,#N/A
16980,16984,176,"Chicago-Naperville-Elgin, IL-IN",Metropolitan Statistical Area,"Chicago-Naperville-Schaumburg, IL","Chicago-Naperville, IL-IN-WI",Grundy County,Illinois,17,63,Outlying,17063,16984,Chicago - IL
26900,,294,"Indianapolis-Carmel-Greenwood, IN",Metropolitan Statistical Area,,"Indianapolis-Carmel-Muncie, IN",Hendricks County,Indiana,18,63,Central,18063,26900,Indianapolis - IN
12940,,132,"Baton Rouge, LA",Metropolitan Statistical Area,,"Baton Rouge-Hammond, LA",Livingston Parish,Louisiana,22,63,Central,22063,12940,Baton Rouge - LA
35020,,,"Natchez, MS-LA",Micropolitan Statistical Area,,,Jefferson County,Mississippi,28,63,Outlying,28063,35020,#N/A
41140,,312,"St. Joseph, MO-KS",Metropolitan Statistical Area,,"Kansas City-Overland Park-Kansas City, MO-KS",DeKalb County,Missouri,29,63,Outlying,29063,41140,#N/A
33540,,,"Missoula, MT",Metropolitan Statistical Area,,,Missoula County,Montana,30,63,Central,30063,33540,#N/A
15380,,160,"Buffalo-Cheektowaga, NY",Metropolitan Statistical Area,,"Buffalo-Cheektowaga-Olean, NY",Niagara County,New York,36,63,Central,36063,15380,Buffalo - NY
20500,,450,"Durham-Chapel Hill, NC",Metropolitan Statistical Area,,"Raleigh-Durham-Cary, NC",Durham County,North Carolina,37,63,Central,37063,20500,Durham - NC
22300,,248,"Findlay, OH",Micropolitan Statistical Area,,"Findlay-Tiffin, OH",Hancock County,Ohio,39,63,Central,39063,22300,#N/A
26860,,430,"Indiana, PA",Micropolitan Statistical Area,,"Pittsburgh-Weirton-Steubenville, PA-OH-WV",Indiana County,Pennsylvania,42,63,Central,42063,26860,#N/A
17900,,192,"Columbia, SC",Metropolitan Statistical Area,,"Columbia-Sumter-Orangeburg, SC",Lexington County,South Carolina,45,63,Central,45063,17900,Columbia - SC
34100,,315,"Morristown, TN",Metropolitan Statistical Area,,"Knoxville-Morristown-Sevierville, TN",Hamblen County,Tennessee,47,63,Central,47063,34100,#N/A
34420,,,"Mount Pleasant, TX",Micropolitan Statistical Area,,,Camp County,Texas,48,63,Outlying,48063,34420,#N/A
13980,,,"Blacksburg-Christiansburg-Radford, VA",Metropolitan Statistical Area,,,Floyd County,Virginia,51,63,Outlying,51063,13980,#N/A
44060,,518,"Spokane-Spokane Valley, WA",Metropolitan Statistical Area,,"Spokane-Spokane Valley-Coeur d'Alene, WA-ID",Spokane County,Washington,53,63,Central,53063,44060,Spokane - WA
29100,,317,"La Crosse-Onalaska, WI-MN",Metropolitan Statistical Area,,"La Crosse-Onalaska-Sparta, WI-MN",La Crosse County,Wisconsin,55,63,Central,55063,29100,#N/A
41980,,490,"San Juan-Bayamón-Caguas, PR",Metropolitan Statistical Area,,"San Juan-Bayamón, PR",Gurabo Municipio,Puerto Rico,72,63,Central,72063,41980,#N/A
46220,,,"Tuscaloosa, AL",Metropolitan Statistical Area,,,Hale County,Alabama,1,65,Outlying,1065,46220,#N/A
40140,,348,"Riverside-San Bernardino-Ontario, CA",Metropolitan Statistical Area,,"Los Angeles-Long Beach, CA",Riverside County,California,6,65,Central,6065,40140,Inland Empire - CA
14720,,,"Breckenridge, CO",Micropolitan Statistical Area,,,Lake County,Colorado,8,65,Outlying,8065,14720,#N/A
45220,,533,"Tallahassee, FL",Metropolitan Statistical Area,,"Tallahassee-Bainbridge, FL-GA",Jefferson County,Florida,12,65,Outlying,12065,45220,#N/A
39940,,292,"Rexburg, ID",Micropolitan Statistical Area,,"Idaho Falls-Rexburg-Blackfoot, ID",Madison County,Idaho,16,65,Central,16065,39940,#N/A
35220,,294,"New Castle, IN",Micropolitan Statistical Area,,"Indianapolis-Carmel-Muncie, IN",Henry County,Indiana,18,65,Central,18065,35220,#N/A
40080,,336,"Richmond-Berea, KY",Micropolitan Statistical Area,,"Lexington-Fayette--Richmond--Frankfort, KY",Estill County,Kentucky,21,65,Outlying,21065,40080,#N/A
29620,,330,"Lansing-East Lansing, MI",Metropolitan Statistical Area,,"Lansing-East Lansing-Owosso, MI",Ingham County,Michigan,26,65,Central,26065,29620,Lansing - MI
46540,,,"Utica-Rome, NY",Metropolitan Statistical Area,,,Oneida County,New York,36,65,Central,36065,46540,#N/A
40580,,468,"Rocky Mount, NC",Metropolitan Statistical Area,,"Rocky Mount-Wilson-Roanoke Rapids, NC",Edgecombe County,North Carolina,37,65,Central,37065,40580,#N/A
13900,,,"Bismarck, ND",Metropolitan Statistical Area,,,Oliver County,North Dakota,38,65,Outlying,38065,13900,#N/A
11060,,,"Altus, OK",Micropolitan Statistical Area,,,Jackson County,Oklahoma,40,65,Central,40065,11060,#N/A
45520,,,"The Dalles, OR",Micropolitan Statistical Area,,,Wasco County,Oregon,41,65,Central,41065,45520,#N/A
38180,,,"Pierre, SD",Micropolitan Statistical Area,,,Hughes County,South Dakota,46,65,Central,46065,38180,#N/A
16860,,174,"Chattanooga, TN-GA",Metropolitan Statistical Area,,"Chattanooga-Cleveland-Dalton, TN-GA-AL",Hamilton County,Tennessee,47,65,Central,47065,16860,Chattanooga - TN
11100,,108,"Amarillo, TX",Metropolitan Statistical Area,,"Amarillo-Borger, TX",Carson County,Texas,48,65,Outlying,48065,11100,#N/A
16820,,,"Charlottesville, VA",Metropolitan Statistical Area,,,Fluvanna County,Virginia,51,65,Outlying,51065,16820,#N/A
44060,,518,"Spokane-Spokane Valley, WA",Metropolitan Statistical Area,,"Spokane-Spokane Valley-Coeur d'Alene, WA-ID",Stevens County,Washington,53,65,Outlying,53065,44060,Spokane - WA
25180,,548,"Hagerstown-Martinsburg, MD-WV",Metropolitan Statistical Area,,"Washington-Baltimore-Arlington, DC-MD-VA-WV-PA",Morgan County,West Virginia,54,65,Outlying,54065,25180,#N/A
11640,,490,"Arecibo, PR",Metropolitan Statistical Area,,"San Juan-Bayamón, PR",Hatillo Municipio,Puerto Rico,72,65,Central,72065,11640,#N/A
20020,,222,"Dothan, AL",Metropolitan Statistical Area,,"Dothan-Enterprise-Ozark, AL",Henry County,Alabama,1,67,Outlying,1067,20020,#N/A
40900,,472,"Sacramento-Roseville-Folsom, CA",Metropolitan Statistical Area,,"Sacramento-Roseville, CA",Sacramento County,California,6,67,Central,6067,40900,Sacramento - CA
20420,,,"Durango, CO",Micropolitan Statistical Area,,,La Plata County,Colorado,8,67,Central,8067,20420,#N/A
12060,31924,122,"Atlanta-Sandy Springs-Roswell, GA",Metropolitan Statistical Area,"Marietta, GA","Atlanta--Athens-Clarke County--Sandy Springs, GA-AL",Cobb County,Georgia,13,67,Central,13067,31924,Atlanta - GA
15420,,,"Burley, ID",Micropolitan Statistical Area,,,Minidoka County,Idaho,16,67,Central,16067,15420,#N/A
29020,,294,"Kokomo, IN",Metropolitan Statistical Area,,"Indianapolis-Carmel-Muncie, IN",Howard County,Indiana,18,67,Central,18067,29020,#N/A
30460,,336,"Lexington-Fayette, KY",Metropolitan Statistical Area,,"Lexington-Fayette--Richmond--Frankfort, KY",Fayette County,Kentucky,21,67,Central,21067,30460,Lexington - KY
33740,,384,"Monroe, LA",Metropolitan Statistical Area,,"Monroe-Ruston, LA",Morehouse Parish,Louisiana,22,67,Outlying,22067,33740,#N/A
24340,,266,"Grand Rapids-Wyoming-Kentwood, MI",Metropolitan Statistical Area,,"Grand Rapids-Wyoming, MI",Ionia County,Michigan,26,67,Outlying,26067,24340,Grand Rapids - MI
48820,,,"Willmar, MN",Micropolitan Statistical Area,,,Kandiyohi County,Minnesota,27,67,Central,27067,48820,#N/A
29860,,279,"Laurel, MS",Micropolitan Statistical Area,,"Hattiesburg-Laurel, MS",Jones County,Mississippi,28,67,Central,28067,29860,#N/A
13100,,339,"Beatrice, NE",Micropolitan Statistical Area,,"Lincoln-Beatrice, NE",Gage County,Nebraska,31,67,Central,31067,13100,#N/A
45060,,532,"Syracuse, NY",Metropolitan Statistical Area,,"Syracuse-Auburn, NY",Onondaga County,New York,36,67,Central,36067,45060,Syracuse - NY
49180,,268,"Winston-Salem, NC",Metropolitan Statistical Area,,"Greensboro--Winston-Salem--High Point, NC",Forsyth County,North Carolina,37,67,Central,37067,49180,Winston-Salem - NC
38900,,440,"Portland-Vancouver-Hillsboro, OR-WA",Metropolitan Statistical Area,,"Portland-Vancouver-Salem, OR-WA",Washington County,Oregon,41,67,Central,41067,38900,Portland - OR
40220,,,"Roanoke, VA",Metropolitan Statistical Area,,,Franklin County,Virginia,51,67,Outlying,51067,40220,#N/A
36500,,500,"Olympia-Lacey-Tumwater, WA",Metropolitan Statistical Area,,"Seattle-Tacoma, WA",Thurston County,Washington,53,67,Central,53067,36500,#N/A
32420,,364,"Mayagüez, PR",Metropolitan Statistical Area,,"Mayagüez-Aguadilla, PR",Hormigueros Municipio,Puerto Rico,72,67,Outlying,72067,32420,#N/A
20020,,222,"Dothan, AL",Metropolitan Statistical Area,,"Dothan-Enterprise-Ozark, AL",Houston County,Alabama,1,69,Central,1069,20020,#N/A
38220,,340,"Pine Bluff, AR",Micropolitan Statistical Area,,"Little Rock-North Little Rock, AR",Jefferson County,Arkansas,5,69,Central,5069,38220,#N/A
41940,,488,"San Jose-Sunnyvale-Santa Clara, CA",Metropolitan Statistical Area,,"San Jose-San Francisco-Oakland, CA",San Benito County,California,6,69,Outlying,6069,41940,San Jose - CA
22660,,,"Fort Collins-Loveland, CO",Metropolitan Statistical Area,,,Larimer County,Colorado,8,69,Central,8069,22660,#N/A
36740,,422,"Orlando-Kissimmee-Sanford, FL",Metropolitan Statistical Area,,"Orlando-Lakeland-Deltona, FL",Lake County,Florida,12,69,Outlying,12069,36740,Orlando - FL
20060,,,"Douglas, GA",Micropolitan Statistical Area,,,Coffee County,Georgia,13,69,Central,13069,20060,#N/A
30300,,,"Lewiston, ID-WA",Metropolitan Statistical Area,,,Nez Perce County,Idaho,16,69,Central,16069,30300,#N/A
26540,,258,"Huntington, IN",Micropolitan Statistical Area,,"Fort Wayne-Huntington-Auburn, IN",Huntington County,Indiana,18,69,Central,18069,26540,#N/A
35060,,,"Natchitoches, LA",Micropolitan Statistical Area,,,Natchitoches Parish,Louisiana,22,69,Central,22069,35060,#N/A
28380,,,"Kennett, MO",Micropolitan Statistical Area,,,Dunklin County,Missouri,29,69,Central,29069,28380,#N/A
40380,,464,"Rochester, NY",Metropolitan Statistical Area,,"Rochester-Batavia-Seneca Falls, NY",Ontario County,New York,36,69,Central,36069,40380,Rochester - NY
39580,,450,"Raleigh-Cary, NC",Metropolitan Statistical Area,,"Raleigh-Durham-Cary, NC",Franklin County,North Carolina,37,69,Central,37069,39580,Raleigh - NC
42540,,,"Scranton--Wilkes-Barre, PA",Metropolitan Statistical Area,,,Lackawanna County,Pennsylvania,42,69,Central,42069,42540,Scranton - PA
49020,,548,"Winchester, VA-WV",Metropolitan Statistical Area,,"Washington-Baltimore-Arlington, DC-MD-VA-WV-PA",Frederick County,Virginia,51,69,Central,51069,49020,#N/A
48540,,,"Wheeling, WV-OH",Metropolitan Statistical Area,,,Ohio County,West Virginia,54,69,Central,54069,48540,#N/A
41980,,490,"San Juan-Bayamón-Caguas, PR",Metropolitan Statistical Area,,"San Juan-Bayamón, PR",Humacao Municipio,Puerto Rico,72,69,Central,72069,41980,#N/A
42460,,174,"Scottsboro, AL",Micropolitan Statistical Area,,"Chattanooga-Cleveland-Dalton, TN-GA-AL",Jackson County,Alabama,1,71,Central,1071,42460,#N/A
40140,,348,"Riverside-San Bernardino-Ontario, CA",Metropolitan Statistical Area,,"Los Angeles-Long Beach, CA",San Bernardino County,California,6,71,Central,6071,40140,Inland Empire - CA
15980,,163,"Cape Coral-Fort Myers, FL",Metropolitan Statistical Area,,"Cape Coral-Fort Myers-Naples, FL",Lee County,Florida,12,71,Central,12071,15980,Fort Myers - FL
34220,,,"Moultrie, GA",Micropolitan Statistical Area,,,Colquitt County,Georgia,13,71,Central,13071,34220,#N/A
14940,,482,"Brigham City, UT-ID",Micropolitan Statistical Area,,"Salt Lake City-Provo-Orem, UT-ID",Oneida County,Idaho,16,71,Outlying,16071,14940,#N/A
15460,,161,"Burlington, IA-IL",Micropolitan Statistical Area,,"Burlington-Fort Madison, IA-IL",Henderson County,Illinois,17,71,Outlying,17071,15460,#N/A
42980,,294,"Seymour, IN",Micropolitan Statistical Area,,"Indianapolis-Carmel-Muncie, IN",Jackson County,Indiana,18,71,Central,18071,42980,#N/A
38210,,,"Pikeville, KY",Micropolitan Statistical Area,,,Floyd County,Kentucky,21,71,Outlying,21071,38210,#N/A
35380,,406,"New Orleans-Metairie, LA",Metropolitan Statistical Area,,"New Orleans-Metairie-Slidell, LA-MS",Orleans Parish,Louisiana,22,71,Central,22071,35380,New Orleans - LA
37060,,,"Oxford, MS",Micropolitan Statistical Area,,,Lafayette County,Mississippi,28,71,Central,28071,37060,#N/A
41180,,476,"St. Louis, MO-IL",Metropolitan Statistical Area,,"St. Louis-St. Charles-Farmington, MO-IL",Franklin County,Missouri,29,71,Outlying,29071,41180,Saint Louis - MO
28880,,408,"Kiryas Joel-Poughkeepsie-Newburgh, NY",Metropolitan Statistical Area,,"New York-Newark, NY-NJ-CT-PA",Orange County,New York,36,71,Central,36071,28880,Poughkeepsie - NY
16740,,172,"Charlotte-Concord-Gastonia, NC-SC",Metropolitan Statistical Area,,"Charlotte-Concord, NC-SC",Gaston County,North Carolina,37,71,Outlying,37071,16740,Charlotte - NC
38620,,,"Ponca City, OK",Micropolitan Statistical Area,,,Kay County,Oklahoma,40,71,Central,40071,38620,#N/A
38900,,440,"Portland-Vancouver-Hillsboro, OR-WA",Metropolitan Statistical Area,,"Portland-Vancouver-Salem, OR-WA",Yamhill County,Oregon,41,71,Outlying,41071,38900,Portland - OR
29540,,,"Lancaster, PA",Metropolitan Statistical Area,,,Lancaster County,Pennsylvania,42,71,Central,42071,29540,Lancaster - PA
35140,,192,"Newberry, SC",Micropolitan Statistical Area,,"Columbia-Sumter-Orangeburg, SC",Newberry County,South Carolina,45,71,Central,45071,35140,#N/A
26420,,288,"Houston-Pasadena-The Woodlands, TX",Metropolitan Statistical Area,,"Houston-Pasadena, TX",Chambers County,Texas,48,71,Outlying,48071,26420,Houston - TX
13980,,,"Blacksburg-Christiansburg-Radford, VA",Metropolitan Statistical Area,,,Giles County,Virginia,51,71,Outlying,51071,13980,#N/A
47460,,314,"Walla Walla, WA",Metropolitan Statistical Area,,"Kennewick-Richland-Walla Walla, WA",Walla Walla County,Washington,53,71,Central,53071,47460,#N/A
31820,,,"Manitowoc, WI",Micropolitan Statistical Area,,,Manitowoc County,Wisconsin,55,71,Central,55071,31820,#N/A
10380,,364,"Aguadilla, PR",Metropolitan Statistical Area,,"Mayagüez-Aguadilla, PR",Isabela Municipio,Puerto Rico,72,71,Central,72071,10380,#N/A
13820,,142,"Birmingham, AL",Metropolitan Statistical Area,,"Birmingham-Cullman-Talladega, AL",Jefferson County,Alabama,1,73,Central,1073,13820,Birmingham - AL
41740,,,"San Diego-Chula Vista-Carlsbad, CA",Metropolitan Statistical Area,,,San Diego County,California,6,73,Central,6073,41740,San Diego - CA
45220,,533,"Tallahassee, FL",Metropolitan Statistical Area,,"Tallahassee-Bainbridge, FL-GA",Leon County,Florida,12,73,Central,12073,45220,#N/A
12260,,,"Augusta-Richmond County, GA-SC",Metropolitan Statistical Area,,,Columbia County,Georgia,13,73,Central,13073,12260,Augusta - GA
14260,,147,"Boise City, ID",Metropolitan Statistical Area,,"Boise City-Mountain Home-Ontario, ID-OR",Owyhee County,Idaho,16,73,Outlying,16073,14260,Boise - ID
19340,,209,"Davenport-Moline-Rock Island, IA-IL",Metropolitan Statistical Area,,"Davenport-Moline, IA-IL",Henry County,Illinois,17,73,Outlying,17073,19340,#N/A
16980,29414,176,"Chicago-Naperville-Elgin, IL-IN",Metropolitan Statistical Area,"Lake County-Porter County-Jasper County, IN","Chicago-Naperville, IL-IN-WI",Jasper County,Indiana,18,73,Outlying,18073,29414,Chicago - IL
23180,,336,"Frankfort, KY",Micropolitan Statistical Area,,"Lexington-Fayette--Richmond--Frankfort, KY",Franklin County,Kentucky,21,73,Central,21073,23180,#N/A
33740,,384,"Monroe, LA",Metropolitan Statistical Area,,"Monroe-Ruston, LA",Ouachita Parish,Louisiana,22,73,Central,22073,33740,#N/A
34380,,394,"Mount Pleasant, MI",Micropolitan Statistical Area,,"Mount Pleasant-Alma, MI",Isabella County,Michigan,26,73,Central,26073,34380,#N/A
25620,,279,"Hattiesburg, MS",Metropolitan Statistical Area,,"Hattiesburg-Laurel, MS",Lamar County,Mississippi,28,73,Central,28073,25620,#N/A
30420,,,"Lexington, NE",Micropolitan Statistical Area,,,Gosper County,Nebraska,31,73,Outlying,31073,30420,#N/A
40380,,464,"Rochester, NY",Metropolitan Statistical Area,,"Rochester-Batavia-Seneca Falls, NY",Orleans County,New York,36,73,Outlying,36073,40380,Rochester - NY
47260,,545,"Virginia Beach-Chesapeake-Norfolk, VA-NC",Metropolitan Statistical Area,,"Virginia Beach-Chesapeake, VA-NC",Gates County,North Carolina,37,73,Outlying,37073,47260,Norfolk - VA
18140,,198,"Columbus, OH",Metropolitan Statistical Area,,"Columbus-Marion-Zanesville, OH",Hocking County,Ohio,39,73,Outlying,39073,18140,Columbus - OH
38300,,430,"Pittsburgh, PA",Metropolitan Statistical Area,,"Pittsburgh-Weirton-Steubenville, PA-OH-WV",Lawrence County,Pennsylvania,42,73,Outlying,42073,38300,Pittsburgh - PA
42860,,273,"Seneca, SC",Micropolitan Statistical Area,,"Greenville-Spartanburg-Anderson, SC",Oconee County,South Carolina,45,73,Central,45073,42860,#N/A
28700,,304,"Kingsport-Bristol, TN-VA",Metropolitan Statistical Area,,"Johnson City-Kingsport-Bristol, TN-VA",Hawkins County,Tennessee,47,73,Central,47073,28700,#N/A
27380,,540,"Jacksonville, TX",Micropolitan Statistical Area,,"Tyler-Jacksonville, TX",Cherokee County,Texas,48,73,Central,48073,27380,#N/A
47260,,545,"Virginia Beach-Chesapeake-Norfolk, VA-NC",Metropolitan Statistical Area,,"Virginia Beach-Chesapeake, VA-NC",Gloucester County,Virginia,51,73,Central,51073,47260,Norfolk - VA
13380,,,"Bellingham, WA",Metropolitan Statistical Area,,,Whatcom County,Washington,53,73,Central,53073,13380,#N/A
48140,,554,"Wausau, WI",Metropolitan Statistical Area,,"Wausau-Stevens Point-Wisconsin Rapids, WI",Marathon County,Wisconsin,55,73,Central,55073,48140,#N/A
41860,41884,488,"San Francisco-Oakland-Fremont, CA",Metropolitan Statistical Area,"San Francisco-San Mateo-Redwood City, CA","San Jose-San Francisco-Oakland, CA",San Francisco County,California,6,75,Central,6075,41884,San Francisco - CA
44540,,,"Sterling, CO",Micropolitan Statistical Area,,,Logan County,Colorado,8,75,Central,8075,44540,#N/A
23540,,264,"Gainesville, FL",Metropolitan Statistical Area,,"Gainesville-Lake City, FL",Levy County,Florida,12,75,Outlying,12075,23540,Gainesville - FL
36620,,147,"Ontario, OR-ID",Micropolitan Statistical Area,,"Boise City-Mountain Home-Ontario, ID-OR",Payette County,Idaho,16,75,Central,16075,36620,#N/A
47940,,,"Waterloo-Cedar Falls, IA",Metropolitan Statistical Area,,,Grundy County,Iowa,19,75,Outlying,19075,47940,#N/A
35380,,406,"New Orleans-Metairie, LA",Metropolitan Statistical Area,,"New Orleans-Metairie-Slidell, LA-MS",Plaquemines Parish,Louisiana,22,75,Central,22075,35380,New Orleans - LA
27100,,,"Jackson, MI",Metropolitan Statistical Area,,,Jackson County,Michigan,26,75,Central,26075,27100,#N/A
32940,,,"Meridian, MS",Micropolitan Statistical Area,,,Lauderdale County,Mississippi,28,75,Central,28075,32940,#N/A
45060,,532,"Syracuse, NY",Metropolitan Statistical Area,,"Syracuse-Auburn, NY",Oswego County,New York,36,75,Outlying,36075,45060,Syracuse - NY
33500,,,"Minot, ND",Metropolitan Statistical Area,,,Renville County,North Dakota,38,75,Outlying,38075,33500,#N/A
30140,,276,"Lebanon, PA",Metropolitan Statistical Area,,"Harrisburg-York-Lebanon, PA",Lebanon County,Pennsylvania,42,75,Central,42075,30140,#N/A
36700,,192,"Orangeburg, SC",Micropolitan Statistical Area,,"Columbia-Sumter-Orangeburg, SC",Orangeburg County,South Carolina,45,75,Central,45075,36700,#N/A
40060,,,"Richmond, VA",Metropolitan Statistical Area,,,Goochland County,Virginia,51,75,Outlying,51075,40060,Richmond - VA
39420,,446,"Pullman, WA",Micropolitan Statistical Area,,"Pullman-Moscow, WA-ID",Whitman County,Washington,53,75,Central,53075,39420,#N/A
31940,,361,"Marinette, WI-MI",Micropolitan Statistical Area,,"Marinette-Iron Mountain, WI-MI",Marinette County,Wisconsin,55,75,Central,55075,31940,#N/A
38660,,434,"Ponce, PR",Metropolitan Statistical Area,,"Ponce-Coamo, PR",Juana Díaz Municipio,Puerto Rico,72,75,Outlying,72075,38660,#N/A
22520,,250,"Florence-Muscle Shoals, AL",Metropolitan Statistical Area,,"Florence-Muscle Shoals-Russellville, AL",Lauderdale County,Alabama,1,77,Central,1077,22520,#N/A
44700,,488,"Stockton-Lodi, CA",Metropolitan Statistical Area,,"San Jose-San Francisco-Oakland, CA",San Joaquin County,California,6,77,Central,6077,44700,Stockton - CA
24300,,,"Grand Junction, CO",Metropolitan Statistical Area,,,Mesa County,Colorado,8,77,Central,8077,24300,#N/A
12060,12054,122,"Atlanta-Sandy Springs-Roswell, GA",Metropolitan Statistical Area,"Atlanta-Sandy Springs-Roswell, GA","Atlanta--Athens-Clarke County--Sandy Springs, GA-AL",Coweta County,Georgia,13,77,Central,13077,12054,Atlanta - GA
16060,,166,"Carbondale, IL",Micropolitan Statistical Area,,"Carbondale-Marion-Herrin, IL",Jackson County,Illinois,17,77,Central,17077,16060,#N/A
31500,,,"Madison, IN",Micropolitan Statistical Area,,,Jefferson County,Indiana,18,77,Central,18077,31500,#N/A
19780,,218,"Des Moines-West Des Moines, IA",Metropolitan Statistical Area,,"Des Moines-West Des Moines-Ames, IA",Guthrie County,Iowa,19,77,Outlying,19077,19780,Des Moines - IA
17140,,178,"Cincinnati, OH-KY-IN",Metropolitan Statistical Area,,"Cincinnati-Wilmington, OH-KY-IN",Gallatin County,Kentucky,21,77,Outlying,21077,17140,Cincinnati - OH
12940,,132,"Baton Rouge, LA",Metropolitan Statistical Area,,"Baton Rouge-Hammond, LA",Pointe Coupee Parish,Louisiana,22,77,Outlying,22077,12940,Baton Rouge - LA
28020,,310,"Kalamazoo-Portage, MI",Metropolitan Statistical Area,,"Kalamazoo-Battle Creek-Portage, MI",Kalamazoo County,Michigan,26,77,Central,26077,28020,#N/A
44180,,,"Springfield, MO",Metropolitan Statistical Area,,,Greene County,Missouri,29,77,Central,29077,44180,#N/A
36580,,,"Oneonta, NY",Micropolitan Statistical Area,,,Otsego County,New York,36,77,Central,36077,36580,#N/A
47420,,244,"Wahpeton, ND-MN",Micropolitan Statistical Area,,"Fargo-Wahpeton, ND-MN",Richland County,North Dakota,38,77,Central,38077,47420,#N/A
35940,,184,"Norwalk, OH",Micropolitan Statistical Area,,"Cleveland-Akron-Canton, OH",Huron County,Ohio,39,77,Central,39077,35940,#N/A
10900,,106,"Allentown-Bethlehem-Easton, PA-NJ",Metropolitan Statistical Area,,"Allentown-Bethlehem-East Stroudsburg, PA-NJ",Lehigh County,Pennsylvania,42,77,Central,42077,10900,Lehigh Valley - PA
24860,,273,"Greenville-Anderson-Greer, SC",Metropolitan Statistical Area,,"Greenville-Spartanburg-Anderson, SC",Pickens County,South Carolina,45,77,Central,45077,24860,Greenville - SC
48660,,,"Wichita Falls, TX",Metropolitan Statistical Area,,,Clay County,Texas,48,77,Outlying,48077,48660,#N/A
49420,,,"Yakima, WA",Metropolitan Statistical Area,,,Yakima County,Washington,53,77,Central,53077,49420,#N/A
34060,,,"Morgantown, WV",Metropolitan Statistical Area,,,Preston County,West Virginia,54,77,Outlying,54077,34060,#N/A
41980,,490,"San Juan-Bayamón-Caguas, PR",Metropolitan Statistical Area,,"San Juan-Bayamón, PR",Juncos Municipio,Puerto Rico,72,77,Central,72077,41980,#N/A
43020,,267,"Shawano, WI",Micropolitan Statistical Area,,"Green Bay-Shawano, WI",Menominee County,Wisconsin,55,78,Outlying,55078,43020,#N/A
19460,,290,"Decatur, AL",Metropolitan Statistical Area,,"Huntsville-Decatur-Albertville, AL-TN",Lawrence County,Alabama,1,79,Outlying,1079,19460,#N/A
42020,,,"San Luis Obispo-Paso Robles, CA",Metropolitan Statistical Area,,,San Luis Obispo County,California,6,79,Central,6079,42020,#N/A
31420,,356,"Macon-Bibb County, GA",Metropolitan Statistical Area,,"Macon-Bibb County--Warner Robins, GA",Crawford County,Georgia,13,79,Outlying,13079,31420,#N/A
48620,,556,"Wichita, KS",Metropolitan Statistical Area,,"Wichita-Arkansas City-Winfield, KS",Harvey County,Kansas,20,79,Outlying,20079,48620,Wichita - KS
10780,,,"Alexandria, LA",Metropolitan Statistical Area,,,Rapides Parish,Louisiana,22,79,Central,22079,10780,#N/A
45900,,,"Traverse City, MI",Metropolitan Statistical Area,,,Kalkaska County,Michigan,26,79,Outlying,26079,45900,#N/A
33460,,378,"Minneapolis-St. Paul-Bloomington, MN-WI",Metropolitan Statistical Area,,"Minneapolis-St. Paul, MN-WI",Le Sueur County,Minnesota,27,79,Outlying,27079,33460,Minneapolis - MN
24260,,,"Grand Island, NE",Metropolitan Statistical Area,,,Hall County,Nebraska,31,79,Central,31079,24260,#N/A
35620,35614,408,"New York-Newark-Jersey City, NY-NJ",Metropolitan Statistical Area,"New York-Jersey City-White Plains, NY-NJ","New York-Newark, NY-NJ-CT-PA",Putnam County,New York,36,79,Central,36079,35614,New York - NY
42540,,,"Scranton--Wilkes-Barre, PA",Metropolitan Statistical Area,,,Luzerne County,Pennsylvania,42,79,Central,42079,42540,Scranton - PA
17900,,192,"Columbia, SC",Metropolitan Statistical Area,,"Columbia-Sumter-Orangeburg, SC",Richland County,South Carolina,45,79,Central,45079,17900,Columbia - SC
37540,,,"Paris, TN",Micropolitan Statistical Area,,,Henry County,Tennessee,47,79,Central,47079,37540,#N/A
31180,,352,"Lubbock, TX",Metropolitan Statistical Area,,"Lubbock-Plainview, TX",Cochran County,Texas,48,79,Outlying,48079,31180,#N/A
16820,,,"Charlottesville, VA",Metropolitan Statistical Area,,,Greene County,Virginia,51,79,Outlying,51079,16820,#N/A
26580,,170,"Huntington-Ashland, WV-KY-OH",Metropolitan Statistical Area,,"Charleston-Huntington-Ashland, WV-OH-KY",Putnam County,West Virginia,54,79,Central,54079,26580,#N/A
33340,,376,"Milwaukee-Waukesha, WI",Metropolitan Statistical Area,,"Milwaukee-Racine-Waukesha, WI",Milwaukee County,Wisconsin,55,79,Central,55079,33340,Milwaukee - WI
32420,,364,"Mayagüez, PR",Metropolitan Statistical Area,,"Mayagüez-Aguadilla, PR",Lajas Municipio,Puerto Rico,72,79,Central,72079,32420,#N/A
12220,,194,"Auburn-Opelika, AL",Metropolitan Statistical Area,,"Columbus-Auburn-Opelika, GA-AL",Lee County,Alabama,1,81,Central,1081,12220,#N/A
45500,,,"Texarkana, TX-AR",Metropolitan Statistical Area,,,Little River County,Arkansas,5,81,Outlying,5081,45500,#N/A
41860,41884,488,"San Francisco-Oakland-Fremont, CA",Metropolitan Statistical Area,"San Francisco-San Mateo-Redwood City, CA","San Jose-San Francisco-Oakland, CA",San Mateo County,California,6,81,Central,6081,41884,San Francisco - CA
44460,,,"Steamboat Springs, CO",Micropolitan Statistical Area,,,Moffat County,Colorado,8,81,Outlying,8081,44460,#N/A
35840,,412,"North Port-Bradenton-Sarasota, FL",Metropolitan Statistical Area,,"North Port-Bradenton, FL",Manatee County,Florida,12,81,Central,12081,35840,Sarasota - FL
18380,,,"Cordele, GA",Micropolitan Statistical Area,,,Crisp County,Georgia,13,81,Central,13081,18380,#N/A
27220,,,"Jackson, WY-ID",Micropolitan Statistical Area,,,Teton County,Idaho,16,81,Outlying,16081,27220,#N/A
34500,,,"Mount Vernon, IL",Micropolitan Statistical Area,,,Jefferson County,Illinois,17,81,Central,17081,34500,#N/A
26900,,294,"Indianapolis-Carmel-Greenwood, IN",Metropolitan Statistical Area,,"Indianapolis-Carmel-Muncie, IN",Johnson County,Indiana,18,81,Central,18081,26900,Indianapolis - IN
17140,,178,"Cincinnati, OH-KY-IN",Metropolitan Statistical Area,,"Cincinnati-Wilmington, OH-KY-IN",Grant County,Kentucky,21,81,Outlying,21081,17140,Cincinnati - OH
24340,,266,"Grand Rapids-Wyoming-Kentwood, MI",Metropolitan Statistical Area,,"Grand Rapids-Wyoming, MI",Kent County,Michigan,26,81,Central,26081,24340,Grand Rapids - MI
46180,,539,"Tupelo, MS",Micropolitan Statistical Area,,"Tupelo-Corinth, MS",Lee County,Mississippi,28,81,Central,28081,46180,#N/A
35620,35614,408,"New York-Newark-Jersey City, NY-NJ",Metropolitan Statistical Area,"New York-Jersey City-White Plains, NY-NJ","New York-Newark, NY-NJ-CT-PA",Queens County,New York,36,81,Central,36081,35614,New York - NY
24660,,268,"Greensboro-High Point, NC",Metropolitan Statistical Area,,"Greensboro--Winston-Salem--High Point, NC",Guilford County,North Carolina,37,81,Central,37081,24660,Greensboro - NC
48260,,430,"Weirton-Steubenville, WV-OH",Metropolitan Statistical Area,,"Pittsburgh-Weirton-Steubenville, PA-OH-WV",Jefferson County,Ohio,39,81,Central,39081,48260,#N/A
36420,,416,"Oklahoma City, OK",Metropolitan Statistical Area,,"Oklahoma City-Shawnee, OK",Lincoln County,Oklahoma,40,81,Outlying,40081,36420,Oklahoma City - OK
48700,,558,"Williamsport, PA",Metropolitan Statistical Area,,"Williamsport-Lock Haven, PA",Lycoming County,Pennsylvania,42,81,Central,42081,48700,#N/A
17900,,192,"Columbia, SC",Metropolitan Statistical Area,,"Columbia-Sumter-Orangeburg, SC",Saluda County,South Carolina,45,81,Outlying,45081,17900,Columbia - SC
43940,,452,"Spearfish, SD",Micropolitan Statistical Area,,"Rapid City-Spearfish, SD",Lawrence County,South Dakota,46,81,Central,46081,43940,#N/A
34980,,400,"Nashville-Davidson--Murfreesboro--Franklin, TN",Metropolitan Statistical Area,,"Nashville-Davidson--Murfreesboro, TN",Hickman County,Tennessee,47,81,Outlying,47081,34980,Nashville - TN
13220,,,"Beckley, WV",Metropolitan Statistical Area,,,Raleigh County,West Virginia,54,81,Central,54081,13220,#N/A
43890,,317,"Sparta, WI",Micropolitan Statistical Area,,"La Crosse-Onalaska-Sparta, WI-MN",Monroe County,Wisconsin,55,81,Central,55081,43890,#N/A
29720,,490,"Lares, PR",Micropolitan Statistical Area,,"San Juan-Bayamón, PR",Lares Municipio,Puerto Rico,72,81,Central,72081,29720,#N/A
26620,,290,"Huntsville, AL",Metropolitan Statistical Area,,"Huntsville-Decatur-Albertville, AL-TN",Limestone County,Alabama,1,83,Central,1083,26620,#N/A
42200,,,"Santa Maria-Santa Barbara, CA",Metropolitan Statistical Area,,,Santa Barbara County,California,6,83,Central,6083,42200,#N/A
36100,,,"Ocala, FL",Metropolitan Statistical Area,,,Marion County,Florida,12,83,Central,12083,36100,#N/A
16860,,174,"Chattanooga, TN-GA",Metropolitan Statistical Area,,"Chattanooga-Cleveland-Dalton, TN-GA-AL",Dade County,Georgia,13,83,Outlying,13083,16860,Chattanooga - TN
46300,,,"Twin Falls, ID",Metropolitan Statistical Area,,,Twin Falls County,Idaho,16,83,Central,16083,46300,#N/A
41180,,476,"St. Louis, MO-IL",Metropolitan Statistical Area,,"St. Louis-St. Charles-Farmington, MO-IL",Jersey County,Illinois,17,83,Outlying,17083,41180,Saint Louis - MO
47180,,,"Vincennes, IN",Micropolitan Statistical Area,,,Knox County,Indiana,18,83,Central,18083,47180,#N/A
32460,,424,"Mayfield, KY",Micropolitan Statistical Area,,"Paducah-Mayfield, KY-IL",Graves County,Kentucky,21,83,Central,21083,32460,#N/A
33740,,384,"Monroe, LA",Metropolitan Statistical Area,,"Monroe-Ruston, LA",Richland Parish,Louisiana,22,83,Outlying,22083,33740,#N/A
26340,,,"Houghton, MI",Micropolitan Statistical Area,,,Keweenaw County,Michigan,26,83,Outlying,26083,26340,#N/A
32140,,,"Marshall, MN",Micropolitan Statistical Area,,,Lyon County,Minnesota,27,83,Central,27083,32140,#N/A
24900,,,"Greenwood, MS",Micropolitan Statistical Area,,,Leflore County,Mississippi,28,83,Central,28083,24900,#N/A
10580,,104,"Albany-Schenectady-Troy, NY",Metropolitan Statistical Area,,"Albany-Schenectady, NY",Rensselaer County,New York,36,83,Central,36083,10580,Albany - NY
40260,,468,"Roanoke Rapids, NC",Micropolitan Statistical Area,,"Rocky Mount-Wilson-Roanoke Rapids, NC",Halifax County,North Carolina,37,83,Central,37083,40260,#N/A
34540,,198,"Mount Vernon, OH",Micropolitan Statistical Area,,"Columbus-Marion-Zanesville, OH",Knox County,Ohio,39,83,Central,39083,34540,#N/A
36420,,416,"Oklahoma City, OK",Metropolitan Statistical Area,,"Oklahoma City-Shawnee, OK",Logan County,Oklahoma,40,83,Central,40083,36420,Oklahoma City - OK
14620,,,"Bradford, PA",Micropolitan Statistical Area,,,McKean County,Pennsylvania,42,83,Central,42083,14620,#N/A
43900,,273,"Spartanburg, SC",Metropolitan Statistical Area,,"Greenville-Spartanburg-Anderson, SC",Spartanburg County,South Carolina,45,83,Central,45083,43900,#N/A
43620,,,"Sioux Falls, SD-MN",Metropolitan Statistical Area,,,Lincoln County,South Dakota,46,83,Central,46083,43620,#N/A
21180,,,"Elkins, WV",Micropolitan Statistical Area,,,Randolph County,West Virginia,54,83,Central,54083,21180,#N/A
24580,,267,"Green Bay, WI",Metropolitan Statistical Area,,"Green Bay-Shawano, WI",Oconto County,Wisconsin,55,83,Outlying,55083,24580,#N/A
33860,,388,"Montgomery, AL",Metropolitan Statistical Area,,"Montgomery-Selma, AL",Lowndes County,Alabama,1,85,Outlying,1085,33860,#N/A
30780,,340,"Little Rock-North Little Rock-Conway, AR",Metropolitan Statistical Area,,"Little Rock-North Little Rock, AR",Lonoke County,Arkansas,5,85,Central,5085,30780,Little Rock - AR
41940,,488,"San Jose-Sunnyvale-Santa Clara, CA",Metropolitan Statistical Area,,"San Jose-San Francisco-Oakland, CA",Santa Clara County,California,6,85,Central,6085,41940,San Jose - CA
33940,,,"Montrose, CO",Micropolitan Statistical Area,,,Montrose County,Colorado,8,85,Central,8085,33940,#N/A
38940,,370,"Port St. Lucie, FL",Metropolitan Statistical Area,,"Miami-Port St. Lucie-Fort Lauderdale, FL",Martin County,Florida,12,85,Central,12085,38940,#N/A
12060,12054,122,"Atlanta-Sandy Springs-Roswell, GA",Metropolitan Statistical Area,"Atlanta-Sandy Springs-Roswell, GA","Atlanta--Athens-Clarke County--Sandy Springs, GA-AL",Dawson County,Georgia,13,85,Central,13085,12054,Atlanta - GA
47700,,515,"Warsaw, IN",Micropolitan Statistical Area,,"South Bend-Elkhart-Mishawaka, IN-MI",Kosciusko County,Indiana,18,85,Central,18085,47700,#N/A
36540,,420,"Omaha, NE-IA",Metropolitan Statistical Area,,"Omaha-Fremont, NE-IA",Harrison County,Iowa,19,85,Outlying,19085,36540,Omaha - NE
45820,,,"Topeka, KS",Metropolitan Statistical Area,,,Jackson County,Kansas,20,85,Outlying,20085,45820,#N/A
26780,,378,"Hutchinson, MN",Micropolitan Statistical Area,,"Minneapolis-St. Paul, MN-WI",McLeod County,Minnesota,27,85,Central,27085,26780,#N/A
15020,,298,"Brookhaven, MS",Micropolitan Statistical Area,,"Jackson-Vicksburg-Brookhaven, MS",Lincoln County,Mississippi,28,85,Central,28085,15020,#N/A
35620,35614,408,"New York-Newark-Jersey City, NY-NJ",Metropolitan Statistical Area,"New York-Jersey City-White Plains, NY-NJ","New York-Newark, NY-NJ-CT-PA",Richmond County,New York,36,85,Central,36085,35614,New York - NY
11360,,450,"Anderson Creek, NC",Micropolitan Statistical Area,,"Raleigh-Durham-Cary, NC",Harnett County,North Carolina,37,85,Central,37085,11360,#N/A
17410,,184,"Cleveland, OH",Metropolitan Statistical Area,,"Cleveland-Akron-Canton, OH",Lake County,Ohio,39,85,Central,39085,17410,Cleveland - OH
25850,,430,"Hermitage, PA",Micropolitan Statistical Area,,"Pittsburgh-Weirton-Steubenville, PA-OH-WV",Mercer County,Pennsylvania,42,85,Central,42085,25850,#N/A
44940,,192,"Sumter, SC",Metropolitan Statistical Area,,"Columbia-Sumter-Orangeburg, SC",Sumter County,South Carolina,45,85,Central,45085,44940,#N/A
19100,19124,206,"Dallas-Fort Worth-Arlington, TX",Metropolitan Statistical Area,"Dallas-Plano-Irving, TX","Dallas-Fort Worth, TX-OK",Collin County,Texas,48,85,Central,48085,19124,Dallas-Fort Worth - TX
40060,,,"Richmond, VA",Metropolitan Statistical Area,,,Hanover County,Virginia,51,85,Central,51085,40060,Richmond - VA
41980,,490,"San Juan-Bayamón-Caguas, PR",Metropolitan Statistical Area,,"San Juan-Bayamón, PR",Las Piedras Municipio,Puerto Rico,72,85,Central,72085,41980,#N/A
33100,33124,370,"Miami-Fort Lauderdale-West Palm Beach, FL",Metropolitan Statistical Area,"Miami-Miami Beach-Kendall, FL","Miami-Port St. Lucie-Fort Lauderdale, FL",Miami-Dade County,Florida,12,86,Central,12086,33124,Miami - FL
12220,,194,"Auburn-Opelika, AL",Metropolitan Statistical Area,,"Columbus-Auburn-Opelika, GA-AL",Macon County,Alabama,1,87,Outlying,1087,12220,#N/A
22220,,,"Fayetteville-Springdale-Rogers, AR",Metropolitan Statistical Area,,,Madison County,Arkansas,5,87,Outlying,5087,22220,#N/A
42100,,488,"Santa Cruz-Watsonville, CA",Metropolitan Statistical Area,,"San Jose-San Francisco-Oakland, CA",Santa Cruz County,California,6,87,Central,6087,42100,#N/A
22820,,,"Fort Morgan, CO",Micropolitan Statistical Area,,,Morgan County,Colorado,8,87,Central,8087,22820,#N/A
28580,,370,"Key West-Key Largo, FL",Micropolitan Statistical Area,,"Miami-Port St. Lucie-Fort Lauderdale, FL",Monroe County,Florida,12,87,Central,12087,28580,#N/A
12460,,533,"Bainbridge, GA",Micropolitan Statistical Area,,"Tallahassee-Bainbridge, FL-GA",Decatur County,Georgia,13,87,Central,13087,12460,#N/A
45820,,,"Topeka, KS",Metropolitan Statistical Area,,,Jefferson County,Kansas,20,87,Outlying,20087,45820,#N/A
15820,,,"Campbellsville, KY",Micropolitan Statistical Area,,,Green County,Kentucky,21,87,Outlying,21087,15820,#N/A
35380,,406,"New Orleans-Metairie, LA",Metropolitan Statistical Area,,"New Orleans-Metairie-Slidell, LA-MS",St. Bernard Parish,Louisiana,22,87,Central,22087,35380,New Orleans - LA
19820,47664,220,"Detroit-Warren-Dearborn, MI",Metropolitan Statistical Area,"Warren-Troy-Farmington Hills, MI","Detroit-Warren-Ann Arbor, MI",Lapeer County,Michigan,26,87,Outlying,26087,47664,Detroit - MI
18060,,523,"Columbus, MS",Micropolitan Statistical Area,,"Starkville-Columbus, MS",Lowndes County,Mississippi,28,87,Central,28087,18060,#N/A
35620,35614,408,"New York-Newark-Jersey City, NY-NJ",Metropolitan Statistical Area,"New York-Jersey City-White Plains, NY-NJ","New York-Newark, NY-NJ-CT-PA",Rockland County,New York,36,87,Central,36087,35614,New York - NY
48200,,120,"Waynesville, NC",Micropolitan Statistical Area,,"Asheville-Waynesville-Brevard, NC",Haywood County,North Carolina,37,87,Central,37087,48200,#N/A
26580,,170,"Huntington-Ashland, WV-KY-OH",Metropolitan Statistical Area,,"Charleston-Huntington-Ashland, WV-OH-KY",Lawrence County,Ohio,39,87,Central,39087,26580,#N/A
36420,,416,"Oklahoma City, OK",Metropolitan Statistical Area,,"Oklahoma City-Shawnee, OK",McClain County,Oklahoma,40,87,Outlying,40087,36420,Oklahoma City - OK
30380,,,"Lewistown, PA",Micropolitan Statistical Area,,,Mifflin County,Pennsylvania,42,87,Central,42087,30380,#N/A
43900,,273,"Spartanburg, SC",Metropolitan Statistical Area,,"Greenville-Spartanburg-Anderson, SC",Union County,South Carolina,45,87,Outlying,45087,43900,#N/A
43620,,,"Sioux Falls, SD-MN",Metropolitan Statistical Area,,,McCook County,South Dakota,46,87,Outlying,46087,43620,#N/A
18260,,,"Cookeville, TN",Micropolitan Statistical Area,,,Jackson County,Tennessee,47,87,Outlying,47087,18260,#N/A
40060,,,"Richmond, VA",Metropolitan Statistical Area,,,Henrico County,Virginia,51,87,Central,51087,40060,Richmond - VA
11540,,118,"Appleton, WI",Metropolitan Statistical Area,,"Appleton-Oshkosh-Neenah, WI",Outagamie County,Wisconsin,55,87,Central,55087,11540,#N/A
41980,,490,"San Juan-Bayamón-Caguas, PR",Metropolitan Statistical Area,,"San Juan-Bayamón, PR",Loíza Municipio,Puerto Rico,72,87,Outlying,72087,41980,#N/A
26620,,290,"Huntsville, AL",Metropolitan Statistical Area,,"Huntsville-Decatur-Albertville, AL-TN",Madison County,Alabama,1,89,Central,1089,26620,#N/A
39820,,454,"Redding, CA",Metropolitan Statistical Area,,"Redding-Red Bluff, CA",Shasta County,California,6,89,Central,6089,39820,#N/A
27260,,300,"Jacksonville, FL",Metropolitan Statistical Area,,"Jacksonville-Kingsland-Palatka, FL-GA",Nassau County,Florida,12,89,Outlying,12089,27260,Jacksonville - NC
12060,12054,122,"Atlanta-Sandy Springs-Roswell, GA",Metropolitan Statistical Area,"Atlanta-Sandy Springs-Roswell, GA","Atlanta--Athens-Clarke County--Sandy Springs, GA-AL",DeKalb County,Georgia,13,89,Central,13089,12054,Atlanta - GA
16980,20994,176,"Chicago-Naperville-Elgin, IL-IN",Metropolitan Statistical Area,"Elgin, IL","Chicago-Naperville, IL-IN-WI",Kane County,Illinois,17,89,Central,17089,20994,Chicago - IL
16980,29414,176,"Chicago-Naperville-Elgin, IL-IN",Metropolitan Statistical Area,"Lake County-Porter County-Jasper County, IN","Chicago-Naperville, IL-IN-WI",Lake County,Indiana,18,89,Central,18089,29414,Chicago - IL
26580,,170,"Huntington-Ashland, WV-KY-OH",Metropolitan Statistical Area,,"Charleston-Huntington-Ashland, WV-OH-KY",Greenup County,Kentucky,21,89,Central,21089,26580,#N/A
35380,,406,"New Orleans-Metairie, LA",Metropolitan Statistical Area,,"New Orleans-Metairie-Slidell, LA-MS",St. Charles Parish,Louisiana,22,89,Central,22089,35380,New Orleans - LA
45900,,,"Traverse City, MI",Metropolitan Statistical Area,,,Leelanau County,Michigan,26,89,Outlying,26089,45900,#N/A
27140,,298,"Jackson, MS",Metropolitan Statistical Area,,"Jackson-Vicksburg-Brookhaven, MS",Madison County,Mississippi,28,89,Central,28089,27140,Jackson - MS
17860,,190,"Columbia, MO",Metropolitan Statistical Area,,"Columbia-Jefferson City-Moberly, MO",Howard County,Missouri,29,89,Outlying,29089,17860,#N/A
32390,,,"Massena-Ogdensburg, NY",Micropolitan Statistical Area,,,St. Lawrence County,New York,36,89,Central,36089,32390,#N/A
11700,,120,"Asheville, NC",Metropolitan Statistical Area,,"Asheville-Waynesville-Brevard, NC",Henderson County,North Carolina,37,89,Central,37089,11700,#N/A
19860,,,"Dickinson, ND",Micropolitan Statistical Area,,,Stark County,North Dakota,38,89,Central,38089,19860,#N/A
18140,,198,"Columbus, OH",Metropolitan Statistical Area,,"Columbus-Marion-Zanesville, OH",Licking County,Ohio,39,89,Outlying,39089,18140,Columbus - OH
20700,,106,"East Stroudsburg, PA",Micropolitan Statistical Area,,"Allentown-Bethlehem-East Stroudsburg, PA-NJ",Monroe County,Pennsylvania,42,89,Central,42089,20700,#N/A
34100,,315,"Morristown, TN",Metropolitan Statistical Area,,"Knoxville-Morristown-Sevierville, TN",Jefferson County,Tennessee,47,89,Central,47089,34100,#N/A
32300,,,"Martinsville, VA",Micropolitan Statistical Area,,,Henry County,Virginia,51,89,Central,51089,32300,#N/A
33340,,376,"Milwaukee-Waukesha, WI",Metropolitan Statistical Area,,"Milwaukee-Racine-Waukesha, WI",Ozaukee County,Wisconsin,55,89,Outlying,55089,33340,Milwaukee - WI
41980,,490,"San Juan-Bayamón-Caguas, PR",Metropolitan Statistical Area,,"San Juan-Bayamón, PR",Luquillo Municipio,Puerto Rico,72,89,Outlying,72089,41980,#N/A
21820,,,"Fairbanks-College, AK",Metropolitan Statistical Area,,,Fairbanks North Star Borough,Alaska,2,90,Central,2090,21820,#N/A
45500,,,"Texarkana, TX-AR",Metropolitan Statistical Area,,,Miller County,Arkansas,5,91,Central,5091,45500,#N/A
18880,,,"Crestview-Fort Walton Beach-Destin, FL",Metropolitan Statistical Area,,,Okaloosa County,Florida,12,91,Central,12091,18880,#N/A
28100,,176,"Kankakee, IL",Metropolitan Statistical Area,,"Chicago-Naperville, IL-IN-WI",Kankakee County,Illinois,17,91,Central,17091,28100,#N/A
33140,,176,"Michigan City-La Porte, IN",Metropolitan Statistical Area,,"Chicago-Naperville, IL-IN-WI",LaPorte County,Indiana,18,91,Central,18091,33140,#N/A
28140,,312,"Kansas City, MO-KS",Metropolitan Statistical Area,,"Kansas City-Overland Park-Kansas City, MO-KS",Johnson County,Kansas,20,91,Central,20091,28140,Kansas City - MO
12940,,132,"Baton Rouge, LA",Metropolitan Statistical Area,,"Baton Rouge-Hammond, LA",St. Helena Parish,Louisiana,22,91,Outlying,22091,12940,Baton Rouge - LA
10300,,220,"Adrian, MI",Micropolitan Statistical Area,,"Detroit-Warren-Ann Arbor, MI",Lenawee County,Michigan,26,91,Central,26091,10300,#N/A
21860,,,"Fairmont, MN",Micropolitan Statistical Area,,,Martin County,Minnesota,27,91,Central,27091,21860,#N/A
48460,,,"West Plains, MO",Micropolitan Statistical Area,,,Howell County,Missouri,29,91,Central,29091,48460,#N/A
10580,,104,"Albany-Schenectady-Troy, NY",Metropolitan Statistical Area,,"Albany-Schenectady, NY",Saratoga County,New York,36,91,Outlying,36091,10580,Albany - NY
13340,,198,"Bellefontaine, OH",Micropolitan Statistical Area,,"Columbus-Marion-Zanesville, OH",Logan County,Ohio,39,91,Central,39091,13340,#N/A
37980,33874,428,"Philadelphia-Camden-Wilmington, PA-NJ-DE-MD",Metropolitan Statistical Area,"Montgomery County-Bucks County-Chester County, PA","Philadelphia-Reading-Camden, PA-NJ-DE-MD",Montgomery County,Pennsylvania,42,91,Central,42091,33874,Philadelphia - PA
16740,,172,"Charlotte-Concord-Gastonia, NC-SC",Metropolitan Statistical Area,,"Charlotte-Concord, NC-SC",York County,South Carolina,45,91,Outlying,45091,16740,Charlotte - NC
41700,,484,"San Antonio-New Braunfels, TX",Metropolitan Statistical Area,,"San Antonio-New Braunfels-Kerrville, TX",Comal County,Texas,48,91,Outlying,48091,41700,San Antonio - TX
17220,,242,"Clarksburg, WV",Micropolitan Statistical Area,,"Fairmont-Clarksburg, WV",Taylor County,West Virginia,54,91,Outlying,54091,17220,#N/A
41980,,490,"San Juan-Bayamón-Caguas, PR",Metropolitan Statistical Area,,"San Juan-Bayamón, PR",Manatí Municipio,Puerto Rico,72,91,Central,72091,41980,#N/A
14180,,,"Blytheville, AR",Micropolitan Statistical Area,,,Mississippi County,Arkansas,5,93,Central,5093,14180,#N/A
19740,,216,"Denver-Aurora-Centennial, CO",Metropolitan Statistical Area,,"Denver-Aurora-Greeley, CO",Park County,Colorado,8,93,Outlying,8093,19740,Denver - CO
36380,,370,"Okeechobee, FL",Micropolitan Statistical Area,,"Miami-Port St. Lucie-Fort Lauderdale, FL",Okeechobee County,Florida,12,93,Central,12093,36380,#N/A
16980,20994,176,"Chicago-Naperville-Elgin, IL-IN",Metropolitan Statistical Area,"Elgin, IL","Chicago-Naperville, IL-IN-WI",Kendall County,Illinois,17,93,Central,17093,20994,Chicago - IL
13260,,144,"Bedford, IN",Micropolitan Statistical Area,,"Bloomington-Bedford, IN",Lawrence County,Indiana,18,93,Central,18093,13260,#N/A
21060,,350,"Elizabethtown, KY",Metropolitan Statistical Area,,"Louisville/Jefferson County--Elizabethtown, KY-IN",Hardin County,Kentucky,21,93,Central,21093,21060,#N/A
35380,,406,"New Orleans-Metairie, LA",Metropolitan Statistical Area,,"New Orleans-Metairie-Slidell, LA-MS",St. James Parish,Louisiana,22,93,Central,22093,35380,New Orleans - LA
19820,47664,220,"Detroit-Warren-Dearborn, MI",Metropolitan Statistical Area,"Warren-Troy-Farmington Hills, MI","Detroit-Warren-Ann Arbor, MI",Livingston County,Michigan,26,93,Outlying,26093,47664,Detroit - MI
32820,,368,"Memphis, TN-MS-AR",Metropolitan Statistical Area,,"Memphis-Clarksdale-Forrest City, TN-MS-AR",Marshall County,Mississippi,28,93,Outlying,28093,32820,Memphis - TN
15580,,,"Butte-Silver Bow, MT",Micropolitan Statistical Area,,,Silver Bow County,Montana,30,93,Central,30093,15580,#N/A
24260,,,"Grand Island, NE",Metropolitan Statistical Area,,,Howard County,Nebraska,31,93,Outlying,31093,24260,#N/A
10580,,104,"Albany-Schenectady-Troy, NY",Metropolitan Statistical Area,,"Albany-Schenectady, NY",Schenectady County,New York,36,93,Central,36093,10580,Albany - NY
22180,,246,"Fayetteville, NC",Metropolitan Statistical Area,,"Fayetteville-Lumberton-Pinehurst, NC",Hoke County,North Carolina,37,93,Central,37093,22180,#N/A
27420,,,"Jamestown, ND",Micropolitan Statistical Area,,,Stutsman County,North Dakota,38,93,Central,38093,27420,#N/A
17410,,184,"Cleveland, OH",Metropolitan Statistical Area,,"Cleveland-Akron-Canton, OH",Lorain County,Ohio,39,93,Outlying,39093,17410,Cleveland - OH
44980,,146,"Sunbury, PA",Micropolitan Statistical Area,,"Bloomsburg-Berwick-Sunbury, PA",Montour County,Pennsylvania,42,93,Outlying,42093,44980,#N/A
39660,,452,"Rapid City, SD",Metropolitan Statistical Area,,"Rapid City-Spearfish, SD",Meade County,South Dakota,46,93,Outlying,46093,39660,#N/A
28940,,315,"Knoxville, TN",Metropolitan Statistical Area,,"Knoxville-Morristown-Sevierville, TN",Knox County,Tennessee,47,93,Central,47093,28940,Knoxville - TN
47260,,545,"Virginia Beach-Chesapeake-Norfolk, VA-NC",Metropolitan Statistical Area,,"Virginia Beach-Chesapeake, VA-NC",Isle of Wight County,Virginia,51,93,Central,51093,47260,Norfolk - VA
33460,,378,"Minneapolis-St. Paul-Bloomington, MN-WI",Metropolitan Statistical Area,,"Minneapolis-St. Paul, MN-WI",Pierce County,Wisconsin,55,93,Outlying,55093,33460,Minneapolis - MN
10700,,290,"Albertville, AL",Micropolitan Statistical Area,,"Huntsville-Decatur-Albertville, AL-TN",Marshall County,Alabama,1,95,Central,1095,10700,#N/A
46700,,488,"Vallejo, CA",Metropolitan Statistical Area,,"San Jose-San Francisco-Oakland, CA",Solano County,California,6,95,Central,6095,46700,#N/A
36740,,422,"Orlando-Kissimmee-Sanford, FL",Metropolitan Statistical Area,,"Orlando-Lakeland-Deltona, FL",Orange County,Florida,12,95,Central,12095,36740,Orlando - FL
10500,,,"Albany, GA",Metropolitan Statistical Area,,,Dougherty County,Georgia,13,95,Central,13095,10500,#N/A
23660,,,"Galesburg, IL",Micropolitan Statistical Area,,,Knox County,Illinois,17,95,Central,17095,23660,#N/A
26900,,294,"Indianapolis-Carmel-Greenwood, IN",Metropolitan Statistical Area,,"Indianapolis-Carmel-Muncie, IN",Madison County,Indiana,18,95,Outlying,18095,26900,Indianapolis - IN
35380,,406,"New Orleans-Metairie, LA",Metropolitan Statistical Area,,"New Orleans-Metairie-Slidell, LA-MS",St. John the Baptist Parish,Louisiana,22,95,Central,22095,35380,New Orleans - LA
33460,,378,"Minneapolis-St. Paul-Bloomington, MN-WI",Metropolitan Statistical Area,,"Minneapolis-St. Paul, MN-WI",Mille Lacs County,Minnesota,27,95,Outlying,27095,33460,Minneapolis - MN
28140,,312,"Kansas City, MO-KS",Metropolitan Statistical Area,,"Kansas City-Overland Park-Kansas City, MO-KS",Jackson County,Missouri,29,95,Central,29095,28140,Kansas City - MO
13740,,,"Billings, MT",Metropolitan Statistical Area,,,Stillwater County,Montana,30,95,Outlying,30095,13740,#N/A
10580,,104,"Albany-Schenectady-Troy, NY",Metropolitan Statistical Area,,"Albany-Schenectady, NY",Schoharie County,New York,36,95,Outlying,36095,10580,Albany - NY
45780,,,"Toledo, OH",Metropolitan Statistical Area,,,Lucas County,Ohio,39,95,Central,39095,45780,Toledo - OH
10900,,106,"Allentown-Bethlehem-Easton, PA-NJ",Metropolitan Statistical Area,,"Allentown-Bethlehem-East Stroudsburg, PA-NJ",Northampton County,Pennsylvania,42,95,Central,42095,10900,Lehigh Valley - PA
47260,,545,"Virginia Beach-Chesapeake-Norfolk, VA-NC",Metropolitan Statistical Area,,"Virginia Beach-Chesapeake, VA-NC",James City County,Virginia,51,95,Outlying,51095,47260,Norfolk - VA
41980,,490,"San Juan-Bayamón-Caguas, PR",Metropolitan Statistical Area,,"San Juan-Bayamón, PR",Maunabo Municipio,Puerto Rico,72,95,Central,72095,41980,#N/A
33660,,380,"Mobile, AL",Metropolitan Statistical Area,,"Mobile-Daphne-Fairhope, AL",Mobile County,Alabama,1,97,Central,1097,33660,#N/A
42220,,,"Santa Rosa-Petaluma, CA",Metropolitan Statistical Area,,,Sonoma County,California,6,97,Central,6097,42220,#N/A
40090,,233,"Rifle, CO",Micropolitan Statistical Area,,"Edwards-Rifle, CO",Pitkin County,Colorado,8,97,Outlying,8097,40090,#N/A
36740,,422,"Orlando-Kissimmee-Sanford, FL",Metropolitan Statistical Area,,"Orlando-Lakeland-Deltona, FL",Osceola County,Florida,12,97,Outlying,12097,36740,Orlando - FL
12060,12054,122,"Atlanta-Sandy Springs-Roswell, GA",Metropolitan Statistical Area,"Atlanta-Sandy Springs-Roswell, GA","Atlanta--Athens-Clarke County--Sandy Springs, GA-AL",Douglas County,Georgia,13,97,Central,13097,12054,Atlanta - GA
16980,29404,176,"Chicago-Naperville-Elgin, IL-IN",Metropolitan Statistical Area,"Lake County, IL","Chicago-Naperville, IL-IN-WI",Lake County,Illinois,17,97,Central,17097,29404,Chicago - IL
26900,,294,"Indianapolis-Carmel-Greenwood, IN",Metropolitan Statistical Area,,"Indianapolis-Carmel-Muncie, IN",Marion County,Indiana,18,97,Central,18097,26900,Indianapolis - IN
36660,,318,"Opelousas, LA",Micropolitan Statistical Area,,"Lafayette-New Iberia-Opelousas, LA",St. Landry Parish,Louisiana,22,97,Central,22097,36660,#N/A
24980,,,"Grenada, MS",Micropolitan Statistical Area,,,Montgomery County,Mississippi,28,97,Outlying,28097,24980,#N/A
27900,,309,"Joplin, MO-KS",Metropolitan Statistical Area,,"Joplin-Miami, MO-OK-KS",Jasper County,Missouri,29,97,Central,29097,27900,#N/A
16740,,172,"Charlotte-Concord-Gastonia, NC-SC",Metropolitan Statistical Area,,"Charlotte-Concord, NC-SC",Iredell County,North Carolina,37,97,Central,37097,16740,Charlotte - NC
18140,,198,"Columbus, OH",Metropolitan Statistical Area,,"Columbus-Marion-Zanesville, OH",Madison County,Ohio,39,97,Outlying,39097,18140,Columbus - OH
44980,,146,"Sunbury, PA",Micropolitan Statistical Area,,"Bloomsburg-Berwick-Sunbury, PA",Northumberland County,Pennsylvania,42,97,Central,42097,44980,#N/A
23620,,206,"Gainesville, TX",Micropolitan Statistical Area,,"Dallas-Fort Worth, TX-OK",Cooke County,Texas,48,97,Central,48097,23620,#N/A
40060,,,"Richmond, VA",Metropolitan Statistical Area,,,King and Queen County,Virginia,51,97,Outlying,51097,40060,Richmond - VA
44620,,554,"Stevens Point-Plover, WI",Micropolitan Statistical Area,,"Wausau-Stevens Point-Wisconsin Rapids, WI",Portage County,Wisconsin,55,97,Central,55097,44620,#N/A
32420,,364,"Mayagüez, PR",Metropolitan Statistical Area,,"Mayagüez-Aguadilla, PR",Mayagüez Municipio,Puerto Rico,72,97,Outlying,72097,32420,#N/A
33700,,488,"Modesto, CA",Metropolitan Statistical Area,,"San Jose-San Francisco-Oakland, CA",Stanislaus County,California,6,99,Central,6099,33700,Modesto - CA
33100,48424,370,"Miami-Fort Lauderdale-West Palm Beach, FL",Metropolitan Statistical Area,"West Palm Beach-Boca Raton-Delray Beach, FL","Miami-Port St. Lucie-Fort Lauderdale, FL",Palm Beach County,Florida,12,99,Central,12099,48424,Miami - FL
36837,,176,"Ottawa, IL",Micropolitan Statistical Area,,"Chicago-Naperville, IL-IN-WI",LaSalle County,Illinois,17,99,Central,17099,36837,#N/A
38500,,515,"Plymouth, IN",Micropolitan Statistical Area,,"South Bend-Elkhart-Mishawaka, IN-MI",Marshall County,Indiana,18,99,Central,18099,38500,#N/A
19780,,218,"Des Moines-West Des Moines, IA",Metropolitan Statistical Area,,"Des Moines-West Des Moines-Ames, IA",Jasper County,Iowa,19,99,Outlying,19099,19780,Des Moines - IA
29180,,318,"Lafayette, LA",Metropolitan Statistical Area,,"Lafayette-New Iberia-Opelousas, LA",St. Martin Parish,Louisiana,22,99,Outlying,22099,29180,#N/A
19820,47664,220,"Detroit-Warren-Dearborn, MI",Metropolitan Statistical Area,"Warren-Troy-Farmington Hills, MI","Detroit-Warren-Ann Arbor, MI",Macomb County,Michigan,26,99,Central,26099,47664,Detroit - MI
12380,,462,"Austin, MN",Micropolitan Statistical Area,,"Rochester-Austin-Winona, MN",Mower County,Minnesota,27,99,Central,27099,12380,#N/A
41180,,476,"St. Louis, MO-IL",Metropolitan Statistical Area,,"St. Louis-St. Charles-Farmington, MO-IL",Jefferson County,Missouri,29,99,Central,29099,41180,Saint Louis - MO
28260,,,"Kearney, NE",Micropolitan Statistical Area,,,Kearney County,Nebraska,31,99,Outlying,31099,28260,#N/A
42900,,464,"Seneca Falls, NY",Micropolitan Statistical Area,,"Rochester-Batavia-Seneca Falls, NY",Seneca County,New York,36,99,Central,36099,42900,#N/A
49660,,566,"Youngstown-Warren, OH",Metropolitan Statistical Area,,"Youngstown-Warren-Salem, OH",Mahoning County,Ohio,39,99,Central,39099,49660,#N/A
25420,,276,"Harrisburg-Carlisle, PA",Metropolitan Statistical Area,,"Harrisburg-York-Lebanon, PA",Perry County,Pennsylvania,42,99,Outlying,42099,25420,Harrisburg - PA
43620,,,"Sioux Falls, SD-MN",Metropolitan Statistical Area,,,Minnehaha County,South Dakota,46,99,Central,46099,43620,#N/A
29980,,400,"Lawrenceburg, TN",Micropolitan Statistical Area,,"Nashville-Davidson--Murfreesboro, TN",Lawrence County,Tennessee,47,99,Central,47099,29980,#N/A
28660,,,"Killeen-Temple, TX",Metropolitan Statistical Area,,,Coryell County,Texas,48,99,Central,48099,28660,#N/A
26580,,170,"Huntington-Ashland, WV-KY-OH",Metropolitan Statistical Area,,"Charleston-Huntington-Ashland, WV-OH-KY",Wayne County,West Virginia,54,99,Central,54099,26580,#N/A
10380,,364,"Aguadilla, PR",Metropolitan Statistical Area,,"Mayagüez-Aguadilla, PR",Moca Municipio,Puerto Rico,72,99,Central,72099,10380,#N/A
33860,,388,"Montgomery, AL",Metropolitan Statistical Area,,"Montgomery-Selma, AL",Montgomery County,Alabama,1,101,Central,1101,33860,#N/A
25460,,,"Harrison, AR",Micropolitan Statistical Area,,,Newton County,Arkansas,5,101,Outlying,5101,25460,#N/A
49700,,472,"Yuba City, CA",Metropolitan Statistical Area,,"Sacramento-Roseville, CA",Sutter County,California,6,101,Central,6101,49700,#N/A
39380,,444,"Pueblo, CO",Metropolitan Statistical Area,,"Pueblo-Cañon City, CO",Pueblo County,Colorado,8,101,Central,8101,39380,#N/A
45300,45294,,"Tampa-St. Petersburg-Clearwater, FL",Metropolitan Statistical Area,"Tampa, FL",,Pasco County,Florida,12,101,Central,12101,45294,Tampa - FL
46660,,,"Valdosta, GA",Metropolitan Statistical Area,,,Echols County,Georgia,13,101,Outlying,13101,46660,#N/A
25775,,241,"Henderson, KY",Micropolitan Statistical Area,,"Evansville-Henderson, IN-KY",Henderson County,Kentucky,21,101,Central,21101,25775,#N/A
34020,,,"Morgan City, LA",Micropolitan Statistical Area,,,St. Mary Parish,Louisiana,22,101,Central,22101,34020,#N/A
47660,,312,"Warrensburg, MO",Micropolitan Statistical Area,,"Kansas City-Overland Park-Kansas City, MO-KS",Johnson County,Missouri,29,101,Central,29101,47660,#N/A
18500,,236,"Corning, NY",Micropolitan Statistical Area,,"Elmira-Corning, NY",Steuben County,New York,36,101,Central,36101,18500,#N/A
39580,,450,"Raleigh-Cary, NC",Metropolitan Statistical Area,,"Raleigh-Durham-Cary, NC",Johnston County,North Carolina,37,101,Outlying,37101,39580,Raleigh - NC
33500,,,"Minot, ND",Metropolitan Statistical Area,,,Ward County,North Dakota,38,101,Central,38101,33500,#N/A
32020,,198,"Marion, OH",Micropolitan Statistical Area,,"Columbus-Marion-Zanesville, OH",Marion County,Ohio,39,101,Central,39101,32020,#N/A
34780,,538,"Muskogee, OK",Micropolitan Statistical Area,,"Tulsa-Bartlesville-Muskogee, OK",Muskogee County,Oklahoma,40,101,Central,40101,34780,#N/A
37980,37964,428,"Philadelphia-Camden-Wilmington, PA-NJ-DE-MD",Metropolitan Statistical Area,"Philadelphia, PA","Philadelphia-Reading-Camden, PA-NJ-DE-MD",Philadelphia County,Pennsylvania,42,101,Central,42101,37964,Philadelphia - PA
40060,,,"Richmond, VA",Metropolitan Statistical Area,,,King William County,Virginia,51,101,Outlying,51101,40060,Richmond - VA
39540,,376,"Racine-Mount Pleasant, WI",Metropolitan Statistical Area,,"Milwaukee-Racine-Waukesha, WI",Racine County,Wisconsin,55,101,Central,55101,39540,#N/A
41980,,490,"San Juan-Bayamón-Caguas, PR",Metropolitan Statistical Area,,"San Juan-Bayamón, PR",Morovis Municipio,Puerto Rico,72,101,Central,72101,41980,#N/A
19460,,290,"Decatur, AL",Metropolitan Statistical Area,,"Huntsville-Decatur-Albertville, AL-TN",Morgan County,Alabama,1,103,Central,1103,19460,#N/A
15780,,,"Camden, AR",Micropolitan Statistical Area,,,Ouachita County,Arkansas,5,103,Central,5103,15780,#N/A
39780,,454,"Red Bluff, CA",Micropolitan Statistical Area,,"Redding-Red Bluff, CA",Tehama County,California,6,103,Central,6103,39780,#N/A
45300,41304,,"Tampa-St. Petersburg-Clearwater, FL",Metropolitan Statistical Area,"St. Petersburg-Clearwater-Largo, FL",,Pinellas County,Florida,12,103,Central,12103,41304,Tampa - FL
42340,,496,"Savannah, GA",Metropolitan Statistical Area,,"Savannah-Hinesville-Statesboro, GA",Effingham County,Georgia,13,103,Outlying,13103,42340,#N/A
19940,,221,"Dixon, IL",Micropolitan Statistical Area,,"Dixon-Sterling, IL",Lee County,Illinois,17,103,Central,17103,19940,#N/A
37940,,294,"Peru, IN",Micropolitan Statistical Area,,"Indianapolis-Carmel-Muncie, IN",Miami County,Indiana,18,103,Central,18103,37940,#N/A
26980,,168,"Iowa City, IA",Metropolitan Statistical Area,,"Cedar Rapids-Iowa City, IA",Johnson County,Iowa,19,103,Central,19103,26980,#N/A
28140,,312,"Kansas City, MO-KS",Metropolitan Statistical Area,,"Kansas City-Overland Park-Kansas City, MO-KS",Leavenworth County,Kansas,20,103,Outlying,20103,28140,Kansas City - MO
31140,,350,"Louisville/Jefferson County, KY-IN",Metropolitan Statistical Area,,"Louisville/Jefferson County--Elizabethtown, KY-IN",Henry County,Kentucky,21,103,Outlying,21103,31140,Louisville - KY
43640,,406,"Slidell-Mandeville-Covington, LA",Metropolitan Statistical Area,,"New Orleans-Metairie-Slidell, LA-MS",St. Tammany Parish,Louisiana,22,103,Central,22103,43640,#N/A
32100,,,"Marquette, MI",Micropolitan Statistical Area,,,Marquette County,Michigan,26,103,Central,26103,32100,#N/A
31860,,359,"Mankato, MN",Metropolitan Statistical Area,,"Mankato-New Ulm, MN",Nicollet County,Minnesota,27,103,Central,27103,31860,#N/A
18060,,523,"Columbus, MS",Micropolitan Statistical Area,,"Starkville-Columbus, MS",Noxubee County,Mississippi,28,103,Outlying,28103,18060,#N/A
35620,35004,408,"New York-Newark-Jersey City, NY-NJ",Metropolitan Statistical Area,"Nassau County-Suffolk County, NY","New York-Newark, NY-NJ-CT-PA",Suffolk County,New York,36,103,Central,36103,35004,New York - NY
35100,,404,"New Bern, NC",Micropolitan Statistical Area,,"New Bern-Morehead City, NC",Jones County,North Carolina,37,103,Outlying,37103,35100,#N/A
17410,,184,"Cleveland, OH",Metropolitan Statistical Area,,"Cleveland-Akron-Canton, OH",Medina County,Ohio,39,103,Central,39103,17410,Cleveland - OH
25770,,408,"Hemlock Farms, PA",Micropolitan Statistical Area,,"New York-Newark, NY-NJ-CT-PA",Pike County,Pennsylvania,42,103,Central,42103,25770,#N/A
39660,,452,"Rapid City, SD",Metropolitan Statistical Area,,"Rapid City-Spearfish, SD",Pennington County,South Dakota,46,103,Central,46103,39660,#N/A
22190,,290,"Fayetteville, TN",Micropolitan Statistical Area,,"Huntsville-Decatur-Albertville, AL-TN",Lincoln County,Tennessee,47,103,Central,47103,22190,#N/A
41980,,490,"San Juan-Bayamón-Caguas, PR",Metropolitan Statistical Area,,"San Juan-Bayamón, PR",Naguabo Municipio,Puerto Rico,72,103,Outlying,72103,41980,#N/A
30780,,340,"Little Rock-North Little Rock-Conway, AR",Metropolitan Statistical Area,,"Little Rock-North Little Rock, AR",Perry County,Arkansas,5,105,Outlying,5105,30780,Little Rock - AR
29460,,422,"Lakeland-Winter Haven, FL",Metropolitan Statistical Area,,"Orlando-Lakeland-Deltona, FL",Polk County,Florida,12,105,Central,12105,29460,Lakeland - FL
38700,,145,"Pontiac, IL",Micropolitan Statistical Area,,"Bloomington-Pontiac, IL",Livingston County,Illinois,17,105,Central,17105,38700,#N/A
14020,,144,"Bloomington, IN",Metropolitan Statistical Area,,"Bloomington-Bedford, IN",Monroe County,Indiana,18,105,Central,18105,14020,#N/A
16300,,168,"Cedar Rapids, IA",Metropolitan Statistical Area,,"Cedar Rapids-Iowa City, IA",Jones County,Iowa,19,105,Outlying,19105,16300,#N/A
25220,,132,"Hammond, LA",Metropolitan Statistical Area,,"Baton Rouge-Hammond, LA",Tangipahoa Parish,Louisiana,22,105,Central,22105,25220,#N/A
31220,,,"Ludington, MI",Micropolitan Statistical Area,,,Mason County,Michigan,26,105,Central,26105,31220,#N/A
49380,,,"Worthington, MN",Micropolitan Statistical Area,,,Nobles County,Minnesota,27,105,Central,27105,49380,#N/A
44260,,523,"Starkville, MS",Micropolitan Statistical Area,,"Starkville-Columbus, MS",Oktibbeha County,Mississippi,28,105,Central,28105,44260,#N/A
30060,,,"Lebanon, MO",Micropolitan Statistical Area,,,Laclede County,Missouri,29,105,Central,29105,30060,#N/A
33910,,408,"Monticello, NY",Micropolitan Statistical Area,,"New York-Newark, NY-NJ-CT-PA",Sullivan County,New York,36,105,Central,36105,33910,#N/A
41820,,450,"Sanford, NC",Micropolitan Statistical Area,,"Raleigh-Durham-Cary, NC",Lee County,North Carolina,37,105,Central,37105,41820,#N/A
48780,,,"Williston, ND",Micropolitan Statistical Area,,,Williams County,North Dakota,38,105,Central,38105,48780,#N/A
28940,,315,"Knoxville, TN",Metropolitan Statistical Area,,"Knoxville-Morristown-Sevierville, TN",Loudon County,Tennessee,47,105,Central,47105,28940,Knoxville - TN
37620,,425,"Parkersburg-Vienna, WV",Metropolitan Statistical Area,,"Parkersburg-Marietta-Vienna, WV-OH",Wirt County,West Virginia,54,105,Outlying,54105,37620,#N/A
27500,,357,"Janesville-Beloit, WI",Metropolitan Statistical Area,,"Madison-Janesville-Beloit, WI",Rock County,Wisconsin,55,105,Central,55105,27500,#N/A
41980,,490,"San Juan-Bayamón-Caguas, PR",Metropolitan Statistical Area,,"San Juan-Bayamón, PR",Naranjito Municipio,Puerto Rico,72,105,Central,72105,41980,#N/A
46220,,,"Tuscaloosa, AL",Metropolitan Statistical Area,,,Pickens County,Alabama,1,107,Outlying,1107,46220,#N/A
47300,,,"Visalia, CA",Metropolitan Statistical Area,,,Tulare County,California,6,107,Central,6107,47300,#N/A
44460,,,"Steamboat Springs, CO",Micropolitan Statistical Area,,,Routt County,Colorado,8,107,Central,8107,44460,#N/A
37260,,300,"Palatka, FL",Micropolitan Statistical Area,,"Jacksonville-Kingsland-Palatka, FL-GA",Putnam County,Florida,12,107,Central,12107,37260,#N/A
30660,,522,"Lincoln, IL",Micropolitan Statistical Area,,"Springfield-Jacksonville-Lincoln, IL",Logan County,Illinois,17,107,Central,17107,30660,#N/A
18820,,294,"Crawfordsville, IN",Micropolitan Statistical Area,,"Indianapolis-Carmel-Muncie, IN",Montgomery County,Indiana,18,107,Central,18107,18820,#N/A
28140,,312,"Kansas City, MO-KS",Metropolitan Statistical Area,,"Kansas City-Overland Park-Kansas City, MO-KS",Linn County,Kansas,20,107,Outlying,20107,28140,Kansas City - MO
31580,,,"Madisonville, KY",Micropolitan Statistical Area,,,Hopkins County,Kentucky,21,107,Central,21107,31580,#N/A
13660,,266,"Big Rapids, MI",Micropolitan Statistical Area,,"Grand Rapids-Wyoming, MI",Mecosta County,Michigan,26,107,Central,26107,13660,#N/A
28140,,312,"Kansas City, MO-KS",Metropolitan Statistical Area,,"Kansas City-Overland Park-Kansas City, MO-KS",Lafayette County,Missouri,29,107,Outlying,29107,28140,Kansas City - MO
13780,,,"Binghamton, NY",Metropolitan Statistical Area,,,Tioga County,New York,36,107,Central,36107,13780,#N/A
28820,,,"Kinston, NC",Micropolitan Statistical Area,,,Lenoir County,North Carolina,37,107,Central,37107,28820,#N/A
16380,,338,"Celina, OH",Micropolitan Statistical Area,,"Lima-Van Wert-Celina, OH",Mercer County,Ohio,39,107,Central,39107,16380,#N/A
39060,,,"Pottsville, PA",Micropolitan Statistical Area,,,Schuylkill County,Pennsylvania,42,107,Central,42107,39060,#N/A
11940,,174,"Athens, TN",Micropolitan Statistical Area,,"Chattanooga-Cleveland-Dalton, TN-GA-AL",McMinn County,Tennessee,47,107,Central,47107,11940,#N/A
31180,,352,"Lubbock, TX",Metropolitan Statistical Area,,"Lubbock-Plainview, TX",Crosby County,Texas,48,107,Outlying,48107,31180,#N/A
47900,11694,548,"Washington-Arlington-Alexandria, DC-VA-MD-WV",Metropolitan Statistical Area,"Arlington-Alexandria-Reston, VA-WV","Washington-Baltimore-Arlington, DC-MD-VA-WV-PA",Loudoun County,Virginia,51,107,Central,51107,11694,Washington - DC
37620,,425,"Parkersburg-Vienna, WV",Metropolitan Statistical Area,,"Parkersburg-Marietta-Vienna, WV-OH",Wood County,West Virginia,54,107,Central,54107,37620,#N/A
41980,,490,"San Juan-Bayamón-Caguas, PR",Metropolitan Statistical Area,,"San Juan-Bayamón, PR",Orocovis Municipio,Puerto Rico,72,107,Central,72107,41980,#N/A
45980,,,"Troy, AL",Micropolitan Statistical Area,,,Pike County,Alabama,1,109,Central,1109,45980,#N/A
43760,,,"Sonora, CA",Micropolitan Statistical Area,,,Tuolumne County,California,6,109,Central,6109,43760,#N/A
27260,,300,"Jacksonville, FL",Metropolitan Statistical Area,,"Jacksonville-Kingsland-Palatka, FL-GA",St. Johns County,Florida,12,109,Central,12109,27260,Jacksonville - NC
44340,,496,"Statesboro, GA",Micropolitan Statistical Area,,"Savannah-Hinesville-Statesboro, GA",Evans County,Georgia,13,109,Outlying,13109,44340,#N/A
31380,,,"Macomb, IL",Micropolitan Statistical Area,,,McDonough County,Illinois,17,109,Central,17109,31380,#N/A
26900,,294,"Indianapolis-Carmel-Greenwood, IN",Metropolitan Statistical Area,,"Indianapolis-Carmel-Muncie, IN",Morgan County,Indiana,18,109,Central,18109,26900,Indianapolis - IN
26380,,,"Houma-Bayou Cane-Thibodaux, LA",Metropolitan Statistical Area,,,Terrebonne Parish,Louisiana,22,109,Central,22109,26380,#N/A
31940,,361,"Marinette, WI-MI",Micropolitan Statistical Area,,"Marinette-Iron Mountain, WI-MI",Menominee County,Michigan,26,109,Central,26109,31940,#N/A
40340,,462,"Rochester, MN",Metropolitan Statistical Area,,"Rochester-Austin-Winona, MN",Olmsted County,Minnesota,27,109,Central,27109,40340,#N/A
38100,,406,"Picayune, MS",Micropolitan Statistical Area,,"New Orleans-Metairie-Slidell, LA-MS",Pearl River County,Mississippi,28,109,Central,28109,38100,#N/A
30700,,339,"Lincoln, NE",Metropolitan Statistical Area,,"Lincoln-Beatrice, NE",Lancaster County,Nebraska,31,109,Central,31109,30700,Lincoln - NE
27060,,296,"Ithaca, NY",Metropolitan Statistical Area,,"Ithaca-Cortland, NY",Tompkins County,New York,36,109,Central,36109,27060,#N/A
16740,,172,"Charlotte-Concord-Gastonia, NC-SC",Metropolitan Statistical Area,,"Charlotte-Concord, NC-SC",Lincoln County,North Carolina,37,109,Outlying,37109,16740,Charlotte - NC
19430,,212,"Dayton-Kettering-Beavercreek, OH",Metropolitan Statistical Area,,"Dayton-Springfield-Kettering, OH",Miami County,Ohio,39,109,Outlying,39109,19430,Dayton - OH
36420,,416,"Oklahoma City, OK",Metropolitan Statistical Area,,"Oklahoma City-Shawnee, OK",Oklahoma County,Oklahoma,40,109,Central,40109,36420,Oklahoma City - OK
42780,,146,"Selinsgrove, PA",Micropolitan Statistical Area,,"Bloomsburg-Berwick-Sunbury, PA",Snyder County,Pennsylvania,42,109,Central,42109,42780,#N/A
33460,,378,"Minneapolis-St. Paul-Bloomington, MN-WI",Metropolitan Statistical Area,,"Minneapolis-St. Paul, MN-WI",St. Croix County,Wisconsin,55,109,Outlying,55109,33460,Minneapolis - MN
25020,,490,"Guayama, PR",Metropolitan Statistical Area,,"San Juan-Bayamón, PR",Patillas Municipio,Puerto Rico,72,109,Central,72109,25020,#N/A
27940,,,"Juneau, AK",Micropolitan Statistical Area,,,Juneau City and Borough,Alaska,2,110,Central,2110,27940,#N/A
25540,,405,"Hartford-West Hartford-East Hartford, CT",Metropolitan Statistical Area,,"New Haven-Hartford-Waterbury, CT",Capitol Planning Region,Connecticut,9,110,Central,9110,25540,Hartford - CT
27860,,308,"Jonesboro, AR",Metropolitan Statistical Area,,"Jonesboro-Paragould, AR",Poinsett County,Arkansas,5,111,Outlying,5111,27860,#N/A
37100,,348,"Oxnard-Thousand Oaks-Ventura, CA",Metropolitan Statistical Area,,"Los Angeles-Long Beach, CA",Ventura County,California,6,111,Central,6111,37100,Ventura - CA
38940,,370,"Port St. Lucie, FL",Metropolitan Statistical Area,,"Miami-Port St. Lucie-Fort Lauderdale, FL",St. Lucie County,Florida,12,111,Central,12111,38940,#N/A
16980,16984,176,"Chicago-Naperville-Elgin, IL-IN",Metropolitan Statistical Area,"Chicago-Naperville-Schaumburg, IL","Chicago-Naperville, IL-IN-WI",McHenry County,Illinois,17,111,Central,17111,16984,Chicago - IL
16980,29414,176,"Chicago-Naperville-Elgin, IL-IN",Metropolitan Statistical Area,"Lake County-Porter County-Jasper County, IN","Chicago-Naperville, IL-IN-WI",Newton County,Indiana,18,111,Outlying,18111,29414,Chicago - IL
22800,,161,"Fort Madison, IA",Micropolitan Statistical Area,,"Burlington-Fort Madison, IA-IL",Lee County,Iowa,19,111,Central,19111,22800,#N/A
21380,,,"Emporia, KS",Micropolitan Statistical Area,,,Lyon County,Kansas,20,111,Central,20111,21380,#N/A
31140,,350,"Louisville/Jefferson County, KY-IN",Metropolitan Statistical Area,,"Louisville/Jefferson County--Elizabethtown, KY-IN",Jefferson County,Kentucky,21,111,Central,21111,31140,Louisville - KY
33740,,384,"Monroe, LA",Metropolitan Statistical Area,,"Monroe-Ruston, LA",Union Parish,Louisiana,22,111,Outlying,22111,33740,#N/A
33220,,474,"Midland, MI",Metropolitan Statistical Area,,"Saginaw-Midland-Bay City, MI",Midland County,Michigan,26,111,Central,26111,33220,#N/A
22260,,,"Fergus Falls, MN",Micropolitan Statistical Area,,,Otter Tail County,Minnesota,27,111,Central,27111,22260,#N/A
25620,,279,"Hattiesburg, MS",Metropolitan Statistical Area,,"Hattiesburg-Laurel, MS",Perry County,Mississippi,28,111,Outlying,28111,25620,#N/A
39500,,448,"Quincy, IL-MO",Micropolitan Statistical Area,,"Quincy-Hannibal, IL-MO",Lewis County,Missouri,29,111,Outlying,29111,39500,#N/A
13740,,,"Billings, MT",Metropolitan Statistical Area,,,Yellowstone County,Montana,30,111,Central,30111,13740,#N/A
35820,,,"North Platte, NE",Micropolitan Statistical Area,,,Lincoln County,Nebraska,31,111,Central,31111,35820,#N/A
28740,,408,"Kingston, NY",Metropolitan Statistical Area,,"New York-Newark, NY-NJ-CT-PA",Ulster County,New York,36,111,Central,36111,28740,#N/A
32000,,172,"Marion, NC",Micropolitan Statistical Area,,"Charlotte-Concord, NC-SC",McDowell County,North Carolina,37,111,Central,37111,32000,#N/A
46140,,538,"Tulsa, OK",Metropolitan Statistical Area,,"Tulsa-Bartlesville-Muskogee, OK",Okmulgee County,Oklahoma,40,111,Outlying,40111,46140,Tulsa - OK
43740,,306,"Somerset, PA",Micropolitan Statistical Area,,"Johnstown-Somerset, PA",Somerset County,Pennsylvania,42,111,Central,42111,43740,#N/A
33580,,,"Mitchell, SD",Micropolitan Statistical Area,,,Sanborn County,South Dakota,46,111,Outlying,46111,33580,#N/A
34980,,400,"Nashville-Davidson--Murfreesboro--Franklin, TN",Metropolitan Statistical Area,,"Nashville-Davidson--Murfreesboro, TN",Macon County,Tennessee,47,111,Outlying,47111,34980,Nashville - TN
12660,,357,"Baraboo, WI",Micropolitan Statistical Area,,"Madison-Janesville-Beloit, WI",Sauk County,Wisconsin,55,111,Central,55111,12660,#N/A
38660,,434,"Ponce, PR",Metropolitan Statistical Area,,"Ponce-Coamo, PR",Peñuelas Municipio,Puerto Rico,72,111,Outlying,72111,38660,#N/A
17980,,194,"Columbus, GA-AL",Metropolitan Statistical Area,,"Columbus-Auburn-Opelika, GA-AL",Russell County,Alabama,1,113,Central,1113,17980,#N/A
40900,,472,"Sacramento-Roseville-Folsom, CA",Metropolitan Statistical Area,,"Sacramento-Roseville, CA",Yolo County,California,6,113,Outlying,6113,40900,Sacramento - CA
37860,,,"Pensacola-Ferry Pass-Brent, FL",Metropolitan Statistical Area,,,Santa Rosa County,Florida,12,113,Central,12113,37860,#N/A
12060,12054,122,"Atlanta-Sandy Springs-Roswell, GA",Metropolitan Statistical Area,"Atlanta-Sandy Springs-Roswell, GA","Atlanta--Athens-Clarke County--Sandy Springs, GA-AL",Fayette County,Georgia,13,113,Central,13113,12054,Atlanta - GA
14010,,145,"Bloomington, IL",Metropolitan Statistical Area,,"Bloomington-Pontiac, IL",McLean County,Illinois,17,113,Central,17113,14010,#N/A
28340,,258,"Kendallville, IN",Micropolitan Statistical Area,,"Fort Wayne-Huntington-Auburn, IN",Noble County,Indiana,18,113,Central,18113,28340,#N/A
16300,,168,"Cedar Rapids, IA",Metropolitan Statistical Area,,"Cedar Rapids-Iowa City, IA",Linn County,Iowa,19,113,Central,19113,16300,#N/A
32700,,,"McPherson, KS",Micropolitan Statistical Area,,,McPherson County,Kansas,20,113,Central,20113,32700,#N/A
30460,,336,"Lexington-Fayette, KY",Metropolitan Statistical Area,,"Lexington-Fayette--Richmond--Frankfort, KY",Jessamine County,Kentucky,21,113,Outlying,21113,30460,Lexington - KY
29180,,318,"Lafayette, LA",Metropolitan Statistical Area,,"Lafayette-New Iberia-Opelousas, LA",Vermilion Parish,Louisiana,22,113,Outlying,22113,29180,#N/A
15620,,,"Cadillac, MI",Micropolitan Statistical Area,,,Missaukee County,Michigan,26,113,Outlying,26113,15620,#N/A
32620,,,"McComb, MS",Micropolitan Statistical Area,,,Pike County,Mississippi,28,113,Central,28113,32620,#N/A
41180,,476,"St. Louis, MO-IL",Metropolitan Statistical Area,,"St. Louis-St. Charles-Farmington, MO-IL",Lincoln County,Missouri,29,113,Outlying,29113,41180,Saint Louis - MO
35820,,,"North Platte, NE",Micropolitan Statistical Area,,,Logan County,Nebraska,31,113,Outlying,31113,35820,#N/A
24020,,104,"Glens Falls, NY",Metropolitan Statistical Area,,"Albany-Schenectady, NY",Warren County,New York,36,113,Central,36113,24020,#N/A
19430,,212,"Dayton-Kettering-Beavercreek, OH",Metropolitan Statistical Area,,"Dayton-Springfield-Kettering, OH",Montgomery County,Ohio,39,113,Central,39113,19430,Dayton - OH
46140,,538,"Tulsa, OK",Metropolitan Statistical Area,,"Tulsa-Bartlesville-Muskogee, OK",Osage County,Oklahoma,40,113,Central,40113,46140,Tulsa - OK
27180,,,"Jackson, TN",Metropolitan Statistical Area,,,Madison County,Tennessee,47,113,Central,47113,27180,#N/A
19100,19124,206,"Dallas-Fort Worth-Arlington, TX",Metropolitan Statistical Area,"Dallas-Plano-Irving, TX","Dallas-Fort Worth, TX-OK",Dallas County,Texas,48,113,Central,48113,19124,Dallas-Fort Worth - TX
38660,,434,"Ponce, PR",Metropolitan Statistical Area,,"Ponce-Coamo, PR",Ponce Municipio,Puerto Rico,72,113,Central,72113,38660,#N/A
13820,,142,"Birmingham, AL",Metropolitan Statistical Area,,"Birmingham-Cullman-Talladega, AL",St. Clair County,Alabama,1,115,Central,1115,13820,Birmingham - AL
40780,,,"Russellville, AR",Micropolitan Statistical Area,,,Pope County,Arkansas,5,115,Central,5115,40780,#N/A
49700,,472,"Yuba City, CA",Metropolitan Statistical Area,,"Sacramento-Roseville, CA",Yuba County,California,6,115,Central,6115,49700,#N/A
35840,,412,"North Port-Bradenton-Sarasota, FL",Metropolitan Statistical Area,,"North Port-Bradenton, FL",Sarasota County,Florida,12,115,Central,12115,35840,Sarasota - FL
40660,,122,"Rome, GA",Metropolitan Statistical Area,,"Atlanta--Athens-Clarke County--Sandy Springs, GA-AL",Floyd County,Georgia,13,115,Central,13115,40660,#N/A
19500,,,"Decatur, IL",Metropolitan Statistical Area,,,Macon County,Illinois,17,115,Central,17115,19500,#N/A
17140,,178,"Cincinnati, OH-KY-IN",Metropolitan Statistical Area,,"Cincinnati-Wilmington, OH-KY-IN",Ohio County,Indiana,18,115,Outlying,18115,17140,Cincinnati - OH
33780,,220,"Monroe, MI",Metropolitan Statistical Area,,"Detroit-Warren-Ann Arbor, MI",Monroe County,Michigan,26,115,Central,26115,33780,#N/A
24020,,104,"Glens Falls, NY",Metropolitan Statistical Area,,"Albany-Schenectady, NY",Washington County,New York,36,115,Central,36115,24020,#N/A
11700,,120,"Asheville, NC",Metropolitan Statistical Area,,"Asheville-Waynesville-Brevard, NC",Madison County,North Carolina,37,115,Outlying,37115,11700,#N/A
33060,,309,"Miami, OK",Micropolitan Statistical Area,,"Joplin-Miami, MO-OK-KS",Ottawa County,Oklahoma,40,115,Central,40115,33060,#N/A
16860,,174,"Chattanooga, TN-GA",Metropolitan Statistical Area,,"Chattanooga-Cleveland-Dalton, TN-GA-AL",Marion County,Tennessee,47,115,Outlying,47115,16860,Chattanooga - TN
47260,,545,"Virginia Beach-Chesapeake-Norfolk, VA-NC",Metropolitan Statistical Area,,"Virginia Beach-Chesapeake, VA-NC",Mathews County,Virginia,51,115,Outlying,51115,47260,Norfolk - VA
43020,,267,"Shawano, WI",Micropolitan Statistical Area,,"Green Bay-Shawano, WI",Shawano County,Wisconsin,55,115,Central,55115,43020,#N/A
11640,,490,"Arecibo, PR",Metropolitan Statistical Area,,"San Juan-Bayamón, PR",Quebradillas Municipio,Puerto Rico,72,115,Central,72115,11640,#N/A
13820,,142,"Birmingham, AL",Metropolitan Statistical Area,,"Birmingham-Cullman-Talladega, AL",Shelby County,Alabama,1,117,Central,1117,13820,Birmingham - AL
14720,,,"Breckenridge, CO",Micropolitan Statistical Area,,,Summit County,Colorado,8,117,Central,8117,14720,#N/A
36740,,422,"Orlando-Kissimmee-Sanford, FL",Metropolitan Statistical Area,,"Orlando-Lakeland-Deltona, FL",Seminole County,Florida,12,117,Central,12117,36740,Orlando - FL
12060,12054,122,"Atlanta-Sandy Springs-Roswell, GA",Metropolitan Statistical Area,"Atlanta-Sandy Springs-Roswell, GA","Atlanta--Athens-Clarke County--Sandy Springs, GA-AL",Forsyth County,Georgia,13,117,Central,13117,12054,Atlanta - GA
41180,,476,"St. Louis, MO-IL",Metropolitan Statistical Area,,"St. Louis-St. Charles-Farmington, MO-IL",Macoupin County,Illinois,17,117,Outlying,17117,41180,Saint Louis - MO
17140,,178,"Cincinnati, OH-KY-IN",Metropolitan Statistical Area,,"Cincinnati-Wilmington, OH-KY-IN",Kenton County,Kentucky,21,117,Central,21117,17140,Cincinnati - OH
14220,,406,"Bogalusa, LA",Micropolitan Statistical Area,,"New Orleans-Metairie-Slidell, LA-MS",Washington Parish,Louisiana,22,117,Central,22117,14220,#N/A
24340,,266,"Grand Rapids-Wyoming-Kentwood, MI",Metropolitan Statistical Area,,"Grand Rapids-Wyoming, MI",Montcalm County,Michigan,26,117,Outlying,26117,24340,Grand Rapids - MI
46180,,539,"Tupelo, MS",Micropolitan Statistical Area,,"Tupelo-Corinth, MS",Prentiss County,Mississippi,28,117,Outlying,28117,46180,#N/A
40380,,464,"Rochester, NY",Metropolitan Statistical Area,,"Rochester-Batavia-Seneca Falls, NY",Wayne County,New York,36,117,Outlying,36117,40380,Rochester - NY
18140,,198,"Columbus, OH",Metropolitan Statistical Area,,"Columbus-Marion-Zanesville, OH",Morrow County,Ohio,39,117,Outlying,39117,18140,Columbus - OH
46140,,538,"Tulsa, OK",Metropolitan Statistical Area,,"Tulsa-Bartlesville-Muskogee, OK",Pawnee County,Oklahoma,40,117,Outlying,40117,46140,Tulsa - OK
38180,,,"Pierre, SD",Micropolitan Statistical Area,,,Stanley County,South Dakota,46,117,Central,46117,38180,#N/A
30280,,400,"Lewisburg, TN",Micropolitan Statistical Area,,"Nashville-Davidson--Murfreesboro, TN",Marshall County,Tennessee,47,117,Central,47117,30280,#N/A
25820,,,"Hereford, TX",Micropolitan Statistical Area,,,Deaf Smith County,Texas,48,117,Central,48117,25820,#N/A
43100,,,"Sheboygan, WI",Metropolitan Statistical Area,,,Sheboygan County,Wisconsin,55,117,Central,55117,43100,#N/A
10380,,364,"Aguadilla, PR",Metropolitan Statistical Area,,"Mayagüez-Aguadilla, PR",Rincón Municipio,Puerto Rico,72,117,Central,72117,10380,#N/A
30780,,340,"Little Rock-North Little Rock-Conway, AR",Metropolitan Statistical Area,,"Little Rock-North Little Rock, AR",Pulaski County,Arkansas,5,119,Central,5119,30780,Little Rock - AR
17820,,,"Colorado Springs, CO",Metropolitan Statistical Area,,,Teller County,Colorado,8,119,Outlying,8119,17820,Colorado Springs - CO
48680,,422,"Wildwood-The Villages, FL",Metropolitan Statistical Area,,"Orlando-Lakeland-Deltona, FL",Sumter County,Florida,12,119,Central,12119,48680,#N/A
41180,,476,"St. Louis, MO-IL",Metropolitan Statistical Area,,"St. Louis-St. Charles-Farmington, MO-IL",Madison County,Illinois,17,119,Central,17119,41180,Saint Louis - MO
14020,,144,"Bloomington, IN",Metropolitan Statistical Area,,"Bloomington-Bedford, IN",Owen County,Indiana,18,119,Outlying,18119,14020,#N/A
33380,,508,"Minden, LA",Micropolitan Statistical Area,,"Shreveport-Bossier City-Minden, LA",Webster Parish,Louisiana,22,119,Central,22119,33380,#N/A
24220,,,"Grand Forks, ND-MN",Metropolitan Statistical Area,,,Polk County,Minnesota,27,119,Central,27119,24220,#N/A
35740,,,"Norfolk, NE",Micropolitan Statistical Area,,,Madison County,Nebraska,31,119,Central,31119,35740,#N/A
35620,35614,408,"New York-Newark-Jersey City, NY-NJ",Metropolitan Statistical Area,"New York-Jersey City-White Plains, NY-NJ","New York-Newark, NY-NJ-CT-PA",Westchester County,New York,36,119,Central,36119,35614,New York - NY
16740,,172,"Charlotte-Concord-Gastonia, NC-SC",Metropolitan Statistical Area,,"Charlotte-Concord, NC-SC",Mecklenburg County,North Carolina,37,119,Central,37119,16740,Charlotte - NC
49780,,198,"Zanesville, OH",Micropolitan Statistical Area,,"Columbus-Marion-Zanesville, OH",Muskingum County,Ohio,39,119,Central,39119,49780,#N/A
44660,,,"Stillwater, OK",Micropolitan Statistical Area,,,Payne County,Oklahoma,40,119,Central,40119,44660,#N/A
30260,,146,"Lewisburg, PA",Micropolitan Statistical Area,,"Bloomsburg-Berwick-Sunbury, PA",Union County,Pennsylvania,42,119,Central,42119,30260,#N/A
34980,,400,"Nashville-Davidson--Murfreesboro--Franklin, TN",Metropolitan Statistical Area,,"Nashville-Davidson--Murfreesboro, TN",Maury County,Tennessee,47,119,Outlying,47119,34980,Nashville - TN
41980,,490,"San Juan-Bayamón-Caguas, PR",Metropolitan Statistical Area,,"San Juan-Bayamón, PR",Río Grande Municipio,Puerto Rico,72,119,Central,72119,41980,#N/A
14860,,408,"Bridgeport-Stamford-Danbury, CT",Metropolitan Statistical Area,,"New York-Newark, NY-NJ-CT-PA",Greater Bridgeport Planning Region,Connecticut,9,120,Central,9120,14860,#N/A
45180,,142,"Talladega-Sylacauga, AL",Micropolitan Statistical Area,,"Birmingham-Cullman-Talladega, AL",Talladega County,Alabama,1,121,Central,1121,45180,#N/A
12060,12054,122,"Atlanta-Sandy Springs-Roswell, GA",Metropolitan Statistical Area,"Atlanta-Sandy Springs-Roswell, GA","Atlanta--Athens-Clarke County--Sandy Springs, GA-AL",Fulton County,Georgia,13,121,Central,13121,12054,Atlanta - GA
16460,,476,"Centralia, IL",Micropolitan Statistical Area,,"St. Louis-St. Charles-Farmington, MO-IL",Marion County,Illinois,17,121,Central,17121,16460,#N/A
19780,,218,"Des Moines-West Des Moines, IA",Metropolitan Statistical Area,,"Des Moines-West Des Moines-Ames, IA",Madison County,Iowa,19,121,Outlying,19121,19780,Des Moines - IA
28140,,312,"Kansas City, MO-KS",Metropolitan Statistical Area,,"Kansas City-Overland Park-Kansas City, MO-KS",Miami County,Kansas,20,121,Outlying,20121,28140,Kansas City - MO
18340,,371,"Corbin, KY",Micropolitan Statistical Area,,"Middlesborough-Corbin, KY",Knox County,Kentucky,21,121,Central,21121,18340,#N/A
12940,,132,"Baton Rouge, LA",Metropolitan Statistical Area,,"Baton Rouge-Hammond, LA",West Baton Rouge Parish,Louisiana,22,121,Central,22121,12940,Baton Rouge - LA
34740,,266,"Muskegon-Norton Shores, MI",Metropolitan Statistical Area,,"Grand Rapids-Wyoming, MI",Muskegon County,Michigan,26,121,Central,26121,34740,#N/A
27140,,298,"Jackson, MS",Metropolitan Statistical Area,,"Jackson-Vicksburg-Brookhaven, MS",Rankin County,Mississippi,28,121,Central,28121,27140,Jackson - MS
24260,,,"Grand Island, NE",Metropolitan Statistical Area,,,Merrick County,Nebraska,31,121,Outlying,31121,24260,#N/A
32540,,,"McAlester, OK",Micropolitan Statistical Area,,,Pittsburg County,Oklahoma,40,121,Central,40121,32540,#N/A
36340,,,"Oil City, PA",Micropolitan Statistical Area,,,Venango County,Pennsylvania,42,121,Central,42121,36340,#N/A
11940,,174,"Athens, TN",Micropolitan Statistical Area,,"Chattanooga-Cleveland-Dalton, TN-GA-AL",Meigs County,Tennessee,47,121,Outlying,47121,11940,#N/A
19100,19124,206,"Dallas-Fort Worth-Arlington, TX",Metropolitan Statistical Area,"Dallas-Plano-Irving, TX","Dallas-Fort Worth, TX-OK",Denton County,Texas,48,121,Outlying,48121,19124,Dallas-Fort Worth - TX
13980,,,"Blacksburg-Christiansburg-Radford, VA",Metropolitan Statistical Area,,,Montgomery County,Virginia,51,121,Central,51121,13980,#N/A
32420,,364,"Mayagüez, PR",Metropolitan Statistical Area,,"Mayagüez-Aguadilla, PR",Sabana Grande Municipio,Puerto Rico,72,121,Central,72121,32420,#N/A
10760,,194,"Alexander City, AL",Micropolitan Statistical Area,,"Columbus-Auburn-Opelika, GA-AL",Tallapoosa County,Alabama,1,123,Central,1123,10760,#N/A
22620,,368,"Forrest City, AR",Micropolitan Statistical Area,,"Memphis-Clarksdale-Forrest City, TN-MS-AR",St. Francis County,Arkansas,5,123,Central,5123,22620,#N/A
24540,,216,"Greeley, CO",Metropolitan Statistical Area,,"Denver-Aurora-Greeley, CO",Weld County,Colorado,8,123,Central,8123,24540,#N/A
37900,,427,"Peoria, IL",Metropolitan Statistical Area,,"Peoria-Canton, IL",Marshall County,Illinois,17,123,Outlying,17123,37900,#N/A
36820,,218,"Oskaloosa, IA",Micropolitan Statistical Area,,"Des Moines-West Des Moines-Ames, IA",Mahaska County,Iowa,19,123,Central,19123,36820,#N/A
21060,,350,"Elizabethtown, KY",Metropolitan Statistical Area,,"Louisville/Jefferson County--Elizabethtown, KY-IN",Larue County,Kentucky,21,123,Outlying,21123,21060,#N/A
33460,,378,"Minneapolis-St. Paul-Bloomington, MN-WI",Metropolitan Statistical Area,,"Minneapolis-St. Paul, MN-WI",Ramsey County,Minnesota,27,123,Central,27123,33460,Minneapolis - MN
27140,,298,"Jackson, MS",Metropolitan Statistical Area,,"Jackson-Vicksburg-Brookhaven, MS",Scott County,Mississippi,28,123,Outlying,28123,27140,Jackson - MS
41780,,184,"Sandusky, OH",Metropolitan Statistical Area,,"Cleveland-Akron-Canton, OH",Ottawa County,Ohio,39,123,Central,39123,41780,#N/A
10220,,,"Ada, OK",Micropolitan Statistical Area,,,Pontotoc County,Oklahoma,40,123,Central,40123,10220,#N/A
47620,,,"Warren, PA",Micropolitan Statistical Area,,,Warren County,Pennsylvania,42,123,Central,42123,47620,#N/A
29100,,317,"La Crosse-Onalaska, WI-MN",Metropolitan Statistical Area,,"La Crosse-Onalaska-Sparta, WI-MN",Vernon County,Wisconsin,55,123,Outlying,55123,29100,#N/A
17640,,490,"Coco, PR",Micropolitan Statistical Area,,"San Juan-Bayamón, PR",Salinas Municipio,Puerto Rico,72,123,Central,72123,17640,#N/A
46220,,,"Tuscaloosa, AL",Metropolitan Statistical Area,,,Tuscaloosa County,Alabama,1,125,Central,1125,46220,#N/A
30780,,340,"Little Rock-North Little Rock-Conway, AR",Metropolitan Statistical Area,,"Little Rock-North Little Rock, AR",Saline County,Arkansas,5,125,Central,5125,30780,Little Rock - AR
37800,,218,"Pella, IA",Micropolitan Statistical Area,,"Des Moines-West Des Moines-Ames, IA",Marion County,Iowa,19,125,Central,19125,37800,#N/A
18340,,371,"Corbin, KY",Micropolitan Statistical Area,,"Middlesborough-Corbin, KY",Laurel County,Kentucky,21,125,Central,21125,18340,#N/A
12940,,132,"Baton Rouge, LA",Metropolitan Statistical Area,,"Baton Rouge-Hammond, LA",West Feliciana Parish,Louisiana,22,125,Outlying,22125,12940,Baton Rouge - LA
19820,47664,220,"Detroit-Warren-Dearborn, MI",Metropolitan Statistical Area,"Warren-Troy-Farmington Hills, MI","Detroit-Warren-Ann Arbor, MI",Oakland County,Michigan,26,125,Central,26125,47664,Detroit - MI
38240,,246,"Pinehurst-Southern Pines, NC",Metropolitan Statistical Area,,"Fayetteville-Lumberton-Pinehurst, NC",Moore County,North Carolina,37,125,Central,37125,38240,#N/A
43060,,416,"Shawnee, OK",Micropolitan Statistical Area,,"Oklahoma City-Shawnee, OK",Pottawatomie County,Oklahoma,40,125,Central,40125,43060,#N/A
38300,,430,"Pittsburgh, PA",Metropolitan Statistical Area,,"Pittsburgh-Weirton-Steubenville, PA-OH-WV",Washington County,Pennsylvania,42,125,Central,42125,38300,Pittsburgh - PA
43620,,,"Sioux Falls, SD-MN",Metropolitan Statistical Area,,,Turner County,South Dakota,46,125,Outlying,46125,43620,#N/A
17300,,,"Clarksville, TN-KY",Metropolitan Statistical Area,,,Montgomery County,Tennessee,47,125,Central,47125,17300,#N/A
16820,,,"Charlottesville, VA",Metropolitan Statistical Area,,,Nelson County,Virginia,51,125,Outlying,51125,16820,#N/A
32420,,364,"Mayagüez, PR",Metropolitan Statistical Area,,"Mayagüez-Aguadilla, PR",San Germán Municipio,Puerto Rico,72,125,Central,72125,32420,#N/A
13820,,142,"Birmingham, AL",Metropolitan Statistical Area,,"Birmingham-Cullman-Talladega, AL",Walker County,Alabama,1,127,Outlying,1127,13820,Birmingham - AL
19660,,422,"Deltona-Daytona Beach-Ormond Beach, FL",Metropolitan Statistical Area,,"Orlando-Lakeland-Deltona, FL",Volusia County,Florida,12,127,Central,12127,19660,Daytona Beach - FL
15260,,,"Brunswick-St. Simons, GA",Metropolitan Statistical Area,,,Glynn County,Georgia,13,127,Central,13127,15260,#N/A
37140,,424,"Paducah, KY-IL",Metropolitan Statistical Area,,"Paducah-Mayfield, KY-IL",Massac County,Illinois,17,127,Outlying,17127,37140,#N/A
16980,29414,176,"Chicago-Naperville-Elgin, IL-IN",Metropolitan Statistical Area,"Lake County-Porter County-Jasper County, IN","Chicago-Naperville, IL-IN-WI",Porter County,Indiana,18,127,Central,18127,29414,Chicago - IL
32260,,,"Marshalltown, IA",Micropolitan Statistical Area,,,Marshall County,Iowa,19,127,Central,19127,32260,#N/A
26580,,170,"Huntington-Ashland, WV-KY-OH",Metropolitan Statistical Area,,"Charleston-Huntington-Ashland, WV-OH-KY",Lawrence County,Kentucky,21,127,Outlying,21127,26580,#N/A
27140,,298,"Jackson, MS",Metropolitan Statistical Area,,"Jackson-Vicksburg-Brookhaven, MS",Simpson County,Mississippi,28,127,Outlying,28127,27140,Jackson - MS
25300,,448,"Hannibal, MO",Micropolitan Statistical Area,,"Quincy-Hannibal, IL-MO",Marion County,Missouri,29,127,Central,29127,25300,#N/A
40580,,468,"Rocky Mount, NC",Metropolitan Statistical Area,,"Rocky Mount-Wilson-Roanoke Rapids, NC",Nash County,North Carolina,37,127,Central,37127,40580,#N/A
18140,,198,"Columbus, OH",Metropolitan Statistical Area,,"Columbus-Marion-Zanesville, OH",Perry County,Ohio,39,127,Outlying,39127,18140,Columbus - OH
43580,,512,"Sioux City, IA-NE-SD",Metropolitan Statistical Area,,"Sioux City-Le Mars, IA-NE-SD",Union County,South Dakota,46,127,Central,46127,43580,#N/A
46100,,400,"Tullahoma-Manchester, TN",Micropolitan Statistical Area,,"Nashville-Davidson--Murfreesboro, TN",Moore County,Tennessee,47,127,Outlying,47127,46100,#N/A
40060,,,"Richmond, VA",Metropolitan Statistical Area,,,New Kent County,Virginia,51,127,Outlying,51127,40060,Richmond - VA
48580,,376,"Whitewater-Elkhorn, WI",Micropolitan Statistical Area,,"Milwaukee-Racine-Waukesha, WI",Walworth County,Wisconsin,55,127,Central,55127,48580,#N/A
41980,,490,"San Juan-Bayamón-Caguas, PR",Metropolitan Statistical Area,,"San Juan-Bayamón, PR",San Juan Municipio,Puerto Rico,72,127,Central,72127,41980,#N/A
45220,,533,"Tallahassee, FL",Metropolitan Statistical Area,,"Tallahassee-Bainbridge, FL-GA",Wakulla County,Florida,12,129,Outlying,12129,45220,#N/A
15660,,122,"Calhoun, GA",Micropolitan Statistical Area,,"Atlanta--Athens-Clarke County--Sandy Springs, GA-AL",Gordon County,Georgia,13,129,Central,13129,15660,#N/A
44100,,522,"Springfield, IL",Metropolitan Statistical Area,,"Springfield-Jacksonville-Lincoln, IL",Menard County,Illinois,17,129,Outlying,17129,44100,#N/A
21780,,241,"Evansville, IN",Metropolitan Statistical Area,,"Evansville-Henderson, IN-KY",Posey County,Indiana,18,129,Outlying,18129,21780,#N/A
36540,,420,"Omaha, NE-IA",Metropolitan Statistical Area,,"Omaha-Fremont, NE-IA",Mills County,Iowa,19,129,Outlying,19129,36540,Omaha - NE
48900,,,"Wilmington, NC",Metropolitan Statistical Area,,,New Hanover County,North Carolina,37,129,Central,37129,48900,#N/A
18140,,198,"Columbus, OH",Metropolitan Statistical Area,,"Columbus-Marion-Zanesville, OH",Pickaway County,Ohio,39,129,Outlying,39129,18140,Columbus - OH
38300,,430,"Pittsburgh, PA",Metropolitan Statistical Area,,"Pittsburgh-Weirton-Steubenville, PA-OH-WV",Westmoreland County,Pennsylvania,42,129,Central,42129,38300,Pittsburgh - PA
28940,,315,"Knoxville, TN",Metropolitan Statistical Area,,"Knoxville-Morristown-Sevierville, TN",Morgan County,Tennessee,47,129,Outlying,47129,28940,Knoxville - TN
41980,,490,"San Juan-Bayamón-Caguas, PR",Metropolitan Statistical Area,,"San Juan-Bayamón, PR",San Lorenzo Municipio,Puerto Rico,72,129,Central,72129,41980,#N/A
28540,,,"Ketchikan, AK",Micropolitan Statistical Area,,,Ketchikan Gateway Borough,Alaska,2,130,Central,2130,28540,#N/A
25540,,405,"Hartford-West Hartford-East Hartford, CT",Metropolitan Statistical Area,,"New Haven-Hartford-Waterbury, CT",Lower Connecticut River Valley Planning Region,Connecticut,9,130,Central,9130,25540,Hartford - CT
22900,,,"Fort Smith, AR-OK",Metropolitan Statistical Area,,,Sebastian County,Arkansas,5,131,Central,5131,22900,#N/A
18880,,,"Crestview-Fort Walton Beach-Destin, FL",Metropolitan Statistical Area,,,Walton County,Florida,12,131,Central,12131,18880,#N/A
45620,,,"Thomasville, GA",Micropolitan Statistical Area,,,Grady County,Georgia,13,131,Outlying,13131,45620,#N/A
19340,,209,"Davenport-Moline-Rock Island, IA-IL",Metropolitan Statistical Area,,"Davenport-Moline, IA-IL",Mercer County,Illinois,17,131,Outlying,17131,19340,#N/A
22060,,378,"Faribault-Northfield, MN",Micropolitan Statistical Area,,"Minneapolis-St. Paul, MN-WI",Rice County,Minnesota,27,131,Central,27131,22060,#N/A
25060,,,"Gulfport-Biloxi, MS",Metropolitan Statistical Area,,,Stone County,Mississippi,28,131,Outlying,28131,25060,#N/A
40260,,468,"Roanoke Rapids, NC",Micropolitan Statistical Area,,"Rocky Mount-Wilson-Roanoke Rapids, NC",Northampton County,North Carolina,37,131,Outlying,37131,40260,#N/A
46140,,538,"Tulsa, OK",Metropolitan Statistical Area,,"Tulsa-Bartlesville-Muskogee, OK",Rogers County,Oklahoma,40,131,Outlying,40131,46140,Tulsa - OK
42540,,,"Scranton--Wilkes-Barre, PA",Metropolitan Statistical Area,,,Wyoming County,Pennsylvania,42,131,Outlying,42131,42540,Scranton - PA
46460,,542,"Union City, TN",Micropolitan Statistical Area,,"Union City-Martin, TN",Obion County,Tennessee,47,131,Central,47131,46460,#N/A
33340,,376,"Milwaukee-Waukesha, WI",Metropolitan Statistical Area,,"Milwaukee-Racine-Waukesha, WI",Washington County,Wisconsin,55,131,Outlying,55131,33340,Milwaukee - WI
10380,,364,"Aguadilla, PR",Metropolitan Statistical Area,,"Mayagüez-Aguadilla, PR",San Sebastián Municipio,Puerto Rico,72,131,Central,72131,10380,#N/A
37460,,,"Panama City-Panama City Beach, FL",Metropolitan Statistical Area,,,Washington County,Florida,12,133,Outlying,12133,37460,#N/A
41180,,476,"St. Louis, MO-IL",Metropolitan Statistical Area,,"St. Louis-St. Charles-Farmington, MO-IL",Monroe County,Illinois,17,133,Central,17133,41180,Saint Louis - MO
24600,,294,"Greencastle, IN",Micropolitan Statistical Area,,"Indianapolis-Carmel-Muncie, IN",Putnam County,Indiana,18,133,Central,18133,24600,#N/A
43620,,,"Sioux Falls, SD-MN",Metropolitan Statistical Area,,,Rock County,Minnesota,27,133,Outlying,27133,43620,#N/A
43460,,164,"Sikeston, MO",Micropolitan Statistical Area,,"Cape Girardeau-Sikeston, MO-IL",Mississippi County,Missouri,29,133,Outlying,29133,43460,#N/A
27340,,,"Jacksonville, NC",Metropolitan Statistical Area,,,Onslow County,North Carolina,37,133,Central,37133,27340,#N/A
10420,,184,"Akron, OH",Metropolitan Statistical Area,,"Cleveland-Akron-Canton, OH",Portage County,Ohio,39,133,Central,39133,10420,Akron - OH
49620,,276,"York-Hanover, PA",Metropolitan Statistical Area,,"Harrisburg-York-Lebanon, PA",York County,Pennsylvania,42,133,Central,42133,49620,#N/A
18260,,,"Cookeville, TN",Micropolitan Statistical Area,,,Overton County,Tennessee,47,133,Outlying,47133,18260,#N/A
33340,,376,"Milwaukee-Waukesha, WI",Metropolitan Statistical Area,,"Milwaukee-Racine-Waukesha, WI",Waukesha County,Wisconsin,55,133,Central,55133,33340,Milwaukee - WI
17620,,434,"Coamo, PR",Micropolitan Statistical Area,,"Ponce-Coamo, PR",Santa Isabel Municipio,Puerto Rico,72,133,Central,72133,17620,#N/A
12060,12054,122,"Atlanta-Sandy Springs-Roswell, GA",Metropolitan Statistical Area,"Atlanta-Sandy Springs-Roswell, GA","Atlanta--Athens-Clarke County--Sandy Springs, GA-AL",Gwinnett County,Georgia,13,135,Central,13135,12054,Atlanta - GA
27620,,190,"Jefferson City, MO",Metropolitan Statistical Area,,"Columbia-Jefferson City-Moberly, MO",Moniteau County,Missouri,29,135,Outlying,29135,27620,#N/A
20500,,450,"Durham-Chapel Hill, NC",Metropolitan Statistical Area,,"Raleigh-Durham-Cary, NC",Orange County,North Carolina,37,135,Central,37135,20500,Durham - NC
22900,,,"Fort Smith, AR-OK",Metropolitan Statistical Area,,,Sequoyah County,Oklahoma,40,135,Outlying,40135,22900,#N/A
49460,,,"Yankton, SD",Micropolitan Statistical Area,,,Yankton County,South Dakota,46,135,Central,46135,49460,#N/A
36220,,372,"Odessa, TX",Metropolitan Statistical Area,,"Midland-Odessa-Andrews, TX",Ector County,Texas,48,135,Central,48135,36220,#N/A
41980,,490,"San Juan-Bayamón-Caguas, PR",Metropolitan Statistical Area,,"San Juan-Bayamón, PR",Toa Alta Municipio,Puerto Rico,72,135,Central,72135,41980,#N/A
18460,,122,"Cornelia, GA",Micropolitan Statistical Area,,"Atlanta--Athens-Clarke County--Sandy Springs, GA-AL",Habersham County,Georgia,13,137,Central,13137,18460,#N/A
27300,,522,"Jacksonville, IL",Micropolitan Statistical Area,,"Springfield-Jacksonville-Lincoln, IL",Morgan County,Illinois,17,137,Central,17137,27300,#N/A
19220,,,"Danville, KY",Micropolitan Statistical Area,,,Lincoln County,Kentucky,21,137,Outlying,21137,19220,#N/A
20260,,228,"Duluth, MN-WI",Metropolitan Statistical Area,,"Duluth-Grand Rapids, MN-WI",St. Louis County,Minnesota,27,137,Central,27137,20260,#N/A
32820,,368,"Memphis, TN-MS-AR",Metropolitan Statistical Area,,"Memphis-Clarksdale-Forrest City, TN-MS-AR",Tate County,Mississippi,28,137,Outlying,28137,32820,Memphis - TN
35100,,404,"New Bern, NC",Micropolitan Statistical Area,,"New Bern-Morehead City, NC",Pamlico County,North Carolina,37,137,Outlying,37137,35100,#N/A
20340,,334,"Duncan, OK",Micropolitan Statistical Area,,"Lawton-Duncan, OK",Stephens County,Oklahoma,40,137,Central,40137,20340,#N/A
29470,,548,"Lake of the Woods, VA",Micropolitan Statistical Area,,"Washington-Baltimore-Arlington, DC-MD-VA-WV-PA",Orange County,Virginia,51,137,Central,51137,29470,#N/A
41980,,490,"San Juan-Bayamón-Caguas, PR",Metropolitan Statistical Area,,"San Juan-Bayamón, PR",Toa Baja Municipio,Puerto Rico,72,137,Central,72137,41980,#N/A
20980,,,"El Dorado, AR",Micropolitan Statistical Area,,,Union County,Arkansas,5,139,Central,5139,20980,#N/A
23580,,122,"Gainesville, GA",Metropolitan Statistical Area,,"Atlanta--Athens-Clarke County--Sandy Springs, GA-AL",Hall County,Georgia,13,139,Central,13139,23580,#N/A
34700,,209,"Muscatine, IA",Micropolitan Statistical Area,,"Davenport-Moline, IA-IL",Muscatine County,Iowa,19,139,Central,19139,34700,#N/A
45820,,,"Topeka, KS",Metropolitan Statistical Area,,,Osage County,Kansas,20,139,Outlying,20139,45820,#N/A
37140,,424,"Paducah, KY-IL",Metropolitan Statistical Area,,"Paducah-Mayfield, KY-IL",Livingston County,Kentucky,21,139,Outlying,21139,37140,#N/A
24340,,266,"Grand Rapids-Wyoming-Kentwood, MI",Metropolitan Statistical Area,,"Grand Rapids-Wyoming, MI",Ottawa County,Michigan,26,139,Outlying,26139,24340,Grand Rapids - MI
33460,,378,"Minneapolis-St. Paul-Bloomington, MN-WI",Metropolitan Statistical Area,,"Minneapolis-St. Paul, MN-WI",Scott County,Minnesota,27,139,Central,27139,33460,Minneapolis - MN
35740,,,"Norfolk, NE",Micropolitan Statistical Area,,,Pierce County,Nebraska,31,139,Outlying,31139,35740,#N/A
21020,,545,"Elizabeth City, NC",Micropolitan Statistical Area,,"Virginia Beach-Chesapeake, VA-NC",Pasquotank County,North Carolina,37,139,Central,37139,21020,#N/A
31900,,360,"Mansfield, OH",Metropolitan Statistical Area,,"Mansfield-Ashland-Bucyrus, OH",Richland County,Ohio,39,139,Central,39139,31900,#N/A
25100,,,"Guymon, OK",Micropolitan Statistical Area,,,Texas County,Oklahoma,40,139,Central,40139,25100,#N/A
17420,,174,"Cleveland, TN",Metropolitan Statistical Area,,"Chattanooga-Cleveland-Dalton, TN-GA-AL",Polk County,Tennessee,47,139,Outlying,47139,17420,#N/A
19100,19124,206,"Dallas-Fort Worth-Arlington, TX",Metropolitan Statistical Area,"Dallas-Plano-Irving, TX","Dallas-Fort Worth, TX-OK",Ellis County,Texas,48,139,Central,48139,19124,Dallas-Fort Worth - TX
36780,,118,"Oshkosh-Neenah, WI",Metropolitan Statistical Area,,"Appleton-Oshkosh-Neenah, WI",Winnebago County,Wisconsin,55,139,Central,55139,36780,#N/A
41980,,490,"San Juan-Bayamón-Caguas, PR",Metropolitan Statistical Area,,"San Juan-Bayamón, PR",Trujillo Alto Municipio,Puerto Rico,72,139,Central,72139,41980,#N/A
47930,,405,"Waterbury-Shelton, CT",Metropolitan Statistical Area,,"New Haven-Hartford-Waterbury, CT",Naugatuck Valley Planning Region,Connecticut,9,140,Central,9140,47930,#N/A
40300,,466,"Rochelle, IL",Micropolitan Statistical Area,,"Rockford-Freeport-Rochelle, IL",Ogle County,Illinois,17,141,Central,17141,40300,#N/A
43780,,515,"South Bend-Mishawaka, IN-MI",Metropolitan Statistical Area,,"South Bend-Elkhart-Mishawaka, IN-MI",St. Joseph County,Indiana,18,141,Central,18141,43780,#N/A
33460,,378,"Minneapolis-St. Paul-Bloomington, MN-WI",Metropolitan Statistical Area,,"Minneapolis-St. Paul, MN-WI",Sherburne County,Minnesota,27,141,Central,27141,33460,Minneapolis - MN
18100,,,"Columbus, NE",Micropolitan Statistical Area,,,Platte County,Nebraska,31,141,Central,31141,18100,#N/A
48900,,,"Wilmington, NC",Metropolitan Statistical Area,,,Pender County,North Carolina,37,141,Outlying,37141,48900,#N/A
17060,,198,"Chillicothe, OH",Micropolitan Statistical Area,,"Columbus-Marion-Zanesville, OH",Ross County,Ohio,39,141,Central,39141,17060,#N/A
18260,,,"Cookeville, TN",Micropolitan Statistical Area,,,Putnam County,Tennessee,47,141,Central,47141,18260,#N/A
21340,,238,"El Paso, TX",Metropolitan Statistical Area,,"El Paso-Las Cruces, TX-NM",El Paso County,Texas,48,141,Central,48141,21340,El Paso - TX
49220,,554,"Wisconsin Rapids-Marshfield, WI",Micropolitan Statistical Area,,"Wausau-Stevens Point-Wisconsin Rapids, WI",Wood County,Wisconsin,55,141,Central,55141,49220,#N/A
46580,,490,"Utuado, PR",Micropolitan Statistical Area,,"San Juan-Bayamón, PR",Utuado Municipio,Puerto Rico,72,141,Central,72141,46580,#N/A
22220,,,"Fayetteville-Springdale-Rogers, AR",Metropolitan Statistical Area,,,Washington County,Arkansas,5,143,Central,5143,22220,#N/A
12060,31924,122,"Atlanta-Sandy Springs-Roswell, GA",Metropolitan Statistical Area,"Marietta, GA","Atlanta--Athens-Clarke County--Sandy Springs, GA-AL",Haralson County,Georgia,13,143,Outlying,13143,31924,Atlanta - GA
37900,,427,"Peoria, IL",Metropolitan Statistical Area,,"Peoria-Canton, IL",Peoria County,Illinois,17,143,Central,17143,37900,#N/A
41460,,,"Salina, KS",Micropolitan Statistical Area,,,Ottawa County,Kansas,20,143,Outlying,20143,41460,#N/A
32820,,368,"Memphis, TN-MS-AR",Metropolitan Statistical Area,,"Memphis-Clarksdale-Forrest City, TN-MS-AR",Tunica County,Mississippi,28,143,Outlying,28143,32820,Memphis - TN
23380,,184,"Fremont, OH",Micropolitan Statistical Area,,"Cleveland-Akron-Canton, OH",Sandusky County,Ohio,39,143,Central,39143,23380,#N/A
46140,,538,"Tulsa, OK",Metropolitan Statistical Area,,"Tulsa-Bartlesville-Muskogee, OK",Tulsa County,Oklahoma,40,143,Central,40143,46140,Tulsa - OK
44500,,,"Stephenville, TX",Micropolitan Statistical Area,,,Erath County,Texas,48,143,Central,48143,44500,#N/A
19260,,,"Danville, VA",Micropolitan Statistical Area,,,Pittsylvania County,Virginia,51,143,Central,51143,19260,#N/A
41980,,490,"San Juan-Bayamón-Caguas, PR",Metropolitan Statistical Area,,"San Juan-Bayamón, PR",Vega Alta Municipio,Puerto Rico,72,143,Central,72143,41980,#N/A
42620,,340,"Searcy, AR",Micropolitan Statistical Area,,"Little Rock-North Little Rock, AR",White County,Arkansas,5,145,Central,5145,42620,#N/A
17980,,194,"Columbus, GA-AL",Metropolitan Statistical Area,,"Columbus-Auburn-Opelika, GA-AL",Harris County,Georgia,13,145,Outlying,13145,17980,#N/A
26900,,294,"Indianapolis-Carmel-Greenwood, IN",Metropolitan Statistical Area,,"Indianapolis-Carmel-Muncie, IN",Shelby County,Indiana,18,145,Outlying,18145,26900,Indianapolis - IN
37140,,424,"Paducah, KY-IL",Metropolitan Statistical Area,,"Paducah-Mayfield, KY-IL",McCracken County,Kentucky,21,145,Central,21145,37140,#N/A
40980,,474,"Saginaw, MI",Metropolitan Statistical Area,,"Saginaw-Midland-Bay City, MI",Saginaw County,Michigan,26,145,Central,26145,40980,#N/A
41060,,378,"St. Cloud, MN",Metropolitan Statistical Area,,"Minneapolis-St. Paul, MN-WI",Stearns County,Minnesota,27,145,Central,27145,41060,#N/A
27900,,309,"Joplin, MO-KS",Metropolitan Statistical Area,,"Joplin-Miami, MO-OK-KS",Newton County,Missouri,29,145,Outlying,29145,27900,#N/A
20500,,450,"Durham-Chapel Hill, NC",Metropolitan Statistical Area,,"Raleigh-Durham-Cary, NC",Person County,North Carolina,37,145,Outlying,37145,20500,Durham - NC
39020,,170,"Portsmouth, OH",Micropolitan Statistical Area,,"Charleston-Huntington-Ashland, WV-OH-KY",Scioto County,Ohio,39,145,Central,39145,39020,#N/A
46140,,538,"Tulsa, OK",Metropolitan Statistical Area,,"Tulsa-Bartlesville-Muskogee, OK",Wagoner County,Oklahoma,40,145,Central,40145,46140,Tulsa - OK
28940,,315,"Knoxville, TN",Metropolitan Statistical Area,,"Knoxville-Morristown-Sevierville, TN",Roane County,Tennessee,47,145,Outlying,47145,28940,Knoxville - TN
47380,,,"Waco, TX",Metropolitan Statistical Area,,,Falls County,Texas,48,145,Outlying,48145,47380,#N/A
40060,,,"Richmond, VA",Metropolitan Statistical Area,,,Powhatan County,Virginia,51,145,Outlying,51145,40060,Richmond - VA
41980,,490,"San Juan-Bayamón-Caguas, PR",Metropolitan Statistical Area,,"San Juan-Bayamón, PR",Vega Baja Municipio,Puerto Rico,72,145,Central,72145,41980,#N/A
16580,,169,"Champaign-Urbana, IL",Metropolitan Statistical Area,,"Champaign-Urbana-Danville, IL",Piatt County,Illinois,17,147,Outlying,17147,16580,#N/A
19820,47664,220,"Detroit-Warren-Dearborn, MI",Metropolitan Statistical Area,"Warren-Troy-Farmington Hills, MI","Detroit-Warren-Ann Arbor, MI",St. Clair County,Michigan,26,147,Outlying,26147,47664,Detroit - MI
36940,,378,"Owatonna, MN",Micropolitan Statistical Area,,"Minneapolis-St. Paul, MN-WI",Steele County,Minnesota,27,147,Central,27147,36940,#N/A
32620,,,"McComb, MS",Micropolitan Statistical Area,,,Walthall County,Mississippi,28,147,Outlying,28147,32620,#N/A
32340,,,"Maryville, MO",Micropolitan Statistical Area,,,Nodaway County,Missouri,29,147,Central,29147,32340,#N/A
24780,,274,"Greenville, NC",Metropolitan Statistical Area,,"Greenville-Washington, NC",Pitt County,North Carolina,37,147,Central,37147,24780,#N/A
45660,,248,"Tiffin, OH",Micropolitan Statistical Area,,"Findlay-Tiffin, OH",Seneca County,Ohio,39,147,Central,39147,45660,#N/A
12780,,538,"Bartlesville, OK",Micropolitan Statistical Area,,"Tulsa-Bartlesville-Muskogee, OK",Washington County,Oklahoma,40,147,Central,40147,12780,#N/A
34980,,400,"Nashville-Davidson--Murfreesboro--Franklin, TN",Metropolitan Statistical Area,,"Nashville-Davidson--Murfreesboro, TN",Robertson County,Tennessee,47,147,Outlying,47147,34980,Nashville - TN
14300,,206,"Bonham, TX",Micropolitan Statistical Area,,"Dallas-Fort Worth, TX-OK",Fannin County,Texas,48,147,Central,48147,14300,#N/A
40780,,,"Russellville, AR",Micropolitan Statistical Area,,,Yell County,Arkansas,5,149,Outlying,5149,40780,#N/A
12060,12054,122,"Atlanta-Sandy Springs-Roswell, GA",Metropolitan Statistical Area,"Atlanta-Sandy Springs-Roswell, GA","Atlanta--Athens-Clarke County--Sandy Springs, GA-AL",Heard County,Georgia,13,149,Outlying,13149,12054,Atlanta - GA
30180,,512,"Le Mars, IA",Micropolitan Statistical Area,,"Sioux City-Le Mars, IA-NE-SD",Plymouth County,Iowa,19,149,Central,19149,30180,#N/A
31740,,,"Manhattan, KS",Metropolitan Statistical Area,,,Pottawatomie County,Kansas,20,149,Outlying,20149,31740,#N/A
36980,,,"Owensboro, KY",Metropolitan Statistical Area,,,McLean County,Kentucky,21,149,Outlying,21149,36980,#N/A
44780,,310,"Sturgis, MI",Micropolitan Statistical Area,,"Kalamazoo-Battle Creek-Portage, MI",St. Joseph County,Michigan,26,149,Central,26149,44780,#N/A
46980,,298,"Vicksburg, MS",Micropolitan Statistical Area,,"Jackson-Vicksburg-Brookhaven, MS",Warren County,Mississippi,28,149,Central,28149,46980,#N/A
43380,,212,"Sidney, OH",Micropolitan Statistical Area,,"Dayton-Springfield-Kettering, OH",Shelby County,Ohio,39,149,Central,39149,43380,#N/A
48220,,555,"Weatherford, OK",Micropolitan Statistical Area,,"Weatherford-Elk City, OK",Washita County,Oklahoma,40,149,Outlying,40149,48220,#N/A
34980,,400,"Nashville-Davidson--Murfreesboro--Franklin, TN",Metropolitan Statistical Area,,"Nashville-Davidson--Murfreesboro, TN",Rutherford County,Tennessee,47,149,Outlying,47149,34980,Nashville - TN
40060,,,"Richmond, VA",Metropolitan Statistical Area,,,Prince George County,Virginia,51,149,Central,51149,40060,Richmond - VA
38660,,434,"Ponce, PR",Metropolitan Statistical Area,,"Ponce-Coamo, PR",Villalba Municipio,Puerto Rico,72,149,Outlying,72149,38660,#N/A
39480,,405,"Putnam, CT",Micropolitan Statistical Area,,"New Haven-Hartford-Waterbury, CT",Northeastern Connecticut Planning Region,Connecticut,9,150,Central,9150,39480,#N/A
12060,12054,122,"Atlanta-Sandy Springs-Roswell, GA",Metropolitan Statistical Area,"Atlanta-Sandy Springs-Roswell, GA","Atlanta--Athens-Clarke County--Sandy Springs, GA-AL",Henry County,Georgia,13,151,Central,13151,12054,Atlanta - GA
11420,,258,"Angola, IN",Micropolitan Statistical Area,,"Fort Wayne-Huntington-Auburn, IN",Steuben County,Indiana,18,151,Central,18151,11420,#N/A
40080,,336,"Richmond-Berea, KY",Micropolitan Statistical Area,,"Lexington-Fayette--Richmond--Frankfort, KY",Madison County,Kentucky,21,151,Central,21151,40080,#N/A
24740,,,"Greenville, MS",Micropolitan Statistical Area,,,Washington County,Mississippi,28,151,Central,28151,24740,#N/A
27620,,190,"Jefferson City, MO",Metropolitan Statistical Area,,"Columbia-Jefferson City-Moberly, MO",Osage County,Missouri,29,151,Outlying,29151,27620,#N/A
24660,,268,"Greensboro-High Point, NC",Metropolitan Statistical Area,,"Greensboro--Winston-Salem--High Point, NC",Randolph County,North Carolina,37,151,Outlying,37151,24660,Greensboro - NC
15940,,184,"Canton-Massillon, OH",Metropolitan Statistical Area,,"Cleveland-Akron-Canton, OH",Stark County,Ohio,39,151,Central,39151,15940,#N/A
41980,,490,"San Juan-Bayamón-Caguas, PR",Metropolitan Statistical Area,,"San Juan-Bayamón, PR",Yabucoa Municipio,Puerto Rico,72,151,Central,72151,41980,#N/A
47580,,356,"Warner Robins, GA",Metropolitan Statistical Area,,"Macon-Bibb County--Warner Robins, GA",Houston County,Georgia,13,153,Central,13153,47580,#N/A
45460,,,"Terre Haute, IN",Metropolitan Statistical Area,,,Sullivan County,Indiana,18,153,Outlying,18153,45460,#N/A
19780,,218,"Des Moines-West Des Moines, IA",Metropolitan Statistical Area,,"Des Moines-West Des Moines-Ames, IA",Polk County,Iowa,19,153,Central,19153,19780,Des Moines - IA
36540,,420,"Omaha, NE-IA",Metropolitan Statistical Area,,"Omaha-Fremont, NE-IA",Sarpy County,Nebraska,31,153,Central,31153,36540,Omaha - NE
40460,,246,"Rockingham, NC",Micropolitan Statistical Area,,"Fayetteville-Lumberton-Pinehurst, NC",Richmond County,North Carolina,37,153,Central,37153,40460,#N/A
10420,,184,"Akron, OH",Metropolitan Statistical Area,,"Cleveland-Akron-Canton, OH",Summit County,Ohio,39,153,Central,39153,10420,Akron - OH
49260,,,"Woodward, OK",Micropolitan Statistical Area,,,Woodward County,Oklahoma,40,153,Central,40153,49260,#N/A
16860,,174,"Chattanooga, TN-GA",Metropolitan Statistical Area,,"Chattanooga-Cleveland-Dalton, TN-GA-AL",Sequatchie County,Tennessee,47,153,Outlying,47153,16860,Chattanooga - TN
38380,,352,"Plainview, TX",Micropolitan Statistical Area,,"Lubbock-Plainview, TX",Floyd County,Texas,48,153,Outlying,48153,38380,#N/A
47900,11694,548,"Washington-Arlington-Alexandria, DC-VA-MD-WV",Metropolitan Statistical Area,"Arlington-Alexandria-Reston, VA-WV","Washington-Baltimore-Arlington, DC-MD-VA-WV-PA",Prince William County,Virginia,51,153,Central,51153,11694,Washington - DC
38660,,434,"Ponce, PR",Metropolitan Statistical Area,,"Ponce-Coamo, PR",Yauco Municipio,Puerto Rico,72,153,Outlying,72153,38660,#N/A
36837,,176,"Ottawa, IL",Micropolitan Statistical Area,,"Chicago-Naperville, IL-IN-WI",Putnam County,Illinois,17,155,Outlying,17155,36837,#N/A
36540,,420,"Omaha, NE-IA",Metropolitan Statistical Area,,"Omaha-Fremont, NE-IA",Pottawattamie County,Iowa,19,155,Central,19155,36540,Omaha - NE
26740,,,"Hutchinson, KS",Micropolitan Statistical Area,,,Reno County,Kansas,20,155,Central,20155,26740,#N/A
37020,,330,"Owosso, MI",Micropolitan Statistical Area,,"Lansing-East Lansing-Owosso, MI",Shiawassee County,Michigan,26,155,Central,26155,37020,#N/A
44260,,523,"Starkville, MS",Micropolitan Statistical Area,,"Starkville-Columbus, MS",Webster County,Mississippi,28,155,Outlying,28155,44260,#N/A
36540,,420,"Omaha, NE-IA",Metropolitan Statistical Area,,"Omaha-Fremont, NE-IA",Saunders County,Nebraska,31,155,Outlying,31155,36540,Omaha - NE
31300,,246,"Lumberton, NC",Micropolitan Statistical Area,,"Fayetteville-Lumberton-Pinehurst, NC",Robeson County,North Carolina,37,155,Central,37155,31300,#N/A
49660,,566,"Youngstown-Warren, OH",Metropolitan Statistical Area,,"Youngstown-Warren-Salem, OH",Trumbull County,Ohio,39,155,Central,39155,49660,#N/A
42940,,315,"Sevierville, TN",Micropolitan Statistical Area,,"Knoxville-Morristown-Sevierville, TN",Sevier County,Tennessee,47,155,Central,47155,42940,#N/A
13980,,,"Blacksburg-Christiansburg-Radford, VA",Metropolitan Statistical Area,,,Pulaski County,Virginia,51,155,Outlying,51155,13980,#N/A
27600,,122,"Jefferson, GA",Micropolitan Statistical Area,,"Atlanta--Athens-Clarke County--Sandy Springs, GA-AL",Jackson County,Georgia,13,157,Central,13157,27600,#N/A
29200,,320,"Lafayette-West Lafayette, IN",Metropolitan Statistical Area,,"Lafayette-West Lafayette-Frankfort, IN",Tippecanoe County,Indiana,18,157,Central,18157,29200,#N/A
40340,,462,"Rochester, MN",Metropolitan Statistical Area,,"Rochester-Austin-Winona, MN",Wabasha County,Minnesota,27,157,Outlying,27157,40340,#N/A
42420,,,"Scottsbluff, NE",Micropolitan Statistical Area,,,Scotts Bluff County,Nebraska,31,157,Central,31157,42420,#N/A
24660,,268,"Greensboro-High Point, NC",Metropolitan Statistical Area,,"Greensboro--Winston-Salem--High Point, NC",Rockingham County,North Carolina,37,157,Outlying,37157,24660,Greensboro - NC
35420,,184,"New Philadelphia-Dover, OH",Micropolitan Statistical Area,,"Cleveland-Akron-Canton, OH",Tuscarawas County,Ohio,39,157,Central,39157,35420,#N/A
32820,,368,"Memphis, TN-MS-AR",Metropolitan Statistical Area,,"Memphis-Clarksdale-Forrest City, TN-MS-AR",Shelby County,Tennessee,47,157,Central,47157,32820,Memphis - TN
26420,,288,"Houston-Pasadena-The Woodlands, TX",Metropolitan Statistical Area,,"Houston-Pasadena, TX",Fort Bend County,Texas,48,157,Central,48157,26420,Houston - TX
47900,11694,548,"Washington-Arlington-Alexandria, DC-VA-MD-WV",Metropolitan Statistical Area,"Arlington-Alexandria-Reston, VA-WV","Washington-Baltimore-Arlington, DC-MD-VA-WV-PA",Rappahannock County,Virginia,51,157,Outlying,51157,11694,Washington - DC
12060,12054,122,"Atlanta-Sandy Springs-Roswell, GA",Metropolitan Statistical Area,"Atlanta-Sandy Springs-Roswell, GA","Atlanta--Athens-Clarke County--Sandy Springs, GA-AL",Jasper County,Georgia,13,159,Outlying,13159,12054,Atlanta - GA
26900,,294,"Indianapolis-Carmel-Greenwood, IN",Metropolitan Statistical Area,,"Indianapolis-Carmel-Muncie, IN",Tipton County,Indiana,18,159,Outlying,18159,26900,Indianapolis - IN
42740,,,"Sedalia, MO",Micropolitan Statistical Area,,,Pettis County,Missouri,29,159,Central,29159,42740,#N/A
30700,,339,"Lincoln, NE",Metropolitan Statistical Area,,"Lincoln-Beatrice, NE",Seward County,Nebraska,31,159,Outlying,31159,30700,Lincoln - NE
16740,,172,"Charlotte-Concord-Gastonia, NC-SC",Metropolitan Statistical Area,,"Charlotte-Concord, NC-SC",Rowan County,North Carolina,37,159,Outlying,37159,16740,Charlotte - NC
18140,,198,"Columbus, OH",Metropolitan Statistical Area,,"Columbus-Marion-Zanesville, OH",Union County,Ohio,39,159,Outlying,39159,18140,Columbus - OH
34980,,400,"Nashville-Davidson--Murfreesboro--Franklin, TN",Metropolitan Statistical Area,,"Nashville-Davidson--Murfreesboro, TN",Smith County,Tennessee,47,159,Outlying,47159,34980,Nashville - TN
45860,,405,"Torrington, CT",Micropolitan Statistical Area,,"New Haven-Hartford-Waterbury, CT",Northwest Hills Planning Region,Connecticut,9,160,Central,9160,45860,#N/A
19340,,209,"Davenport-Moline-Rock Island, IA-IL",Metropolitan Statistical Area,,"Davenport-Moline, IA-IL",Rock Island County,Illinois,17,161,Central,17161,19340,#N/A
31740,,,"Manhattan, KS",Metropolitan Statistical Area,,,Riley County,Kansas,20,161,Central,20161,31740,#N/A
11460,,220,"Ann Arbor, MI",Metropolitan Statistical Area,,"Detroit-Warren-Ann Arbor, MI",Washtenaw County,Michigan,26,161,Central,26161,11460,Ann Arbor - MI
37060,,,"Oxford, MS",Micropolitan Statistical Area,,,Yalobusha County,Mississippi,28,161,Outlying,28161,37060,#N/A
40620,,,"Rolla, MO",Micropolitan Statistical Area,,,Phelps County,Missouri,29,161,Central,29161,40620,#N/A
22580,,,"Forest City, NC",Micropolitan Statistical Area,,,Rutherford County,North Carolina,37,161,Central,37161,22580,#N/A
46780,,338,"Van Wert, OH",Micropolitan Statistical Area,,"Lima-Van Wert-Celina, OH",Van Wert County,Ohio,39,161,Central,39161,46780,#N/A
17300,,,"Clarksville, TN-KY",Metropolitan Statistical Area,,,Stewart County,Tennessee,47,161,Outlying,47161,17300,#N/A
40220,,,"Roanoke, VA",Metropolitan Statistical Area,,,Roanoke County,Virginia,51,161,Central,51161,40220,#N/A
41180,,476,"St. Louis, MO-IL",Metropolitan Statistical Area,,"St. Louis-St. Charles-Farmington, MO-IL",St. Clair County,Illinois,17,163,Central,17163,41180,Saint Louis - MO
21780,,241,"Evansville, IN",Metropolitan Statistical Area,,"Evansville-Henderson, IN-KY",Vanderburgh County,Indiana,18,163,Central,18163,21780,#N/A
19340,,209,"Davenport-Moline-Rock Island, IA-IL",Metropolitan Statistical Area,,"Davenport-Moline, IA-IL",Scott County,Iowa,19,163,Central,19163,19340,#N/A
31140,,350,"Louisville/Jefferson County, KY-IN",Metropolitan Statistical Area,,"Louisville/Jefferson County--Elizabethtown, KY-IN",Meade County,Kentucky,21,163,Outlying,21163,31140,Louisville - KY
19820,19804,220,"Detroit-Warren-Dearborn, MI",Metropolitan Statistical Area,"Detroit-Dearborn-Livonia, MI","Detroit-Warren-Ann Arbor, MI",Wayne County,Michigan,26,163,Central,26163,19804,Detroit - MI
33460,,378,"Minneapolis-St. Paul-Bloomington, MN-WI",Metropolitan Statistical Area,,"Minneapolis-St. Paul, MN-WI",Washington County,Minnesota,27,163,Central,27163,33460,Minneapolis - MN
27140,,298,"Jackson, MS",Metropolitan Statistical Area,,"Jackson-Vicksburg-Brookhaven, MS",Yazoo County,Mississippi,28,163,Outlying,28163,27140,Jackson - MS
28700,,304,"Kingsport-Bristol, TN-VA",Metropolitan Statistical Area,,"Johnson City-Kingsport-Bristol, TN-VA",Sullivan County,Tennessee,47,163,Central,47163,28700,#N/A
45460,,,"Terre Haute, IN",Metropolitan Statistical Area,,,Vermillion County,Indiana,18,165,Outlying,18165,45460,#N/A
34460,,336,"Mount Sterling, KY",Micropolitan Statistical Area,,"Lexington-Fayette--Richmond--Frankfort, KY",Menifee County,Kentucky,21,165,Outlying,21165,34460,#N/A
15620,,,"Cadillac, MI",Micropolitan Statistical Area,,,Wexford County,Michigan,26,165,Central,26165,15620,#N/A
28140,,312,"Kansas City, MO-KS",Metropolitan Statistical Area,,"Kansas City-Overland Park-Kansas City, MO-KS",Platte County,Missouri,29,165,Central,29165,28140,Kansas City - MO
29900,,246,"Laurinburg, NC",Micropolitan Statistical Area,,"Fayetteville-Lumberton-Pinehurst, NC",Scotland County,North Carolina,37,165,Central,37165,29900,#N/A
17140,,178,"Cincinnati, OH-KY-IN",Metropolitan Statistical Area,,"Cincinnati-Wilmington, OH-KY-IN",Warren County,Ohio,39,165,Central,39165,17140,Cincinnati - OH
34980,,400,"Nashville-Davidson--Murfreesboro--Franklin, TN",Metropolitan Statistical Area,,"Nashville-Davidson--Murfreesboro, TN",Sumner County,Tennessee,47,165,Central,47165,34980,Nashville - TN
25500,,277,"Harrisonburg, VA",Metropolitan Statistical Area,,"Harrisonburg-Staunton-Stuarts Draft, VA",Rockingham County,Virginia,51,165,Central,51165,25500,#N/A
20140,,,"Dublin, GA",Micropolitan Statistical Area,,,Johnson County,Georgia,13,167,Outlying,13167,20140,#N/A
44100,,522,"Springfield, IL",Metropolitan Statistical Area,,"Springfield-Jacksonville-Lincoln, IL",Sangamon County,Illinois,17,167,Central,17167,44100,#N/A
45460,,,"Terre Haute, IN",Metropolitan Statistical Area,,,Vigo County,Indiana,18,167,Central,18167,45460,#N/A
47420,,244,"Wahpeton, ND-MN",Micropolitan Statistical Area,,"Fargo-Wahpeton, ND-MN",Wilkin County,Minnesota,27,167,Central,27167,47420,#N/A
44180,,,"Springfield, MO",Metropolitan Statistical Area,,,Polk County,Missouri,29,167,Outlying,29167,44180,#N/A
35740,,,"Norfolk, NE",Micropolitan Statistical Area,,,Stanton County,Nebraska,31,167,Outlying,31167,35740,#N/A
10620,,172,"Albemarle, NC",Micropolitan Statistical Area,,"Charlotte-Concord, NC-SC",Stanly County,North Carolina,37,167,Central,37167,10620,#N/A
31930,,425,"Marietta, OH",Micropolitan Statistical Area,,"Parkersburg-Marietta-Vienna, WV-OH",Washington County,Ohio,39,167,Central,39167,31930,#N/A
32820,,368,"Memphis, TN-MS-AR",Metropolitan Statistical Area,,"Memphis-Clarksdale-Forrest City, TN-MS-AR",Tipton County,Tennessee,47,167,Outlying,47167,32820,Memphis - TN
26420,,288,"Houston-Pasadena-The Woodlands, TX",Metropolitan Statistical Area,,"Houston-Pasadena, TX",Galveston County,Texas,48,167,Outlying,48167,26420,Houston - TX
31420,,356,"Macon-Bibb County, GA",Metropolitan Statistical Area,,"Macon-Bibb County--Warner Robins, GA",Jones County,Georgia,13,169,Outlying,13169,31420,#N/A
47340,,,"Wabash, IN",Micropolitan Statistical Area,,,Wabash County,Indiana,18,169,Central,18169,47340,#N/A
11180,,218,"Ames, IA",Metropolitan Statistical Area,,"Des Moines-West Des Moines-Ames, IA",Story County,Iowa,19,169,Central,19169,11180,#N/A
41460,,,"Salina, KS",Micropolitan Statistical Area,,,Saline County,Kansas,20,169,Central,20169,41460,#N/A
23980,,150,"Glasgow, KY",Micropolitan Statistical Area,,"Bowling Green-Glasgow-Franklin, KY",Metcalfe County,Kentucky,21,169,Outlying,21169,23980,#N/A
49100,,462,"Winona, MN",Micropolitan Statistical Area,,"Rochester-Austin-Winona, MN",Winona County,Minnesota,27,169,Central,27169,49100,#N/A
22780,,,"Fort Leonard Wood, MO",Micropolitan Statistical Area,,,Pulaski County,Missouri,29,169,Central,29169,22780,#N/A
49180,,268,"Winston-Salem, NC",Metropolitan Statistical Area,,"Greensboro--Winston-Salem--High Point, NC",Stokes County,North Carolina,37,169,Central,37169,49180,Winston-Salem - NC
49300,,184,"Wooster, OH",Micropolitan Statistical Area,,"Cleveland-Akron-Canton, OH",Wayne County,Ohio,39,169,Central,39169,49300,#N/A
34980,,400,"Nashville-Davidson--Murfreesboro--Franklin, TN",Metropolitan Statistical Area,,"Nashville-Davidson--Murfreesboro, TN",Trousdale County,Tennessee,47,169,Outlying,47169,34980,Nashville - TN
31180,,352,"Lubbock, TX",Metropolitan Statistical Area,,"Lubbock-Plainview, TX",Garza County,Texas,48,169,Outlying,48169,31180,#N/A
28700,,304,"Kingsport-Bristol, TN-VA",Metropolitan Statistical Area,,"Johnson City-Kingsport-Bristol, TN-VA",Scott County,Virginia,51,169,Outlying,51169,28700,#N/A
11260,,,"Anchorage, AK",Metropolitan Statistical Area,,,Matanuska-Susitna Borough,Alaska,2,170,Outlying,2170,11260,#N/A
35300,,405,"New Haven, CT",Metropolitan Statistical Area,,"New Haven-Hartford-Waterbury, CT",South Central Connecticut Planning Region,Connecticut,9,170,Central,9170,35300,New Haven - CT
27300,,522,"Jacksonville, IL",Micropolitan Statistical Area,,"Springfield-Jacksonville-Lincoln, IL",Scott County,Illinois,17,171,Outlying,17171,27300,#N/A
29200,,320,"Lafayette-West Lafayette, IN",Metropolitan Statistical Area,,"Lafayette-West Lafayette-Frankfort, IN",Warren County,Indiana,18,171,Outlying,18171,29200,#N/A
33460,,378,"Minneapolis-St. Paul-Bloomington, MN-WI",Metropolitan Statistical Area,,"Minneapolis-St. Paul, MN-WI",Wright County,Minnesota,27,171,Central,27171,33460,Minneapolis - MN
34340,,268,"Mount Airy, NC",Micropolitan Statistical Area,,"Greensboro--Winston-Salem--High Point, NC",Surry County,North Carolina,37,171,Central,37171,34340,#N/A
27740,,304,"Johnson City, TN",Metropolitan Statistical Area,,"Johnson City-Kingsport-Bristol, TN-VA",Unicoi County,Tennessee,47,171,Outlying,47171,27740,#N/A
23240,,484,"Fredericksburg, TX",Micropolitan Statistical Area,,"San Antonio-New Braunfels-Kerrville, TX",Gillespie County,Texas,48,171,Central,48171,23240,#N/A
46660,,,"Valdosta, GA",Metropolitan Statistical Area,,,Lanier County,Georgia,13,173,Outlying,13173,46660,#N/A
21780,,241,"Evansville, IN",Metropolitan Statistical Area,,"Evansville-Henderson, IN-KY",Warrick County,Indiana,18,173,Central,18173,21780,#N/A
48620,,556,"Wichita, KS",Metropolitan Statistical Area,,"Wichita-Arkansas City-Winfield, KS",Sedgwick County,Kansas,20,173,Central,20173,48620,Wichita - KS
34460,,336,"Mount Sterling, KY",Micropolitan Statistical Area,,"Lexington-Fayette--Richmond--Frankfort, KY",Montgomery County,Kentucky,21,173,Central,21173,34460,#N/A
25300,,448,"Hannibal, MO",Micropolitan Statistical Area,,"Quincy-Hannibal, IL-MO",Ralls County,Missouri,29,173,Outlying,29173,25300,#N/A
45780,,,"Toledo, OH",Metropolitan Statistical Area,,,Wood County,Ohio,39,173,Central,39173,45780,Toledo - OH
28940,,315,"Knoxville, TN",Metropolitan Statistical Area,,"Knoxville-Morristown-Sevierville, TN",Union County,Tennessee,47,173,Outlying,47173,28940,Knoxville - TN
20140,,,"Dublin, GA",Micropolitan Statistical Area,,,Laurens County,Georgia,13,175,Central,13175,20140,#N/A
37900,,427,"Peoria, IL",Metropolitan Statistical Area,,"Peoria-Canton, IL",Stark County,Illinois,17,175,Outlying,17175,37900,#N/A
31140,,350,"Louisville/Jefferson County, KY-IN",Metropolitan Statistical Area,,"Louisville/Jefferson County--Elizabethtown, KY-IN",Washington County,Indiana,18,175,Outlying,18175,31140,Louisville - KY
30580,,,"Liberal, KS",Micropolitan Statistical Area,,,Seward County,Kansas,20,175,Central,20175,30580,#N/A
33620,,190,"Moberly, MO",Micropolitan Statistical Area,,"Columbia-Jefferson City-Moberly, MO",Randolph County,Missouri,29,175,Central,29175,33620,#N/A
14820,,120,"Brevard, NC",Micropolitan Statistical Area,,"Asheville-Waynesville-Brevard, NC",Transylvania County,North Carolina,37,175,Central,37175,14820,#N/A
47020,,544,"Victoria, TX",Metropolitan Statistical Area,,"Victoria-Port Lavaca, TX",Goliad County,Texas,48,175,Outlying,48175,47020,#N/A
10500,,,"Albany, GA",Metropolitan Statistical Area,,,Lee County,Georgia,13,177,Central,13177,10500,#N/A
23300,,466,"Freeport, IL",Micropolitan Statistical Area,,"Rockford-Freeport-Rochelle, IL",Stephenson County,Illinois,17,177,Central,17177,23300,#N/A
39980,,458,"Richmond, IN",Micropolitan Statistical Area,,"Richmond-Connersville, IN",Wayne County,Indiana,18,177,Central,18177,39980,#N/A
45820,,,"Topeka, KS",Metropolitan Statistical Area,,,Shawnee County,Kansas,20,177,Central,20177,45820,#N/A
28140,,312,"Kansas City, MO-KS",Metropolitan Statistical Area,,"Kansas City-Overland Park-Kansas City, MO-KS",Ray County,Missouri,29,177,Outlying,29177,28140,Kansas City - MO
36540,,420,"Omaha, NE-IA",Metropolitan Statistical Area,,"Omaha-Fremont, NE-IA",Washington County,Nebraska,31,177,Outlying,31177,36540,Omaha - NE
32660,,,"McMinnville, TN",Micropolitan Statistical Area,,,Warren County,Tennessee,47,177,Central,47177,32660,#N/A
47900,11694,548,"Washington-Arlington-Alexandria, DC-VA-MD-WV",Metropolitan Statistical Area,"Arlington-Alexandria-Reston, VA-WV","Washington-Baltimore-Arlington, DC-MD-VA-WV-PA",Spotsylvania County,Virginia,51,177,Outlying,51177,11694,Washington - DC
25980,,496,"Hinesville, GA",Metropolitan Statistical Area,,"Savannah-Hinesville-Statesboro, GA",Liberty County,Georgia,13,179,Central,13179,25980,#N/A
37900,,427,"Peoria, IL",Metropolitan Statistical Area,,"Peoria-Canton, IL",Tazewell County,Illinois,17,179,Central,17179,37900,#N/A
23060,,258,"Fort Wayne, IN",Metropolitan Statistical Area,,"Fort Wayne-Huntington-Auburn, IN",Wells County,Indiana,18,179,Outlying,18179,23060,#N/A
36900,,,"Ottumwa, IA",Micropolitan Statistical Area,,,Wapello County,Iowa,19,179,Central,19179,36900,#N/A
31140,,350,"Louisville/Jefferson County, KY-IN",Metropolitan Statistical Area,,"Louisville/Jefferson County--Elizabethtown, KY-IN",Nelson County,Kentucky,21,179,Outlying,21179,31140,Louisville - KY
16740,,172,"Charlotte-Concord-Gastonia, NC-SC",Metropolitan Statistical Area,,"Charlotte-Concord, NC-SC",Union County,North Carolina,37,179,Central,37179,16740,Charlotte - NC
27740,,304,"Johnson City, TN",Metropolitan Statistical Area,,"Johnson City-Kingsport-Bristol, TN-VA",Washington County,Tennessee,47,179,Central,47179,27740,#N/A
37420,,,"Pampa, TX",Micropolitan Statistical Area,,,Gray County,Texas,48,179,Central,48179,37420,#N/A
47900,11694,548,"Washington-Arlington-Alexandria, DC-VA-MD-WV",Metropolitan Statistical Area,"Arlington-Alexandria-Reston, VA-WV","Washington-Baltimore-Arlington, DC-MD-VA-WV-PA",Stafford County,Virginia,51,179,Central,51179,11694,Washington - DC
35980,,405,"Norwich-New London-Willimantic, CT",Metropolitan Statistical Area,,"New Haven-Hartford-Waterbury, CT",Southeastern Connecticut Planning Region,Connecticut,9,180,Central,9180,35980,#N/A
12260,,,"Augusta-Richmond County, GA-SC",Metropolitan Statistical Area,,,Lincoln County,Georgia,13,181,Outlying,13181,12260,Augusta - GA
33900,,320,"Monticello, IN",Micropolitan Statistical Area,,"Lafayette-West Lafayette-Frankfort, IN",White County,Indiana,18,181,Central,18181,33900,#N/A
19780,,218,"Des Moines-West Des Moines, IA",Metropolitan Statistical Area,,"Des Moines-West Des Moines-Ames, IA",Warren County,Iowa,19,181,Outlying,19181,19780,Des Moines - IA
25580,,,"Hastings, NE",Micropolitan Statistical Area,,,Webster County,Nebraska,31,181,Outlying,31181,25580,#N/A
25780,,450,"Henderson, NC",Micropolitan Statistical Area,,"Raleigh-Durham-Cary, NC",Vance County,North Carolina,37,181,Central,37181,25780,#N/A
43300,,206,"Sherman-Denison, TX",Metropolitan Statistical Area,,"Dallas-Fort Worth, TX-OK",Grayson County,Texas,48,181,Central,48181,43300,#N/A
47260,,545,"Virginia Beach-Chesapeake-Norfolk, VA-NC",Metropolitan Statistical Area,,"Virginia Beach-Chesapeake, VA-NC",Surry County,Virginia,51,181,Outlying,51181,47260,Norfolk - VA
25980,,496,"Hinesville, GA",Metropolitan Statistical Area,,"Savannah-Hinesville-Statesboro, GA",Long County,Georgia,13,183,Outlying,13183,25980,#N/A
19180,,169,"Danville, IL",Micropolitan Statistical Area,,"Champaign-Urbana-Danville, IL",Vermilion County,Illinois,17,183,Central,17183,19180,#N/A
23060,,258,"Fort Wayne, IN",Metropolitan Statistical Area,,"Fort Wayne-Huntington-Auburn, IN",Whitley County,Indiana,18,183,Outlying,18183,23060,#N/A
26980,,168,"Iowa City, IA",Metropolitan Statistical Area,,"Cedar Rapids-Iowa City, IA",Washington County,Iowa,19,183,Outlying,19183,26980,#N/A
41180,,476,"St. Louis, MO-IL",Metropolitan Statistical Area,,"St. Louis-St. Charles-Farmington, MO-IL",St. Charles County,Missouri,29,183,Central,29183,41180,Saint Louis - MO
39580,,450,"Raleigh-Cary, NC",Metropolitan Statistical Area,,"Raleigh-Durham-Cary, NC",Wake County,North Carolina,37,183,Central,37183,39580,Raleigh - NC
32280,,542,"Martin, TN",Micropolitan Statistical Area,,"Union City-Martin, TN",Weakley County,Tennessee,47,183,Central,47183,32280,#N/A
30980,,,"Longview, TX",Metropolitan Statistical Area,,,Gregg County,Texas,48,183,Central,48183,30980,#N/A
40060,,,"Richmond, VA",Metropolitan Statistical Area,,,Sussex County,Virginia,51,183,Outlying,51183,40060,Richmond - VA
46660,,,"Valdosta, GA",Metropolitan Statistical Area,,,Lowndes County,Georgia,13,185,Central,13185,46660,#N/A
31140,,350,"Louisville/Jefferson County, KY-IN",Metropolitan Statistical Area,,"Louisville/Jefferson County--Elizabethtown, KY-IN",Oldham County,Kentucky,21,185,Central,21185,31140,Louisville - KY
18260,,,"Cookeville, TN",Micropolitan Statistical Area,,,White County,Tennessee,47,185,Outlying,47185,18260,#N/A
14140,,,"Bluefield, WV-VA",Micropolitan Statistical Area,,,Tazewell County,Virginia,51,185,Central,51185,14140,#N/A
12060,12054,122,"Atlanta-Sandy Springs-Roswell, GA",Metropolitan Statistical Area,"Atlanta-Sandy Springs-Roswell, GA","Atlanta--Athens-Clarke County--Sandy Springs, GA-AL",Lumpkin County,Georgia,13,187,Outlying,13187,12054,Atlanta - GA
22700,,,"Fort Dodge, IA",Micropolitan Statistical Area,,,Webster County,Iowa,19,187,Central,19187,22700,#N/A
22100,,476,"Farmington, MO",Micropolitan Statistical Area,,"St. Louis-St. Charles-Farmington, MO-IL",St. Francois County,Missouri,29,187,Central,29187,22100,#N/A
34980,,400,"Nashville-Davidson--Murfreesboro--Franklin, TN",Metropolitan Statistical Area,,"Nashville-Davidson--Murfreesboro, TN",Williamson County,Tennessee,47,187,Central,47187,34980,Nashville - TN
41700,,484,"San Antonio-New Braunfels, TX",Metropolitan Statistical Area,,"San Antonio-New Braunfels-Kerrville, TX",Guadalupe County,Texas,48,187,Central,48187,41700,San Antonio - TX
47900,11694,548,"Washington-Arlington-Alexandria, DC-VA-MD-WV",Metropolitan Statistical Area,"Arlington-Alexandria-Reston, VA-WV","Washington-Baltimore-Arlington, DC-MD-VA-WV-PA",Warren County,Virginia,51,187,Outlying,51187,11694,Washington - DC
12260,,,"Augusta-Richmond County, GA-SC",Metropolitan Statistical Area,,,McDuffie County,Georgia,13,189,Outlying,13189,12260,Augusta - GA
41180,,476,"St. Louis, MO-IL",Metropolitan Statistical Area,,"St. Louis-St. Charles-Farmington, MO-IL",St. Louis County,Missouri,29,189,Central,29189,41180,Saint Louis - MO
14380,,,"Boone, NC",Micropolitan Statistical Area,,,Watauga County,North Carolina,37,189,Central,37189,14380,#N/A
34980,,400,"Nashville-Davidson--Murfreesboro--Franklin, TN",Metropolitan Statistical Area,,"Nashville-Davidson--Murfreesboro, TN",Wilson County,Tennessee,47,189,Central,47189,34980,Nashville - TN
38380,,352,"Plainview, TX",Micropolitan Statistical Area,,"Lubbock-Plainview, TX",Hale County,Texas,48,189,Central,48189,38380,#N/A
14860,,408,"Bridgeport-Stamford-Danbury, CT",Metropolitan Statistical Area,,"New York-Newark, NY-NJ-CT-PA",Western Connecticut Planning Region,Connecticut,9,190,Central,9190,14860,#N/A
15260,,,"Brunswick-St. Simons, GA",Metropolitan Statistical Area,,,McIntosh County,Georgia,13,191,Outlying,13191,15260,#N/A
48620,,556,"Wichita, KS",Metropolitan Statistical Area,,"Wichita-Arkansas City-Winfield, KS",Sumner County,Kansas,20,191,Outlying,20191,48620,Wichita - KS
17140,,178,"Cincinnati, OH-KY-IN",Metropolitan Statistical Area,,"Cincinnati-Wilmington, OH-KY-IN",Pendleton County,Kentucky,21,191,Outlying,21191,17140,Cincinnati - OH
24140,,,"Goldsboro, NC",Metropolitan Statistical Area,,,Wayne County,North Carolina,37,191,Central,37191,24140,#N/A
28700,,304,"Kingsport-Bristol, TN-VA",Metropolitan Statistical Area,,"Johnson City-Kingsport-Bristol, TN-VA",Washington County,Virginia,51,191,Outlying,51191,28700,#N/A
43580,,512,"Sioux City, IA-NE-SD",Metropolitan Statistical Area,,"Sioux City-Le Mars, IA-NE-SD",Woodbury County,Iowa,19,193,Central,19193,43580,#N/A
35900,,,"North Wilkesboro, NC",Micropolitan Statistical Area,,,Wilkes County,North Carolina,37,193,Central,37193,35900,#N/A
12020,,122,"Athens-Clarke County, GA",Metropolitan Statistical Area,,"Atlanta--Athens-Clarke County--Sandy Springs, GA-AL",Madison County,Georgia,13,195,Outlying,13195,12020,#N/A
44580,,221,"Sterling, IL",Micropolitan Statistical Area,,"Dixon-Sterling, IL",Whiteside County,Illinois,17,195,Central,17195,44580,#N/A
32380,,,"Mason City, IA",Micropolitan Statistical Area,,,Worth County,Iowa,19,195,Outlying,19195,32380,#N/A
38210,,,"Pikeville, KY",Micropolitan Statistical Area,,,Pike County,Kentucky,21,195,Central,21195,38210,#N/A
32180,,,"Marshall, MO",Micropolitan Statistical Area,,,Saline County,Missouri,29,195,Central,29195,32180,#N/A
48980,,468,"Wilson, NC",Micropolitan Statistical Area,,"Rocky Mount-Wilson-Roanoke Rapids, NC",Wilson County,North Carolina,37,195,Central,37195,48980,#N/A
17980,,194,"Columbus, GA-AL",Metropolitan Statistical Area,,"Columbus-Auburn-Opelika, GA-AL",Marion County,Georgia,13,197,Outlying,13197,17980,#N/A
16980,16984,176,"Chicago-Naperville-Elgin, IL-IN",Metropolitan Statistical Area,"Chicago-Naperville-Schaumburg, IL","Chicago-Naperville, IL-IN-WI",Will County,Illinois,17,197,Central,17197,16984,Chicago - IL
45820,,,"Topeka, KS",Metropolitan Statistical Area,,,Wabaunsee County,Kansas,20,197,Outlying,20197,45820,#N/A
28860,,,"Kirksville, MO",Micropolitan Statistical Area,,,Schuyler County,Missouri,29,197,Outlying,29197,28860,#N/A
49180,,268,"Winston-Salem, NC",Metropolitan Statistical Area,,"Greensboro--Winston-Salem--High Point, NC",Yadkin County,North Carolina,37,197,Outlying,37197,49180,Winston-Salem - NC
12060,12054,122,"Atlanta-Sandy Springs-Roswell, GA",Metropolitan Statistical Area,"Atlanta-Sandy Springs-Roswell, GA","Atlanta--Athens-Clarke County--Sandy Springs, GA-AL",Meriwether County,Georgia,13,199,Outlying,13199,12054,Atlanta - GA
32060,,166,"Marion-Herrin, IL",Micropolitan Statistical Area,,"Carbondale-Marion-Herrin, IL",Williamson County,Illinois,17,199,Central,17199,32060,#N/A
43700,,,"Somerset, KY",Micropolitan Statistical Area,,,Pulaski County,Kentucky,21,199,Central,21199,43700,#N/A
13140,,,"Beaumont-Port Arthur, TX",Metropolitan Statistical Area,,,Hardin County,Texas,48,199,Outlying,48199,13140,#N/A
47260,,545,"Virginia Beach-Chesapeake-Norfolk, VA-NC",Metropolitan Statistical Area,,"Virginia Beach-Chesapeake, VA-NC",York County,Virginia,51,199,Central,51199,47260,Norfolk - VA
40420,,466,"Rockford, IL",Metropolitan Statistical Area,,"Rockford-Freeport-Rochelle, IL",Winnebago County,Illinois,17,201,Central,17201,40420,#N/A
43460,,164,"Sikeston, MO",Micropolitan Statistical Area,,"Cape Girardeau-Sikeston, MO-IL",Scott County,Missouri,29,201,Central,29201,43460,#N/A
26420,,288,"Houston-Pasadena-The Woodlands, TX",Metropolitan Statistical Area,,"Houston-Pasadena, TX",Harris County,Texas,48,201,Central,48201,26420,Houston - TX
37900,,427,"Peoria, IL",Metropolitan Statistical Area,,"Peoria-Canton, IL",Woodford County,Illinois,17,203,Central,17203,37900,#N/A
40080,,336,"Richmond-Berea, KY",Micropolitan Statistical Area,,"Lexington-Fayette--Richmond--Frankfort, KY",Rockcastle County,Kentucky,21,203,Outlying,21203,40080,#N/A
30980,,,"Longview, TX",Metropolitan Statistical Area,,,Harrison County,Texas,48,203,Outlying,48203,30980,#N/A
31420,,356,"Macon-Bibb County, GA",Metropolitan Statistical Area,,"Macon-Bibb County--Warner Robins, GA",Monroe County,Georgia,13,207,Outlying,13207,31420,#N/A
47080,,,"Vidalia, GA",Micropolitan Statistical Area,,,Montgomery County,Georgia,13,209,Outlying,13209,47080,#N/A
28140,,312,"Kansas City, MO-KS",Metropolitan Statistical Area,,"Kansas City-Overland Park-Kansas City, MO-KS",Wyandotte County,Kansas,20,209,Central,20209,28140,Kansas City - MO
30460,,336,"Lexington-Fayette, KY",Metropolitan Statistical Area,,"Lexington-Fayette--Richmond--Frankfort, KY",Scott County,Kentucky,21,209,Outlying,21209,30460,Lexington - KY
12420,,,"Austin-Round Rock-San Marcos, TX",Metropolitan Statistical Area,,,Hays County,Texas,48,209,Central,48209,12420,Austin - TX
12060,12054,122,"Atlanta-Sandy Springs-Roswell, GA",Metropolitan Statistical Area,"Atlanta-Sandy Springs-Roswell, GA","Atlanta--Athens-Clarke County--Sandy Springs, GA-AL",Morgan County,Georgia,13,211,Outlying,13211,12054,Atlanta - GA
31140,,350,"Louisville/Jefferson County, KY-IN",Metropolitan Statistical Area,,"Louisville/Jefferson County--Elizabethtown, KY-IN",Shelby County,Kentucky,21,211,Outlying,21211,31140,Louisville - KY
19140,,174,"Dalton, GA",Metropolitan Statistical Area,,"Chattanooga-Cleveland-Dalton, TN-GA-AL",Murray County,Georgia,13,213,Outlying,13213,19140,#N/A
23190,,150,"Franklin, KY",Micropolitan Statistical Area,,"Bowling Green-Glasgow-Franklin, KY",Simpson County,Kentucky,21,213,Central,21213,23190,#N/A
14700,,,"Branson, MO",Micropolitan Statistical Area,,,Taney County,Missouri,29,213,Central,29213,14700,#N/A
11980,,206,"Athens, TX",Micropolitan Statistical Area,,"Dallas-Fort Worth, TX-OK",Henderson County,Texas,48,213,Central,48213,11980,#N/A
17980,,194,"Columbus, GA-AL",Metropolitan Statistical Area,,"Columbus-Auburn-Opelika, GA-AL",Muscogee County,Georgia,13,215,Central,13215,17980,#N/A
31140,,350,"Louisville/Jefferson County, KY-IN",Metropolitan Statistical Area,,"Louisville/Jefferson County--Elizabethtown, KY-IN",Spencer County,Kentucky,21,215,Outlying,21215,31140,Louisville - KY
32580,,365,"McAllen-Edinburg-Mission, TX",Metropolitan Statistical Area,,"McAllen-Edinburg, TX",Hidalgo County,Texas,48,215,Central,48215,32580,McAllen - TX
12060,12054,122,"Atlanta-Sandy Springs-Roswell, GA",Metropolitan Statistical Area,"Atlanta-Sandy Springs-Roswell, GA","Atlanta--Athens-Clarke County--Sandy Springs, GA-AL",Newton County,Georgia,13,217,Central,13217,12054,Atlanta - GA
15820,,,"Campbellsville, KY",Micropolitan Statistical Area,,,Taylor County,Kentucky,21,217,Central,21217,15820,#N/A
12020,,122,"Athens-Clarke County, GA",Metropolitan Statistical Area,,"Atlanta--Athens-Clarke County--Sandy Springs, GA-AL",Oconee County,Georgia,13,219,Central,13219,12020,#N/A
41180,,476,"St. Louis, MO-IL",Metropolitan Statistical Area,,"St. Louis-St. Charles-Farmington, MO-IL",Warren County,Missouri,29,219,Outlying,29219,41180,Saint Louis - MO
31180,,352,"Lubbock, TX",Metropolitan Statistical Area,,"Lubbock-Plainview, TX",Hockley County,Texas,48,219,Outlying,48219,31180,#N/A
12020,,122,"Athens-Clarke County, GA",Metropolitan Statistical Area,,"Atlanta--Athens-Clarke County--Sandy Springs, GA-AL",Oglethorpe County,Georgia,13,221,Outlying,13221,12020,#N/A
17300,,,"Clarksville, TN-KY",Metropolitan Statistical Area,,,Trigg County,Kentucky,21,221,Outlying,21221,17300,#N/A
24180,,206,"Granbury, TX",Micropolitan Statistical Area,,"Dallas-Fort Worth, TX-OK",Hood County,Texas,48,221,Central,48221,24180,#N/A
12060,31924,122,"Atlanta-Sandy Springs-Roswell, GA",Metropolitan Statistical Area,"Marietta, GA","Atlanta--Athens-Clarke County--Sandy Springs, GA-AL",Paulding County,Georgia,13,223,Central,13223,31924,Atlanta - GA
44860,,206,"Sulphur Springs, TX",Micropolitan Statistical Area,,"Dallas-Fort Worth, TX-OK",Hopkins County,Texas,48,223,Central,48223,44860,#N/A
47580,,356,"Warner Robins, GA",Metropolitan Statistical Area,,"Macon-Bibb County--Warner Robins, GA",Peach County,Georgia,13,225,Central,13225,47580,#N/A
44180,,,"Springfield, MO",Metropolitan Statistical Area,,,Webster County,Missouri,29,225,Outlying,29225,44180,#N/A
12060,12054,122,"Atlanta-Sandy Springs-Roswell, GA",Metropolitan Statistical Area,"Atlanta-Sandy Springs-Roswell, GA","Atlanta--Athens-Clarke County--Sandy Springs, GA-AL",Pickens County,Georgia,13,227,Outlying,13227,12054,Atlanta - GA
14540,,150,"Bowling Green, KY",Metropolitan Statistical Area,,"Bowling Green-Glasgow-Franklin, KY",Warren County,Kentucky,21,227,Central,21227,14540,#N/A
13700,,,"Big Spring, TX",Micropolitan Statistical Area,,,Howard County,Texas,48,227,Central,48227,13700,#N/A
48180,,,"Waycross, GA",Micropolitan Statistical Area,,,Pierce County,Georgia,13,229,Outlying,13229,48180,#N/A
21340,,238,"El Paso, TX",Metropolitan Statistical Area,,"El Paso-Las Cruces, TX-NM",Hudspeth County,Texas,48,229,Outlying,48229,21340,El Paso - TX
12060,12054,122,"Atlanta-Sandy Springs-Roswell, GA",Metropolitan Statistical Area,"Atlanta-Sandy Springs-Roswell, GA","Atlanta--Athens-Clarke County--Sandy Springs, GA-AL",Pike County,Georgia,13,231,Outlying,13231,12054,Atlanta - GA
19100,19124,206,"Dallas-Fort Worth-Arlington, TX",Metropolitan Statistical Area,"Dallas-Plano-Irving, TX","Dallas-Fort Worth, TX-OK",Hunt County,Texas,48,231,Outlying,48231,19124,Dallas-Fort Worth - TX
16340,,122,"Cedartown, GA",Micropolitan Statistical Area,,"Atlanta--Athens-Clarke County--Sandy Springs, GA-AL",Polk County,Georgia,13,233,Central,13233,16340,#N/A
25775,,241,"Henderson, KY",Micropolitan Statistical Area,,"Evansville-Henderson, IN-KY",Webster County,Kentucky,21,233,Outlying,21233,25775,#N/A
14420,,108,"Borger, TX",Micropolitan Statistical Area,,"Amarillo-Borger, TX",Hutchinson County,Texas,48,233,Central,48233,14420,#N/A
18340,,371,"Corbin, KY",Micropolitan Statistical Area,,"Middlesborough-Corbin, KY",Whitley County,Kentucky,21,235,Central,21235,18340,#N/A
41660,,,"San Angelo, TX",Metropolitan Statistical Area,,,Irion County,Texas,48,235,Outlying,48235,41660,#N/A
21640,,,"Eufaula, AL-GA",Micropolitan Statistical Area,,,Quitman County,Georgia,13,239,Outlying,13239,21640,#N/A
30460,,336,"Lexington-Fayette, KY",Metropolitan Statistical Area,,"Lexington-Fayette--Richmond--Frankfort, KY",Woodford County,Kentucky,21,239,Outlying,21239,30460,Lexington - KY
12260,,,"Augusta-Richmond County, GA-SC",Metropolitan Statistical Area,,,Richmond County,Georgia,13,245,Central,13245,12260,Augusta - GA
13140,,,"Beaumont-Port Arthur, TX",Metropolitan Statistical Area,,,Jefferson County,Texas,48,245,Central,48245,13140,#N/A
12060,12054,122,"Atlanta-Sandy Springs-Roswell, GA",Metropolitan Statistical Area,"Atlanta-Sandy Springs-Roswell, GA","Atlanta--Athens-Clarke County--Sandy Springs, GA-AL",Rockdale County,Georgia,13,247,Central,13247,12054,Atlanta - GA
11140,,,"Americus, GA",Micropolitan Statistical Area,,,Schley County,Georgia,13,249,Outlying,13249,11140,#N/A
10860,,204,"Alice, TX",Micropolitan Statistical Area,,"Corpus Christi-Kingsville-Alice, TX",Jim Wells County,Texas,48,249,Central,48249,10860,#N/A
19100,23104,206,"Dallas-Fort Worth-Arlington, TX",Metropolitan Statistical Area,"Fort Worth-Arlington-Grapevine, TX","Dallas-Fort Worth, TX-OK",Johnson County,Texas,48,251,Central,48251,23104,Dallas-Fort Worth - TX
10180,,101,"Abilene, TX",Metropolitan Statistical Area,,"Abilene-Sweetwater, TX",Jones County,Texas,48,253,Outlying,48253,10180,#N/A
12060,12054,122,"Atlanta-Sandy Springs-Roswell, GA",Metropolitan Statistical Area,"Atlanta-Sandy Springs-Roswell, GA","Atlanta--Athens-Clarke County--Sandy Springs, GA-AL",Spalding County,Georgia,13,255,Outlying,13255,12054,Atlanta - GA
45740,,,"Toccoa, GA",Micropolitan Statistical Area,,,Stephens County,Georgia,13,257,Central,13257,45740,#N/A
19100,19124,206,"Dallas-Fort Worth-Arlington, TX",Metropolitan Statistical Area,"Dallas-Plano-Irving, TX","Dallas-Fort Worth, TX-OK",Kaufman County,Texas,48,257,Outlying,48257,19124,Dallas-Fort Worth - TX
17980,,194,"Columbus, GA-AL",Metropolitan Statistical Area,,"Columbus-Auburn-Opelika, GA-AL",Stewart County,Georgia,13,259,Outlying,13259,17980,#N/A
41700,,484,"San Antonio-New Braunfels, TX",Metropolitan Statistical Area,,"San Antonio-New Braunfels-Kerrville, TX",Kendall County,Texas,48,259,Outlying,48259,41700,San Antonio - TX
11140,,,"Americus, GA",Micropolitan Statistical Area,,,Sumter County,Georgia,13,261,Central,13261,11140,#N/A
17980,,194,"Columbus, GA-AL",Metropolitan Statistical Area,,"Columbus-Auburn-Opelika, GA-AL",Talbot County,Georgia,13,263,Outlying,13263,17980,#N/A
28500,,484,"Kerrville, TX",Micropolitan Statistical Area,,"San Antonio-New Braunfels-Kerrville, TX",Kerr County,Texas,48,265,Central,48265,28500,#N/A
10500,,,"Albany, GA",Metropolitan Statistical Area,,,Terrell County,Georgia,13,273,Outlying,13273,10500,#N/A
28780,,204,"Kingsville, TX",Micropolitan Statistical Area,,"Corpus Christi-Kingsville-Alice, TX",Kleberg County,Texas,48,273,Central,48273,28780,#N/A
45620,,,"Thomasville, GA",Micropolitan Statistical Area,,,Thomas County,Georgia,13,275,Central,13275,45620,#N/A
45700,,,"Tifton, GA",Micropolitan Statistical Area,,,Tift County,Georgia,13,277,Central,13277,45700,#N/A
37580,,,"Paris, TX",Micropolitan Statistical Area,,,Lamar County,Texas,48,277,Central,48277,37580,#N/A
47080,,,"Vidalia, GA",Micropolitan Statistical Area,,,Toombs County,Georgia,13,279,Central,13279,47080,#N/A
28660,,,"Killeen-Temple, TX",Metropolitan Statistical Area,,,Lampasas County,Texas,48,281,Outlying,48281,28660,#N/A
29300,,122,"LaGrange, GA-AL",Micropolitan Statistical Area,,"Atlanta--Athens-Clarke County--Sandy Springs, GA-AL",Troup County,Georgia,13,285,Central,13285,29300,#N/A
45700,,,"Tifton, GA",Micropolitan Statistical Area,,,Turner County,Georgia,13,287,Outlying,13287,45700,#N/A
31420,,356,"Macon-Bibb County, GA",Metropolitan Statistical Area,,"Macon-Bibb County--Warner Robins, GA",Twiggs County,Georgia,13,289,Outlying,13289,31420,#N/A
26420,,288,"Houston-Pasadena-The Woodlands, TX",Metropolitan Statistical Area,,"Houston-Pasadena, TX",Liberty County,Texas,48,291,Outlying,48291,26420,Houston - TX
45580,,122,"Thomaston, GA",Micropolitan Statistical Area,,"Atlanta--Athens-Clarke County--Sandy Springs, GA-AL",Upson County,Georgia,13,293,Central,13293,45580,#N/A
16860,,174,"Chattanooga, TN-GA",Metropolitan Statistical Area,,"Chattanooga-Cleveland-Dalton, TN-GA-AL",Walker County,Georgia,13,295,Central,13295,16860,Chattanooga - TN
12060,12054,122,"Atlanta-Sandy Springs-Roswell, GA",Metropolitan Statistical Area,"Atlanta-Sandy Springs-Roswell, GA","Atlanta--Athens-Clarke County--Sandy Springs, GA-AL",Walton County,Georgia,13,297,Central,13297,12054,Atlanta - GA
48180,,,"Waycross, GA",Micropolitan Statistical Area,,,Ware County,Georgia,13,299,Central,13299,48180,#N/A
31180,,352,"Lubbock, TX",Metropolitan Statistical Area,,"Lubbock-Plainview, TX",Lubbock County,Texas,48,303,Central,48303,31180,#N/A
27700,,496,"Jesup, GA",Micropolitan Statistical Area,,"Savannah-Hinesville-Statesboro, GA",Wayne County,Georgia,13,305,Central,13305,27700,#N/A
31180,,352,"Lubbock, TX",Metropolitan Statistical Area,,"Lubbock-Plainview, TX",Lynn County,Texas,48,305,Outlying,48305,31180,#N/A
47380,,,"Waco, TX",Metropolitan Statistical Area,,,McLennan County,Texas,48,309,Central,48309,47380,#N/A
19140,,174,"Dalton, GA",Metropolitan Statistical Area,,"Chattanooga-Cleveland-Dalton, TN-GA-AL",Whitfield County,Georgia,13,313,Central,13313,19140,#N/A
33260,,372,"Midland, TX",Metropolitan Statistical Area,,"Midland-Odessa-Andrews, TX",Martin County,Texas,48,317,Outlying,48317,33260,#N/A
10500,,,"Albany, GA",Metropolitan Statistical Area,,,Worth County,Georgia,13,321,Outlying,13321,10500,#N/A
13060,,288,"Bay City, TX",Micropolitan Statistical Area,,"Houston-Pasadena, TX",Matagorda County,Texas,48,321,Central,48321,13060,#N/A
20580,,,"Eagle Pass, TX",Metropolitan Statistical Area,,,Maverick County,Texas,48,323,Central,48323,20580,#N/A
41700,,484,"San Antonio-New Braunfels, TX",Metropolitan Statistical Area,,"San Antonio-New Braunfels-Kerrville, TX",Medina County,Texas,48,325,Outlying,48325,41700,San Antonio - TX
33260,,372,"Midland, TX",Metropolitan Statistical Area,,"Midland-Odessa-Andrews, TX",Midland County,Texas,48,329,Central,48329,33260,#N/A
26420,,288,"Houston-Pasadena-The Woodlands, TX",Metropolitan Statistical Area,,"Houston-Pasadena, TX",Montgomery County,Texas,48,339,Outlying,48339,26420,Houston - TX
20300,,,"Dumas, TX",Micropolitan Statistical Area,,,Moore County,Texas,48,341,Central,48341,20300,#N/A
34420,,,"Mount Pleasant, TX",Micropolitan Statistical Area,,,Morris County,Texas,48,343,Outlying,48343,34420,#N/A
34860,,,"Nacogdoches, TX",Micropolitan Statistical Area,,,Nacogdoches County,Texas,48,347,Central,48347,34860,#N/A
18620,,206,"Corsicana, TX",Micropolitan Statistical Area,,"Dallas-Fort Worth, TX-OK",Navarro County,Texas,48,349,Central,48349,18620,#N/A
45020,,101,"Sweetwater, TX",Micropolitan Statistical Area,,"Abilene-Sweetwater, TX",Nolan County,Texas,48,353,Central,48353,45020,#N/A
18580,,204,"Corpus Christi, TX",Metropolitan Statistical Area,,"Corpus Christi-Kingsville-Alice, TX",Nueces County,Texas,48,355,Central,48355,18580,Corpus Christi - TX
11100,,108,"Amarillo, TX",Metropolitan Statistical Area,,"Amarillo-Borger, TX",Oldham County,Texas,48,359,Outlying,48359,11100,#N/A
13140,,,"Beaumont-Port Arthur, TX",Metropolitan Statistical Area,,,Orange County,Texas,48,361,Outlying,48361,13140,#N/A
33420,,206,"Mineral Wells, TX",Micropolitan Statistical Area,,"Dallas-Fort Worth, TX-OK",Palo Pinto County,Texas,48,363,Central,48363,33420,#N/A
19100,23104,206,"Dallas-Fort Worth-Arlington, TX",Metropolitan Statistical Area,"Fort Worth-Arlington-Grapevine, TX","Dallas-Fort Worth, TX-OK",Parker County,Texas,48,367,Outlying,48367,23104,Dallas-Fort Worth - TX
11100,,108,"Amarillo, TX",Metropolitan Statistical Area,,"Amarillo-Borger, TX",Potter County,Texas,48,375,Central,48375,11100,#N/A
11100,,108,"Amarillo, TX",Metropolitan Statistical Area,,"Amarillo-Borger, TX",Randall County,Texas,48,381,Central,48381,11100,#N/A
37580,,,"Paris, TX",Micropolitan Statistical Area,,,Red River County,Texas,48,387,Outlying,48387,37580,#N/A
45880,,,"Town of Pecos, TX",Micropolitan Statistical Area,,,Reeves County,Texas,48,389,Central,48389,45880,#N/A
37420,,,"Pampa, TX",Micropolitan Statistical Area,,,Roberts County,Texas,48,393,Outlying,48393,37420,#N/A
17780,,,"College Station-Bryan, TX",Metropolitan Statistical Area,,,Robertson County,Texas,48,395,Outlying,48395,17780,#N/A
19100,19124,206,"Dallas-Fort Worth-Arlington, TX",Metropolitan Statistical Area,"Dallas-Plano-Irving, TX","Dallas-Fort Worth, TX-OK",Rockwall County,Texas,48,397,Central,48397,19124,Dallas-Fort Worth - TX
30980,,,"Longview, TX",Metropolitan Statistical Area,,,Rusk County,Texas,48,401,Outlying,48401,30980,#N/A
26420,,288,"Houston-Pasadena-The Woodlands, TX",Metropolitan Statistical Area,,"Houston-Pasadena, TX",San Jacinto County,Texas,48,407,Outlying,48407,26420,Houston - TX
18580,,204,"Corpus Christi, TX",Metropolitan Statistical Area,,"Corpus Christi-Kingsville-Alice, TX",San Patricio County,Texas,48,409,Central,48409,18580,Corpus Christi - TX
43660,,,"Snyder, TX",Micropolitan Statistical Area,,,Scurry County,Texas,48,415,Central,48415,43660,#N/A
46340,,540,"Tyler, TX",Metropolitan Statistical Area,,"Tyler-Jacksonville, TX",Smith County,Texas,48,423,Central,48423,46340,#N/A
40100,,365,"Rio Grande City-Roma, TX",Micropolitan Statistical Area,,"McAllen-Edinburg, TX",Starr County,Texas,48,427,Central,48427,40100,#N/A
19100,23104,206,"Dallas-Fort Worth-Arlington, TX",Metropolitan Statistical Area,"Fort Worth-Arlington-Grapevine, TX","Dallas-Fort Worth, TX-OK",Tarrant County,Texas,48,439,Central,48439,23104,Dallas-Fort Worth - TX
10180,,101,"Abilene, TX",Metropolitan Statistical Area,,"Abilene-Sweetwater, TX",Taylor County,Texas,48,441,Central,48441,10180,#N/A
34420,,,"Mount Pleasant, TX",Micropolitan Statistical Area,,,Titus County,Texas,48,449,Central,48449,34420,#N/A
41660,,,"San Angelo, TX",Metropolitan Statistical Area,,,Tom Green County,Texas,48,451,Central,48451,41660,#N/A
12420,,,"Austin-Round Rock-San Marcos, TX",Metropolitan Statistical Area,,,Travis County,Texas,48,453,Central,48453,12420,Austin - TX
30980,,,"Longview, TX",Metropolitan Statistical Area,,,Upshur County,Texas,48,459,Outlying,48459,30980,#N/A
46620,,,"Uvalde, TX",Micropolitan Statistical Area,,,Uvalde County,Texas,48,463,Central,48463,46620,#N/A
19620,,,"Del Rio, TX",Micropolitan Statistical Area,,,Val Verde County,Texas,48,465,Central,48465,19620,#N/A
47020,,544,"Victoria, TX",Metropolitan Statistical Area,,"Victoria-Port Lavaca, TX",Victoria County,Texas,48,469,Central,48469,47020,#N/A
26660,,288,"Huntsville, TX",Micropolitan Statistical Area,,"Houston-Pasadena, TX",Walker County,Texas,48,471,Central,48471,26660,#N/A
26420,,288,"Houston-Pasadena-The Woodlands, TX",Metropolitan Statistical Area,,"Houston-Pasadena, TX",Waller County,Texas,48,473,Central,48473,26420,Houston - TX
14780,,288,"Brenham, TX",Micropolitan Statistical Area,,"Houston-Pasadena, TX",Washington County,Texas,48,477,Central,48477,14780,#N/A
29700,,,"Laredo, TX",Metropolitan Statistical Area,,,Webb County,Texas,48,479,Central,48479,29700,#N/A
20900,,288,"El Campo, TX",Micropolitan Statistical Area,,"Houston-Pasadena, TX",Wharton County,Texas,48,481,Central,48481,20900,#N/A
48660,,,"Wichita Falls, TX",Metropolitan Statistical Area,,,Wichita County,Texas,48,485,Central,48485,48660,#N/A
46900,,,"Vernon, TX",Micropolitan Statistical Area,,,Wilbarger County,Texas,48,487,Central,48487,46900,#N/A
39700,,154,"Raymondville, TX",Micropolitan Statistical Area,,"Brownsville-Harlingen-Raymondville, TX",Willacy County,Texas,48,489,Central,48489,39700,#N/A
12420,,,"Austin-Round Rock-San Marcos, TX",Metropolitan Statistical Area,,,Williamson County,Texas,48,491,Central,48491,12420,Austin - TX
41700,,484,"San Antonio-New Braunfels, TX",Metropolitan Statistical Area,,"San Antonio-New Braunfels-Kerrville, TX",Wilson County,Texas,48,493,Outlying,48493,41700,San Antonio - TX
19100,23104,206,"Dallas-Fort Worth-Arlington, TX",Metropolitan Statistical Area,"Fort Worth-Arlington-Grapevine, TX","Dallas-Fort Worth, TX-OK",Wise County,Texas,48,497,Outlying,48497,23104,Dallas-Fort Worth - TX
49820,,,"Zapata, TX",Micropolitan Statistical Area,,,Zapata County,Texas,48,505,Central,48505,49820,#N/A
12580,,548,"Baltimore-Columbia-Towson, MD",Metropolitan Statistical Area,,"Washington-Baltimore-Arlington, DC-MD-VA-WV-PA",Baltimore city,Maryland,24,510,Central,24510,12580,Baltimore - MD
41180,,476,"St. Louis, MO-IL",Metropolitan Statistical Area,,"St. Louis-St. Charles-Farmington, MO-IL",St. Louis city,Missouri,29,510,Central,29510,41180,Saint Louis - MO
16180,,456,"Carson City, NV",Metropolitan Statistical Area,,"Reno-Carson City-Gardnerville Ranchos, NV-CA",Carson City,Nevada,32,510,Central,32510,16180,#N/A
47900,11694,548,"Washington-Arlington-Alexandria, DC-VA-MD-WV",Metropolitan Statistical Area,"Arlington-Alexandria-Reston, VA-WV","Washington-Baltimore-Arlington, DC-MD-VA-WV-PA",Alexandria city,Virginia,51,510,Central,51510,11694,Washington - DC
28700,,304,"Kingsport-Bristol, TN-VA",Metropolitan Statistical Area,,"Johnson City-Kingsport-Bristol, TN-VA",Bristol city,Virginia,51,520,Outlying,51520,28700,#N/A
16820,,,"Charlottesville, VA",Metropolitan Statistical Area,,,Charlottesville city,Virginia,51,540,Central,51540,16820,#N/A
47260,,545,"Virginia Beach-Chesapeake-Norfolk, VA-NC",Metropolitan Statistical Area,,"Virginia Beach-Chesapeake, VA-NC",Chesapeake city,Virginia,51,550,Central,51550,47260,Norfolk - VA
40060,,,"Richmond, VA",Metropolitan Statistical Area,,,Colonial Heights city,Virginia,51,570,Central,51570,40060,Richmond - VA
19260,,,"Danville, VA",Micropolitan Statistical Area,,,Danville city,Virginia,51,590,Central,51590,19260,#N/A
47900,11694,548,"Washington-Arlington-Alexandria, DC-VA-MD-WV",Metropolitan Statistical Area,"Arlington-Alexandria-Reston, VA-WV","Washington-Baltimore-Arlington, DC-MD-VA-WV-PA",Fairfax city,Virginia,51,600,Central,51600,11694,Washington - DC
47900,11694,548,"Washington-Arlington-Alexandria, DC-VA-MD-WV",Metropolitan Statistical Area,"Arlington-Alexandria-Reston, VA-WV","Washington-Baltimore-Arlington, DC-MD-VA-WV-PA",Falls Church city,Virginia,51,610,Central,51610,11694,Washington - DC
47900,11694,548,"Washington-Arlington-Alexandria, DC-VA-MD-WV",Metropolitan Statistical Area,"Arlington-Alexandria-Reston, VA-WV","Washington-Baltimore-Arlington, DC-MD-VA-WV-PA",Fredericksburg city,Virginia,51,630,Outlying,51630,11694,Washington - DC
47260,,545,"Virginia Beach-Chesapeake-Norfolk, VA-NC",Metropolitan Statistical Area,,"Virginia Beach-Chesapeake, VA-NC",Hampton city,Virginia,51,650,Central,51650,47260,Norfolk - VA
25500,,277,"Harrisonburg, VA",Metropolitan Statistical Area,,"Harrisonburg-Staunton-Stuarts Draft, VA",Harrisonburg city,Virginia,51,660,Central,51660,25500,#N/A
40060,,,"Richmond, VA",Metropolitan Statistical Area,,,Hopewell city,Virginia,51,670,Central,51670,40060,Richmond - VA
31340,,,"Lynchburg, VA",Metropolitan Statistical Area,,,Lynchburg city,Virginia,51,680,Central,51680,31340,#N/A
47900,11694,548,"Washington-Arlington-Alexandria, DC-VA-MD-WV",Metropolitan Statistical Area,"Arlington-Alexandria-Reston, VA-WV","Washington-Baltimore-Arlington, DC-MD-VA-WV-PA",Manassas city,Virginia,51,683,Central,51683,11694,Washington - DC
47900,11694,548,"Washington-Arlington-Alexandria, DC-VA-MD-WV",Metropolitan Statistical Area,"Arlington-Alexandria-Reston, VA-WV","Washington-Baltimore-Arlington, DC-MD-VA-WV-PA",Manassas Park city,Virginia,51,685,Central,51685,11694,Washington - DC
32300,,,"Martinsville, VA",Micropolitan Statistical Area,,,Martinsville city,Virginia,51,690,Central,51690,32300,#N/A
47260,,545,"Virginia Beach-Chesapeake-Norfolk, VA-NC",Metropolitan Statistical Area,,"Virginia Beach-Chesapeake, VA-NC",Newport News city,Virginia,51,700,Central,51700,47260,Norfolk - VA
47260,,545,"Virginia Beach-Chesapeake-Norfolk, VA-NC",Metropolitan Statistical Area,,"Virginia Beach-Chesapeake, VA-NC",Norfolk city,Virginia,51,710,Central,51710,47260,Norfolk - VA
40060,,,"Richmond, VA",Metropolitan Statistical Area,,,Petersburg city,Virginia,51,730,Central,51730,40060,Richmond - VA
47260,,545,"Virginia Beach-Chesapeake-Norfolk, VA-NC",Metropolitan Statistical Area,,"Virginia Beach-Chesapeake, VA-NC",Poquoson city,Virginia,51,735,Central,51735,47260,Norfolk - VA
47260,,545,"Virginia Beach-Chesapeake-Norfolk, VA-NC",Metropolitan Statistical Area,,"Virginia Beach-Chesapeake, VA-NC",Portsmouth city,Virginia,51,740,Central,51740,47260,Norfolk - VA
13980,,,"Blacksburg-Christiansburg-Radford, VA",Metropolitan Statistical Area,,,Radford city,Virginia,51,750,Central,51750,13980,#N/A
40060,,,"Richmond, VA",Metropolitan Statistical Area,,,Richmond city,Virginia,51,760,Central,51760,40060,Richmond - VA
40220,,,"Roanoke, VA",Metropolitan Statistical Area,,,Roanoke city,Virginia,51,770,Central,51770,40220,#N/A
40220,,,"Roanoke, VA",Metropolitan Statistical Area,,,Salem city,Virginia,51,775,Central,51775,40220,#N/A
44420,,277,"Staunton-Stuarts Draft, VA",Metropolitan Statistical Area,,"Harrisonburg-Staunton-Stuarts Draft, VA",Staunton city,Virginia,51,790,Central,51790,44420,#N/A
47260,,545,"Virginia Beach-Chesapeake-Norfolk, VA-NC",Metropolitan Statistical Area,,"Virginia Beach-Chesapeake, VA-NC",Suffolk city,Virginia,51,800,Outlying,51800,47260,Norfolk - VA
47260,,545,"Virginia Beach-Chesapeake-Norfolk, VA-NC",Metropolitan Statistical Area,,"Virginia Beach-Chesapeake, VA-NC",Virginia Beach city,Virginia,51,810,Central,51810,47260,Norfolk - VA
44420,,277,"Staunton-Stuarts Draft, VA",Metropolitan Statistical Area,,"Harrisonburg-Staunton-Stuarts Draft, VA",Waynesboro city,Virginia,51,820,Central,51820,44420,#N/A
47260,,545,"Virginia Beach-Chesapeake-Norfolk, VA-NC",Metropolitan Statistical Area,,"Virginia Beach-Chesapeake, VA-NC",Williamsburg city,Virginia,51,830,Outlying,51830,47260,Norfolk - VA
49020,,548,"Winchester, VA-WV",Metropolitan Statistical Area,,"Washington-Baltimore-Arlington, DC-MD-VA-WV-PA",Winchester city,Virginia,51,840,Central,51840,49020,#N/A
