year,msa,y_hat,real_rent_growth_next_year
2006,Akron - OH,-0.0256672063991427,-0.0082892970144749
2006,Albany - NY,-0.0163739603161812,0.0030079065859317
2006,Albuquerque - NM,-0.0159002710282803,0.0082498296201229
2006,Amarillo - TX,-0.015274202466011,0.0105578034222126
2006,Anchorage - AK,0.0090864766240119,0.0197331487238406
2006,Ann Arbor - MI,-0.0257876720428466,-0.0055077605843544
2006,Atlanta - GA,-0.0313559055943042,-0.0146215734034777
2006,Atlantic City - NJ,-0.0168839898109436,0.0007509245574473
2006,Augusta - GA,-0.0229384089037776,-0.0032549657821655
2006,Austin - TX,-0.0153502449542284,0.0167437261939048
2006,Bakersfield - CA,0.0116167459487914,0.0148841804862021
2006,Baltimore - MD,-0.0190694919005036,-0.0009847459346056
2006,Baton Rouge - LA,-0.0249595921635627,-0.0059567865878344
2006,Beaumont - TX,-0.0122489892095327,0.0156824543178082
2006,Bellingham - WA,0.0091248508393763,0.0179641126692295
2006,Birmingham - AL,-0.0218096636384726,-0.0046018873304129
2006,Blacksburg - VA,-0.0164900217354298,0.0032896614670752
2006,Bloomington - IL,-0.0262608053311705,-0.0084916845858097
2006,Bloomington - IN,-0.0253403093814849,-0.0062738870233297
2006,Boise - ID,0.005927490055561,0.0178205958604812
2006,Boston - MA,-0.0352321851681917,0.0028106859922408
2006,Bremerton - WA,0.0052480269074439,0.0165872230231762
2006,Brownsville-Harlingen - TX,-0.0169863104969263,0.0145559079051017
2006,Buffalo - NY,-0.0170426704138517,0.0035344949960709
2006,Burlington - NC,-0.0243087560087442,-0.008326669126749
2006,Canton - OH,-0.0258034421280026,-0.0059616238772869
2006,Charleston - SC,-0.0230050077810884,0.0004881705194711
2006,Charlotte - NC,-0.0312461492288857,-0.0009744734466076
2006,Chattanooga - TN,-0.0210395604521036,-0.0031677921265364
2006,Chicago - IL,-0.0201905723810196,0.0253225705623626
2006,Chico - CA,0.0047615598738193,0.0163559122979641
2006,Cincinnati - OH,-0.026560728918761,-0.0118298110514879
2006,Clarksville - TN,-0.0218781996667385,-0.0046009038537741
2006,Cleveland - OH,-0.0147232636958361,-0.0161419267728925
2006,College Station-Bryan - TX,-0.0169281251877546,0.0078576310575007
2006,Colorado Springs - CO,-0.0258178766965866,0.0043382748067378
2006,Columbus - OH,-0.0259847380369901,-0.0018675205260515
2006,Corpus Christi - TX,-0.0157796256393194,0.0129040620326995
2006,Dallas-Fort Worth - TX,-0.0282684802226722,-0.0053227291405201
2006,Daphne-Fairhope-Foley - AL,-0.0201864494159818,-0.0106076848655939
2006,Dayton - OH,-0.0248147882670164,-0.007704521432519
2006,Daytona Beach - FL,-0.021145883962512,-8.61053317785e-05
2006,Decatur - AL,-0.0219170507192612,-0.0044344560205936
2006,Denver - CO,-0.0294792750068008,0.0071772738397121
2006,Detroit - MI,-0.0426928075179457,-0.0354887194894254
2006,Dover - DE,-0.0153888482749462,0.0042800447940825
2006,El Paso - TX,-0.0166539363712072,0.0096177338659762
2006,Elkhart - IN,-0.0259544765725731,-0.0068442140668631
2006,Erie - PA,-0.0249312780946493,-0.0072982170581818
2006,Eugene - OR,0.0037588681876658,0.0189605607688426
2006,Fayetteville - NC,-0.0272359438389539,-0.0029495720714331
2006,Flagstaff - AZ,-0.0072767604291439,0.0076342440247535
2006,Fort Collins - CO,-0.018354680404067,0.0129108569622039
2006,Fort Myers - FL,-0.0224485034272075,-0.0044339754581451
2006,Fort Wayne - IN,-0.023427731372416,-0.0054139745384455
2006,Fresno - CA,0.0053297560513019,0.0117808721065521
2006,Gainesville - FL,-0.0226342333629727,-0.0042398952841759
2006,Gainesville - GA,-0.0193843012824655,-0.0082021680623293
2006,Glens Falls - NY,-0.0161508061140776,-0.002436402156949
2006,Grand Rapids - MI,-0.0261355107799172,-0.0043683172166348
2006,Greensboro - NC,-0.0235466947928071,-0.0060294055342674
2006,Greenville - NC,-0.0204654168486595,-0.0035003450661898
2006,Greenville - SC,-0.0216691680401564,-0.002716476932168
2006,Gulfport-Biloxi-Pascagoula - MS,-0.0221853954866529,-0.0019720633476973
2006,Hanford-Corcoran - CA,0.0012564528584479,0.014109182268381
2006,Harrisburg - PA,-0.0163919553309679,0.0028220816552638
2006,Hartford - CT,-0.0233426280468702,-0.0223602064847946
2006,Hickory - NC,-0.0225764019563794,-0.0036223501861095
2006,Honolulu - HI,0.0401835087537766,0.0311114965975284
2006,Houston - TX,-0.0082051549255848,0.0086036167144774
2006,Huntsville - AL,-0.0150792058706284,-0.0011160661429167
2006,Indianapolis - IN,-0.0191935571059585,-0.0116705157756805
2006,Inland Empire - CA,0.0110587756931781,-0.0108693045526743
2006,Iowa City - IA,-0.0244874358326196,-0.0055472747385502
2006,Jackson - MI,-0.0241265241205692,-0.0034379203766584
2006,Jackson - MS,-0.0225190315544605,-0.0039981034547091
2006,Jackson - TN,-0.02132990026474,-0.00850161062181
2006,Jacksonville - FL,-0.0031633302718401,-0.0170374781787395
2006,Janesville-Beloit - WI,-0.0248353518694639,-0.0069346231371164
2006,Kalamazoo - MI,-0.025139025427401,-0.0091158998161554
2006,Kansas City - MO,-0.0293955058008432,0.0016906439363955
2006,Knoxville - TN,-0.0242157019823789,-0.0009794020056725
2006,La Crosse-Onalaska - WI,-0.0258403513729572,-0.0062702530026436
2006,Lafayette - LA,-0.0221552821025252,-0.0008690384179354
2006,Lakeland - FL,-0.0171991866230965,-0.003762661382556
2006,Lancaster - PA,-0.0171191338598728,0.0022118586152791
2006,Lansing - MI,-0.0235450370386243,-0.0092114609628916
2006,Laredo - TX,-0.0191934034377337,0.0135456948578357
2006,Las Cruces - NM,-0.0151843875795603,0.0121287583410739
2006,Las Vegas - NV,0.0203274208903313,-0.0029586506038904
2006,Lehigh Valley - PA,-0.0188412862047553,0.0031694426238536
2006,Lewiston-Auburn - ME,-0.0168074462711811,0.0030353806018828
2006,Lincoln - NE,-0.0246299831345677,-0.0080677297860384
2006,Little Rock - AR,-0.02243246512115,-0.0002282903492451
2006,Los Angeles - CA,0.0240062754452229,0.0131293564140797
2006,Louisville - KY,-0.0227216771021485,-0.0044420667886734
2006,Lubbock - TX,-0.0197619414106011,0.0131392768621444
2006,Lynchburg - VA,-0.0265905452109873,0.00540348431468
2006,Mansfield - OH,-0.0257903179302811,-0.0075687178373337
2006,McAllen - TX,-0.017277665451169,0.0117716818153857
2006,Medford - OR,0.0097961407005787,0.0173938005268573
2006,Melbourne - FL,-0.0218008253872395,-0.004450286641717
2006,Memphis - TN,-0.0382601604945957,-0.0177975985184312
2006,Merced - CA,0.0052843224108218,0.0030282131433486
2006,Miami - FL,0.0164911169409752,-0.0058847171217203
2006,Midland - TX,-0.0153081957399845,0.0114422432184219
2006,Milwaukee - WI,-0.0306306840069592,-0.0144015419259667
2006,Minneapolis - MN,-0.0246847989186644,-0.0041366283744574
2006,Mobile - AL,-0.0215105321407318,-0.0061853946149349
2006,Modesto - CA,-0.0065689180195332,0.0030361927151679
2006,Monroe - LA,-0.0218098135814071,-0.0014793154746294
2006,Monroe - MI,-0.0239118449538946,-0.0091316317170858
2006,Montgomery - AL,-0.0229884833246469,-0.006260909974575
2006,Muskegon - MI,-0.0228520743697882,-0.0072171323895454
2006,Napa - CA,0.0067392606139182,0.0181501909196377
2006,Naples - FL,-0.0222395276799798,-0.0063273784667253
2006,Nashville - TN,-0.0296312137655913,-8.30133408308e-05
2006,New Haven - CT,-0.0136124286949635,0.0008529062420129
2006,New York - NY,-0.0128784980773926,0.0506602740883826
2006,Niles-Benton Harbor - MI,-0.0255864346548914,-0.0064207454174757
2006,Norfolk - VA,0.0154413338601588,0.0025493941307067
2006,Northwest Arkansas - AR,-0.0272050034403801,-0.0027011753022671
2006,Norwich - CT,-0.0205686483681202,0.00211008182168
2006,Ocala - FL,-0.021526067532599,-0.0054131996780634
2006,Odessa - TX,-0.0108338706344366,0.0129933982193469
2006,Ogden - UT,-0.0160230789482594,0.0152782975733279
2006,Oklahoma City - OK,-0.0329193379878997,0.007318626254797
2006,Olympia - WA,0.0107613485157489,0.0180773875713347
2006,Omaha - NE,-0.0250497963428497,-0.0052058462947607
2006,Orlando - FL,0.01609700730443,-0.0220552099831402
2006,Pensacola - FL,-0.0220531206727028,-0.00683581353724
2006,Philadelphia - PA,-0.0143609233349562,0.0053701131641864
2006,Phoenix - AZ,-0.0125945881158113,-0.0082214762419462
2006,Pittsburgh - PA,-0.0091308709383011,-0.0056380377113819
2006,Port St. Lucie - FL,-0.0185237284898758,-0.0099990487992764
2006,Portland - ME,-0.018144426882267,0.0009090705811976
2006,Portland - OR,-0.0138352979123592,0.021990991294384
2006,Providence - RI,-0.0169868022352457,0.0011762744784354
2006,Provo - UT,-0.0136765018254519,0.0126338294744491
2006,Pueblo - CO,-0.0278967847265303,0.0239158934950828
2006,Racine - WI,-0.0220219390615821,-0.0064225540459156
2006,Raleigh - NC,-0.0265400116480886,-0.0002440855801105
2006,Reading - PA,-0.0183713883310556,0.0034752479791641
2006,Redding - CA,0.0051772463917732,0.0163842431306838
2006,Reno - NV,0.001589151084423,0.0075050584077835
2006,Richmond - VA,-0.0123236719667912,-0.0045905605852604
2006,Rochester - NY,-0.0175555851459503,0.0026645354032515
2006,Rockford - IL,-0.0256954124346375,-0.0065978773832321
2006,Rocky Mount - NC,-0.0218454422578216,-0.0026303016543388
2006,Sacramento - CA,-0.0188835039883852,-0.0053796553015709
2006,Saginaw - MI,-0.0253549264892935,-0.0072644230872393
2006,Saint Louis - MO,-0.0206938851773739,-0.0100296595096588
2006,Salinas - CA,0.0023059267401694,0.0090917973816395
2006,Salisbury - MD,-0.0122765377312899,0.0018990199118852
2006,Salt Lake City - UT,-0.0270790183134377,0.0619091755747795
2006,San Angelo - TX,-0.0160995088666677,0.013583979666233
2006,San Antonio - TX,-0.0221128761917353,-0.0030885980427265
2006,San Diego - CA,0.0187723617851734,-0.0046092131137848
2006,San Francisco - CA,0.0086169224083424,0.0391030601263046
2006,San Jose - CA,-0.0044056326299906,0.0486284337043762
2006,San Luis Obispo - CA,0.0078918281793593,0.0168097308874129
2006,Santa Barbara - CA,0.0081107932925224,0.0151138781607151
2006,Santa Cruz - CA,0.0031490381658077,0.0216561659276485
2006,Santa Fe - NM,-0.0125915613174438,0.009696613162756
2006,Santa Rosa - CA,-0.0057905856668949,0.0170035018622875
2006,Sarasota - FL,-0.0207679569870234,-0.0074161653369665
2006,Scranton - PA,-0.0169098712652922,0.0013369648754596
2006,Seattle - WA,-0.0008501652777195,0.0384768760800362
2006,Shreveport - LA,-0.0205005938336253,-0.0019795288294554
2006,Spartanburg - SC,-0.0223345849812031,-0.0019454703629017
2006,Spokane - WA,0.0049831066131591,0.0237564249932766
2006,Springfield - IL,-0.0251524662747979,-0.0065796793401241
2006,Springfield - MA,-0.0178106874376535,0.0025202437341213
2006,Springfield - MO,-0.0255307937189936,-0.0095958289653063
2006,Springfield - OH,-0.0254140496402978,-0.0057110720276833
2006,Stamford - CT,-0.0362938186302781,-0.0073977139741182
2006,State College - PA,-0.0162919480502605,0.002119143590331
2006,Stockton - CA,0.0081095602214335,0.0011770195364951
2006,Syracuse - NY,-0.0168328806906939,0.0024501523971558
2006,Tampa - FL,0.0095790754854678,-0.0070819416046143
2006,Toledo - OH,-0.0248846877515316,-0.0069676161706448
2006,Trenton - NJ,-0.0305838817879557,0.0087384573221207
2006,Tucson - AZ,-0.0157447196692228,0.0019349372982978
2006,Tyler - TX,-0.0148119982481003,0.0096108234524727
2006,Utica - NY,-0.0167940668910742,0.0030076234638691
2006,Vallejo-Fairfield - CA,-0.0076915249377489,0.0004325985014438
2006,Ventura - CA,0.002338698118925,0.0028674482405185
2006,Visalia - CA,0.0067780148088931,0.0115644513666629
2006,Waco - TX,-0.0163846351355314,0.0132317832708358
2006,Washington - DC,-0.0072071813195944,0.0146605885624885
2006,Wausau - WI,-0.0270972605943679,-0.0079217840880156
2006,Wichita - KS,-0.0255157174691557,-0.0029886447787285
2006,Wichita Falls - TX,-0.0173379369229078,0.0063955402970314
2006,Winston-Salem - NC,-0.0219981735721231,-0.0042006363123655
2006,Worcester - MA,-0.0145328231304884,0.0017907108217477
2006,Yakima - WA,0.0083015393316745,0.0218095249533652
2006,York - PA,-0.0156856328397989,0.0060409485399722
2006,Youngstown - OH,-0.0302937063537538,-0.0066707049459219
2006,Yuba City - CA,0.0057243946790694,0.008850297987461
2006,Yuma - AZ,-0.0145989488959312,-0.0017191142737865
2007,Akron - OH,-0.0377697026208043,-0.0239686754643917
2007,Albany - NY,-0.0191053714454174,-0.0302094666399061
2007,Albuquerque - NM,-0.0112664330601694,-0.0221255657374859
2007,Amarillo - TX,-0.010241177290678,-0.0296677381843328
2007,Anchorage - AK,0.038297999292612,-0.0294099909365177
2007,Ann Arbor - MI,-0.0400254003554582,-0.025840917892754
2007,Atlanta - GA,-0.0459834426958114,-0.0555194647163153
2007,Atlantic City - NJ,-0.0193851146697998,-0.0307803645841777
2007,Augusta - GA,0.007216934688389302,-0.0516701464653015
2007,Austin - TX,-0.0102734215408565,-0.0330569425709545
2007,Bakersfield - CA,0.036603819221258105,-0.0302291375696659
2007,Baltimore - MD,-0.0209321318045258,-0.0282367768809199
2007,Baton Rouge - LA,0.007901027441024798,-0.0551728152781725
2007,Beaumont - TX,-0.0034130684882402,-0.0199398503750563
2007,Bellingham - WA,0.038956232011318,-0.028708015859127
2007,Birmingham - AL,0.007653550818562498,-0.0519562329277396
2007,Blacksburg - VA,-0.0190261158943177,-0.0302496820800006
2007,Bloomington - IL,-0.0382296530380844,-0.0235974745005368
2007,Bloomington - IN,-0.0371173474788665,-0.0238182230964303
2007,Boise - ID,0.0331959050297735,-0.0299532388448715
2007,Boston - MA,-0.0542682950701564,-0.0209187747091054
2007,Bremerton - WA,0.033656980484723896,-0.0270874614939094
2007,Brownsville-Harlingen - TX,-0.010803180173039498,-0.0272342267557978
2007,Buffalo - NY,-0.0184338822811842,-0.0303774637281894
2007,Burlington - NC,0.006545250877737899,-0.0485537539348006
2007,Canton - OH,-0.0376509273275733,-0.0233282384574413
2007,Charleston - SC,0.008095114134251902,-0.0611481455266476
2007,Charlotte - NC,-0.038133956151083,-0.0523105424940586
2007,Chattanooga - TN,0.012232413157820702,-0.0533146013617516
2007,Chicago - IL,-0.005928635954857002,-0.0169969753473997
2007,Chico - CA,0.0296869460642337,-0.0312098789140582
2007,Cincinnati - OH,-0.045582844767719496,-0.0236777377426624
2007,Clarksville - TN,0.009834941118955498,-0.0530561993941665
2007,Cleveland - OH,-0.0271620306968689,-0.028743800997734
2007,College Station-Bryan - TX,-0.0083689786344767,-0.0250582222938538
2007,Colorado Springs - CO,-0.0343718178421259,-0.0343667928241193
2007,Columbus - OH,-0.0380945637673138,-0.0180307434052229
2007,Corpus Christi - TX,-0.008437725141644502,-0.0269950715005398
2007,Dallas-Fort Worth - TX,-0.0387253592573106,-0.0194667757600545
2007,Daphne-Fairhope-Foley - AL,0.0085105138048528,-0.0497283407598733
2007,Dayton - OH,-0.0375574029833078,-0.0246927750408649
2007,Daytona Beach - FL,0.006888182476162897,-0.0540031467676163
2007,Decatur - AL,0.006259701788425401,-0.0519176892116666
2007,Denver - CO,-0.040048261065036,-0.021552223071456
2007,Detroit - MI,-0.072741352030076,-0.0385656779394485
2007,Dover - DE,-0.0192645959407091,-0.0328172806762158
2007,El Paso - TX,-0.012927452459931401,-0.0238062984421849
2007,Elkhart - IN,-0.0380751689746975,-0.0237906335964799
2007,Erie - PA,-0.0377289190739393,-0.0226099391579627
2007,Eugene - OR,0.0344270799458024,-0.0278558706045151
2007,Fayetteville - NC,0.004307338610291495,-0.0508225637599826
2007,Flagstaff - AZ,-0.0038882199525834002,-0.0194849942922591
2007,Fort Collins - CO,-0.0144971482306719,-0.0254402480199932
2007,Fort Myers - FL,0.0017379937842487009,-0.0545201295167208
2007,Fort Wayne - IN,-0.0355017980411649,-0.0228284432664514
2007,Fresno - CA,0.024648077428340798,-0.0281408646255731
2007,Gainesville - FL,0.007811887763440498,-0.052739703387022
2007,Gainesville - GA,0.008570450000464903,-0.0480500108674169
2007,Glens Falls - NY,-0.0191499259173869,-0.0310582670494914
2007,Grand Rapids - MI,-0.0403099519982934,-0.0264783625602722
2007,Greensboro - NC,0.007390229605138299,-0.0516408498510718
2007,Greenville - NC,0.0067014169096947,-0.0493419815897942
2007,Greenville - SC,0.009019212439656098,-0.0562156283408403
2007,Gulfport-Biloxi-Pascagoula - MS,0.0082746321484445,-0.0580915690511465
2007,Hanford-Corcoran - CA,0.0274462249279021,-0.034567697264254
2007,Harrisburg - PA,-0.0176299217939377,-0.0325336626842618
2007,Hartford - CT,-0.040545544013381,-0.0304644515849649
2007,Hickory - NC,0.007569218628108502,-0.053521896071732
2007,Honolulu - HI,0.0906286534070969,-0.0388424302213825
2007,Houston - TX,-0.015082205072045201,-0.0114697490930557
2007,Huntsville - AL,0.0144658979177475,-0.0533533220291138
2007,Indianapolis - IN,-0.0375935587882996,-0.018425463989377
2007,Inland Empire - CA,0.025445058584213198,-0.0650994715392589
2007,Iowa City - IA,-0.0360739849358796,-0.0242605854868889
2007,Jackson - MI,-0.041394032895565,-0.0242134950235486
2007,Jackson - MS,0.007342874646186898,-0.0524471805542706
2007,Jackson - TN,0.010353594660759004,-0.0515831264778972
2007,Jacksonville - FL,0.0103081852346659,-0.0614928224235773
2007,Janesville-Beloit - WI,-0.0355183020085096,-0.0236477277353406
2007,Kalamazoo - MI,-0.037975021995604,-0.023170659609139
2007,Kansas City - MO,-0.047441143900155996,-0.020879338786006
2007,Knoxville - TN,0.007454977944493298,-0.0534039114713669
2007,La Crosse-Onalaska - WI,-0.037676057204604,-0.0235584353208542
2007,Lafayette - LA,0.010323197223246105,-0.0644500267803669
2007,Lakeland - FL,0.011461000531911802,-0.0526903041750193
2007,Lancaster - PA,-0.018102633193135098,-0.0317824001535773
2007,Lansing - MI,-0.0350179200842977,-0.022905494377017
2007,Laredo - TX,-0.0062431603521109005,-0.026598857074976
2007,Las Cruces - NM,-0.008882711067795899,-0.0265613974183797
2007,Las Vegas - NV,0.0353858877122402,-0.051833861798048
2007,Lehigh Valley - PA,-0.018900568954646597,-0.0320201356075704
2007,Lewiston-Auburn - ME,-0.017712604612112,-0.0314240235015749
2007,Lincoln - NE,-0.0372367011234164,-0.02125433768332
2007,Little Rock - AR,0.0074801944345236,-0.0553546466976404
2007,Los Angeles - CA,0.051805551737547,-0.0256495087519288
2007,Louisville - KY,0.008686295352876197,-0.0508999287262559
2007,Lubbock - TX,-0.0101666910424828,-0.0283773097321391
2007,Lynchburg - VA,-0.0199660573936999,-0.0356885255891829
2007,Mansfield - OH,-0.0379591392204165,-0.0243003483042121
2007,McAllen - TX,-0.006002901479601799,-0.0265557387024163
2007,Medford - OR,0.034061152130365396,-0.0300022245496511
2007,Melbourne - FL,-0.004229177147150102,-0.0542473022937775
2007,Memphis - TN,-0.0658177736997603,-0.04304707172513
2007,Merced - CA,0.014259419977664702,-0.0226703447401524
2007,Miami - FL,0.0550406497120857,-0.0791275774240494
2007,Midland - TX,-0.0071260001361370985,-0.0292056112661957
2007,Milwaukee - WI,-0.0475273494459689,-0.0261922174245119
2007,Minneapolis - MN,-0.0278182098492979,-0.0235564488098024
2007,Mobile - AL,0.008693363159894999,-0.0519530608430505
2007,Modesto - CA,-0.0023066144287587,-0.0338386248908937
2007,Monroe - LA,0.011086032368242599,-0.0614729964286089
2007,Monroe - MI,-0.0355319887250662,-0.0259018720239401
2007,Montgomery - AL,0.0068976372629404,-0.0535180208384991
2007,Muskegon - MI,-0.0350881483256817,-0.0239443241730332
2007,Napa - CA,0.0164289396405218,-0.0235949403718114
2007,Naples - FL,0.004676526986062499,-0.0591343467235565
2007,Nashville - TN,-0.0380858572982251,-0.0276139455959201
2007,New Haven - CT,-0.0130690861344338,-0.0305238378345966
2007,New York - NY,0.024078808367252298,-0.0503422183096409
2007,Niles-Benton Harbor - MI,-0.0378844396993517,-0.0231595358923078
2007,Norfolk - VA,0.0262882743179796,-0.0247221219465137
2007,Northwest Arkansas - AR,0.007557503521442299,-0.0522946662381291
2007,Norwich - CT,-0.0206255953609942,-0.0305548359751701
2007,Ocala - FL,0.009869343243539299,-0.0581404020190239
2007,Odessa - TX,-4.3711051344898916e-05,-0.0275321391522884
2007,Ogden - UT,-0.0066505972146989,-0.027275594241917
2007,Oklahoma City - OK,-0.0481293782442807,-0.0077502125054597
2007,Olympia - WA,0.0386636067330835,-0.0287249957323074
2007,Omaha - NE,-0.0378312490731477,-0.0242761264666915
2007,Orlando - FL,0.056010331600904496,-0.0575838082581758
2007,Pensacola - FL,0.0061136629581451,-0.0564842403978109
2007,Philadelphia - PA,-0.024537194877863,-0.0156784963905811
2007,Phoenix - AZ,0.011149769291281699,-0.0730752323865891
2007,Pittsburgh - PA,-0.0208734817653895,-0.02873426425457
2007,Port St. Lucie - FL,0.013905562102794599,-0.052377717860043
2007,Portland - ME,-0.0207696355730294,-0.0285242193490266
2007,Portland - OR,-0.009020280450582601,-0.0203436010628938
2007,Providence - RI,-0.0205948226004839,-0.0321991423256695
2007,Provo - UT,-0.0066290259212256,-0.0269963902533054
2007,Pueblo - CO,-0.0182751928307116,-0.0346591002885252
2007,Racine - WI,-0.0343188097551465,-0.0236431884691118
2007,Raleigh - NC,-0.0239271883703767,-0.034575990691781
2007,Reading - PA,-0.0182191155701876,-0.0308984134458005
2007,Redding - CA,0.0294021364450453,-0.0304974660389125
2007,Reno - NV,0.0260119024813174,-0.0354400710780173
2007,Richmond - VA,-0.0011621977984906003,-0.0280107895955443
2007,Rochester - NY,-0.0197783581763506,-0.0305565184094011
2007,Rockford - IL,-0.0374000606909394,-0.0243327415660024
2007,Rocky Mount - NC,0.010223806478083002,-0.0538100761473179
2007,Sacramento - CA,-0.0195602685064077,-0.0364407172305509
2007,Saginaw - MI,-0.0384133731797337,-0.0244244041964412
2007,Saint Louis - MO,-0.0336910154521465,-0.0341242184508591
2007,Salinas - CA,0.0172962095737456,-0.0172196955531836
2007,Salisbury - MD,-0.0088225699812175,-0.029280966438353
2007,Salt Lake City - UT,-0.014556367773562699,-0.0006737162470817
2007,San Angelo - TX,-0.008017817869782501,-0.0236419255957006
2007,San Antonio - TX,-0.025547957405448,-0.024368853598833
2007,San Diego - CA,0.0453138906657696,-0.0343139877654612
2007,San Francisco - CA,0.0557185147106648,-0.0050717418193816
2007,San Jose - CA,0.039059003457427,-0.0285622908845543
2007,San Luis Obispo - CA,0.0310612466335295,-0.0284363369569182
2007,Santa Barbara - CA,0.0314083431065081,-0.0276921729668975
2007,Santa Cruz - CA,0.0285727825164795,-0.0198138424307108
2007,Santa Fe - NM,-0.0051152709722518995,-0.0362399259461089
2007,Santa Rosa - CA,0.00267715716362,-0.0316432628892362
2007,Sarasota - FL,0.005372346952557398,-0.0503403947800398
2007,Scranton - PA,-0.018558472752571102,-0.0317566118314862
2007,Seattle - WA,0.0270645391345024,-0.0117963546067475
2007,Shreveport - LA,0.008706406332552399,-0.0517984314933419
2007,Spartanburg - SC,0.012245114535093301,-0.0593509295135736
2007,Spokane - WA,0.0338944193124769,-0.0294406929165124
2007,Springfield - IL,-0.037607741899788404,-0.022801322221756
2007,Springfield - MA,-0.0193398561179637,-0.0295809156373143
2007,Springfield - MO,-0.0376953923925757,-0.0229045164883137
2007,Springfield - OH,-0.0375136010199784,-0.0231519586518407
2007,Stamford - CT,-0.0471898125335574,-0.0439998352080583
2007,State College - PA,-0.018425006777048003,-0.0306090170629322
2007,Stockton - CA,0.020562220007180998,-0.0282839167043566
2007,Syracuse - NY,-0.0183165449500083,-0.0311695754639804
2007,Tampa - FL,0.0376409959197042,-0.0503753435909748
2007,Toledo - OH,-0.037656022593378996,-0.0256779280602931
2007,Trenton - NJ,-0.0266318129226566,-0.0333516758978366
2007,Tucson - AZ,-0.008025674507021999,-0.0347953742016106
2007,Tyler - TX,-0.0034319091439247006,-0.0242731965258718
2007,Utica - NY,-0.0179830867648125,-0.0321191812977194
2007,Vallejo-Fairfield - CA,-0.0073183350116014,-0.0259799792543054
2007,Ventura - CA,0.0282840427160261,-0.045925889454782
2007,Visalia - CA,0.0315174643099306,-0.0326679407730698
2007,Waco - TX,-0.009841686472296801,-0.0289957004711031
2007,Washington - DC,0.0127314232438802,-0.0160090022832154
2007,Wausau - WI,-0.0367675408571958,-0.0242407669425011
2007,Wichita - KS,-0.0429473811611532,-0.0209055424779654
2007,Wichita Falls - TX,-0.0122670441716909,-0.0278813348263501
2007,Winston-Salem - NC,0.010108439825475095,-0.0561810222566128
2007,Worcester - MA,-0.0216956421583891,-0.0303170153051614
2007,Yakima - WA,0.0384596321880817,-0.029474350914359
2007,York - PA,-0.0219693355113268,-0.0304760591238737
2007,Youngstown - OH,-0.0386726110093296,-0.0231321652531623
2007,Yuba City - CA,0.0297749933004378,-0.0294069660007953
2007,Yuma - AZ,-0.0091683085858822,-0.0232186730131506
2008,Akron - OH,-0.0460589996352792,-0.0180893416553736
2008,Albany - NY,-0.0160974648594857,-0.0261161017268896
2008,Albuquerque - NM,-0.0030166034400465006,-0.0228614292144775
2008,Amarillo - TX,0.0003166261315345996,-0.0253155536055565
2008,Anchorage - AK,0.05803114801645261,-0.0606132007241248
2008,Ann Arbor - MI,-0.0455331609398126,-0.0200634307265282
2008,Atlanta - GA,-0.0606050160992891,-0.0297496437132358
2008,Atlantic City - NJ,-0.0186341901123525,-0.020856835603714
2008,Augusta - GA,0.0039619689062238015,-0.0317396975159645
2008,Austin - TX,0.006470304653048299,-0.0394193983674049
2008,Bakersfield - CA,0.05148799970746021,-0.0566259219348431
2008,Baltimore - MD,-0.0219168777391314,-0.0015487109348177
2008,Baton Rouge - LA,0.0019442408531903984,-0.0231485801786184
2008,Beaumont - TX,0.012269385829567998,-0.0192448689639568
2008,Bellingham - WA,0.056920344680547505,-0.0609474784731865
2008,Birmingham - AL,0.0030516634881495976,-0.0279386832416058
2008,Blacksburg - VA,-0.0157364544272425,-0.0304082452356815
2008,Bloomington - IL,-0.0467213376238941,-0.0169112782031298
2008,Bloomington - IN,-0.043391234502196195,-0.016261537283659
2008,Boise - ID,0.051016500890254696,-0.0587607628703116
2008,Boston - MA,-0.051457609077915606,-0.0367273732125758
2008,Bremerton - WA,0.0502442035079001,-0.0495249933600425
2008,Brownsville-Harlingen - TX,0.0037527277320622016,-0.0319043329954147
2008,Buffalo - NY,-0.0148993872851133,-0.0262871521562338
2008,Burlington - NC,-0.0017814182490111016,-0.0269609230607748
2008,Canton - OH,-0.043612551204860205,-0.0185381106138229
2008,Charleston - SC,0.008583284653723001,-0.0271871264129877
2008,Charlotte - NC,-0.0391084295976906,-0.0598187453150749
2008,Chattanooga - TN,0.009064621031284302,-0.0267345427572727
2008,Chicago - IL,0.019393934607505596,-0.0188067021816969
2008,Chico - CA,0.046042858362197805,-0.0503813630938529
2008,Cincinnati - OH,-0.057412655819207396,-0.0134553021788597
2008,Clarksville - TN,0.005234037265181398,-0.0317846654951572
2008,Cleveland - OH,-0.0433039574697614,-0.0149589690417051
2008,College Station-Bryan - TX,-0.0005113475769759988,-0.0307881466150284
2008,Colorado Springs - CO,-0.0300335430353881,-0.0294197618067264
2008,Columbus - OH,-0.0399620842933653,0.001162870131433
2008,Corpus Christi - TX,0.0044663368910549985,-0.0295894711315632
2008,Dallas-Fort Worth - TX,-0.0440480883978307,-0.0182607832401991
2008,Daphne-Fairhope-Foley - AL,-0.0020971710607410998,-0.0298280126452446
2008,Dayton - OH,-0.0452619244158268,-0.0165156039446592
2008,Daytona Beach - FL,0.006802077144384397,-0.0344400188922882
2008,Decatur - AL,0.0018252457678318004,-0.0264257459938526
2008,Denver - CO,-0.0328709872253239,-0.0385913371145724
2008,Detroit - MI,-0.1082300715195014,-0.0192571698725224
2008,Dover - DE,-0.0149845511466266,-0.0206310196816921
2008,El Paso - TX,-0.0033097185939552007,-0.0301678634285927
2008,Elkhart - IN,-0.0449193830415606,-0.0185636214017868
2008,Erie - PA,-0.0450271361321211,-0.0176818694025278
2008,Eugene - OR,0.053387640714644996,-0.0569360337257384
2008,Fayetteville - NC,0.0013577665388583952,-0.0280148877799511
2008,Flagstaff - AZ,0.0037460240721700995,-0.0199010881632566
2008,Fort Collins - CO,-0.0015862912684679997,-0.0316214903295039
2008,Fort Myers - FL,-0.002695981673896399,-0.0363490774333477
2008,Fort Wayne - IN,-0.0409157725796104,-0.0112004957199096
2008,Fresno - CA,0.036428949534892896,-0.0469878061711788
2008,Gainesville - FL,0.003571992479264598,-0.0272355123460293
2008,Gainesville - GA,0.000368281938135602,-0.0295988327860832
2008,Glens Falls - NY,-0.0215863280743359,-0.0165698776990175
2008,Grand Rapids - MI,-0.04467826921492821,-0.0156065884083509
2008,Greensboro - NC,0.0013608240708708986,-0.0236644248515368
2008,Greenville - NC,0.0032010718435049,-0.0252726550251245
2008,Greenville - SC,0.006302735507488099,-0.0245748280584812
2008,Gulfport-Biloxi-Pascagoula - MS,0.006302568800747201,-0.0266072812527418
2008,Hanford-Corcoran - CA,0.0415554071962831,-0.0451762086749076
2008,Harrisburg - PA,-0.0148078401386739,-0.0218103534579277
2008,Hartford - CT,-0.0629057504981756,-0.0301518186032772
2008,Hickory - NC,0.003946868441999002,-0.025189009219408
2008,Honolulu - HI,0.1217401500046253,-0.0497526421248913
2008,Houston - TX,-0.0064785883575678,-0.0145954514890908
2008,Huntsville - AL,0.0133498317748308,-0.0308824113607407
2008,Indianapolis - IN,-0.0492640745639801,-0.0085702153891325
2008,Inland Empire - CA,0.014575754031538898,-0.041042160898447
2008,Iowa City - IA,-0.0416212596744298,-0.0185488804280758
2008,Jackson - MI,-0.044831953272223404,-0.018603826597333
2008,Jackson - MS,0.0033447711914777987,-0.0274974747598171
2008,Jackson - TN,0.001851984038949003,-0.023759026736021
2008,Jacksonville - FL,-0.0067292929440736,-0.0322059324979781
2008,Janesville-Beloit - WI,-0.042452925145626,-0.0179736564904451
2008,Kalamazoo - MI,-0.047090921811759404,-0.0153928796797991
2008,Kansas City - MO,-0.045750499963760495,-0.0135986345857382
2008,Knoxville - TN,0.006475575938820798,-0.0294097631275653
2008,La Crosse-Onalaska - WI,-0.043946310207247596,-0.0159030600488186
2008,Lafayette - LA,0.009454158805310704,-0.02070812946558
2008,Lakeland - FL,0.007698339149355802,-0.0288406281769276
2008,Lancaster - PA,-0.015890774577856,-0.0248898702710867
2008,Lansing - MI,-0.0442293810471893,-0.0159155211448669
2008,Laredo - TX,0.0073025345057248,-0.0342557027041912
2008,Las Cruces - NM,0.003246047273278001,-0.0334800190329551
2008,Las Vegas - NV,0.0324272371083498,-0.0753985053896904
2008,Lehigh Valley - PA,-0.015731126330793,-0.0236073403656483
2008,Lewiston-Auburn - ME,-0.0146772240102292,-0.0255893885195255
2008,Lincoln - NE,-0.045304430909454796,-0.0191821220368147
2008,Little Rock - AR,0.0072519040852785,-0.026859587714076
2008,Los Angeles - CA,0.0649349081516267,-0.0658988810181618
2008,Louisville - KY,0.004244228564202797,-0.0278278558552265
2008,Lubbock - TX,0.002972585819661599,-0.027707428395748
2008,Lynchburg - VA,-0.0145625730790199,-0.0228165748566389
2008,Mansfield - OH,-0.0455278570577502,-0.0153154662847518
2008,McAllen - TX,0.005768780335783902,-0.0310600779056549
2008,Medford - OR,0.05145495265722269,-0.0555862604677677
2008,Melbourne - FL,-0.008679463788867102,-0.028795313745737
2008,Memphis - TN,-0.0836153722181915,-0.0352160415649414
2008,Merced - CA,0.0172876331210133,-0.0346150553822516
2008,Miami - FL,0.0491559325903654,-0.034366187363863
2008,Midland - TX,0.004316243082284801,-0.0243236727118492
2008,Milwaukee - WI,-0.06192889137193559,-0.0279221280515194
2008,Minneapolis - MN,-0.0319548382237553,-0.0238144106268883
2008,Mobile - AL,0.002507968544960099,-0.0263182452917099
2008,Modesto - CA,0.0007295782864092,-0.0487780055999755
2008,Monroe - LA,0.009606716893613199,-0.0266693743914366
2008,Monroe - MI,-0.044663620442152004,-0.017285355091095
2008,Montgomery - AL,0.0006367272883654003,-0.023293749153614
2008,Muskegon - MI,-0.0423052807152271,-0.0174188024401665
2008,Napa - CA,0.0345791305601595,-0.0423043749332427
2008,Naples - FL,-0.0016508514806628004,-0.0289905040562153
2008,Nashville - TN,-0.0381688706390559,-0.0217423929870129
2008,New Haven - CT,-0.0122161798924209,-0.0242682273536921
2008,New York - NY,0.0747390824556349,-0.0808597064614295
2008,Niles-Benton Harbor - MI,-0.0443051851168274,-0.0155175409317016
2008,Norfolk - VA,0.0288376684486863,0.0108316855467855
2008,Northwest Arkansas - AR,0.004856328219175199,-0.0298755771517754
2008,Norwich - CT,-0.018515513539314202,-0.0227513040453196
2008,Ocala - FL,0.004456143565475899,-0.0251225910186768
2008,Odessa - TX,0.012949687168002,-0.0292709513604641
2008,Ogden - UT,0.008627700358629,-0.0333406708240509
2008,Oklahoma City - OK,-0.0408107519894837,-0.0240506741255522
2008,Olympia - WA,0.0567409943044182,-0.056381542891264
2008,Omaha - NE,-0.0430370953679084,-0.0208026810586452
2008,Orlando - FL,0.033955121617764296,-0.0370136245191096
2008,Pensacola - FL,-0.0007221505790949,-0.0299838936924933
2008,Philadelphia - PA,-0.0191670817136766,0.0020610000202432
2008,Phoenix - AZ,0.0029282930493354994,-0.0644971436858177
2008,Pittsburgh - PA,-0.0265115194767714,-0.010485134743154
2008,Port St. Lucie - FL,0.003906513303518199,-0.0287474810183047
2008,Portland - ME,-0.0198605649918318,-0.0286283797621727
2008,Portland - OR,0.0129707108438014,-0.0403444475531578
2008,Providence - RI,-0.0194185481220485,-0.0248293641060591
2008,Provo - UT,0.0060048035532235,-0.0346890545487404
2008,Pueblo - CO,0.005640700664371202,-0.0222029785662889
2008,Racine - WI,-0.0407413638010621,-0.0176659810394049
2008,Raleigh - NC,-0.0241712739504872,-0.0305364287495613
2008,Reading - PA,-0.0147438675910235,-0.0257554079443216
2008,Redding - CA,0.045786379575729105,-0.0485526404380798
2008,Reno - NV,0.0335169608891009,-0.0613796568512916
2008,Richmond - VA,-0.005752758383751,-0.0071103821545839
2008,Rochester - NY,-0.0171138227730991,-0.0240844122171402
2008,Rockford - IL,-0.0439979380741715,-0.0171168192327023
2008,Rocky Mount - NC,0.007593504823744202,-0.0305028080046176
2008,Sacramento - CA,-0.0249399238079786,-0.0410065284967422
2008,Saginaw - MI,-0.045677796266973,-0.0158383927345275
2008,Saint Louis - MO,-0.043720674961805296,-0.015431296736002
2008,Salinas - CA,0.0263880069553851,-0.0473752363622188
2008,Salisbury - MD,-0.0069235500693323,-0.0256966563910246
2008,Salt Lake City - UT,0.0473528078012168,-0.0339684418439864
2008,San Angelo - TX,0.005566161796450499,-0.0284462577700615
2008,San Antonio - TX,-0.028636555448174502,-0.0165863025039434
2008,San Diego - CA,0.0407046775519848,-0.0191408514082432
2008,San Francisco - CA,0.0948215748369694,-0.0623603022694587
2008,San Jose - CA,0.0876874371618032,-0.0791669345498085
2008,San Luis Obispo - CA,0.047870977520942395,-0.0526728971898556
2008,Santa Barbara - CA,0.0465222212672232,-0.0500407188236712
2008,Santa Cruz - CA,0.050228948444128,-0.0553197606503963
2008,Santa Fe - NM,0.0045813421905041,-0.0324666990935802
2008,Santa Rosa - CA,0.019680659025907498,-0.0472366592884063
2008,Sarasota - FL,-0.002043818384409102,-0.0390125370621681
2008,Scranton - PA,-0.017221507877111502,-0.020776604026556
2008,Seattle - WA,0.0655414152145386,-0.0795714563727379
2008,Shreveport - LA,0.006726877503096999,-0.0279005139172076
2008,Spartanburg - SC,0.010299644172191601,-0.0271875939369202
2008,Spokane - WA,0.0576508443057535,-0.0659942484498024
2008,Springfield - IL,-0.044187421239912504,-0.0143345638215542
2008,Springfield - MA,-0.0168196123838424,-0.0238908666223288
2008,Springfield - MO,-0.047291221357882,-0.0156040030568838
2008,Springfield - OH,-0.0432246730476617,-0.0177491202056408
2008,Stamford - CT,-0.0545875265076756,-0.050992128163576
2008,State College - PA,-0.016305863186717003,-0.0243438302576542
2008,Stockton - CA,0.021739239543676098,-0.0508412688076495
2008,Syracuse - NY,-0.0158663925528525,-0.0235017917156219
2008,Tampa - FL,0.030559054315089897,-0.0243443219959736
2008,Toledo - OH,-0.044623638764023796,-0.0170122969001532
2008,Trenton - NJ,-0.017893355600535902,-0.0242506328076123
2008,Tucson - AZ,-0.006090737208724199,-0.0265261220782995
2008,Tyler - TX,0.0061789143085479985,-0.0076627141833304
2008,Utica - NY,-0.0149754633009434,-0.0241882230192423
2008,Vallejo-Fairfield - CA,-0.0068857365101576,-0.050941039532423
2008,Ventura - CA,0.031151490956544597,-0.0476148097813129
2008,Visalia - CA,0.043081915676593495,-0.0508185743391514
2008,Waco - TX,0.0033900967985389992,-0.0294425307810306
2008,Washington - DC,0.027392011806368702,0.01208622315526
2008,Wausau - WI,-0.0446893249452114,-0.0185479602813721
2008,Wichita - KS,-0.0459360259398817,-0.0163022267669439
2008,Wichita Falls - TX,-0.0058715038746595,-0.0228237330019474
2008,Winston-Salem - NC,0.005907803513109594,-0.0261313865929842
2008,Worcester - MA,-0.019904931336641403,-0.0262052665501833
2008,Yakima - WA,0.0602691571414469,-0.0716640806794167
2008,York - PA,-0.0159283869713546,-0.0250317516773939
2008,Youngstown - OH,-0.045343315955251505,-0.017644426509738
2008,Yuba City - CA,0.0386252912878988,-0.0457648008167744
2008,Yuma - AZ,-0.0108874228596687,-0.0124454244077206
2009,Akron - OH,-0.0700276750996709,-0.0140216203257441
2009,Albany - NY,-0.0463069314993918,0.0013216182738543
2009,Albuquerque - NM,-0.025142169177532397,-0.0090881783366203
2009,Amarillo - TX,-0.029351112052798202,-0.0133489418625831
2009,Anchorage - AK,0.028621157079934907,-0.0085077822990715
2009,Ann Arbor - MI,-0.0713740788325666,-0.0097372598797082
2009,Atlanta - GA,-0.1161244808156044,-0.0207654411755502
2009,Atlantic City - NJ,-0.0494145546965302,-0.0013044673800467
2009,Augusta - GA,-0.0477081775590777,-0.0048441385701299
2009,Austin - TX,-0.0265866379179062,-0.0038640146926045
2009,Bakersfield - CA,0.021258862137794307,-0.0080432465150952
2009,Baltimore - MD,-0.0501536546200513,0.0153175395131111
2009,Baton Rouge - LA,-0.0532285744249821,-0.0077394137009978
2009,Beaumont - TX,-0.007670464545488302,-0.0218663645759224
2009,Bellingham - WA,0.028212328821420506,-0.0088132351487875
2009,Birmingham - AL,-0.04890456943959,-0.0102144490778446
2009,Blacksburg - VA,-0.0459861365072431,0.0050332814604043
2009,Bloomington - IL,-0.07031881212443089,-0.0152189270560629
2009,Bloomington - IN,-0.0672094575986265,-0.0139796754196286
2009,Boise - ID,0.021063262045383196,-0.0092619440369308
2009,Boston - MA,-0.072376383787021,0.0048350364118813
2009,Bremerton - WA,0.0231567420139907,0.002095415085554
2009,Brownsville-Harlingen - TX,-0.0234814990237356,-0.0185840725284069
2009,Buffalo - NY,-0.0452768510133027,0.0007040172964333
2009,Burlington - NC,-0.050335172183811706,-0.0112421085909009
2009,Canton - OH,-0.0669407896623015,-0.0150862555569037
2009,Charleston - SC,-0.0525648608729246,-0.0052378514632583
2009,Charlotte - NC,-0.0914189720917492,-0.0319785244613886
2009,Chattanooga - TN,-0.044249980330467294,-0.0098577725552022
2009,Chicago - IL,0.0023969592601058957,0.000243401914835
2009,Chico - CA,0.014832979448139605,-0.0115840380862355
2009,Cincinnati - OH,-0.0810903935618698,-0.0095005735605955
2009,Clarksville - TN,-0.0478221621289851,-0.0042157258689404
2009,Cleveland - OH,-0.07204775846749539,-0.0169664086392149
2009,College Station-Bryan - TX,-0.025569569870829797,-0.0138543885517865
2009,Colorado Springs - CO,-0.0644003358595074,-0.0034069821089505
2009,Columbus - OH,-0.0579928276985882,-0.006406566299498
2009,Corpus Christi - TX,-0.0225287346094848,-0.0149874974125996
2009,Dallas-Fort Worth - TX,-0.0635148641578852,-0.0127200013343244
2009,Daphne-Fairhope-Foley - AL,-0.0518255118206144,-0.0055555432885885
2009,Dayton - OH,-0.0699546994566917,-0.0159494922740268
2009,Daytona Beach - FL,-0.0472010696232319,-0.0076650019586086
2009,Decatur - AL,-0.050092443443834796,-0.0085760990008711
2009,Denver - CO,-0.054423210296779906,0.0276052717268467
2009,Detroit - MI,-0.1467957494589499,-0.0260380592048167
2009,Dover - DE,-0.0478018318228424,-0.005815822802484
2009,El Paso - TX,-0.0271160170361401,-0.0120108362138271
2009,Elkhart - IN,-0.0687100166380405,-0.0153294260930269
2009,Erie - PA,-0.06763707529008381,-0.0166873583770357
2009,Eugene - OR,0.025531770110129897,-0.0073516929373145
2009,Fayetteville - NC,-0.04946479722112421,-0.0096776780523359
2009,Flagstaff - AZ,-0.015738970220089,-0.0091873772293329
2009,Fort Collins - CO,-0.0270265392884612,-0.006845494903624
2009,Fort Myers - FL,-0.057216111190617196,-0.011057706721127
2009,Fort Wayne - IN,-0.0637442158460618,-0.0156308253030292
2009,Fresno - CA,0.008288084909319798,-0.009456007912755
2009,Gainesville - FL,-0.0491677109077574,-0.0094642096050083
2009,Gainesville - GA,-0.0476817289292813,-0.0108588027618825
2009,Glens Falls - NY,-0.0526445951238273,-0.002276307143271
2009,Grand Rapids - MI,-0.0711566317752004,-0.0138430322371423
2009,Greensboro - NC,-0.0502800257802009,-0.010528884999454
2009,Greenville - NC,-0.0461409097462893,-0.0083521284945309
2009,Greenville - SC,-0.0499128928333522,-0.0063727555647492
2009,Gulfport-Biloxi-Pascagoula - MS,-0.0517890002503993,-0.0080722134411335
2009,Hanford-Corcoran - CA,0.006987709932029101,-0.0114051449894905
2009,Harrisburg - PA,-0.0473415028229357,-0.0004782697036861
2009,Hartford - CT,-0.0933702020831405,-0.0169673486929386
2009,Hickory - NC,-0.049575027629733,-0.0094148141182959
2009,Honolulu - HI,0.08289771978324281,0.0214034158885478
2009,Houston - TX,-0.0179483374506235,-0.013752834809944
2009,Huntsville - AL,-0.040003490254283,-0.0077652029544115
2009,Indianapolis - IN,-0.0676895385533571,-0.0217640634477138
2009,Inland Empire - CA,-0.050523717507719994,-0.0219349834918975
2009,Iowa City - IA,-0.0658818451613187,-0.0153834080523811
2009,Jackson - MI,-0.069045448295772,-0.0175898634446784
2009,Jackson - MS,-0.049102409362792795,-0.0095293402522802
2009,Jackson - TN,-0.049731142438948196,-0.0090487792007625
2009,Jacksonville - FL,-0.0682221153676509,-0.0141124585028737
2009,Janesville-Beloit - WI,-0.0661006528809666,-0.0153937250692397
2009,Kalamazoo - MI,-0.0702615814208984,-0.0149047029521316
2009,Kansas City - MO,-0.0666298387497665,-0.0114908248037099
2009,Knoxville - TN,-0.046928335532546106,-0.0081829514205455
2009,La Crosse-Onalaska - WI,-0.06750474552810179,-0.0195442733205854
2009,Lafayette - LA,-0.0549958679750562,-0.0066575363129377
2009,Lakeland - FL,-0.044991965025663494,-0.0040175562575459
2009,Lancaster - PA,-0.0476731747314333,-9.86523777245e-05
2009,Lansing - MI,-0.06713487542420629,-0.0151201211232692
2009,Laredo - TX,-0.0192963225692512,-0.0234073881842196
2009,Las Cruces - NM,-0.0233153501451017,-0.0140514063499867
2009,Las Vegas - NV,-0.0194066246896982,-0.0373705860078335
2009,Lehigh Valley - PA,-0.047751261938363404,-0.0017635982334614
2009,Lewiston-Auburn - ME,-0.046101247511804104,-0.0001045513749123
2009,Lincoln - NE,-0.06655876859277479,-0.0162534418890718
2009,Little Rock - AR,-0.048102742612361894,-0.0079167105108499
2009,Los Angeles - CA,0.0392853993996979,-0.0254772074371576
2009,Louisville - KY,-0.0466557001620531,-0.006821206010878
2009,Lubbock - TX,-0.0254047239124775,-0.0154532386190257
2009,Lynchburg - VA,-0.05025109866820281,-0.0018874203637242
2009,Mansfield - OH,-0.0698282053619623,-0.0148448506919667
2009,McAllen - TX,-0.0207869583666324,-0.0153192025576718
2009,Medford - OR,0.02145272810757159,-0.0076720194742083
2009,Melbourne - FL,-0.06292676608264461,-0.0098339521177113
2009,Memphis - TN,-0.1266624439433215,-0.0208220087774097
2009,Merced - CA,-0.0053827116191390995,-0.0071251151934266
2009,Miami - FL,-0.029971644833683996,-0.0033573565855622
2009,Midland - TX,-0.0248893681839109,-0.0167638548268005
2009,Milwaukee - WI,-0.0881211087964475,-0.0306008664742112
2009,Minneapolis - MN,-0.0555112870335577,-0.0027021255195141
2009,Mobile - AL,-0.0494450922980904,-0.0102737976089119
2009,Modesto - CA,-0.03310904660448449,-0.0097233952805399
2009,Monroe - LA,-0.0518662795349957,-0.0055667573437095
2009,Monroe - MI,-0.0705654924660921,-0.0159344468888011
2009,Montgomery - AL,-0.052881293550133705,-0.0108170138522982
2009,Muskegon - MI,-0.0662496048882603,-0.0144669004334136
2009,Napa - CA,0.010984190188348102,-0.0046518800631166
2009,Naples - FL,-0.0607851982042193,-0.0121387207731604
2009,Nashville - TN,-0.065782816234976,0.0033638354539871
2009,New Haven - CT,-0.0427400177270175,-0.0014585845023393
2009,New York - NY,0.024396864145994006,0.016720223069191
2009,Niles-Benton Harbor - MI,-0.0674647210091352,-0.0139901809711009
2009,Norfolk - VA,0.0041155465021726,-0.0122028660811483
2009,Northwest Arkansas - AR,-0.047438338018953904,-0.0074867430925369
2009,Norwich - CT,-0.0490703495144843,-0.000333075582981
2009,Ocala - FL,-0.053684258453548,-0.0051732782125473
2009,Odessa - TX,-0.0145824519842864,-0.0153926134193316
2009,Ogden - UT,-0.018647893883288,-0.0131504006534814
2009,Oklahoma City - OK,-0.048560964494943404,-0.0149117699442431
2009,Olympia - WA,0.028015998572110803,-0.0017688136398792
2009,Omaha - NE,-0.0673132218345999,-0.0145878883162513
2009,Orlando - FL,-0.023628686640411505,-0.015838259871467
2009,Pensacola - FL,-0.0572063909769058,-0.0036278638839721
2009,Philadelphia - PA,-0.0348455781042577,0.0093491997718811
2009,Phoenix - AZ,-0.0701469393372536,0.0003961891084908
2009,Pittsburgh - PA,-0.0552457837313414,0.0022875748723744
2009,Port St. Lucie - FL,-0.0484712045565248,-0.0072476288154721
2009,Portland - ME,-0.0483847843408584,0.0005124516934155
2009,Portland - OR,-0.0073728902190924005,0.0021668046861887
2009,Providence - RI,-0.051617690447717995,0.0002434428930283
2009,Provo - UT,-0.0209915867000819,-0.0146299579031765
2009,Pueblo - CO,-0.029018399624154,-0.0155880133355967
2009,Racine - WI,-0.0643845522701739,-0.0135343269761651
2009,Raleigh - NC,-0.058747264642268204,0.0133210931122303
2009,Reading - PA,-0.045642281036824,0.0011873718500137
2009,Redding - CA,0.015288913536816606,-0.0071103714257478
2009,Reno - NV,-0.0019231101889163951,-0.0150638417657464
2009,Richmond - VA,-0.0337635479792953,-0.0286518411561847
2009,Rochester - NY,-0.0476703411825002,0.0001680690944194
2009,Rockford - IL,-0.0683306796401739,-0.0125311558917164
2009,Rocky Mount - NC,-0.046216571323573694,-0.0079479470700025
2009,Sacramento - CA,-0.0613806410385295,-0.0152763229529373
2009,Saginaw - MI,-0.0701022004634142,-0.0147628360977396
2009,Saint Louis - MO,-0.0778448934126644,-0.012544097084552
2009,Salinas - CA,0.0091683114022015,-0.0058487832397223
2009,Salisbury - MD,-0.036204516507685296,0.0003622107356787
2009,Salt Lake City - UT,0.0466790915541351,-0.0281617391705513
2009,San Angelo - TX,-0.018075763799250102,-0.0084732544459402
2009,San Antonio - TX,-0.0530054090470075,-0.0054727822393178
2009,San Diego - CA,0.006390689786523601,-0.0161024443336064
2009,San Francisco - CA,0.08974983301758781,0.0276006411910057
2009,San Jose - CA,0.05912514627724891,0.0294308390617371
2009,San Luis Obispo - CA,0.019434640564024195,-0.011114910416305
2009,Santa Barbara - CA,0.018830048300325697,-0.0076177969425916
2009,Santa Cruz - CA,0.030415106013417202,-0.0048909766450524
2009,Santa Fe - NM,-0.0316585837556048,-0.0108866921477019
2009,Santa Rosa - CA,-0.011962603863328699,-0.0031709886938334
2009,Sarasota - FL,-0.052384213164448905,-0.001822425223887
2009,Scranton - PA,-0.04897811970859771,-0.0011407967507838
2009,Seattle - WA,0.0537450606077911,0.0101062886565924
2009,Shreveport - LA,-0.0450715539902449,-0.0083153356648981
2009,Spartanburg - SC,-0.04905128534138199,-0.0079787906110286
2009,Spokane - WA,0.028210151389241097,-0.0063707029297947
2009,Springfield - IL,-0.0669887434616685,-0.0134141207057982
2009,Springfield - MA,-0.0464005280211567,0.0015229553133249
2009,Springfield - MO,-0.0701957378461957,-0.0172574878055602
2009,Springfield - OH,-0.06637663169950239,-0.0146795906443148
2009,Stamford - CT,-0.0985873617157339,-0.0036346345990896
2009,State College - PA,-0.0469148802496492,-0.0002359181493521
2009,Stockton - CA,-0.006544677160680502,-0.0022284064292907
2009,Syracuse - NY,-0.0470359680168329,0.0002389539182185
2009,Tampa - FL,-0.019816289275884903,-0.0117000166177749
2009,Toledo - OH,-0.0703015668243169,-0.0133285170271992
2009,Trenton - NJ,-0.051245031498372506,-0.0004418130815029
2009,Tucson - AZ,-0.0408861114103348,-0.0109309211224317
2009,Tyler - TX,-0.0180942822173238,-0.0102663568072021
2009,Utica - NY,-0.047094644598662805,-0.0003046404421329
2009,Vallejo-Fairfield - CA,-0.032865715764463,-0.0136998646743595
2009,Ventura - CA,-0.014774398498237404,-0.0017743252068757
2009,Visalia - CA,0.010413974903523693,-0.006868772380054
2009,Waco - TX,-0.0256056036725641,-0.0113801841475069
2009,Washington - DC,0.011383009523153301,0.0338227812349796
2009,Wausau - WI,-0.0689300918877125,-0.014063447419554
2009,Wichita - KS,-0.0668415684178471,-0.0160969579850789
2009,Wichita Falls - TX,-0.0337528387010096,-0.0141961380690336
2009,Winston-Salem - NC,-0.050273218743503205,-0.0076908824816346
2009,Worcester - MA,-0.0502219466418028,0.0025452494770288
2009,Yakima - WA,0.030794806227087898,-0.0035077344477177
2009,York - PA,-0.0464044460952283,-0.0008391953855753
2009,Youngstown - OH,-0.0684754812084138,-0.0148624098477885
2009,Yuba City - CA,0.0092183252871035,-0.0098242165371775
2009,Yuma - AZ,-0.0341060958728193,-0.0139541664943099
2010,Akron - OH,-0.08811701675504449,-0.0220062307715416
2010,Albany - NY,-0.07242303322628141,-0.022714949555695
2010,Albuquerque - NM,-0.0480035983920099,-0.0163271225690842
2010,Amarillo - TX,-0.0546666656583547,-0.0199588000476359
2010,Anchorage - AK,-0.031992043644189894,-0.0209712296426296
2010,Ann Arbor - MI,-0.0914375095590948,-0.0125373456329107
2010,Atlanta - GA,-0.14587412452884022,-0.0175658672749996
2010,Atlantic City - NJ,-0.07027139030024421,-0.0209586446806788
2010,Augusta - GA,-0.0794478750750422,-0.0198482399508357
2010,Austin - TX,-0.0660060362853111,-0.009691063657403
2010,Bakersfield - CA,-0.035367059797048794,-0.0158000796735287
2010,Baltimore - MD,-0.051702365554869,-0.0149455595463514
2010,Baton Rouge - LA,-0.0763771546036005,-0.0267300846688449
2010,Beaumont - TX,-0.026915333509445104,-0.0234731467142701
2010,Bellingham - WA,-0.03273514965176599,-0.0211394851729274
2010,Birmingham - AL,-0.0768432526811958,-0.0267210885584354
2010,Blacksburg - VA,-0.0763943817429246,-0.0201614251062274
2010,Bloomington - IL,-0.08723009032756068,-0.0238414009734988
2010,Bloomington - IN,-0.08347099488228549,-0.0234561240002512
2010,Boise - ID,-0.037697500824928405,-0.019489016726613
2010,Boston - MA,-0.1091037569995968,-0.0153443313837051
2010,Bremerton - WA,-0.0263682513460518,-0.0213093938007951
2010,Brownsville-Harlingen - TX,-0.0553858320191503,-0.0232505885586142
2010,Buffalo - NY,-0.0715640031695365,-0.0213990410491824
2010,Burlington - NC,-0.0772960952445865,-0.018798838712275
2010,Canton - OH,-0.0854789002761244,-0.0253075439184904
2010,Charleston - SC,-0.07975198728591229,-0.0131099767684937
2010,Charlotte - NC,-0.15123771740682412,-0.0161402620077133
2010,Chattanooga - TN,-0.07098452308773999,-0.0202467146962881
2010,Chicago - IL,-0.016409742921591003,-0.0172069225162268
2010,Chico - CA,-0.0355483836457133,-0.0218342909291387
2010,Cincinnati - OH,-0.09454569574072949,-0.0220350114330649
2010,Clarksville - TN,-0.0796068276241423,-0.0237783141136169
2010,Cleveland - OH,-0.0870067275092005,-0.0219243591353297
2010,College Station-Bryan - TX,-0.056357716485858196,-0.0242803370282053
2010,Colorado Springs - CO,-0.0938200976662338,-0.0093221015930176
2010,Columbus - OH,-0.0568299575671552,-0.0193905656859279
2010,Corpus Christi - TX,-0.052118205741048,-0.0198677492961287
2010,Dallas-Fort Worth - TX,-0.0817756473980843,-0.013337757781148
2010,Daphne-Fairhope-Foley - AL,-0.081653524465859,-0.0195312736257911
2010,Dayton - OH,-0.0864703034013509,-0.0226307663768529
2010,Daytona Beach - FL,-0.0816410885155201,-0.0187372158914804
2010,Decatur - AL,-0.0765181894376874,-0.022714281797409
2010,Denver - CO,-0.0930145474113523,-0.005319586366415
2010,Detroit - MI,-0.16605291933147232,-0.0241678276732564
2010,Dover - DE,-0.0684328515045345,-0.0165247566699982
2010,El Paso - TX,-0.0572838804647328,-0.0231554725840687
2010,Elkhart - IN,-0.0872736380398273,-0.0259460959285497
2010,Erie - PA,-0.08531894469261161,-0.0229809846431016
2010,Eugene - OR,-0.031404263615608496,-0.0222142817154526
2010,Fayetteville - NC,-0.0774796850010753,-0.0310889796754345
2010,Flagstaff - AZ,-0.0356400583833456,-0.0218489117622375
2010,Fort Collins - CO,-0.0586480296179651,-0.0058247618079185
2010,Fort Myers - FL,-0.0935651886239649,-0.0138801674991846
2010,Fort Wayne - IN,-0.07494471156597139,-0.0262827671766281
2010,Fresno - CA,-0.038699721261859,-0.0259177632331848
2010,Gainesville - FL,-0.0764032232537867,-0.0225662033706903
2010,Gainesville - GA,-0.0772805617153645,-0.018939444206655
2010,Glens Falls - NY,-0.06921447282284479,-0.021631338045001
2010,Grand Rapids - MI,-0.0867632201835513,-0.0147717710286379
2010,Greensboro - NC,-0.0739444506317377,-0.0230772126168012
2010,Greenville - NC,-0.0714135647714138,-0.0233823381066322
2010,Greenville - SC,-0.07448772089183339,-0.0176823533773422
2010,Gulfport-Biloxi-Pascagoula - MS,-0.0783962815031411,-0.0331881373357027
2010,Hanford-Corcoran - CA,-0.038188498742878496,-0.0201833801046014
2010,Harrisburg - PA,-0.0691518562808634,-0.0176261191889644
2010,Hartford - CT,-0.1235220206864177,-0.0234394877851009
2010,Hickory - NC,-0.074764036849141,-0.0209002097770572
2010,Honolulu - HI,0.033145077658351514,-0.019640019506216
2010,Houston - TX,-0.0325437889397143,-0.0168816348239779
2010,Huntsville - AL,-0.0708859016150237,-0.0162327013611794
2010,Indianapolis - IN,-0.0762597539424896,-0.0180651781782508
2010,Inland Empire - CA,-0.09156587840616699,-0.0161761607676744
2010,Iowa City - IA,-0.0844307255893945,-0.0259341051504015
2010,Jackson - MI,-0.087649274893105,-0.0243270344734191
2010,Jackson - MS,-0.0765998841226099,-0.0232747889757156
2010,Jackson - TN,-0.0734901691749692,-0.0227985171303153
2010,Jacksonville - FL,-0.100428047865629,-0.0185330066531897
2010,Janesville-Beloit - WI,-0.08407430937141169,-0.0231598674952983
2010,Kalamazoo - MI,-0.08565446110069751,-0.0211691580414772
2010,Kansas City - MO,-0.0802284733355047,-0.0215129119977355
2010,Knoxville - TN,-0.0763380986601114,-0.0282887174915522
2010,La Crosse-Onalaska - WI,-0.08340780557692039,-0.0188172910064459
2010,Lafayette - LA,-0.0757039974406362,-0.0242213205136358
2010,Lakeland - FL,-0.0738325932025911,-0.0194257361516356
2010,Lancaster - PA,-0.07256304500252,-0.0209494003728032
2010,Lansing - MI,-0.08305039656907319,-0.0232440180778503
2010,Laredo - TX,-0.0535520252734424,-0.0173000603616238
2010,Las Cruces - NM,-0.0567953691780568,-0.0194620493501425
2010,Las Vegas - NV,-0.0948051300793886,-0.0274922734759748
2010,Lehigh Valley - PA,-0.0713586023040117,-0.0217448839619756
2010,Lewiston-Auburn - ME,-0.07169063603132961,-0.0215622245967388
2010,Lincoln - NE,-0.08574089062958949,-0.021426183514297
2010,Little Rock - AR,-0.0749623303264379,-0.0245716314464807
2010,Los Angeles - CA,-0.0266134816184639,-0.0195957248732448
2010,Louisville - KY,-0.0744835560172796,-0.0234531437680125
2010,Lubbock - TX,-0.053112152308225496,-0.021844923838973
2010,Lynchburg - VA,-0.07306767352484171,-0.0219721071124077
2010,Mansfield - OH,-0.0851436716467141,-0.0245478901714086
2010,McAllen - TX,-0.0518470362722873,-0.0237333060875535
2010,Medford - OR,-0.0341335323601961,-0.0207542892247438
2010,Melbourne - FL,-0.09172207982838161,-0.0190276534929871
2010,Memphis - TN,-0.1618784855082629,-0.027955690741539
2010,Merced - CA,-0.0399977670013907,-0.0158798567652702
2010,Miami - FL,-0.06433783219754699,-0.0226875416636467
2010,Midland - TX,-0.0492130408957601,-0.018557150259614
2010,Milwaukee - WI,-0.1160432368479669,-0.0254377940371632
2010,Minneapolis - MN,-0.079325697660446,-0.0239967912137508
2010,Mobile - AL,-0.0757633375898003,-0.0213888952210546
2010,Modesto - CA,-0.08188705220445999,-0.0198945285454392
2010,Monroe - LA,-0.0785356539264323,-0.023956572048366
2010,Monroe - MI,-0.0878508475571871,-0.0242356489114463
2010,Montgomery - AL,-0.0761750427037477,-0.0219942278862
2010,Muskegon - MI,-0.0836684073284268,-0.0236163841262459
2010,Napa - CA,-0.03132018474489459,-0.0096631239801645
2010,Naples - FL,-0.0897757022604346,-0.0236344052180647
2010,Nashville - TN,-0.0875252092219889,-0.0227640367746353
2010,New Haven - CT,-0.0670082450807096,-0.0176880875304341
2010,New York - NY,-0.05646284231543549,-0.0209447344467044
2010,Niles-Benton Harbor - MI,-0.0829822619408368,-0.0240354504138231
2010,Norfolk - VA,0.0149472320489581,-0.0280758080706
2010,Northwest Arkansas - AR,-0.0773139151707293,-0.0194918926507235
2010,Norwich - CT,-0.0718216535598039,-0.0229085668623447
2010,Ocala - FL,-0.0788068494722248,-0.018118053086102
2010,Odessa - TX,-0.0438534033447505,-0.0251796407327055
2010,Ogden - UT,-0.0519885647073389,-0.0230376043990254
2010,Oklahoma City - OK,-0.0726116386204956,-0.018687958240509
2010,Olympia - WA,-0.028365544319153196,-0.0243175554722547
2010,Omaha - NE,-0.0881159028932451,-0.0229184509888291
2010,Orlando - FL,-0.0606423111595211,-0.0154207743406295
2010,Pensacola - FL,-0.0871902846693991,-0.021724712446332
2010,Philadelphia - PA,-0.0327845780840145,-0.0231536369472742
2010,Phoenix - AZ,-0.1346440830230713,-0.019079500220716
2010,Pittsburgh - PA,-0.0657309184744954,-0.021097380079329
2010,Port St. Lucie - FL,-0.0772186855748295,-0.0203198924362659
2010,Portland - ME,-0.07701316410303109,-0.0164486592337489
2010,Portland - OR,-0.04771733777225021,-0.0147765598893166
2010,Providence - RI,-0.0764470545537771,-0.0258667677342891
2010,Provo - UT,-0.0556806412488223,-0.0205483421385288
2010,Pueblo - CO,-0.051221378190442896,-0.0199315495491028
2010,Racine - WI,-0.08205053330957879,-0.0233190193474292
2010,Raleigh - NC,-0.08928369339182951,-0.0037764686793089
2010,Reading - PA,-0.0713976889811456,-0.0211696637496352
2010,Redding - CA,-0.033263726901263196,-0.0191242297813296
2010,Reno - NV,-0.06330276704020799,-0.0187851780727506
2010,Richmond - VA,-0.0408739301338792,-0.0267836976498365
2010,Rochester - NY,-0.07175475339964041,-0.0262555618472397
2010,Rockford - IL,-0.0854474988728762,-0.0275098978243768
2010,Rocky Mount - NC,-0.0767193793281913,-0.025451121263206
2010,Sacramento - CA,-0.1023871695352717,-0.0199221692681313
2010,Saginaw - MI,-0.0859405931979417,-0.0233278194144368
2010,Saint Louis - MO,-0.0932761901486664,-0.0243318028450012
2010,Salinas - CA,-0.0382069249600173,-0.0232930987775325
2010,Salisbury - MD,-0.061901172898709896,-0.0204701520204544
2010,Salt Lake City - UT,0.012710649710148701,-0.0171184422150254
2010,San Angelo - TX,-0.0465220215693116,-0.0230964518785476
2010,San Antonio - TX,-0.0695917115509509,-0.0149466510564089
2010,San Diego - CA,-0.012750161621719599,-0.0179806727617979
2010,San Francisco - CA,0.02738953074812911,0.0011959910690783
2010,San Jose - CA,-0.02004178827255959,0.0067844480574131
2010,San Luis Obispo - CA,-0.03323825662583141,-0.0196003470271826
2010,Santa Barbara - CA,-0.031210670523345502,-0.0193749185353518
2010,Santa Cruz - CA,-0.0249046546369791,-0.014705706730485
2010,Santa Fe - NM,-0.064125282849185,-0.0206422287672758
2010,Santa Rosa - CA,-0.059199263151735,-0.0180613439232111
2010,Sarasota - FL,-0.091396750226617,-0.0186324244067073
2010,Scranton - PA,-0.0697547237351537,-0.0189324592873454
2010,Seattle - WA,-0.025826395764946795,-0.0103663880079985
2010,Shreveport - LA,-0.0729720679074525,-0.0214213937222958
2010,Spartanburg - SC,-0.0762388792783022,-0.0180715195536613
2010,Spokane - WA,-0.037784097060561295,-0.0208984598219395
2010,Springfield - IL,-0.08132330728322269,-0.0233606410846114
2010,Springfield - MA,-0.0702913946434855,-0.0196213744282722
2010,Springfield - MO,-0.0857997409030795,-0.0230781681537628
2010,Springfield - OH,-0.0841257519051432,-0.0240122809708118
2010,Stamford - CT,-0.1495794898793099,-0.0261401011310517
2010,State College - PA,-0.0712587105073034,-0.0244770188517868
2010,Stockton - CA,-0.05738594596833,-0.020883656449616
2010,Syracuse - NY,-0.0705377597324548,-0.0208802692294121
2010,Tampa - FL,-0.0441606112718585,-0.0203277835324407
2010,Toledo - OH,-0.0873138637244701,-0.0259625533297658
2010,Trenton - NJ,-0.07549566430598481,-0.0169628703668714
2010,Tucson - AZ,-0.0674122334886343,-0.0208947419822216
2010,Tyler - TX,-0.0257569964006542,-0.0149001277685165
2010,Utica - NY,-0.0712828676179051,-0.0216809905767441
2010,Vallejo-Fairfield - CA,-0.083806755296886,-0.0162640664428473
2010,Ventura - CA,-0.0623892082795503,-0.0135926123410463
2010,Visalia - CA,-0.04040459943562771,-0.0187228483781219
2010,Waco - TX,-0.0550481344535947,-0.0204208124130964
2010,Washington - DC,0.0234692326784133,-0.0155612699389458
2010,Wausau - WI,-0.08747805216908461,-0.0271272755861282
2010,Wichita - KS,-0.083143795184791,-0.0221766143739223
2010,Wichita Falls - TX,-0.056576571702957,-0.0214071714952588
2010,Winston-Salem - NC,-0.07640460533648741,-0.0208853756710887
2010,Worcester - MA,-0.0764272131919861,-0.0211005046665668
2010,Yakima - WA,-0.040869274452328797,-0.0182118232995272
2010,York - PA,-0.0714361977726222,-0.0260111865289509
2010,Youngstown - OH,-0.08611990771815181,-0.0266565302088856
2010,Yuba City - CA,-0.0365464755296709,-0.0201064761430025
2010,Yuma - AZ,-0.046551520280539896,-0.0233700968027114
2011,Akron - OH,-0.0764714306816459,-0.0117902283594012
2011,Albany - NY,-0.054727454636245905,-0.0133856128007173
2011,Albuquerque - NM,-0.041191505700349906,-0.0082798854485154
2011,Amarillo - TX,-0.0527414050549268,-0.0043111893385649
2011,Anchorage - AK,-0.049586302567273303,0.0016314142346381
2011,Ann Arbor - MI,-0.07538709739595639,0.0263425723612308
2011,Atlanta - GA,-0.1352836601100862,0.0057536398023366
2011,Atlantic City - NJ,-0.0546918678693473,-0.0197913703080266
2011,Augusta - GA,-0.061353604741394493,-0.0046922828108072
2011,Austin - TX,-0.054519806023687195,0.0078966726511717
2011,Bakersfield - CA,-0.0550270522609354,0.0011594590693711
2011,Baltimore - MD,-0.0173153341412543,-0.0080214480906725
2011,Baton Rouge - LA,-0.0591569761410356,-0.009473423756659
2011,Beaumont - TX,-0.036532708875834805,-0.0192475549913942
2011,Bellingham - WA,-0.0506732356399298,-0.0029470066577196
2011,Birmingham - AL,-0.0652480381205678,-0.0090068926140666
2011,Blacksburg - VA,-0.0548710785470905,-0.0033116231709719
2011,Bloomington - IL,-0.0761882120524531,-0.0041439759582281
2011,Bloomington - IN,-0.07211036092042919,-0.0038518070280552
2011,Boise - ID,-0.0528869349174202,0.0015433595478534
2011,Boston - MA,-0.0690365354195238,-0.0042552131265402
2011,Bremerton - WA,-0.0295208631679417,-0.0041089749932289
2011,Brownsville-Harlingen - TX,-0.05698359405063091,-0.0081882386505604
2011,Buffalo - NY,-0.053817315459251495,-0.0082489962726831
2011,Burlington - NC,-0.06422944782674321,-0.0024666770398617
2011,Canton - OH,-0.0747617137050255,-0.0136563696935772
2011,Charleston - SC,-0.0619848309680822,0.0004734300971031
2011,Charlotte - NC,-0.151970092639327,0.0091603488624095
2011,Chattanooga - TN,-0.05980273519083859,0.0002762802839278
2011,Chicago - IL,0.004024231374263599,-0.0034176281690598
2011,Chico - CA,-0.05189398160576811,-0.0025995804965496
2011,Cincinnati - OH,-0.077485540382564,-0.0034078939855099
2011,Clarksville - TN,-0.0619443538263442,-0.0100825487673283
2011,Cleveland - OH,-0.08924987245257929,-0.0082717009857297
2011,College Station-Bryan - TX,-0.0532839798498901,-0.006979144461453
2011,Colorado Springs - CO,-0.0714092030785977,0.0058982909619807
2011,Columbus - OH,-0.0372517858296631,-0.0023799206167459
2011,Corpus Christi - TX,-0.0513260775143282,0.01389076718688
2011,Dallas-Fort Worth - TX,-0.06622716850973649,0.0050403100401162
2011,Daphne-Fairhope-Foley - AL,-0.06702261833846569,-0.0028185064941645
2011,Dayton - OH,-0.07760500740836129,-0.0080121804997325
2011,Daytona Beach - FL,-0.0681602065116167,-0.0007319564968348
2011,Decatur - AL,-0.0631772377192973,-0.0046555067449808
2011,Denver - CO,-0.03593000067770479,0.0181650833189486
2011,Detroit - MI,-0.1493981710183433,-0.0024606513828039
2011,Dover - DE,-0.0588598260320723,-0.0058156105726957
2011,El Paso - TX,-0.0526407803073527,-0.0113286844491958
2011,Elkhart - IN,-0.0766485875602811,-0.0113409024700522
2011,Erie - PA,-0.077075024974998,-0.0073807521760464
2011,Eugene - OR,-0.04251482474058879,-0.0042746665924788
2011,Fayetteville - NC,-0.0599214192144573,-0.0054382060691714
2011,Flagstaff - AZ,-0.037550675183534596,-0.0148184730708599
2011,Fort Collins - CO,-0.0471388441175221,0.0083240770697593
2011,Fort Myers - FL,-0.0821743919178844,0.0127863340973853
2011,Fort Wayne - IN,-0.06714780549658461,-0.0037975258231163
2011,Fresno - CA,-0.053485485225915896,-0.013787062190473
2011,Gainesville - FL,-0.06323319949582229,-0.0021922572553158
2011,Gainesville - GA,-0.0687550631947815,-0.0059486034363508
2011,Glens Falls - NY,-0.0553399738520382,-0.0083736193403602
2011,Grand Rapids - MI,-0.0744707416407764,-0.002407668441534
2011,Greensboro - NC,-0.060926640838384595,-0.0109913417175412
2011,Greenville - NC,-0.059300276417285205,-0.0061372558623552
2011,Greenville - SC,-0.0591913084164262,0.005542231440544
2011,Gulfport-Biloxi-Pascagoula - MS,-0.0642830994576217,-0.0166435817293822
2011,Hanford-Corcoran - CA,-0.0508500965908169,-0.0030177275687456
2011,Harrisburg - PA,-0.05323817065358159,-0.0095077457875013
2011,Hartford - CT,-0.1171467413324861,-0.0108948213085532
2011,Hickory - NC,-0.0616024490110575,-0.0021029173433781
2011,Honolulu - HI,0.014364984793122704,0.0058331449478865
2011,Houston - TX,-0.0380914688240735,0.00626187184453
2011,Huntsville - AL,-0.0635718986988068,-0.0053526072800159
2011,Indianapolis - IN,-0.07883026028424489,-0.007698524095118
2011,Inland Empire - CA,-0.1245596375912426,-0.0015764723569155
2011,Iowa City - IA,-0.07532669780915599,-0.0065044661089778
2011,Jackson - MI,-0.0811126142172142,-0.0082176079079509
2011,Jackson - MS,-0.0636101928204296,-0.0086150330528617
2011,Jackson - TN,-0.06120904811099169,-0.002163140386343
2011,Jacksonville - FL,-0.1113771760966626,-0.0043485707640648
2011,Janesville-Beloit - WI,-0.0746326825711875,-0.0101035845503211
2011,Kalamazoo - MI,-0.07542013862542811,-0.0091127681583166
2011,Kansas City - MO,-0.062323792338371396,-0.0054498867169023
2011,Knoxville - TN,-0.06030534809827801,-0.0065537535622716
2011,La Crosse-Onalaska - WI,-0.07711172752454859,-0.0088767356276512
2011,Lafayette - LA,-0.060206251651048696,0.0039758530408143
2011,Lakeland - FL,-0.0606509628370405,-0.0030183776319027
2011,Lancaster - PA,-0.0555425635203717,-0.0033226723819971
2011,Lansing - MI,-0.0746254806537181,-0.0117654179260134
2011,Laredo - TX,-0.057766010019928295,-0.0080647313073277
2011,Las Cruces - NM,-0.055662387948483195,0.0007095017433166
2011,Las Vegas - NV,-0.15250313697755338,-0.014615630082786
2011,Lehigh Valley - PA,-0.054280914332717804,-0.005600393101573
2011,Lewiston-Auburn - ME,-0.054987741135060796,-0.0084672796577215
2011,Lincoln - NE,-0.0773643493840936,-0.0072368842586875
2011,Little Rock - AR,-0.0604465757161378,-0.0106050188690424
2011,Los Angeles - CA,-0.0760969645008444,-0.0021652563512325
2011,Louisville - KY,-0.058583084926009096,0.0050808430612086
2011,Lubbock - TX,-0.048803449516650096,-0.0034110176414251
2011,Lynchburg - VA,-0.048364548677578605,-0.008837084569037
2011,Mansfield - OH,-0.0741982044083997,-0.0090429282784462
2011,McAllen - TX,-0.0498885733787901,0.000606920287013
2011,Medford - OR,-0.051601692534983104,-0.0034790358543396
2011,Melbourne - FL,-0.0797552065588534,-0.002521237641573
2011,Memphis - TN,-0.1444403337910769,-0.0078192682042718
2011,Merced - CA,-0.0524072046056391,0.0005137451887131
2011,Miami - FL,-0.0841863057240844,0.0073940602093935
2011,Midland - TX,-0.0506686999825761,0.0114068628251552
2011,Milwaukee - WI,-0.1160134193152189,-0.0089094576463103
2011,Minneapolis - MN,-0.0573430242612957,-0.0075514300763607
2011,Mobile - AL,-0.0645266030579804,-0.0098210389763117
2011,Modesto - CA,-0.0850415294654667,-0.0057270660102367
2011,Monroe - LA,-0.0622925976887347,-0.0065326386168599
2011,Monroe - MI,-0.0798734494920936,-0.0122228044122457
2011,Montgomery - AL,-0.064003573231399,-0.0035896769762039
2011,Muskegon - MI,-0.0752832333920522,-0.0046061261594296
2011,Napa - CA,-0.042711325421929396,0.001699499502778
2011,Naples - FL,-0.0796748953536152,0.0030218397229909
2011,Nashville - TN,-0.0545301600024105,0.0009474900513886
2011,New Haven - CT,-0.0548544008880854,-0.0148180795870721
2011,New York - NY,-0.026864121168851895,-0.0061394006982446
2011,Niles-Benton Harbor - MI,-0.0713860082570463,-0.0101500249505043
2011,Norfolk - VA,-0.012696967892349,-0.01812206562981
2011,Northwest Arkansas - AR,-0.0575956548228861,-0.0010608400255442
2011,Norwich - CT,-0.0515860807746647,-0.0039607754945755
2011,Ocala - FL,-0.0624540601521731,0.0008238979578018
2011,Odessa - TX,-0.048412146129645506,0.0166789085566998
2011,Ogden - UT,-0.0491158864125609,-0.0089562649875879
2011,Oklahoma City - OK,-0.054604070576839005,0.0039284543097018
2011,Olympia - WA,-0.0408957064747813,-0.0127756374925375
2011,Omaha - NE,-0.0776539948666467,-0.0107476434707642
2011,Orlando - FL,-0.0925775783354181,0.0008709371984004
2011,Pensacola - FL,-0.0687650278806684,-0.0035945645570755
2011,Philadelphia - PA,-0.0090744549771772,-0.0080276600122452
2011,Phoenix - AZ,-0.12165330579876919,-0.0029199703633785
2011,Pittsburgh - PA,-0.054312472663819895,-0.0117681327313184
2011,Port St. Lucie - FL,-0.0659425859004258,-0.0085558875501156
2011,Portland - ME,-0.058356285527348596,-0.0105249903202057
2011,Portland - OR,-0.031715235173702304,0.0051332169175148
2011,Providence - RI,-0.05921680942550309,-0.0147457204796373
2011,Provo - UT,-0.056634097326546895,0.0033197456002234
2011,Pueblo - CO,-0.0389126067995093,-0.0093182225748897
2011,Racine - WI,-0.0735629212241618,-0.0062728713303804
2011,Raleigh - NC,-0.0494225886315106,0.0083657202273607
2011,Reading - PA,-0.0518389288000763,-0.0104042620435357
2011,Redding - CA,-0.045551344718784206,-0.0062733239531517
2011,Reno - NV,-0.0799557598903774,-0.0060000413134694
2011,Richmond - VA,-0.0572020993232727,-0.0112298124507069
2011,Rochester - NY,-0.0540310991592707,-0.0152801222205162
2011,Rockford - IL,-0.0722832423299551,-0.0135872692838311
2011,Rocky Mount - NC,-0.0628218841403722,-0.0075800999104977
2011,Sacramento - CA,-0.0987799884998238,-0.008543017603457
2011,Saginaw - MI,-0.0753485028063878,-0.0020872618108988
2011,Saint Louis - MO,-0.0851264020558445,-0.0100443552285433
2011,Salinas - CA,-0.046361634939909004,-0.0023167154788971
2011,Salisbury - MD,-0.049262424431741295,-0.0046928676813841
2011,Salt Lake City - UT,0.01162792885303511,0.002321434855461
2011,San Angelo - TX,-0.0388957671485841,0.0011484620124101
2011,San Antonio - TX,-0.052951617598533396,0.0018517018258571
2011,San Diego - CA,-0.0476249677404994,0.0038515829443931
2011,San Francisco - CA,0.04637324953079241,0.0217010282874107
2011,San Jose - CA,0.013794683419168102,0.0235928610861301
2011,San Luis Obispo - CA,-0.0522449952214957,0.0001453400552272
2011,Santa Barbara - CA,-0.0469392607584595,-0.0049871153235435
2011,Santa Cruz - CA,-0.0329446694478392,0.0036640667319297
2011,Santa Fe - NM,-0.06242041367944309,-0.0018245189487934
2011,Santa Rosa - CA,-0.0565796661786735,0.0135506183803081
2011,Sarasota - FL,-0.07245121846348059,0.0008724031001328
2011,Scranton - PA,-0.05398564922064531,-0.0064766046628356
2011,Seattle - WA,-0.014869941830634895,0.0075653676837682
2011,Shreveport - LA,-0.0607868097387253,-0.0125652135387063
2011,Spartanburg - SC,-0.0618830849081277,-0.0009248073250055
2011,Spokane - WA,-0.04913790660351509,-0.010358720369637
2011,Springfield - IL,-0.069584961714223,-0.0100489112585783
2011,Springfield - MA,-0.050957751892507105,-0.0024475774765015
2011,Springfield - MO,-0.07752643498964609,-0.0114799684882164
2011,Springfield - OH,-0.0733912929091602,-0.0089084415733814
2011,Stamford - CT,-0.1169203058481214,-0.008893121317029
2011,State College - PA,-0.055202680606395,-0.0028533696234225
2011,Stockton - CA,-0.0677239126190542,-0.011448273718357
2011,Syracuse - NY,-0.053465925123542396,-0.0097596126645803
2011,Tampa - FL,-0.0654397033751012,-0.0021936859041452
2011,Toledo - OH,-0.0757576930001377,-0.0097676797807217
2011,Trenton - NJ,-0.045353595599532004,-0.0085395623967052
2011,Tucson - AZ,-0.0625984349418432,-0.0168559656515717
2011,Tyler - TX,-0.021211354959756006,0.0001282465606927
2011,Utica - NY,-0.054793441168963807,-0.0097783071026206
2011,Vallejo-Fairfield - CA,-0.0898150950334966,-0.0035022127479315
2011,Ventura - CA,-0.066502231605351,0.0113541238903998
2011,Visalia - CA,-0.0540513866245748,-0.006292449593544
2011,Waco - TX,-0.0500436834655702,-0.0064579325765371
2011,Washington - DC,0.0644991952329873,-0.001747926980257
2011,Wausau - WI,-0.0744442389942707,-0.0152391240037977
2011,Wichita - KS,-0.0737250357007142,-0.0078187056854367
2011,Wichita Falls - TX,-0.0534347728490828,-0.003090312987566
2011,Winston-Salem - NC,-0.0620973142459989,-0.0196742865294218
2011,Worcester - MA,-0.0593491405844689,-0.0054712652266026
2011,Yakima - WA,-0.052678548231721,-0.0003727286159992
2011,York - PA,-0.056589760318398595,-0.0097225423008204
2011,Youngstown - OH,-0.0706886112121865,-0.0152473610863089
2011,Yuba City - CA,-0.0520950867459178,-0.0027735608667135
2011,Yuma - AZ,-0.04590673787891861,-0.0150815353766083
2012,Akron - OH,-0.0863751652315259,-0.000710217617452
2012,Albany - NY,-0.0747109930627047,0.0003388464823365
2012,Albuquerque - NM,-0.062152466237545,-0.0108057422190904
2012,Amarillo - TX,-0.07773323027789569,-0.0005137784034014
2012,Anchorage - AK,-0.09976905487850299,0.0049622232466936
2012,Ann Arbor - MI,-0.0736867147162555,0.0114435466378927
2012,Atlanta - GA,-0.1382219902835786,0.0199067524075508
2012,Atlantic City - NJ,-0.0731493876911699,0.010866623967886
2012,Augusta - GA,-0.11135718828439709,0.0047423845529556
2012,Austin - TX,-0.06928769309446209,0.0191047458350658
2012,Bakersfield - CA,-0.09581420520693079,0.0003967514634132
2012,Baltimore - MD,-0.030398253783583504,0.0073321188241243
2012,Baton Rouge - LA,-0.118747680414468,0.0057002721726894
2012,Beaumont - TX,-0.0688417763113974,-0.0021721183881163
2012,Bellingham - WA,-0.1016441019847989,0.0020066058635712
2012,Birmingham - AL,-0.1214323411360383,0.0109491559118032
2012,Blacksburg - VA,-0.07249640949443,-0.0209573957696557
2012,Bloomington - IL,-0.088060765319038,-0.0061984084174036
2012,Bloomington - IN,-0.0837894468232988,-0.0052392774820327
2012,Boise - ID,-0.0996443666182457,0.0109682890027761
2012,Boston - MA,-0.0653447569012642,0.0080604913085699
2012,Bremerton - WA,-0.07923921054601679,0.0042489642649889
2012,Brownsville-Harlingen - TX,-0.0864173129331319,-0.0017266369983554
2012,Buffalo - NY,-0.0738251446411014,0.0021609241515397
2012,Burlington - NC,-0.11388229342550031,0.0153991474211216
2012,Canton - OH,-0.0882217724239452,0.0008056374639273
2012,Charleston - SC,-0.10619492965191618,0.0058064261823893
2012,Charlotte - NC,-0.161222547724843,0.0111192265897989
2012,Chattanooga - TN,-0.113321423497051,0.0030870108306408
2012,Chicago - IL,-0.0274446275681258,0.0014878107607365
2012,Chico - CA,-0.0986536587253212,0.0073856940865517
2012,Cincinnati - OH,-0.0804984359666704,0.0092796521633863
2012,Clarksville - TN,-0.1174358087256551,-0.000100783407688
2012,Cleveland - OH,-0.0987354645868762,0.0022632727771997
2012,College Station-Bryan - TX,-0.0861234634313733,0.0040746393054724
2012,Colorado Springs - CO,-0.07217736352607601,0.01857944637537
2012,Columbus - OH,-0.0445325257852673,0.0007596226781606
2012,Corpus Christi - TX,-0.0785357273081318,0.0334835207462311
2012,Dallas-Fort Worth - TX,-0.0691080472562461,0.0150708692520857
2012,Daphne-Fairhope-Foley - AL,-0.1152508551850914,0.0132840542495251
2012,Dayton - OH,-0.0874931590689228,0.0004801448807119
2012,Daytona Beach - FL,-0.114931488841772,0.0121268747746944
2012,Decatur - AL,-0.1140682720243929,0.0229615314304829
2012,Denver - CO,-0.030680600985884595,0.027364813387394
2012,Detroit - MI,-0.1435174541794694,0.0049971888214349
2012,Dover - DE,-0.0715088350363076,-0.0010083926469087
2012,El Paso - TX,-0.0795227368026972,-0.004814557135105
2012,Elkhart - IN,-0.0904739910867064,-0.0063322003558278
2012,Erie - PA,-0.0872583686388096,-0.0017644980549812
2012,Eugene - OR,-0.095397318214178,0.0067504743486643
2012,Fayetteville - NC,-0.1225536813391372,-0.0112557691615074
2012,Flagstaff - AZ,-0.06278812742233261,0.0122397100925446
2012,Fort Collins - CO,-0.056821138098835704,0.0100589810311794
2012,Fort Myers - FL,-0.12024105662852519,0.0155584743618965
2012,Fort Wayne - IN,-0.0813565060044638,-0.0013257128745317
2012,Fresno - CA,-0.0987215698361396,0.0025068061798811
2012,Gainesville - FL,-0.1162455239929258,0.0106209541112185
2012,Gainesville - GA,-0.1156492586843669,-0.0057202115282416
2012,Glens Falls - NY,-0.0739721920937299,-0.000395023599267
2012,Grand Rapids - MI,-0.0750680714510381,0.0084056189656258
2012,Greensboro - NC,-0.1149407778531312,0.0063609766215085
2012,Greenville - NC,-0.10984944828227161,0.0108714836090803
2012,Greenville - SC,-0.10756204227358089,0.0136791175603867
2012,Gulfport-Biloxi-Pascagoula - MS,-0.1279312644284218,-0.0004389997199177
2012,Hanford-Corcoran - CA,-0.0972232487648725,-0.0002427355945109
2012,Harrisburg - PA,-0.0696263233795762,0.0042280691117047
2012,Hartford - CT,-0.1233833131510762,-0.0011264172941445
2012,Hickory - NC,-0.11264827937260259,-0.005913538262248
2012,Honolulu - HI,-0.055720179366413596,0.0212651161849499
2012,Houston - TX,-0.048096053501591,0.0192758931219578
2012,Huntsville - AL,-0.1093497038483621,-0.0127808075491339
2012,Indianapolis - IN,-0.0784954367801546,0.0003874829411507
2012,Inland Empire - CA,-0.1551220812499521,0.0128964955359697
2012,Iowa City - IA,-0.0896742538562975,0.0005931832268833
2012,Jackson - MI,-0.08817213991563749,0.0002094298973679
2012,Jackson - MS,-0.11674688799679259,0.0019844329357147
2012,Jackson - TN,-0.115691060166806,-0.0071804359182715
2012,Jacksonville - FL,-0.1433816982563583,0.0009304030239581
2012,Janesville-Beloit - WI,-0.08710959992744009,0.0024361560493708
2012,Kalamazoo - MI,-0.08375330009870231,0.0081563132256269
2012,Kansas City - MO,-0.0657910662367941,0.0062768670171499
2012,Knoxville - TN,-0.12026474551670241,0.0070375750213861
2012,La Crosse-Onalaska - WI,-0.08409331269934771,0.0019731453061104
2012,Lafayette - LA,-0.1169060514904558,0.0070151338726282
2012,Lakeland - FL,-0.1087368861436844,0.0123933634161948
2012,Lancaster - PA,-0.0755084645599126,0.0037401752918959
2012,Lansing - MI,-0.086396615685895,-0.001167725175619
2012,Laredo - TX,-0.0880163134671749,0.0108290562778711
2012,Las Cruces - NM,-0.0814261138103901,-0.0038052027672528
2012,Las Vegas - NV,-0.19505387727543708,0.0080837985873222
2012,Lehigh Valley - PA,-0.0759665155448021,-0.0066477994993328
2012,Lewiston-Auburn - ME,-0.07564480739086869,0.0020681700110435
2012,Lincoln - NE,-0.0861838149095419,0.0026339447498321
2012,Little Rock - AR,-0.11493086671829209,-0.0086770377680659
2012,Los Angeles - CA,-0.12349196566641331,0.0109333997964859
2012,Louisville - KY,-0.1134442011490463,0.0081683328747749
2012,Lubbock - TX,-0.0802436237237414,0.007707674652338
2012,Lynchburg - VA,-0.0769611436072737,-0.0031619559600948
2012,Mansfield - OH,-0.08657727328967289,0.0014786856621504
2012,McAllen - TX,-0.0848966434379108,-0.0003496048599481
2012,Medford - OR,-0.0966209931895136,0.0067495430260897
2012,Melbourne - FL,-0.1163545082919299,0.0057099467515944
2012,Memphis - TN,-0.1448384113274513,-0.0027943983301519
2012,Merced - CA,-0.0772621589377522,0.0201595841348171
2012,Miami - FL,-0.1454233801588416,0.015759597197175
2012,Midland - TX,-0.0774080458460375,0.0133091347664595
2012,Milwaukee - WI,-0.12455454791337241,0.0010025395452975
2012,Minneapolis - MN,-0.078206404544413,-7.61611014604e-05
2012,Mobile - AL,-0.11611939357966179,-0.0024222204089164
2012,Modesto - CA,-0.10919836160168041,0.0119032213836908
2012,Monroe - LA,-0.1191450156867504,0.0057348633557558
2012,Monroe - MI,-0.09248895463236831,0.0087610116600989
2012,Montgomery - AL,-0.1158839217051863,0.0111813364923
2012,Muskegon - MI,-0.0866635435624046,-0.0019727250188588
2012,Napa - CA,-0.0620641284286975,0.0157020507752895
2012,Naples - FL,-0.1302253552377222,0.0182738272845745
2012,Nashville - TN,-0.068839553244412,0.0103722872585058
2012,New Haven - CT,-0.0730858309790492,0.0045204298943281
2012,New York - NY,-0.0847661620602012,0.0035046624392271
2012,Niles-Benton Harbor - MI,-0.0831234536264091,0.0122209532558918
2012,Norfolk - VA,-0.051619716420769804,-0.005718089044094
2012,Northwest Arkansas - AR,-0.111850054435432,-0.0015338234230875
2012,Norwich - CT,-0.0744377006441354,-0.0100871532782912
2012,Ocala - FL,-0.1119675240144134,0.006655173972249
2012,Odessa - TX,-0.0843819464454427,0.0069359397888184
2012,Ogden - UT,-0.08152597254514679,-0.0038099459931254
2012,Oklahoma City - OK,-0.058081988560967,0.0153896274417639
2012,Olympia - WA,-0.0931155201643706,0.0146832732856274
2012,Omaha - NE,-0.0877909931251778,0.0019167965650557
2012,Orlando - FL,-0.14791167697252208,0.0125775231420994
2012,Pensacola - FL,-0.11865652395784829,0.0060914760828018
2012,Philadelphia - PA,-0.022051820381544598,-0.0012953359261155
2012,Phoenix - AZ,-0.1644771634265782,0.0087337015569209
2012,Pittsburgh - PA,-0.06366724191606049,-0.0027399429678916
2012,Port St. Lucie - FL,-0.1186917689293621,0.0095865862816572
2012,Portland - ME,-0.0721797360703351,0.0095059635490179
2012,Portland - OR,-0.051306812524795506,0.0202219939231872
2012,Providence - RI,-0.081475556794554,0.0076022321730851
2012,Provo - UT,-0.084229915369302,0.0064198864996433
2012,Pueblo - CO,-0.0684657482444308,-0.0010368315130471
2012,Racine - WI,-0.08458506987802661,-0.0006169577687978
2012,Raleigh - NC,-0.05581188058853139,0.0083826134353876
2012,Reading - PA,-0.0731608653105795,0.0017709942907094
2012,Redding - CA,-0.0889004645533859,0.0031700680404901
2012,Reno - NV,-0.1231636893600224,0.0157242013514042
2012,Richmond - VA,-0.09514727114140979,0.0082883971184492
2012,Rochester - NY,-0.0780638879761101,-0.0005539454147219
2012,Rockford - IL,-0.08808849189803,0.0006937725841998
2012,Rocky Mount - NC,-0.1203422541394828,-0.0102886668033897
2012,Sacramento - CA,-0.1180253932499326,0.016648050993681
2012,Saginaw - MI,-0.0856178755303844,-0.0001554632186889
2012,Saint Louis - MO,-0.09646107462607309,0.0019286374002695
2012,Salinas - CA,-0.0846450165510177,0.0083455039560795
2012,Salisbury - MD,-0.0731865442022681,0.0002575448155403
2012,Salt Lake City - UT,-0.0180131639018653,0.0102605229616165
2012,San Angelo - TX,-0.0700739100240169,0.0167542441189289
2012,San Antonio - TX,-0.0644631874412296,0.0061267713457346
2012,San Diego - CA,-0.0921471693828935,0.0184230773150921
2012,San Francisco - CA,0.00046764829754830043,0.0260491414368152
2012,San Jose - CA,-0.0228855046108364,0.0386735057830811
2012,San Luis Obispo - CA,-0.0950147607028485,0.0186796008050442
2012,Santa Barbara - CA,-0.089611729107797,0.0097183311730623
2012,Santa Cruz - CA,-0.07307412052899599,0.0076515904068947
2012,Santa Fe - NM,-0.09053893279191079,-0.0153312412009108
2012,Santa Rosa - CA,-0.0831087529323995,0.0404815009236336
2012,Sarasota - FL,-0.11722394680976869,0.0148849418759346
2012,Scranton - PA,-0.0712695070207118,0.009372186511755
2012,Seattle - WA,-0.0531510342508553,0.0192034548521042
2012,Shreveport - LA,-0.11141520362719881,-0.0004132486507296
2012,Spartanburg - SC,-0.1145343039780854,0.0151084760576487
2012,Spokane - WA,-0.0989476791247724,0.0086704554408789
2012,Springfield - IL,-0.0804903271738439,0.0088472241908312
2012,Springfield - MA,-0.06904995764046909,0.0106983768194914
2012,Springfield - MO,-0.0884400044698268,-0.001983062699437
2012,Springfield - OH,-0.0853040225002914,-0.0141976831806823
2012,Stamford - CT,-0.1321644130758938,0.0082322160154581
2012,State College - PA,-0.0775466407313943,-0.0066773196309804
2012,Stockton - CA,-0.10106022885441769,0.0118341619521378
2012,Syracuse - NY,-0.0728625300936401,0.0016364926844835
2012,Tampa - FL,-0.1138294073417783,0.0089125471562147
2012,Toledo - OH,-0.0889489114880561,0.0025123959779739
2012,Trenton - NJ,-0.0662685348317025,0.0075095264613628
2012,Tucson - AZ,-0.0912122220862656,0.0070467019826174
2012,Tyler - TX,-0.0474915718324481,-0.0065893273428082
2012,Utica - NY,-0.0752854118719696,0.005342156291008
2012,Vallejo-Fairfield - CA,-0.1064523514024914,0.0170642292499542
2012,Ventura - CA,-0.10604018854349839,0.0218045382201672
2012,Visalia - CA,-0.0975136845037342,0.0155007584393024
2012,Waco - TX,-0.0770074445419012,0.0024107477068901
2012,Washington - DC,0.0289993207305669,-0.0021706701815127
2012,Wausau - WI,-0.091901234317571,-0.0039659453183413
2012,Wichita - KS,-0.078469986382639,0.0055883514136076
2012,Wichita Falls - TX,-0.0799128370955585,0.0036546873301268
2012,Winston-Salem - NC,-0.1150893033146858,0.0131249526888132
2012,Worcester - MA,-0.07328682622313501,0.0064374847710133
2012,Yakima - WA,-0.10104846438765538,0.0082641324400902
2012,York - PA,-0.0763172441758216,-0.0015287365391849
2012,Youngstown - OH,-0.0889662367654963,-0.0052823455631732
2012,Yuba City - CA,-0.09625216151028869,0.0027266038954258
2012,Yuma - AZ,-0.07470747499167901,-0.037799763828516
2013,Akron - OH,-0.0898760965764522,0.0107520882189274
2013,Albany - NY,-0.0911045124493537,-0.0074254769682884
2013,Albuquerque - NM,-0.07868218130618329,0.0026855532228946
2013,Amarillo - TX,-0.0926022230386732,0.0006050754487514
2013,Anchorage - AK,-0.1178707893677055,-0.0037871163189411
2013,Ann Arbor - MI,-0.0418363817706703,0.014766025185585
2013,Atlanta - GA,-0.1178467770777643,0.0184442874193192
2013,Atlantic City - NJ,-0.09369168255664378,-0.0091555576622486
2013,Augusta - GA,-0.11279450531303879,0.004820915699005
2013,Austin - TX,-0.07813474663719519,0.0092495761960745
2013,Bakersfield - CA,-0.1095389266237618,-0.0049704007655382
2013,Baltimore - MD,-0.0374349559396504,-0.0015571407824754
2013,Baton Rouge - LA,-0.12226431758329259,0.0033920098245143
2013,Beaumont - TX,-0.10377178562059981,-0.0019566343948245
2013,Bellingham - WA,-0.12255522131174801,-0.0042920747622848
2013,Birmingham - AL,-0.125837346419692,-0.0088570669144392
2013,Blacksburg - VA,-0.0790976941324771,-0.0026063678637147
2013,Bloomington - IL,-0.0837130566914564,-0.0067027268782258
2013,Bloomington - IN,-0.0813673668280243,-0.0167372572435997
2013,Boise - ID,-0.1159216029308735,0.0059039767980576
2013,Boston - MA,-0.0724106560200452,0.0069659732431173
2013,Bremerton - WA,-0.09993540856242192,0.0176498729884624
2013,Brownsville-Harlingen - TX,-0.109161459488794,-0.0139425224009901
2013,Buffalo - NY,-0.0856086359098554,-0.0088562799468636
2013,Burlington - NC,-0.108022301338613,0.0032122049629687
2013,Canton - OH,-0.09591651824023549,0.0025849796980619
2013,Charleston - SC,-0.1062096700742842,0.0200330790281295
2013,Charlotte - NC,-0.1510877254158259,0.0062755447030066
2013,Chattanooga - TN,-0.10987735108658679,0.0046903386861085
2013,Chicago - IL,-0.0561848262995482,0.0046510368734597
2013,Chico - CA,-0.11760915151983489,0.0054358940720557
2013,Cincinnati - OH,-0.0720765189006924,-0.0004510247930884
2013,Clarksville - TN,-0.12291745363920929,-0.0177170887440443
2013,Cleveland - OH,-0.0908652387997134,-0.0043573642000555
2013,College Station-Bryan - TX,-0.10096023895032699,0.0150463756322861
2013,Colorado Springs - CO,-0.0706173473708331,0.0186691198647021
2013,Columbus - OH,-0.04504492587596169,-0.0012765686810017
2013,Corpus Christi - TX,-0.07754902215395129,0.0137107789665461
2013,Dallas-Fort Worth - TX,-0.05874500807560979,0.0131088912636041
2013,Daphne-Fairhope-Foley - AL,-0.10746167681366199,-0.0022574450671673
2013,Dayton - OH,-0.08780081813613629,-0.0016144832447171
2013,Daytona Beach - FL,-0.1155773400068283,0.0099230509400368
2013,Decatur - AL,-0.1142893227487801,-0.0081613987535238
2013,Denver - CO,-0.019692791506648103,0.0256496619582176
2013,Detroit - MI,-0.11048938607284789,-0.00148040445894
2013,Dover - DE,-0.0816044904030858,0.0035045731961727
2013,El Paso - TX,-0.10046915511786919,-0.0099536205492913
2013,Elkhart - IN,-0.0949706794898955,5.104407668099498e-06
2013,Erie - PA,-0.0873409037566742,-0.0022942872568964
2013,Eugene - OR,-0.11863254557549939,0.0019664753377438
2013,Fayetteville - NC,-0.1250423153368755,-0.0200356642566621
2013,Flagstaff - AZ,-0.085240844517946,0.0354146015048027
2013,Fort Collins - CO,-0.06140791799128029,0.0238218482732772
2013,Fort Myers - FL,-0.1030207470729948,0.0403939586281776
2013,Fort Wayne - IN,-0.0797400572891346,-0.006605030208826
2013,Fresno - CA,-0.1242895041331647,-0.0018565237373114
2013,Gainesville - FL,-0.1141978859640657,-0.0047434458360076
2013,Gainesville - GA,-0.1133956940583884,0.0196691144406796
2013,Glens Falls - NY,-0.0799094092771411,0.0059335444271563
2013,Grand Rapids - MI,-0.0731074226759373,0.0116786498725414
2013,Greensboro - NC,-0.119902714036405,0.0014907706677914
2013,Greenville - NC,-0.11248635907843699,-0.0142805938925594
2013,Greenville - SC,-0.0993033339008689,0.0244618829488754
2013,Gulfport-Biloxi-Pascagoula - MS,-0.14260278281010672,-0.0180750514231622
2013,Hanford-Corcoran - CA,-0.1143501586019991,0.0825984280705452
2013,Harrisburg - PA,-0.0819561508223413,-0.0006485741436481
2013,Hartford - CT,-0.1119179279748348,0.0063675407469272
2013,Hickory - NC,-0.11112884652987119,-0.0004616558402776
2013,Honolulu - HI,-0.0809985310160555,0.0272271286845207
2013,Houston - TX,-0.0504377983715384,0.0107571378499269
2013,Huntsville - AL,-0.11358624498546131,-0.0198873581215739
2013,Indianapolis - IN,-0.07452344509959209,-0.0060610400363802
2013,Inland Empire - CA,-0.14582924905419328,0.0148210067451
2013,Iowa City - IA,-0.0906314452267251,-0.0060242425501346
2013,Jackson - MI,-0.09295182744693001,0.00614234508574
2013,Jackson - MS,-0.12136381759494519,0.011191387489438
2013,Jackson - TN,-0.109352589931339,-0.013227061074227
2013,Jacksonville - FL,-0.13069279084168361,0.0091073017716407
2013,Janesville-Beloit - WI,-0.0902785613406448,-0.0096521449126303
2013,Kalamazoo - MI,-0.08375016844086351,0.0104116581529379
2013,Kansas City - MO,-0.0729315968900919,0.001639147117734
2013,Knoxville - TN,-0.1258390970733015,-0.009411112576723
2013,La Crosse-Onalaska - WI,-0.0866997953243553,0.0018587846457958
2013,Lafayette - LA,-0.1120611600317061,0.0007337302118539
2013,Lakeland - FL,-0.10799260239303109,0.0106271196305752
2013,Lancaster - PA,-0.0810429955571888,-0.0021047407612205
2013,Lansing - MI,-0.0889505726490168,-0.004264225423336
2013,Laredo - TX,-0.10962673963233828,0.0046415522843599
2013,Las Cruces - NM,-0.09284537040814739,-0.0228488335236907
2013,Las Vegas - NV,-0.20671085675433268,0.0100529965162277
2013,Lehigh Valley - PA,-0.0847363512702287,0.0037373274713754
2013,Lewiston-Auburn - ME,-0.08714746765047299,-0.03259095287323
2013,Lincoln - NE,-0.08535296938219099,0.0010518904924393
2013,Little Rock - AR,-0.12530759523808938,-0.0065649572610855
2013,Los Angeles - CA,-0.13878657843172548,0.0138344194889068
2013,Louisville - KY,-0.1039212912991643,-0.0040968062207103
2013,Lubbock - TX,-0.0967939182273109,-0.000794176183641
2013,Lynchburg - VA,-0.09120171249099071,-0.0030085343718529
2013,Mansfield - OH,-0.0880514837307854,0.0035393264293671
2013,McAllen - TX,-0.09606140496628351,-0.0089545144550502
2013,Medford - OR,-0.1174938295707105,0.0137134593129157
2013,Melbourne - FL,-0.11442545929178591,0.0097065054029225
2013,Memphis - TN,-0.13486008101329192,-0.0031329516172409
2013,Merced - CA,-0.0797766268923877,-0.0038834448754786
2013,Miami - FL,-0.1321446028277278,0.0081907630115747
2013,Midland - TX,-0.07744342623930421,0.0200192395746707
2013,Milwaukee - WI,-0.119062463633716,-0.0009972147494555
2013,Minneapolis - MN,-0.0816212062463163,-0.0033571312054992
2013,Mobile - AL,-0.11975503794103859,0.0082927335202694
2013,Modesto - CA,-0.117961620327085,0.0232275080084801
2013,Monroe - LA,-0.1241983388289809,0.002738942220807
2013,Monroe - MI,-0.0955801273275282,0.0001980856209993
2013,Montgomery - AL,-0.11321268870681521,-0.0104898025132715
2013,Muskegon - MI,-0.08405253733228879,0.0064146023392676
2013,Napa - CA,-0.0785148198455572,0.0290414270162581
2013,Naples - FL,-0.120876137048006,0.0173863906562328
2013,Nashville - TN,-0.0678090498521926,0.0080055210888386
2013,New Haven - CT,-0.0887568168081342,-0.0141743165990337
2013,New York - NY,-0.14156583684682839,0.0098270911872387
2013,Niles-Benton Harbor - MI,-0.0868527331594377,0.0160681147277354
2013,Norfolk - VA,-0.0722911761812865,-0.0127655655927956
2013,Northwest Arkansas - AR,-0.1102097191587091,0.0034125324487685
2013,Norwich - CT,-0.0805085579603909,0.0041968755573034
2013,Ocala - FL,-0.1057304263785482,0.0088114131391048
2013,Odessa - TX,-0.0806964361080898,0.0204553108811378
2013,Ogden - UT,-0.1057605351060626,0.0001957871168851
2013,Oklahoma City - OK,-0.061472160506062204,0.0020080235004425
2013,Olympia - WA,-0.1239685452282428,0.005707521751523
2013,Omaha - NE,-0.0933327903011813,-0.0051222780570388
2013,Orlando - FL,-0.12498552979098151,0.0126896713078022
2013,Pensacola - FL,-0.1154152749776838,-0.0119102445282042
2013,Philadelphia - PA,-0.035449593557976194,-0.0027358841001987
2013,Phoenix - AZ,-0.1591756575480105,0.012363136574626
2013,Pittsburgh - PA,-0.069797336935997,-0.0109314421974122
2013,Port St. Lucie - FL,-0.1172486076802013,0.0083041217327117
2013,Portland - ME,-0.0836137969717384,0.0052291404604912
2013,Portland - OR,-0.06816458690166471,0.021704810500145
2013,Providence - RI,-0.0973975517526267,-0.0020104490071535
2013,Provo - UT,-0.0935439992435277,-0.0154048760272562
2013,Pueblo - CO,-0.10169986431440331,0.0009139523059129
2013,Racine - WI,-0.08443538716249141,-0.0064385898262262
2013,Raleigh - NC,-0.0472020747810602,0.0053432088494301
2013,Reading - PA,-0.0870403753332793,0.003745796918869
2013,Redding - CA,-0.1115580316372214,0.0056841194778681
2013,Reno - NV,-0.1366687890812753,0.0125563394427299
2013,Richmond - VA,-0.1017865230068563,-0.0004534220173955
2013,Rochester - NY,-0.09600854559987779,-0.0147724832026287
2013,Rockford - IL,-0.09507788379862898,-0.0070586923360824
2013,Rocky Mount - NC,-0.1252920523956417,0.0039752617627382
2013,Sacramento - CA,-0.12118875555181871,0.0197703380286694
2013,Saginaw - MI,-0.08044071425404391,-0.026770627297461
2013,Saint Louis - MO,-0.0964757703449576,-0.008515682708472
2013,Salinas - CA,-0.09605352941155429,0.0156393636167049
2013,Salisbury - MD,-0.0797784317955374,-0.0200535437874496
2013,Salt Lake City - UT,-0.07760090462118378,0.001583779990673
2013,San Angelo - TX,-0.0825094276778398,0.0261368703246116
2013,San Antonio - TX,-0.059522887572646,0.0037126660495995
2013,San Diego - CA,-0.08368637332471561,0.0182127531766891
2013,San Francisco - CA,-0.016934383541345594,0.0289098870158195
2013,San Jose - CA,-0.047921077229082495,0.0372431155443192
2013,San Luis Obispo - CA,-0.11167915153503419,0.0114429079145193
2013,Santa Barbara - CA,-0.10971272259205558,0.0234817031919956
2013,Santa Cruz - CA,-0.0910662197247148,0.0384017739593983
2013,Santa Fe - NM,-0.1020600649034602,0.0100633621364831
2013,Santa Rosa - CA,-0.08656163641437889,0.0410036508142948
2013,Sarasota - FL,-0.1089353783726694,0.0208119664490223
2013,Scranton - PA,-0.07908307655900701,0.0027514964491128
2013,Seattle - WA,-0.08406254264712329,0.0129264116436242
2013,Shreveport - LA,-0.1220008883364497,-0.0115766145139932
2013,Spartanburg - SC,-0.1135136409401892,0.0072945177704096
2013,Spokane - WA,-0.133062824487686,0.002544614315033
2013,Springfield - IL,-0.0839595590922981,0.0009584248214959
2013,Springfield - MA,-0.0740177788510919,0.0046715427339076
2013,Springfield - MO,-0.0903241439927369,-0.0038640612587333
2013,Springfield - OH,-0.0885013920459895,0.0047290742546319
2013,Stamford - CT,-0.1336598204188046,0.0007865660041571
2013,State College - PA,-0.0825191539451478,0.0128665108382702
2013,Stockton - CA,-0.1136855221092698,0.0145546708405017
2013,Syracuse - NY,-0.08507229515537619,-0.0036749375835061
2013,Tampa - FL,-0.1089411516413092,0.008007312953472
2013,Toledo - OH,-0.091748975098133,-0.0090263557471334
2013,Trenton - NJ,-0.0835465545505284,-0.0005906123518943
2013,Tucson - AZ,-0.1100031250361351,-0.0081754673123359
2013,Tyler - TX,-0.0569741487242281,-0.0017928631827235
2013,Utica - NY,-0.0880713424384593,-0.0018740521594881
2013,Vallejo-Fairfield - CA,-0.11038716265186671,0.0236650023758411
2013,Ventura - CA,-0.0975535128936171,0.0305516187250614
2013,Visalia - CA,-0.11537058546394109,0.0008584398925303
2013,Waco - TX,-0.09669716038927409,0.0097422495633364
2013,Washington - DC,0.0125908051878214,-0.0064832784086465
2013,Wausau - WI,-0.0992185742333531,-0.0117821499556303
2013,Wichita - KS,-0.08330004728934721,-0.0122153572123497
2013,Wichita Falls - TX,-0.0893986903801559,-0.0124297120459377
2013,Winston-Salem - NC,-0.1305629535317421,0.0008487299233675
2013,Worcester - MA,-0.08054880227148531,0.014029121786356
2013,Yakima - WA,-0.12323071795701979,-0.0032452309355139
2013,York - PA,-0.09208073501661419,-0.0031125379577279
2013,Youngstown - OH,-0.0975428929058833,-0.0129783823471516
2013,Yuba City - CA,-0.1078760203644632,0.0044240493476391
2013,Yuma - AZ,-0.0880698960945008,0.0095917478352785
2014,Akron - OH,-0.06661763872951251,0.0298050010353327
2014,Albany - NY,-0.0605561993271111,0.0250994676500559
2014,Albuquerque - NM,-0.06736235778778779,0.0159170815497637
2014,Amarillo - TX,-0.0634482632577418,0.0029040113333612
2014,Anchorage - AK,-0.0834985751844942,0.0022563179265707
2014,Ann Arbor - MI,-0.004551917240023601,0.0244468824714421
2014,Atlanta - GA,-0.0424205599538982,0.0587119964659214
2014,Atlantic City - NJ,-0.0520446940045801,0.0112936200350522
2014,Augusta - GA,-0.056381974294781693,0.0160608423650264
2014,Austin - TX,-0.0259730582311749,0.0454038327336311
2014,Bakersfield - CA,-0.07891303759068272,0.0148521719276904
2014,Baltimore - MD,-0.0018660602346062,0.0198618436008692
2014,Baton Rouge - LA,-0.061391230132430696,0.0228862987607718
2014,Beaumont - TX,-0.08600405363365982,0.0235890226215123
2014,Bellingham - WA,-0.09184059958904982,0.030278759241104
2014,Birmingham - AL,-0.0629319575801492,0.0229773951470852
2014,Blacksburg - VA,-0.0698054078221322,0.0316844193041325
2014,Bloomington - IL,-0.0663139906083232,0.003811592400074
2014,Bloomington - IN,-0.0627884212136267,0.0201267601698637
2014,Boise - ID,-0.07500007508322591,0.0192835369855165
2014,Boston - MA,-0.043431390002369896,0.0471881909072399
2014,Bremerton - WA,-0.0685989828035236,0.0782678967118263
2014,Brownsville-Harlingen - TX,-0.08365386973135161,0.0095207050219177
2014,Buffalo - NY,-0.053070248030126305,0.0221304354965687
2014,Burlington - NC,-0.0440693999826908,0.0218162836283445
2014,Canton - OH,-0.0717826423188669,0.0265428760796785
2014,Charleston - SC,-0.0392550983652473,0.0392738824486732
2014,Charlotte - NC,-0.0876579563319684,0.0418830198943615
2014,Chattanooga - TN,-0.0534757388941944,0.0248892141282557
2014,Chicago - IL,-0.037700040191411995,0.0392478724718094
2014,Chico - CA,-0.07901357851922501,0.0277015475332737
2014,Cincinnati - OH,-0.039119128994643704,0.0302634520232676
2014,Clarksville - TN,-0.06996203765273079,0.0048654737658798
2014,Cleveland - OH,-0.059858165024779704,0.0295795781314373
2014,College Station-Bryan - TX,-0.07182737735100078,0.0389107187986373
2014,Colorado Springs - CO,-0.017671108171343805,0.0538304282128811
2014,Columbus - OH,-0.0262545597925782,0.033102275967598
2014,Corpus Christi - TX,-0.017070429907180405,0.0252573286890984
2014,Dallas-Fort Worth - TX,-0.024207363063469593,0.0561688450872898
2014,Daphne-Fairhope-Foley - AL,-0.0444492818042636,0.0433714074790478
2014,Dayton - OH,-0.06262789821455951,0.0273248592168093
2014,Daytona Beach - FL,-0.049447318464517595,0.0339537581205367
2014,Decatur - AL,-0.0394101021066306,0.0183220712244511
2014,Denver - CO,0.029224244952201904,0.0518093352913857
2014,Detroit - MI,-0.06692651931196449,0.0393649993240833
2014,Dover - DE,-0.0497956023737787,0.0349295085072517
2014,El Paso - TX,-0.08147741381078928,-0.0064418523795902
2014,Elkhart - IN,-0.0775122462492434,0.0417501723170279
2014,Erie - PA,-0.0664954626536927,0.0183575043231249
2014,Eugene - OR,-0.08402620062232,0.0580570531785488
2014,Fayetteville - NC,-0.08547552073840031,-0.0033731796536594
2014,Flagstaff - AZ,-0.053516140133142306,0.0771184285879135
2014,Fort Collins - CO,-0.0259086889401077,0.0209739899039268
2014,Fort Myers - FL,-0.0329421431943775,0.0502685030698775
2014,Fort Wayne - IN,-0.0582373268972149,0.0437891168296337
2014,Fresno - CA,-0.0936418333277105,0.0396363382935524
2014,Gainesville - FL,-0.0508372284658252,0.0418556054830551
2014,Gainesville - GA,-0.07106589471921311,0.0550797564685344
2014,Glens Falls - NY,-0.0492461658269167,0.0591357407867908
2014,Grand Rapids - MI,-0.0382234411500393,0.0541282167434691
2014,Greensboro - NC,-0.0619008875638247,0.0278230273872614
2014,Greenville - NC,-0.05227289387956249,0.0256969799995422
2014,Greenville - SC,-0.029408587999641897,0.0336273444592953
2014,Gulfport-Biloxi-Pascagoula - MS,-0.08495021347887789,0.0071844236701726
2014,Hanford-Corcoran - CA,-0.08002519693225602,-0.0452455857992172
2014,Harrisburg - PA,-0.04519441902637479,0.0231612810641527
2014,Hartford - CT,-0.0825798936840144,0.022839708417654
2014,Hickory - NC,-0.0635204887203872,0.0548149702847004
2014,Honolulu - HI,-0.020890984609723096,0.0143816780075431
2014,Houston - TX,-0.0196921561565249,0.0296529812514781
2014,Huntsville - AL,-0.0730137305054814,0.0192279984951019
2014,Indianapolis - IN,-0.0557104981690644,0.0262620376199484
2014,Inland Empire - CA,-0.06783328197896471,0.058898741543293
2014,Iowa City - IA,-0.0657776765129529,0.0159697068631649
2014,Jackson - MI,-0.0685289025260135,0.0392888879179955
2014,Jackson - MS,-0.0669322041049599,0.0339684171378613
2014,Jackson - TN,-0.0649498993717133,0.0326188487708569
2014,Jacksonville - FL,-0.0682695653941482,0.0400683341324329
2014,Janesville-Beloit - WI,-0.0641946775559334,0.0214422588944435
2014,Kalamazoo - MI,-0.0524231956060976,0.0455493723750114
2014,Kansas City - MO,-0.045775391086936006,0.0305208174288273
2014,Knoxville - TN,-0.0653976105805485,0.0293949043154716
2014,La Crosse-Onalaska - WI,-0.0611682146973907,0.024198683142662
2014,Lafayette - LA,-0.040595999378711,-0.0206972861886024
2014,Lakeland - FL,-0.042908934801817,0.0443890487551689
2014,Lancaster - PA,-0.045520420111715594,0.0283761361390352
2014,Lansing - MI,-0.0672128034476188,0.0332985205352306
2014,Laredo - TX,-0.07219882627949119,0.0010055212080478
2014,Las Cruces - NM,-0.07008917575702049,0.0240012185424565
2014,Las Vegas - NV,-0.1467931963689625,0.0547709708809853
2014,Lehigh Valley - PA,-0.05936401516199111,0.0303364118337631
2014,Lewiston-Auburn - ME,-0.0536552741378546,-0.0044920657053589
2014,Lincoln - NE,-0.061464686949038894,0.026543818578124
2014,Little Rock - AR,-0.07862998630851491,0.0178390091061592
2014,Los Angeles - CA,-0.10220366988331081,0.0506138598322868
2014,Louisville - KY,-0.0448530296981335,0.0258614720553159
2014,Lubbock - TX,-0.060708933842833795,0.0165271034240723
2014,Lynchburg - VA,-0.058675142861902604,0.0156930668056011
2014,Mansfield - OH,-0.06227244976442291,0.0254323838055134
2014,McAllen - TX,-0.0698552711238153,0.0082171803116798
2014,Medford - OR,-0.08074206199496971,0.0202197303771973
2014,Melbourne - FL,-0.054468210246414,0.0447562282681465
2014,Memphis - TN,-0.0946074076183138,0.0271602963805199
2014,Merced - CA,-0.036946698017418206,0.056940386235714
2014,Miami - FL,-0.03725742820650341,0.0306529124975203
2014,Midland - TX,-0.034928680206649,-0.116148648619652
2014,Milwaukee - WI,-0.09186770666390659,0.0206751843690871
2014,Minneapolis - MN,-0.0581409185379743,0.0301453267931938
2014,Mobile - AL,-0.0702241975069045,0.0399304685890675
2014,Modesto - CA,-0.07221977405250049,0.0954730829000473
2014,Monroe - LA,-0.0569904790446162,0.0158138444423675
2014,Monroe - MI,-0.060917243643489195,0.0359672402739525
2014,Montgomery - AL,-0.0485133313760161,0.0152794440984725
2014,Muskegon - MI,-0.0620809381781144,0.0393600186109543
2014,Napa - CA,-0.039217828698456296,0.0694352036118507
2014,Naples - FL,-0.043467963039875004,0.064372608602047
2014,Nashville - TN,-0.029822816997766705,0.0465650280714035
2014,New Haven - CT,-0.053712549079209505,0.0166698267459869
2014,New York - NY,-0.08771895609796039,0.0287552384436131
2014,Niles-Benton Harbor - MI,-0.05147224401123811,0.0172296056300402
2014,Norfolk - VA,-0.0532871432788668,0.0186311660110949
2014,Northwest Arkansas - AR,-0.0594488763436675,0.0245645327270031
2014,Norwich - CT,-0.060040875263512,0.0122682528346776
2014,Ocala - FL,-0.04093485038727529,0.0579065402746201
2014,Odessa - TX,-0.046228357166982995,-0.0884024331569672
2014,Ogden - UT,-0.082294886857271,0.0360859876275063
2014,Oklahoma City - OK,-0.038332320558838597,0.0101078629270195
2014,Olympia - WA,-0.08056027621030801,0.0579766427874565
2014,Omaha - NE,-0.0671398672694341,0.0334863757491112
2014,Orlando - FL,-0.0548241983907063,0.0547907223701477
2014,Pensacola - FL,-0.0528395584970711,0.0497776327431202
2014,Philadelphia - PA,-0.021066433093510598,0.0294668117314577
2014,Phoenix - AZ,-0.0773667236045005,0.0521927421689034
2014,Pittsburgh - PA,-0.043803015649318607,0.0194212814569472
2014,Port St. Lucie - FL,-0.055284303538501105,0.0563730953037739
2014,Portland - ME,-0.0455836140736939,0.0342044180035591
2014,Portland - OR,-0.02759899191558371,0.0756550078988075
2014,Providence - RI,-0.0575961772538721,0.0471060892343521
2014,Provo - UT,-0.060127722490579,0.0252482259422541
2014,Pueblo - CO,-0.06807759553892521,0.0550291036963462
2014,Racine - WI,-0.0614091564621774,0.0255252143144608
2014,Raleigh - NC,-0.004243470653891598,0.0515740943849086
2014,Reading - PA,-0.054370967596769404,0.0273500105142593
2014,Redding - CA,-0.07789049755781881,0.0359706377387047
2014,Reno - NV,-0.0855045166518538,0.0510238950848579
2014,Richmond - VA,-0.0654873362928628,0.0342904573082924
2014,Rochester - NY,-0.0660059726051986,0.028645211994648
2014,Rockford - IL,-0.0700513696484268,0.009080149397254
2014,Rocky Mount - NC,-0.0817706430517135,0.0341897962391376
2014,Sacramento - CA,-0.06809998732758679,0.0834035297632217
2014,Saginaw - MI,-0.0561717732762916,0.0298397673070431
2014,Saint Louis - MO,-0.060422914493829,0.0334647727906704
2014,Salinas - CA,-0.0704883299022912,0.0804803838729858
2014,Salisbury - MD,-0.0502399205416441,0.0250407105088234
2014,Salt Lake City - UT,-0.06666666541248559,0.0361790379285812
2014,San Angelo - TX,-0.042113257963210304,-0.0330065356791019
2014,San Antonio - TX,-0.029027262628078403,0.0356561822593212
2014,San Diego - CA,-0.030949308244162303,0.0602234398722648
2014,San Francisco - CA,0.0141864997148512,0.058913232922554
2014,San Jose - CA,0.0193147194385529,0.0624090751409531
2014,San Luis Obispo - CA,-0.0645632137730718,0.0654471611380577
2014,Santa Barbara - CA,-0.07230221845209579,0.0562154000401497
2014,Santa Cruz - CA,-0.0636007868871093,0.0687381943464279
2014,Santa Fe - NM,-0.08115138015826209,0.0462893305122852
2014,Santa Rosa - CA,-0.01443687260150911,0.0718538259863853
2014,Sarasota - FL,-0.043710041716695,0.0407887456715107
2014,Scranton - PA,-0.0379542782157658,0.0358455722928046
2014,Seattle - WA,-0.053062733188271594,0.062517726957798
2014,Shreveport - LA,-0.0706157054938374,0.0089439835175871
2014,Spartanburg - SC,-0.0390542353689669,0.0199895744919776
2014,Spokane - WA,-0.0949516761302947,0.0321669859588146
2014,Springfield - IL,-0.052311012679710896,0.0244761688411235
2014,Springfield - MA,-0.0337384863942862,0.0219796282947063
2014,Springfield - MO,-0.06940269020386021,0.025876162737608
2014,Springfield - OH,-0.0795471165748311,0.023954680353403
2014,Stamford - CT,-0.08142776919528821,0.022317402228713
2014,State College - PA,-0.058587456513196,0.018518457353115
2014,Stockton - CA,-0.07356744345277541,0.0833696296215057
2014,Syracuse - NY,-0.052266227006912296,0.026992932125926
2014,Tampa - FL,-0.04965326089411969,0.0578158890604973
2014,Toledo - OH,-0.06355865105986601,0.0379826633036136
2014,Trenton - NJ,-0.042685352191329004,0.0308535603582858
2014,Tucson - AZ,-0.0681610488519071,0.0309889262318611
2014,Tyler - TX,-0.03929027954116449,0.0273790398389101
2014,Utica - NY,-0.050610004849731896,0.0198308957517147
2014,Vallejo-Fairfield - CA,-0.06734295414760712,0.105093108654022
2014,Ventura - CA,-0.029823085218667892,0.0646218156218529
2014,Visalia - CA,-0.06720188625156889,0.0386713651716709
2014,Waco - TX,-0.06529071221128091,0.0212744643688202
2014,Washington - DC,0.0264291372895241,0.0360211750268936
2014,Wausau - WI,-0.0789437526091933,0.0135892528817058
2014,Wichita - KS,-0.0568061533977742,0.0240685419887304
2014,Wichita Falls - TX,-0.057862668223679005,0.0030182466618716
2014,Winston-Salem - NC,-0.061256978586316096,0.0265408308953047
2014,Worcester - MA,-0.043794302195310594,0.0420976003408432
2014,Yakima - WA,-0.08549223460257058,0.0478561615347861
2014,York - PA,-0.06313341243192538,0.0316278582215309
2014,Youngstown - OH,-0.0796930732158942,0.024271976366639
2014,Yuba City - CA,-0.0757424504682421,0.0346681682169437
2014,Yuma - AZ,-0.10265098690986618,0.0053388654962182
2015,Akron - OH,-0.03777620885521149,-0.000229629419744
2015,Albany - NY,-0.041865574568509895,0.0157163890898228
2015,Albuquerque - NM,-0.0418153753504157,0.0151172394752502
2015,Amarillo - TX,-0.0375276342034339,-0.0009494505003094
2015,Anchorage - AK,-0.026672490779310498,-0.0748768557906151
2015,Ann Arbor - MI,0.0302775386720896,0.027877990424633
2015,Atlanta - GA,0.005773371178656797,0.0263012538552284
2015,Atlantic City - NJ,-0.0403434160631147,-0.0092597901467233
2015,Augusta - GA,-0.019821361079812194,0.0022325639501214
2015,Austin - TX,0.0226959163323045,0.0032285231053828
2015,Bakersfield - CA,-0.027257516421377796,0.0109086542278528
2015,Baltimore - MD,-0.0018744900822638994,-0.0042345688790082
2015,Baton Rouge - LA,-0.034850640129298,0.0382719303369522
2015,Beaumont - TX,-0.0687158190645275,0.0154587778151035
2015,Bellingham - WA,-0.035185195878148105,0.0247155467867851
2015,Birmingham - AL,-0.0438503412529826,0.0069969094246626
2015,Blacksburg - VA,-0.0420035304501654,0.0225047173798084
2015,Bloomington - IL,-0.0561054392834192,0.004785357311368
2015,Bloomington - IN,-0.0632641411735674,0.0210782441198826
2015,Boise - ID,-0.010335335414856702,0.0301357808411121
2015,Boston - MA,0.0002619564533232,0.0032294637411832
2015,Bremerton - WA,-0.0014241164550186994,0.0398974533081055
2015,Brownsville-Harlingen - TX,-0.065692059136927,-0.0052011541202664
2015,Buffalo - NY,-0.0356393758207561,0.0008262044638395
2015,Burlington - NC,-0.013896271958947298,0.009265838459134
2015,Canton - OH,-0.050659552006982106,-0.0071376470960676
2015,Charleston - SC,0.007965107075869901,0.0119793231487274
2015,Charlotte - NC,-0.021563666313886905,0.0133206176459789
2015,Chattanooga - TN,-0.0220508574508132,0.0111092070937157
2015,Chicago - IL,-0.014242301136255398,0.0027683510333299
2015,Chico - CA,-0.023196321353316396,0.0249203818738461
2015,Cincinnati - OH,-0.0261148516088724,0.0113887882679701
2015,Clarksville - TN,-0.0558944609016179,-0.0080355696491897
2015,Cleveland - OH,-0.049256560183130106,0.0044660533666611
2015,College Station-Bryan - TX,-0.025992855103686298,0.0050100426077843
2015,Colorado Springs - CO,0.030417773500084698,0.0482459555268288
2015,Columbus - OH,-0.0286939986050129,0.020236239105463
2015,Corpus Christi - TX,0.026229820190928902,-0.0233164222091436
2015,Dallas-Fort Worth - TX,0.007162311440333602,0.0183115455210209
2015,Daphne-Fairhope-Foley - AL,-0.016878714226186302,0.0011852721571922
2015,Dayton - OH,-0.0477267775146174,0.0144582859128714
2015,Daytona Beach - FL,-0.005084248632192603,0.0238930213153362
2015,Decatur - AL,-0.021145754866301804,0.0072617775648832
2015,Denver - CO,0.0934652440249919,0.0053209758251905
2015,Detroit - MI,-0.04914975389838211,0.0241040664613247
2015,Dover - DE,-0.0256600094959139,0.0245569723546505
2015,El Paso - TX,-0.06126317093148789,-0.0050685952529311
2015,Elkhart - IN,-0.058943520439788503,0.0175190291255713
2015,Erie - PA,-0.051107880508061296,0.0088614209443331
2015,Eugene - OR,-0.0251236915588378,0.0499149898886681
2015,Fayetteville - NC,-0.0774962972151113,0.0207197706103325
2015,Flagstaff - AZ,0.0017995495349169902,0.0466636757254601
2015,Fort Collins - CO,0.0295346496626734,-0.011415915411897
2015,Fort Myers - FL,0.0438008928671478,0.0268769378662109
2015,Fort Wayne - IN,-0.0536418613861313,0.0171242303103208
2015,Fresno - CA,-0.0485105508938431,0.0421168881356716
2015,Gainesville - FL,-0.028345161955803496,0.034089371830225
2015,Gainesville - GA,-0.0217979474924503,0.0215095545053482
2015,Glens Falls - NY,-0.026742743700742897,0.0020806596502662
2015,Grand Rapids - MI,-0.010938202869146998,0.0191309491991997
2015,Greensboro - NC,-0.0367456920444965,0.0235586169064045
2015,Greenville - NC,-0.0412808327469974,0.0204464907646179
2015,Greenville - SC,0.019628123007714698,0.0012749790102243
2015,Gulfport-Biloxi-Pascagoula - MS,-0.0764179836492983,0.0006963166296482
2015,Hanford-Corcoran - CA,0.0477494398131968,0.0269702154099941
2015,Harrisburg - PA,-0.024032639712095197,0.0200547131597996
2015,Hartford - CT,-0.046060534333809994,0.0077394901663065
2015,Hickory - NC,-0.0387931353412568,0.0266140404045582
2015,Honolulu - HI,0.0560887861996889,-0.0032847902849316
2015,Houston - TX,0.0056604331824928016,-0.0290095933824778
2015,Huntsville - AL,-0.062018677266314604,0.010468729108572
2015,Indianapolis - IN,-0.053201322816312104,0.0150997231602669
2015,Inland Empire - CA,-0.011970114335417704,0.0454523864090443
2015,Iowa City - IA,-0.0532530386350117,0.0090828372985125
2015,Jackson - MI,-0.043782730842940494,0.0183867256045341
2015,Jackson - MS,-0.028243341855704797,0.0013823884427547
2015,Jackson - TN,-0.0544179337099193,-0.0028622073233127
2015,Jacksonville - FL,-0.0269563311245294,0.0224709587991238
2015,Janesville-Beloit - WI,-0.055873165978118595,0.0087855349183083
2015,Kalamazoo - MI,-0.026618657773360598,0.0290118682086468
2015,Kansas City - MO,-0.030537609383463806,0.0166333841979504
2015,Knoxville - TN,-0.045398960029706205,0.0210580642223358
2015,La Crosse-Onalaska - WI,-0.0434063700027763,0.0071982334256172
2015,Lafayette - LA,-0.019154139701277096,-0.0212336151972413
2015,Lakeland - FL,-0.0034411869943141975,0.023841444671154
2015,Lancaster - PA,-0.0227352906018494,0.0173238686174154
2015,Lansing - MI,-0.0555615077260879,0.0190305526256561
2015,Laredo - TX,-0.03330157129094011,-0.0026980607882141
2015,Las Cruces - NM,-0.05945799024775611,0.0070653579086065
2015,Las Vegas - NV,-0.061341694463044404,0.0405493269562721
2015,Lehigh Valley - PA,-0.0320193473249674,0.0152354783266783
2015,Lewiston-Auburn - ME,-0.060656838491559104,0.0014350323826075
2015,Lincoln - NE,-0.0412306744197849,0.0122470877021551
2015,Little Rock - AR,-0.05833535585552441,0.0067045672684908
2015,Los Angeles - CA,-0.0224703693762422,0.0238984714150429
2015,Louisville - KY,-0.021121980063617297,0.0156055691540241
2015,Lubbock - TX,-0.033795681630726805,-0.0048782114982604
2015,Lynchburg - VA,-0.0388671023771166,0.0050079955607653
2015,Mansfield - OH,-0.043417657050304,0.0236717614233494
2015,McAllen - TX,-0.0477497076732106,-0.0068761834055185
2015,Medford - OR,-0.0114423422142863,0.0216114076673985
2015,Melbourne - FL,-0.015966391097754502,0.0445187020003796
2015,Memphis - TN,-0.0625243176706133,0.0168500154167414
2015,Merced - CA,-0.006215087510645198,0.0530499036312103
2015,Miami - FL,0.005299522168934298,0.0033418836891651
2015,Midland - TX,0.009414232079870896,-0.0303140093684195
2015,Milwaukee - WI,-0.0649427933618427,0.0025821023508906
2015,Minneapolis - MN,-0.0376836391165852,0.0176202638894319
2015,Mobile - AL,-0.035613218694925196,0.0033302607834339
2015,Modesto - CA,-0.0002142604440448989,0.0780314321517944
2015,Monroe - LA,-0.027582162432372603,0.0037255010455847
2015,Monroe - MI,-0.0434338029313949,0.000571430929005
2015,Montgomery - AL,-0.0357093847356736,0.0110148939192295
2015,Muskegon - MI,-0.038247533398680304,0.0073321147710084
2015,Napa - CA,0.0321279732510445,0.0267124998271465
2015,Naples - FL,0.0029089316725731014,0.0183501097261906
2015,Nashville - TN,-7.490292191520212e-05,0.0079247097373009
2015,New Haven - CT,-0.0436186383245511,0.0083402435183525
2015,New York - NY,0.0029678415507077994,0.0042127895057201
2015,Niles-Benton Harbor - MI,-0.0198865883518011,0.0083604811578989
2015,Norfolk - VA,-0.0768843944184479,0.0077327771931886
2015,Northwest Arkansas - AR,-0.026160766743123596,0.0116609039604664
2015,Norwich - CT,-0.033092695660889,0.0179276059269904
2015,Ocala - FL,-0.007000846229493698,0.025064818829298
2015,Odessa - TX,0.003497905074618897,-0.0641211007833481
2015,Ogden - UT,-0.048758428916335,0.0099218676686287
2015,Oklahoma City - OK,-0.012273622932843897,-0.0168774819113314
2015,Olympia - WA,-0.018471211567521,0.0416711646020412
2015,Omaha - NE,-0.051459464267827694,0.0063832330405711
2015,Orlando - FL,-0.005120902563794501,0.0211500453650951
2015,Pensacola - FL,-0.034765909332781994,0.0046718644797802
2015,Philadelphia - PA,-0.0258633172139525,0.0077286346703767
2015,Phoenix - AZ,-0.0005064433440567975,0.0276032837927341
2015,Pittsburgh - PA,-0.04424932310357681,0.0028323217183352
2015,Port St. Lucie - FL,-0.018232700787484707,0.0301069061160088
2015,Portland - ME,-0.01172609385103,0.0042096788883208
2015,Portland - OR,0.0344502661377191,0.0127686451077461
2015,Providence - RI,-0.034777262154966494,0.0157018176168203
2015,Provo - UT,-0.04084354396909481,0.0125447570234537
2015,Pueblo - CO,-0.044960664666723396,0.0304216521680355
2015,Racine - WI,-0.0501817652489987,0.012184080004692
2015,Raleigh - NC,0.0316361669450998,0.0128196797221899
2015,Reading - PA,-0.0248697627335788,0.0217205400466919
2015,Redding - CA,-0.0236537376418709,0.0309693331718445
2015,Reno - NV,-0.011568520357832303,0.0568749050498009
2015,Richmond - VA,-0.058830376155674394,0.0131535570025444
2015,Rochester - NY,-0.0566940435906871,0.0124253372550011
2015,Rockford - IL,-0.0599932427518069,0.0157840496748686
2015,Rocky Mount - NC,-0.047292573284357695,0.0179173837304114
2015,Sacramento - CA,-0.0073231208021752,0.0627081806659698
2015,Saginaw - MI,-0.0671040078392251,-0.0109065384250134
2015,Saint Louis - MO,-0.053507300466299,0.0069577528983354
2015,Salinas - CA,-0.007473729923367506,0.0461243356466293
2015,Salisbury - MD,-0.0445968079380691,0.0065604395121335
2015,Salt Lake City - UT,-0.031114443577826206,0.0245532135367393
2015,San Angelo - TX,0.0124698701314628,-0.0095495460201054
2015,San Antonio - TX,-0.008728294074535502,0.0024845779761672
2015,San Diego - CA,0.006404296340770003,0.0271164665818214
2015,San Francisco - CA,0.10545668900012942,-0.0115931742703542
2015,San Jose - CA,0.1357247695326806,-0.0176093286946415
2015,San Luis Obispo - CA,-0.00044740866869690324,0.0277165065407753
2015,Santa Barbara - CA,0.001220203563571002,0.0171040410995483
2015,Santa Cruz - CA,0.030120747722685297,0.0358913729786873
2015,Santa Fe - NM,-0.038621318928198804,-0.0028261036723851
2015,Santa Rosa - CA,0.073803437501192,0.0301572161614895
2015,Sarasota - FL,0.016114461794495397,0.0018302847519517
2015,Scranton - PA,-0.014426177740096998,0.0155377278923988
2015,Seattle - WA,0.0394351348280905,0.0307338687479496
2015,Shreveport - LA,-0.054291806090623,-0.0051240275725722
2015,Spartanburg - SC,-0.004572123661637103,0.0238652008473873
2015,Spokane - WA,-0.026412813365459305,0.0204183424711227
2015,Springfield - IL,-0.0370180240366608,-0.0077035927325487
2015,Springfield - MA,-0.005176077038049799,0.0164372700154781
2015,Springfield - MO,-0.0576627484057097,0.0163606594204903
2015,Springfield - OH,-0.0570689221145584,0.0072657226473093
2015,Stamford - CT,-0.029649075027555094,0.0025267072841525
2015,State College - PA,-0.021377115417271594,0.0109136032760143
2015,Stockton - CA,-0.008171503804624199,0.0526891018152236
2015,Syracuse - NY,-0.0324393728747965,0.0142351428866386
2015,Tampa - FL,-0.017301625944674097,0.021015204757452
2015,Toledo - OH,-0.05557270990684619,0.0046131743937731
2015,Trenton - NJ,-0.019025331735611,0.0048325176239013
2015,Tucson - AZ,-0.0498103940859435,0.0337883981764317
2015,Tyler - TX,-0.0334204285405576,-0.0140673359502106
2015,Utica - NY,-0.028295833989977703,0.0119486695975065
2015,Vallejo-Fairfield - CA,0.007263087760657001,0.0561631659865379
2015,Ventura - CA,0.0483433432877064,0.022877637565136
2015,Visalia - CA,-0.015524872019887196,0.0338831248581409
2015,Waco - TX,-0.0261059318669139,0.0116048774570227
2015,Washington - DC,0.007859635725617601,0.0005604068636894
2015,Wausau - WI,-0.07217794228345151,0.0144621695280075
2015,Wichita - KS,-0.052719283843180004,-0.0046246691718697
2015,Wichita Falls - TX,-0.0474686472676693,0.0214738326966763
2015,Winston-Salem - NC,-0.0342768620699644,0.0289503226876259
2015,Worcester - MA,-0.003559913858771302,0.0150242078006268
2015,Yakima - WA,-0.017073384858667797,0.0231375994980335
2015,York - PA,-0.0412141987122594,0.0157915300577878
2015,Youngstown - OH,-0.0750270290533078,-0.0014777488186954
2015,Yuba City - CA,-0.025553600303828597,0.0536261985898018
2015,Yuma - AZ,-0.0806138146668671,0.0483814480602741
2016,Akron - OH,0.006050412505865303,-0.0034675172567368
2016,Albany - NY,-0.0180877251923083,-0.0108383896797895
2016,Albuquerque - NM,-0.016810115464031702,0.003874860420823
2016,Amarillo - TX,-0.021274681007489596,-0.0220619800304994
2016,Anchorage - AK,-0.015908390553668297,-0.0139190366528928
2016,Ann Arbor - MI,0.0644616810232399,0.0338513978719711
2016,Atlanta - GA,0.08525080882012841,0.009197849497199
2016,Atlantic City - NJ,-0.027745328648015793,-0.0009707289785147
2016,Augusta - GA,0.0010836198553441038,0.0122654751837253
2016,Austin - TX,0.0719637637585401,-0.0096946026235819
2016,Bakersfield - CA,-0.004362097978592201,0.0126351506412028
2016,Baltimore - MD,0.0026698140054941984,-0.0047420862168074
2016,Baton Rouge - LA,-0.0042249276675284005,-0.0328200639262795
2016,Beaumont - TX,-0.023260431867092805,0.033272036999464
2016,Bellingham - WA,0.003906798511743397,0.0058383491784334
2016,Birmingham - AL,-0.010658497028052803,-0.0011895711570978
2016,Blacksburg - VA,-0.015352392606437198,0.0110082753896712
2016,Bloomington - IL,-0.0370749198272823,-0.0342589964196086
2016,Bloomington - IN,-0.0291577055840751,-5.21040558815e-05
2016,Boise - ID,0.018210145607590596,0.0199704968333243
2016,Boston - MA,0.0426151109486818,0.0040078383833169
2016,Bremerton - WA,0.07474836517125359,0.0342109442651272
2016,Brownsville-Harlingen - TX,-0.0375872815866024,-0.0052354822903872
2016,Buffalo - NY,-0.014212957620620699,0.0017513052523135
2016,Burlington - NC,0.019162120260298097,-0.0012196715027094
2016,Canton - OH,-0.009030420370399903,2.65014320611e-05
2016,Charleston - SC,0.0524768409878014,-0.0093652189746499
2016,Charlotte - NC,0.0522978780418632,-0.0017283561676741
2016,Chattanooga - TN,0.012696129232644704,0.0012824532538651
2016,Chicago - IL,0.024762169420719002,-0.007089451238513
2016,Chico - CA,0.016089264266192803,0.0099994481503962
2016,Cincinnati - OH,0.0136491739749907,0.0021550838798285
2016,Clarksville - TN,-0.046813261266797704,0.0248899922668934
2016,Cleveland - OH,-0.0027105734124779,-0.0082779324650764
2016,College Station-Bryan - TX,0.0267722522467375,-0.0353987685441971
2016,Colorado Springs - CO,0.0876551838219163,0.0202860848009585
2016,Columbus - OH,0.010814843662083101,0.0107863598465919
2016,Corpus Christi - TX,0.0664746462926269,-0.0104712809473276
2016,Dallas-Fort Worth - TX,0.0760511578619478,0.0005349569916724
2016,Daphne-Fairhope-Foley - AL,0.032048236541450004,-0.0152148579284548
2016,Dayton - OH,-0.004452426023781299,0.0006172225773334
2016,Daytona Beach - FL,0.036534511446952696,0.0070393231660127
2016,Decatur - AL,0.0057524153590204005,0.0284754835963249
2016,Denver - CO,0.1176693075895309,0.0048286241441964
2016,Detroit - MI,0.016253304630517898,0.00665104919672
2016,Dover - DE,0.015085321813821797,-0.0073782711327076
2016,El Paso - TX,-0.055694187097251,-0.0033980722576379
2016,Elkhart - IN,-0.0018639220297337056,0.0235957295596599
2016,Erie - PA,-0.016063017807900704,0.0072827951014041
2016,Eugene - OR,0.040285054557025496,0.0232747585475445
2016,Fayetteville - NC,-0.0711917988164348,-0.0078820663541555
2016,Flagstaff - AZ,0.08810535535216339,-0.0255279785990715
2016,Fort Collins - CO,0.0573541344702242,0.0210232005417347
2016,Fort Myers - FL,0.1051271026581523,0.0145799570679665
2016,Fort Wayne - IN,0.005778080746531598,0.0027243101000785
2016,Fresno - CA,0.0005817953124642936,0.0244436577856541
2016,Gainesville - FL,0.0229746531322599,0.0223520264923573
2016,Gainesville - GA,0.0441406117379666,0.0277165153026581
2016,Glens Falls - NY,0.034669304229318895,0.0065625195354222
2016,Grand Rapids - MI,0.0570330461114644,0.0131796427965163
2016,Greensboro - NC,0.001606220342218901,0.0021699887663125
2016,Greenville - NC,-0.007231724252924301,0.0027895734608172
2016,Greenville - SC,0.0596282230317592,-0.0143338621631264
2016,Gulfport-Biloxi-Pascagoula - MS,-0.061161346537992205,-0.0095268891230226
2016,Hanford-Corcoran - CA,0.013908999003470097,0.0158097871541977
2016,Harrisburg - PA,-0.00039308894425639854,-0.0020198992490768
2016,Hartford - CT,-0.0062534772232174,-0.0029407854229212
2016,Hickory - NC,0.0254366490617395,0.0103477255403995
2016,Honolulu - HI,0.0490670483186842,0.0076920275539159
2016,Houston - TX,0.0490662492439149,0.0125936881601809
2016,Huntsville - AL,-0.035025475816801196,0.0192255058288574
2016,Indianapolis - IN,-0.0051752217486499,0.0098164097368716
2016,Inland Empire - CA,0.0688636106997728,0.0271324046850203
2016,Iowa City - IA,-0.021899923719465697,-0.0155749952457845
2016,Jackson - MI,0.013096020519733395,0.0079620272815227
2016,Jackson - MS,0.015254415534436704,-0.0138759234026074
2016,Jackson - TN,-0.012750305738299904,0.0108529978394508
2016,Jacksonville - FL,0.027224461510777197,0.0193932631015778
2016,Janesville-Beloit - WI,-0.019037182014435394,0.012484011888504
2016,Kalamazoo - MI,0.0338354175537824,0.0088638101667165
2016,Kansas City - MO,0.0114740328490734,-0.0043906888961792
2016,Knoxville - TN,-0.007821104293689103,0.0143639647364615
2016,La Crosse-Onalaska - WI,0.00033658646047110205,-0.0137838123403489
2016,Lafayette - LA,-0.033193889576941804,-0.0192540218625217
2016,Lakeland - FL,0.0449654180184006,0.0175381393134594
2016,Lancaster - PA,0.0057394979149102965,0.0082307380586863
2016,Lansing - MI,-0.0071428660675880995,-0.0005756842941046
2016,Laredo - TX,-0.0088886618986727,0.0120355577170848
2016,Las Cruces - NM,-0.0214053653553129,0.002902216926217
2016,Las Vegas - NV,0.030799862425774406,0.0289196238815783
2016,Lehigh Valley - PA,8.066274225710171e-05,0.0134050712883472
2016,Lewiston-Auburn - ME,-0.0650443528220057,0.0019454394429921
2016,Lincoln - NE,0.0015665860474109033,-0.000894395917654
2016,Little Rock - AR,-0.0325796362385153,-0.0092401116192341
2016,Los Angeles - CA,0.0536206978932022,0.010617771834135
2016,Louisville - KY,0.0115606980025766,-0.0031738004684448
2016,Lubbock - TX,-0.001815339587628799,-0.0190554616777226
2016,Lynchburg - VA,-0.0212866152077913,-0.0039908590763807
2016,Mansfield - OH,-0.003140422552823905,0.0146991104781627
2016,McAllen - TX,-0.024213324803859,-0.0319322378411889
2016,Medford - OR,0.0164494076371193,0.0141207777857779
2016,Melbourne - FL,0.0386237892881033,0.0292900667488574
2016,Memphis - TN,-0.014542012512683701,0.0029400751888751
2016,Merced - CA,0.0578504139184954,0.0407827288806438
2016,Miami - FL,0.0393097912520168,0.0005795021504163
2016,Midland - TX,-0.0899705617129806,0.210086209416389
2016,Milwaukee - WI,-0.013666742518544397,-0.0125742753073573
2016,Minneapolis - MN,-0.004836186803877301,0.0121598669290543
2016,Mobile - AL,0.014591047503054198,-0.0034912846088409
2016,Modesto - CA,0.1049822177365423,0.0427464001774788
2016,Monroe - LA,-0.006201560646295602,-0.0197480568233877
2016,Monroe - MI,0.008467884231358698,0.0181468070447444
2016,Montgomery - AL,-0.009612926784902897,-0.0082313505038619
2016,Muskegon - MI,0.015579385645687595,0.0250962131619453
2016,Napa - CA,0.1062150569260118,0.033226953536272
2016,Naples - FL,0.0794202610477805,0.0062019356489181
2016,Nashville - TN,0.043126289695501197,-0.0135853461027145
2016,New Haven - CT,-0.025490227076224902,-0.0012954085171223
2016,New York - NY,0.015002856925129902,-0.0096763161048293
2016,Niles-Benton Harbor - MI,0.01133319824934,-0.0073171698525548
2016,Norfolk - VA,-0.04605036232620469,-0.0020364041477442
2016,Northwest Arkansas - AR,0.005890509076416403,-0.0143194853365421
2016,Norwich - CT,-0.020491367243230404,-0.0064174014180899
2016,Ocala - FL,0.0560789722576737,0.0226983779072762
2016,Odessa - TX,-0.0695119146630167,0.262844947814941
2016,Ogden - UT,0.00047795936465269695,0.0219809913039206
2016,Oklahoma City - OK,0.0127460099384187,-0.0082727701440454
2016,Olympia - WA,0.04127424485981469,0.0257903390526772
2016,Omaha - NE,-0.0033852002024651953,-0.0040032419413328
2016,Orlando - FL,0.0655080796778202,0.0314281449615955
2016,Pensacola - FL,0.0186395872943103,0.0080591586381197
2016,Philadelphia - PA,-0.005745705254375896,0.0001371183395385
2016,Phoenix - AZ,0.051290109716355795,0.0195795238912105
2016,Pittsburgh - PA,-0.027115616519004,-0.0100931136906147
2016,Port St. Lucie - FL,0.0453880233317613,0.0185099818706511
2016,Portland - ME,0.0219658724591136,-0.0092339034229517
2016,Portland - OR,0.1079384693503379,-0.0023238885253668
2016,Providence - RI,0.012085384186357302,0.013501515328884
2016,Provo - UT,-0.0009653601236641988,0.0029739585667848
2016,Pueblo - CO,0.025656452365219497,0.0325760745406151
2016,Racine - WI,-0.011122223958372802,0.0074076370298861
2016,Raleigh - NC,0.0698891682177781,-0.0031101240813732
2016,Reading - PA,0.0012928759306667995,0.0137056910395621
2016,Redding - CA,0.0194272715225816,0.0193001941740512
2016,Reno - NV,0.054519216492772,0.0424730756282805
2016,Richmond - VA,0.004111922308802699,0.0217469238638878
2016,Rochester - NY,-0.028216900690458506,0.0094264985024929
2016,Rockford - IL,-0.038381937462836496,0.0015838925689458
2016,Rocky Mount - NC,-0.005154829975217594,0.0253022515177727
2016,Sacramento - CA,0.0913567319139838,0.0423351579308509
2016,Saginaw - MI,-0.022501404434442398,-0.0221222682660445
2016,Saint Louis - MO,-0.007498430591076598,-0.0091682600826025
2016,Salinas - CA,0.0788554371893406,0.0453885250687599
2016,Salisbury - MD,-0.019918308164924396,-0.0060050415843725
2016,Salt Lake City - UT,0.0332263335213063,0.0061276179701089
2016,San Angelo - TX,-0.012063411101698902,0.0296013222038746
2016,San Antonio - TX,0.0324006704241035,-0.0111908105239272
2016,San Diego - CA,0.08273018054664119,0.0149581783413887
2016,San Francisco - CA,0.1367692807316777,-0.0063709870949388
2016,San Jose - CA,0.16870300561189658,0.0115518958270549
2016,San Luis Obispo - CA,0.07611466288566579,0.0058935952335596
2016,Santa Barbara - CA,0.0650534005463123,0.0130580306947231
2016,Santa Cruz - CA,0.1037499187141656,0.0305901334583759
2016,Santa Fe - NM,0.018554703731788302,0.0180047952532767
2016,Santa Rosa - CA,0.14882825218141071,0.035282602250576
2016,Sarasota - FL,0.0587256326898931,0.0068365537524223
2016,Scranton - PA,0.0225601913034914,0.0199471988677979
2016,Seattle - WA,0.0918465731292961,0.0052059979140758
2016,Shreveport - LA,-0.0370324869081378,-0.0030732083171606
2016,Spartanburg - SC,0.0233962414413691,-0.0005539174228907
2016,Spokane - WA,0.01212487552315,0.0192603484690189
2016,Springfield - IL,0.0008722655102608966,-0.0116589994207024
2016,Springfield - MA,0.0152805959433316,-0.0003158061802387
2016,Springfield - MO,-0.014529097862541505,0.0008058768659829
2016,Springfield - OH,-0.018434651116840596,0.0139022448062897
2016,Stamford - CT,-0.003697038199752499,-0.0024656712114811
2016,State College - PA,-0.0026227399148044984,0.0267467328310013
2016,Stockton - CA,0.07742653224617219,0.0288436912894249
2016,Syracuse - NY,-0.005685394667089002,-0.0087637345343828
2016,Tampa - FL,0.052214279733598094,0.0151132584512234
2016,Toledo - OH,-0.0042615295760334085,0.0071171277165412
2016,Trenton - NJ,0.012270041704177701,-0.0107686326876283
2016,Tucson - AZ,-0.007890546731650704,0.023813834130764
2016,Tyler - TX,0.004224968105554599,0.0082738489806651
2016,Utica - NY,-0.008160297796130103,-0.0047755672633648
2016,Vallejo-Fairfield - CA,0.1260560610890385,0.0190072671473026
2016,Ventura - CA,0.114739484116435,0.0193426699340342
2016,Visalia - CA,0.030015265531837698,0.0027309802323579
2016,Waco - TX,0.0065487166494132,-0.0002200587689877
2016,Washington - DC,0.0100580295175316,-0.0081728150174022
2016,Wausau - WI,-0.044525241982191696,-0.001284109711647
2016,Wichita - KS,-0.012553783869370703,-0.0093267609402537
2016,Wichita Falls - TX,-0.030254262536764095,-0.0002614709585905
2016,Winston-Salem - NC,-4.514869302510091e-05,0.0062891838103532
2016,Worcester - MA,0.0359924370050431,-0.0009511991441249
2016,Yakima - WA,0.034290511123836,0.00306208217144
2016,York - PA,-0.008747145105153203,0.0137821153700351
2016,Youngstown - OH,-0.0358926428388803,-0.0055060389488935
2016,Yuba City - CA,0.0189387844502926,0.0361644976735115
2016,Yuma - AZ,-0.061320782676339,0.0055689231455326
2017,Akron - OH,0.027827013857662904,0.0013235455602407
2017,Albany - NY,0.020343613453209498,-0.0026423109471798
2017,Albuquerque - NM,0.0146342465803027,0.010721314907074
2017,Amarillo - TX,-0.0022653314601631005,-0.0002741737067699
2017,Anchorage - AK,-0.0698140167016538,-0.0059810166954994
2017,Ann Arbor - MI,0.1048770170807836,0.0012697709947823
2017,Atlanta - GA,0.1291179299503564,0.0273398349285126
2017,Atlantic City - NJ,-0.0160464741140603,0.01699240899086
2017,Augusta - GA,0.0231644237563012,0.0071342179775238
2017,Austin - TX,0.0848833505213259,0.0171215201020241
2017,Bakersfield - CA,0.0223466359227893,0.0174438806474208
2017,Baltimore - MD,0.0133808046728374,0.0047560503929852
2017,Baton Rouge - LA,0.0607770873382687,-0.0279486228488385
2017,Beaumont - TX,0.015671492662280802,-0.0038698090016841
2017,Bellingham - WA,0.0497618304714559,0.0111788066327572
2017,Birmingham - AL,0.0230595009550452,0.0331837760508059
2017,Blacksburg - VA,0.027313749879598604,0.0057223627567291
2017,Bloomington - IL,-0.008448161542415499,0.0040276872217655
2017,Bloomington - IN,0.015376662536058697,-0.008554348513484
2017,Boise - ID,0.0678349431753157,0.0190717989802361
2017,Boston - MA,0.061188906073570096,0.0115433784425258
2017,Bremerton - WA,0.1359552122801542,0.0397382343411446
2017,Brownsville-Harlingen - TX,-0.0195378471482546,-0.0093110145777464
2017,Buffalo - NY,0.0080122878924012,-0.0006563531011343
2017,Burlington - NC,0.0472267974317071,0.0043941738307476
2017,Canton - OH,0.009139476452022902,0.0020998755693436
2017,Charleston - SC,0.07756614090502251,-0.0010126510411501
2017,Charlotte - NC,0.0817587576955554,0.0213357100486755
2017,Chattanooga - TN,0.0440520510226485,0.0130160713791847
2017,Chicago - IL,0.044737442970275695,0.0040697401612996
2017,Chico - CA,0.0628439370691776,0.0203409234285355
2017,Cincinnati - OH,0.0470729736760257,0.0117111617922782
2017,Clarksville - TN,-0.031070516802370503,0.0145420583188533
2017,Cleveland - OH,0.023679839089512905,0.0071995279043912
2017,College Station-Bryan - TX,0.0560626318827271,-0.0045409722030162
2017,Colorado Springs - CO,0.1452232409417627,0.020774629175663
2017,Columbus - OH,0.050441648453474,0.0022625031173229
2017,Corpus Christi - TX,0.063025973379612,-0.0053598804175854
2017,Dallas-Fort Worth - TX,0.10770046116411672,0.0035793932378292
2017,Daphne-Fairhope-Foley - AL,0.0527647823244333,0.0211851263642311
2017,Dayton - OH,0.032636626265943,0.0083337465524672
2017,Daytona Beach - FL,0.0791647486537693,0.0268199669420719
2017,Decatur - AL,0.0357284747213126,0.0177741313576698
2017,Denver - CO,0.1283098697811364,0.0126117879748344
2017,Detroit - MI,0.06452519876509899,0.0088550077974796
2017,Dover - DE,0.0561670508384705,0.0227299558222294
2017,El Paso - TX,-0.0376073097661134,0.0033483768105506
2017,Elkhart - IN,0.0416012030243873,0.0038628673404455
2017,Erie - PA,0.015779387779534,-0.0041190700381994
2017,Eugene - OR,0.11241432616114619,0.0193240011334418
2017,Fayetteville - NC,-0.0193830485306678,0.0362748245000839
2017,Flagstaff - AZ,0.156617942839861,-0.0367415917813778
2017,Fort Collins - CO,0.051762980866245686,0.0001412390023469
2017,Fort Myers - FL,0.14588420802354782,-0.0039038693308829
2017,Fort Wayne - IN,0.0491850782334805,0.0118974225819111
2017,Fresno - CA,0.06861644668132069,0.0284155423045157
2017,Gainesville - FL,0.07963022833317521,0.0167529808580874
2017,Gainesville - GA,0.0845896104499698,0.0078812504410743
2017,Glens Falls - NY,0.0583813019245861,-0.0056536046564579
2017,Grand Rapids - MI,0.090935766339302,0.0112134518325328
2017,Greensboro - NC,0.0482420498654246,0.0250286089479922
2017,Greenville - NC,0.0365971046183258,0.0054768754392862
2017,Greenville - SC,0.0785855554193257,0.0167743901014328
2017,Gulfport-Biloxi-Pascagoula - MS,-0.027276892572641303,0.0267312603294848
2017,Hanford-Corcoran - CA,0.0610625945180656,0.0249567667245865
2017,Harrisburg - PA,0.0372877434045076,0.0168491902053356
2017,Hartford - CT,0.024925500728189998,0.006434114858508
2017,Hickory - NC,0.0729508992433549,0.0151222462058066
2017,Honolulu - HI,0.0654222775399686,-0.001443665266037
2017,Houston - TX,0.036938290685415,-0.0123644264191389
2017,Huntsville - AL,-0.008324045347049802,0.0266228655576706
2017,Indianapolis - IN,0.027989679589867797,0.0091350229680537
2017,Inland Empire - CA,0.13049215787649152,0.021218352228403
2017,Iowa City - IA,0.0131170187294483,-0.020931234607473
2017,Jackson - MI,0.0558097805976866,-0.0049090904891491
2017,Jackson - MS,0.039911592952907,0.0063799491375685
2017,Jackson - TN,0.007186004068702701,0.0098533855974674
2017,Jacksonville - FL,0.0682284269630907,0.0171816947162151
2017,Janesville-Beloit - WI,0.0129082203991712,0.0049906132966279
2017,Kalamazoo - MI,0.0840164438039064,0.0188793393075466
2017,Kansas City - MO,0.0496203290447593,0.000400558322668
2017,Knoxville - TN,0.0415256774201989,-0.0056266931593418
2017,La Crosse-Onalaska - WI,0.026352110892534197,-0.008422329813242
2017,Lafayette - LA,-0.0302061842605473,-0.0113829074203968
2017,Lakeland - FL,0.0882325988411902,0.0097166264653206
2017,Lancaster - PA,0.0440127669051289,0.0131741056442261
2017,Lansing - MI,0.035131704635918304,0.0065204913020134
2017,Laredo - TX,0.0057133376747369995,0.0240198375880718
2017,Las Cruces - NM,0.005122041903436101,-0.0144684303328394
2017,Las Vegas - NV,0.0988414628580213,0.045440633058548
2017,Lehigh Valley - PA,0.037061025030911,0.0086950550079345
2017,Lewiston-Auburn - ME,-0.0420470958426594,-0.0198026213571429
2017,Lincoln - NE,0.035239857263863,0.0014831593483685
2017,Little Rock - AR,-0.0013034375235438005,-0.0004516074210405
2017,Los Angeles - CA,0.09711489418148989,0.0082121754288672
2017,Louisville - KY,0.0506194109246132,0.0060476904958487
2017,Lubbock - TX,0.015151372753083798,-0.0064946653097868
2017,Lynchburg - VA,0.005693487465381699,-0.0003974267989397
2017,Mansfield - OH,0.045079229041934094,-0.0015194246321917
2017,McAllen - TX,-0.007356202121824,0.0009209441244601
2017,Medford - OR,0.0588151045292616,0.0101522358357905
2017,Melbourne - FL,0.10217014478146999,0.0161879027485846
2017,Memphis - TN,0.030263693645596702,0.0363337585926056
2017,Merced - CA,0.1267801743149759,0.0309682974815369
2017,Miami - FL,0.0653392166048286,-0.0002852061539888
2017,Midland - TX,-0.1017274208217861,0.09064849114418
2017,Milwaukee - WI,0.014353153869509402,0.0030115341991186
2017,Minneapolis - MN,0.0367808682993054,0.0043866338431835
2017,Mobile - AL,0.039310203507542704,0.0148387851417065
2017,Modesto - CA,0.2029081784337759,0.0227100366950035
2017,Monroe - LA,0.0214805124476551,-0.0203380694389343
2017,Monroe - MI,0.03327496407181,0.0089832024872303
2017,Montgomery - AL,0.0233961950205266,-0.0033787300586699
2017,Muskegon - MI,0.04652788454294189,0.019732188642025
2017,Napa - CA,0.1425906807333228,6.76291286944e-05
2017,Naples - FL,0.1214047759920358,-0.0101550955101848
2017,Nashville - TN,0.0738150362074374,0.0097659865617752
2017,New Haven - CT,0.0005381039725616994,0.0016765764206648
2017,New York - NY,0.0401603808775544,-0.0001796351522207
2017,Niles-Benton Harbor - MI,0.043729129821061995,0.0023708047568797
2017,Norfolk - VA,-0.0102417770624161,0.0083666408658027
2017,Northwest Arkansas - AR,0.0370433056876063,0.0110966453552246
2017,Norwich - CT,0.020344805546104697,0.0190436804890632
2017,Ocala - FL,0.09926184417307371,0.0251449125111103
2017,Odessa - TX,-0.1084533747136593,0.101203981995583
2017,Ogden - UT,0.0334374314323068,0.0301391260921954
2017,Oklahoma City - OK,0.0145564862675963,0.0082732664644718
2017,Olympia - WA,0.10726296493411061,0.0213969426453113
2017,Omaha - NE,0.025916483826935004,0.004792580589652
2017,Orlando - FL,0.1020788993835448,0.0158647859692574
2017,Pensacola - FL,0.0450361642204225,0.0339901859164238
2017,Philadelphia - PA,0.025136566363275,0.0104103947281836
2017,Phoenix - AZ,0.09797289372980589,0.0440368393659591
2017,Pittsburgh - PA,-0.003185914721339801,0.0125386418998241
2017,Port St. Lucie - FL,0.095814821884036,0.0181645902097224
2017,Portland - ME,0.0426242105811833,0.0059705527722835
2017,Portland - OR,0.1354836743474006,0.0049664641022682
2017,Providence - RI,0.05365396953746669,0.0110609198212624
2017,Provo - UT,0.0321277390383183,-0.0078469102978706
2017,Pueblo - CO,0.0760096540823578,0.0101629944741725
2017,Racine - WI,0.024380875393748398,0.0067028386741876
2017,Raleigh - NC,0.0864853166192769,0.0177835973203182
2017,Reading - PA,0.044183079726993896,0.0150969552099705
2017,Redding - CA,0.0695208344757557,0.014403782993555
2017,Reno - NV,0.13017929961532348,0.0450713226795196
2017,Richmond - VA,0.0440491769611836,0.0128548706173897
2017,Rochester - NY,0.0104639984117823,0.0022510869652032
2017,Rockford - IL,0.004912010036408902,0.014421582430601
2017,Rocky Mount - NC,0.0382136750183998,0.0056851433813571
2017,Sacramento - CA,0.1739870818480849,0.0270886572301388
2017,Saginaw - MI,-0.010080123445019,0.0203226806819439
2017,Saint Louis - MO,0.023791125152260003,-0.0002663338333367
2017,Salinas - CA,0.1482728716135024,0.0237179661393166
2017,Salisbury - MD,0.007112283367663504,0.02367557233572
2017,Salt Lake City - UT,0.074897989273071,0.0093093330264091
2017,San Angelo - TX,0.0014834947567432966,0.0309869947135447
2017,San Antonio - TX,0.049831899456679596,0.006885986983776
2017,San Diego - CA,0.1278273198902605,0.0131468365192412
2017,San Francisco - CA,0.12398011539224521,0.0113054963052273
2017,San Jose - CA,0.144309228859842,0.0162130708098411
2017,San Luis Obispo - CA,0.1234315164536237,-0.001848369628191
2017,Santa Barbara - CA,0.1015323601812124,0.0268745908737183
2017,Santa Cruz - CA,0.1543469984233379,0.0116670767068862
2017,Santa Fe - NM,0.036370828826679,0.0232309552133083
2017,Santa Rosa - CA,0.1970468122661113,-0.0152488525733351
2017,Sarasota - FL,0.0791883418485521,0.0103071557581424
2017,Scranton - PA,0.057030378483235604,-0.0015187149643898
2017,Seattle - WA,0.1329468298852442,0.0082188511490821
2017,Shreveport - LA,-0.020735120758414202,-0.0013124195635319
2017,Spartanburg - SC,0.0653329618424177,0.0069141147881746
2017,Spokane - WA,0.0534416778162122,0.006619764700532
2017,Springfield - IL,0.0165293138623236,-0.0195237251706421
2017,Springfield - MA,0.0513392403870819,0.0237387122809887
2017,Springfield - MO,0.024909729711711598,0.0001032764315604
2017,Springfield - OH,0.0128433525012805,0.0030551834255456
2017,Stamford - CT,0.0249697702154517,0.0002654606699943
2017,State College - PA,0.032767882212996605,-0.0126075453832746
2017,Stockton - CA,0.1509992905110118,0.0156643318235873
2017,Syracuse - NY,0.029430017448961697,-0.0001785641312599
2017,Tampa - FL,0.09355726802349079,0.0187542142570018
2017,Toledo - OH,0.026314198147505498,0.008222144305706
2017,Trenton - NJ,0.0340654296949504,0.0082791934013366
2017,Tucson - AZ,0.0467925934270026,0.0374983923733234
2017,Tyler - TX,0.005057759923860499,0.0250389950573444
2017,Utica - NY,0.025469362378120496,-0.0056774241626263
2017,Vallejo-Fairfield - CA,0.19848329351842367,0.0287831800282001
2017,Ventura - CA,0.15120973402261728,0.0145844446718692
2017,Visalia - CA,0.0826212387681005,0.0043661037683487
2017,Waco - TX,0.0385744065195323,-0.0041766220480204
2017,Washington - DC,0.026179706320166803,0.0067635311037302
2017,Wausau - WI,-0.002935796868056003,-0.0011330486983061
2017,Wichita - KS,0.004998161332681899,-0.0034887769967318
2017,Wichita Falls - TX,0.012626741655171001,0.0024327023178339
2017,Winston-Salem - NC,0.0497905496656895,0.0269851239621638
2017,Worcester - MA,0.0721171494722367,0.016521778166294
2017,Yakima - WA,0.0756399339213967,0.0111131297647953
2017,York - PA,0.0330555714815855,0.0153292456865311
2017,Youngstown - OH,-0.010713861448690097,0.0012414010465145
2017,Yuba City - CA,0.0926714591830969,0.02508212646842
2017,Yuma - AZ,0.0104307621866465,0.0022465048581362
2018,Akron - OH,0.0361497249603273,0.0136183604300022
2018,Albany - NY,0.022890836574137298,0.0143421470820904
2018,Albuquerque - NM,0.026788992449641096,0.0397628798782825
2018,Amarillo - TX,-0.0200161221520976,0.0156800888180733
2018,Anchorage - AK,-0.0853644675891847,0.0066078222990036
2018,Ann Arbor - MI,0.1123858425915239,0.0285245023369789
2018,Atlanta - GA,0.1325621396452188,0.0240361571013927
2018,Atlantic City - NJ,0.002774167215451599,0.0049453593492508
2018,Augusta - GA,0.040122181750833694,0.0340558245480061
2018,Austin - TX,0.0672920752465723,0.0290688045024872
2018,Bakersfield - CA,0.033822327494620996,0.0244382276833057
2018,Baltimore - MD,0.0166601665467025,0.0156357541382313
2018,Baton Rouge - LA,0.03743044716864819,-0.0202453076671808
2018,Beaumont - TX,0.068191084653139,0.0118906378448009
2018,Bellingham - WA,0.0585471863076089,0.0131600994318724
2018,Birmingham - AL,0.030876822412013998,0.0222546562254429
2018,Blacksburg - VA,0.0416336484402417,0.026619258493185
2018,Bloomington - IL,-0.038563182003796,0.0120635416060686
2018,Bloomington - IN,0.019176365508232398,0.0155442461073399
2018,Boise - ID,0.0862620804607866,0.0213890328705311
2018,Boston - MA,0.0694519575834272,0.0199397831857204
2018,Bremerton - WA,0.1742751315385103,0.0263259291350842
2018,Brownsville-Harlingen - TX,-0.0165850907880814,0.0113040554970503
2018,Buffalo - NY,0.0180125894173978,0.002962854847312
2018,Burlington - NC,0.0484738029688594,0.024571809142828
2018,Canton - OH,0.0228223475776612,0.0111961580514908
2018,Charleston - SC,0.06772749183326951,0.0217226177155972
2018,Charlotte - NC,0.0708700526654718,0.0290733307301998
2018,Chattanooga - TN,0.0450582239925858,0.013281653791666
2018,Chicago - IL,0.0410656199008225,0.0095832079350948
2018,Chico - CA,0.0754429657161234,0.0204862571954727
2018,Cincinnati - OH,0.0526359515413641,0.0186988033056259
2018,Clarksville - TN,0.0039020242318511984,0.0277436926662922
2018,Cleveland - OH,0.023673607610166205,0.0150551266670227
2018,College Station-Bryan - TX,0.027643007799982994,-0.0012988362759351
2018,Colorado Springs - CO,0.1596110347807405,0.0414096966087818
2018,Columbus - OH,0.0636079289168118,0.0178011946082115
2018,Corpus Christi - TX,0.03866392524540441,0.0243193909227848
2018,Dallas-Fort Worth - TX,0.10319510811567291,0.0204953506290913
2018,Daphne-Fairhope-Foley - AL,0.040368430890143005,0.0256775349080563
2018,Dayton - OH,0.041266029343008895,0.0296076900959015
2018,Daytona Beach - FL,0.0869360283166168,0.0138438299000263
2018,Decatur - AL,0.0688594650626183,0.0234322204887867
2018,Denver - CO,0.1149734106063842,0.0105271015018225
2018,Detroit - MI,0.07363689934462289,0.0167018279135227
2018,Dover - DE,0.0546043902784586,-0.0027433082759379
2018,El Paso - TX,-0.029676697574555502,0.0227549403607845
2018,Elkhart - IN,0.07653783505409939,0.007588758289814
2018,Erie - PA,0.030442935056984498,0.0039054538756609
2018,Eugene - OR,0.13996375130116948,0.0187047972977161
2018,Fayetteville - NC,-0.021826908815651903,0.0317675351798533
2018,Flagstaff - AZ,0.1459084373116494,0.0494439966678618
2018,Fort Collins - CO,0.0644621043382211,0.0017510495781898
2018,Fort Myers - FL,0.147677830994129,0.020406316190958
2018,Fort Wayne - IN,0.0557069141566753,0.0192606515884399
2018,Fresno - CA,0.1068471666574478,0.0344527132511139
2018,Gainesville - FL,0.10417451208084831,0.0347118593454361
2018,Gainesville - GA,0.11825472918897871,0.01381366994977
2018,Glens Falls - NY,0.07331744080036849,-0.0041141676083206
2018,Grand Rapids - MI,0.10652307757735228,0.0256209999024868
2018,Greensboro - NC,0.061403380349278294,0.0317012436389923
2018,Greenville - NC,0.0455239339414982,0.0230458669066429
2018,Greenville - SC,0.0587094618156553,0.0168756425082684
2018,Gulfport-Biloxi-Pascagoula - MS,-0.0201601999662817,0.0384951784908772
2018,Hanford-Corcoran - CA,0.0798901092410089,0.0405900694131851
2018,Harrisburg - PA,0.0447755899429321,0.0130602411627769
2018,Hartford - CT,0.032879536613822,0.0108573484867811
2018,Hickory - NC,0.08540154212713251,0.0025049961805344
2018,Honolulu - HI,0.067281160145998,0.0175181992053986
2018,Houston - TX,0.0432701070010659,0.0148487306833267
2018,Huntsville - AL,0.016254067761823497,0.0393955848813057
2018,Indianapolis - IN,0.045504613421857396,0.0259054034650326
2018,Inland Empire - CA,0.1592010349184273,0.0333246282935143
2018,Iowa City - IA,0.004046489592641601,0.0005819510370493
2018,Jackson - MI,0.0719894157871602,0.015755712211132
2018,Jackson - MS,0.034650702603161304,0.0249974645376205
2018,Jackson - TN,0.020202142294496496,0.0135723717212677
2018,Jacksonville - FL,0.0919702608287333,0.01820320931077
2018,Janesville-Beloit - WI,0.0354958168379963,0.0019717711657286
2018,Kalamazoo - MI,0.1019930221289395,0.0162863798141479
2018,Kansas City - MO,0.050679526865482404,0.0181217893660069
2018,Knoxville - TN,0.062443395718931996,0.0320688403844833
2018,La Crosse-Onalaska - WI,0.0214450341798365,-0.0112676129974424
2018,Lafayette - LA,-0.053436059163883304,0.0059458251744509
2018,Lakeland - FL,0.10878911578655229,0.0224020063579082
2018,Lancaster - PA,0.0555661773458123,0.010752401471138
2018,Lansing - MI,0.04632143826782709,0.0154626138210297
2018,Laredo - TX,0.025813626699149498,0.0405790537297726
2018,Las Cruces - NM,0.0073147570863365,0.0211096919775009
2018,Las Vegas - NV,0.1423767168223856,0.0421249597966671
2018,Lehigh Valley - PA,0.0560664894208312,0.0183711193203926
2018,Lewiston-Auburn - ME,-0.0316343767419458,0.0002491410523653
2018,Lincoln - NE,0.0415823456048965,0.0194451763927937
2018,Little Rock - AR,6.146972626449795e-05,0.0126219719350338
2018,Los Angeles - CA,0.1098979223668574,0.0062220237851143
2018,Louisville - KY,0.0423647673949598,0.0142512239217757
2018,Lubbock - TX,-0.0004930712832136967,0.0148215770423411
2018,Lynchburg - VA,0.010539712958038,0.0039673104584217
2018,Mansfield - OH,0.068821267798543,0.0156172915995121
2018,McAllen - TX,-0.0398953602500259,0.0025732099711895
2018,Medford - OR,0.0764149181693791,0.0097642384171486
2018,Melbourne - FL,0.13398144917190039,0.0142603993117809
2018,Memphis - TN,0.041023037038743604,0.025485801666975
2018,Merced - CA,0.1670491580069066,0.0321554682850837
2018,Miami - FL,0.05852465854585139,0.0107606921046972
2018,Midland - TX,0.0969519257694477,-0.0722968660593033
2018,Milwaukee - WI,0.010688336208462402,0.0091325726062059
2018,Minneapolis - MN,0.0564921653047204,0.013593669205904
2018,Mobile - AL,0.04563995787501351,0.018798033863306
2018,Modesto - CA,0.2513816446214914,0.0441571913361549
2018,Monroe - LA,0.008265094241127303,0.0073585036844015
2018,Monroe - MI,0.0636445755288001,0.0096103243231773
2018,Montgomery - AL,0.018754521492868603,0.0267998456656933
2018,Muskegon - MI,0.0762302238643168,0.0174075916111469
2018,Napa - CA,0.17411813476681678,0.0183798476755619
2018,Naples - FL,0.124584871917963,-0.0192888164492323
2018,Nashville - TN,0.0592822000533343,0.0325088679492474
2018,New Haven - CT,0.0140607750425115,0.0040118332654238
2018,New York - NY,0.036623465470969695,0.0030703145712614
2018,Niles-Benton Harbor - MI,0.0465619849190115,-0.0003373407125472
2018,Norfolk - VA,0.005843884419649702,0.0258816882669925
2018,Northwest Arkansas - AR,0.023784660376608403,-0.0032328235283493
2018,Norwich - CT,0.0178881796225903,0.0222119755744934
2018,Ocala - FL,0.12113632412254811,0.0313941754102707
2018,Odessa - TX,0.1377126645445819,-0.043832038372755
2018,Ogden - UT,0.0643746877238153,0.0259517758786677
2018,Oklahoma City - OK,0.0023552618138491035,0.0182672731280327
2018,Olympia - WA,0.1458289414793253,0.0273681573271751
2018,Omaha - NE,0.0326608853563664,0.0151201814115046
2018,Orlando - FL,0.1326361071467399,0.0142760827839375
2018,Pensacola - FL,0.0566898874156177,0.0288151718378067
2018,Philadelphia - PA,0.0333013447150587,0.0182748131155968
2018,Phoenix - AZ,0.1204723879843949,0.0526645548343658
2018,Pittsburgh - PA,-0.0015108956806360995,0.0137564606666565
2018,Port St. Lucie - FL,0.12288069130480271,0.017491269081831
2018,Portland - ME,0.043915297478437296,0.021430309087038
2018,Portland - OR,0.128026568904519,0.0134529798924923
2018,Providence - RI,0.08190120534598799,0.0142385877370834
2018,Provo - UT,0.031781952004879696,0.0109985723793507
2018,Pueblo - CO,0.1179039511978626,0.0150537296831608
2018,Racine - WI,0.038061383754014896,0.0098792381286621
2018,Raleigh - NC,0.075009472310543,0.0339624426960945
2018,Reading - PA,0.06829303281009169,0.0237531058192253
2018,Redding - CA,0.09509435260295859,0.0246401346921921
2018,Reno - NV,0.17865241655707342,0.0162145003378391
2018,Richmond - VA,0.0770259132757783,0.0211448214650154
2018,Rochester - NY,0.0351706191347914,0.0066965009719133
2018,Rockford - IL,0.0200831718891858,0.0141338027715683
2018,Rocky Mount - NC,0.0710960264466702,0.0130961734503508
2018,Sacramento - CA,0.2248652573823928,0.0306965216696262
2018,Saginaw - MI,-0.030115129900164697,0.0326022833287716
2018,Saint Louis - MO,0.024667220298200808,0.0237116731405258
2018,Salinas - CA,0.1959781121611594,0.0208658680021763
2018,Salisbury - MD,0.0058001094646751026,0.0078350130170584
2018,Salt Lake City - UT,0.0787041723877189,0.0105708103328943
2018,San Angelo - TX,0.029936354948207802,0.0371183447241783
2018,San Antonio - TX,0.03678938710689529,0.0177613489031792
2018,San Diego - CA,0.1389339152872561,0.0183566428422928
2018,San Francisco - CA,0.0959081000098957,-0.0055765722244977
2018,San Jose - CA,0.13226826360076677,0.0076692599505186
2018,San Luis Obispo - CA,0.1291797716319561,0.005156551644206
2018,Santa Barbara - CA,0.119577506199479,0.0214938327372074
2018,Santa Cruz - CA,0.1812730651497841,0.0203513942360878
2018,Santa Fe - NM,0.056200143028749094,0.026129841029644
2018,Santa Rosa - CA,0.2187787961363792,-0.0044375535398721
2018,Sarasota - FL,0.0851524925008416,0.0089505232572556
2018,Scranton - PA,0.0834541820138691,-0.0010117840319871
2018,Seattle - WA,0.1305874601155518,0.0297545671164989
2018,Shreveport - LA,-0.011243115536868499,-0.0005220517814158
2018,Spartanburg - SC,0.0657038517445325,0.0235088161826134
2018,Spokane - WA,0.08306074665486811,0.0290108464360237
2018,Springfield - IL,0.0149192257001995,0.0119386903643608
2018,Springfield - MA,0.0534710116833447,0.006613693356514
2018,Springfield - MO,0.0371955750659109,0.0092566322237253
2018,Springfield - OH,0.0356540388809516,0.0314056642055511
2018,Stamford - CT,0.031397220320999605,0.0062357887327671
2018,State College - PA,0.0623679846674204,-0.0073821347504853
2018,Stockton - CA,0.1912912555187937,0.0425576932430267
2018,Syracuse - NY,0.030425895579159198,0.0104427627921104
2018,Tampa - FL,0.11086421237885939,0.0252160794734955
2018,Toledo - OH,0.043199005644768404,0.0078750654757023
2018,Trenton - NJ,0.0318363594040273,0.0232234775722027
2018,Tucson - AZ,0.08746239320933831,0.0386597878932953
2018,Tyler - TX,0.0132033623438329,0.0095569502264261
2018,Utica - NY,0.030472102217376295,0.0118486966639757
2018,Vallejo-Fairfield - CA,0.22099277341365778,0.0234357557892799
2018,Ventura - CA,0.1591982800662517,0.0132288030982018
2018,Visalia - CA,0.0916446685940024,0.0385218552947044
2018,Waco - TX,0.04481228032708169,0.0211890555620193
2018,Washington - DC,0.0197548182830216,0.0139160781800747
2018,Wausau - WI,0.0110192174240947,0.0041992563456297
2018,Wichita - KS,0.0034901060778648966,0.015392671495676
2018,Wichita Falls - TX,0.0154555836841465,0.01997697275877
2018,Winston-Salem - NC,0.07575402000546451,0.0262593321204185
2018,Worcester - MA,0.0766372155547144,0.0259818166196346
2018,Yakima - WA,0.0790747447088359,-0.0018506504893302
2018,York - PA,0.056560229152440994,-0.0018508740067481
2018,Youngstown - OH,-0.0009725393112746976,0.0048836722671986
2018,Yuba City - CA,0.1316095177233219,0.0376396953761578
2018,Yuma - AZ,0.0310812207087874,0.0330906279087067
