County,County Code,Year,Year Code,Births
"Calhoun County, AL",1015,1995,1995,1520
"Calhoun County, AL",1015,1996,1996,1632
"Calhoun County, AL",1015,1997,1997,1588
"Calhoun County, AL",1015,1998,1998,1657
"Calhoun County, AL",1015,1999,1999,1586
"Calhoun County, AL",1015,2000,2000,1528
"Calhoun County, AL",1015,2001,2001,1550
"Calhoun County, AL",1015,2002,2002,1455
"Jefferson County, AL",1073,1995,1995,9372
"Jefferson County, AL",1073,1996,1996,9005
"Jefferson County, AL",1073,1997,1997,9351
"Jefferson County, AL",1073,1998,1998,9371
"Jefferson County, AL",1073,1999,1999,9410
"Jefferson County, AL",1073,2000,2000,9567
"Jefferson County, AL",1073,2001,2001,9141
"Jefferson County, AL",1073,2002,2002,8928
"Madison County, AL",1089,1995,1995,3846
"Madison County, AL",1089,1996,1996,3799
"Madison County, AL",1089,1997,1997,3914
"Madison County, AL",1089,1998,1998,3794
"Madison County, AL",1089,1999,1999,3823
"Madison County, AL",1089,2000,2000,3757
"Madison County, AL",1089,2001,2001,3611
"Madison County, AL",1089,2002,2002,3523
"Mobile County, AL",1097,1995,1995,6093
"Mobile County, AL",1097,1996,1996,6235
"Mobile County, AL",1097,1997,1997,6219
"Mobile County, AL",1097,1998,1998,6402
"Mobile County, AL",1097,1999,1999,6223
"Mobile County, AL",1097,2000,2000,6359
"Mobile County, AL",1097,2001,2001,5887
"Mobile County, AL",1097,2002,2002,5830
"Montgomery County, AL",1101,1995,1995,3514
"Montgomery County, AL",1101,1996,1996,3527
"Montgomery County, AL",1101,1997,1997,3424
"Montgomery County, AL",1101,1998,1998,3507
"Montgomery County, AL",1101,1999,1999,3485
"Montgomery County, AL",1101,2000,2000,3656
"Montgomery County, AL",1101,2001,2001,3417
"Montgomery County, AL",1101,2002,2002,3337
"Morgan County, AL",1103,1995,1995,1438
"Morgan County, AL",1103,1996,1996,1377
"Morgan County, AL",1103,1997,1997,1487
"Morgan County, AL",1103,1998,1998,1541
"Morgan County, AL",1103,1999,1999,1572
"Morgan County, AL",1103,2000,2000,1585
"Morgan County, AL",1103,2001,2001,1454
"Morgan County, AL",1103,2002,2002,1504
"St. Clair County, AL",1115,1995,1995,20
"Tuscaloosa County, AL",1125,1995,1995,2153
"Tuscaloosa County, AL",1125,1996,1996,2160
"Tuscaloosa County, AL",1125,1997,1997,2124
"Tuscaloosa County, AL",1125,1998,1998,2241
"Tuscaloosa County, AL",1125,1999,1999,2294
"Tuscaloosa County, AL",1125,2000,2000,2331
"Tuscaloosa County, AL",1125,2001,2001,2231
"Tuscaloosa County, AL",1125,2002,2002,2146
"Unidentified Counties, AL",1999,1995,1995,32370
"Unidentified Counties, AL",1999,1996,1996,32753
"Unidentified Counties, AL",1999,1997,1997,32807
"Unidentified Counties, AL",1999,1998,1998,33561
"Unidentified Counties, AL",1999,1999,1999,33729
"Unidentified Counties, AL",1999,2000,2000,34516
"Unidentified Counties, AL",1999,2001,2001,33163
"Unidentified Counties, AL",1999,2002,2002,32244
"Anchorage Borough, AK",2020,1995,1995,4453
"Anchorage Borough, AK",2020,1996,1996,4125
"Anchorage Borough, AK",2020,1997,1997,4167
"Anchorage Borough, AK",2020,1998,1998,4190
"Anchorage Borough, AK",2020,1999,1999,4273
"Anchorage Borough, AK",2020,2000,2000,4122
"Anchorage Borough, AK",2020,2001,2001,4185
"Anchorage Borough, AK",2020,2002,2002,4152
"Unidentified Counties, AK",2999,1995,1995,5791
"Unidentified Counties, AK",2999,1996,1996,5912
"Unidentified Counties, AK",2999,1997,1997,5780
"Unidentified Counties, AK",2999,1998,1998,5736
"Unidentified Counties, AK",2999,1999,1999,5677
"Unidentified Counties, AK",2999,2000,2000,5852
"Unidentified Counties, AK",2999,2001,2001,5818
"Unidentified Counties, AK",2999,2002,2002,5786
"Maricopa County, AZ",4013,1995,1995,44053
"Maricopa County, AZ",4013,1996,1996,46549
"Maricopa County, AZ",4013,1997,1997,47135
"Maricopa County, AZ",4013,1998,1998,49357
"Maricopa County, AZ",4013,1999,1999,51569
"Maricopa County, AZ",4013,2000,2000,54506
"Maricopa County, AZ",4013,2001,2001,55675
"Maricopa County, AZ",4013,2002,2002,56697
"Pima County, AZ",4019,1995,1995,11204
"Pima County, AZ",4019,1996,1996,11294
"Pima County, AZ",4019,1997,1997,11377
"Pima County, AZ",4019,1998,1998,11460
"Pima County, AZ",4019,1999,1999,11890
"Pima County, AZ",4019,2000,2000,12516
"Pima County, AZ",4019,2001,2001,12147
"Pima County, AZ",4019,2002,2002,12491
"Pinal County, AZ",4021,1995,1995,2031
"Pinal County, AZ",4021,1996,1996,2111
"Pinal County, AZ",4021,1997,1997,2150
"Pinal County, AZ",4021,1998,1998,2233
"Pinal County, AZ",4021,1999,1999,2409
"Pinal County, AZ",4021,2000,2000,2613
"Pinal County, AZ",4021,2001,2001,2559
"Pinal County, AZ",4021,2002,2002,2711
"Yavapai County, AZ",4025,1995,1995,1533
"Yavapai County, AZ",4025,1996,1996,1580
"Yavapai County, AZ",4025,1997,1997,1544
"Yavapai County, AZ",4025,1998,1998,1698
"Yavapai County, AZ",4025,1999,1999,1625
"Yavapai County, AZ",4025,2000,2000,1755
"Yavapai County, AZ",4025,2001,2001,1746
"Yavapai County, AZ",4025,2002,2002,1920
"Yuma County, AZ",4027,1995,1995,3046
"Yuma County, AZ",4027,1996,1996,2976
"Yuma County, AZ",4027,1997,1997,2874
"Yuma County, AZ",4027,1998,1998,2830
"Yuma County, AZ",4027,1999,1999,2865
"Yuma County, AZ",4027,2000,2000,3030
"Yuma County, AZ",4027,2001,2001,3013
"Yuma County, AZ",4027,2002,2002,3095
"Unidentified Counties, AZ",4999,1995,1995,10596
"Unidentified Counties, AZ",4999,1996,1996,10812
"Unidentified Counties, AZ",4999,1997,1997,10619
"Unidentified Counties, AZ",4999,1998,1998,10665
"Unidentified Counties, AZ",4999,1999,1999,10787
"Unidentified Counties, AZ",4999,2000,2000,10853
"Unidentified Counties, AZ",4999,2001,2001,10457
"Unidentified Counties, AZ",4999,2002,2002,10923
"Pulaski County, AR",5119,1995,1995,5636
"Pulaski County, AR",5119,1996,1996,5681
"Pulaski County, AR",5119,1997,1997,5484
"Pulaski County, AR",5119,1998,1998,5530
"Pulaski County, AR",5119,1999,1999,5526
"Pulaski County, AR",5119,2000,2000,5856
"Pulaski County, AR",5119,2001,2001,5553
"Pulaski County, AR",5119,2002,2002,5705
"Washington County, AR",5143,1995,1995,2138
"Washington County, AR",5143,1996,1996,2232
"Washington County, AR",5143,1997,1997,2355
"Washington County, AR",5143,1998,1998,2386
"Washington County, AR",5143,1999,1999,2503
"Washington County, AR",5143,2000,2000,2595
"Washington County, AR",5143,2001,2001,2552
"Washington County, AR",5143,2002,2002,2889
"Unidentified Counties, AR",5999,1995,1995,27401
"Unidentified Counties, AR",5999,1996,1996,28458
"Unidentified Counties, AR",5999,1997,1997,28639
"Unidentified Counties, AR",5999,1998,1998,28949
"Unidentified Counties, AR",5999,1999,1999,28700
"Unidentified Counties, AR",5999,2000,2000,29332
"Unidentified Counties, AR",5999,2001,2001,28905
"Unidentified Counties, AR",5999,2002,2002,28843
"Alameda County, CA",6001,1995,1995,20960
"Alameda County, CA",6001,1996,1996,20680
"Alameda County, CA",6001,1997,1997,20789
"Alameda County, CA",6001,1998,1998,20949
"Alameda County, CA",6001,1999,1999,20554
"Alameda County, CA",6001,2000,2000,22176
"Alameda County, CA",6001,2001,2001,22038
"Alameda County, CA",6001,2002,2002,21805
"Butte County, CA",6007,1995,1995,2525
"Butte County, CA",6007,1996,1996,2478
"Butte County, CA",6007,1997,1997,2254
"Butte County, CA",6007,1998,1998,2271
"Butte County, CA",6007,1999,1999,2258
"Butte County, CA",6007,2000,2000,2197
"Butte County, CA",6007,2001,2001,2312
"Butte County, CA",6007,2002,2002,2265
"Contra Costa County, CA",6013,1995,1995,12491
"Contra Costa County, CA",6013,1996,1996,12292
"Contra Costa County, CA",6013,1997,1997,12300
"Contra Costa County, CA",6013,1998,1998,12494
"Contra Costa County, CA",6013,1999,1999,12585
"Contra Costa County, CA",6013,2000,2000,13209
"Contra Costa County, CA",6013,2001,2001,13126
"Contra Costa County, CA",6013,2002,2002,13314
"El Dorado County, CA",6017,1995,1995,1731
"El Dorado County, CA",6017,1996,1996,1668
"El Dorado County, CA",6017,1997,1997,1668
"El Dorado County, CA",6017,1998,1998,1675
"El Dorado County, CA",6017,1999,1999,1644
"El Dorado County, CA",6017,2000,2000,1630
"El Dorado County, CA",6017,2001,2001,1702
"El Dorado County, CA",6017,2002,2002,1761
"Fresno County, CA",6019,1995,1995,15087
"Fresno County, CA",6019,1996,1996,14652
"Fresno County, CA",6019,1997,1997,14122
"Fresno County, CA",6019,1998,1998,14349
"Fresno County, CA",6019,1999,1999,14022
"Fresno County, CA",6019,2000,2000,14265
"Fresno County, CA",6019,2001,2001,14292
"Fresno County, CA",6019,2002,2002,14770
"Humboldt County, CA",6023,1995,1995,1579
"Humboldt County, CA",6023,1996,1996,1501
"Humboldt County, CA",6023,1997,1997,1484
"Humboldt County, CA",6023,1998,1998,1447
"Humboldt County, CA",6023,1999,1999,1449
"Humboldt County, CA",6023,2000,2000,1372
"Humboldt County, CA",6023,2001,2001,1503
"Humboldt County, CA",6023,2002,2002,1422
"Imperial County, CA",6025,1995,1995,2708
"Imperial County, CA",6025,1996,1996,2572
"Imperial County, CA",6025,1997,1997,2458
"Imperial County, CA",6025,1998,1998,2563
"Imperial County, CA",6025,1999,1999,2528
"Imperial County, CA",6025,2000,2000,2640
"Imperial County, CA",6025,2001,2001,2628
"Imperial County, CA",6025,2002,2002,2674
"Kern County, CA",6029,1995,1995,11948
"Kern County, CA",6029,1996,1996,11568
"Kern County, CA",6029,1997,1997,11288
"Kern County, CA",6029,1998,1998,11521
"Kern County, CA",6029,1999,1999,11387
"Kern County, CA",6029,2000,2000,11689
"Kern County, CA",6029,2001,2001,11728
"Kern County, CA",6029,2002,2002,12217
"Kings County, CA",6031,1995,1995,2142
"Kings County, CA",6031,1996,1996,2257
"Kings County, CA",6031,1997,1997,2084
"Kings County, CA",6031,1998,1998,2166
"Kings County, CA",6031,1999,1999,2151
"Kings County, CA",6031,2000,2000,2180
"Kings County, CA",6031,2001,2001,2135
"Kings County, CA",6031,2002,2002,2311
"Los Angeles County, CA",6037,1995,1995,175177
"Los Angeles County, CA",6037,1996,1996,169173
"Los Angeles County, CA",6037,1997,1997,162149
"Los Angeles County, CA",6037,1998,1998,158581
"Los Angeles County, CA",6037,1999,1999,156202
"Los Angeles County, CA",6037,2000,2000,157508
"Los Angeles County, CA",6037,2001,2001,153586
"Los Angeles County, CA",6037,2002,2002,151192
"Marin County, CA",6041,1995,1995,2618
"Marin County, CA",6041,1996,1996,2643
"Marin County, CA",6041,1997,1997,2653
"Marin County, CA",6041,1998,1998,2572
"Marin County, CA",6041,1999,1999,2656
"Marin County, CA",6041,2000,2000,2826
"Marin County, CA",6041,2001,2001,2864
"Marin County, CA",6041,2002,2002,2772
"Merced County, CA",6047,1995,1995,4023
"Merced County, CA",6047,1996,1996,3731
"Merced County, CA",6047,1997,1997,3610
"Merced County, CA",6047,1998,1998,3527
"Merced County, CA",6047,1999,1999,3657
"Merced County, CA",6047,2000,2000,3875
"Merced County, CA",6047,2001,2001,3949
"Merced County, CA",6047,2002,2002,4027
"Monterey County, CA",6053,1995,1995,6818
"Monterey County, CA",6053,1996,1996,6655
"Monterey County, CA",6053,1997,1997,6732
"Monterey County, CA",6053,1998,1998,6590
"Monterey County, CA",6053,1999,1999,6534
"Monterey County, CA",6053,2000,2000,6717
"Monterey County, CA",6053,2001,2001,6946
"Monterey County, CA",6053,2002,2002,6900
"Napa County, CA",6055,1995,1995,1463
"Napa County, CA",6055,1996,1996,1510
"Napa County, CA",6055,1997,1997,1500
"Napa County, CA",6055,1998,1998,1475
"Napa County, CA",6055,1999,1999,1493
"Napa County, CA",6055,2000,2000,1496
"Napa County, CA",6055,2001,2001,1565
"Napa County, CA",6055,2002,2002,1565
"Orange County, CA",6059,1995,1995,48132
"Orange County, CA",6059,1996,1996,47368
"Orange County, CA",6059,1997,1997,47513
"Orange County, CA",6059,1998,1998,46215
"Orange County, CA",6059,1999,1999,46537
"Orange County, CA",6059,2000,2000,47022
"Orange County, CA",6059,2001,2001,45512
"Orange County, CA",6059,2002,2002,44814
"Placer County, CA",6061,1995,1995,2895
"Placer County, CA",6061,1996,1996,2776
"Placer County, CA",6061,1997,1997,2631
"Placer County, CA",6061,1998,1998,2710
"Placer County, CA",6061,1999,1999,2995
"Placer County, CA",6061,2000,2000,3072
"Placer County, CA",6061,2001,2001,3144
"Placer County, CA",6061,2002,2002,3534
"Riverside County, CA",6065,1995,1995,24244
"Riverside County, CA",6065,1996,1996,23503
"Riverside County, CA",6065,1997,1997,23338
"Riverside County, CA",6065,1998,1998,23237
"Riverside County, CA",6065,1999,1999,23555
"Riverside County, CA",6065,2000,2000,24855
"Riverside County, CA",6065,2001,2001,25402
"Riverside County, CA",6065,2002,2002,26694
"Sacramento County, CA",6067,1995,1995,18738
"Sacramento County, CA",6067,1996,1996,17861
"Sacramento County, CA",6067,1997,1997,17325
"Sacramento County, CA",6067,1998,1998,17769
"Sacramento County, CA",6067,1999,1999,17733
"Sacramento County, CA",6067,2000,2000,18221
"Sacramento County, CA",6067,2001,2001,18926
"Sacramento County, CA",6067,2002,2002,19235
"San Bernardino County, CA",6071,1995,1995,30145
"San Bernardino County, CA",6071,1996,1996,29414
"San Bernardino County, CA",6071,1997,1997,28392
"San Bernardino County, CA",6071,1998,1998,28251
"San Bernardino County, CA",6071,1999,1999,28452
"San Bernardino County, CA",6071,2000,2000,28713
"San Bernardino County, CA",6071,2001,2001,29232
"San Bernardino County, CA",6071,2002,2002,29699
"San Diego County, CA",6073,1995,1995,45947
"San Diego County, CA",6073,1996,1996,44944
"San Diego County, CA",6073,1997,1997,43308
"San Diego County, CA",6073,1998,1998,43573
"San Diego County, CA",6073,1999,1999,43302
"San Diego County, CA",6073,2000,2000,44337
"San Diego County, CA",6073,2001,2001,43789
"San Diego County, CA",6073,2002,2002,43960
"San Francisco County, CA",6075,1995,1995,8598
"San Francisco County, CA",6075,1996,1996,8379
"San Francisco County, CA",6075,1997,1997,8204
"San Francisco County, CA",6075,1998,1998,8157
"San Francisco County, CA",6075,1999,1999,8124
"San Francisco County, CA",6075,2000,2000,8665
"San Francisco County, CA",6075,2001,2001,8236
"San Francisco County, CA",6075,2002,2002,8359
"San Joaquin County, CA",6077,1995,1995,9057
"San Joaquin County, CA",6077,1996,1996,8785
"San Joaquin County, CA",6077,1997,1997,8723
"San Joaquin County, CA",6077,1998,1998,8648
"San Joaquin County, CA",6077,1999,1999,8857
"San Joaquin County, CA",6077,2000,2000,9606
"San Joaquin County, CA",6077,2001,2001,9813
"San Joaquin County, CA",6077,2002,2002,10167
"San Luis Obispo County, CA",6079,1995,1995,2652
"San Luis Obispo County, CA",6079,1996,1996,2491
"San Luis Obispo County, CA",6079,1997,1997,2493
"San Luis Obispo County, CA",6079,1998,1998,2374
"San Luis Obispo County, CA",6079,1999,1999,2359
"San Luis Obispo County, CA",6079,2000,2000,2436
"San Luis Obispo County, CA",6079,2001,2001,2437
"San Luis Obispo County, CA",6079,2002,2002,2368
"San Mateo County, CA",6081,1995,1995,9973
"San Mateo County, CA",6081,1996,1996,10045
"San Mateo County, CA",6081,1997,1997,10058
"San Mateo County, CA",6081,1998,1998,10129
"San Mateo County, CA",6081,1999,1999,10113
"San Mateo County, CA",6081,2000,2000,10421
"San Mateo County, CA",6081,2001,2001,10236
"San Mateo County, CA",6081,2002,2002,10063
"Santa Barbara County, CA",6083,1995,1995,5818
"Santa Barbara County, CA",6083,1996,1996,5987
"Santa Barbara County, CA",6083,1997,1997,5791
"Santa Barbara County, CA",6083,1998,1998,5770
"Santa Barbara County, CA",6083,1999,1999,5497
"Santa Barbara County, CA",6083,2000,2000,5685
"Santa Barbara County, CA",6083,2001,2001,5615
"Santa Barbara County, CA",6083,2002,2002,5699
"Santa Clara County, CA",6085,1995,1995,25993
"Santa Clara County, CA",6085,1996,1996,26662
"Santa Clara County, CA",6085,1997,1997,26426
"Santa Clara County, CA",6085,1998,1998,26711
"Santa Clara County, CA",6085,1999,1999,26302
"Santa Clara County, CA",6085,2000,2000,27686
"Santa Clara County, CA",6085,2001,2001,27134
"Santa Clara County, CA",6085,2002,2002,27120
"Santa Cruz County, CA",6087,1995,1995,3475
"Santa Cruz County, CA",6087,1996,1996,3425
"Santa Cruz County, CA",6087,1997,1997,3561
"Santa Cruz County, CA",6087,1998,1998,3634
"Santa Cruz County, CA",6087,1999,1999,3614
"Santa Cruz County, CA",6087,2000,2000,3675
"Santa Cruz County, CA",6087,2001,2001,3686
"Santa Cruz County, CA",6087,2002,2002,3529
"Shasta County, CA",6089,1995,1995,2034
"Shasta County, CA",6089,1996,1996,2051
"Shasta County, CA",6089,1997,1997,2001
"Shasta County, CA",6089,1998,1998,1944
"Shasta County, CA",6089,1999,1999,1850
"Shasta County, CA",6089,2000,2000,1831
"Shasta County, CA",6089,2001,2001,1945
"Shasta County, CA",6089,2002,2002,1963
"Solano County, CA",6095,1995,1995,5699
"Solano County, CA",6095,1996,1996,5811
"Solano County, CA",6095,1997,1997,5480
"Solano County, CA",6095,1998,1998,5500
"Solano County, CA",6095,1999,1999,5545
"Solano County, CA",6095,2000,2000,5902
"Solano County, CA",6095,2001,2001,5770
"Solano County, CA",6095,2002,2002,5864
"Sonoma County, CA",6097,1995,1995,5447
"Sonoma County, CA",6097,1996,1996,5503
"Sonoma County, CA",6097,1997,1997,5414
"Sonoma County, CA",6097,1998,1998,5469
"Sonoma County, CA",6097,1999,1999,5421
"Sonoma County, CA",6097,2000,2000,5652
"Sonoma County, CA",6097,2001,2001,5709
"Sonoma County, CA",6097,2002,2002,5678
"Stanislaus County, CA",6099,1995,1995,7287
"Stanislaus County, CA",6099,1996,1996,7174
"Stanislaus County, CA",6099,1997,1997,6794
"Stanislaus County, CA",6099,1998,1998,6942
"Stanislaus County, CA",6099,1999,1999,7125
"Stanislaus County, CA",6099,2000,2000,7249
"Stanislaus County, CA",6099,2001,2001,7592
"Stanislaus County, CA",6099,2002,2002,7932
"Tulare County, CA",6107,1995,1995,7154
"Tulare County, CA",6107,1996,1996,7204
"Tulare County, CA",6107,1997,1997,6938
"Tulare County, CA",6107,1998,1998,6892
"Tulare County, CA",6107,1999,1999,6768
"Tulare County, CA",6107,2000,2000,7261
"Tulare County, CA",6107,2001,2001,7320
"Tulare County, CA",6107,2002,2002,7416
"Ventura County, CA",6111,1995,1995,12082
"Ventura County, CA",6111,1996,1996,11688
"Ventura County, CA",6111,1997,1997,11291
"Ventura County, CA",6111,1998,1998,11548
"Ventura County, CA",6111,1999,1999,11428
"Ventura County, CA",6111,2000,2000,11768
"Ventura County, CA",6111,2001,2001,11348
"Ventura County, CA",6111,2002,2002,11603
"Yolo County, CA",6113,1995,1995,2188
"Yolo County, CA",6113,1996,1996,2154
"Yolo County, CA",6113,1997,1997,2107
"Yolo County, CA",6113,1998,1998,2150
"Yolo County, CA",6113,1999,1999,2143
"Yolo County, CA",6113,2000,2000,2246
"Yolo County, CA",6113,2001,2001,2319
"Yolo County, CA",6113,2002,2002,2383
"Unidentified Counties, CA",6999,1995,1995,13217
"Unidentified Counties, CA",6999,1996,1996,12828
"Unidentified Counties, CA",6999,1997,1997,11961
"Unidentified Counties, CA",6999,1998,1998,11858
"Unidentified Counties, CA",6999,1999,1999,11668
"Unidentified Counties, CA",6999,2000,2000,11876
"Unidentified Counties, CA",6999,2001,2001,12220
"Unidentified Counties, CA",6999,2002,2002,12282
"Adams County, CO",8001,1995,1995,4861
"Adams County, CO",8001,1996,1996,4857
"Adams County, CO",8001,1997,1997,4995
"Adams County, CO",8001,1998,1998,5428
"Adams County, CO",8001,1999,1999,5718
"Adams County, CO",8001,2000,2000,6143
"Adams County, CO",8001,2001,2001,6394
"Adams County, CO",8001,2002,2002,7098
"Arapahoe County, CO",8005,1995,1995,6137
"Arapahoe County, CO",8005,1996,1996,6113
"Arapahoe County, CO",8005,1997,1997,6181
"Arapahoe County, CO",8005,1998,1998,6598
"Arapahoe County, CO",8005,1999,1999,6784
"Arapahoe County, CO",8005,2000,2000,7167
"Arapahoe County, CO",8005,2001,2001,7331
"Arapahoe County, CO",8005,2002,2002,7753
"Boulder County, CO",8013,1995,1995,3138
"Boulder County, CO",8013,1996,1996,3260
"Boulder County, CO",8013,1997,1997,3257
"Boulder County, CO",8013,1998,1998,3461
"Boulder County, CO",8013,1999,1999,3623
"Boulder County, CO",8013,2000,2000,3878
"Boulder County, CO",8013,2001,2001,3937
"Boulder County, CO",8013,2002,2002,3700
"Denver County, CO",8031,1995,1995,8675
"Denver County, CO",8031,1996,1996,9175
"Denver County, CO",8031,1997,1997,9310
"Denver County, CO",8031,1998,1998,9841
"Denver County, CO",8031,1999,1999,10163
"Denver County, CO",8031,2000,2000,10992
"Denver County, CO",8031,2001,2001,11394
"Denver County, CO",8031,2002,2002,11445
"El Paso County, CO",8041,1995,1995,7646
"El Paso County, CO",8041,1996,1996,7699
"El Paso County, CO",8041,1997,1997,7700
"El Paso County, CO",8041,1998,1998,7844
"El Paso County, CO",8041,1999,1999,8202
"El Paso County, CO",8041,2000,2000,8301
"El Paso County, CO",8041,2001,2001,8513
"El Paso County, CO",8041,2002,2002,8554
"Jefferson County, CO",8059,1995,1995,6259
"Jefferson County, CO",8059,1996,1996,6333
"Jefferson County, CO",8059,1997,1997,6387
"Jefferson County, CO",8059,1998,1998,6387
"Jefferson County, CO",8059,1999,1999,6597
"Jefferson County, CO",8059,2000,2000,6700
"Jefferson County, CO",8059,2001,2001,6645
"Jefferson County, CO",8059,2002,2002,6515
"Larimer County, CO",8069,1995,1995,2832
"Larimer County, CO",8069,1996,1996,2761
"Larimer County, CO",8069,1997,1997,2807
"Larimer County, CO",8069,1998,1998,2906
"Larimer County, CO",8069,1999,1999,3131
"Larimer County, CO",8069,2000,2000,3254
"Larimer County, CO",8069,2001,2001,3280
"Larimer County, CO",8069,2002,2002,3269
"Pueblo County, CO",8101,1995,1995,1757
"Pueblo County, CO",8101,1996,1996,1700
"Pueblo County, CO",8101,1997,1997,1775
"Pueblo County, CO",8101,1998,1998,1910
"Pueblo County, CO",8101,1999,1999,1934
"Pueblo County, CO",8101,2000,2000,1945
"Pueblo County, CO",8101,2001,2001,2008
"Pueblo County, CO",8101,2002,2002,2061
"Weld County, CO",8123,1995,1995,2261
"Weld County, CO",8123,1996,1996,2417
"Weld County, CO",8123,1997,1997,2531
"Weld County, CO",8123,1998,1998,2639
"Weld County, CO",8123,1999,1999,2870
"Weld County, CO",8123,2000,2000,3171
"Weld County, CO",8123,2001,2001,3155
"Weld County, CO",8123,2002,2002,3532
"Unidentified Counties, CO",8999,1995,1995,10766
"Unidentified Counties, CO",8999,1996,1996,11492
"Unidentified Counties, CO",8999,1997,1997,11590
"Unidentified Counties, CO",8999,1998,1998,12563
"Unidentified Counties, CO",8999,1999,1999,13145
"Unidentified Counties, CO",8999,2000,2000,13887
"Unidentified Counties, CO",8999,2001,2001,14350
"Unidentified Counties, CO",8999,2002,2002,14491
"Fairfield County, CT",9001,1995,1995,12203
"Fairfield County, CT",9001,1996,1996,12511
"Fairfield County, CT",9001,1997,1997,12400
"Fairfield County, CT",9001,1998,1998,12497
"Fairfield County, CT",9001,1999,1999,12542
"Fairfield County, CT",9001,2000,2000,12430
"Fairfield County, CT",9001,2001,2001,12188
"Fairfield County, CT",9001,2002,2002,11943
"Hartford County, CT",9003,1995,1995,11828
"Hartford County, CT",9003,1996,1996,11683
"Hartford County, CT",9003,1997,1997,11342
"Hartford County, CT",9003,1998,1998,11680
"Hartford County, CT",9003,1999,1999,11196
"Hartford County, CT",9003,2000,2000,11262
"Hartford County, CT",9003,2001,2001,10653
"Hartford County, CT",9003,2002,2002,9901
"Litchfield County, CT",9005,1995,1995,1991
"Litchfield County, CT",9005,1996,1996,2035
"Litchfield County, CT",9005,1997,1997,1929
"Litchfield County, CT",9005,1998,1998,1971
"Litchfield County, CT",9005,1999,1999,2044
"Litchfield County, CT",9005,2000,2000,2035
"Litchfield County, CT",9005,2001,2001,1962
"Litchfield County, CT",9005,2002,2002,1865
"Middlesex County, CT",9007,1995,1995,1893
"Middlesex County, CT",9007,1996,1996,1874
"Middlesex County, CT",9007,1997,1997,1927
"Middlesex County, CT",9007,1998,1998,1830
"Middlesex County, CT",9007,1999,1999,1829
"Middlesex County, CT",9007,2000,2000,1847
"Middlesex County, CT",9007,2001,2001,1779
"Middlesex County, CT",9007,2002,2002,1886
"New Haven County, CT",9009,1995,1995,10691
"New Haven County, CT",9009,1996,1996,10722
"New Haven County, CT",9009,1997,1997,10363
"New Haven County, CT",9009,1998,1998,10561
"New Haven County, CT",9009,1999,1999,10390
"New Haven County, CT",9009,2000,2000,10139
"New Haven County, CT",9009,2001,2001,10256
"New Haven County, CT",9009,2002,2002,10168
"New London County, CT",9011,1995,1995,2763
"New London County, CT",9011,1996,1996,2783
"New London County, CT",9011,1997,1997,2491
"New London County, CT",9011,1998,1998,2510
"New London County, CT",9011,1999,1999,2534
"New London County, CT",9011,2000,2000,2455
"New London County, CT",9011,2001,2001,3024
"New London County, CT",9011,2002,2002,3577
"Tolland County, CT",9013,1995,1995,1525
"Tolland County, CT",9013,1996,1996,1592
"Tolland County, CT",9013,1997,1997,1402
"Tolland County, CT",9013,1998,1998,1470
"Tolland County, CT",9013,1999,1999,1485
"Tolland County, CT",9013,2000,2000,1537
"Tolland County, CT",9013,2001,2001,1466
"Tolland County, CT",9013,2002,2002,1404
"Windham County, CT",9015,1995,1995,1440
"Windham County, CT",9015,1996,1996,1269
"Windham County, CT",9015,1997,1997,1255
"Windham County, CT",9015,1998,1998,1301
"Windham County, CT",9015,1999,1999,1290
"Windham County, CT",9015,2000,2000,1321
"Windham County, CT",9015,2001,2001,1320
"Windham County, CT",9015,2002,2002,1257
"Kent County, DE",10001,1995,1995,1738
"Kent County, DE",10001,1996,1996,1866
"Kent County, DE",10001,1997,1997,1715
"Kent County, DE",10001,1998,1998,1881
"Kent County, DE",10001,1999,1999,1905
"Kent County, DE",10001,2000,2000,1942
"Kent County, DE",10001,2001,2001,1883
"Kent County, DE",10001,2002,2002,1886
"New Castle County, DE",10003,1995,1995,6855
"New Castle County, DE",10003,1996,1996,6584
"New Castle County, DE",10003,1997,1997,6705
"New Castle County, DE",10003,1998,1998,6822
"New Castle County, DE",10003,1999,1999,6917
"New Castle County, DE",10003,2000,2000,7115
"New Castle County, DE",10003,2001,2001,6809
"New Castle County, DE",10003,2002,2002,7150
"Sussex County, DE",10005,1995,1995,1673
"Sussex County, DE",10005,1996,1996,1705
"Sussex County, DE",10005,1997,1997,1833
"Sussex County, DE",10005,1998,1998,1875
"Sussex County, DE",10005,1999,1999,1854
"Sussex County, DE",10005,2000,2000,1994
"Sussex County, DE",10005,2001,2001,2057
"Sussex County, DE",10005,2002,2002,2054
"District of Columbia, DC",11001,1995,1995,9014
"District of Columbia, DC",11001,1996,1996,8390
"District of Columbia, DC",11001,1997,1997,7927
"District of Columbia, DC",11001,1998,1998,7686
"District of Columbia, DC",11001,1999,1999,7522
"District of Columbia, DC",11001,2000,2000,7666
"District of Columbia, DC",11001,2001,2001,7625
"District of Columbia, DC",11001,2002,2002,7498
"Alachua County, FL",12001,1995,1995,2444
"Alachua County, FL",12001,1996,1996,2480
"Alachua County, FL",12001,1997,1997,2504
"Alachua County, FL",12001,1998,1998,2429
"Alachua County, FL",12001,1999,1999,2389
"Alachua County, FL",12001,2000,2000,2602
"Alachua County, FL",12001,2001,2001,2461
"Alachua County, FL",12001,2002,2002,2413
"Bay County, FL",12005,1995,1995,2005
"Bay County, FL",12005,1996,1996,1963
"Bay County, FL",12005,1997,1997,2005
"Bay County, FL",12005,1998,1998,2021
"Bay County, FL",12005,1999,1999,1963
"Bay County, FL",12005,2000,2000,2012
"Bay County, FL",12005,2001,2001,1906
"Bay County, FL",12005,2002,2002,1997
"Brevard County, FL",12009,1995,1995,4914
"Brevard County, FL",12009,1996,1996,5003
"Brevard County, FL",12009,1997,1997,4795
"Brevard County, FL",12009,1998,1998,4815
"Brevard County, FL",12009,1999,1999,4738
"Brevard County, FL",12009,2000,2000,5015
"Brevard County, FL",12009,2001,2001,4789
"Brevard County, FL",12009,2002,2002,4807
"Broward County, FL",12011,1995,1995,20067
"Broward County, FL",12011,1996,1996,19929
"Broward County, FL",12011,1997,1997,20419
"Broward County, FL",12011,1998,1998,20650
"Broward County, FL",12011,1999,1999,21035
"Broward County, FL",12011,2000,2000,22093
"Broward County, FL",12011,2001,2001,22384
"Broward County, FL",12011,2002,2002,22134
"Charlotte County, FL",12015,1995,1995,933
"Charlotte County, FL",12015,1996,1996,993
"Charlotte County, FL",12015,1997,1997,982
"Charlotte County, FL",12015,1998,1998,1041
"Charlotte County, FL",12015,1999,1999,959
"Charlotte County, FL",12015,2000,2000,1034
"Charlotte County, FL",12015,2001,2001,1038
"Charlotte County, FL",12015,2002,2002,994
"Clay County, FL",12019,1995,1995,1646
"Clay County, FL",12019,1996,1996,1645
"Clay County, FL",12019,1997,1997,1790
"Clay County, FL",12019,1998,1998,1802
"Clay County, FL",12019,1999,1999,1741
"Clay County, FL",12019,2000,2000,1830
"Clay County, FL",12019,2001,2001,1955
"Clay County, FL",12019,2002,2002,1858
"Collier County, FL",12021,1995,1995,2479
"Collier County, FL",12021,1996,1996,2495
"Collier County, FL",12021,1997,1997,2511
"Collier County, FL",12021,1998,1998,2715
"Collier County, FL",12021,1999,1999,2886
"Collier County, FL",12021,2000,2000,3067
"Collier County, FL",12021,2001,2001,3484
"Collier County, FL",12021,2002,2002,3600
"Dade County, FL",12025,1995,1995,32103
"Dade County, FL",12025,1996,1996,31844
"Dade County, FL",12025,1997,1997,31301
"Dade County, FL",12025,1998,1998,31635
"Dade County, FL",12025,1999,1999,31486
"Dade County, FL",12025,2000,2000,32306
"Dade County, FL",12025,2001,2001,32424
"Dade County, FL",12025,2002,2002,32125
"Duval County, FL",12031,1995,1995,11562
"Duval County, FL",12031,1996,1996,11897
"Duval County, FL",12031,1997,1997,11972
"Duval County, FL",12031,1998,1998,12129
"Duval County, FL",12031,1999,1999,12107
"Duval County, FL",12031,2000,2000,12180
"Duval County, FL",12031,2001,2001,12186
"Duval County, FL",12031,2002,2002,12052
"Escambia County, FL",12033,1995,1995,3841
"Escambia County, FL",12033,1996,1996,3848
"Escambia County, FL",12033,1997,1997,3990
"Escambia County, FL",12033,1998,1998,3917
"Escambia County, FL",12033,1999,1999,3977
"Escambia County, FL",12033,2000,2000,3845
"Escambia County, FL",12033,2001,2001,3915
"Escambia County, FL",12033,2002,2002,3869
"Hernando County, FL",12053,1995,1995,1028
"Hernando County, FL",12053,1996,1996,1014
"Hernando County, FL",12053,1997,1997,1045
"Hernando County, FL",12053,1998,1998,1088
"Hernando County, FL",12053,1999,1999,1063
"Hernando County, FL",12053,2000,2000,1176
"Hernando County, FL",12053,2001,2001,1242
"Hernando County, FL",12053,2002,2002,1218
"Hillsborough County, FL",12057,1995,1995,13501
"Hillsborough County, FL",12057,1996,1996,13678
"Hillsborough County, FL",12057,1997,1997,13890
"Hillsborough County, FL",12057,1998,1998,14303
"Hillsborough County, FL",12057,1999,1999,14450
"Hillsborough County, FL",12057,2000,2000,14673
"Hillsborough County, FL",12057,2001,2001,14866
"Hillsborough County, FL",12057,2002,2002,15088
"Lake County, FL",12069,1995,1995,2029
"Lake County, FL",12069,1996,1996,1953
"Lake County, FL",12069,1997,1997,2038
"Lake County, FL",12069,1998,1998,2221
"Lake County, FL",12069,1999,1999,2235
"Lake County, FL",12069,2000,2000,2363
"Lake County, FL",12069,2001,2001,2487
"Lake County, FL",12069,2002,2002,2609
"Lee County, FL",12071,1995,1995,4273
"Lee County, FL",12071,1996,1996,4450
"Lee County, FL",12071,1997,1997,4540
"Lee County, FL",12071,1998,1998,4588
"Lee County, FL",12071,1999,1999,4760
"Lee County, FL",12071,2000,2000,5200
"Lee County, FL",12071,2001,2001,5340
"Lee County, FL",12071,2002,2002,5389
"Leon County, FL",12073,1995,1995,2784
"Leon County, FL",12073,1996,1996,2789
"Leon County, FL",12073,1997,1997,2851
"Leon County, FL",12073,1998,1998,3041
"Leon County, FL",12073,1999,1999,2932
"Leon County, FL",12073,2000,2000,2993
"Leon County, FL",12073,2001,2001,2938
"Leon County, FL",12073,2002,2002,2932
"Manatee County, FL",12081,1995,1995,2836
"Manatee County, FL",12081,1996,1996,2879
"Manatee County, FL",12081,1997,1997,2857
"Manatee County, FL",12081,1998,1998,2863
"Manatee County, FL",12081,1999,1999,3046
"Manatee County, FL",12081,2000,2000,3239
"Manatee County, FL",12081,2001,2001,3194
"Manatee County, FL",12081,2002,2002,3387
"Marion County, FL",12083,1995,1995,2674
"Marion County, FL",12083,1996,1996,2504
"Marion County, FL",12083,1997,1997,2718
"Marion County, FL",12083,1998,1998,2734
"Marion County, FL",12083,1999,1999,2766
"Marion County, FL",12083,2000,2000,2902
"Marion County, FL",12083,2001,2001,2953
"Marion County, FL",12083,2002,2002,2912
"Martin County, FL",12085,1995,1995,1101
"Martin County, FL",12085,1996,1996,1133
"Martin County, FL",12085,1997,1997,1106
"Martin County, FL",12085,1998,1998,1115
"Martin County, FL",12085,1999,1999,1197
"Martin County, FL",12085,2000,2000,1240
"Martin County, FL",12085,2001,2001,1219
"Martin County, FL",12085,2002,2002,1199
"Okaloosa County, FL",12091,1995,1995,2453
"Okaloosa County, FL",12091,1996,1996,2368
"Okaloosa County, FL",12091,1997,1997,2288
"Okaloosa County, FL",12091,1998,1998,2326
"Okaloosa County, FL",12091,1999,1999,2279
"Okaloosa County, FL",12091,2000,2000,2363
"Okaloosa County, FL",12091,2001,2001,2387
"Okaloosa County, FL",12091,2002,2002,2455
"Orange County, FL",12095,1995,1995,11646
"Orange County, FL",12095,1996,1996,11738
"Orange County, FL",12095,1997,1997,12378
"Orange County, FL",12095,1998,1998,12917
"Orange County, FL",12095,1999,1999,13183
"Orange County, FL",12095,2000,2000,14078
"Orange County, FL",12095,2001,2001,14241
"Orange County, FL",12095,2002,2002,14144
"Osceola County, FL",12097,1995,1995,2008
"Osceola County, FL",12097,1996,1996,2041
"Osceola County, FL",12097,1997,1997,2135
"Osceola County, FL",12097,1998,1998,2254
"Osceola County, FL",12097,1999,1999,2356
"Osceola County, FL",12097,2000,2000,2616
"Osceola County, FL",12097,2001,2001,2704
"Osceola County, FL",12097,2002,2002,2895
"Palm Beach County, FL",12099,1995,1995,12301
"Palm Beach County, FL",12099,1996,1996,12588
"Palm Beach County, FL",12099,1997,1997,12555
"Palm Beach County, FL",12099,1998,1998,13066
"Palm Beach County, FL",12099,1999,1999,13073
"Palm Beach County, FL",12099,2000,2000,13326
"Palm Beach County, FL",12099,2001,2001,13742
"Palm Beach County, FL",12099,2002,2002,13887
"Pasco County, FL",12101,1995,1995,3342
"Pasco County, FL",12101,1996,1996,3217
"Pasco County, FL",12101,1997,1997,3363
"Pasco County, FL",12101,1998,1998,3413
"Pasco County, FL",12101,1999,1999,3505
"Pasco County, FL",12101,2000,2000,3761
"Pasco County, FL",12101,2001,2001,3871
"Pasco County, FL",12101,2002,2002,3859
"Pinellas County, FL",12103,1995,1995,9240
"Pinellas County, FL",12103,1996,1996,9181
"Pinellas County, FL",12103,1997,1997,9255
"Pinellas County, FL",12103,1998,1998,9445
"Pinellas County, FL",12103,1999,1999,9262
"Pinellas County, FL",12103,2000,2000,9598
"Pinellas County, FL",12103,2001,2001,9425
"Pinellas County, FL",12103,2002,2002,8941
"Polk County, FL",12105,1995,1995,6148
"Polk County, FL",12105,1996,1996,6197
"Polk County, FL",12105,1997,1997,6470
"Polk County, FL",12105,1998,1998,6510
"Polk County, FL",12105,1999,1999,6596
"Polk County, FL",12105,2000,2000,6877
"Polk County, FL",12105,2001,2001,6877
"Polk County, FL",12105,2002,2002,6818
"St. Lucie County, FL",12111,1995,1995,2112
"St. Lucie County, FL",12111,1996,1996,2145
"St. Lucie County, FL",12111,1997,1997,2177
"St. Lucie County, FL",12111,1998,1998,2249
"St. Lucie County, FL",12111,1999,1999,2151
"St. Lucie County, FL",12111,2000,2000,2251
"St. Lucie County, FL",12111,2001,2001,2228
"St. Lucie County, FL",12111,2002,2002,2289
"Sarasota County, FL",12115,1995,1995,2506
"Sarasota County, FL",12115,1996,1996,2522
"Sarasota County, FL",12115,1997,1997,2537
"Sarasota County, FL",12115,1998,1998,2603
"Sarasota County, FL",12115,1999,1999,2638
"Sarasota County, FL",12115,2000,2000,2718
"Sarasota County, FL",12115,2001,2001,2787
"Sarasota County, FL",12115,2002,2002,2844
"Seminole County, FL",12117,1995,1995,4377
"Seminole County, FL",12117,1996,1996,4369
"Seminole County, FL",12117,1997,1997,4444
"Seminole County, FL",12117,1998,1998,4249
"Seminole County, FL",12117,1999,1999,4447
"Seminole County, FL",12117,2000,2000,4586
"Seminole County, FL",12117,2001,2001,4510
"Seminole County, FL",12117,2002,2002,4526
"Volusia County, FL",12127,1995,1995,4308
"Volusia County, FL",12127,1996,1996,4204
"Volusia County, FL",12127,1997,1997,4557
"Volusia County, FL",12127,1998,1998,4434
"Volusia County, FL",12127,1999,1999,4451
"Volusia County, FL",12127,2000,2000,4456
"Volusia County, FL",12127,2001,2001,4665
"Volusia County, FL",12127,2002,2002,4533
"Unidentified Counties, FL",12999,1995,1995,16062
"Unidentified Counties, FL",12999,1996,1996,16325
"Unidentified Counties, FL",12999,1997,1997,16910
"Unidentified Counties, FL",12999,1998,1998,17064
"Unidentified Counties, FL",12999,1999,1999,17352
"Unidentified Counties, FL",12999,2000,2000,17725
"Unidentified Counties, FL",12999,2001,2001,17575
"Unidentified Counties, FL",12999,2002,2002,17805
"Bibb County, GA",13021,1995,1995,2559
"Bibb County, GA",13021,1996,1996,2439
"Bibb County, GA",13021,1997,1997,2542
"Bibb County, GA",13021,1998,1998,2401
"Bibb County, GA",13021,1999,1999,2528
"Bibb County, GA",13021,2000,2000,2577
"Bibb County, GA",13021,2001,2001,2511
"Bibb County, GA",13021,2002,2002,2549
"Chatham County, GA",13051,1995,1995,3584
"Chatham County, GA",13051,1996,1996,3494
"Chatham County, GA",13051,1997,1997,3485
"Chatham County, GA",13051,1998,1998,3514
"Chatham County, GA",13051,1999,1999,3617
"Chatham County, GA",13051,2000,2000,3534
"Chatham County, GA",13051,2001,2001,3664
"Chatham County, GA",13051,2002,2002,3630
"Clayton County, GA",13063,1995,1995,3486
"Clayton County, GA",13063,1996,1996,3592
"Clayton County, GA",13063,1997,1997,3841
"Clayton County, GA",13063,1998,1998,3802
"Clayton County, GA",13063,1999,1999,4023
"Clayton County, GA",13063,2000,2000,4298
"Clayton County, GA",13063,2001,2001,4481
"Clayton County, GA",13063,2002,2002,4398
"Cobb County, GA",13067,1995,1995,8210
"Cobb County, GA",13067,1996,1996,8176
"Cobb County, GA",13067,1997,1997,8511
"Cobb County, GA",13067,1998,1998,9147
"Cobb County, GA",13067,1999,1999,9476
"Cobb County, GA",13067,2000,2000,10379
"Cobb County, GA",13067,2001,2001,10503
"Cobb County, GA",13067,2002,2002,10503
"DeKalb County, GA",13089,1995,1995,9692
"DeKalb County, GA",13089,1996,1996,9759
"DeKalb County, GA",13089,1997,1997,9931
"DeKalb County, GA",13089,1998,1998,10369
"DeKalb County, GA",13089,1999,1999,10502
"DeKalb County, GA",13089,2000,2000,10930
"DeKalb County, GA",13089,2001,2001,11084
"DeKalb County, GA",13089,2002,2002,10597
"Fulton County, GA",13121,1995,1995,11496
"Fulton County, GA",13121,1996,1996,11954
"Fulton County, GA",13121,1997,1997,12522
"Fulton County, GA",13121,1998,1998,12969
"Fulton County, GA",13121,1999,1999,13487
"Fulton County, GA",13121,2000,2000,14085
"Fulton County, GA",13121,2001,2001,13735
"Fulton County, GA",13121,2002,2002,13526
"Gwinnett County, GA",13135,1995,1995,7398
"Gwinnett County, GA",13135,1996,1996,7434
"Gwinnett County, GA",13135,1997,1997,8115
"Gwinnett County, GA",13135,1998,1998,8657
"Gwinnett County, GA",13135,1999,1999,9548
"Gwinnett County, GA",13135,2000,2000,10369
"Gwinnett County, GA",13135,2001,2001,10951
"Gwinnett County, GA",13135,2002,2002,11534
"Muscogee County, GA",13215,1995,1995,3072
"Muscogee County, GA",13215,1996,1996,3035
"Muscogee County, GA",13215,1997,1997,3024
"Muscogee County, GA",13215,1998,1998,3047
"Muscogee County, GA",13215,1999,1999,3092
"Muscogee County, GA",13215,2000,2000,3197
"Muscogee County, GA",13215,2001,2001,2983
"Muscogee County, GA",13215,2002,2002,2923
"Richmond County, GA",13245,1995,1995,3139
"Richmond County, GA",13245,1996,1996,3084
"Richmond County, GA",13245,1997,1997,3150
"Richmond County, GA",13245,1998,1998,3137
"Richmond County, GA",13245,1999,1999,3178
"Richmond County, GA",13245,2000,2000,3329
"Richmond County, GA",13245,2001,2001,3322
"Richmond County, GA",13245,2002,2002,3094
"Unidentified Counties, GA",13999,1995,1995,59646
"Unidentified Counties, GA",13999,1996,1996,61076
"Unidentified Counties, GA",13999,1997,1997,63100
"Unidentified Counties, GA",13999,1998,1998,65325
"Unidentified Counties, GA",13999,1999,1999,67266
"Unidentified Counties, GA",13999,2000,2000,69946
"Unidentified Counties, GA",13999,2001,2001,70292
"Unidentified Counties, GA",13999,2002,2002,70546
"Hawaii County, HI",15001,1995,1995,2027
"Hawaii County, HI",15001,1996,1996,1976
"Hawaii County, HI",15001,1997,1997,2244
"Hawaii County, HI",15001,1998,1998,2319
"Hawaii County, HI",15001,1999,1999,2354
"Hawaii County, HI",15001,2000,2000,2389
"Hawaii County, HI",15001,2001,2001,2185
"Hawaii County, HI",15001,2002,2002,2016
"Honolulu County, HI",15003,1995,1995,13823
"Honolulu County, HI",15003,1996,1996,13747
"Honolulu County, HI",15003,1997,1997,12614
"Honolulu County, HI",15003,1998,1998,12810
"Honolulu County, HI",15003,1999,1999,12221
"Honolulu County, HI",15003,2000,2000,12651
"Honolulu County, HI",15003,2001,2001,12392
"Honolulu County, HI",15003,2002,2002,12868
"Maui County, HI",15009,1995,1995,1897
"Maui County, HI",15009,1996,1996,1868
"Maui County, HI",15009,1997,1997,1796
"Maui County, HI",15009,1998,1998,1691
"Maui County, HI",15009,1999,1999,1722
"Maui County, HI",15009,2000,2000,1765
"Maui County, HI",15009,2001,2001,1715
"Maui County, HI",15009,2002,2002,1866
"Unidentified Counties, HI",15999,1995,1995,848
"Unidentified Counties, HI",15999,1996,1996,810
"Unidentified Counties, HI",15999,1997,1997,739
"Unidentified Counties, HI",15999,1998,1998,763
"Unidentified Counties, HI",15999,1999,1999,741
"Unidentified Counties, HI",15999,2000,2000,746
"Unidentified Counties, HI",15999,2001,2001,780
"Unidentified Counties, HI",15999,2002,2002,727
"Ada County, ID",16001,1995,1995,3963
"Ada County, ID",16001,1996,1996,4103
"Ada County, ID",16001,1997,1997,4070
"Ada County, ID",16001,1998,1998,4487
"Ada County, ID",16001,1999,1999,4719
"Ada County, ID",16001,2000,2000,4868
"Ada County, ID",16001,2001,2001,4829
"Ada County, ID",16001,2002,2002,4935
"Unidentified Counties, ID",16999,1995,1995,14072
"Unidentified Counties, ID",16999,1996,1996,14522
"Unidentified Counties, ID",16999,1997,1997,14512
"Unidentified Counties, ID",16999,1998,1998,14904
"Unidentified Counties, ID",16999,1999,1999,15153
"Unidentified Counties, ID",16999,2000,2000,15498
"Unidentified Counties, ID",16999,2001,2001,15859
"Unidentified Counties, ID",16999,2002,2002,16035
"Champaign County, IL",17019,1995,1995,2130
"Champaign County, IL",17019,1996,1996,2284
"Champaign County, IL",17019,1997,1997,2180
"Champaign County, IL",17019,1998,1998,2163
"Champaign County, IL",17019,1999,1999,2224
"Champaign County, IL",17019,2000,2000,2320
"Champaign County, IL",17019,2001,2001,2363
"Champaign County, IL",17019,2002,2002,2228
"Cook County, IL",17031,1995,1995,90032
"Cook County, IL",17031,1996,1996,87759
"Cook County, IL",17031,1997,1997,85696
"Cook County, IL",17031,1998,1998,85928
"Cook County, IL",17031,1999,1999,84516
"Cook County, IL",17031,2000,2000,85397
"Cook County, IL",17031,2001,2001,84271
"Cook County, IL",17031,2002,2002,81580
"DuPage County, IL",17043,1995,1995,13941
"DuPage County, IL",17043,1996,1996,13694
"DuPage County, IL",17043,1997,1997,13447
"DuPage County, IL",17043,1998,1998,13266
"DuPage County, IL",17043,1999,1999,13456
"DuPage County, IL",17043,2000,2000,13551
"DuPage County, IL",17043,2001,2001,13404
"DuPage County, IL",17043,2002,2002,12825
"Kane County, IL",17089,1995,1995,6756
"Kane County, IL",17089,1996,1996,6799
"Kane County, IL",17089,1997,1997,6981
"Kane County, IL",17089,1998,1998,7184
"Kane County, IL",17089,1999,1999,7359
"Kane County, IL",17089,2000,2000,7852
"Kane County, IL",17089,2001,2001,8043
"Kane County, IL",17089,2002,2002,8278
"Lake County, IL",17097,1995,1995,10183
"Lake County, IL",17097,1996,1996,10005
"Lake County, IL",17097,1997,1997,10184
"Lake County, IL",17097,1998,1998,10469
"Lake County, IL",17097,1999,1999,10626
"Lake County, IL",17097,2000,2000,10571
"Lake County, IL",17097,2001,2001,10705
"Lake County, IL",17097,2002,2002,10367
"LaSalle County, IL",17099,1995,1995,1371
"LaSalle County, IL",17099,1996,1996,1330
"LaSalle County, IL",17099,1997,1997,1362
"LaSalle County, IL",17099,1998,1998,1424
"LaSalle County, IL",17099,1999,1999,1351
"LaSalle County, IL",17099,2000,2000,1488
"LaSalle County, IL",17099,2001,2001,1435
"LaSalle County, IL",17099,2002,2002,1385
"McHenry County, IL",17111,1995,1995,3827
"McHenry County, IL",17111,1996,1996,3893
"McHenry County, IL",17111,1997,1997,3839
"McHenry County, IL",17111,1998,1998,3826
"McHenry County, IL",17111,1999,1999,4017
"McHenry County, IL",17111,2000,2000,4062
"McHenry County, IL",17111,2001,2001,4144
"McHenry County, IL",17111,2002,2002,4221
"McLean County, IL",17113,1995,1995,1970
"McLean County, IL",17113,1996,1996,1886
"McLean County, IL",17113,1997,1997,1997
"McLean County, IL",17113,1998,1998,1928
"McLean County, IL",17113,1999,1999,1957
"McLean County, IL",17113,2000,2000,1991
"McLean County, IL",17113,2001,2001,2042
"McLean County, IL",17113,2002,2002,2100
"Macon County, IL",17115,1995,1995,1530
"Macon County, IL",17115,1996,1996,1593
"Macon County, IL",17115,1997,1997,1491
"Macon County, IL",17115,1998,1998,1541
"Macon County, IL",17115,1999,1999,1529
"Macon County, IL",17115,2000,2000,1445
"Macon County, IL",17115,2001,2001,1447
"Macon County, IL",17115,2002,2002,1466
"Madison County, IL",17119,1995,1995,3331
"Madison County, IL",17119,1996,1996,3315
"Madison County, IL",17119,1997,1997,3315
"Madison County, IL",17119,1998,1998,3371
"Madison County, IL",17119,1999,1999,3264
"Madison County, IL",17119,2000,2000,3378
"Madison County, IL",17119,2001,2001,3254
"Madison County, IL",17119,2002,2002,3381
"Peoria County, IL",17143,1995,1995,2766
"Peoria County, IL",17143,1996,1996,2653
"Peoria County, IL",17143,1997,1997,2575
"Peoria County, IL",17143,1998,1998,2718
"Peoria County, IL",17143,1999,1999,2581
"Peoria County, IL",17143,2000,2000,2687
"Peoria County, IL",17143,2001,2001,2585
"Peoria County, IL",17143,2002,2002,2604
"Rock Island County, IL",17161,1995,1995,1916
"Rock Island County, IL",17161,1996,1996,1874
"Rock Island County, IL",17161,1997,1997,2015
"Rock Island County, IL",17161,1998,1998,1958
"Rock Island County, IL",17161,1999,1999,2001
"Rock Island County, IL",17161,2000,2000,1922
"Rock Island County, IL",17161,2001,2001,1961
"Rock Island County, IL",17161,2002,2002,1957
"St. Clair County, IL",17163,1995,1995,4027
"St. Clair County, IL",17163,1996,1996,3910
"St. Clair County, IL",17163,1997,1997,3689
"St. Clair County, IL",17163,1998,1998,3803
"St. Clair County, IL",17163,1999,1999,3699
"St. Clair County, IL",17163,2000,2000,3775
"St. Clair County, IL",17163,2001,2001,3697
"St. Clair County, IL",17163,2002,2002,3638
"Sangamon County, IL",17167,1995,1995,2481
"Sangamon County, IL",17167,1996,1996,2482
"Sangamon County, IL",17167,1997,1997,2488
"Sangamon County, IL",17167,1998,1998,2537
"Sangamon County, IL",17167,1999,1999,2441
"Sangamon County, IL",17167,2000,2000,2646
"Sangamon County, IL",17167,2001,2001,2555
"Sangamon County, IL",17167,2002,2002,2460
"Tazewell County, IL",17179,1995,1995,1631
"Tazewell County, IL",17179,1996,1996,1559
"Tazewell County, IL",17179,1997,1997,1572
"Tazewell County, IL",17179,1998,1998,1566
"Tazewell County, IL",17179,1999,1999,1554
"Tazewell County, IL",17179,2000,2000,1586
"Tazewell County, IL",17179,2001,2001,1573
"Tazewell County, IL",17179,2002,2002,1619
"Will County, IL",17197,1995,1995,6634
"Will County, IL",17197,1996,1996,6745
"Will County, IL",17197,1997,1997,6936
"Will County, IL",17197,1998,1998,7401
"Will County, IL",17197,1999,1999,7832
"Will County, IL",17197,2000,2000,8216
"Will County, IL",17197,2001,2001,8673
"Will County, IL",17197,2002,2002,8959
"Winnebago County, IL",17201,1995,1995,3874
"Winnebago County, IL",17201,1996,1996,3873
"Winnebago County, IL",17201,1997,1997,3814
"Winnebago County, IL",17201,1998,1998,3964
"Winnebago County, IL",17201,1999,1999,3954
"Winnebago County, IL",17201,2000,2000,4020
"Winnebago County, IL",17201,2001,2001,3939
"Winnebago County, IL",17201,2002,2002,3973
"Unidentified Counties, IL",17999,1995,1995,27412
"Unidentified Counties, IL",17999,1996,1996,27526
"Unidentified Counties, IL",17999,1997,1997,27222
"Unidentified Counties, IL",17999,1998,1998,27541
"Unidentified Counties, IL",17999,1999,1999,27707
"Unidentified Counties, IL",17999,2000,2000,28129
"Unidentified Counties, IL",17999,2001,2001,27973
"Unidentified Counties, IL",17999,2002,2002,27581
"Allen County, IN",18003,1995,1995,4933
"Allen County, IN",18003,1996,1996,4827
"Allen County, IN",18003,1997,1997,5029
"Allen County, IN",18003,1998,1998,5075
"Allen County, IN",18003,1999,1999,5100
"Allen County, IN",18003,2000,2000,5207
"Allen County, IN",18003,2001,2001,5377
"Allen County, IN",18003,2002,2002,5163
"Delaware County, IN",18035,1995,1995,1408
"Delaware County, IN",18035,1996,1996,1387
"Delaware County, IN",18035,1997,1997,1420
"Delaware County, IN",18035,1998,1998,1484
"Delaware County, IN",18035,1999,1999,1427
"Delaware County, IN",18035,2000,2000,1435
"Delaware County, IN",18035,2001,2001,1370
"Delaware County, IN",18035,2002,2002,1302
"Elkhart County, IN",18039,1995,1995,2726
"Elkhart County, IN",18039,1996,1996,2721
"Elkhart County, IN",18039,1997,1997,2920
"Elkhart County, IN",18039,1998,1998,2988
"Elkhart County, IN",18039,1999,1999,3132
"Elkhart County, IN",18039,2000,2000,3305
"Elkhart County, IN",18039,2001,2001,3125
"Elkhart County, IN",18039,2002,2002,3004
"Hamilton County, IN",18057,1995,1995,2316
"Hamilton County, IN",18057,1996,1996,2410
"Hamilton County, IN",18057,1997,1997,2427
"Hamilton County, IN",18057,1998,1998,2755
"Hamilton County, IN",18057,1999,1999,2945
"Hamilton County, IN",18057,2000,2000,3169
"Hamilton County, IN",18057,2001,2001,3181
"Hamilton County, IN",18057,2002,2002,3433
"Lake County, IN",18089,1995,1995,7310
"Lake County, IN",18089,1996,1996,7133
"Lake County, IN",18089,1997,1997,6911
"Lake County, IN",18089,1998,1998,7154
"Lake County, IN",18089,1999,1999,7089
"Lake County, IN",18089,2000,2000,7056
"Lake County, IN",18089,2001,2001,6949
"Lake County, IN",18089,2002,2002,6827
"La Porte County, IN",18091,1995,1995,1328
"La Porte County, IN",18091,1996,1996,1397
"La Porte County, IN",18091,1997,1997,1496
"La Porte County, IN",18091,1998,1998,1405
"La Porte County, IN",18091,1999,1999,1369
"La Porte County, IN",18091,2000,2000,1442
"La Porte County, IN",18091,2001,2001,1402
"La Porte County, IN",18091,2002,2002,1363
"Madison County, IN",18095,1995,1995,1659
"Madison County, IN",18095,1996,1996,1764
"Madison County, IN",18095,1997,1997,1699
"Madison County, IN",18095,1998,1998,1741
"Madison County, IN",18095,1999,1999,1772
"Madison County, IN",18095,2000,2000,1648
"Madison County, IN",18095,2001,2001,1707
"Madison County, IN",18095,2002,2002,1605
"Marion County, IN",18097,1995,1995,13929
"Marion County, IN",18097,1996,1996,13958
"Marion County, IN",18097,1997,1997,13890
"Marion County, IN",18097,1998,1998,13927
"Marion County, IN",18097,1999,1999,14253
"Marion County, IN",18097,2000,2000,14691
"Marion County, IN",18097,2001,2001,14472
"Marion County, IN",18097,2002,2002,14653
"Monroe County, IN",18105,1995,1995,1163
"Monroe County, IN",18105,1996,1996,1192
"Monroe County, IN",18105,1997,1997,1268
"Monroe County, IN",18105,1998,1998,1263
"Monroe County, IN",18105,1999,1999,1259
"Monroe County, IN",18105,2000,2000,1246
"Monroe County, IN",18105,2001,2001,1280
"Monroe County, IN",18105,2002,2002,1237
"Porter County, IN",18127,1995,1995,1725
"Porter County, IN",18127,1996,1996,1669
"Porter County, IN",18127,1997,1997,1727
"Porter County, IN",18127,1998,1998,1739
"Porter County, IN",18127,1999,1999,1814
"Porter County, IN",18127,2000,2000,1839
"Porter County, IN",18127,2001,2001,1846
"Porter County, IN",18127,2002,2002,1802
"St. Joseph County, IN",18141,1995,1995,3701
"St. Joseph County, IN",18141,1996,1996,3785
"St. Joseph County, IN",18141,1997,1997,3766
"St. Joseph County, IN",18141,1998,1998,3989
"St. Joseph County, IN",18141,1999,1999,3877
"St. Joseph County, IN",18141,2000,2000,3969
"St. Joseph County, IN",18141,2001,2001,3858
"St. Joseph County, IN",18141,2002,2002,3779
"Tippecanoe County, IN",18157,1995,1995,1729
"Tippecanoe County, IN",18157,1996,1996,1739
"Tippecanoe County, IN",18157,1997,1997,1803
"Tippecanoe County, IN",18157,1998,1998,1774
"Tippecanoe County, IN",18157,1999,1999,1838
"Tippecanoe County, IN",18157,2000,2000,1931
"Tippecanoe County, IN",18157,2001,2001,1919
"Tippecanoe County, IN",18157,2002,2002,1942
"Vanderburgh County, IN",18163,1995,1995,2204
"Vanderburgh County, IN",18163,1996,1996,2245
"Vanderburgh County, IN",18163,1997,1997,2166
"Vanderburgh County, IN",18163,1998,1998,2284
"Vanderburgh County, IN",18163,1999,1999,2291
"Vanderburgh County, IN",18163,2000,2000,2340
"Vanderburgh County, IN",18163,2001,2001,2294
"Vanderburgh County, IN",18163,2002,2002,2300
"Vigo County, IN",18167,1995,1995,1413
"Vigo County, IN",18167,1996,1996,1409
"Vigo County, IN",18167,1997,1997,1358
"Vigo County, IN",18167,1998,1998,1408
"Vigo County, IN",18167,1999,1999,1298
"Vigo County, IN",18167,2000,2000,1384
"Vigo County, IN",18167,2001,2001,1275
"Vigo County, IN",18167,2002,2002,1286
"Unidentified Counties, IN",18999,1995,1995,35291
"Unidentified Counties, IN",18999,1996,1996,35877
"Unidentified Counties, IN",18999,1997,1997,35556
"Unidentified Counties, IN",18999,1998,1998,36136
"Unidentified Counties, IN",18999,1999,1999,36567
"Unidentified Counties, IN",18999,2000,2000,37037
"Unidentified Counties, IN",18999,2001,2001,36404
"Unidentified Counties, IN",18999,2002,2002,35385
"Black Hawk County, IA",19013,1995,1995,1510
"Black Hawk County, IA",19013,1996,1996,1601
"Black Hawk County, IA",19013,1997,1997,1587
"Black Hawk County, IA",19013,1998,1998,1638
"Black Hawk County, IA",19013,1999,1999,1594
"Black Hawk County, IA",19013,2000,2000,1553
"Black Hawk County, IA",19013,2001,2001,1598
"Black Hawk County, IA",19013,2002,2002,1602
"Linn County, IA",19113,1995,1995,2597
"Linn County, IA",19113,1996,1996,2540
"Linn County, IA",19113,1997,1997,2584
"Linn County, IA",19113,1998,1998,2635
"Linn County, IA",19113,1999,1999,2744
"Linn County, IA",19113,2000,2000,2717
"Linn County, IA",19113,2001,2001,2846
"Linn County, IA",19113,2002,2002,2751
"Polk County, IA",19153,1995,1995,5464
"Polk County, IA",19153,1996,1996,5786
"Polk County, IA",19153,1997,1997,5687
"Polk County, IA",19153,1998,1998,5901
"Polk County, IA",19153,1999,1999,5956
"Polk County, IA",19153,2000,2000,6221
"Polk County, IA",19153,2001,2001,6111
"Polk County, IA",19153,2002,2002,6141
"Scott County, IA",19163,1995,1995,2253
"Scott County, IA",19163,1996,1996,2304
"Scott County, IA",19163,1997,1997,2175
"Scott County, IA",19163,1998,1998,2340
"Scott County, IA",19163,1999,1999,2265
"Scott County, IA",19163,2000,2000,2348
"Scott County, IA",19163,2001,2001,2214
"Scott County, IA",19163,2002,2002,2275
"Unidentified Counties, IA",19999,1995,1995,24986
"Unidentified Counties, IA",19999,1996,1996,24908
"Unidentified Counties, IA",19999,1997,1997,24626
"Unidentified Counties, IA",19999,1998,1998,24768
"Unidentified Counties, IA",19999,1999,1999,24999
"Unidentified Counties, IA",19999,2000,2000,25427
"Unidentified Counties, IA",19999,2001,2001,24850
"Unidentified Counties, IA",19999,2002,2002,24790
"Johnson County, KS",20091,1995,1995,6071
"Johnson County, KS",20091,1996,1996,6018
"Johnson County, KS",20091,1997,1997,6224
"Johnson County, KS",20091,1998,1998,6424
"Johnson County, KS",20091,1999,1999,6622
"Johnson County, KS",20091,2000,2000,6992
"Johnson County, KS",20091,2001,2001,7019
"Johnson County, KS",20091,2002,2002,7244
"Sedgwick County, KS",20173,1995,1995,7035
"Sedgwick County, KS",20173,1996,1996,6962
"Sedgwick County, KS",20173,1997,1997,7217
"Sedgwick County, KS",20173,1998,1998,7474
"Sedgwick County, KS",20173,1999,1999,7546
"Sedgwick County, KS",20173,2000,2000,7837
"Sedgwick County, KS",20173,2001,2001,7413
"Sedgwick County, KS",20173,2002,2002,7587
"Shawnee County, KS",20177,1995,1995,2280
"Shawnee County, KS",20177,1996,1996,2339
"Shawnee County, KS",20177,1997,1997,2367
"Shawnee County, KS",20177,1998,1998,2388
"Shawnee County, KS",20177,1999,1999,2355
"Shawnee County, KS",20177,2000,2000,2464
"Shawnee County, KS",20177,2001,2001,2429
"Shawnee County, KS",20177,2002,2002,2524
"Wyandotte County, KS",20209,1995,1995,2626
"Wyandotte County, KS",20209,1996,1996,2614
"Wyandotte County, KS",20209,1997,1997,2817
"Wyandotte County, KS",20209,1998,1998,2731
"Wyandotte County, KS",20209,1999,1999,2801
"Wyandotte County, KS",20209,2000,2000,2810
"Wyandotte County, KS",20209,2001,2001,2780
"Wyandotte County, KS",20209,2002,2002,2924
"Unidentified Counties, KS",20999,1995,1995,19189
"Unidentified Counties, KS",20999,1996,1996,18718
"Unidentified Counties, KS",20999,1997,1997,18664
"Unidentified Counties, KS",20999,1998,1998,19405
"Unidentified Counties, KS",20999,1999,1999,19458
"Unidentified Counties, KS",20999,2000,2000,19563
"Unidentified Counties, KS",20999,2001,2001,19228
"Unidentified Counties, KS",20999,2002,2002,19133
"Fayette County, KY",21067,1995,1995,3306
"Fayette County, KY",21067,1996,1996,3314
"Fayette County, KY",21067,1997,1997,3342
"Fayette County, KY",21067,1998,1998,3574
"Fayette County, KY",21067,1999,1999,3367
"Fayette County, KY",21067,2000,2000,3702
"Fayette County, KY",21067,2001,2001,3714
"Fayette County, KY",21067,2002,2002,3621
"Jefferson County, KY",21111,1995,1995,9519
"Jefferson County, KY",21111,1996,1996,9767
"Jefferson County, KY",21111,1997,1997,9586
"Jefferson County, KY",21111,1998,1998,9806
"Jefferson County, KY",21111,1999,1999,9785
"Jefferson County, KY",21111,2000,2000,10130
"Jefferson County, KY",21111,2001,2001,9775
"Jefferson County, KY",21111,2002,2002,9713
"Kenton County, KY",21117,1995,1995,2236
"Kenton County, KY",21117,1996,1996,2195
"Kenton County, KY",21117,1997,1997,2267
"Kenton County, KY",21117,1998,1998,2300
"Kenton County, KY",21117,1999,1999,2328
"Kenton County, KY",21117,2000,2000,2447
"Kenton County, KY",21117,2001,2001,2278
"Kenton County, KY",21117,2002,2002,2326
"Unidentified Counties, KY",21999,1995,1995,37316
"Unidentified Counties, KY",21999,1996,1996,37430
"Unidentified Counties, KY",21999,1997,1997,38008
"Unidentified Counties, KY",21999,1998,1998,38649
"Unidentified Counties, KY",21999,1999,1999,38923
"Unidentified Counties, KY",21999,2000,2000,39750
"Unidentified Counties, KY",21999,2001,2001,38891
"Unidentified Counties, KY",21999,2002,2002,38573
"Caddo Parish, LA",22017,1995,1995,3582
"Caddo Parish, LA",22017,1996,1996,3684
"Caddo Parish, LA",22017,1997,1997,3700
"Caddo Parish, LA",22017,1998,1998,3616
"Caddo Parish, LA",22017,1999,1999,3667
"Caddo Parish, LA",22017,2000,2000,3839
"Caddo Parish, LA",22017,2001,2001,3711
"Caddo Parish, LA",22017,2002,2002,3707
"Calcasieu Parish, LA",22019,1995,1995,2649
"Calcasieu Parish, LA",22019,1996,1996,2797
"Calcasieu Parish, LA",22019,1997,1997,2776
"Calcasieu Parish, LA",22019,1998,1998,2812
"Calcasieu Parish, LA",22019,1999,1999,2868
"Calcasieu Parish, LA",22019,2000,2000,2803
"Calcasieu Parish, LA",22019,2001,2001,2723
"Calcasieu Parish, LA",22019,2002,2002,2729
"East Baton Rouge Parish, LA",22033,1995,1995,6185
"East Baton Rouge Parish, LA",22033,1996,1996,6142
"East Baton Rouge Parish, LA",22033,1997,1997,6094
"East Baton Rouge Parish, LA",22033,1998,1998,6078
"East Baton Rouge Parish, LA",22033,1999,1999,6212
"East Baton Rouge Parish, LA",22033,2000,2000,6213
"East Baton Rouge Parish, LA",22033,2001,2001,5978
"East Baton Rouge Parish, LA",22033,2002,2002,5851
"Jefferson Parish, LA",22051,1995,1995,6575
"Jefferson Parish, LA",22051,1996,1996,6495
"Jefferson Parish, LA",22051,1997,1997,6329
"Jefferson Parish, LA",22051,1998,1998,6479
"Jefferson Parish, LA",22051,1999,1999,6317
"Jefferson Parish, LA",22051,2000,2000,6474
"Jefferson Parish, LA",22051,2001,2001,6273
"Jefferson Parish, LA",22051,2002,2002,6126
"Lafayette Parish, LA",22055,1995,1995,2821
"Lafayette Parish, LA",22055,1996,1996,2831
"Lafayette Parish, LA",22055,1997,1997,2870
"Lafayette Parish, LA",22055,1998,1998,2967
"Lafayette Parish, LA",22055,1999,1999,2899
"Lafayette Parish, LA",22055,2000,2000,2836
"Lafayette Parish, LA",22055,2001,2001,2865
"Lafayette Parish, LA",22055,2002,2002,2947
"Orleans Parish, LA",22071,1995,1995,8083
"Orleans Parish, LA",22071,1996,1996,7589
"Orleans Parish, LA",22071,1997,1997,7738
"Orleans Parish, LA",22071,1998,1998,7581
"Orleans Parish, LA",22071,1999,1999,7672
"Orleans Parish, LA",22071,2000,2000,7586
"Orleans Parish, LA",22071,2001,2001,7242
"Orleans Parish, LA",22071,2002,2002,7072
"Ouachita Parish, LA",22073,1995,1995,2178
"Ouachita Parish, LA",22073,1996,1996,2063
"Ouachita Parish, LA",22073,1997,1997,2220
"Ouachita Parish, LA",22073,1998,1998,2325
"Ouachita Parish, LA",22073,1999,1999,2141
"Ouachita Parish, LA",22073,2000,2000,2372
"Ouachita Parish, LA",22073,2001,2001,2235
"Ouachita Parish, LA",22073,2002,2002,2263
"Rapides Parish, LA",22079,1995,1995,1864
"Rapides Parish, LA",22079,1996,1996,1824
"Rapides Parish, LA",22079,1997,1997,1851
"Rapides Parish, LA",22079,1998,1998,1932
"Rapides Parish, LA",22079,1999,1999,1995
"Rapides Parish, LA",22079,2000,2000,1989
"Rapides Parish, LA",22079,2001,2001,1886
"Rapides Parish, LA",22079,2002,2002,1861
"St. Tammany Parish, LA",22103,1995,1995,2491
"St. Tammany Parish, LA",22103,1996,1996,2491
"St. Tammany Parish, LA",22103,1997,1997,2533
"St. Tammany Parish, LA",22103,1998,1998,2608
"St. Tammany Parish, LA",22103,1999,1999,2700
"St. Tammany Parish, LA",22103,2000,2000,2728
"St. Tammany Parish, LA",22103,2001,2001,2696
"St. Tammany Parish, LA",22103,2002,2002,2768
"Unidentified Counties, LA",22999,1995,1995,29213
"Unidentified Counties, LA",22999,1996,1996,29288
"Unidentified Counties, LA",22999,1997,1997,29914
"Unidentified Counties, LA",22999,1998,1998,30490
"Unidentified Counties, LA",22999,1999,1999,30665
"Unidentified Counties, LA",22999,2000,2000,31058
"Unidentified Counties, LA",22999,2001,2001,29743
"Unidentified Counties, LA",22999,2002,2002,29548
"Androscoggin County, ME",23001,1995,1995,1197
"Androscoggin County, ME",23001,1996,1996,1207
"Androscoggin County, ME",23001,1997,1997,1135
"Androscoggin County, ME",23001,1998,1998,1178
"Androscoggin County, ME",23001,1999,1999,1231
"Androscoggin County, ME",23001,2000,2000,1136
"Androscoggin County, ME",23001,2001,2001,1272
"Androscoggin County, ME",23001,2002,2002,1256
"Cumberland County, ME",23005,1995,1995,3047
"Cumberland County, ME",23005,1996,1996,3091
"Cumberland County, ME",23005,1997,1997,3037
"Cumberland County, ME",23005,1998,1998,2963
"Cumberland County, ME",23005,1999,1999,2985
"Cumberland County, ME",23005,2000,2000,2987
"Cumberland County, ME",23005,2001,2001,3002
"Cumberland County, ME",23005,2002,2002,2967
"Kennebec County, ME",23011,1995,1995,1236
"Kennebec County, ME",23011,1996,1996,1200
"Kennebec County, ME",23011,1997,1997,1214
"Kennebec County, ME",23011,1998,1998,1195
"Kennebec County, ME",23011,1999,1999,1149
"Kennebec County, ME",23011,2000,2000,1247
"Kennebec County, ME",23011,2001,2001,1301
"Kennebec County, ME",23011,2002,2002,1196
"Penobscot County, ME",23019,1995,1995,1469
"Penobscot County, ME",23019,1996,1996,1478
"Penobscot County, ME",23019,1997,1997,1592
"Penobscot County, ME",23019,1998,1998,1553
"Penobscot County, ME",23019,1999,1999,1526
"Penobscot County, ME",23019,2000,2000,1541
"Penobscot County, ME",23019,2001,2001,1561
"Penobscot County, ME",23019,2002,2002,1502
"York County, ME",23031,1995,1995,2186
"York County, ME",23031,1996,1996,2070
"York County, ME",23031,1997,1997,2056
"York County, ME",23031,1998,1998,1814
"York County, ME",23031,1999,1999,1813
"York County, ME",23031,2000,2000,2105
"York County, ME",23031,2001,2001,2107
"York County, ME",23031,2002,2002,2076
"Unidentified Counties, ME",23999,1995,1995,4761
"Unidentified Counties, ME",23999,1996,1996,4728
"Unidentified Counties, ME",23999,1997,1997,4635
"Unidentified Counties, ME",23999,1998,1998,5030
"Unidentified Counties, ME",23999,1999,1999,4912
"Unidentified Counties, ME",23999,2000,2000,4587
"Unidentified Counties, ME",23999,2001,2001,4516
"Unidentified Counties, ME",23999,2002,2002,4562
"Anne Arundel County, MD",24003,1995,1995,6421
"Anne Arundel County, MD",24003,1996,1996,6372
"Anne Arundel County, MD",24003,1997,1997,6353
"Anne Arundel County, MD",24003,1998,1998,6601
"Anne Arundel County, MD",24003,1999,1999,6431
"Anne Arundel County, MD",24003,2000,2000,6527
"Anne Arundel County, MD",24003,2001,2001,6646
"Anne Arundel County, MD",24003,2002,2002,6532
"Baltimore County, MD",24005,1995,1995,9336
"Baltimore County, MD",24005,1996,1996,9025
"Baltimore County, MD",24005,1997,1997,8870
"Baltimore County, MD",24005,1998,1998,9000
"Baltimore County, MD",24005,1999,1999,8665
"Baltimore County, MD",24005,2000,2000,9063
"Baltimore County, MD",24005,2001,2001,8571
"Baltimore County, MD",24005,2002,2002,8672
"Carroll County, MD",24013,1995,1995,1983
"Carroll County, MD",24013,1996,1996,2081
"Carroll County, MD",24013,1997,1997,1941
"Carroll County, MD",24013,1998,1998,2075
"Carroll County, MD",24013,1999,1999,1972
"Carroll County, MD",24013,2000,2000,2059
"Carroll County, MD",24013,2001,2001,2010
"Carroll County, MD",24013,2002,2002,2026
"Charles County, MD",24017,1995,1995,1530
"Charles County, MD",24017,1996,1996,1593
"Charles County, MD",24017,1997,1997,1568
"Charles County, MD",24017,1998,1998,1631
"Charles County, MD",24017,1999,1999,1627
"Charles County, MD",24017,2000,2000,1693
"Charles County, MD",24017,2001,2001,1697
"Charles County, MD",24017,2002,2002,1698
"Frederick County, MD",24021,1995,1995,2510
"Frederick County, MD",24021,1996,1996,2528
"Frederick County, MD",24021,1997,1997,2533
"Frederick County, MD",24021,1998,1998,2589
"Frederick County, MD",24021,1999,1999,2478
"Frederick County, MD",24021,2000,2000,2802
"Frederick County, MD",24021,2001,2001,2784
"Frederick County, MD",24021,2002,2002,2886
"Harford County, MD",24025,1995,1995,2928
"Harford County, MD",24025,1996,1996,2927
"Harford County, MD",24025,1997,1997,2830
"Harford County, MD",24025,1998,1998,3056
"Harford County, MD",24025,1999,1999,2885
"Harford County, MD",24025,2000,2000,2918
"Harford County, MD",24025,2001,2001,2857
"Harford County, MD",24025,2002,2002,2864
"Howard County, MD",24027,1995,1995,3384
"Howard County, MD",24027,1996,1996,3374
"Howard County, MD",24027,1997,1997,3301
"Howard County, MD",24027,1998,1998,3315
"Howard County, MD",24027,1999,1999,3388
"Howard County, MD",24027,2000,2000,3540
"Howard County, MD",24027,2001,2001,3648
"Howard County, MD",24027,2002,2002,3474
"Montgomery County, MD",24031,1995,1995,12318
"Montgomery County, MD",24031,1996,1996,11778
"Montgomery County, MD",24031,1997,1997,11854
"Montgomery County, MD",24031,1998,1998,12337
"Montgomery County, MD",24031,1999,1999,12553
"Montgomery County, MD",24031,2000,2000,13268
"Montgomery County, MD",24031,2001,2001,13262
"Montgomery County, MD",24031,2002,2002,13370
"Prince George's County, MD",24033,1995,1995,12044
"Prince George's County, MD",24033,1996,1996,12042
"Prince George's County, MD",24033,1997,1997,11730
"Prince George's County, MD",24033,1998,1998,12140
"Prince George's County, MD",24033,1999,1999,11831
"Prince George's County, MD",24033,2000,2000,12313
"Prince George's County, MD",24033,2001,2001,12210
"Prince George's County, MD",24033,2002,2002,12297
"Washington County, MD",24043,1995,1995,1516
"Washington County, MD",24043,1996,1996,1556
"Washington County, MD",24043,1997,1997,1572
"Washington County, MD",24043,1998,1998,1580
"Washington County, MD",24043,1999,1999,1634
"Washington County, MD",24043,2000,2000,1591
"Washington County, MD",24043,2001,2001,1619
"Washington County, MD",24043,2002,2002,1690
"Baltimore city, MD",24510,1995,1995,10648
"Baltimore city, MD",24510,1996,1996,10370
"Baltimore city, MD",24510,1997,1997,9767
"Baltimore city, MD",24510,1998,1998,9811
"Baltimore city, MD",24510,1999,1999,10300
"Baltimore city, MD",24510,2000,2000,10213
"Baltimore city, MD",24510,2001,2001,9811
"Baltimore city, MD",24510,2002,2002,9643
"Unidentified Counties, MD",24999,1995,1995,7778
"Unidentified Counties, MD",24999,1996,1996,7887
"Unidentified Counties, MD",24999,1997,1997,7896
"Unidentified Counties, MD",24999,1998,1998,7837
"Unidentified Counties, MD",24999,1999,1999,8203
"Unidentified Counties, MD",24999,2000,2000,8329
"Unidentified Counties, MD",24999,2001,2001,8103
"Unidentified Counties, MD",24999,2002,2002,8171
"Barnstable County, MA",25001,1995,1995,2042
"Barnstable County, MA",25001,1996,1996,2042
"Barnstable County, MA",25001,1997,1997,2073
"Barnstable County, MA",25001,1998,1998,2046
"Barnstable County, MA",25001,1999,1999,1992
"Barnstable County, MA",25001,2000,2000,1996
"Barnstable County, MA",25001,2001,2001,2069
"Barnstable County, MA",25001,2002,2002,1971
"Berkshire County, MA",25003,1995,1995,1490
"Berkshire County, MA",25003,1996,1996,1398
"Berkshire County, MA",25003,1997,1997,1352
"Berkshire County, MA",25003,1998,1998,1300
"Berkshire County, MA",25003,1999,1999,1276
"Berkshire County, MA",25003,2000,2000,1205
"Berkshire County, MA",25003,2001,2001,1230
"Berkshire County, MA",25003,2002,2002,1234
"Bristol County, MA",25005,1995,1995,6775
"Bristol County, MA",25005,1996,1996,6573
"Bristol County, MA",25005,1997,1997,6483
"Bristol County, MA",25005,1998,1998,6688
"Bristol County, MA",25005,1999,1999,6548
"Bristol County, MA",25005,2000,2000,6753
"Bristol County, MA",25005,2001,2001,6632
"Bristol County, MA",25005,2002,2002,6682
"Essex County, MA",25009,1995,1995,9604
"Essex County, MA",25009,1996,1996,9636
"Essex County, MA",25009,1997,1997,9467
"Essex County, MA",25009,1998,1998,9602
"Essex County, MA",25009,1999,1999,9774
"Essex County, MA",25009,2000,2000,9563
"Essex County, MA",25009,2001,2001,9667
"Essex County, MA",25009,2002,2002,9583
"Hampden County, MA",25013,1995,1995,6020
"Hampden County, MA",25013,1996,1996,5809
"Hampden County, MA",25013,1997,1997,5745
"Hampden County, MA",25013,1998,1998,6067
"Hampden County, MA",25013,1999,1999,5872
"Hampden County, MA",25013,2000,2000,5879
"Hampden County, MA",25013,2001,2001,5720
"Hampden County, MA",25013,2002,2002,5729
"Hampshire County, MA",25015,1995,1995,1294
"Hampshire County, MA",25015,1996,1996,1339
"Hampshire County, MA",25015,1997,1997,1356
"Hampshire County, MA",25015,1998,1998,1333
"Hampshire County, MA",25015,1999,1999,1277
"Hampshire County, MA",25015,2000,2000,1272
"Hampshire County, MA",25015,2001,2001,1297
"Hampshire County, MA",25015,2002,2002,1311
"Middlesex County, MA",25017,1995,1995,19389
"Middlesex County, MA",25017,1996,1996,19362
"Middlesex County, MA",25017,1997,1997,19274
"Middlesex County, MA",25017,1998,1998,19069
"Middlesex County, MA",25017,1999,1999,18997
"Middlesex County, MA",25017,2000,2000,19393
"Middlesex County, MA",25017,2001,2001,18834
"Middlesex County, MA",25017,2002,2002,18795
"Norfolk County, MA",25021,1995,1995,8457
"Norfolk County, MA",25021,1996,1996,8182
"Norfolk County, MA",25021,1997,1997,8353
"Norfolk County, MA",25021,1998,1998,8426
"Norfolk County, MA",25021,1999,1999,8406
"Norfolk County, MA",25021,2000,2000,8567
"Norfolk County, MA",25021,2001,2001,8199
"Norfolk County, MA",25021,2002,2002,8332
"Plymouth County, MA",25023,1995,1995,6322
"Plymouth County, MA",25023,1996,1996,6361
"Plymouth County, MA",25023,1997,1997,6376
"Plymouth County, MA",25023,1998,1998,6470
"Plymouth County, MA",25023,1999,1999,6566
"Plymouth County, MA",25023,2000,2000,6423
"Plymouth County, MA",25023,2001,2001,6407
"Plymouth County, MA",25023,2002,2002,6451
"Suffolk County, MA",25025,1995,1995,9483
"Suffolk County, MA",25025,1996,1996,9133
"Suffolk County, MA",25025,1997,1997,9252
"Suffolk County, MA",25025,1998,1998,9376
"Suffolk County, MA",25025,1999,1999,9481
"Suffolk County, MA",25025,2000,2000,9561
"Suffolk County, MA",25025,2001,2001,9772
"Suffolk County, MA",25025,2002,2002,9513
"Worcester County, MA",25027,1995,1995,9749
"Worcester County, MA",25027,1996,1996,9473
"Worcester County, MA",25027,1997,1997,9626
"Worcester County, MA",25027,1998,1998,10015
"Worcester County, MA",25027,1999,1999,9745
"Worcester County, MA",25027,2000,2000,10012
"Worcester County, MA",25027,2001,2001,10262
"Worcester County, MA",25027,2002,2002,10066
"Unidentified Counties, MA",25999,1995,1995,1023
"Unidentified Counties, MA",25999,1996,1996,968
"Unidentified Counties, MA",25999,1997,1997,1007
"Unidentified Counties, MA",25999,1998,1998,1019
"Unidentified Counties, MA",25999,1999,1999,1005
"Unidentified Counties, MA",25999,2000,2000,990
"Unidentified Counties, MA",25999,2001,2001,988
"Unidentified Counties, MA",25999,2002,2002,978
"Bay County, MI",26017,1995,1995,1362
"Bay County, MI",26017,1996,1996,1350
"Bay County, MI",26017,1997,1997,1341
"Bay County, MI",26017,1998,1998,1341
"Bay County, MI",26017,1999,1999,1288
"Bay County, MI",26017,2000,2000,1289
"Bay County, MI",26017,2001,2001,1348
"Bay County, MI",26017,2002,2002,1293
"Berrien County, MI",26021,1995,1995,2274
"Berrien County, MI",26021,1996,1996,2288
"Berrien County, MI",26021,1997,1997,2171
"Berrien County, MI",26021,1998,1998,2141
"Berrien County, MI",26021,1999,1999,2169
"Berrien County, MI",26021,2000,2000,2235
"Berrien County, MI",26021,2001,2001,2141
"Berrien County, MI",26021,2002,2002,2034
"Calhoun County, MI",26025,1995,1995,1910
"Calhoun County, MI",26025,1996,1996,1834
"Calhoun County, MI",26025,1997,1997,1824
"Calhoun County, MI",26025,1998,1998,1860
"Calhoun County, MI",26025,1999,1999,1841
"Calhoun County, MI",26025,2000,2000,1874
"Calhoun County, MI",26025,2001,2001,1903
"Calhoun County, MI",26025,2002,2002,1855
"Genesee County, MI",26049,1995,1995,6474
"Genesee County, MI",26049,1996,1996,6436
"Genesee County, MI",26049,1997,1997,6317
"Genesee County, MI",26049,1998,1998,6400
"Genesee County, MI",26049,1999,1999,6544
"Genesee County, MI",26049,2000,2000,6360
"Genesee County, MI",26049,2001,2001,6322
"Genesee County, MI",26049,2002,2002,6219
"Ingham County, MI",26065,1995,1995,3858
"Ingham County, MI",26065,1996,1996,3955
"Ingham County, MI",26065,1997,1997,3990
"Ingham County, MI",26065,1998,1998,3777
"Ingham County, MI",26065,1999,1999,3674
"Ingham County, MI",26065,2000,2000,3781
"Ingham County, MI",26065,2001,2001,3704
"Ingham County, MI",26065,2002,2002,3590
"Jackson County, MI",26075,1995,1995,2157
"Jackson County, MI",26075,1996,1996,2059
"Jackson County, MI",26075,1997,1997,2073
"Jackson County, MI",26075,1998,1998,2054
"Jackson County, MI",26075,1999,1999,1997
"Jackson County, MI",26075,2000,2000,2122
"Jackson County, MI",26075,2001,2001,2024
"Jackson County, MI",26075,2002,2002,2005
"Kalamazoo County, MI",26077,1995,1995,3017
"Kalamazoo County, MI",26077,1996,1996,3128
"Kalamazoo County, MI",26077,1997,1997,3125
"Kalamazoo County, MI",26077,1998,1998,3184
"Kalamazoo County, MI",26077,1999,1999,3127
"Kalamazoo County, MI",26077,2000,2000,3189
"Kalamazoo County, MI",26077,2001,2001,3173
"Kalamazoo County, MI",26077,2002,2002,3062
"Kent County, MI",26081,1995,1995,8883
"Kent County, MI",26081,1996,1996,8977
"Kent County, MI",26081,1997,1997,8998
"Kent County, MI",26081,1998,1998,9160
"Kent County, MI",26081,1999,1999,9387
"Kent County, MI",26081,2000,2000,9598
"Kent County, MI",26081,2001,2001,9313
"Kent County, MI",26081,2002,2002,9093
"Livingston County, MI",26093,1995,1995,1808
"Livingston County, MI",26093,1996,1996,1813
"Livingston County, MI",26093,1997,1997,1900
"Livingston County, MI",26093,1998,1998,1954
"Livingston County, MI",26093,1999,1999,1937
"Livingston County, MI",26093,2000,2000,2063
"Livingston County, MI",26093,2001,2001,2043
"Livingston County, MI",26093,2002,2002,1962
"Macomb County, MI",26099,1995,1995,9751
"Macomb County, MI",26099,1996,1996,9891
"Macomb County, MI",26099,1997,1997,9782
"Macomb County, MI",26099,1998,1998,9906
"Macomb County, MI",26099,1999,1999,9909
"Macomb County, MI",26099,2000,2000,10336
"Macomb County, MI",26099,2001,2001,10108
"Macomb County, MI",26099,2002,2002,10054
"Monroe County, MI",26115,1995,1995,1815
"Monroe County, MI",26115,1996,1996,1821
"Monroe County, MI",26115,1997,1997,1839
"Monroe County, MI",26115,1998,1998,1865
"Monroe County, MI",26115,1999,1999,1819
"Monroe County, MI",26115,2000,2000,1859
"Monroe County, MI",26115,2001,2001,1794
"Monroe County, MI",26115,2002,2002,1777
"Muskegon County, MI",26121,1995,1995,2235
"Muskegon County, MI",26121,1996,1996,2350
"Muskegon County, MI",26121,1997,1997,2386
"Muskegon County, MI",26121,1998,1998,2370
"Muskegon County, MI",26121,1999,1999,2335
"Muskegon County, MI",26121,2000,2000,2393
"Muskegon County, MI",26121,2001,2001,2429
"Muskegon County, MI",26121,2002,2002,2313
"Oakland County, MI",26125,1995,1995,16203
"Oakland County, MI",26125,1996,1996,16092
"Oakland County, MI",26125,1997,1997,15994
"Oakland County, MI",26125,1998,1998,15735
"Oakland County, MI",26125,1999,1999,16012
"Oakland County, MI",26125,2000,2000,16266
"Oakland County, MI",26125,2001,2001,15872
"Oakland County, MI",26125,2002,2002,15280
"Ottawa County, MI",26139,1995,1995,3242
"Ottawa County, MI",26139,1996,1996,3369
"Ottawa County, MI",26139,1997,1997,3356
"Ottawa County, MI",26139,1998,1998,3541
"Ottawa County, MI",26139,1999,1999,3657
"Ottawa County, MI",26139,2000,2000,3667
"Ottawa County, MI",26139,2001,2001,3632
"Ottawa County, MI",26139,2002,2002,3486
"Saginaw County, MI",26145,1995,1995,2999
"Saginaw County, MI",26145,1996,1996,2782
"Saginaw County, MI",26145,1997,1997,2905
"Saginaw County, MI",26145,1998,1998,2879
"Saginaw County, MI",26145,1999,1999,2906
"Saginaw County, MI",26145,2000,2000,2831
"Saginaw County, MI",26145,2001,2001,2769
"Saginaw County, MI",26145,2002,2002,2657
"St. Clair County, MI",26147,1995,1995,2090
"St. Clair County, MI",26147,1996,1996,2065
"St. Clair County, MI",26147,1997,1997,2058
"St. Clair County, MI",26147,1998,1998,2076
"St. Clair County, MI",26147,1999,1999,2082
"St. Clair County, MI",26147,2000,2000,2181
"St. Clair County, MI",26147,2001,2001,2008
"St. Clair County, MI",26147,2002,2002,2027
"Washtenaw County, MI",26161,1995,1995,3878
"Washtenaw County, MI",26161,1996,1996,3752
"Washtenaw County, MI",26161,1997,1997,4048
"Washtenaw County, MI",26161,1998,1998,3985
"Washtenaw County, MI",26161,1999,1999,3918
"Washtenaw County, MI",26161,2000,2000,4137
"Washtenaw County, MI",26161,2001,2001,4201
"Washtenaw County, MI",26161,2002,2002,4203
"Wayne County, MI",26163,1995,1995,32915
"Wayne County, MI",26163,1996,1996,31699
"Wayne County, MI",26163,1997,1997,31864
"Wayne County, MI",26163,1998,1998,31498
"Wayne County, MI",26163,1999,1999,30952
"Wayne County, MI",26163,2000,2000,31149
"Wayne County, MI",26163,2001,2001,30557
"Wayne County, MI",26163,2002,2002,29281
"Unidentified Counties, MI",26999,1995,1995,27771
"Unidentified Counties, MI",26999,1996,1996,27726
"Unidentified Counties, MI",26999,1997,1997,27743
"Unidentified Counties, MI",26999,1998,1998,27940
"Unidentified Counties, MI",26999,1999,1999,28053
"Unidentified Counties, MI",26999,2000,2000,28841
"Unidentified Counties, MI",26999,2001,2001,28086
"Unidentified Counties, MI",26999,2002,2002,27776
"Anoka County, MN",27003,1995,1995,4208
"Anoka County, MN",27003,1996,1996,4209
"Anoka County, MN",27003,1997,1997,4235
"Anoka County, MN",27003,1998,1998,4214
"Anoka County, MN",27003,1999,1999,4224
"Anoka County, MN",27003,2000,2000,4325
"Anoka County, MN",27003,2001,2001,4334
"Anoka County, MN",27003,2002,2002,4254
"Dakota County, MN",27037,1995,1995,5198
"Dakota County, MN",27037,1996,1996,5157
"Dakota County, MN",27037,1997,1997,5129
"Dakota County, MN",27037,1998,1998,5300
"Dakota County, MN",27037,1999,1999,5397
"Dakota County, MN",27037,2000,2000,5312
"Dakota County, MN",27037,2001,2001,5139
"Dakota County, MN",27037,2002,2002,5323
"Hennepin County, MN",27053,1995,1995,15304
"Hennepin County, MN",27053,1996,1996,15311
"Hennepin County, MN",27053,1997,1997,15467
"Hennepin County, MN",27053,1998,1998,15673
"Hennepin County, MN",27053,1999,1999,15963
"Hennepin County, MN",27053,2000,2000,16558
"Hennepin County, MN",27053,2001,2001,16545
"Hennepin County, MN",27053,2002,2002,16111
"Olmsted County, MN",27109,1995,1995,1747
"Olmsted County, MN",27109,1996,1996,1641
"Olmsted County, MN",27109,1997,1997,1784
"Olmsted County, MN",27109,1998,1998,1772
"Olmsted County, MN",27109,1999,1999,1789
"Olmsted County, MN",27109,2000,2000,1899
"Olmsted County, MN",27109,2001,2001,1880
"Olmsted County, MN",27109,2002,2002,2001
"Ramsey County, MN",27123,1995,1995,7479
"Ramsey County, MN",27123,1996,1996,7330
"Ramsey County, MN",27123,1997,1997,7434
"Ramsey County, MN",27123,1998,1998,7473
"Ramsey County, MN",27123,1999,1999,7585
"Ramsey County, MN",27123,2000,2000,7586
"Ramsey County, MN",27123,2001,2001,7452
"Ramsey County, MN",27123,2002,2002,7347
"St. Louis County, MN",27137,1995,1995,1995
"St. Louis County, MN",27137,1996,1996,1993
"St. Louis County, MN",27137,1997,1997,2004
"St. Louis County, MN",27137,1998,1998,2074
"St. Louis County, MN",27137,1999,1999,2008
"St. Louis County, MN",27137,2000,2000,2046
"St. Louis County, MN",27137,2001,2001,2009
"St. Louis County, MN",27137,2002,2002,2004
"Stearns County, MN",27145,1995,1995,1625
"Stearns County, MN",27145,1996,1996,1622
"Stearns County, MN",27145,1997,1997,1624
"Stearns County, MN",27145,1998,1998,1622
"Stearns County, MN",27145,1999,1999,1776
"Stearns County, MN",27145,2000,2000,1746
"Stearns County, MN",27145,2001,2001,1744
"Stearns County, MN",27145,2002,2002,1758
"Washington County, MN",27163,1995,1995,2733
"Washington County, MN",27163,1996,1996,2679
"Washington County, MN",27163,1997,1997,2685
"Washington County, MN",27163,1998,1998,2688
"Washington County, MN",27163,1999,1999,2786
"Washington County, MN",27163,2000,2000,2810
"Washington County, MN",27163,2001,2001,2785
"Washington County, MN",27163,2002,2002,2883
"Unidentified Counties, MN",27999,1995,1995,22974
"Unidentified Counties, MN",27999,1996,1996,23758
"Unidentified Counties, MN",27999,1997,1997,24137
"Unidentified Counties, MN",27999,1998,1998,24386
"Unidentified Counties, MN",27999,1999,1999,24442
"Unidentified Counties, MN",27999,2000,2000,25322
"Unidentified Counties, MN",27999,2001,2001,25674
"Unidentified Counties, MN",27999,2002,2002,26344
"Harrison County, MS",28047,1995,1995,2899
"Harrison County, MS",28047,1996,1996,2720
"Harrison County, MS",28047,1997,1997,2762
"Harrison County, MS",28047,1998,1998,2866
"Harrison County, MS",28047,1999,1999,3034
"Harrison County, MS",28047,2000,2000,2990
"Harrison County, MS",28047,2001,2001,2840
"Harrison County, MS",28047,2002,2002,2957
"Hinds County, MS",28049,1995,1995,4126
"Hinds County, MS",28049,1996,1996,3966
"Hinds County, MS",28049,1997,1997,4060
"Hinds County, MS",28049,1998,1998,4031
"Hinds County, MS",28049,1999,1999,3865
"Hinds County, MS",28049,2000,2000,4013
"Hinds County, MS",28049,2001,2001,3843
"Hinds County, MS",28049,2002,2002,3814
"Jackson County, MS",28059,1995,1995,1764
"Jackson County, MS",28059,1996,1996,1729
"Jackson County, MS",28059,1997,1997,1771
"Jackson County, MS",28059,1998,1998,1868
"Jackson County, MS",28059,1999,1999,1860
"Jackson County, MS",28059,2000,2000,1930
"Jackson County, MS",28059,2001,2001,1869
"Jackson County, MS",28059,2002,2002,1796
"Unidentified Counties, MS",28999,1995,1995,32555
"Unidentified Counties, MS",28999,1996,1996,32572
"Unidentified Counties, MS",28999,1997,1997,32940
"Unidentified Counties, MS",28999,1998,1998,34174
"Unidentified Counties, MS",28999,1999,1999,33925
"Unidentified Counties, MS",28999,2000,2000,35142
"Unidentified Counties, MS",28999,2001,2001,33730
"Unidentified Counties, MS",28999,2002,2002,32951
"Boone County, MO",29019,1995,1995,1665
"Boone County, MO",29019,1996,1996,1739
"Boone County, MO",29019,1997,1997,1762
"Boone County, MO",29019,1998,1998,1708
"Boone County, MO",29019,1999,1999,1786
"Boone County, MO",29019,2000,2000,1786
"Boone County, MO",29019,2001,2001,1726
"Boone County, MO",29019,2002,2002,1797
"Clay County, MO",29047,1995,1995,2248
"Clay County, MO",29047,1996,1996,2307
"Clay County, MO",29047,1997,1997,2459
"Clay County, MO",29047,1998,1998,2562
"Clay County, MO",29047,1999,1999,2650
"Clay County, MO",29047,2000,2000,2681
"Clay County, MO",29047,2001,2001,2872
"Clay County, MO",29047,2002,2002,2829
"Greene County, MO",29077,1995,1995,3057
"Greene County, MO",29077,1996,1996,3083
"Greene County, MO",29077,1997,1997,3014
"Greene County, MO",29077,1998,1998,3182
"Greene County, MO",29077,1999,1999,3171
"Greene County, MO",29077,2000,2000,3102
"Greene County, MO",29077,2001,2001,3007
"Greene County, MO",29077,2002,2002,3084
"Jackson County, MO",29095,1995,1995,9431
"Jackson County, MO",29095,1996,1996,9863
"Jackson County, MO",29095,1997,1997,10041
"Jackson County, MO",29095,1998,1998,9978
"Jackson County, MO",29095,1999,1999,9983
"Jackson County, MO",29095,2000,2000,10124
"Jackson County, MO",29095,2001,2001,10233
"Jackson County, MO",29095,2002,2002,10170
"Jefferson County, MO",29099,1995,1995,2625
"Jefferson County, MO",29099,1996,1996,2720
"Jefferson County, MO",29099,1997,1997,2705
"Jefferson County, MO",29099,1998,1998,2760
"Jefferson County, MO",29099,1999,1999,2785
"Jefferson County, MO",29099,2000,2000,2755
"Jefferson County, MO",29099,2001,2001,2642
"Jefferson County, MO",29099,2002,2002,2677
"St. Charles County, MO",29183,1995,1995,3737
"St. Charles County, MO",29183,1996,1996,3970
"St. Charles County, MO",29183,1997,1997,3907
"St. Charles County, MO",29183,1998,1998,4102
"St. Charles County, MO",29183,1999,1999,4073
"St. Charles County, MO",29183,2000,2000,4248
"St. Charles County, MO",29183,2001,2001,4179
"St. Charles County, MO",29183,2002,2002,4279
"St. Louis County, MO",29189,1995,1995,13328
"St. Louis County, MO",29189,1996,1996,13065
"St. Louis County, MO",29189,1997,1997,12905
"St. Louis County, MO",29189,1998,1998,12828
"St. Louis County, MO",29189,1999,1999,12581
"St. Louis County, MO",29189,2000,2000,12876
"St. Louis County, MO",29189,2001,2001,12390
"St. Louis County, MO",29189,2002,2002,12124
"St. Louis city, MO",29510,1995,1995,6028
"St. Louis city, MO",29510,1996,1996,5854
"St. Louis city, MO",29510,1997,1997,5765
"St. Louis city, MO",29510,1998,1998,5615
"St. Louis city, MO",29510,1999,1999,5522
"St. Louis city, MO",29510,2000,2000,5434
"St. Louis city, MO",29510,2001,2001,5297
"St. Louis city, MO",29510,2002,2002,5167
"Unidentified Counties, MO",29999,1995,1995,30909
"Unidentified Counties, MO",29999,1996,1996,31231
"Unidentified Counties, MO",29999,1997,1997,31479
"Unidentified Counties, MO",29999,1998,1998,32623
"Unidentified Counties, MO",29999,1999,1999,32881
"Unidentified Counties, MO",29999,2000,2000,33457
"Unidentified Counties, MO",29999,2001,2001,33118
"Unidentified Counties, MO",29999,2002,2002,33124
"Yellowstone County, MT",30111,1995,1995,1655
"Yellowstone County, MT",30111,1996,1996,1684
"Yellowstone County, MT",30111,1997,1997,1698
"Yellowstone County, MT",30111,1998,1998,1670
"Yellowstone County, MT",30111,1999,1999,1659
"Yellowstone County, MT",30111,2000,2000,1698
"Yellowstone County, MT",30111,2001,2001,1720
"Yellowstone County, MT",30111,2002,2002,1770
"Unidentified Counties, MT",30999,1995,1995,9487
"Unidentified Counties, MT",30999,1996,1996,9172
"Unidentified Counties, MT",30999,1997,1997,9151
"Unidentified Counties, MT",30999,1998,1998,9125
"Unidentified Counties, MT",30999,1999,1999,9126
"Unidentified Counties, MT",30999,2000,2000,9259
"Unidentified Counties, MT",30999,2001,2001,9250
"Unidentified Counties, MT",30999,2002,2002,9279
"Douglas County, NE",31055,1995,1995,6954
"Douglas County, NE",31055,1996,1996,7028
"Douglas County, NE",31055,1997,1997,7136
"Douglas County, NE",31055,1998,1998,7097
"Douglas County, NE",31055,1999,1999,7141
"Douglas County, NE",31055,2000,2000,7564
"Douglas County, NE",31055,2001,2001,7702
"Douglas County, NE",31055,2002,2002,7969
"Lancaster County, NE",31109,1995,1995,3167
"Lancaster County, NE",31109,1996,1996,3292
"Lancaster County, NE",31109,1997,1997,3223
"Lancaster County, NE",31109,1998,1998,3390
"Lancaster County, NE",31109,1999,1999,3595
"Lancaster County, NE",31109,2000,2000,3758
"Lancaster County, NE",31109,2001,2001,3708
"Lancaster County, NE",31109,2002,2002,3821
"Sarpy County, NE",31153,1995,1995,1981
"Sarpy County, NE",31153,1996,1996,2006
"Sarpy County, NE",31153,1997,1997,1957
"Sarpy County, NE",31153,1998,1998,1949
"Sarpy County, NE",31153,1999,1999,2083
"Sarpy County, NE",31153,2000,2000,2099
"Sarpy County, NE",31153,2001,2001,2203
"Sarpy County, NE",31153,2002,2002,2335
"Unidentified Counties, NE",31999,1995,1995,11141
"Unidentified Counties, NE",31999,1996,1996,10960
"Unidentified Counties, NE",31999,1997,1997,11003
"Unidentified Counties, NE",31999,1998,1998,11098
"Unidentified Counties, NE",31999,1999,1999,11088
"Unidentified Counties, NE",31999,2000,2000,11225
"Unidentified Counties, NE",31999,2001,2001,11207
"Unidentified Counties, NE",31999,2002,2002,11258
"Clark County, NV",32003,1995,1995,16848
"Clark County, NV",32003,1996,1996,17753
"Clark County, NV",32003,1997,1997,18565
"Clark County, NV",32003,1998,1998,20036
"Clark County, NV",32003,1999,1999,21029
"Clark County, NV",32003,2000,2000,22304
"Clark County, NV",32003,2001,2001,22913
"Clark County, NV",32003,2002,2002,23815
"Washoe County, NV",32031,1995,1995,4662
"Washoe County, NV",32031,1996,1996,4764
"Washoe County, NV",32031,1997,1997,4700
"Washoe County, NV",32031,1998,1998,4799
"Washoe County, NV",32031,1999,1999,4752
"Washoe County, NV",32031,2000,2000,5010
"Washoe County, NV",32031,2001,2001,5089
"Washoe County, NV",32031,2002,2002,5350
"Unidentified Counties, NV",32999,1995,1995,3546
"Unidentified Counties, NV",32999,1996,1996,3608
"Unidentified Counties, NV",32999,1997,1997,3646
"Unidentified Counties, NV",32999,1998,1998,3864
"Unidentified Counties, NV",32999,1999,1999,3581
"Unidentified Counties, NV",32999,2000,2000,3515
"Unidentified Counties, NV",32999,2001,2001,3380
"Unidentified Counties, NV",32999,2002,2002,3406
"Hillsborough County, NH",33011,1995,1995,5006
"Hillsborough County, NH",33011,1996,1996,5008
"Hillsborough County, NH",33011,1997,1997,4938
"Hillsborough County, NH",33011,1998,1998,4860
"Hillsborough County, NH",33011,1999,1999,4911
"Hillsborough County, NH",33011,2000,2000,5016
"Hillsborough County, NH",33011,2001,2001,5021
"Hillsborough County, NH",33011,2002,2002,5043
"Merrimack County, NH",33013,1995,1995,1525
"Merrimack County, NH",33013,1996,1996,1526
"Merrimack County, NH",33013,1997,1997,1373
"Merrimack County, NH",33013,1998,1998,1521
"Merrimack County, NH",33013,1999,1999,1481
"Merrimack County, NH",33013,2000,2000,1485
"Merrimack County, NH",33013,2001,2001,1614
"Merrimack County, NH",33013,2002,2002,1521
"Rockingham County, NH",33015,1995,1995,3524
"Rockingham County, NH",33015,1996,1996,3416
"Rockingham County, NH",33015,1997,1997,3364
"Rockingham County, NH",33015,1998,1998,3456
"Rockingham County, NH",33015,1999,1999,3253
"Rockingham County, NH",33015,2000,2000,3379
"Rockingham County, NH",33015,2001,2001,3329
"Rockingham County, NH",33015,2002,2002,3255
"Strafford County, NH",33017,1995,1995,1305
"Strafford County, NH",33017,1996,1996,1282
"Strafford County, NH",33017,1997,1997,1327
"Strafford County, NH",33017,1998,1998,1306
"Strafford County, NH",33017,1999,1999,1243
"Strafford County, NH",33017,2000,2000,1336
"Strafford County, NH",33017,2001,2001,1446
"Strafford County, NH",33017,2002,2002,1386
"Unidentified Counties, NH",33999,1995,1995,3305
"Unidentified Counties, NH",33999,1996,1996,3288
"Unidentified Counties, NH",33999,1997,1997,3311
"Unidentified Counties, NH",33999,1998,1998,3286
"Unidentified Counties, NH",33999,1999,1999,3153
"Unidentified Counties, NH",33999,2000,2000,3393
"Unidentified Counties, NH",33999,2001,2001,3246
"Unidentified Counties, NH",33999,2002,2002,3237
"Atlantic County, NJ",34001,1995,1995,3669
"Atlantic County, NJ",34001,1996,1996,3557
"Atlantic County, NJ",34001,1997,1997,3490
"Atlantic County, NJ",34001,1998,1998,3479
"Atlantic County, NJ",34001,1999,1999,3458
"Atlantic County, NJ",34001,2000,2000,3403
"Atlantic County, NJ",34001,2001,2001,3448
"Atlantic County, NJ",34001,2002,2002,3559
"Bergen County, NJ",34003,1995,1995,10637
"Bergen County, NJ",34003,1996,1996,10882
"Bergen County, NJ",34003,1997,1997,10697
"Bergen County, NJ",34003,1998,1998,10776
"Bergen County, NJ",34003,1999,1999,10602
"Bergen County, NJ",34003,2000,2000,10928
"Bergen County, NJ",34003,2001,2001,10543
"Bergen County, NJ",34003,2002,2002,10560
"Burlington County, NJ",34005,1995,1995,5255
"Burlington County, NJ",34005,1996,1996,5253
"Burlington County, NJ",34005,1997,1997,5178
"Burlington County, NJ",34005,1998,1998,5089
"Burlington County, NJ",34005,1999,1999,5213
"Burlington County, NJ",34005,2000,2000,5116
"Burlington County, NJ",34005,2001,2001,5278
"Burlington County, NJ",34005,2002,2002,5384
"Camden County, NJ",34007,1995,1995,7572
"Camden County, NJ",34007,1996,1996,6996
"Camden County, NJ",34007,1997,1997,7180
"Camden County, NJ",34007,1998,1998,7348
"Camden County, NJ",34007,1999,1999,7189
"Camden County, NJ",34007,2000,2000,7105
"Camden County, NJ",34007,2001,2001,7012
"Camden County, NJ",34007,2002,2002,6823
"Cumberland County, NJ",34011,1995,1995,2010
"Cumberland County, NJ",34011,1996,1996,1980
"Cumberland County, NJ",34011,1997,1997,1875
"Cumberland County, NJ",34011,1998,1998,1970
"Cumberland County, NJ",34011,1999,1999,1982
"Cumberland County, NJ",34011,2000,2000,2032
"Cumberland County, NJ",34011,2001,2001,2100
"Cumberland County, NJ",34011,2002,2002,2087
"Essex County, NJ",34013,1995,1995,12758
"Essex County, NJ",34013,1996,1996,12474
"Essex County, NJ",34013,1997,1997,12326
"Essex County, NJ",34013,1998,1998,12129
"Essex County, NJ",34013,1999,1999,12292
"Essex County, NJ",34013,2000,2000,12179
"Essex County, NJ",34013,2001,2001,12275
"Essex County, NJ",34013,2002,2002,12121
"Gloucester County, NJ",34015,1995,1995,3189
"Gloucester County, NJ",34015,1996,1996,3180
"Gloucester County, NJ",34015,1997,1997,3189
"Gloucester County, NJ",34015,1998,1998,3218
"Gloucester County, NJ",34015,1999,1999,3219
"Gloucester County, NJ",34015,2000,2000,3216
"Gloucester County, NJ",34015,2001,2001,3112
"Gloucester County, NJ",34015,2002,2002,3090
"Hudson County, NJ",34017,1995,1995,8971
"Hudson County, NJ",34017,1996,1996,8879
"Hudson County, NJ",34017,1997,1997,8719
"Hudson County, NJ",34017,1998,1998,8744
"Hudson County, NJ",34017,1999,1999,8711
"Hudson County, NJ",34017,2000,2000,8873
"Hudson County, NJ",34017,2001,2001,8871
"Hudson County, NJ",34017,2002,2002,8734
"Hunterdon County, NJ",34019,1995,1995,1446
"Hunterdon County, NJ",34019,1996,1996,1464
"Hunterdon County, NJ",34019,1997,1997,1444
"Hunterdon County, NJ",34019,1998,1998,1472
"Hunterdon County, NJ",34019,1999,1999,1549
"Hunterdon County, NJ",34019,2000,2000,1428
"Hunterdon County, NJ",34019,2001,2001,1475
"Hunterdon County, NJ",34019,2002,2002,1504
"Mercer County, NJ",34021,1995,1995,4430
"Mercer County, NJ",34021,1996,1996,4466
"Mercer County, NJ",34021,1997,1997,4453
"Mercer County, NJ",34021,1998,1998,4446
"Mercer County, NJ",34021,1999,1999,4433
"Mercer County, NJ",34021,2000,2000,4705
"Mercer County, NJ",34021,2001,2001,4648
"Mercer County, NJ",34021,2002,2002,4599
"Middlesex County, NJ",34023,1995,1995,10050
"Middlesex County, NJ",34023,1996,1996,9951
"Middlesex County, NJ",34023,1997,1997,9854
"Middlesex County, NJ",34023,1998,1998,10170
"Middlesex County, NJ",34023,1999,1999,10009
"Middlesex County, NJ",34023,2000,2000,10478
"Middlesex County, NJ",34023,2001,2001,10559
"Middlesex County, NJ",34023,2002,2002,10514
"Monmouth County, NJ",34025,1995,1995,8143
"Monmouth County, NJ",34025,1996,1996,8195
"Monmouth County, NJ",34025,1997,1997,8152
"Monmouth County, NJ",34025,1998,1998,8271
"Monmouth County, NJ",34025,1999,1999,8081
"Monmouth County, NJ",34025,2000,2000,8127
"Monmouth County, NJ",34025,2001,2001,8167
"Monmouth County, NJ",34025,2002,2002,7981
"Morris County, NJ",34027,1995,1995,6135
"Morris County, NJ",34027,1996,1996,6291
"Morris County, NJ",34027,1997,1997,6262
"Morris County, NJ",34027,1998,1998,6501
"Morris County, NJ",34027,1999,1999,6453
"Morris County, NJ",34027,2000,2000,6465
"Morris County, NJ",34027,2001,2001,6504
"Morris County, NJ",34027,2002,2002,6216
"Ocean County, NJ",34029,1995,1995,6101
"Ocean County, NJ",34029,1996,1996,6228
"Ocean County, NJ",34029,1997,1997,6162
"Ocean County, NJ",34029,1998,1998,6408
"Ocean County, NJ",34029,1999,1999,6437
"Ocean County, NJ",34029,2000,2000,6556
"Ocean County, NJ",34029,2001,2001,6957
"Ocean County, NJ",34029,2002,2002,7040
"Passaic County, NJ",34031,1995,1995,7922
"Passaic County, NJ",34031,1996,1996,7785
"Passaic County, NJ",34031,1997,1997,7758
"Passaic County, NJ",34031,1998,1998,7863
"Passaic County, NJ",34031,1999,1999,7716
"Passaic County, NJ",34031,2000,2000,7903
"Passaic County, NJ",34031,2001,2001,7868
"Passaic County, NJ",34031,2002,2002,7698
"Somerset County, NJ",34035,1995,1995,3982
"Somerset County, NJ",34035,1996,1996,4154
"Somerset County, NJ",34035,1997,1997,4234
"Somerset County, NJ",34035,1998,1998,4389
"Somerset County, NJ",34035,1999,1999,4391
"Somerset County, NJ",34035,2000,2000,4397
"Somerset County, NJ",34035,2001,2001,4450
"Somerset County, NJ",34035,2002,2002,4476
"Sussex County, NJ",34037,1995,1995,1862
"Sussex County, NJ",34037,1996,1996,1889
"Sussex County, NJ",34037,1997,1997,1868
"Sussex County, NJ",34037,1998,1998,1818
"Sussex County, NJ",34037,1999,1999,1795
"Sussex County, NJ",34037,2000,2000,1771
"Sussex County, NJ",34037,2001,2001,1793
"Sussex County, NJ",34037,2002,2002,1657
"Union County, NJ",34039,1995,1995,7362
"Union County, NJ",34039,1996,1996,7484
"Union County, NJ",34039,1997,1997,7251
"Union County, NJ",34039,1998,1998,7403
"Union County, NJ",34039,1999,1999,7427
"Union County, NJ",34039,2000,2000,7712
"Union County, NJ",34039,2001,2001,7555
"Union County, NJ",34039,2002,2002,7567
"Unidentified Counties, NJ",34999,1995,1995,3334
"Unidentified Counties, NJ",34999,1996,1996,3198
"Unidentified Counties, NJ",34999,1997,1997,3187
"Unidentified Counties, NJ",34999,1998,1998,3056
"Unidentified Counties, NJ",34999,1999,1999,3148
"Unidentified Counties, NJ",34999,2000,2000,3238
"Unidentified Counties, NJ",34999,2001,2001,3180
"Unidentified Counties, NJ",34999,2002,2002,3141
"Bernalillo County, NM",35001,1995,1995,8071
"Bernalillo County, NM",35001,1996,1996,8068
"Bernalillo County, NM",35001,1997,1997,7933
"Bernalillo County, NM",35001,1998,1998,8229
"Bernalillo County, NM",35001,1999,1999,8280
"Bernalillo County, NM",35001,2000,2000,8305
"Bernalillo County, NM",35001,2001,2001,8363
"Bernalillo County, NM",35001,2002,2002,8748
"Dona Ana County, NM",35013,1995,1995,3032
"Dona Ana County, NM",35013,1996,1996,3067
"Dona Ana County, NM",35013,1997,1997,2968
"Dona Ana County, NM",35013,1998,1998,3004
"Dona Ana County, NM",35013,1999,1999,2953
"Dona Ana County, NM",35013,2000,2000,3034
"Dona Ana County, NM",35013,2001,2001,3015
"Dona Ana County, NM",35013,2002,2002,3078
"Unidentified Counties, NM",35999,1995,1995,15817
"Unidentified Counties, NM",35999,1996,1996,16093
"Unidentified Counties, NM",35999,1997,1997,15970
"Unidentified Counties, NM",35999,1998,1998,16085
"Unidentified Counties, NM",35999,1999,1999,15958
"Unidentified Counties, NM",35999,2000,2000,15884
"Unidentified Counties, NM",35999,2001,2001,15750
"Unidentified Counties, NM",35999,2002,2002,15927
"Albany County, NY",36001,1995,1995,3530
"Albany County, NY",36001,1996,1996,3306
"Albany County, NY",36001,1997,1997,3260
"Albany County, NY",36001,1998,1998,3456
"Albany County, NY",36001,1999,1999,3120
"Albany County, NY",36001,2000,2000,3292
"Albany County, NY",36001,2001,2001,3215
"Albany County, NY",36001,2002,2002,3228
"Bronx County, NY",36005,1995,1995,24258
"Bronx County, NY",36005,1996,1996,23399
"Bronx County, NY",36005,1997,1997,22451
"Bronx County, NY",36005,1998,1998,22782
"Bronx County, NY",36005,1999,1999,22453
"Bronx County, NY",36005,2000,2000,22747
"Bronx County, NY",36005,2001,2001,22975
"Bronx County, NY",36005,2002,2002,22535
"Broome County, NY",36007,1995,1995,2513
"Broome County, NY",36007,1996,1996,2260
"Broome County, NY",36007,1997,1997,2210
"Broome County, NY",36007,1998,1998,2236
"Broome County, NY",36007,1999,1999,2299
"Broome County, NY",36007,2000,2000,2230
"Broome County, NY",36007,2001,2001,2158
"Broome County, NY",36007,2002,2002,2066
"Chautauqua County, NY",36013,1995,1995,1662
"Chautauqua County, NY",36013,1996,1996,1689
"Chautauqua County, NY",36013,1997,1997,1627
"Chautauqua County, NY",36013,1998,1998,1566
"Chautauqua County, NY",36013,1999,1999,1554
"Chautauqua County, NY",36013,2000,2000,1544
"Chautauqua County, NY",36013,2001,2001,1580
"Chautauqua County, NY",36013,2002,2002,1486
"Dutchess County, NY",36027,1995,1995,3479
"Dutchess County, NY",36027,1996,1996,3386
"Dutchess County, NY",36027,1997,1997,3405
"Dutchess County, NY",36027,1998,1998,3310
"Dutchess County, NY",36027,1999,1999,3207
"Dutchess County, NY",36027,2000,2000,3342
"Dutchess County, NY",36027,2001,2001,3234
"Dutchess County, NY",36027,2002,2002,3226
"Erie County, NY",36029,1995,1995,12414
"Erie County, NY",36029,1996,1996,12058
"Erie County, NY",36029,1997,1997,11662
"Erie County, NY",36029,1998,1998,11592
"Erie County, NY",36029,1999,1999,11200
"Erie County, NY",36029,2000,2000,11280
"Erie County, NY",36029,2001,2001,10841
"Erie County, NY",36029,2002,2002,10674
"Jefferson County, NY",36045,1995,1995,1884
"Jefferson County, NY",36045,1996,1996,1792
"Jefferson County, NY",36045,1997,1997,1734
"Jefferson County, NY",36045,1998,1998,1720
"Jefferson County, NY",36045,1999,1999,1759
"Jefferson County, NY",36045,2000,2000,1654
"Jefferson County, NY",36045,2001,2001,1736
"Jefferson County, NY",36045,2002,2002,1550
"Kings County, NY",36047,1995,1995,42121
"Kings County, NY",36047,1996,1996,40922
"Kings County, NY",36047,1997,1997,39758
"Kings County, NY",36047,1998,1998,39972
"Kings County, NY",36047,1999,1999,39625
"Kings County, NY",36047,2000,2000,39899
"Kings County, NY",36047,2001,2001,40088
"Kings County, NY",36047,2002,2002,39469
"Monroe County, NY",36055,1995,1995,10046
"Monroe County, NY",36055,1996,1996,9686
"Monroe County, NY",36055,1997,1997,9648
"Monroe County, NY",36055,1998,1998,9675
"Monroe County, NY",36055,1999,1999,9249
"Monroe County, NY",36055,2000,2000,9526
"Monroe County, NY",36055,2001,2001,8985
"Monroe County, NY",36055,2002,2002,8894
"Nassau County, NY",36059,1995,1995,18125
"Nassau County, NY",36059,1996,1996,17737
"Nassau County, NY",36059,1997,1997,17139
"Nassau County, NY",36059,1998,1998,17207
"Nassau County, NY",36059,1999,1999,16961
"Nassau County, NY",36059,2000,2000,17057
"Nassau County, NY",36059,2001,2001,16358
"Nassau County, NY",36059,2002,2002,16350
"New York County, NY",36061,1995,1995,20656
"New York County, NY",36061,1996,1996,20063
"New York County, NY",36061,1997,1997,19378
"New York County, NY",36061,1998,1998,19468
"New York County, NY",36061,1999,1999,19733
"New York County, NY",36061,2000,2000,20172
"New York County, NY",36061,2001,2001,20039
"New York County, NY",36061,2002,2002,19874
"Niagara County, NY",36063,1995,1995,2797
"Niagara County, NY",36063,1996,1996,2746
"Niagara County, NY",36063,1997,1997,2641
"Niagara County, NY",36063,1998,1998,2633
"Niagara County, NY",36063,1999,1999,2590
"Niagara County, NY",36063,2000,2000,2508
"Niagara County, NY",36063,2001,2001,2483
"Niagara County, NY",36063,2002,2002,2406
"Oneida County, NY",36065,1995,1995,2889
"Oneida County, NY",36065,1996,1996,2701
"Oneida County, NY",36065,1997,1997,2703
"Oneida County, NY",36065,1998,1998,2621
"Oneida County, NY",36065,1999,1999,2658
"Oneida County, NY",36065,2000,2000,2505
"Oneida County, NY",36065,2001,2001,2517
"Oneida County, NY",36065,2002,2002,2489
"Onondaga County, NY",36067,1995,1995,6483
"Onondaga County, NY",36067,1996,1996,6283
"Onondaga County, NY",36067,1997,1997,5969
"Onondaga County, NY",36067,1998,1998,5964
"Onondaga County, NY",36067,1999,1999,6049
"Onondaga County, NY",36067,2000,2000,6013
"Onondaga County, NY",36067,2001,2001,5782
"Onondaga County, NY",36067,2002,2002,5627
"Orange County, NY",36071,1995,1995,4945
"Orange County, NY",36071,1996,1996,4953
"Orange County, NY",36071,1997,1997,4917
"Orange County, NY",36071,1998,1998,4814
"Orange County, NY",36071,1999,1999,4885
"Orange County, NY",36071,2000,2000,5022
"Orange County, NY",36071,2001,2001,5018
"Orange County, NY",36071,2002,2002,5100
"Oswego County, NY",36075,1995,1995,1617
"Oswego County, NY",36075,1996,1996,1508
"Oswego County, NY",36075,1997,1997,1447
"Oswego County, NY",36075,1998,1998,1473
"Oswego County, NY",36075,1999,1999,1488
"Oswego County, NY",36075,2000,2000,1479
"Oswego County, NY",36075,2001,2001,1424
"Oswego County, NY",36075,2002,2002,1358
"Queens County, NY",36081,1995,1995,32976
"Queens County, NY",36081,1996,1996,32689
"Queens County, NY",36081,1997,1997,31599
"Queens County, NY",36081,1998,1998,31921
"Queens County, NY",36081,1999,1999,31663
"Queens County, NY",36081,2000,2000,32279
"Queens County, NY",36081,2001,2001,30854
"Queens County, NY",36081,2002,2002,30549
"Rensselaer County, NY",36083,1995,1995,1955
"Rensselaer County, NY",36083,1996,1996,1949
"Rensselaer County, NY",36083,1997,1997,1784
"Rensselaer County, NY",36083,1998,1998,1760
"Rensselaer County, NY",36083,1999,1999,1748
"Rensselaer County, NY",36083,2000,2000,1714
"Rensselaer County, NY",36083,2001,2001,1722
"Rensselaer County, NY",36083,2002,2002,1669
"Richmond County, NY",36085,1995,1995,6042
"Richmond County, NY",36085,1996,1996,5883
"Richmond County, NY",36085,1997,1997,5717
"Richmond County, NY",36085,1998,1998,5768
"Richmond County, NY",36085,1999,1999,5865
"Richmond County, NY",36085,2000,2000,5944
"Richmond County, NY",36085,2001,2001,5662
"Richmond County, NY",36085,2002,2002,5867
"Rockland County, NY",36087,1995,1995,4210
"Rockland County, NY",36087,1996,1996,4311
"Rockland County, NY",36087,1997,1997,4422
"Rockland County, NY",36087,1998,1998,4492
"Rockland County, NY",36087,1999,1999,4541
"Rockland County, NY",36087,2000,2000,4650
"Rockland County, NY",36087,2001,2001,4721
"Rockland County, NY",36087,2002,2002,4664
"St. Lawrence County, NY",36089,1995,1995,1266
"St. Lawrence County, NY",36089,1996,1996,1243
"St. Lawrence County, NY",36089,1997,1997,1183
"St. Lawrence County, NY",36089,1998,1998,1204
"St. Lawrence County, NY",36089,1999,1999,1151
"St. Lawrence County, NY",36089,2000,2000,1225
"St. Lawrence County, NY",36089,2001,2001,1237
"St. Lawrence County, NY",36089,2002,2002,1214
"Saratoga County, NY",36091,1995,1995,2630
"Saratoga County, NY",36091,1996,1996,2594
"Saratoga County, NY",36091,1997,1997,2485
"Saratoga County, NY",36091,1998,1998,2605
"Saratoga County, NY",36091,1999,1999,2474
"Saratoga County, NY",36091,2000,2000,2619
"Saratoga County, NY",36091,2001,2001,2534
"Saratoga County, NY",36091,2002,2002,2381
"Schenectady County, NY",36093,1995,1995,1990
"Schenectady County, NY",36093,1996,1996,1793
"Schenectady County, NY",36093,1997,1997,1783
"Schenectady County, NY",36093,1998,1998,1764
"Schenectady County, NY",36093,1999,1999,1769
"Schenectady County, NY",36093,2000,2000,1743
"Schenectady County, NY",36093,2001,2001,1732
"Schenectady County, NY",36093,2002,2002,1744
"Suffolk County, NY",36103,1995,1995,20281
"Suffolk County, NY",36103,1996,1996,19962
"Suffolk County, NY",36103,1997,1997,19848
"Suffolk County, NY",36103,1998,1998,19923
"Suffolk County, NY",36103,1999,1999,19962
"Suffolk County, NY",36103,2000,2000,20238
"Suffolk County, NY",36103,2001,2001,19955
"Suffolk County, NY",36103,2002,2002,19854
"Ulster County, NY",36111,1995,1995,2080
"Ulster County, NY",36111,1996,1996,1978
"Ulster County, NY",36111,1997,1997,1918
"Ulster County, NY",36111,1998,1998,1850
"Ulster County, NY",36111,1999,1999,1744
"Ulster County, NY",36111,2000,2000,1781
"Ulster County, NY",36111,2001,2001,1816
"Ulster County, NY",36111,2002,2002,1795
"Westchester County, NY",36119,1995,1995,13134
"Westchester County, NY",36119,1996,1996,12692
"Westchester County, NY",36119,1997,1997,12586
"Westchester County, NY",36119,1998,1998,12811
"Westchester County, NY",36119,1999,1999,12551
"Westchester County, NY",36119,2000,2000,13032
"Westchester County, NY",36119,2001,2001,12532
"Westchester County, NY",36119,2002,2002,12769
"Unidentified Counties, NY",36999,1995,1995,25386
"Unidentified Counties, NY",36999,1996,1996,24380
"Unidentified Counties, NY",36999,1997,1997,23964
"Unidentified Counties, NY",36999,1998,1998,23620
"Unidentified Counties, NY",36999,1999,1999,23314
"Unidentified Counties, NY",36999,2000,2000,23242
"Unidentified Counties, NY",36999,2001,2001,22828
"Unidentified Counties, NY",36999,2002,2002,22577
"Alamance County, NC",37001,1995,1995,1431
"Alamance County, NC",37001,1996,1996,1579
"Alamance County, NC",37001,1997,1997,1728
"Alamance County, NC",37001,1998,1998,1657
"Alamance County, NC",37001,1999,1999,1774
"Alamance County, NC",37001,2000,2000,1903
"Alamance County, NC",37001,2001,2001,1900
"Alamance County, NC",37001,2002,2002,1815
"Buncombe County, NC",37021,1995,1995,2228
"Buncombe County, NC",37021,1996,1996,2358
"Buncombe County, NC",37021,1997,1997,2249
"Buncombe County, NC",37021,1998,1998,2491
"Buncombe County, NC",37021,1999,1999,2472
"Buncombe County, NC",37021,2000,2000,2599
"Buncombe County, NC",37021,2001,2001,2490
"Buncombe County, NC",37021,2002,2002,2562
"Catawba County, NC",37035,1995,1995,1741
"Catawba County, NC",37035,1996,1996,1654
"Catawba County, NC",37035,1997,1997,1799
"Catawba County, NC",37035,1998,1998,1873
"Catawba County, NC",37035,1999,1999,1959
"Catawba County, NC",37035,2000,2000,2140
"Catawba County, NC",37035,2001,2001,2056
"Catawba County, NC",37035,2002,2002,2081
"Cumberland County, NC",37051,1995,1995,5732
"Cumberland County, NC",37051,1996,1996,5625
"Cumberland County, NC",37051,1997,1997,5558
"Cumberland County, NC",37051,1998,1998,5623
"Cumberland County, NC",37051,1999,1999,5458
"Cumberland County, NC",37051,2000,2000,5666
"Cumberland County, NC",37051,2001,2001,5318
"Cumberland County, NC",37051,2002,2002,5436
"Davidson County, NC",37057,1995,1995,1727
"Davidson County, NC",37057,1996,1996,1847
"Davidson County, NC",37057,1997,1997,1735
"Davidson County, NC",37057,1998,1998,1844
"Davidson County, NC",37057,1999,1999,1885
"Davidson County, NC",37057,2000,2000,1973
"Davidson County, NC",37057,2001,2001,1927
"Davidson County, NC",37057,2002,2002,1905
"Durham County, NC",37063,1995,1995,2952
"Durham County, NC",37063,1996,1996,3039
"Durham County, NC",37063,1997,1997,3250
"Durham County, NC",37063,1998,1998,3300
"Durham County, NC",37063,1999,1999,3547
"Durham County, NC",37063,2000,2000,3808
"Durham County, NC",37063,2001,2001,3857
"Durham County, NC",37063,2002,2002,3943
"Forsyth County, NC",37067,1995,1995,4119
"Forsyth County, NC",37067,1996,1996,4000
"Forsyth County, NC",37067,1997,1997,4280
"Forsyth County, NC",37067,1998,1998,4336
"Forsyth County, NC",37067,1999,1999,4475
"Forsyth County, NC",37067,2000,2000,4589
"Forsyth County, NC",37067,2001,2001,4644
"Forsyth County, NC",37067,2002,2002,4520
"Gaston County, NC",37071,1995,1995,2376
"Gaston County, NC",37071,1996,1996,2540
"Gaston County, NC",37071,1997,1997,2614
"Gaston County, NC",37071,1998,1998,2545
"Gaston County, NC",37071,1999,1999,2698
"Gaston County, NC",37071,2000,2000,2751
"Gaston County, NC",37071,2001,2001,2571
"Gaston County, NC",37071,2002,2002,2600
"Guilford County, NC",37081,1995,1995,5173
"Guilford County, NC",37081,1996,1996,5232
"Guilford County, NC",37081,1997,1997,5320
"Guilford County, NC",37081,1998,1998,5611
"Guilford County, NC",37081,1999,1999,5732
"Guilford County, NC",37081,2000,2000,6095
"Guilford County, NC",37081,2001,2001,5921
"Guilford County, NC",37081,2002,2002,5835
"Mecklenburg County, NC",37119,1995,1995,8901
"Mecklenburg County, NC",37119,1996,1996,9410
"Mecklenburg County, NC",37119,1997,1997,9665
"Mecklenburg County, NC",37119,1998,1998,10430
"Mecklenburg County, NC",37119,1999,1999,10838
"Mecklenburg County, NC",37119,2000,2000,11992
"Mecklenburg County, NC",37119,2001,2001,11791
"Mecklenburg County, NC",37119,2002,2002,12087
"New Hanover County, NC",37129,1995,1995,1840
"New Hanover County, NC",37129,1996,1996,1838
"New Hanover County, NC",37129,1997,1997,1875
"New Hanover County, NC",37129,1998,1998,1900
"New Hanover County, NC",37129,1999,1999,2005
"New Hanover County, NC",37129,2000,2000,2019
"New Hanover County, NC",37129,2001,2001,2036
"New Hanover County, NC",37129,2002,2002,2037
"Onslow County, NC",37133,1995,1995,3223
"Onslow County, NC",37133,1996,1996,3301
"Onslow County, NC",37133,1997,1997,3218
"Onslow County, NC",37133,1998,1998,3183
"Onslow County, NC",37133,1999,1999,3181
"Onslow County, NC",37133,2000,2000,3331
"Onslow County, NC",37133,2001,2001,3126
"Onslow County, NC",37133,2002,2002,3114
"Pitt County, NC",37147,1995,1995,1680
"Pitt County, NC",37147,1996,1996,1808
"Pitt County, NC",37147,1997,1997,1791
"Pitt County, NC",37147,1998,1998,1901
"Pitt County, NC",37147,1999,1999,1877
"Pitt County, NC",37147,2000,2000,2031
"Pitt County, NC",37147,2001,2001,1991
"Pitt County, NC",37147,2002,2002,1987
"Randolph County, NC",37151,1995,1995,1574
"Randolph County, NC",37151,1996,1996,1651
"Randolph County, NC",37151,1997,1997,1717
"Randolph County, NC",37151,1998,1998,1754
"Randolph County, NC",37151,1999,1999,1848
"Randolph County, NC",37151,2000,2000,1949
"Randolph County, NC",37151,2001,2001,1865
"Randolph County, NC",37151,2002,2002,1757
"Robeson County, NC",37155,1995,1995,1806
"Robeson County, NC",37155,1996,1996,1963
"Robeson County, NC",37155,1997,1997,2000
"Robeson County, NC",37155,1998,1998,2109
"Robeson County, NC",37155,1999,1999,2122
"Robeson County, NC",37155,2000,2000,2154
"Robeson County, NC",37155,2001,2001,2120
"Robeson County, NC",37155,2002,2002,2035
"Rowan County, NC",37159,1995,1995,1482
"Rowan County, NC",37159,1996,1996,1507
"Rowan County, NC",37159,1997,1997,1545
"Rowan County, NC",37159,1998,1998,1694
"Rowan County, NC",37159,1999,1999,1712
"Rowan County, NC",37159,2000,2000,1705
"Rowan County, NC",37159,2001,2001,1671
"Rowan County, NC",37159,2002,2002,1688
"Wake County, NC",37183,1995,1995,7760
"Wake County, NC",37183,1996,1996,8101
"Wake County, NC",37183,1997,1997,8639
"Wake County, NC",37183,1998,1998,9007
"Wake County, NC",37183,1999,1999,9393
"Wake County, NC",37183,2000,2000,10198
"Wake County, NC",37183,2001,2001,10611
"Wake County, NC",37183,2002,2002,10860
"Wayne County, NC",37191,1995,1995,1555
"Wayne County, NC",37191,1996,1996,1646
"Wayne County, NC",37191,1997,1997,1649
"Wayne County, NC",37191,1998,1998,1716
"Wayne County, NC",37191,1999,1999,1748
"Wayne County, NC",37191,2000,2000,1764
"Wayne County, NC",37191,2001,2001,1739
"Wayne County, NC",37191,2002,2002,1659
"Unidentified Counties, NC",37999,1995,1995,44292
"Unidentified Counties, NC",37999,1996,1996,45371
"Unidentified Counties, NC",37999,1997,1997,46383
"Unidentified Counties, NC",37999,1998,1998,48714
"Unidentified Counties, NC",37999,1999,1999,49071
"Unidentified Counties, NC",37999,2000,2000,51644
"Unidentified Counties, NC",37999,2001,2001,50551
"Unidentified Counties, NC",37999,2002,2002,49414
"Cass County, ND",38017,1995,1995,1592
"Cass County, ND",38017,1996,1996,1644
"Cass County, ND",38017,1997,1997,1632
"Cass County, ND",38017,1998,1998,1609
"Cass County, ND",38017,1999,1999,1635
"Cass County, ND",38017,2000,2000,1635
"Cass County, ND",38017,2001,2001,1725
"Cass County, ND",38017,2002,2002,1713
"Unidentified Counties, ND",38999,1995,1995,6884
"Unidentified Counties, ND",38999,1996,1996,6703
"Unidentified Counties, ND",38999,1997,1997,6721
"Unidentified Counties, ND",38999,1998,1998,6323
"Unidentified Counties, ND",38999,1999,1999,6004
"Unidentified Counties, ND",38999,2000,2000,6041
"Unidentified Counties, ND",38999,2001,2001,5904
"Unidentified Counties, ND",38999,2002,2002,6044
"Allen County, OH",39003,1995,1995,1480
"Allen County, OH",39003,1996,1996,1455
"Allen County, OH",39003,1997,1997,1507
"Allen County, OH",39003,1998,1998,1523
"Allen County, OH",39003,1999,1999,1588
"Allen County, OH",39003,2000,2000,1582
"Allen County, OH",39003,2001,2001,1567
"Allen County, OH",39003,2002,2002,1485
"Butler County, OH",39017,1995,1995,4454
"Butler County, OH",39017,1996,1996,4430
"Butler County, OH",39017,1997,1997,4492
"Butler County, OH",39017,1998,1998,4508
"Butler County, OH",39017,1999,1999,4740
"Butler County, OH",39017,2000,2000,4887
"Butler County, OH",39017,2001,2001,4814
"Butler County, OH",39017,2002,2002,4576
"Clark County, OH",39023,1995,1995,1868
"Clark County, OH",39023,1996,1996,1863
"Clark County, OH",39023,1997,1997,1923
"Clark County, OH",39023,1998,1998,1919
"Clark County, OH",39023,1999,1999,2006
"Clark County, OH",39023,2000,2000,1928
"Clark County, OH",39023,2001,2001,1868
"Clark County, OH",39023,2002,2002,1826
"Clermont County, OH",39025,1995,1995,2590
"Clermont County, OH",39025,1996,1996,2447
"Clermont County, OH",39025,1997,1997,2623
"Clermont County, OH",39025,1998,1998,2596
"Clermont County, OH",39025,1999,1999,2670
"Clermont County, OH",39025,2000,2000,2773
"Clermont County, OH",39025,2001,2001,2694
"Clermont County, OH",39025,2002,2002,2669
"Columbiana County, OH",39029,1995,1995,1333
"Columbiana County, OH",39029,1996,1996,1287
"Columbiana County, OH",39029,1997,1997,1332
"Columbiana County, OH",39029,1998,1998,1411
"Columbiana County, OH",39029,1999,1999,1291
"Columbiana County, OH",39029,2000,2000,1312
"Columbiana County, OH",39029,2001,2001,1331
"Columbiana County, OH",39029,2002,2002,1310
"Cuyahoga County, OH",39035,1995,1995,19983
"Cuyahoga County, OH",39035,1996,1996,19760
"Cuyahoga County, OH",39035,1997,1997,19498
"Cuyahoga County, OH",39035,1998,1998,19082
"Cuyahoga County, OH",39035,1999,1999,18579
"Cuyahoga County, OH",39035,2000,2000,18798
"Cuyahoga County, OH",39035,2001,2001,18153
"Cuyahoga County, OH",39035,2002,2002,17432
"Fairfield County, OH",39045,1995,1995,1572
"Fairfield County, OH",39045,1996,1996,1598
"Fairfield County, OH",39045,1997,1997,1618
"Fairfield County, OH",39045,1998,1998,1715
"Fairfield County, OH",39045,1999,1999,1653
"Fairfield County, OH",39045,2000,2000,1738
"Fairfield County, OH",39045,2001,2001,1607
"Fairfield County, OH",39045,2002,2002,1654
"Franklin County, OH",39049,1995,1995,15974
"Franklin County, OH",39049,1996,1996,15781
"Franklin County, OH",39049,1997,1997,16178
"Franklin County, OH",39049,1998,1998,16402
"Franklin County, OH",39049,1999,1999,16482
"Franklin County, OH",39049,2000,2000,17491
"Franklin County, OH",39049,2001,2001,17244
"Franklin County, OH",39049,2002,2002,17074
"Greene County, OH",39057,1995,1995,1643
"Greene County, OH",39057,1996,1996,1686
"Greene County, OH",39057,1997,1997,1615
"Greene County, OH",39057,1998,1998,1722
"Greene County, OH",39057,1999,1999,1682
"Greene County, OH",39057,2000,2000,1740
"Greene County, OH",39057,2001,2001,1725
"Greene County, OH",39057,2002,2002,1744
"Hamilton County, OH",39061,1995,1995,12428
"Hamilton County, OH",39061,1996,1996,12209
"Hamilton County, OH",39061,1997,1997,12027
"Hamilton County, OH",39061,1998,1998,12277
"Hamilton County, OH",39061,1999,1999,12154
"Hamilton County, OH",39061,2000,2000,12411
"Hamilton County, OH",39061,2001,2001,11946
"Hamilton County, OH",39061,2002,2002,11671
"Lake County, OH",39085,1995,1995,2746
"Lake County, OH",39085,1996,1996,2805
"Lake County, OH",39085,1997,1997,2755
"Lake County, OH",39085,1998,1998,2563
"Lake County, OH",39085,1999,1999,2658
"Lake County, OH",39085,2000,2000,2651
"Lake County, OH",39085,2001,2001,2640
"Lake County, OH",39085,2002,2002,2570
"Licking County, OH",39089,1995,1995,1863
"Licking County, OH",39089,1996,1996,1912
"Licking County, OH",39089,1997,1997,1795
"Licking County, OH",39089,1998,1998,1930
"Licking County, OH",39089,1999,1999,1999
"Licking County, OH",39089,2000,2000,1998
"Licking County, OH",39089,2001,2001,1948
"Licking County, OH",39089,2002,2002,2063
"Lorain County, OH",39093,1995,1995,4154
"Lorain County, OH",39093,1996,1996,3887
"Lorain County, OH",39093,1997,1997,3886
"Lorain County, OH",39093,1998,1998,3670
"Lorain County, OH",39093,1999,1999,3793
"Lorain County, OH",39093,2000,2000,3859
"Lorain County, OH",39093,2001,2001,3671
"Lorain County, OH",39093,2002,2002,3582
"Lucas County, OH",39095,1995,1995,6825
"Lucas County, OH",39095,1996,1996,6374
"Lucas County, OH",39095,1997,1997,6590
"Lucas County, OH",39095,1998,1998,6507
"Lucas County, OH",39095,1999,1999,6472
"Lucas County, OH",39095,2000,2000,6559
"Lucas County, OH",39095,2001,2001,6426
"Lucas County, OH",39095,2002,2002,6161
"Mahoning County, OH",39099,1995,1995,3374
"Mahoning County, OH",39099,1996,1996,3154
"Mahoning County, OH",39099,1997,1997,3017
"Mahoning County, OH",39099,1998,1998,3106
"Mahoning County, OH",39099,1999,1999,2989
"Mahoning County, OH",39099,2000,2000,2987
"Mahoning County, OH",39099,2001,2001,2961
"Mahoning County, OH",39099,2002,2002,2486
"Medina County, OH",39103,1995,1995,1788
"Medina County, OH",39103,1996,1996,1897
"Medina County, OH",39103,1997,1997,1832
"Medina County, OH",39103,1998,1998,1962
"Medina County, OH",39103,1999,1999,1902
"Medina County, OH",39103,2000,2000,2000
"Medina County, OH",39103,2001,2001,2076
"Medina County, OH",39103,2002,2002,2072
"Montgomery County, OH",39113,1995,1995,8014
"Montgomery County, OH",39113,1996,1996,7703
"Montgomery County, OH",39113,1997,1997,7800
"Montgomery County, OH",39113,1998,1998,7864
"Montgomery County, OH",39113,1999,1999,7765
"Montgomery County, OH",39113,2000,2000,7796
"Montgomery County, OH",39113,2001,2001,7461
"Montgomery County, OH",39113,2002,2002,7241
"Portage County, OH",39133,1995,1995,1810
"Portage County, OH",39133,1996,1996,1791
"Portage County, OH",39133,1997,1997,1838
"Portage County, OH",39133,1998,1998,1790
"Portage County, OH",39133,1999,1999,1705
"Portage County, OH",39133,2000,2000,1727
"Portage County, OH",39133,2001,2001,1672
"Portage County, OH",39133,2002,2002,1593
"Richland County, OH",39139,1995,1995,1733
"Richland County, OH",39139,1996,1996,1744
"Richland County, OH",39139,1997,1997,1678
"Richland County, OH",39139,1998,1998,1633
"Richland County, OH",39139,1999,1999,1692
"Richland County, OH",39139,2000,2000,1598
"Richland County, OH",39139,2001,2001,1642
"Richland County, OH",39139,2002,2002,1534
"Stark County, OH",39151,1995,1995,4856
"Stark County, OH",39151,1996,1996,4785
"Stark County, OH",39151,1997,1997,4819
"Stark County, OH",39151,1998,1998,4791
"Stark County, OH",39151,1999,1999,4827
"Stark County, OH",39151,2000,2000,4952
"Stark County, OH",39151,2001,2001,4681
"Stark County, OH",39151,2002,2002,4466
"Summit County, OH",39153,1995,1995,7335
"Summit County, OH",39153,1996,1996,7267
"Summit County, OH",39153,1997,1997,7230
"Summit County, OH",39153,1998,1998,7342
"Summit County, OH",39153,1999,1999,7083
"Summit County, OH",39153,2000,2000,7095
"Summit County, OH",39153,2001,2001,6978
"Summit County, OH",39153,2002,2002,6850
"Trumbull County, OH",39155,1995,1995,2803
"Trumbull County, OH",39155,1996,1996,2899
"Trumbull County, OH",39155,1997,1997,2731
"Trumbull County, OH",39155,1998,1998,2744
"Trumbull County, OH",39155,1999,1999,2707
"Trumbull County, OH",39155,2000,2000,2732
"Trumbull County, OH",39155,2001,2001,2649
"Trumbull County, OH",39155,2002,2002,2448
"Warren County, OH",39165,1995,1995,1926
"Warren County, OH",39165,1996,1996,1902
"Warren County, OH",39165,1997,1997,2037
"Warren County, OH",39165,1998,1998,2242
"Warren County, OH",39165,1999,1999,2321
"Warren County, OH",39165,2000,2000,2475
"Warren County, OH",39165,2001,2001,2499
"Warren County, OH",39165,2002,2002,2585
"Wayne County, OH",39169,1995,1995,1577
"Wayne County, OH",39169,1996,1996,1585
"Wayne County, OH",39169,1997,1997,1558
"Wayne County, OH",39169,1998,1998,1641
"Wayne County, OH",39169,1999,1999,1589
"Wayne County, OH",39169,2000,2000,1621
"Wayne County, OH",39169,2001,2001,1574
"Wayne County, OH",39169,2002,2002,1660
"Wood County, OH",39173,1995,1995,1374
"Wood County, OH",39173,1996,1996,1363
"Wood County, OH",39173,1997,1997,1305
"Wood County, OH",39173,1998,1998,1357
"Wood County, OH",39173,1999,1999,1356
"Wood County, OH",39173,2000,2000,1428
"Wood County, OH",39173,2001,2001,1365
"Wood County, OH",39173,2002,2002,1354
"Unidentified Counties, OH",39999,1995,1995,38561
"Unidentified Counties, OH",39999,1996,1996,38108
"Unidentified Counties, OH",39999,1997,1997,38349
"Unidentified Counties, OH",39999,1998,1998,38497
"Unidentified Counties, OH",39999,1999,1999,38881
"Unidentified Counties, OH",39999,2000,2000,39334
"Unidentified Counties, OH",39999,2001,2001,38378
"Unidentified Counties, OH",39999,2002,2002,38614
"Cleveland County, OK",40027,1995,1995,2257
"Cleveland County, OK",40027,1996,1996,2274
"Cleveland County, OK",40027,1997,1997,2371
"Cleveland County, OK",40027,1998,1998,2456
"Cleveland County, OK",40027,1999,1999,2349
"Cleveland County, OK",40027,2000,2000,2472
"Cleveland County, OK",40027,2001,2001,2490
"Cleveland County, OK",40027,2002,2002,2583
"Comanche County, OK",40031,1995,1995,2033
"Comanche County, OK",40031,1996,1996,1995
"Comanche County, OK",40031,1997,1997,2165
"Comanche County, OK",40031,1998,1998,2065
"Comanche County, OK",40031,1999,1999,1941
"Comanche County, OK",40031,2000,2000,1934
"Comanche County, OK",40031,2001,2001,1867
"Comanche County, OK",40031,2002,2002,1904
"Oklahoma County, OK",40109,1995,1995,9924
"Oklahoma County, OK",40109,1996,1996,10273
"Oklahoma County, OK",40109,1997,1997,10624
"Oklahoma County, OK",40109,1998,1998,10798
"Oklahoma County, OK",40109,1999,1999,10746
"Oklahoma County, OK",40109,2000,2000,10960
"Oklahoma County, OK",40109,2001,2001,11167
"Oklahoma County, OK",40109,2002,2002,11466
"Tulsa County, OK",40143,1995,1995,8077
"Tulsa County, OK",40143,1996,1996,8171
"Tulsa County, OK",40143,1997,1997,8737
"Tulsa County, OK",40143,1998,1998,9138
"Tulsa County, OK",40143,1999,1999,9190
"Tulsa County, OK",40143,2000,2000,9343
"Tulsa County, OK",40143,2001,2001,9287
"Tulsa County, OK",40143,2002,2002,9283
"Unidentified Counties, OK",40999,1995,1995,23381
"Unidentified Counties, OK",40999,1996,1996,23480
"Unidentified Counties, OK",40999,1997,1997,24372
"Unidentified Counties, OK",40999,1998,1998,25004
"Unidentified Counties, OK",40999,1999,1999,24784
"Unidentified Counties, OK",40999,2000,2000,25073
"Unidentified Counties, OK",40999,2001,2001,25307
"Unidentified Counties, OK",40999,2002,2002,25151
"Clackamas County, OR",41005,1995,1995,3921
"Clackamas County, OR",41005,1996,1996,4061
"Clackamas County, OR",41005,1997,1997,4082
"Clackamas County, OR",41005,1998,1998,4164
"Clackamas County, OR",41005,1999,1999,4108
"Clackamas County, OR",41005,2000,2000,4184
"Clackamas County, OR",41005,2001,2001,4119
"Clackamas County, OR",41005,2002,2002,4061
"Jackson County, OR",41029,1995,1995,2151
"Jackson County, OR",41029,1996,1996,2063
"Jackson County, OR",41029,1997,1997,2088
"Jackson County, OR",41029,1998,1998,2129
"Jackson County, OR",41029,1999,1999,2079
"Jackson County, OR",41029,2000,2000,2051
"Jackson County, OR",41029,2001,2001,2137
"Jackson County, OR",41029,2002,2002,2112
"Lane County, OR",41039,1995,1995,3647
"Lane County, OR",41039,1996,1996,3672
"Lane County, OR",41039,1997,1997,3573
"Lane County, OR",41039,1998,1998,3763
"Lane County, OR",41039,1999,1999,3753
"Lane County, OR",41039,2000,2000,3705
"Lane County, OR",41039,2001,2001,3585
"Lane County, OR",41039,2002,2002,3495
"Marion County, OR",41047,1995,1995,4238
"Marion County, OR",41047,1996,1996,4405
"Marion County, OR",41047,1997,1997,4430
"Marion County, OR",41047,1998,1998,4541
"Marion County, OR",41047,1999,1999,4545
"Marion County, OR",41047,2000,2000,4542
"Marion County, OR",41047,2001,2001,4555
"Marion County, OR",41047,2002,2002,4433
"Multnomah County, OR",41051,1995,1995,9015
"Multnomah County, OR",41051,1996,1996,9121
"Multnomah County, OR",41051,1997,1997,9012
"Multnomah County, OR",41051,1998,1998,9308
"Multnomah County, OR",41051,1999,1999,9222
"Multnomah County, OR",41051,2000,2000,9467
"Multnomah County, OR",41051,2001,2001,9253
"Multnomah County, OR",41051,2002,2002,9350
"Washington County, OR",41067,1995,1995,5973
"Washington County, OR",41067,1996,1996,6293
"Washington County, OR",41067,1997,1997,6541
"Washington County, OR",41067,1998,1998,6932
"Washington County, OR",41067,1999,1999,7101
"Washington County, OR",41067,2000,2000,7559
"Washington County, OR",41067,2001,2001,7509
"Washington County, OR",41067,2002,2002,7568
"Unidentified Counties, OR",41999,1995,1995,13866
"Unidentified Counties, OR",41999,1996,1996,14043
"Unidentified Counties, OR",41999,1997,1997,14083
"Unidentified Counties, OR",41999,1998,1998,14436
"Unidentified Counties, OR",41999,1999,1999,14396
"Unidentified Counties, OR",41999,2000,2000,14296
"Unidentified Counties, OR",41999,2001,2001,14164
"Unidentified Counties, OR",41999,2002,2002,14173
"Allegheny County, PA",42003,1995,1995,15537
"Allegheny County, PA",42003,1996,1996,14914
"Allegheny County, PA",42003,1997,1997,14715
"Allegheny County, PA",42003,1998,1998,14360
"Allegheny County, PA",42003,1999,1999,14445
"Allegheny County, PA",42003,2000,2000,14293
"Allegheny County, PA",42003,2001,2001,13922
"Allegheny County, PA",42003,2002,2002,13475
"Beaver County, PA",42007,1995,1995,2169
"Beaver County, PA",42007,1996,1996,2042
"Beaver County, PA",42007,1997,1997,1974
"Beaver County, PA",42007,1998,1998,1970
"Beaver County, PA",42007,1999,1999,1771
"Beaver County, PA",42007,2000,2000,1893
"Beaver County, PA",42007,2001,2001,1769
"Beaver County, PA",42007,2002,2002,1833
"Berks County, PA",42011,1995,1995,4487
"Berks County, PA",42011,1996,1996,4479
"Berks County, PA",42011,1997,1997,4343
"Berks County, PA",42011,1998,1998,4477
"Berks County, PA",42011,1999,1999,4510
"Berks County, PA",42011,2000,2000,4711
"Berks County, PA",42011,2001,2001,4647
"Berks County, PA",42011,2002,2002,4725
"Blair County, PA",42013,1995,1995,1508
"Blair County, PA",42013,1996,1996,1478
"Blair County, PA",42013,1997,1997,1406
"Blair County, PA",42013,1998,1998,1429
"Blair County, PA",42013,1999,1999,1503
"Blair County, PA",42013,2000,2000,1500
"Blair County, PA",42013,2001,2001,1414
"Blair County, PA",42013,2002,2002,1461
"Bucks County, PA",42017,1995,1995,7467
"Bucks County, PA",42017,1996,1996,7352
"Bucks County, PA",42017,1997,1997,7161
"Bucks County, PA",42017,1998,1998,7305
"Bucks County, PA",42017,1999,1999,7348
"Bucks County, PA",42017,2000,2000,7338
"Bucks County, PA",42017,2001,2001,7196
"Bucks County, PA",42017,2002,2002,7034
"Butler County, PA",42019,1995,1995,2118
"Butler County, PA",42019,1996,1996,2074
"Butler County, PA",42019,1997,1997,2090
"Butler County, PA",42019,1998,1998,2119
"Butler County, PA",42019,1999,1999,2157
"Butler County, PA",42019,2000,2000,2070
"Butler County, PA",42019,2001,2001,2163
"Butler County, PA",42019,2002,2002,1984
"Cambria County, PA",42021,1995,1995,1701
"Cambria County, PA",42021,1996,1996,1632
"Cambria County, PA",42021,1997,1997,1502
"Cambria County, PA",42021,1998,1998,1535
"Cambria County, PA",42021,1999,1999,1521
"Cambria County, PA",42021,2000,2000,1570
"Cambria County, PA",42021,2001,2001,1502
"Cambria County, PA",42021,2002,2002,1453
"Centre County, PA",42027,1995,1995,1345
"Centre County, PA",42027,1996,1996,1310
"Centre County, PA",42027,1997,1997,1231
"Centre County, PA",42027,1998,1998,1244
"Centre County, PA",42027,1999,1999,1241
"Centre County, PA",42027,2000,2000,1278
"Centre County, PA",42027,2001,2001,1208
"Centre County, PA",42027,2002,2002,1259
"Chester County, PA",42029,1995,1995,5467
"Chester County, PA",42029,1996,1996,5388
"Chester County, PA",42029,1997,1997,5369
"Chester County, PA",42029,1998,1998,5472
"Chester County, PA",42029,1999,1999,5818
"Chester County, PA",42029,2000,2000,5850
"Chester County, PA",42029,2001,2001,5754
"Chester County, PA",42029,2002,2002,5936
"Cumberland County, PA",42041,1995,1995,2267
"Cumberland County, PA",42041,1996,1996,2288
"Cumberland County, PA",42041,1997,1997,2174
"Cumberland County, PA",42041,1998,1998,2235
"Cumberland County, PA",42041,1999,1999,2259
"Cumberland County, PA",42041,2000,2000,2224
"Cumberland County, PA",42041,2001,2001,2225
"Cumberland County, PA",42041,2002,2002,2211
"Dauphin County, PA",42043,1995,1995,3294
"Dauphin County, PA",42043,1996,1996,3209
"Dauphin County, PA",42043,1997,1997,3240
"Dauphin County, PA",42043,1998,1998,3159
"Dauphin County, PA",42043,1999,1999,3136
"Dauphin County, PA",42043,2000,2000,3141
"Dauphin County, PA",42043,2001,2001,3213
"Dauphin County, PA",42043,2002,2002,3077
"Delaware County, PA",42045,1995,1995,7021
"Delaware County, PA",42045,1996,1996,7047
"Delaware County, PA",42045,1997,1997,6804
"Delaware County, PA",42045,1998,1998,7061
"Delaware County, PA",42045,1999,1999,6806
"Delaware County, PA",42045,2000,2000,6913
"Delaware County, PA",42045,2001,2001,6759
"Delaware County, PA",42045,2002,2002,6577
"Erie County, PA",42049,1995,1995,3679
"Erie County, PA",42049,1996,1996,3681
"Erie County, PA",42049,1997,1997,3476
"Erie County, PA",42049,1998,1998,3548
"Erie County, PA",42049,1999,1999,3529
"Erie County, PA",42049,2000,2000,3479
"Erie County, PA",42049,2001,2001,3371
"Erie County, PA",42049,2002,2002,3374
"Fayette County, PA",42051,1995,1995,1731
"Fayette County, PA",42051,1996,1996,1730
"Fayette County, PA",42051,1997,1997,1682
"Fayette County, PA",42051,1998,1998,1585
"Fayette County, PA",42051,1999,1999,1629
"Fayette County, PA",42051,2000,2000,1537
"Fayette County, PA",42051,2001,2001,1511
"Fayette County, PA",42051,2002,2002,1490
"Franklin County, PA",42055,1995,1995,1435
"Franklin County, PA",42055,1996,1996,1559
"Franklin County, PA",42055,1997,1997,1604
"Franklin County, PA",42055,1998,1998,1718
"Franklin County, PA",42055,1999,1999,1661
"Franklin County, PA",42055,2000,2000,1667
"Franklin County, PA",42055,2001,2001,1617
"Franklin County, PA",42055,2002,2002,1567
"Lackawanna County, PA",42069,1995,1995,2297
"Lackawanna County, PA",42069,1996,1996,2297
"Lackawanna County, PA",42069,1997,1997,2142
"Lackawanna County, PA",42069,1998,1998,2188
"Lackawanna County, PA",42069,1999,1999,2119
"Lackawanna County, PA",42069,2000,2000,2151
"Lackawanna County, PA",42069,2001,2001,2243
"Lackawanna County, PA",42069,2002,2002,2045
"Lancaster County, PA",42071,1995,1995,6630
"Lancaster County, PA",42071,1996,1996,6526
"Lancaster County, PA",42071,1997,1997,6445
"Lancaster County, PA",42071,1998,1998,6566
"Lancaster County, PA",42071,1999,1999,6778
"Lancaster County, PA",42071,2000,2000,6871
"Lancaster County, PA",42071,2001,2001,6641
"Lancaster County, PA",42071,2002,2002,6752
"Lebanon County, PA",42075,1995,1995,1454
"Lebanon County, PA",42075,1996,1996,1388
"Lebanon County, PA",42075,1997,1997,1447
"Lebanon County, PA",42075,1998,1998,1438
"Lebanon County, PA",42075,1999,1999,1426
"Lebanon County, PA",42075,2000,2000,1447
"Lebanon County, PA",42075,2001,2001,1378
"Lebanon County, PA",42075,2002,2002,1534
"Lehigh County, PA",42077,1995,1995,3610
"Lehigh County, PA",42077,1996,1996,3662
"Lehigh County, PA",42077,1997,1997,3629
"Lehigh County, PA",42077,1998,1998,3730
"Lehigh County, PA",42077,1999,1999,3774
"Lehigh County, PA",42077,2000,2000,3780
"Lehigh County, PA",42077,2001,2001,3704
"Lehigh County, PA",42077,2002,2002,3961
"Luzerne County, PA",42079,1995,1995,3351
"Luzerne County, PA",42079,1996,1996,3145
"Luzerne County, PA",42079,1997,1997,3064
"Luzerne County, PA",42079,1998,1998,3124
"Luzerne County, PA",42079,1999,1999,3029
"Luzerne County, PA",42079,2000,2000,3012
"Luzerne County, PA",42079,2001,2001,2936
"Luzerne County, PA",42079,2002,2002,2997
"Lycoming County, PA",42081,1995,1995,1496
"Lycoming County, PA",42081,1996,1996,1414
"Lycoming County, PA",42081,1997,1997,1295
"Lycoming County, PA",42081,1998,1998,1305
"Lycoming County, PA",42081,1999,1999,1349
"Lycoming County, PA",42081,2000,2000,1342
"Lycoming County, PA",42081,2001,2001,1291
"Lycoming County, PA",42081,2002,2002,1270
"Mercer County, PA",42085,1995,1995,1447
"Mercer County, PA",42085,1996,1996,1334
"Mercer County, PA",42085,1997,1997,1352
"Mercer County, PA",42085,1998,1998,1387
"Mercer County, PA",42085,1999,1999,1372
"Mercer County, PA",42085,2000,2000,1338
"Mercer County, PA",42085,2001,2001,1349
"Mercer County, PA",42085,2002,2002,1227
"Montgomery County, PA",42091,1995,1995,9915
"Montgomery County, PA",42091,1996,1996,9313
"Montgomery County, PA",42091,1997,1997,8980
"Montgomery County, PA",42091,1998,1998,9401
"Montgomery County, PA",42091,1999,1999,9207
"Montgomery County, PA",42091,2000,2000,9573
"Montgomery County, PA",42091,2001,2001,9483
"Montgomery County, PA",42091,2002,2002,9396
"Northampton County, PA",42095,1995,1995,2896
"Northampton County, PA",42095,1996,1996,2825
"Northampton County, PA",42095,1997,1997,2803
"Northampton County, PA",42095,1998,1998,2841
"Northampton County, PA",42095,1999,1999,2842
"Northampton County, PA",42095,2000,2000,2866
"Northampton County, PA",42095,2001,2001,2949
"Northampton County, PA",42095,2002,2002,2896
"Philadelphia County, PA",42101,1995,1995,24202
"Philadelphia County, PA",42101,1996,1996,22795
"Philadelphia County, PA",42101,1997,1997,22078
"Philadelphia County, PA",42101,1998,1998,22104
"Philadelphia County, PA",42101,1999,1999,21718
"Philadelphia County, PA",42101,2000,2000,21895
"Philadelphia County, PA",42101,2001,2001,21209
"Philadelphia County, PA",42101,2002,2002,21475
"Schuylkill County, PA",42107,1995,1995,1501
"Schuylkill County, PA",42107,1996,1996,1489
"Schuylkill County, PA",42107,1997,1997,1420
"Schuylkill County, PA",42107,1998,1998,1433
"Schuylkill County, PA",42107,1999,1999,1429
"Schuylkill County, PA",42107,2000,2000,1437
"Schuylkill County, PA",42107,2001,2001,1471
"Schuylkill County, PA",42107,2002,2002,1392
"Washington County, PA",42125,1995,1995,2288
"Washington County, PA",42125,1996,1996,2280
"Washington County, PA",42125,1997,1997,2173
"Washington County, PA",42125,1998,1998,2222
"Washington County, PA",42125,1999,1999,2089
"Washington County, PA",42125,2000,2000,2112
"Washington County, PA",42125,2001,2001,2030
"Washington County, PA",42125,2002,2002,2072
"Westmoreland County, PA",42129,1995,1995,3935
"Westmoreland County, PA",42129,1996,1996,3908
"Westmoreland County, PA",42129,1997,1997,3758
"Westmoreland County, PA",42129,1998,1998,3758
"Westmoreland County, PA",42129,1999,1999,3585
"Westmoreland County, PA",42129,2000,2000,3591
"Westmoreland County, PA",42129,2001,2001,3354
"Westmoreland County, PA",42129,2002,2002,3490
"York County, PA",42133,1995,1995,4406
"York County, PA",42133,1996,1996,4505
"York County, PA",42133,1997,1997,4445
"York County, PA",42133,1998,1998,4463
"York County, PA",42133,1999,1999,4489
"York County, PA",42133,2000,2000,4526
"York County, PA",42133,2001,2001,4629
"York County, PA",42133,2002,2002,4578
"Unidentified Counties, PA",42999,1995,1995,21196
"Unidentified Counties, PA",42999,1996,1996,21274
"Unidentified Counties, PA",42999,1997,1997,20422
"Unidentified Counties, PA",42999,1998,1998,20722
"Unidentified Counties, PA",42999,1999,1999,20807
"Unidentified Counties, PA",42999,2000,2000,20876
"Unidentified Counties, PA",42999,2001,2001,20557
"Unidentified Counties, PA",42999,2002,2002,20309
"Kent County, RI",44003,1995,1995,1989
"Kent County, RI",44003,1996,1996,1943
"Kent County, RI",44003,1997,1997,1814
"Kent County, RI",44003,1998,1998,1881
"Kent County, RI",44003,1999,1999,1808
"Kent County, RI",44003,2000,2000,1929
"Kent County, RI",44003,2001,2001,1853
"Kent County, RI",44003,2002,2002,1859
"Providence County, RI",44007,1995,1995,7858
"Providence County, RI",44007,1996,1996,7827
"Providence County, RI",44007,1997,1997,7786
"Providence County, RI",44007,1998,1998,7852
"Providence County, RI",44007,1999,1999,7772
"Providence County, RI",44007,2000,2000,7879
"Providence County, RI",44007,2001,2001,8088
"Providence County, RI",44007,2002,2002,8314
"Washington County, RI",44009,1995,1995,1367
"Washington County, RI",44009,1996,1996,1376
"Washington County, RI",44009,1997,1997,1367
"Washington County, RI",44009,1998,1998,1359
"Washington County, RI",44009,1999,1999,1372
"Washington County, RI",44009,2000,2000,1249
"Washington County, RI",44009,2001,2001,1345
"Washington County, RI",44009,2002,2002,1277
"Unidentified Counties, RI",44999,1995,1995,1562
"Unidentified Counties, RI",44999,1996,1996,1506
"Unidentified Counties, RI",44999,1997,1997,1488
"Unidentified Counties, RI",44999,1998,1998,1507
"Unidentified Counties, RI",44999,1999,1999,1414
"Unidentified Counties, RI",44999,2000,2000,1448
"Unidentified Counties, RI",44999,2001,2001,1427
"Unidentified Counties, RI",44999,2002,2002,1444
"Aiken County, SC",45003,1995,1995,1879
"Aiken County, SC",45003,1996,1996,1849
"Aiken County, SC",45003,1997,1997,1878
"Aiken County, SC",45003,1998,1998,1818
"Aiken County, SC",45003,1999,1999,1828
"Aiken County, SC",45003,2000,2000,1943
"Aiken County, SC",45003,2001,2001,1890
"Aiken County, SC",45003,2002,2002,1827
"Anderson County, SC",45007,1995,1995,2068
"Anderson County, SC",45007,1996,1996,2071
"Anderson County, SC",45007,1997,1997,2104
"Anderson County, SC",45007,1998,1998,2145
"Anderson County, SC",45007,1999,1999,2194
"Anderson County, SC",45007,2000,2000,2218
"Anderson County, SC",45007,2001,2001,2246
"Anderson County, SC",45007,2002,2002,2144
"Berkeley County, SC",45015,1995,1995,2016
"Berkeley County, SC",45015,1996,1996,1964
"Berkeley County, SC",45015,1997,1997,1959
"Berkeley County, SC",45015,1998,1998,2018
"Berkeley County, SC",45015,1999,1999,2190
"Berkeley County, SC",45015,2000,2000,2115
"Berkeley County, SC",45015,2001,2001,2192
"Berkeley County, SC",45015,2002,2002,2104
"Charleston County, SC",45019,1995,1995,4139
"Charleston County, SC",45019,1996,1996,4014
"Charleston County, SC",45019,1997,1997,4187
"Charleston County, SC",45019,1998,1998,4403
"Charleston County, SC",45019,1999,1999,4493
"Charleston County, SC",45019,2000,2000,4588
"Charleston County, SC",45019,2001,2001,4571
"Charleston County, SC",45019,2002,2002,4539
"Florence County, SC",45041,1995,1995,1740
"Florence County, SC",45041,1996,1996,1761
"Florence County, SC",45041,1997,1997,1730
"Florence County, SC",45041,1998,1998,1871
"Florence County, SC",45041,1999,1999,1888
"Florence County, SC",45041,2000,2000,1867
"Florence County, SC",45041,2001,2001,1906
"Florence County, SC",45041,2002,2002,1844
"Greenville County, SC",45045,1995,1995,4767
"Greenville County, SC",45045,1996,1996,4906
"Greenville County, SC",45045,1997,1997,4919
"Greenville County, SC",45045,1998,1998,5176
"Greenville County, SC",45045,1999,1999,5364
"Greenville County, SC",45045,2000,2000,5390
"Greenville County, SC",45045,2001,2001,5524
"Greenville County, SC",45045,2002,2002,5399
"Horry County, SC",45051,1995,1995,1989
"Horry County, SC",45051,1996,1996,2046
"Horry County, SC",45051,1997,1997,2064
"Horry County, SC",45051,1998,1998,2325
"Horry County, SC",45051,1999,1999,2349
"Horry County, SC",45051,2000,2000,2570
"Horry County, SC",45051,2001,2001,2588
"Horry County, SC",45051,2002,2002,2531
"Lexington County, SC",45063,1995,1995,2688
"Lexington County, SC",45063,1996,1996,2897
"Lexington County, SC",45063,1997,1997,2934
"Lexington County, SC",45063,1998,1998,3027
"Lexington County, SC",45063,1999,1999,2971
"Lexington County, SC",45063,2000,2000,3003
"Lexington County, SC",45063,2001,2001,2939
"Lexington County, SC",45063,2002,2002,3025
"Richland County, SC",45079,1995,1995,3976
"Richland County, SC",45079,1996,1996,4130
"Richland County, SC",45079,1997,1997,4159
"Richland County, SC",45079,1998,1998,4292
"Richland County, SC",45079,1999,1999,4367
"Richland County, SC",45079,2000,2000,4464
"Richland County, SC",45079,2001,2001,4247
"Richland County, SC",45079,2002,2002,4379
"Spartanburg County, SC",45083,1995,1995,3252
"Spartanburg County, SC",45083,1996,1996,3332
"Spartanburg County, SC",45083,1997,1997,3222
"Spartanburg County, SC",45083,1998,1998,3288
"Spartanburg County, SC",45083,1999,1999,3263
"Spartanburg County, SC",45083,2000,2000,3344
"Spartanburg County, SC",45083,2001,2001,3444
"Spartanburg County, SC",45083,2002,2002,3434
"Sumter County, SC",45085,1995,1995,1600
"Sumter County, SC",45085,1996,1996,1649
"Sumter County, SC",45085,1997,1997,1641
"Sumter County, SC",45085,1998,1998,1701
"Sumter County, SC",45085,1999,1999,1675
"Sumter County, SC",45085,2000,2000,1742
"Sumter County, SC",45085,2001,2001,1607
"Sumter County, SC",45085,2002,2002,1575
"York County, SC",45091,1995,1995,1975
"York County, SC",45091,1996,1996,1951
"York County, SC",45091,1997,1997,2100
"York County, SC",45091,1998,1998,2133
"York County, SC",45091,1999,1999,2263
"York County, SC",45091,2000,2000,2310
"York County, SC",45091,2001,2001,2340
"York County, SC",45091,2002,2002,2384
"Unidentified Counties, SC",45999,1995,1995,18837
"Unidentified Counties, SC",45999,1996,1996,18547
"Unidentified Counties, SC",45999,1997,1997,19317
"Unidentified Counties, SC",45999,1998,1998,19680
"Unidentified Counties, SC",45999,1999,1999,20103
"Unidentified Counties, SC",45999,2000,2000,20560
"Unidentified Counties, SC",45999,2001,2001,20262
"Unidentified Counties, SC",45999,2002,2002,19385
"Minnehaha County, SD",46099,1995,1995,2073
"Minnehaha County, SD",46099,1996,1996,2111
"Minnehaha County, SD",46099,1997,1997,2125
"Minnehaha County, SD",46099,1998,1998,2068
"Minnehaha County, SD",46099,1999,1999,2339
"Minnehaha County, SD",46099,2000,2000,2310
"Minnehaha County, SD",46099,2001,2001,2302
"Minnehaha County, SD",46099,2002,2002,2480
"Unidentified Counties, SD",46999,1995,1995,8402
"Unidentified Counties, SD",46999,1996,1996,8362
"Unidentified Counties, SD",46999,1997,1997,8048
"Unidentified Counties, SD",46999,1998,1998,8220
"Unidentified Counties, SD",46999,1999,1999,8185
"Unidentified Counties, SD",46999,2000,2000,8035
"Unidentified Counties, SD",46999,2001,2001,8181
"Unidentified Counties, SD",46999,2002,2002,8218
"Davidson County, TN",47037,1995,1995,8218
"Davidson County, TN",47037,1996,1996,8245
"Davidson County, TN",47037,1997,1997,8360
"Davidson County, TN",47037,1998,1998,8504
"Davidson County, TN",47037,1999,1999,8524
"Davidson County, TN",47037,2000,2000,8983
"Davidson County, TN",47037,2001,2001,8772
"Davidson County, TN",47037,2002,2002,8777
"Hamilton County, TN",47065,1995,1995,3861
"Hamilton County, TN",47065,1996,1996,3819
"Hamilton County, TN",47065,1997,1997,3774
"Hamilton County, TN",47065,1998,1998,3855
"Hamilton County, TN",47065,1999,1999,3799
"Hamilton County, TN",47065,2000,2000,4034
"Hamilton County, TN",47065,2001,2001,4045
"Hamilton County, TN",47065,2002,2002,3882
"Knox County, TN",47093,1995,1995,4655
"Knox County, TN",47093,1996,1996,4712
"Knox County, TN",47093,1997,1997,4683
"Knox County, TN",47093,1998,1998,4753
"Knox County, TN",47093,1999,1999,4740
"Knox County, TN",47093,2000,2000,4797
"Knox County, TN",47093,2001,2001,4816
"Knox County, TN",47093,2002,2002,4692
"Montgomery County, TN",47125,1995,1995,2330
"Montgomery County, TN",47125,1996,1996,2351
"Montgomery County, TN",47125,1997,1997,2400
"Montgomery County, TN",47125,1998,1998,2399
"Montgomery County, TN",47125,1999,1999,2394
"Montgomery County, TN",47125,2000,2000,2517
"Montgomery County, TN",47125,2001,2001,2351
"Montgomery County, TN",47125,2002,2002,2364
"Rutherford County, TN",47149,1995,1995,2266
"Rutherford County, TN",47149,1996,1996,2441
"Rutherford County, TN",47149,1997,1997,2490
"Rutherford County, TN",47149,1998,1998,2675
"Rutherford County, TN",47149,1999,1999,2714
"Rutherford County, TN",47149,2000,2000,2794
"Rutherford County, TN",47149,2001,2001,3040
"Rutherford County, TN",47149,2002,2002,2980
"Shelby County, TN",47157,1995,1995,14701
"Shelby County, TN",47157,1996,1996,14691
"Shelby County, TN",47157,1997,1997,14747
"Shelby County, TN",47157,1998,1998,15205
"Shelby County, TN",47157,1999,1999,14749
"Shelby County, TN",47157,2000,2000,14752
"Shelby County, TN",47157,2001,2001,14400
"Shelby County, TN",47157,2002,2002,14208
"Sullivan County, TN",47163,1995,1995,1787
"Sullivan County, TN",47163,1996,1996,1702
"Sullivan County, TN",47163,1997,1997,1667
"Sullivan County, TN",47163,1998,1998,1785
"Sullivan County, TN",47163,1999,1999,1659
"Sullivan County, TN",47163,2000,2000,1814
"Sullivan County, TN",47163,2001,2001,1681
"Sullivan County, TN",47163,2002,2002,1573
"Sumner County, TN",47165,1995,1995,1485
"Sumner County, TN",47165,1996,1996,1559
"Sumner County, TN",47165,1997,1997,1623
"Sumner County, TN",47165,1998,1998,1639
"Sumner County, TN",47165,1999,1999,1831
"Sumner County, TN",47165,2000,2000,1782
"Sumner County, TN",47165,2001,2001,1803
"Sumner County, TN",47165,2002,2002,1795
"Unidentified Counties, TN",47999,1995,1995,33870
"Unidentified Counties, TN",47999,1996,1996,34234
"Unidentified Counties, TN",47999,1997,1997,34734
"Unidentified Counties, TN",47999,1998,1998,36581
"Unidentified Counties, TN",47999,1999,1999,37393
"Unidentified Counties, TN",47999,2000,2000,38138
"Unidentified Counties, TN",47999,2001,2001,37432
"Unidentified Counties, TN",47999,2002,2002,37211
"Bell County, TX",48027,1995,1995,4960
"Bell County, TX",48027,1996,1996,5119
"Bell County, TX",48027,1997,1997,5101
"Bell County, TX",48027,1998,1998,5202
"Bell County, TX",48027,1999,1999,5003
"Bell County, TX",48027,2000,2000,5389
"Bell County, TX",48027,2001,2001,5333
"Bell County, TX",48027,2002,2002,5592
"Bexar County, TX",48029,1995,1995,22561
"Bexar County, TX",48029,1996,1996,22878
"Bexar County, TX",48029,1997,1997,22958
"Bexar County, TX",48029,1998,1998,23370
"Bexar County, TX",48029,1999,1999,23599
"Bexar County, TX",48029,2000,2000,24038
"Bexar County, TX",48029,2001,2001,23747
"Bexar County, TX",48029,2002,2002,25028
"Brazoria County, TX",48039,1995,1995,3373
"Brazoria County, TX",48039,1996,1996,3395
"Brazoria County, TX",48039,1997,1997,3546
"Brazoria County, TX",48039,1998,1998,3600
"Brazoria County, TX",48039,1999,1999,3855
"Brazoria County, TX",48039,2000,2000,3992
"Brazoria County, TX",48039,2001,2001,4155
"Brazoria County, TX",48039,2002,2002,4262
"Brazos County, TX",48041,1995,1995,1919
"Brazos County, TX",48041,1996,1996,1964
"Brazos County, TX",48041,1997,1997,1994
"Brazos County, TX",48041,1998,1998,2064
"Brazos County, TX",48041,1999,1999,2116
"Brazos County, TX",48041,2000,2000,2227
"Brazos County, TX",48041,2001,2001,2210
"Brazos County, TX",48041,2002,2002,2289
"Cameron County, TX",48061,1995,1995,7717
"Cameron County, TX",48061,1996,1996,7738
"Cameron County, TX",48061,1997,1997,7641
"Cameron County, TX",48061,1998,1998,7886
"Cameron County, TX",48061,1999,1999,8028
"Cameron County, TX",48061,2000,2000,8318
"Cameron County, TX",48061,2001,2001,8391
"Cameron County, TX",48061,2002,2002,8639
"Collin County, TX",48085,1995,1995,5832
"Collin County, TX",48085,1996,1996,6431
"Collin County, TX",48085,1997,1997,6817
"Collin County, TX",48085,1998,1998,7303
"Collin County, TX",48085,1999,1999,8035
"Collin County, TX",48085,2000,2000,8678
"Collin County, TX",48085,2001,2001,9466
"Collin County, TX",48085,2002,2002,9487
"Dallas County, TX",48113,1995,1995,36832
"Dallas County, TX",48113,1996,1996,38108
"Dallas County, TX",48113,1997,1997,38695
"Dallas County, TX",48113,1998,1998,39833
"Dallas County, TX",48113,1999,1999,40690
"Dallas County, TX",48113,2000,2000,42451
"Dallas County, TX",48113,2001,2001,42931
"Dallas County, TX",48113,2002,2002,42864
"Denton County, TX",48121,1995,1995,5634
"Denton County, TX",48121,1996,1996,5859
"Denton County, TX",48121,1997,1997,5914
"Denton County, TX",48121,1998,1998,6386
"Denton County, TX",48121,1999,1999,6793
"Denton County, TX",48121,2000,2000,7434
"Denton County, TX",48121,2001,2001,7906
"Denton County, TX",48121,2002,2002,8360
"Ector County, TX",48135,1995,1995,2068
"Ector County, TX",48135,1996,1996,2091
"Ector County, TX",48135,1997,1997,2263
"Ector County, TX",48135,1998,1998,2205
"Ector County, TX",48135,1999,1999,2256
"Ector County, TX",48135,2000,2000,2147
"Ector County, TX",48135,2001,2001,2186
"Ector County, TX",48135,2002,2002,2279
"El Paso County, TX",48141,1995,1995,15402
"El Paso County, TX",48141,1996,1996,14915
"El Paso County, TX",48141,1997,1997,14482
"El Paso County, TX",48141,1998,1998,14518
"El Paso County, TX",48141,1999,1999,13964
"El Paso County, TX",48141,2000,2000,14293
"El Paso County, TX",48141,2001,2001,14206
"El Paso County, TX",48141,2002,2002,14061
"Fort Bend County, TX",48157,1995,1995,4129
"Fort Bend County, TX",48157,1996,1996,4209
"Fort Bend County, TX",48157,1997,1997,4451
"Fort Bend County, TX",48157,1998,1998,4587
"Fort Bend County, TX",48157,1999,1999,4874
"Fort Bend County, TX",48157,2000,2000,5246
"Fort Bend County, TX",48157,2001,2001,5300
"Fort Bend County, TX",48157,2002,2002,5612
"Galveston County, TX",48167,1995,1995,3526
"Galveston County, TX",48167,1996,1996,3614
"Galveston County, TX",48167,1997,1997,3567
"Galveston County, TX",48167,1998,1998,3656
"Galveston County, TX",48167,1999,1999,3708
"Galveston County, TX",48167,2000,2000,3806
"Galveston County, TX",48167,2001,2001,3720
"Galveston County, TX",48167,2002,2002,3872
"Gregg County, TX",48183,1995,1995,1678
"Gregg County, TX",48183,1996,1996,1780
"Gregg County, TX",48183,1997,1997,1751
"Gregg County, TX",48183,1998,1998,1762
"Gregg County, TX",48183,1999,1999,1766
"Gregg County, TX",48183,2000,2000,1782
"Gregg County, TX",48183,2001,2001,1767
"Gregg County, TX",48183,2002,2002,1946
"Harris County, TX",48201,1995,1995,57074
"Harris County, TX",48201,1996,1996,58598
"Harris County, TX",48201,1997,1997,59190
"Harris County, TX",48201,1998,1998,60077
"Harris County, TX",48201,1999,1999,61079
"Harris County, TX",48201,2000,2000,63327
"Harris County, TX",48201,2001,2001,63467
"Harris County, TX",48201,2002,2002,65405
"Hidalgo County, TX",48215,1995,1995,12885
"Hidalgo County, TX",48215,1996,1996,13052
"Hidalgo County, TX",48215,1997,1997,13084
"Hidalgo County, TX",48215,1998,1998,13660
"Hidalgo County, TX",48215,1999,1999,14094
"Hidalgo County, TX",48215,2000,2000,15361
"Hidalgo County, TX",48215,2001,2001,15084
"Hidalgo County, TX",48215,2002,2002,15675
"Jefferson County, TX",48245,1995,1995,3552
"Jefferson County, TX",48245,1996,1996,3425
"Jefferson County, TX",48245,1997,1997,3411
"Jefferson County, TX",48245,1998,1998,3485
"Jefferson County, TX",48245,1999,1999,3502
"Jefferson County, TX",48245,2000,2000,3555
"Jefferson County, TX",48245,2001,2001,3318
"Jefferson County, TX",48245,2002,2002,3389
"Lubbock County, TX",48303,1995,1995,3639
"Lubbock County, TX",48303,1996,1996,3793
"Lubbock County, TX",48303,1997,1997,3654
"Lubbock County, TX",48303,1998,1998,3722
"Lubbock County, TX",48303,1999,1999,3784
"Lubbock County, TX",48303,2000,2000,3855
"Lubbock County, TX",48303,2001,2001,3826
"Lubbock County, TX",48303,2002,2002,3948
"McLennan County, TX",48309,1995,1995,3104
"McLennan County, TX",48309,1996,1996,3077
"McLennan County, TX",48309,1997,1997,3089
"McLennan County, TX",48309,1998,1998,3320
"McLennan County, TX",48309,1999,1999,3168
"McLennan County, TX",48309,2000,2000,3288
"McLennan County, TX",48309,2001,2001,3225
"McLennan County, TX",48309,2002,2002,3289
"Midland County, TX",48329,1995,1995,1840
"Midland County, TX",48329,1996,1996,1891
"Midland County, TX",48329,1997,1997,1922
"Midland County, TX",48329,1998,1998,1903
"Midland County, TX",48329,1999,1999,1858
"Midland County, TX",48329,2000,2000,1844
"Midland County, TX",48329,2001,2001,1791
"Midland County, TX",48329,2002,2002,1851
"Montgomery County, TX",48339,1995,1995,3454
"Montgomery County, TX",48339,1996,1996,3624
"Montgomery County, TX",48339,1997,1997,3859
"Montgomery County, TX",48339,1998,1998,4098
"Montgomery County, TX",48339,1999,1999,4393
"Montgomery County, TX",48339,2000,2000,4662
"Montgomery County, TX",48339,2001,2001,4806
"Montgomery County, TX",48339,2002,2002,4988
"Nueces County, TX",48355,1995,1995,5339
"Nueces County, TX",48355,1996,1996,5136
"Nueces County, TX",48355,1997,1997,5397
"Nueces County, TX",48355,1998,1998,5277
"Nueces County, TX",48355,1999,1999,5261
"Nueces County, TX",48355,2000,2000,5250
"Nueces County, TX",48355,2001,2001,5187
"Nueces County, TX",48355,2002,2002,5004
"Smith County, TX",48423,1995,1995,2465
"Smith County, TX",48423,1996,1996,2529
"Smith County, TX",48423,1997,1997,2496
"Smith County, TX",48423,1998,1998,2529
"Smith County, TX",48423,1999,1999,2587
"Smith County, TX",48423,2000,2000,2653
"Smith County, TX",48423,2001,2001,2678
"Smith County, TX",48423,2002,2002,2748
"Tarrant County, TX",48439,1995,1995,21687
"Tarrant County, TX",48439,1996,1996,22332
"Tarrant County, TX",48439,1997,1997,22607
"Tarrant County, TX",48439,1998,1998,23357
"Tarrant County, TX",48439,1999,1999,24431
"Tarrant County, TX",48439,2000,2000,25432
"Tarrant County, TX",48439,2001,2001,26375
"Tarrant County, TX",48439,2002,2002,26819
"Taylor County, TX",48441,1995,1995,1964
"Taylor County, TX",48441,1996,1996,1944
"Taylor County, TX",48441,1997,1997,2028
"Taylor County, TX",48441,1998,1998,2025
"Taylor County, TX",48441,1999,1999,2078
"Taylor County, TX",48441,2000,2000,2049
"Taylor County, TX",48441,2001,2001,2025
"Taylor County, TX",48441,2002,2002,1965
"Travis County, TX",48453,1995,1995,11281
"Travis County, TX",48453,1996,1996,11577
"Travis County, TX",48453,1997,1997,11939
"Travis County, TX",48453,1998,1998,12617
"Travis County, TX",48453,1999,1999,13269
"Travis County, TX",48453,2000,2000,14476
"Travis County, TX",48453,2001,2001,14604
"Travis County, TX",48453,2002,2002,14435
"Webb County, TX",48479,1995,1995,4968
"Webb County, TX",48479,1996,1996,5077
"Webb County, TX",48479,1997,1997,5145
"Webb County, TX",48479,1998,1998,5341
"Webb County, TX",48479,1999,1999,5447
"Webb County, TX",48479,2000,2000,5777
"Webb County, TX",48479,2001,2001,5940
"Webb County, TX",48479,2002,2002,5941
"Wichita County, TX",48485,1995,1995,1855
"Wichita County, TX",48485,1996,1996,2040
"Wichita County, TX",48485,1997,1997,1878
"Wichita County, TX",48485,1998,1998,1906
"Wichita County, TX",48485,1999,1999,1892
"Wichita County, TX",48485,2000,2000,1896
"Wichita County, TX",48485,2001,2001,1899
"Wichita County, TX",48485,2002,2002,1895
"Williamson County, TX",48491,1995,1995,2887
"Williamson County, TX",48491,1996,1996,3212
"Williamson County, TX",48491,1997,1997,3414
"Williamson County, TX",48491,1998,1998,3710
"Williamson County, TX",48491,1999,1999,3929
"Williamson County, TX",48491,2000,2000,4450
"Williamson County, TX",48491,2001,2001,4784
"Williamson County, TX",48491,2002,2002,4984
"Unidentified Counties, TX",48999,1995,1995,69128
"Unidentified Counties, TX",48999,1996,1996,70998
"Unidentified Counties, TX",48999,1997,1997,71681
"Unidentified Counties, TX",48999,1998,1998,72884
"Unidentified Counties, TX",48999,1999,1999,73786
"Unidentified Counties, TX",48999,2000,2000,75738
"Unidentified Counties, TX",48999,2001,2001,75083
"Unidentified Counties, TX",48999,2002,2002,75823
"Davis County, UT",49011,1995,1995,4130
"Davis County, UT",49011,1996,1996,4318
"Davis County, UT",49011,1997,1997,4517
"Davis County, UT",49011,1998,1998,4679
"Davis County, UT",49011,1999,1999,4783
"Davis County, UT",49011,2000,2000,4836
"Davis County, UT",49011,2001,2001,5045
"Davis County, UT",49011,2002,2002,5102
"Salt Lake County, UT",49035,1995,1995,15702
"Salt Lake County, UT",49035,1996,1996,16666
"Salt Lake County, UT",49035,1997,1997,16730
"Salt Lake County, UT",49035,1998,1998,17376
"Salt Lake County, UT",49035,1999,1999,17627
"Salt Lake County, UT",49035,2000,2000,18337
"Salt Lake County, UT",49035,2001,2001,18109
"Salt Lake County, UT",49035,2002,2002,18567
"Utah County, UT",49049,1995,1995,7933
"Utah County, UT",49049,1996,1996,8377
"Utah County, UT",49049,1997,1997,8715
"Utah County, UT",49049,1998,1998,9236
"Utah County, UT",49049,1999,1999,9823
"Utah County, UT",49049,2000,2000,9873
"Utah County, UT",49049,2001,2001,10252
"Utah County, UT",49049,2002,2002,10601
"Weber County, UT",49057,1995,1995,3447
"Weber County, UT",49057,1996,1996,3697
"Weber County, UT",49057,1997,1997,3570
"Weber County, UT",49057,1998,1998,3846
"Weber County, UT",49057,1999,1999,3801
"Weber County, UT",49057,2000,2000,3943
"Weber County, UT",49057,2001,2001,3963
"Weber County, UT",49057,2002,2002,4048
"Unidentified Counties, UT",49999,1995,1995,8365
"Unidentified Counties, UT",49999,1996,1996,9029
"Unidentified Counties, UT",49999,1997,1997,9527
"Unidentified Counties, UT",49999,1998,1998,10028
"Unidentified Counties, UT",49999,1999,1999,10256
"Unidentified Counties, UT",49999,2000,2000,10364
"Unidentified Counties, UT",49999,2001,2001,10590
"Unidentified Counties, UT",49999,2002,2002,10864
"Chittenden County, VT",50007,1995,1995,1748
"Chittenden County, VT",50007,1996,1996,1685
"Chittenden County, VT",50007,1997,1997,1738
"Chittenden County, VT",50007,1998,1998,1648
"Chittenden County, VT",50007,1999,1999,1695
"Chittenden County, VT",50007,2000,2000,1677
"Chittenden County, VT",50007,2001,2001,1631
"Chittenden County, VT",50007,2002,2002,1600
"Unidentified Counties, VT",50999,1995,1995,5035
"Unidentified Counties, VT",50999,1996,1996,5082
"Unidentified Counties, VT",50999,1997,1997,4869
"Unidentified Counties, VT",50999,1998,1998,4934
"Unidentified Counties, VT",50999,1999,1999,4872
"Unidentified Counties, VT",50999,2000,2000,4823
"Unidentified Counties, VT",50999,2001,2001,4735
"Unidentified Counties, VT",50999,2002,2002,4787
"Arlington County, VA",51013,1995,1995,2555
"Arlington County, VA",51013,1996,1996,2732
"Arlington County, VA",51013,1997,1997,2676
"Arlington County, VA",51013,1998,1998,2709
"Arlington County, VA",51013,1999,1999,2656
"Arlington County, VA",51013,2000,2000,2710
"Arlington County, VA",51013,2001,2001,2885
"Arlington County, VA",51013,2002,2002,2813
"Chesterfield County, VA",51041,1995,1995,3226
"Chesterfield County, VA",51041,1996,1996,3289
"Chesterfield County, VA",51041,1997,1997,3123
"Chesterfield County, VA",51041,1998,1998,3373
"Chesterfield County, VA",51041,1999,1999,3226
"Chesterfield County, VA",51041,2000,2000,3404
"Chesterfield County, VA",51041,2001,2001,3337
"Chesterfield County, VA",51041,2002,2002,3337
"Fairfax County, VA",51059,1995,1995,12592
"Fairfax County, VA",51059,1996,1996,13285
"Fairfax County, VA",51059,1997,1997,12850
"Fairfax County, VA",51059,1998,1998,13471
"Fairfax County, VA",51059,1999,1999,13582
"Fairfax County, VA",51059,2000,2000,14315
"Fairfax County, VA",51059,2001,2001,14598
"Fairfax County, VA",51059,2002,2002,14412
"Henrico County, VA",51087,1995,1995,3415
"Henrico County, VA",51087,1996,1996,3376
"Henrico County, VA",51087,1997,1997,3223
"Henrico County, VA",51087,1998,1998,3542
"Henrico County, VA",51087,1999,1999,3634
"Henrico County, VA",51087,2000,2000,3693
"Henrico County, VA",51087,2001,2001,3577
"Henrico County, VA",51087,2002,2002,3702
"Prince William County, VA",51153,1995,1995,3927
"Prince William County, VA",51153,1996,1996,4282
"Prince William County, VA",51153,1997,1997,4445
"Prince William County, VA",51153,1998,1998,4631
"Prince William County, VA",51153,1999,1999,4697
"Prince William County, VA",51153,2000,2000,5029
"Prince William County, VA",51153,2001,2001,5444
"Prince William County, VA",51153,2002,2002,5633
"Alexandria city, VA",51510,1995,1995,1678
"Alexandria city, VA",51510,1996,1996,1783
"Alexandria city, VA",51510,1997,1997,2270
"Alexandria city, VA",51510,1998,1998,2243
"Alexandria city, VA",51510,1999,1999,2491
"Alexandria city, VA",51510,2000,2000,2569
"Alexandria city, VA",51510,2001,2001,2619
"Alexandria city, VA",51510,2002,2002,2569
"Chesapeake city, VA",51550,1995,1995,2751
"Chesapeake city, VA",51550,1996,1996,2706
"Chesapeake city, VA",51550,1997,1997,2718
"Chesapeake city, VA",51550,1998,1998,2822
"Chesapeake city, VA",51550,1999,1999,2803
"Chesapeake city, VA",51550,2000,2000,2830
"Chesapeake city, VA",51550,2001,2001,2742
"Chesapeake city, VA",51550,2002,2002,2742
"Hampton city, VA",51650,1995,1995,2192
"Hampton city, VA",51650,1996,1996,2092
"Hampton city, VA",51650,1997,1997,2044
"Hampton city, VA",51650,1998,1998,2038
"Hampton city, VA",51650,1999,1999,2031
"Hampton city, VA",51650,2000,2000,2014
"Hampton city, VA",51650,2001,2001,1928
"Hampton city, VA",51650,2002,2002,1868
"Newport News city, VA",51700,1995,1995,4281
"Newport News city, VA",51700,1996,1996,3208
"Newport News city, VA",51700,1997,1997,3052
"Newport News city, VA",51700,1998,1998,3127
"Newport News city, VA",51700,1999,1999,3185
"Newport News city, VA",51700,2000,2000,3145
"Newport News city, VA",51700,2001,2001,3197
"Newport News city, VA",51700,2002,2002,3173
"Norfolk city, VA",51710,1995,1995,4372
"Norfolk city, VA",51710,1996,1996,4093
"Norfolk city, VA",51710,1997,1997,3927
"Norfolk city, VA",51710,1998,1998,4033
"Norfolk city, VA",51710,1999,1999,3861
"Norfolk city, VA",51710,2000,2000,4001
"Norfolk city, VA",51710,2001,2001,4033
"Norfolk city, VA",51710,2002,2002,4148
"Portsmouth city, VA",51740,1995,1995,1768
"Portsmouth city, VA",51740,1996,1996,1651
"Portsmouth city, VA",51740,1997,1997,1674
"Portsmouth city, VA",51740,1998,1998,1649
"Portsmouth city, VA",51740,1999,1999,1606
"Portsmouth city, VA",51740,2000,2000,1547
"Portsmouth city, VA",51740,2001,2001,1588
"Portsmouth city, VA",51740,2002,2002,1538
"Richmond city, VA",51760,1995,1995,2884
"Richmond city, VA",51760,1996,1996,2938
"Richmond city, VA",51760,1997,1997,3280
"Richmond city, VA",51760,1998,1998,2852
"Richmond city, VA",51760,1999,1999,2929
"Richmond city, VA",51760,2000,2000,3054
"Richmond city, VA",51760,2001,2001,3131
"Richmond city, VA",51760,2002,2002,3083
"Virginia Beach city, VA",51810,1995,1995,6690
"Virginia Beach city, VA",51810,1996,1996,6466
"Virginia Beach city, VA",51810,1997,1997,6414
"Virginia Beach city, VA",51810,1998,1998,6369
"Virginia Beach city, VA",51810,1999,1999,6206
"Virginia Beach city, VA",51810,2000,2000,6459
"Virginia Beach city, VA",51810,2001,2001,6176
"Virginia Beach city, VA",51810,2002,2002,6235
"Unidentified Counties, VA",51999,1995,1995,40247
"Unidentified Counties, VA",51999,1996,1996,40453
"Unidentified Counties, VA",51999,1997,1997,40166
"Unidentified Counties, VA",51999,1998,1998,41492
"Unidentified Counties, VA",51999,1999,1999,42562
"Unidentified Counties, VA",51999,2000,2000,44168
"Unidentified Counties, VA",51999,2001,2001,43629
"Unidentified Counties, VA",51999,2002,2002,44419
"Benton County, WA",53005,1995,1995,1989
"Benton County, WA",53005,1996,1996,2006
"Benton County, WA",53005,1997,1997,2024
"Benton County, WA",53005,1998,1998,2053
"Benton County, WA",53005,1999,1999,2120
"Benton County, WA",53005,2000,2000,2080
"Benton County, WA",53005,2001,2001,2215
"Benton County, WA",53005,2002,2002,2166
"Clark County, WA",53011,1995,1995,4565
"Clark County, WA",53011,1996,1996,4731
"Clark County, WA",53011,1997,1997,4951
"Clark County, WA",53011,1998,1998,5145
"Clark County, WA",53011,1999,1999,5197
"Clark County, WA",53011,2000,2000,5420
"Clark County, WA",53011,2001,2001,5336
"Clark County, WA",53011,2002,2002,5250
"King County, WA",53033,1995,1995,21792
"King County, WA",53033,1996,1996,21588
"King County, WA",53033,1997,1997,21660
"King County, WA",53033,1998,1998,22215
"King County, WA",53033,1999,1999,22015
"King County, WA",53033,2000,2000,22499
"King County, WA",53033,2001,2001,21800
"King County, WA",53033,2002,2002,21888
"Kitsap County, WA",53035,1995,1995,3306
"Kitsap County, WA",53035,1996,1996,3273
"Kitsap County, WA",53035,1997,1997,3257
"Kitsap County, WA",53035,1998,1998,3006
"Kitsap County, WA",53035,1999,1999,2893
"Kitsap County, WA",53035,2000,2000,3109
"Kitsap County, WA",53035,2001,2001,2957
"Kitsap County, WA",53035,2002,2002,2945
"Pierce County, WA",53053,1995,1995,9416
"Pierce County, WA",53053,1996,1996,9622
"Pierce County, WA",53053,1997,1997,9739
"Pierce County, WA",53053,1998,1998,9786
"Pierce County, WA",53053,1999,1999,9939
"Pierce County, WA",53053,2000,2000,10177
"Pierce County, WA",53053,2001,2001,10038
"Pierce County, WA",53053,2002,2002,10023
"Snohomish County, WA",53061,1995,1995,7625
"Snohomish County, WA",53061,1996,1996,7921
"Snohomish County, WA",53061,1997,1997,8110
"Snohomish County, WA",53061,1998,1998,8351
"Snohomish County, WA",53061,1999,1999,8493
"Snohomish County, WA",53061,2000,2000,8550
"Snohomish County, WA",53061,2001,2001,8698
"Snohomish County, WA",53061,2002,2002,8343
"Spokane County, WA",53063,1995,1995,5518
"Spokane County, WA",53063,1996,1996,5629
"Spokane County, WA",53063,1997,1997,5503
"Spokane County, WA",53063,1998,1998,5494
"Spokane County, WA",53063,1999,1999,5498
"Spokane County, WA",53063,2000,2000,5667
"Spokane County, WA",53063,2001,2001,5439
"Spokane County, WA",53063,2002,2002,5562
"Thurston County, WA",53067,1995,1995,2429
"Thurston County, WA",53067,1996,1996,2440
"Thurston County, WA",53067,1997,1997,2420
"Thurston County, WA",53067,1998,1998,2510
"Thurston County, WA",53067,1999,1999,2472
"Thurston County, WA",53067,2000,2000,2549
"Thurston County, WA",53067,2001,2001,2601
"Thurston County, WA",53067,2002,2002,2440
"Whatcom County, WA",53073,1995,1995,1829
"Whatcom County, WA",53073,1996,1996,1920
"Whatcom County, WA",53073,1997,1997,1948
"Whatcom County, WA",53073,1998,1998,2057
"Whatcom County, WA",53073,1999,1999,2000
"Whatcom County, WA",53073,2000,2000,2077
"Whatcom County, WA",53073,2001,2001,1957
"Whatcom County, WA",53073,2002,2002,1957
"Yakima County, WA",53077,1995,1995,4218
"Yakima County, WA",53077,1996,1996,4191
"Yakima County, WA",53077,1997,1997,4188
"Yakima County, WA",53077,1998,1998,4295
"Yakima County, WA",53077,1999,1999,4237
"Yakima County, WA",53077,2000,2000,4253
"Yakima County, WA",53077,2001,2001,4187
"Yakima County, WA",53077,2002,2002,4042
"Unidentified Counties, WA",53999,1995,1995,14541
"Unidentified Counties, WA",53999,1996,1996,14624
"Unidentified Counties, WA",53999,1997,1997,14390
"Unidentified Counties, WA",53999,1998,1998,14751
"Unidentified Counties, WA",53999,1999,1999,14722
"Unidentified Counties, WA",53999,2000,2000,14655
"Unidentified Counties, WA",53999,2001,2001,14342
"Unidentified Counties, WA",53999,2002,2002,14412
"Kanawha County, WV",54039,1995,1995,3107
"Kanawha County, WV",54039,1996,1996,2442
"Kanawha County, WV",54039,1997,1997,2497
"Kanawha County, WV",54039,1998,1998,2466
"Kanawha County, WV",54039,1999,1999,2501
"Kanawha County, WV",54039,2000,2000,2420
"Kanawha County, WV",54039,2001,2001,2308
"Kanawha County, WV",54039,2002,2002,2436
"Unidentified Counties, WV",54999,1995,1995,18055
"Unidentified Counties, WV",54999,1996,1996,18308
"Unidentified Counties, WV",54999,1997,1997,18233
"Unidentified Counties, WV",54999,1998,1998,18281
"Unidentified Counties, WV",54999,1999,1999,18227
"Unidentified Counties, WV",54999,2000,2000,18445
"Unidentified Counties, WV",54999,2001,2001,18120
"Unidentified Counties, WV",54999,2002,2002,18276
"Brown County, WI",55009,1995,1995,2962
"Brown County, WI",55009,1996,1996,3050
"Brown County, WI",55009,1997,1997,3050
"Brown County, WI",55009,1998,1998,3130
"Brown County, WI",55009,1999,1999,3099
"Brown County, WI",55009,2000,2000,3212
"Brown County, WI",55009,2001,2001,3233
"Brown County, WI",55009,2002,2002,3283
"Dane County, WI",55025,1995,1995,5022
"Dane County, WI",55025,1996,1996,4976
"Dane County, WI",55025,1997,1997,5024
"Dane County, WI",55025,1998,1998,5129
"Dane County, WI",55025,1999,1999,5192
"Dane County, WI",55025,2000,2000,5558
"Dane County, WI",55025,2001,2001,5524
"Dane County, WI",55025,2002,2002,5566
"Kenosha County, WI",55059,1995,1995,2040
"Kenosha County, WI",55059,1996,1996,2014
"Kenosha County, WI",55059,1997,1997,2175
"Kenosha County, WI",55059,1998,1998,2079
"Kenosha County, WI",55059,1999,1999,2165
"Kenosha County, WI",55059,2000,2000,2151
"Kenosha County, WI",55059,2001,2001,2126
"Kenosha County, WI",55059,2002,2002,2096
"Marathon County, WI",55073,1995,1995,1588
"Marathon County, WI",55073,1996,1996,1620
"Marathon County, WI",55073,1997,1997,1580
"Marathon County, WI",55073,1998,1998,1476
"Marathon County, WI",55073,1999,1999,1485
"Marathon County, WI",55073,2000,2000,1521
"Marathon County, WI",55073,2001,2001,1534
"Marathon County, WI",55073,2002,2002,1504
"Milwaukee County, WI",55079,1995,1995,15062
"Milwaukee County, WI",55079,1996,1996,14809
"Milwaukee County, WI",55079,1997,1997,14339
"Milwaukee County, WI",55079,1998,1998,14758
"Milwaukee County, WI",55079,1999,1999,14839
"Milwaukee County, WI",55079,2000,2000,14856
"Milwaukee County, WI",55079,2001,2001,14736
"Milwaukee County, WI",55079,2002,2002,14346
"Outagamie County, WI",55087,1995,1995,2055
"Outagamie County, WI",55087,1996,1996,2103
"Outagamie County, WI",55087,1997,1997,2029
"Outagamie County, WI",55087,1998,1998,2175
"Outagamie County, WI",55087,1999,1999,2192
"Outagamie County, WI",55087,2000,2000,2289
"Outagamie County, WI",55087,2001,2001,2244
"Outagamie County, WI",55087,2002,2002,2338
"Racine County, WI",55101,1995,1995,2508
"Racine County, WI",55101,1996,1996,2595
"Racine County, WI",55101,1997,1997,2567
"Racine County, WI",55101,1998,1998,2644
"Racine County, WI",55101,1999,1999,2540
"Racine County, WI",55101,2000,2000,2651
"Racine County, WI",55101,2001,2001,2588
"Racine County, WI",55101,2002,2002,2543
"Rock County, WI",55105,1995,1995,1963
"Rock County, WI",55105,1996,1996,1969
"Rock County, WI",55105,1997,1997,1990
"Rock County, WI",55105,1998,1998,2045
"Rock County, WI",55105,1999,1999,2014
"Rock County, WI",55105,2000,2000,2077
"Rock County, WI",55105,2001,2001,2033
"Rock County, WI",55105,2002,2002,1968
"Sheboygan County, WI",55117,1995,1995,1337
"Sheboygan County, WI",55117,1996,1996,1332
"Sheboygan County, WI",55117,1997,1997,1348
"Sheboygan County, WI",55117,1998,1998,1324
"Sheboygan County, WI",55117,1999,1999,1379
"Sheboygan County, WI",55117,2000,2000,1439
"Sheboygan County, WI",55117,2001,2001,1340
"Sheboygan County, WI",55117,2002,2002,1381
"Waukesha County, WI",55133,1995,1995,4120
"Waukesha County, WI",55133,1996,1996,4139
"Waukesha County, WI",55133,1997,1997,4156
"Waukesha County, WI",55133,1998,1998,4125
"Waukesha County, WI",55133,1999,1999,4283
"Waukesha County, WI",55133,2000,2000,4358
"Waukesha County, WI",55133,2001,2001,4422
"Waukesha County, WI",55133,2002,2002,4269
"Winnebago County, WI",55139,1995,1995,1835
"Winnebago County, WI",55139,1996,1996,1755
"Winnebago County, WI",55139,1997,1997,1824
"Winnebago County, WI",55139,1998,1998,1726
"Winnebago County, WI",55139,1999,1999,1799
"Winnebago County, WI",55139,2000,2000,1926
"Winnebago County, WI",55139,2001,2001,1850
"Winnebago County, WI",55139,2002,2002,1846
"Unidentified Counties, WI",55999,1995,1995,26987
"Unidentified Counties, WI",55999,1996,1996,26744
"Unidentified Counties, WI",55999,1997,1997,26475
"Unidentified Counties, WI",55999,1998,1998,26839
"Unidentified Counties, WI",55999,1999,1999,27221
"Unidentified Counties, WI",55999,2000,2000,27288
"Unidentified Counties, WI",55999,2001,2001,27442
"Unidentified Counties, WI",55999,2002,2002,27420
"Unidentified Counties, WY",56999,1995,1995,6261
"Unidentified Counties, WY",56999,1996,1996,6286
"Unidentified Counties, WY",56999,1997,1997,6387
"Unidentified Counties, WY",56999,1998,1998,6252
"Unidentified Counties, WY",56999,1999,1999,6129
"Unidentified Counties, WY",56999,2000,2000,6253
"Unidentified Counties, WY",56999,2001,2001,6115
"Unidentified Counties, WY",56999,2002,2002,6550
