year,model,y_true,y_hat
2010,Excess crowding only,-0.0012939381413161963,-0.001353805766488509
2010,Excess crowding only,-0.00231563346460463,-2.4082779965016e-05
2010,Excess crowding only,0.0040808604098856,-0.0006421404639872944
2010,Excess crowding only,-0.0026866109110415086,0.0010025545133726824
2010,Excess crowding only,0.0075741005130112,-0.0023895905966206847
2010,Excess crowding only,0.002761984709650299,-0.003997218329888464
2010,Excess crowding only,0.0009151655249298035,-0.004839143878443959
2010,Excess crowding only,0.0104422424919903,0.0006945244682961915
2010,Excess crowding only,0.0049379696138203005,-0.009224203364830888
2010,Excess crowding only,0.005626664031297,-0.0018414672708534552
2010,Excess crowding only,-0.0063988557085395,-0.0015868595102354953
2010,Excess crowding only,-0.004664673935621991,-0.0030694703999220706
2010,Excess crowding only,-3.300746902819979e-05,-0.005182321529997666
2010,Excess crowding only,0.0046473261900246005,0.000630746295646479
2010,Excess crowding only,-0.005747474264353528,-0.0006838754387407891
2010,Excess crowding only,-0.0010429681278764993,-0.0013640859151063398
2010,Excess crowding only,0.0064040482975542025,-0.006030720903523263
2010,Excess crowding only,0.004027052316814602,-0.0036765112610005965
2010,Excess crowding only,0.00027563096955419975,-0.0014163308210059077
2010,Excess crowding only,0.003349449019879101,0.0008848711613653906
2010,Excess crowding only,-0.0016043479554355006,3.535811138849216e-05
2010,Excess crowding only,0.0102738053537905,-0.0036069422384675696
2010,Excess crowding only,0.0012796144001186033,-0.0013673301482627904
2010,Excess crowding only,0.0004578907974064003,-0.00013772557852295003
2010,Excess crowding only,0.0073078223504126,0.0020132215964675875
2010,Excess crowding only,0.015166640747338502,0.001498083881670293
2010,Excess crowding only,-0.0038879141211509774,-0.0005775029750485812
2010,Excess crowding only,-0.001827576663345109,-0.0037908318547614033
2010,Excess crowding only,-0.0017847563140094384,-0.003182732135936239
2010,Excess crowding only,-0.01004744274541737,-0.005632074912590641
2010,Excess crowding only,0.0008901483379303993,-0.0026635595890899485
2010,Excess crowding only,-0.005719650536775599,-4.696129155554922e-05
2010,Excess crowding only,-0.0056204064749181375,-0.0062797719481806485
2010,Excess crowding only,-0.0025857579894363984,-0.006001925364663605
2010,Excess crowding only,0.005588196683675002,-0.0015979123410367509
2010,Excess crowding only,-0.0037638195790350576,-0.002786034882051286
2010,Excess crowding only,0.0023608268238604,-0.003204229176366928
2010,Excess crowding only,3.300746902819979e-05,0.0010446669077498608
2010,Excess crowding only,-0.0029458249919116566,0.0024859285773817926
2010,Excess crowding only,0.003389580640941801,0.0006860539926634639
2010,Excess crowding only,0.004152512643486202,-0.0024395475094987967
2010,Excess crowding only,0.0017806175164878021,0.0003660887066302596
2010,Excess crowding only,-0.0029923603869974683,-0.003153488335561482
2010,Excess crowding only,0.001907296944409602,-0.003057282184336827
2010,Excess crowding only,-0.001384546514600498,0.0007202645554032602
2010,Excess crowding only,-0.005082117393612869,-0.0008686015698255104
2010,Excess crowding only,-0.002798653673380627,-0.0025919979986271996
2010,Excess crowding only,-0.007243259344249978,-0.005936043204458733
2010,Excess crowding only,0.00040645105764270176,-3.175772979276451e-05
2010,Excess crowding only,-0.0039082430303096875,-0.0010671776036786918
2010,Excess crowding only,0.0011721556074917039,0.0040449550197937025
2010,Excess crowding only,-0.0032282234169542894,0.0004978540026609798
2010,Excess crowding only,-0.002568237017840161,-0.003728837980710327
2010,Excess crowding only,-0.007723375689238317,-0.0026707628513996354
2010,Excess crowding only,-0.0027745128609240194,-0.0010346048174826716
2010,Excess crowding only,-0.005163860507309451,0.002329475102102583
2010,Excess crowding only,-0.0038070301525294885,0.003503096136906489
2010,Excess crowding only,-0.0026298514567315683,-0.00243621838092297
2010,Excess crowding only,0.002934460993856202,0.0022122961709848273
2010,Excess crowding only,-0.005487184971570979,-0.0009763220964156721
2010,Excess crowding only,-0.0005894391797482967,0.0036469492539975283
2010,Excess crowding only,0.0014027417637407988,-0.0036147030746567868
2010,Excess crowding only,0.0014156303368509024,-0.0030141291670327986
2010,Excess crowding only,-0.0017189825884997983,0.0004512217271360132
2010,Excess crowding only,0.003940159920603002,-0.005839849171699794
2010,Excess crowding only,0.0064074103720486025,-0.007021574381117342
2010,Excess crowding only,0.0010820017196238006,-0.0042085766194045904
2010,Excess crowding only,-0.0027725291438400884,0.0006310504197891858
2010,Excess crowding only,0.0009533273987471988,-0.004154365022144904
2010,Excess crowding only,-0.0007568984292447983,0.0006786822214553474
2010,Excess crowding only,0.0053539504297078,-0.0012919263799343653
2010,Excess crowding only,-0.005735242273658528,0.0008457019942476236
2010,Excess crowding only,0.0165135734714568,-0.003596266803380263
2010,Excess crowding only,0.0019161351956427028,-0.0018122579283275917
2010,Excess crowding only,-0.005739745218306787,-0.0026016728368652583
2010,Excess crowding only,0.003869091626256701,-0.01014720677680453
2010,Excess crowding only,-0.006554067134857188,0.0018887489894624915
2010,Excess crowding only,-0.00014643138274549744,-0.0038164063549749935
2010,Excess crowding only,0.002592123579233902,-0.0041362816266869926
2010,Excess crowding only,0.004873864818364403,-0.0009463962633257026
2010,Excess crowding only,0.0020295693539083004,-0.0019092361277315314
2010,Excess crowding only,0.0215330892242491,0.0014430867550110308
2010,Excess crowding only,0.027384309563785802,-0.0024492621472403473
2010,Excess crowding only,0.001776078250259102,-0.0017518741875886148
2010,Excess crowding only,0.009305421728640802,0.00014742955826104582
2010,Excess crowding only,0.0002713431604206007,-0.0008788517982519571
2010,Excess crowding only,-0.0004412862472235983,-0.002061452071621377
2010,Excess crowding only,-0.002749700564891107,-0.0016446868935339981
2010,Excess crowding only,-0.00420907465741039,0.0018181507966147175
2010,Excess crowding only,-0.0007132119499147008,-0.008649545841254684
2010,Excess crowding only,-0.0004680589772761007,0.000578866796001677
2010,Excess crowding only,-0.00024970388039950026,-0.0010299076571806162
2010,Excess crowding only,-0.005512363743036999,0.0001590817107426641
2010,Excess crowding only,5.2924733608902125e-05,-0.0008260076444742353
2010,Excess crowding only,0.0009423545561731,-0.005832033074933133
2010,Excess crowding only,-0.007590476423501979,-0.0031681829039095126
2010,Excess crowding only,0.0045792968012392,-0.0014734568307796696
2010,Excess crowding only,-0.0016793389804660996,0.0027617159828587563
2010,Excess crowding only,-0.0005805459804833005,-0.0014922368245756637
2010,Excess crowding only,0.0003667692653835028,-0.00016490331075882014
2010,Supply growth only,-0.0012939381413161963,-0.00045230409089967646
2010,Supply growth only,-0.00231563346460463,-0.0003848601217479714
2010,Supply growth only,0.0040808604098856,-0.00039430696390839123
2010,Supply growth only,-0.0026866109110415086,-0.0008147640952943871
2010,Supply growth only,0.0075741005130112,-0.00033364102646319733
2010,Supply growth only,0.002761984709650299,-0.0004710154933561959
2010,Supply growth only,0.0009151655249298035,-0.0007559491180305644
2010,Supply growth only,0.0104422424919903,-0.0005791225284722371
2010,Supply growth only,0.0049379696138203005,-0.00036684000013951563
2010,Supply growth only,0.005626664031297,-0.0003586607408965067
2010,Supply growth only,-0.0063988557085395,-0.0005498362061048621
2010,Supply growth only,-0.004664673935621991,-0.000611587633804843
2010,Supply growth only,-3.300746902819979e-05,-0.0002948039468335674
2010,Supply growth only,0.0046473261900246005,-0.0004778774944196837
2010,Supply growth only,-0.005747474264353528,-0.0013187846441394127
2010,Supply growth only,-0.0010429681278764993,-0.00031222440322280215
2010,Supply growth only,0.0064040482975542025,-0.0006893659191156329
2010,Supply growth only,0.004027052316814602,-0.0008032393969443605
2010,Supply growth only,0.00027563096955419975,-0.0012028850809195854
2010,Supply growth only,0.003349449019879101,-0.0004501520081510808
2010,Supply growth only,-0.0016043479554355006,-0.00035989228662175726
2010,Supply growth only,0.0102738053537905,-0.000312789226767542
2010,Supply growth only,0.0012796144001186033,-0.00048303877926958536
2010,Supply growth only,0.0004578907974064003,-0.00031788598868053404
2010,Supply growth only,0.0073078223504126,-0.00038295651614458155
2010,Supply growth only,0.015166640747338502,-0.00041026450956509544
2010,Supply growth only,-0.0038879141211509774,-0.0003308888759868722
2010,Supply growth only,-0.001827576663345109,-0.0005632304347887578
2010,Supply growth only,-0.0017847563140094384,-0.00033770843100012056
2010,Supply growth only,-0.01004744274541737,-0.0017514183035240356
2010,Supply growth only,0.0008901483379303993,-0.00046293435979522846
2010,Supply growth only,-0.005719650536775599,-0.0004009851546890484
2010,Supply growth only,-0.0056204064749181375,-0.0003780092472462124
2010,Supply growth only,-0.0025857579894363984,-0.0002948039468335674
2010,Supply growth only,0.005588196683675002,-0.0003474180087752955
2010,Supply growth only,-0.0037638195790350576,-0.0007920353472452874
2010,Supply growth only,0.0023608268238604,-0.0005627260149185737
2010,Supply growth only,3.300746902819979e-05,-0.0006234711491236546
2010,Supply growth only,-0.0029458249919116566,-0.00029139277152090924
2010,Supply growth only,0.003389580640941801,-0.000475811942431928
2010,Supply growth only,0.004152512643486202,-0.0010315079283028437
2010,Supply growth only,0.0017806175164878021,-0.0006842259019946089
2010,Supply growth only,-0.0029923603869974683,-0.0004681427064527574
2010,Supply growth only,0.001907296944409602,-0.000365802976586739
2010,Supply growth only,-0.001384546514600498,-0.0004674524436302385
2010,Supply growth only,-0.005082117393612869,-0.0006083631301040831
2010,Supply growth only,-0.002798653673380627,-0.0002948039468335674
2010,Supply growth only,-0.007243259344249978,-0.00036891844917937
2010,Supply growth only,0.00040645105764270176,-0.0004836859383501481
2010,Supply growth only,-0.0039082430303096875,-0.0010381715245661918
2010,Supply growth only,0.0011721556074917039,-0.000361625570855509
2010,Supply growth only,-0.0032282234169542894,-0.00032590338125431734
2010,Supply growth only,-0.002568237017840161,-0.001002803950183729
2010,Supply growth only,-0.007723375689238317,-0.0002713212374192464
2010,Supply growth only,-0.0027745128609240194,-0.0003979824733879518
2010,Supply growth only,-0.005163860507309451,-0.0003355658799536373
2010,Supply growth only,-0.0038070301525294885,-0.000311037133880213
2010,Supply growth only,-0.0026298514567315683,-0.0006832700442933979
2010,Supply growth only,0.002934460993856202,-0.000701958059305712
2010,Supply growth only,-0.005487184971570979,-0.000345758635260109
2010,Supply growth only,-0.0005894391797482967,-0.00046695888878211156
2010,Supply growth only,0.0014027417637407988,-0.0002948039468335674
2010,Supply growth only,0.0014156303368509024,-0.0005329308239623944
2010,Supply growth only,-0.0017189825884997983,-0.0006961027834209322
2010,Supply growth only,0.003940159920603002,-0.00047857736559123285
2010,Supply growth only,0.0064074103720486025,-0.0003797983842960426
2010,Supply growth only,0.0010820017196238006,-0.0006976598855782605
2010,Supply growth only,-0.0027725291438400884,-0.0003824440109096289
2010,Supply growth only,0.0009533273987471988,-0.00028525879528182806
2010,Supply growth only,-0.0007568984292447983,-0.0003476609210422715
2010,Supply growth only,0.0053539504297078,-0.00044720894047326973
2010,Supply growth only,-0.005735242273658528,-0.0004240964285109057
2010,Supply growth only,0.0165135734714568,-0.0007720502008398925
2010,Supply growth only,0.0019161351956427028,-0.0002948039468335674
2010,Supply growth only,-0.005739745218306787,-0.0004013985398318798
2010,Supply growth only,0.003869091626256701,-0.00037251993618446424
2010,Supply growth only,-0.006554067134857188,-0.00039647550717403576
2010,Supply growth only,-0.00014643138274549744,-0.0002981388364270445
2010,Supply growth only,0.002592123579233902,-0.0010839691627559866
2010,Supply growth only,0.004873864818364403,-0.0005720526570687336
2010,Supply growth only,0.0020295693539083004,-0.0003257483797266335
2010,Supply growth only,0.0215330892242491,-0.00036928311989789005
2010,Supply growth only,0.027384309563785802,-0.00039723780659453204
2010,Supply growth only,0.001776078250259102,-0.0002888357350085209
2010,Supply growth only,0.009305421728640802,-0.000538519172596329
2010,Supply growth only,0.0002713431604206007,-0.0008023999682084965
2010,Supply growth only,-0.0004412862472235983,-0.00033321151380748905
2010,Supply growth only,-0.002749700564891107,-0.0006799850123801311
2010,Supply growth only,-0.00420907465741039,-0.00041210213605874925
2010,Supply growth only,-0.0007132119499147008,-0.0002948039468335674
2010,Supply growth only,-0.0004680589772761007,-0.0003012901076114813
2010,Supply growth only,-0.00024970388039950026,-0.00040832254783419063
2010,Supply growth only,-0.005512363743036999,-0.0002948039468335674
2010,Supply growth only,5.2924733608902125e-05,-0.0003268348625127292
2010,Supply growth only,0.0009423545561731,-0.000299293569850906
2010,Supply growth only,-0.007590476423501979,-0.0005394193943476723
2010,Supply growth only,0.0045792968012392,-0.0006010072650830354
2010,Supply growth only,-0.0016793389804660996,-0.0003919163348543676
2010,Supply growth only,-0.0005805459804833005,-0.00030196417556546624
2010,Supply growth only,0.0003667692653835028,-0.0006361034538248131
2010,Lagged rent growth only,-0.0012939381413161963,-5.8252565341476606e-05
2010,Lagged rent growth only,-0.00231563346460463,0.00021732546460385028
2010,Lagged rent growth only,0.0040808604098856,-0.0003567297893315196
2010,Lagged rent growth only,-0.0026866109110415086,-0.0006004193243301342
2010,Lagged rent growth only,0.0075741005130112,-0.004757579712990218
2010,Lagged rent growth only,0.002761984709650299,-0.0022051047674711203
2010,Lagged rent growth only,0.0009151655249298035,-0.0010166523358810333
2010,Lagged rent growth only,0.0104422424919903,-0.0024931631674455883
2010,Lagged rent growth only,0.0049379696138203005,-0.001670833272845165
2010,Lagged rent growth only,0.005626664031297,-0.0005189196039191596
2010,Lagged rent growth only,-0.0063988557085395,-0.00026850282207226844
2010,Lagged rent growth only,-0.004664673935621991,-0.00023483535414113034
2010,Lagged rent growth only,-3.300746902819979e-05,-0.0015828916957713879
2010,Lagged rent growth only,0.0046473261900246005,-0.0009473194237503556
2010,Lagged rent growth only,-0.005747474264353528,-0.00036705895428452507
2010,Lagged rent growth only,-0.0010429681278764993,-0.00037428985969186054
2010,Lagged rent growth only,0.0064040482975542025,-0.0015988025048238636
2010,Lagged rent growth only,0.004027052316814602,-0.002739966150137089
2010,Lagged rent growth only,0.00027563096955419975,-0.001526999314040596
2010,Lagged rent growth only,0.003349449019879101,-0.001120635046109162
2010,Lagged rent growth only,-0.0016043479554355006,-0.0010170114620715056
2010,Lagged rent growth only,0.0102738053537905,-0.002222815861908149
2010,Lagged rent growth only,0.0012796144001186033,-0.001135189700597909
2010,Lagged rent growth only,0.0004578907974064003,-0.003294343812026967
2010,Lagged rent growth only,0.0073078223504126,-0.002032166399091399
2010,Lagged rent growth only,0.015166640747338502,-0.0038544067403755104
2010,Lagged rent growth only,-0.0038879141211509774,-0.0011627669664681776
2010,Lagged rent growth only,-0.001827576663345109,0.00015963010281723597
2010,Lagged rent growth only,-0.0017847563140094384,-0.0008878325955033742
2010,Lagged rent growth only,-0.01004744274541737,-0.00046841350262011804
2010,Lagged rent growth only,0.0008901483379303993,-0.0014360835547850607
2010,Lagged rent growth only,-0.005719650536775599,-0.001036083365504481
2010,Lagged rent growth only,-0.0056204064749181375,0.00012111100173313515
2010,Lagged rent growth only,-0.0025857579894363984,-0.0012039148418700979
2010,Lagged rent growth only,0.005588196683675002,-0.0011729486594111867
2010,Lagged rent growth only,-0.0037638195790350576,-0.00010444988726524636
2010,Lagged rent growth only,0.0023608268238604,-0.0020958750423223688
2010,Lagged rent growth only,3.300746902819979e-05,-0.0001401884550445029
2010,Lagged rent growth only,-0.0029458249919116566,-0.00011203391709521226
2010,Lagged rent growth only,0.003389580640941801,-0.0022650006958122903
2010,Lagged rent growth only,0.004152512643486202,-0.0007998479036891402
2010,Lagged rent growth only,0.0017806175164878021,-0.0004938553639867668
2010,Lagged rent growth only,-0.0029923603869974683,-0.0003457425121611115
2010,Lagged rent growth only,0.001907296944409602,-0.0010027142711749653
2010,Lagged rent growth only,-0.001384546514600498,-0.0007168294910422729
2010,Lagged rent growth only,-0.005082117393612869,-0.0007812000435274459
2010,Lagged rent growth only,-0.002798653673380627,6.280676672250221e-05
2010,Lagged rent growth only,-0.007243259344249978,0.00044981239369986205
2010,Lagged rent growth only,0.00040645105764270176,-0.00019394922930846253
2010,Lagged rent growth only,-0.0039082430303096875,-0.00015924957979235712
2010,Lagged rent growth only,0.0011721556074917039,-0.0012191581073557136
2010,Lagged rent growth only,-0.0032282234169542894,-0.0020905912818842886
2010,Lagged rent growth only,-0.002568237017840161,-0.0011153794572344596
2010,Lagged rent growth only,-0.007723375689238317,-0.00047215358387044787
2010,Lagged rent growth only,-0.0027745128609240194,-0.002407999551490446
2010,Lagged rent growth only,-0.005163860507309451,-0.0002926220897811132
2010,Lagged rent growth only,-0.0038070301525294885,-0.0004956492801482938
2010,Lagged rent growth only,-0.0026298514567315683,-0.0016218056886829295
2010,Lagged rent growth only,0.002934460993856202,0.000349630149855735
2010,Lagged rent growth only,-0.005487184971570979,-0.00038390750894213205
2010,Lagged rent growth only,-0.0005894391797482967,-0.0008437960324902668
2010,Lagged rent growth only,0.0014027417637407988,-0.0015185027705274926
2010,Lagged rent growth only,0.0014156303368509024,-0.0019430977145126122
2010,Lagged rent growth only,-0.0017189825884997983,1.299932019509318e-05
2010,Lagged rent growth only,0.003940159920603002,-0.001601154952850519
2010,Lagged rent growth only,0.0064074103720486025,-0.002950109354927067
2010,Lagged rent growth only,0.0010820017196238006,-0.0013266561387524603
2010,Lagged rent growth only,-0.0027725291438400884,-0.00043551034145176493
2010,Lagged rent growth only,0.0009533273987471988,-0.0011072148482289032
2010,Lagged rent growth only,-0.0007568984292447983,0.0001448155350351135
2010,Lagged rent growth only,0.0053539504297078,-0.002091786981021859
2010,Lagged rent growth only,-0.005735242273658528,0.00048072027327109685
2010,Lagged rent growth only,0.0165135734714568,-0.0026197105650246286
2010,Lagged rent growth only,0.0019161351956427028,-0.0006139784202663101
2010,Lagged rent growth only,-0.005739745218306787,-8.937785589090955e-05
2010,Lagged rent growth only,0.003869091626256701,-0.0012516546181310297
2010,Lagged rent growth only,-0.006554067134857188,0.0005221703805539764
2010,Lagged rent growth only,-0.00014643138274549744,-0.0003679856762344127
2010,Lagged rent growth only,0.002592123579233902,-0.0018136814719018045
2010,Lagged rent growth only,0.004873864818364403,-0.001688268775901375
2010,Lagged rent growth only,0.0020295693539083004,-0.0020147264865730805
2010,Lagged rent growth only,0.0215330892242491,-0.004262336367349998
2010,Lagged rent growth only,0.027384309563785802,-0.004598123274960043
2010,Lagged rent growth only,0.001776078250259102,-0.003174499041799502
2010,Lagged rent growth only,0.009305421728640802,-0.0024268718042786547
2010,Lagged rent growth only,0.0002713431604206007,0.0002501252483831268
2010,Lagged rent growth only,-0.0004412862472235983,-0.00013546910575433144
2010,Lagged rent growth only,-0.002749700564891107,-0.0004299675251157185
2010,Lagged rent growth only,-0.00420907465741039,-0.00014056387174770475
2010,Lagged rent growth only,-0.0007132119499147008,1.0409251155649082e-05
2010,Lagged rent growth only,-0.0004680589772761007,-0.0004472164834283983
2010,Lagged rent growth only,-0.00024970388039950026,-0.0011764679001016799
2010,Lagged rent growth only,-0.005512363743036999,-0.00023123257864097059
2010,Lagged rent growth only,5.2924733608902125e-05,0.0006819702666871784
2010,Lagged rent growth only,0.0009423545561731,-0.0022383347187745835
2010,Lagged rent growth only,-0.007590476423501979,0.0008547276327722377
2010,Lagged rent growth only,0.0045792968012392,-0.0012401640498567342
2010,Lagged rent growth only,-0.0016793389804660996,-0.0004371866719574807
2010,Lagged rent growth only,-0.0005805459804833005,0.0010528722778199097
2010,Lagged rent growth only,0.0003667692653835028,-0.00037318626931801045
2010,Occupancy only,-0.0012939381413161963,0.005182680163936915
2010,Occupancy only,-0.00231563346460463,0.010783263551040312
2010,Occupancy only,0.0040808604098856,0.004108974791019238
2010,Occupancy only,-0.0026866109110415086,0.006746421015927595
2010,Occupancy only,0.0075741005130112,0.008227113215803494
2010,Occupancy only,0.002761984709650299,-0.00693006145711994
2010,Occupancy only,0.0009151655249298035,-0.012180184606083555
2010,Occupancy only,0.0104422424919903,0.0005061254621005484
2010,Occupancy only,0.0049379696138203005,0.006351357586121209
2010,Occupancy only,0.005626664031297,0.0062576309206960334
2010,Occupancy only,-0.0063988557085395,-0.00341448124778021
2010,Occupancy only,-0.004664673935621991,-0.004437725512441815
2010,Occupancy only,-3.300746902819979e-05,0.0032345538954494657
2010,Occupancy only,0.0046473261900246005,0.01114121915489491
2010,Occupancy only,-0.005747474264353528,0.005444648961319742
2010,Occupancy only,-0.0010429681278764993,-0.0014766870526465858
2010,Occupancy only,0.0064040482975542025,-0.0018104960475689436
2010,Occupancy only,0.004027052316814602,-0.0007815783676279886
2010,Occupancy only,0.00027563096955419975,-0.001917206992677889
2010,Occupancy only,0.003349449019879101,0.00013428613467647565
2010,Occupancy only,-0.0016043479554355006,-0.0013679004678016082
2010,Occupancy only,0.0102738053537905,-0.0031419497504056593
2010,Occupancy only,0.0012796144001186033,0.004625024954787893
2010,Occupancy only,0.0004578907974064003,0.0065873347614729405
2010,Occupancy only,0.0073078223504126,-0.006595929584905236
2010,Occupancy only,0.015166640747338502,0.0029097854647114896
2010,Occupancy only,-0.0038879141211509774,0.0006108530181280214
2010,Occupancy only,-0.001827576663345109,-0.004033529267795766
2010,Occupancy only,-0.0017847563140094384,0.013322047700483897
2010,Occupancy only,-0.01004744274541737,-0.026530788740149636
2010,Occupancy only,0.0008901483379303993,0.0026855010598740847
2010,Occupancy only,-0.005719650536775599,-0.008318341563403608
2010,Occupancy only,-0.0056204064749181375,0.006114988345485628
2010,Occupancy only,-0.0025857579894363984,-0.004344483162955437
2010,Occupancy only,0.005588196683675002,0.00788096569578206
2010,Occupancy only,-0.0037638195790350576,-0.007137394804111352
2010,Occupancy only,0.0023608268238604,-0.001799679658276765
2010,Occupancy only,3.300746902819979e-05,0.003029111686884245
2010,Occupancy only,-0.0029458249919116566,0.008063990995194836
2010,Occupancy only,0.003389580640941801,-0.011855900491284321
2010,Occupancy only,0.004152512643486202,-0.004541023183317727
2010,Occupancy only,0.0017806175164878021,-0.008888219984333035
2010,Occupancy only,-0.0029923603869974683,-0.009368915084593088
2010,Occupancy only,0.001907296944409602,-0.01287575454437706
2010,Occupancy only,-0.001384546514600498,-0.00684728955696956
2010,Occupancy only,-0.005082117393612869,0.0003778970517255287
2010,Occupancy only,-0.002798653673380627,-0.0013891642437667273
2010,Occupancy only,-0.007243259344249978,-0.010549031587990865
2010,Occupancy only,0.00040645105764270176,0.0063870124642575465
2010,Occupancy only,-0.0039082430303096875,-0.0031955012556020845
2010,Occupancy only,0.0011721556074917039,0.009996273213695561
2010,Occupancy only,-0.0032282234169542894,0.00155635304333418
2010,Occupancy only,-0.002568237017840161,-0.012032214555550036
2010,Occupancy only,-0.007723375689238317,-0.01851572896114234
2010,Occupancy only,-0.0027745128609240194,0.009125957472270518
2010,Occupancy only,-0.005163860507309451,0.008678195855825688
2010,Occupancy only,-0.0038070301525294885,0.007392475415178679
2010,Occupancy only,-0.0026298514567315683,0.0048708037622278155
2010,Occupancy only,0.002934460993856202,0.0068312685558143404
2010,Occupancy only,-0.005487184971570979,-0.0051159523276054775
2010,Occupancy only,-0.0005894391797482967,0.015190261839124253
2010,Occupancy only,0.0014027417637407988,-0.005952435141329204
2010,Occupancy only,0.0014156303368509024,-0.00425841330189064
2010,Occupancy only,-0.0017189825884997983,0.0019727724997605778
2010,Occupancy only,0.003940159920603002,-0.0055112463840493175
2010,Occupancy only,0.0064074103720486025,0.0069165312236479926
2010,Occupancy only,0.0010820017196238006,-0.01085984710716792
2010,Occupancy only,-0.0027725291438400884,0.003107732307562283
2010,Occupancy only,0.0009533273987471988,-0.013013046581600518
2010,Occupancy only,-0.0007568984292447983,0.005374261711596051
2010,Occupancy only,0.0053539504297078,0.010230220874638596
2010,Occupancy only,-0.005735242273658528,0.004437525498609929
2010,Occupancy only,0.0165135734714568,0.0035502817620023386
2010,Occupancy only,0.0019161351956427028,-0.0009231831229702947
2010,Occupancy only,-0.005739745218306787,0.0006181638825326075
2010,Occupancy only,0.003869091626256701,0.0038313695076228615
2010,Occupancy only,-0.006554067134857188,0.00304382566634831
2010,Occupancy only,-0.00014643138274549744,0.004554199514452739
2010,Occupancy only,0.002592123579233902,-0.0012231591901909478
2010,Occupancy only,0.004873864818364403,-0.0029216782490580906
2010,Occupancy only,0.0020295693539083004,0.00888926535434259
2010,Occupancy only,0.0215330892242491,0.010332157848353896
2010,Occupancy only,0.027384309563785802,0.012739507877163048
2010,Occupancy only,0.001776078250259102,0.009436565427473953
2010,Occupancy only,0.009305421728640802,0.004171566860400322
2010,Occupancy only,0.0002713431604206007,-0.0009149728146800595
2010,Occupancy only,-0.0004412862472235983,0.00445182435012631
2010,Occupancy only,-0.002749700564891107,0.00036685003579550735
2010,Occupancy only,-0.00420907465741039,-0.006983336210351576
2010,Occupancy only,-0.0007132119499147008,0.008615396222471317
2010,Occupancy only,-0.0004680589772761007,0.008612767078805483
2010,Occupancy only,-0.00024970388039950026,-0.004639823634765006
2010,Occupancy only,-0.005512363743036999,-0.00468066761224234
2010,Occupancy only,5.2924733608902125e-05,-0.011706362179616958
2010,Occupancy only,0.0009423545561731,0.012507935670584558
2010,Occupancy only,-0.007590476423501979,0.001474065459122098
2010,Occupancy only,0.0045792968012392,0.0060812246057753705
2010,Occupancy only,-0.0016793389804660996,-0.004613232383476884
2010,Occupancy only,-0.0005805459804833005,-0.01557385557491231
2010,Occupancy only,0.0003667692653835028,0.006384221881945706
2010,Absorption only,-0.0012939381413161963,-0.0019527366668395476
2010,Absorption only,-0.00231563346460463,0.0007225996051027257
2010,Absorption only,0.0040808604098856,-0.0003781347231877532
2010,Absorption only,-0.0026866109110415086,0.001084113671494134
2010,Absorption only,0.0075741005130112,-0.0018228691822949191
2010,Absorption only,0.002761984709650299,0.000773819605368418
2010,Absorption only,0.0009151655249298035,0.0055954391142505455
2010,Absorption only,0.0104422424919903,0.006083846600655028
2010,Absorption only,0.0049379696138203005,-0.0012915029859901792
2010,Absorption only,0.005626664031297,-0.0020234533123676657
2010,Absorption only,-0.0063988557085395,0.0016686825777522708
2010,Absorption only,-0.004664673935621991,0.002470688646428642
2010,Absorption only,-3.300746902819979e-05,-0.000476939755958348
2010,Absorption only,0.0046473261900246005,-0.0005050281432008256
2010,Absorption only,-0.005747474264353528,0.00791157448110373
2010,Absorption only,-0.0010429681278764993,-0.002318216152606365
2010,Absorption only,0.0064040482975542025,0.005224011499420615
2010,Absorption only,0.004027052316814602,0.00598768518080137
2010,Absorption only,0.00027563096955419975,0.010520489978507911
2010,Absorption only,0.003349449019879101,5.850052997637481e-06
2010,Absorption only,-0.0016043479554355006,-0.0024523795081410195
2010,Absorption only,0.0102738053537905,-0.00010914710888920882
2010,Absorption only,0.0012796144001186033,0.0008855122511090916
2010,Absorption only,0.0004578907974064003,-0.0017954416982816765
2010,Absorption only,0.0073078223504126,-2.4221043932543852e-05
2010,Absorption only,0.015166640747338502,0.002268782709897426
2010,Absorption only,-0.0038879141211509774,-0.0002320751095268728
2010,Absorption only,-0.001827576663345109,0.0007691932827637747
2010,Absorption only,-0.0017847563140094384,-0.0034595960294947804
2010,Absorption only,-0.01004744274541737,0.011997278244232962
2010,Absorption only,0.0008901483379303993,0.0009496198643448627
2010,Absorption only,-0.005719650536775599,-0.003116917705136562
2010,Absorption only,-0.0056204064749181375,-0.00011013846373306158
2010,Absorption only,-0.0025857579894363984,-0.0010803444042496758
2010,Absorption only,0.005588196683675002,-0.0015899007939896691
2010,Absorption only,-0.0037638195790350576,0.006433133957305593
2010,Absorption only,0.0023608268238604,0.002509351485338875
2010,Absorption only,3.300746902819979e-05,-0.0027319415741073193
2010,Absorption only,-0.0029458249919116566,-0.0015284367936708372
2010,Absorption only,0.003389580640941801,-0.00011079936696229645
2010,Absorption only,0.004152512643486202,0.009340116811094645
2010,Absorption only,0.0017806175164878021,0.003195369037284547
2010,Absorption only,-0.0029923603869974683,-0.0009210667260041009
2010,Absorption only,0.001907296944409602,0.0017156067070279394
2010,Absorption only,-0.001384546514600498,-0.0008731512418845813
2010,Absorption only,-0.005082117393612869,0.0022608518711466083
2010,Absorption only,-0.002798653673380627,-0.004493248680017931
2010,Absorption only,-0.007243259344249978,-0.00030940078734733884
2010,Absorption only,0.00040645105764270176,-0.002173147893789337
2010,Absorption only,-0.0039082430303096875,0.007348154478181105
2010,Absorption only,0.0011721556074917039,-0.00290311551047912
2010,Absorption only,-0.0032282234169542894,-4.5039495653437754e-05
2010,Absorption only,-0.002568237017840161,0.005384941435739279
2010,Absorption only,-0.007723375689238317,-0.0014022042768869997
2010,Absorption only,-0.0027745128609240194,-0.0003216274970881819
2010,Absorption only,-0.005163860507309451,-0.0026688253157154005
2010,Absorption only,-0.0038070301525294885,-0.00205319395768323
2010,Absorption only,-0.0026298514567315683,0.0032442758762479184
2010,Absorption only,0.002934460993856202,-0.0002532240128623846
2010,Absorption only,-0.005487184971570979,0.002515960517631222
2010,Absorption only,-0.0005894391797482967,-0.001892264021364568
2010,Absorption only,0.0014027417637407988,0.0011571434783245746
2010,Absorption only,0.0014156303368509024,0.0009968744452351474
2010,Absorption only,-0.0017189825884997983,0.0022985233552129895
2010,Absorption only,0.003940159920603002,0.002365605032980317
2010,Absorption only,0.0064074103720486025,-0.0038214405475008066
2010,Absorption only,0.0010820017196238006,0.002922746455225213
2010,Absorption only,-0.0027725291438400884,-0.0018483139566204568
2010,Absorption only,0.0009533273987471988,0.001880832514336626
2010,Absorption only,-0.0007568984292447983,-0.0029850675109042287
2010,Absorption only,0.0053539504297078,0.001678926577805411
2010,Absorption only,-0.005735242273658528,-0.002671468928632339
2010,Absorption only,0.0165135734714568,0.008219555385927125
2010,Absorption only,0.0019161351956427028,0.001045120380969283
2010,Absorption only,-0.005739745218306787,-0.0076629405674277975
2010,Absorption only,0.003869091626256701,-0.000790868789844855
2010,Absorption only,-0.006554067134857188,-0.00020464762551363098
2010,Absorption only,-0.00014643138274549744,-0.0007568322735392648
2010,Absorption only,0.002592123579233902,0.0076082198988849815
2010,Absorption only,0.004873864818364403,0.007273141961662961
2010,Absorption only,0.0020295693539083004,-0.0026245447993566724
2010,Absorption only,0.0215330892242491,-0.0026671730576423138
2010,Absorption only,0.027384309563785802,-0.0009494855648611951
2010,Absorption only,0.001776078250259102,-0.003991953580643372
2010,Absorption only,0.009305421728640802,0.0013217083824040273
2010,Absorption only,0.0002713431604206007,0.004391273430584829
2010,Absorption only,-0.0004412862472235983,0.001634315609832064
2010,Absorption only,-0.002749700564891107,-0.0036601801595675275
2010,Absorption only,-0.00420907465741039,-0.001474242728873588
2010,Absorption only,-0.0007132119499147008,-0.0026407369284729234
2010,Absorption only,-0.0004680589772761007,-0.003597724804404843
2010,Absorption only,-0.00024970388039950026,-0.0007122213055659197
2010,Absorption only,-0.005512363743036999,-0.0017124983430127153
2010,Absorption only,5.2924733608902125e-05,-0.0019851209250720506
2010,Absorption only,0.0009423545561731,-0.001726046859212028
2010,Absorption only,-0.007590476423501979,-0.001875741440633699
2010,Absorption only,0.0045792968012392,0.001641255093739029
2010,Absorption only,-0.0016793389804660996,-0.005302524684215884
2010,Absorption only,-0.0005805459804833005,-0.0012022810500434875
2010,Absorption only,0.0003667692653835028,-0.00013723549613168552
2010,All predictors,-0.0012939381413161963,0.0019314949085226796
2010,All predictors,-0.00231563346460463,0.01144028797831187
2010,All predictors,0.0040808604098856,0.005646704938903013
2010,All predictors,-0.0026866109110415086,0.005388098692288734
2010,All predictors,0.0075741005130112,-0.001818252847999774
2010,All predictors,0.002761984709650299,-0.0037604854950585576
2010,All predictors,0.0009151655249298035,-0.0009110488790761984
2010,All predictors,0.0104422424919903,0.012415346955104267
2010,All predictors,0.0049379696138203005,-0.007668314318958092
2010,All predictors,0.005626664031297,0.0022687723384294534
2010,All predictors,-0.0063988557085395,0.003311086303628391
2010,All predictors,-0.004664673935621991,0.0015708933032293204
2010,All predictors,-3.300746902819979e-05,-0.0009130543366118182
2010,All predictors,0.0046473261900246005,0.007796315053397257
2010,All predictors,-0.005747474264353528,0.007941532454491196
2010,All predictors,-0.0010429681278764993,0.0004924912125773562
2010,All predictors,0.0064040482975542025,0.000705629848255257
2010,All predictors,0.004027052316814602,0.0027208252321874737
2010,All predictors,0.00027563096955419975,0.009135095446612673
2010,All predictors,0.003349449019879101,0.0053641912350569365
2010,All predictors,-0.0016043479554355006,0.0008137627580382112
2010,All predictors,0.0102738053537905,-0.0013507515514032675
2010,All predictors,0.0012796144001186033,0.004978096409948285
2010,All predictors,0.0004578907974064003,0.002497291733038337
2010,All predictors,0.0073078223504126,0.004358458858028824
2010,All predictors,0.015166640747338502,0.00851333971012197
2010,All predictors,-0.0038879141211509774,0.004715856029685439
2010,All predictors,-0.001827576663345109,-0.0010836604076283063
2010,All predictors,-0.0017847563140094384,0.00034195460592806315
2010,All predictors,-0.01004744274541737,-0.00862599920487711
2010,All predictors,0.0008901483379303993,0.0026207427291764507
2010,All predictors,-0.005719650536775599,-0.003418051509085515
2010,All predictors,-0.0056204064749181375,4.292501005445648e-05
2010,All predictors,-0.0025857579894363984,-0.0052498849484405585
2010,All predictors,0.005588196683675002,0.0033221283594151996
2010,All predictors,-0.0037638195790350576,0.005546099337867733
2010,All predictors,0.0023608268238604,0.0009532778250198326
2010,All predictors,3.300746902819979e-05,0.0006706437121720976
2010,All predictors,-0.0029458249919116566,0.010857877035788221
2010,All predictors,0.003389580640941801,-0.0008808250526771422
2010,All predictors,0.004152512643486202,0.007929484660109815
2010,All predictors,0.0017806175164878021,0.004587672400214737
2010,All predictors,-0.0029923603869974683,-0.004281841475873321
2010,All predictors,0.001907296944409602,-0.00021876232873821455
2010,All predictors,-0.001384546514600498,0.001431919222746908
2010,All predictors,-0.005082117393612869,0.005249921226551019
2010,All predictors,-0.002798653673380627,-0.004123371206974771
2010,All predictors,-0.007243259344249978,-0.005141762787604892
2010,All predictors,0.00040645105764270176,0.0031636598242596736
2010,All predictors,-0.0039082430303096875,0.007433589740316882
2010,All predictors,0.0011721556074917039,0.009080481219612108
2010,All predictors,-0.0032282234169542894,0.005830887117242112
2010,All predictors,-0.002568237017840161,-0.0031401631658333484
2010,All predictors,-0.007723375689238317,-0.005159465370009414
2010,All predictors,-0.0027745128609240194,0.004631057516195081
2010,All predictors,-0.005163860507309451,0.008117991657475926
2010,All predictors,-0.0038070301525294885,0.010390980473541603
2010,All predictors,-0.0026298514567315683,0.004475026378974817
2010,All predictors,0.002934460993856202,0.0072961799220019885
2010,All predictors,-0.005487184971570979,0.007576317597949578
2010,All predictors,-0.0005894391797482967,0.011102196320579308
2010,All predictors,0.0014027417637407988,0.0008575678307733703
2010,All predictors,0.0014156303368509024,-0.0016738424897255189
2010,All predictors,-0.0017189825884997983,0.007341602626711408
2010,All predictors,0.003940159920603002,-0.0024211294028748387
2010,All predictors,0.0064074103720486025,-0.010472760365879408
2010,All predictors,0.0010820017196238006,-0.0037638000051589404
2010,All predictors,-0.0027725291438400884,0.004544312472413603
2010,All predictors,0.0009533273987471988,-0.00048773667189569436
2010,All predictors,-0.0007568984292447983,0.004555236542485075
2010,All predictors,0.0053539504297078,0.0077982606097261875
2010,All predictors,-0.005735242273658528,0.0043456983579236025
2010,All predictors,0.0165135734714568,0.008708456741555376
2010,All predictors,0.0019161351956427028,0.005819919715640887
2010,All predictors,-0.005739745218306787,-0.010463331920889135
2010,All predictors,0.003869091626256701,-0.008523630498251139
2010,All predictors,-0.006554067134857188,0.00989469324380969
2010,All predictors,-0.00014643138274549744,0.0021926553409894745
2010,All predictors,0.002592123579233902,0.0020249211023173064
2010,All predictors,0.004873864818364403,0.012068494518452683
2010,All predictors,0.0020295693539083004,0.00083530189956732
2010,All predictors,0.0215330892242491,0.0026466226521327796
2010,All predictors,0.027384309563785802,0.0004973391363651269
2010,All predictors,0.001776078250259102,-0.0019088507044645875
2010,All predictors,0.009305421728640802,0.005409169507148537
2010,All predictors,0.0002713431604206007,0.007003180587175861
2010,All predictors,-0.0004412862472235983,0.00838612694605026
2010,All predictors,-0.002749700564891107,-0.006503136874023957
2010,All predictors,-0.00420907465741039,0.003195186799980612
2010,All predictors,-0.0007132119499147008,-0.005598849505707437
2010,All predictors,-0.0004680589772761007,0.0044553560068564535
2010,All predictors,-0.00024970388039950026,0.00041949454703577027
2010,All predictors,-0.005512363743036999,0.0028383451746203797
2010,All predictors,5.2924733608902125e-05,-0.0007915867059873211
2010,All predictors,0.0009423545561731,-0.0014887105720697569
2010,All predictors,-0.007590476423501979,-0.0017855086796606245
2010,All predictors,0.0045792968012392,0.004949924230623098
2010,All predictors,-0.0016793389804660996,-0.0013501695053007023
2010,All predictors,-0.0005805459804833005,-0.0009357876360915063
2010,All predictors,0.0003667692653835028,0.004246174988645934
2011,Excess crowding only,-0.0061403447762132,-0.0007981306285203902
2011,Excess crowding only,-0.00823571905493736,0.0002114706050691029
2011,Excess crowding only,-0.003870855085551699,6.595511240417172e-05
2011,Excess crowding only,-0.0020179469138384004,-0.0003716113738420182
2011,Excess crowding only,0.029591274447739103,-0.0005837260024767338
2011,Excess crowding only,0.010183376260101799,-0.0016373187873960915
2011,Excess crowding only,0.001146906055509999,-0.001987238673666064
2011,Excess crowding only,0.012373645789921301,-3.365692370601594e-05
2011,Excess crowding only,0.0061210105195642,-0.0029346085861368483
2011,Excess crowding only,-0.0026376349851488998,-0.00014459108055047955
2011,Excess crowding only,-0.0045416941866278995,-0.0011063195903208334
2011,Excess crowding only,-0.004797686822712399,-0.0013458848473506112
2011,Excess crowding only,0.0054523414000869005,-0.0017726099008563505
2011,Excess crowding only,0.0006197290495037998,0.00014007808770017538
2011,Excess crowding only,-0.0037923166528344,0.00013672320215562156
2011,Excess crowding only,-0.0037373360246419993,-0.00029675564370628245
2011,Excess crowding only,0.005573320202529399,-0.0019621054126665095
2011,Excess crowding only,0.0142502272501588,-0.0014203253056624399
2011,Excess crowding only,0.0050273602828382995,-0.00041724342431539486
2011,Excess crowding only,0.0019375449046492993,0.00013842199080667646
2011,Excess crowding only,0.0011496366932987993,0.00014060524643855974
2011,Excess crowding only,0.010318043641745999,-0.001356995137322737
2011,Excess crowding only,0.0020482121035457004,-0.0006590315248661281
2011,Excess crowding only,0.018465471453964703,-0.00015940525277308344
2011,Excess crowding only,0.008868428878486202,8.71809207209524e-05
2011,Excess crowding only,0.022723943926394,-9.167064728511572e-05
2011,Excess crowding only,0.002257897518575202,-0.0004204321179214684
2011,Excess crowding only,-0.007797028869390489,-0.0014427490690075027
2011,Excess crowding only,0.0001674173399805988,-0.001342963767017862
2011,Excess crowding only,-0.0030216611921787,-0.0017343036247025926
2011,Excess crowding only,0.004336076788604301,-0.0009236074745264616
2011,Excess crowding only,0.001294651068747002,-0.00021710664102550964
2011,Excess crowding only,-0.00750414654612541,-0.002219343471195269
2011,Excess crowding only,0.0025707678869366993,-0.0024258444946393203
2011,Excess crowding only,0.002335314638912702,-0.0006702380828700695
2011,Excess crowding only,-0.005789080634713199,-0.0012234988482777214
2011,Excess crowding only,0.0093528414145112,-0.001365378421697063
2011,Excess crowding only,-0.0055173402652144,-0.0007568316610756365
2011,Excess crowding only,-0.0057314150035381005,4.574434050803227e-05
2011,Excess crowding only,0.010638798587024201,-3.4616645109549014e-05
2011,Excess crowding only,-0.0005015796050428997,-0.0007677408002486805
2011,Excess crowding only,-0.002828212454915,1.540186197732346e-05
2011,Excess crowding only,-0.0039543975144625005,-0.0007904346196997885
2011,Excess crowding only,0.0010409271344542018,-0.0014539138838830018
2011,Excess crowding only,-0.0011328151449560998,5.423383576399121e-05
2011,Excess crowding only,-0.0006433697417378009,-0.0008091670755266533
2011,Excess crowding only,-0.00706082675606012,-0.00041357486952183436
2011,Excess crowding only,-0.010003447532653809,-0.0017939516813833029
2011,Excess crowding only,-0.0051085669547319,-0.00019462434973637204
2011,Excess crowding only,-0.0053724078461528,-0.00036863675368960095
2011,Excess crowding only,0.002686670981347599,0.0006369407601649181
2011,Excess crowding only,0.0093126660212874,-0.00035687919514062615
2011,Excess crowding only,0.0018975837156177018,-0.0004557932354571775
2011,Excess crowding only,-0.002993223257362799,-0.0010419224924113808
2011,Excess crowding only,0.011726099066436301,-0.00029748247399864346
2011,Excess crowding only,-0.004358301870524899,0.0005743543048313756
2011,Excess crowding only,-0.002814572304487199,0.0008364975332808451
2011,Excess crowding only,0.005748226307332502,-0.0005127123636068743
2011,Excess crowding only,-0.00924170576035976,0.00010886555521280144
2011,Excess crowding only,-0.0036642076447606,-0.0005462530087249636
2011,Excess crowding only,-0.0001674173399805988,0.0007174128473236285
2011,Excess crowding only,0.004962756298482401,-0.0006496150255404441
2011,Excess crowding only,0.0081911897286773,-0.0007980612000240152
2011,Excess crowding only,-0.006682112812995909,0.0001489642143626282
2011,Excess crowding only,0.005591207183897499,-0.0017712110296777236
2011,Excess crowding only,0.015848063863813898,-0.002230490673290551
2011,Excess crowding only,0.0035040387883782005,-0.0016722115986028663
2011,Excess crowding only,-0.0032718423753976995,-4.905181267883589e-05
2011,Excess crowding only,0.0018355036154389,-0.0013436856206569575
2011,Excess crowding only,-0.007684385403990749,0.00020507441184301295
2011,Excess crowding only,0.0093217575922608,-0.0007548432226360149
2011,Excess crowding only,-0.010238457471132278,-0.00022828379044673492
2011,Excess crowding only,0.0133358566090465,-0.0008603690132302272
2011,Excess crowding only,-0.0019148495048285,-0.0006772201760970428
2011,Excess crowding only,-0.0059036817401648,-0.0010379644224322786
2011,Excess crowding only,0.0029337601736188004,-0.0029793308425362943
2011,Excess crowding only,-0.010553625877946619,0.00021702295171859763
2011,Excess crowding only,-0.003785270266234899,-0.0013870050167650086
2011,Excess crowding only,0.007207165472209499,-0.0014290045354902639
2011,Excess crowding only,0.006253582425415502,-0.00048548939712463084
2011,Excess crowding only,0.0087358234450221,-0.000896379624619986
2011,Excess crowding only,0.0258256616070867,0.0002846491628230253
2011,Excess crowding only,0.028378837741911397,-0.00027048887685429814
2011,Excess crowding only,0.0175542244687676,-0.0011241878528528268
2011,Excess crowding only,0.011869595386087901,-0.00022229872619034698
2011,Excess crowding only,-0.00848511420190334,-0.0006830734092766457
2011,Excess crowding only,-0.0055532241240144,-0.0004756486017816687
2011,Excess crowding only,-0.0033139875158668,-0.0005173598900008188
2011,Excess crowding only,-0.0055144857615232,-2.1863276372396055e-05
2011,Excess crowding only,-0.00666241906583309,-0.002534065381684792
2011,Excess crowding only,-0.0031828340142965005,8.357199831297472e-05
2011,Excess crowding only,0.002362073399126502,-0.00042161819877015215
2011,Excess crowding only,-0.004825080744922199,-0.0007372436003889912
2011,Excess crowding only,-0.01176867401227355,-0.0006642859861900074
2011,Excess crowding only,0.010436042211949801,-0.0014838222413708479
2011,Excess crowding only,-0.013082245131954549,-0.0013646140364865706
2011,Excess crowding only,0.002846390940249001,-0.0005144708239378447
2011,Excess crowding only,-0.0032590962946415,0.00018076972044279977
2011,Excess crowding only,-0.014588849968276918,-0.0007201020011527385
2011,Excess crowding only,-0.0037457272410393004,-0.0006573052433646861
2011,Supply growth only,-0.0061403447762132,0.0008158724150357604
2011,Supply growth only,-0.00823571905493736,0.0003140663815865511
2011,Supply growth only,-0.003870855085551699,0.00027099223820638
2011,Supply growth only,-0.0020179469138384004,-0.00017748434362540243
2011,Supply growth only,0.029591274447739103,0.0008837724906623403
2011,Supply growth only,0.010183376260101799,0.0004092889955431761
2011,Supply growth only,0.001146906055509999,0.0003126662136307141
2011,Supply growth only,0.012373645789921301,0.00040171154146505814
2011,Supply growth only,0.0061210105195642,-0.0002098419740253982
2011,Supply growth only,-0.0026376349851488998,-3.549082694144273e-05
2011,Supply growth only,-0.0045416941866278995,-0.00032441814850216373
2011,Supply growth only,-0.004797686822712399,9.656554956803459e-05
2011,Supply growth only,0.0054523414000869005,0.0005220056104564556
2011,Supply growth only,0.0006197290495037998,0.0003330951419050444
2011,Supply growth only,-0.0037923166528344,-0.004598810231584299
2011,Supply growth only,-0.0037373360246419993,-0.0002215046292113593
2011,Supply growth only,0.005573320202529399,0.0005220056104564556
2011,Supply growth only,0.0142502272501588,0.00032866041273089616
2011,Supply growth only,0.0050273602828382995,-0.0005707283891986967
2011,Supply growth only,0.0019375449046492993,0.00044487863679096556
2011,Supply growth only,0.0011496366932987993,0.0002078851612206514
2011,Supply growth only,0.010318043641745999,0.0005081379673126081
2011,Supply growth only,0.0020482121035457004,-5.519039838105882e-05
2011,Supply growth only,0.018465471453964703,0.0004380648249612841
2011,Supply growth only,0.008868428878486202,0.0003270603759196498
2011,Supply growth only,0.022723943926394,0.0005237415284608792
2011,Supply growth only,0.002257897518575202,0.000563114174828228
2011,Supply growth only,-0.007797028869390489,-0.0019657746952160054
2011,Supply growth only,0.0001674173399805988,0.0004967026426336276
2011,Supply growth only,-0.0030216611921787,-0.003978622913142641
2011,Supply growth only,0.004336076788604301,0.00025640320411127843
2011,Supply growth only,0.001294651068747002,-0.00014754324314878993
2011,Supply growth only,-0.00750414654612541,0.00012371105672223556
2011,Supply growth only,0.0025707678869366993,0.0005220056104564556
2011,Supply growth only,0.002335314638912702,0.00042967544578787197
2011,Supply growth only,-0.005789080634713199,0.0005220056104564556
2011,Supply growth only,0.0093528414145112,0.0005220056104564556
2011,Supply growth only,-0.0055173402652144,-0.0006904291377081754
2011,Supply growth only,-0.0057314150035381005,0.0006222035410523044
2011,Supply growth only,0.010638798587024201,0.0004862860941046054
2011,Supply growth only,-0.0005015796050428997,0.0005220056104564556
2011,Supply growth only,-0.002828212454915,0.0003847046440891501
2011,Supply growth only,-0.0039543975144625005,0.0007205298137613336
2011,Supply growth only,0.0010409271344542018,0.0005150211704972249
2011,Supply growth only,-0.0011328151449560998,0.00030293469019854386
2011,Supply growth only,-0.0006433697417378009,-0.001723486423987802
2011,Supply growth only,-0.00706082675606012,0.00047122186821058195
2011,Supply growth only,-0.010003447532653809,0.0005434971321069274
2011,Supply growth only,-0.0051085669547319,0.0005220056104564556
2011,Supply growth only,-0.0053724078461528,-0.0008526913336481395
2011,Supply growth only,0.002686670981347599,0.0005149813253405569
2011,Supply growth only,0.0093126660212874,0.00040752887369212255
2011,Supply growth only,0.0018975837156177018,-0.00044992366028457297
2011,Supply growth only,-0.002993223257362799,0.0007869891227878231
2011,Supply growth only,0.011726099066436301,0.00031102148139785417
2011,Supply growth only,-0.004358301870524899,6.902375948342177e-05
2011,Supply growth only,-0.002814572304487199,0.00015987650113935206
2011,Supply growth only,0.005748226307332502,-0.00030457342076098013
2011,Supply growth only,-0.00924170576035976,0.00031602134872433596
2011,Supply growth only,-0.0036642076447606,-0.0005479735440762023
2011,Supply growth only,-0.0001674173399805988,9.72244469243874e-05
2011,Supply growth only,0.004962756298482401,0.0005220056104564556
2011,Supply growth only,0.0081911897286773,-0.00018786571868996567
2011,Supply growth only,-0.006682112812995909,-5.293636870749678e-05
2011,Supply growth only,0.005591207183897499,0.0003215847979952442
2011,Supply growth only,0.015848063863813898,0.000509296688939759
2011,Supply growth only,0.0035040387883782005,0.00010198933334608774
2011,Supply growth only,-0.0032718423753976995,0.00039708565600103446
2011,Supply growth only,0.0018355036154389,0.0005002769676502733
2011,Supply growth only,-0.007684385403990749,0.00038492047272529356
2011,Supply growth only,0.0093217575922608,0.0003437249471267368
2011,Supply growth only,-0.010238457471132278,0.0003458196513183364
2011,Supply growth only,0.0133358566090465,0.00032183691075211477
2011,Supply growth only,-0.0019148495048285,0.0005220056104564556
2011,Supply growth only,-0.0059036817401648,-0.000973802380236145
2011,Supply growth only,0.0029337601736188004,0.0005311977927524692
2011,Supply growth only,-0.010553625877946619,0.0003093108431565123
2011,Supply growth only,-0.003785270266234899,0.00037315624056502784
2011,Supply growth only,0.007207165472209499,0.00030134303999224837
2011,Supply growth only,0.006253582425415502,-0.0004597581013495507
2011,Supply growth only,0.0087358234450221,-0.00011273945221596036
2011,Supply growth only,0.0258256616070867,0.0005326955432579558
2011,Supply growth only,0.028378837741911397,0.00036473486074484
2011,Supply growth only,0.0175542244687676,0.0005220056104564556
2011,Supply growth only,0.011869595386087901,0.00022304032776708347
2011,Supply growth only,-0.00848511420190334,0.0005220056104564556
2011,Supply growth only,-0.0055532241240144,0.0004769770829379928
2011,Supply growth only,-0.0033139875158668,0.00045891723798532127
2011,Supply growth only,-0.0055144857615232,0.0003750118090856962
2011,Supply growth only,-0.00666241906583309,0.0004789389388119167
2011,Supply growth only,-0.0031828340142965005,0.0005220056104564556
2011,Supply growth only,0.002362073399126502,0.00024105435031629424
2011,Supply growth only,-0.004825080744922199,-0.00034067800647419875
2011,Supply growth only,-0.01176867401227355,-5.124834934703247e-05
2011,Supply growth only,0.010436042211949801,0.0005220056104564556
2011,Supply growth only,-0.013082245131954549,-0.0003771067670454292
2011,Supply growth only,0.002846390940249001,-0.0002102601005205516
2011,Supply growth only,-0.0032590962946415,0.0005220056104564556
2011,Supply growth only,-0.014588849968276918,0.00020303367160684645
2011,Supply growth only,-0.0037457272410393004,0.00025341234894811764
2011,Lagged rent growth only,-0.0061403447762132,-0.00027947520896386385
2011,Lagged rent growth only,-0.00823571905493736,-0.00031012961523733566
2011,Lagged rent growth only,-0.003870855085551699,-0.00011029042619935107
2011,Lagged rent growth only,-0.0020179469138384004,-0.0001934132527680225
2011,Lagged rent growth only,0.029591274447739103,-0.0005242832661616413
2011,Lagged rent growth only,0.010183376260101799,-0.0006763511347534499
2011,Lagged rent growth only,0.001146906055509999,-0.0003864797194338547
2011,Lagged rent growth only,0.012373645789921301,-0.0006585433521134822
2011,Lagged rent growth only,0.0061210105195642,-0.0003260851120935027
2011,Lagged rent growth only,-0.0026376349851488998,-0.0004327362705663427
2011,Lagged rent growth only,-0.0045416941866278995,-0.00041266491443965603
2011,Lagged rent growth only,-0.004797686822712399,-0.000523219634968595
2011,Lagged rent growth only,0.0054523414000869005,-0.0005049125100265457
2011,Lagged rent growth only,0.0006197290495037998,-0.0004728938417063231
2011,Lagged rent growth only,-0.0037923166528344,-0.0004550164036753765
2011,Lagged rent growth only,-0.0037373360246419993,-0.00034887606302972177
2011,Lagged rent growth only,0.005573320202529399,-0.00041788111611954805
2011,Lagged rent growth only,0.0142502272501588,-0.000505717994224783
2011,Lagged rent growth only,0.0050273602828382995,-0.000356472895528395
2011,Lagged rent growth only,0.0019375449046492993,-0.0003423851014228842
2011,Lagged rent growth only,0.0011496366932987993,-0.0004773504264083783
2011,Lagged rent growth only,0.010318043641745999,-0.0006467791600013871
2011,Lagged rent growth only,0.0020482121035457004,-0.00031567124746196347
2011,Lagged rent growth only,0.018465471453964703,-0.0009533621488334127
2011,Lagged rent growth only,0.008868428878486202,-0.0005877579183918358
2011,Lagged rent growth only,0.022723943926394,-0.0008148739074011097
2011,Lagged rent growth only,0.002257897518575202,-0.0003955559180304718
2011,Lagged rent growth only,-0.007797028869390489,-0.00022435221020804683
2011,Lagged rent growth only,0.0001674173399805988,-0.0004400307630905498
2011,Lagged rent growth only,-0.0030216611921787,-0.00010111239103744281
2011,Lagged rent growth only,0.004336076788604301,-0.00026858933052239706
2011,Lagged rent growth only,0.001294651068747002,-0.0002703083397669217
2011,Lagged rent growth only,-0.00750414654612541,-0.000341275184449251
2011,Lagged rent growth only,0.0025707678869366993,-0.0005147619636870661
2011,Lagged rent growth only,0.002335314638912702,-0.0004756447587697857
2011,Lagged rent growth only,-0.005789080634713199,-0.00042467867306274606
2011,Lagged rent growth only,0.0093528414145112,-0.0005787126234889627
2011,Lagged rent growth only,-0.0055173402652144,-0.00038160677198662447
2011,Lagged rent growth only,-0.0057314150035381005,-0.00028000784424075335
2011,Lagged rent growth only,0.010638798587024201,-0.0006640068182233463
2011,Lagged rent growth only,-0.0005015796050428997,-5.9924514379236624e-05
2011,Lagged rent growth only,-0.002828212454915,-0.00032467013450419597
2011,Lagged rent growth only,-0.0039543975144625005,-0.0003599558045974101
2011,Lagged rent growth only,0.0010409271344542018,-0.0003113394285753976
2011,Lagged rent growth only,-0.0011328151449560998,-0.00041282661819157273
2011,Lagged rent growth only,-0.0006433697417378009,-0.00040525364362351256
2011,Lagged rent growth only,-0.00706082675606012,-0.00030660975079188494
2011,Lagged rent growth only,-0.010003447532653809,-0.0004650295492486977
2011,Lagged rent growth only,-0.0051085669547319,-0.0003625639926373954
2011,Lagged rent growth only,-0.0053724078461528,-0.00015110880795322538
2011,Lagged rent growth only,0.002686670981347599,-0.0005188416000614733
2011,Lagged rent growth only,0.0093126660212874,-0.0004610366594728701
2011,Lagged rent growth only,0.0018975837156177018,-0.0004264810629843534
2011,Lagged rent growth only,-0.002993223257362799,-0.0002554927392577199
2011,Lagged rent growth only,0.011726099066436301,-0.0006053424689325213
2011,Lagged rent growth only,-0.004358301870524899,-0.000331992426400766
2011,Lagged rent growth only,-0.002814572304487199,-0.00030868739635591237
2011,Lagged rent growth only,0.005748226307332502,-0.000504448675580256
2011,Lagged rent growth only,-0.00924170576035976,-0.0003714270045791982
2011,Lagged rent growth only,-0.0036642076447606,-0.000454386296195137
2011,Lagged rent growth only,-0.0001674173399805988,-0.00039338627642552935
2011,Lagged rent growth only,0.004962756298482401,-0.0005795632424272735
2011,Lagged rent growth only,0.0081911897286773,-0.0005873780750229019
2011,Lagged rent growth only,-0.006682112812995909,-0.0003444029800803306
2011,Lagged rent growth only,0.005591207183897499,-0.0005405513053968111
2011,Lagged rent growth only,0.015848063863813898,-0.0006848865535895561
2011,Lagged rent growth only,0.0035040387883782005,-0.0004346656586244331
2011,Lagged rent growth only,-0.0032718423753976995,-0.0002844293396472013
2011,Lagged rent growth only,0.0018355036154389,-0.000468571649704039
2011,Lagged rent growth only,-0.007684385403990749,-0.00025506125602582
2011,Lagged rent growth only,0.0093217575922608,-0.0006789727864794231
2011,Lagged rent growth only,-0.010238457471132278,-0.00045841905382869617
2011,Lagged rent growth only,0.0133358566090465,-0.0004597495171404171
2011,Lagged rent growth only,-0.0019148495048285,-0.000591851227732326
2011,Lagged rent growth only,-0.0059036817401648,-0.00045441545588810646
2011,Lagged rent growth only,0.0029337601736188004,-0.0005561229302422533
2011,Lagged rent growth only,-0.010553625877946619,-0.00031715502588187006
2011,Lagged rent growth only,-0.003785270266234899,-0.0006205385755309529
2011,Lagged rent growth only,0.007207165472209499,-0.000507983486112355
2011,Lagged rent growth only,0.006253582425415502,-0.00042567760182701667
2011,Lagged rent growth only,0.0087358234450221,-0.0006445805331035538
2011,Lagged rent growth only,0.0258256616070867,-0.0008006248629838831
2011,Lagged rent growth only,0.028378837741911397,-0.0010331176761444853
2011,Lagged rent growth only,0.0175542244687676,-0.0010645938207034225
2011,Lagged rent growth only,0.011869595386087901,-0.0006547844723617301
2011,Lagged rent growth only,-0.00848511420190334,-0.0002989329907376652
2011,Lagged rent growth only,-0.0055532241240144,-0.0004580643240709306
2011,Lagged rent growth only,-0.0033139875158668,-0.0003001414088751061
2011,Lagged rent growth only,-0.0055144857615232,-0.0003532250080039049
2011,Lagged rent growth only,-0.00666241906583309,-0.0005184743832581546
2011,Lagged rent growth only,-0.0031828340142965005,-0.0003757220599294134
2011,Lagged rent growth only,0.002362073399126502,-0.0004657630759749313
2011,Lagged rent growth only,-0.004825080744922199,-0.00034712376081039083
2011,Lagged rent growth only,-0.01176867401227355,-0.00044769864618082115
2011,Lagged rent growth only,0.010436042211949801,-0.0007108621197021252
2011,Lagged rent growth only,-0.013082245131954549,-0.00019944998937284605
2011,Lagged rent growth only,0.002846390940249001,-0.00027058793797127354
2011,Lagged rent growth only,-0.0032590962946415,-0.00041308961350853917
2011,Lagged rent growth only,-0.014588849968276918,-0.0005557580852799905
2011,Lagged rent growth only,-0.0037457272410393004,-0.0003836629140210883
2011,Occupancy only,-0.0061403447762132,0.006875044098487326
2011,Occupancy only,-0.00823571905493736,0.009799861170468493
2011,Occupancy only,-0.003870855085551699,0.0017356745005356333
2011,Occupancy only,-0.0020179469138384004,0.006941360156383691
2011,Occupancy only,0.029591274447739103,0.01010629714170086
2011,Occupancy only,0.010183376260101799,-0.006455066353957262
2011,Occupancy only,0.001146906055509999,-0.010983104307085045
2011,Occupancy only,0.012373645789921301,0.0027851167500670404
2011,Occupancy only,0.0061210105195642,0.005682916168831098
2011,Occupancy only,-0.0026376349851488998,0.005451018114524697
2011,Occupancy only,-0.0045416941866278995,-0.0026791307611434
2011,Occupancy only,-0.004797686822712399,-0.002723799392733206
2011,Occupancy only,0.0054523414000869005,0.004362069311984129
2011,Occupancy only,0.0006197290495037998,0.010541618558788157
2011,Occupancy only,-0.0037923166528344,0.0008386592729672238
2011,Occupancy only,-0.0037373360246419993,0.0003399983191010869
2011,Occupancy only,0.005573320202529399,0.0002537208363705412
2011,Occupancy only,0.0142502272501588,0.0006136092987131248
2011,Occupancy only,0.0050273602828382995,-0.0019779831119812186
2011,Occupancy only,0.0019375449046492993,0.0018172478310111706
2011,Occupancy only,0.0011496366932987993,5.396088419551415e-05
2011,Occupancy only,0.010318043641745999,-0.0052469110029011445
2011,Occupancy only,0.0020482121035457004,0.0063418929663619505
2011,Occupancy only,0.018465471453964703,0.006418075255093858
2011,Occupancy only,0.008868428878486202,-0.0030554421267130483
2011,Occupancy only,0.022723943926394,0.003737582692712571
2011,Occupancy only,0.002257897518575202,0.0022056734293790514
2011,Occupancy only,-0.007797028869390489,-0.006196213090932656
2011,Occupancy only,0.0001674173399805988,0.0121730435386318
2011,Occupancy only,-0.0030216611921787,-0.026222309611418027
2011,Occupancy only,0.004336076788604301,0.00531649184893046
2011,Occupancy only,0.001294651068747002,-0.005398692765041235
2011,Occupancy only,-0.00750414654612541,0.004905232378776214
2011,Occupancy only,0.0025707678869366993,-0.003288776404495708
2011,Occupancy only,0.002335314638912702,0.009804086581564675
2011,Occupancy only,-0.005789080634713199,-0.005187026728397881
2011,Occupancy only,0.0093528414145112,-1.223028470243026e-05
2011,Occupancy only,-0.0055173402652144,0.00280280935810584
2011,Occupancy only,-0.0057314150035381005,0.007870742449246737
2011,Occupancy only,0.010638798587024201,-0.006699890419548604
2011,Occupancy only,-0.0005015796050428997,-0.002621494488602827
2011,Occupancy only,-0.002828212454915,-0.005231154174330066
2011,Occupancy only,-0.0039543975144625005,-0.005552285417651404
2011,Occupancy only,0.0010409271344542018,-0.009769849321947188
2011,Occupancy only,-0.0011328151449560998,-0.0027744418813904215
2011,Occupancy only,-0.0006433697417378009,-0.00035992125491518534
2011,Occupancy only,-0.00706082675606012,0.0009756625036864697
2011,Occupancy only,-0.010003447532653809,-0.008114466469335502
2011,Occupancy only,-0.0051085669547319,0.008223699572204701
2011,Occupancy only,-0.0053724078461528,-0.0026499275504628383
2011,Occupancy only,0.002686670981347599,0.009853792402737427
2011,Occupancy only,0.0093126660212874,0.0016923796479229036
2011,Occupancy only,0.0018975837156177018,-0.01181663429404356
2011,Occupancy only,-0.002993223257362799,-0.016199905083747745
2011,Occupancy only,0.011726099066436301,0.008431743827908345
2011,Occupancy only,-0.004358301870524899,0.008992974169732992
2011,Occupancy only,-0.002814572304487199,0.007835731900162901
2011,Occupancy only,0.005748226307332502,0.005175055058784683
2011,Occupancy only,-0.00924170576035976,0.006465553889136999
2011,Occupancy only,-0.0036642076447606,-0.004123326318270504
2011,Occupancy only,-0.0001674173399805988,0.013786401243443158
2011,Occupancy only,0.004962756298482401,-0.003334839629895614
2011,Occupancy only,0.0081911897286773,-0.0036359261890504535
2011,Occupancy only,-0.006682112812995909,0.0032665430222200698
2011,Occupancy only,0.005591207183897499,-0.0018609413060960978
2011,Occupancy only,0.015848063863813898,0.007591220057066139
2011,Occupancy only,0.0035040387883782005,-0.0084752291546637
2011,Occupancy only,-0.0032718423753976995,0.0031147612600799235
2011,Occupancy only,0.0018355036154389,-0.007481591472370042
2011,Occupancy only,-0.007684385403990749,0.005666784673266256
2011,Occupancy only,0.0093217575922608,0.008683020491725812
2011,Occupancy only,-0.010238457471132278,0.006330403178553212
2011,Occupancy only,0.0133358566090465,0.005166999718418774
2011,Occupancy only,-0.0019148495048285,0.001793602180738041
2011,Occupancy only,-0.0059036817401648,-0.0018666029406685936
2011,Occupancy only,0.0029337601736188004,0.0032807595531502143
2011,Occupancy only,-0.010553625877946619,0.005644616876135489
2011,Occupancy only,-0.003785270266234899,0.0035442337090975107
2011,Occupancy only,0.007207165472209499,0.0019034628692428668
2011,Occupancy only,0.006253582425415502,-0.003139950348639675
2011,Occupancy only,0.0087358234450221,0.008569766985444316
2011,Occupancy only,0.0258256616070867,0.01048539769489043
2011,Occupancy only,0.028378837741911397,0.011362347423459707
2011,Occupancy only,0.0175542244687676,0.00925249350741325
2011,Occupancy only,0.011869595386087901,0.004012962933128528
2011,Occupancy only,-0.00848511420190334,-0.0002660671729772246
2011,Occupancy only,-0.0055532241240144,0.003647079798885844
2011,Occupancy only,-0.0033139875158668,0.0031998939269960447
2011,Occupancy only,-0.0055144857615232,-0.006906748229772053
2011,Occupancy only,-0.00666241906583309,0.0041192226555266664
2011,Occupancy only,-0.0031828340142965005,0.009049944367617968
2011,Occupancy only,0.002362073399126502,-0.003985552938730597
2011,Occupancy only,-0.004825080744922199,-0.0027771478096787483
2011,Occupancy only,-0.01176867401227355,-0.009661175078922557
2011,Occupancy only,0.010436042211949801,0.010660325551312189
2011,Occupancy only,-0.013082245131954549,-7.180233671111313e-05
2011,Occupancy only,0.002846390940249001,0.0047012678303380295
2011,Occupancy only,-0.0032590962946415,-0.0033753661097207788
2011,Occupancy only,-0.014588849968276918,-0.013412341020481944
2011,Occupancy only,-0.0037457272410393004,0.007295753502817581
2011,Absorption only,-0.0061403447762132,-0.003149134497962918
2011,Absorption only,-0.00823571905493736,-0.0028976875883824416
2011,Absorption only,-0.003870855085551699,-0.004335042494251411
2011,Absorption only,-0.0020179469138384004,-0.00039654018315148
2011,Absorption only,0.029591274447739103,-0.0030431160438130923
2011,Absorption only,0.010183376260101799,-0.00350548972081207
2011,Absorption only,0.001146906055509999,-0.0029870539293150172
2011,Absorption only,0.012373645789921301,-0.0014542269076671475
2011,Absorption only,0.0061210105195642,-0.0010093379495462827
2011,Absorption only,-0.0026376349851488998,-0.0017792206506238115
2011,Absorption only,-0.0045416941866278995,-0.0002938521516451043
2011,Absorption only,-0.004797686822712399,-0.0011531011936552083
2011,Absorption only,0.0054523414000869005,-0.0026176545511123533
2011,Absorption only,0.0006197290495037998,-0.0026398573687353532
2011,Absorption only,-0.0037923166528344,0.011769771268591715
2011,Absorption only,-0.0037373360246419993,0.0003761178701289238
2011,Absorption only,0.005573320202529399,-0.0022668500326689513
2011,Absorption only,0.0142502272501588,-0.001981266290993112
2011,Absorption only,0.0050273602828382995,0.0001082963825514852
2011,Absorption only,0.0019375449046492993,-0.0021203114363571507
2011,Absorption only,0.0011496366932987993,-0.0015527519108692106
2011,Absorption only,0.010318043641745999,-0.005626413874249155
2011,Absorption only,0.0020482121035457004,0.00018656131467256016
2011,Absorption only,0.018465471453964703,-0.0030642087205549427
2011,Absorption only,0.008868428878486202,-0.0007240317430907313
2011,Absorption only,0.022723943926394,-0.002886863714791229
2011,Absorption only,0.002257897518575202,-0.0026035002548776905
2011,Absorption only,-0.007797028869390489,0.003337696205816851
2011,Absorption only,0.0001674173399805988,-0.003557111271785545
2011,Absorption only,-0.0030216611921787,0.009473722391153218
2011,Absorption only,0.004336076788604301,-0.00043289729700914234
2011,Absorption only,0.001294651068747002,0.0003777830814506492
2011,Absorption only,-0.00750414654612541,-0.0027164570895347037
2011,Absorption only,0.0025707678869366993,-0.0032656992904836687
2011,Absorption only,0.002335314638912702,-0.0012502385207558337
2011,Absorption only,-0.005789080634713199,-0.002758919978238691
2011,Absorption only,0.0093528414145112,-0.0024761115887657276
2011,Absorption only,-0.0055173402652144,0.0009006594364723013
2011,Absorption only,-0.0057314150035381005,-0.0036847774731177956
2011,Absorption only,0.010638798587024201,-0.00045287983286984275
2011,Absorption only,-0.0005015796050428997,-0.0025912887051850403
2011,Absorption only,-0.002828212454915,-0.0010323733728301453
2011,Absorption only,-0.0039543975144625005,-0.002198576368478226
2011,Absorption only,0.0010409271344542018,-0.0022674051031095262
2011,Absorption only,-0.0011328151449560998,-0.00022890891009782902
2011,Absorption only,-0.0006433697417378009,0.004023485735147266
2011,Absorption only,-0.00706082675606012,-0.0017864365663512864
2011,Absorption only,-0.010003447532653809,-0.0027289461744476407
2011,Absorption only,-0.0051085669547319,-0.0018075292430931363
2011,Absorption only,-0.0053724078461528,0.0015115144563250913
2011,Absorption only,0.002686670981347599,-0.003073922453265005
2011,Absorption only,0.0093126660212874,-0.0031002882991923177
2011,Absorption only,0.0018975837156177018,-0.0010237697810012328
2011,Absorption only,-0.002993223257362799,-0.0043145048879501356
2011,Absorption only,0.011726099066436301,-0.0027861184298268666
2011,Absorption only,-0.004358301870524899,-0.0010504131621488326
2011,Absorption only,-0.002814572304487199,-0.00142730599129926
2011,Absorption only,0.005748226307332502,0.0002556675845241485
2011,Absorption only,-0.00924170576035976,-0.0027411577241402913
2011,Absorption only,-0.0036642076447606,0.000591485201072025
2011,Absorption only,-0.0001674173399805988,-0.0020287248136622747
2011,Absorption only,0.004962756298482401,-0.002151117845809063
2011,Absorption only,0.0081911897286773,-0.0009602142155553952
2011,Absorption only,-0.006682112812995909,-0.00040153581711665446
2011,Absorption only,0.005591207183897499,-0.000538915751158968
2011,Absorption only,0.015848063863813898,-0.0026412450448367905
2011,Absorption only,0.0035040387883782005,-0.001156709151518946
2011,Absorption only,-0.0032718423753976995,-0.0030375653394073424
2011,Absorption only,0.0018355036154389,-0.00029135433466251663
2011,Absorption only,-0.007684385403990749,-0.002576024268069228
2011,Absorption only,0.0093217575922608,-0.003508542608235232
2011,Absorption only,-0.010238457471132278,-0.0012335864075385837
2011,Absorption only,0.0133358566090465,-0.00144395810451651
2011,Absorption only,-0.0019148495048285,-0.001685968816607211
2011,Absorption only,-0.0059036817401648,-0.0001023528496467284
2011,Absorption only,0.0029337601736188004,-0.003941775087104022
2011,Absorption only,-0.010553625877946619,-0.0006263393455495309
2011,Absorption only,-0.003785270266234899,-0.00364314719007467
2011,Absorption only,0.007207165472209499,-0.0005294795536691932
2011,Absorption only,0.006253582425415502,-0.0004953427215738299
2011,Absorption only,0.0087358234450221,-0.0008739007620459822
2011,Absorption only,0.0258256616070867,-0.002886308644350654
2011,Absorption only,0.028378837741911397,-0.003256540628214181
2011,Absorption only,0.0175542244687676,-0.0031816061187365558
2011,Absorption only,0.011869595386087901,-0.0024236574321313898
2011,Absorption only,-0.00848511420190334,-0.0033314751376918063
2011,Absorption only,-0.0055532241240144,-0.0038851579021653717
2011,Absorption only,-0.0033139875158668,-0.0012457979572312343
2011,Absorption only,-0.0055144857615232,-0.0037022621919959083
2011,Absorption only,-0.00666241906583309,-0.006510918621305421
2011,Absorption only,-0.0031828340142965005,-0.0027475410342069034
2011,Absorption only,0.002362073399126502,-0.0025546540561070903
2011,Absorption only,-0.004825080744922199,0.0006078597790689874
2011,Absorption only,-0.01176867401227355,-0.0009460599193207323
2011,Absorption only,0.010436042211949801,-0.004263993477857811
2011,Absorption only,-0.013082245131954549,-0.00148614345800021
2011,Absorption only,0.002846390940249001,-0.001583558320321123
2011,Absorption only,-0.0032590962946415,-0.003133592525626818
2011,Absorption only,-0.014588849968276918,-0.002101716576597888
2011,Absorption only,-0.0037457272410393004,-0.0015133419095883852
2011,All predictors,-0.0061403447762132,0.0034317685744401916
2011,All predictors,-0.00823571905493736,0.005155166487951696
2011,All predictors,-0.003870855085551699,-0.000997511140004903
2011,All predictors,-0.0020179469138384004,0.004686061633954436
2011,All predictors,0.029591274447739103,0.005285414187705784
2011,All predictors,0.010183376260101799,-0.008316217785358432
2011,All predictors,0.001146906055509999,-0.009984757716311937
2011,All predictors,0.012373645789921301,0.003633600812004756
2011,All predictors,0.0061210105195642,-0.0042764869245656145
2011,All predictors,-0.0026376349851488998,0.0022414864299838966
2011,All predictors,-0.0045416941866278995,-0.0025504831009821316
2011,All predictors,-0.004797686822712399,-0.002884104520822911
2011,All predictors,0.0054523414000869005,-0.0013793845245863856
2011,All predictors,0.0006197290495037998,0.005420156853549879
2011,All predictors,-0.0037923166528344,0.0019744331180631125
2011,All predictors,-0.0037373360246419993,0.0028067052495473754
2011,All predictors,0.005573320202529399,-0.002783747349893534
2011,All predictors,0.0142502272501588,-0.0019037243493796874
2011,All predictors,0.0050273602828382995,-0.0008144891336561155
2011,All predictors,0.0019375449046492993,0.0035243821446013512
2011,All predictors,0.0011496366932987993,0.002222048915674346
2011,All predictors,0.010318043641745999,-0.010307872926927558
2011,All predictors,0.0020482121035457004,0.005029706674855888
2011,All predictors,0.018465471453964703,0.0013553070759831365
2011,All predictors,0.008868428878486202,0.0025663443388819762
2011,All predictors,0.022723943926394,0.0015102416098463078
2011,All predictors,0.002257897518575202,0.001803580797411941
2011,All predictors,-0.007797028869390489,-0.006336763604155415
2011,All predictors,0.0001674173399805988,0.0014590507509159856
2011,All predictors,-0.0030216611921787,-0.014655617117485031
2011,All predictors,0.004336076788604301,0.004495015397994656
2011,All predictors,0.001294651068747002,0.0011406972239202118
2011,All predictors,-0.00750414654612541,-0.004128853747010913
2011,All predictors,0.0025707678869366993,-0.007602277446848327
2011,All predictors,0.002335314638912702,0.0059624835841189106
2011,All predictors,-0.005789080634713199,-0.004075796079429983
2011,All predictors,0.0093528414145112,-0.0021202902633052356
2011,All predictors,-0.0055173402652144,0.0010941990570700888
2011,All predictors,-0.0057314150035381005,0.004127457446738508
2011,All predictors,0.010638798587024201,0.0017858166796864694
2011,All predictors,-0.0005015796050428997,-0.0004967966414321234
2011,All predictors,-0.002828212454915,0.0018735299368898006
2011,All predictors,-0.0039543975144625005,-0.000876064996678777
2011,All predictors,0.0010409271344542018,-0.005504351248862893
2011,All predictors,-0.0011328151449560998,0.003834571543680221
2011,All predictors,-0.0006433697417378009,-0.00013369891087053332
2011,All predictors,-0.00706082675606012,0.002534145801003307
2011,All predictors,-0.010003447532653809,-0.00678888515684159
2011,All predictors,-0.0051085669547319,0.006308298669500612
2011,All predictors,-0.0053724078461528,0.000656786416458971
2011,All predictors,0.002686670981347599,0.006470846685132869
2011,All predictors,0.0093126660212874,-0.00012331421615649485
2011,All predictors,0.0018975837156177018,-0.006762424646867493
2011,All predictors,-0.002993223257362799,-0.009337810051349371
2011,All predictors,0.011726099066436301,0.002624054984398244
2011,All predictors,-0.004358301870524899,0.007795837107348436
2011,All predictors,-0.002814572304487199,0.007839842124589824
2011,All predictors,0.005748226307332502,0.0032571322343618314
2011,All predictors,-0.00924170576035976,0.003580453708024983
2011,All predictors,-0.0036642076447606,-0.0013455302759261267
2011,All predictors,-0.0001674173399805988,0.008448167590204891
2011,All predictors,0.004962756298482401,-0.0010658950496475472
2011,All predictors,0.0081911897286773,-0.0031099767053764105
2011,All predictors,-0.006682112812995909,0.004718915305634008
2011,All predictors,0.005591207183897499,-0.0014141424103259748
2011,All predictors,0.015848063863813898,-0.0017875758281276077
2011,All predictors,0.0035040387883782005,-0.00596805971115652
2011,All predictors,-0.0032718423753976995,0.001830914346638457
2011,All predictors,0.0018355036154389,-0.0011395719357274459
2011,All predictors,-0.007684385403990749,0.004453379788064149
2011,All predictors,0.0093217575922608,0.00018517178101160048
2011,All predictors,-0.010238457471132278,0.005283216374228933
2011,All predictors,0.0133358566090465,0.002599040878814879
2011,All predictors,-0.0019148495048285,0.0018773212184876598
2011,All predictors,-0.0059036817401648,-0.005129135470106155
2011,All predictors,0.0029337601736188004,-0.007529787526630416
2011,All predictors,-0.010553625877946619,0.007453638924969835
2011,All predictors,-0.003785270266234899,-0.003639079840132342
2011,All predictors,0.007207165472209499,0.001111248898411521
2011,All predictors,0.006253582425415502,-0.0021997585535971087
2011,All predictors,0.0087358234450221,0.0022726470064740323
2011,All predictors,0.0258256616070867,0.0054954814756405235
2011,All predictors,0.028378837741911397,0.002250963679512774
2011,All predictors,0.0175542244687676,-5.67213126681787e-05
2011,All predictors,0.011869595386087901,0.000995024910432185
2011,All predictors,-0.00848511420190334,-0.001231224273532533
2011,All predictors,-0.0055532241240144,-0.0006532849993522993
2011,All predictors,-0.0033139875158668,0.004148922469388139
2011,All predictors,-0.0055144857615232,-0.003907807651598649
2011,All predictors,-0.00666241906583309,-0.010812441596522337
2011,All predictors,-0.0031828340142965005,0.005663653859557
2011,All predictors,0.002362073399126502,-0.0026194509018364898
2011,All predictors,-0.004825080744922199,0.00010843679902280967
2011,All predictors,-0.01176867401227355,-0.004248890020948776
2011,All predictors,0.010436042211949801,-0.0014306360581184951
2011,All predictors,-0.013082245131954549,-0.003981500355785039
2011,All predictors,0.002846390940249001,0.0008207275435079264
2011,All predictors,-0.0032590962946415,-0.00022210115494314397
2011,All predictors,-0.014588849968276918,-0.0070792484281131385
2011,All predictors,-0.0037457272410393004,0.0037758541642956556
2012,Excess crowding only,-0.008017351850867301,-5.569581251846681e-05
2012,Excess crowding only,-0.006380360573530201,-0.00018382805985762925
2012,Excess crowding only,-0.0170520730316639,-0.00013323535127952437
2012,Excess crowding only,-0.012613189406692982,-0.00016566461925610271
2012,Excess crowding only,0.005055765621364098,0.00014006342556799234
2012,Excess crowding only,0.013176417909562598,0.00020653296759061372
2012,Excess crowding only,-0.002303150482475801,0.0003559658815144662
2012,Excess crowding only,0.0122254556044936,-9.550376830357366e-05
2012,Excess crowding only,-0.005528313107788599,0.0006283162952064346
2012,Excess crowding only,0.0001670187339186998,-0.00013507161964759122
2012,Excess crowding only,-0.0009048217907548003,9.610395261508854e-05
2012,Excess crowding only,0.004998966120183497,-2.7393698390254956e-05
2012,Excess crowding only,0.004021338187158099,0.0002314754211820363
2012,Excess crowding only,0.0023114932700991995,-0.0001995648413757445
2012,Excess crowding only,0.0013568112626671982,7.864517289138344e-05
2012,Excess crowding only,-0.0043112421408296,-8.858956774059526e-05
2012,Excess crowding only,-0.0006262687966228,0.00024653985135047053
2012,Excess crowding only,0.0040643522515893,0.00013992168960095681
2012,Excess crowding only,-0.0039055598899722013,4.5024310117181996e-05
2012,Excess crowding only,-0.004657869227230502,-0.00021346301743934356
2012,Excess crowding only,0.0025494815781713,-0.00021654634769811896
2012,Excess crowding only,0.011597230099141594,0.00017683473849715713
2012,Excess crowding only,-0.006084429100155801,-4.2805335012497474e-05
2012,Excess crowding only,0.0279692215844989,-0.0001141071768919694
2012,Excess crowding only,0.0084454072639346,-0.00021176402355753366
2012,Excess crowding only,0.020573741756379594,-0.00014442703711420015
2012,Excess crowding only,-0.0018184678629041013,-6.59980486201906e-05
2012,Excess crowding only,-0.0109610026702285,0.00016855692395206028
2012,Excess crowding only,0.0005565555766224983,0.00013997110129613299
2012,Excess crowding only,-0.0175421938765794,0.0004001903979209315
2012,Excess crowding only,-0.008598674088716502,-7.54960639885239e-05
2012,Excess crowding only,-0.0085068764165044,-0.00015991663576148674
2012,Excess crowding only,-0.004717140458524201,0.0004919546012912903
2012,Excess crowding only,0.0045473137870431,0.00035186503456890224
2012,Excess crowding only,0.002458396367728698,-0.00011448797443431478
2012,Excess crowding only,-0.0002632690593600013,-1.1774450881494344e-06
2012,Excess crowding only,0.007962374947965098,7.617319956293022e-05
2012,Excess crowding only,-0.002563373185694202,-0.00014833912679105337
2012,Excess crowding only,-0.0079889083281159,-0.00033701316979226276
2012,Excess crowding only,0.012517212890088596,-0.00018875891157165483
2012,Excess crowding only,-0.01974168827291578,2.510248348637915e-05
2012,Excess crowding only,-0.005603875033557399,-0.0002111968698642584
2012,Excess crowding only,-0.0037195673212409,0.00015906929822659667
2012,Excess crowding only,-0.006315754726529101,9.726246549669217e-05
2012,Excess crowding only,-0.0008961865678430003,-0.00018355529516762777
2012,Excess crowding only,-0.0013005947694181997,-1.4673914325247648e-05
2012,Excess crowding only,-0.0065683266147971014,-5.1858528042680176e-05
2012,Excess crowding only,0.0018915282562374982,0.0003824368018084534
2012,Excess crowding only,-0.0035802861675619992,-0.000426740897973278
2012,Excess crowding only,-0.01487231021746993,-2.8725046855760042e-05
2012,Excess crowding only,0.004765172488987399,-0.0003535387761258353
2012,Excess crowding only,0.0016783019527792983,-0.00013220746957031567
2012,Excess crowding only,-0.0001670187339186998,-7.96147639574477e-05
2012,Excess crowding only,-0.009298051707446601,0.0001610418661487839
2012,Excess crowding only,0.009384448640048499,-0.00011719649361011945
2012,Excess crowding only,-0.005212853662669702,-0.0002987143044195068
2012,Excess crowding only,-0.0064573772251606005,-0.0002810135748058653
2012,Excess crowding only,0.003996568731963598,5.564961301067665e-05
2012,Excess crowding only,-0.0031069880351424026,-0.0003580095162507913
2012,Excess crowding only,0.0013231625780462993,-0.00014813371663929288
2012,Excess crowding only,-0.0019343299791217006,-0.00043760187340088387
2012,Excess crowding only,0.0080077992752194,-3.951707051350853e-05
2012,Excess crowding only,0.0084251230582595,-2.7287132926971403e-05
2012,Excess crowding only,-0.0045501114800572,-0.00021134724424734985
2012,Excess crowding only,0.005924503318965399,0.00034277895080781667
2012,Excess crowding only,0.0136322220787406,0.00031548878629103895
2012,Excess crowding only,0.0002700509503483998,0.00028187149313858677
2012,Excess crowding only,-0.007752793841064001,-0.00018734923733457074
2012,Excess crowding only,0.0020806817337870997,0.00020205247513106937
2012,Excess crowding only,-0.0093210935592651,-0.00025768989695901663
2012,Excess crowding only,0.013316418044269095,-1.1032931422733333e-05
2012,Excess crowding only,0.001538517884910098,-0.0001601505286584274
2012,Excess crowding only,0.0016095666214823983,9.547058661796967e-05
2012,Excess crowding only,0.008663996122777498,-1.100044100705265e-06
2012,Excess crowding only,0.001324719749391098,5.7883314586073555e-05
2012,Excess crowding only,0.006756051443517199,0.0006026211727808223
2012,Excess crowding only,-0.006005193106830101,-0.0003377609725083784
2012,Excess crowding only,0.010195943526923695,0.0002131006908258663
2012,Excess crowding only,0.004185332916677,0.00021275393735582822
2012,Excess crowding only,-0.0002099247649312002,-2.371783064489742e-05
2012,Excess crowding only,0.011479820124804998,3.2484332704704386e-05
2012,Excess crowding only,0.019812821410596395,-0.00030406087038274503
2012,Excess crowding only,0.0322282863780856,2.3935793170865136e-05
2012,Excess crowding only,0.03390915971249339,9.763942708592132e-06
2012,Excess crowding only,0.012024725787341598,-0.00017596311959220933
2012,Excess crowding only,-0.006978277117013902,6.71880703722844e-06
2012,Excess crowding only,0.0015195747837423983,-9.412775582395478e-06
2012,Excess crowding only,-0.0069137457758188005,-6.870138188882985e-05
2012,Excess crowding only,-0.0040790019556880015,-0.00020897111776661549
2012,Excess crowding only,0.004745562560856299,0.0005599719896576163
2012,Excess crowding only,-0.002877625636756401,-0.00023682515239870425
2012,Excess crowding only,0.0019306996837257975,-0.00015306013619491283
2012,Excess crowding only,-0.004404817707836602,-8.23262072769539e-05
2012,Excess crowding only,0.0009660320356488002,-0.00022099490872085677
2012,Excess crowding only,0.015019356273114699,0.00015933066858375583
2012,Excess crowding only,-0.012290818616747861,0.00014326595826743077
2012,Excess crowding only,-0.008491945452988101,-3.384176797919794e-05
2012,Excess crowding only,-0.0008821422234178023,-4.816159979652828e-05
2012,Excess crowding only,0.006736568175256299,-1.1422214076498675e-05
2012,Excess crowding only,-0.0024535721167922003,-0.00010822454832450585
2012,Supply growth only,-0.008017351850867301,0.0007379807329782554
2012,Supply growth only,-0.006380360573530201,-0.0020579365174428956
2012,Supply growth only,-0.0170520730316639,0.000954957104761921
2012,Supply growth only,-0.012613189406692982,0.001230619638229362
2012,Supply growth only,0.005055765621364098,0.0012525860326348475
2012,Supply growth only,0.013176417909562598,0.0014513051164836601
2012,Supply growth only,-0.002303150482475801,-0.0006603775308683592
2012,Supply growth only,0.0122254556044936,-0.0008110793093229597
2012,Supply growth only,-0.005528313107788599,0.0010220013306747988
2012,Supply growth only,0.0001670187339186998,-0.00014786418568647004
2012,Supply growth only,-0.0009048217907548003,0.0010615490710575097
2012,Supply growth only,0.004998966120183497,0.00033049424223544305
2012,Supply growth only,0.004021338187158099,-0.0011270474113573273
2012,Supply growth only,0.0023114932700991995,-0.0002825047803822016
2012,Supply growth only,0.0013568112626671982,-0.0013915595108528022
2012,Supply growth only,-0.0043112421408296,0.0008891942097412015
2012,Supply growth only,-0.0006262687966228,-0.0008268615164648361
2012,Supply growth only,0.0040643522515893,-2.677189573668153e-05
2012,Supply growth only,-0.0039055598899722013,0.0010342381911457835
2012,Supply growth only,-0.004657869227230502,0.0009794965121769134
2012,Supply growth only,0.0025494815781713,0.0006001758290530221
2012,Supply growth only,0.011597230099141594,0.000504472486293089
2012,Supply growth only,-0.006084429100155801,0.00026232274199240355
2012,Supply growth only,0.0279692215844989,0.001074945981735835
2012,Supply growth only,0.0084454072639346,-0.00027546111083557494
2012,Supply growth only,0.020573741756379594,0.00023994902015104732
2012,Supply growth only,-0.0018184678629041013,0.0008822932833996654
2012,Supply growth only,-0.0109610026702285,-0.0016786703545643618
2012,Supply growth only,0.0005565555766224983,-0.0003017043974416773
2012,Supply growth only,-0.0175421938765794,-0.0037875751807485165
2012,Supply growth only,-0.008598674088716502,0.0009630760024003325
2012,Supply growth only,-0.0085068764165044,-0.00014955411692229876
2012,Supply growth only,-0.004717140458524201,0.0006939803953703273
2012,Supply growth only,0.0045473137870431,0.001074945981735835
2012,Supply growth only,0.002458396367728698,0.0008766087840653521
2012,Supply growth only,-0.0002632690593600013,-0.0020756589139911486
2012,Supply growth only,0.007962374947965098,0.0004297097806092025
2012,Supply growth only,-0.002563373185694202,-0.001156584562355331
2012,Supply growth only,-0.0079889083281159,4.743502811322916e-05
2012,Supply growth only,0.012517212890088596,0.0006783424822331592
2012,Supply growth only,-0.01974168827291578,0.0007781325518599728
2012,Supply growth only,-0.005603875033557399,-0.0003957865651031847
2012,Supply growth only,-0.0037195673212409,0.0011773244703048844
2012,Supply growth only,-0.006315754726529101,0.000409765109732454
2012,Supply growth only,-0.0008961865678430003,0.0005444045163953961
2012,Supply growth only,-0.0013005947694181997,0.0004911030281419746
2012,Supply growth only,-0.0065683266147971014,0.0006112393214865248
2012,Supply growth only,0.0018915282562374982,0.0007701316508770882
2012,Supply growth only,-0.0035802861675619992,-0.00016507132335499613
2012,Supply growth only,-0.01487231021746993,-0.0013396968943689216
2012,Supply growth only,0.004765172488987399,0.0009648220578203733
2012,Supply growth only,0.0016783019527792983,0.0005271012120201102
2012,Supply growth only,-0.0001670187339186998,-9.204560017691166e-05
2012,Supply growth only,-0.009298051707446601,0.0006358914093261669
2012,Supply growth only,0.009384448640048499,0.0009973042158415446
2012,Supply growth only,-0.005212853662669702,1.6939637433579114e-05
2012,Supply growth only,-0.0064573772251606005,0.00048267810987293166
2012,Supply growth only,0.003996568731963598,-0.0002538007298569266
2012,Supply growth only,-0.0031069880351424026,0.0007350041009403965
2012,Supply growth only,0.0013231625780462993,0.0009086439018450337
2012,Supply growth only,-0.0019343299791217006,0.0006313228236070098
2012,Supply growth only,0.0080077992752194,0.0013497114602788545
2012,Supply growth only,0.0084251230582595,-0.00021899555936039658
2012,Supply growth only,-0.0045501114800572,0.00017329812958166875
2012,Supply growth only,0.005924503318965399,0.0002735189110667359
2012,Supply growth only,0.0136322220787406,0.0013063199249660868
2012,Supply growth only,0.0002700509503483998,0.001074945981735835
2012,Supply growth only,-0.007752793841064001,0.0004724632856236442
2012,Supply growth only,0.0020806817337870997,0.0009181379192929905
2012,Supply growth only,-0.0093210935592651,0.0005493145867524138
2012,Supply growth only,0.013316418044269095,-0.00014492258273575962
2012,Supply growth only,0.001538517884910098,0.0007083541665071053
2012,Supply growth only,0.0016095666214823983,0.00027061555826348946
2012,Supply growth only,0.008663996122777498,0.0009037854844331826
2012,Supply growth only,0.001324719749391098,-7.274285043952066e-05
2012,Supply growth only,0.006756051443517199,0.000771411564443937
2012,Supply growth only,-0.006005193106830101,0.0004694062753712898
2012,Supply growth only,0.010195943526923695,0.001104559332356275
2012,Supply growth only,0.004185332916677,-0.0001591498600233797
2012,Supply growth only,-0.0002099247649312002,-0.0013380155306334832
2012,Supply growth only,0.011479820124804998,0.00042021904847010087
2012,Supply growth only,0.019812821410596395,0.0009629275140794908
2012,Supply growth only,0.0322282863780856,-0.0017544754327860812
2012,Supply growth only,0.03390915971249339,0.0010388151175508603
2012,Supply growth only,0.012024725787341598,-0.0005001726580871402
2012,Supply growth only,-0.006978277117013902,0.001074945981735835
2012,Supply growth only,0.0015195747837423983,-0.00016673023272629952
2012,Supply growth only,-0.0069137457758188005,0.0010413135540276747
2012,Supply growth only,-0.0040790019556880015,0.0006258668592371007
2012,Supply growth only,0.004745562560856299,0.0012181225461408629
2012,Supply growth only,-0.002877625636756401,-0.0001821810207998254
2012,Supply growth only,0.0019306996837257975,0.00021953720555826237
2012,Supply growth only,-0.004404817707836602,0.0006396615765561544
2012,Supply growth only,0.0009660320356488002,0.0005874836800554415
2012,Supply growth only,0.015019356273114699,0.0009119363021056074
2012,Supply growth only,-0.012290818616747861,-0.00021030444714632422
2012,Supply growth only,-0.008491945452988101,-0.00044716798496123697
2012,Supply growth only,-0.0008821422234178023,0.0007443238083581409
2012,Supply growth only,0.006736568175256299,-0.001798631217169148
2012,Supply growth only,-0.0024535721167922003,0.0002825574601032833
2012,Lagged rent growth only,-0.008017351850867301,0.00035654543516731494
2012,Lagged rent growth only,-0.006380360573530201,-0.0006347608044705833
2012,Lagged rent growth only,-0.0170520730316639,-7.268215798051466e-05
2012,Lagged rent growth only,-0.012613189406692982,4.197788782533432e-05
2012,Lagged rent growth only,0.005055765621364098,0.000657335419325489
2012,Lagged rent growth only,0.013176417909562598,0.0009242871578711614
2012,Lagged rent growth only,-0.002303150482475801,8.990126970176524e-05
2012,Lagged rent growth only,0.0122254556044936,0.0003646509342097716
2012,Lagged rent growth only,-0.005528313107788599,-0.0005880029398503957
2012,Lagged rent growth only,0.0001670187339186998,-0.0003535977267607228
2012,Lagged rent growth only,-0.0009048217907548003,2.3067660125973078e-05
2012,Lagged rent growth only,0.004998966120183497,-0.0008699102799490071
2012,Lagged rent growth only,0.004021338187158099,0.00012212317600810847
2012,Lagged rent growth only,0.0023114932700991995,0.0001531486341902179
2012,Lagged rent growth only,0.0013568112626671982,-0.00017647090247971403
2012,Lagged rent growth only,-0.0043112421408296,-0.0008039807319156474
2012,Lagged rent growth only,-0.0006262687966228,0.0010736466787081278
2012,Lagged rent growth only,0.0040643522515893,0.00018779182619901912
2012,Lagged rent growth only,-0.0039055598899722013,9.97048052127373e-05
2012,Lagged rent growth only,-0.004657869227230502,3.308033541371583e-05
2012,Lagged rent growth only,0.0025494815781713,-0.00027191172183481653
2012,Lagged rent growth only,0.011597230099141594,0.0009761756414785575
2012,Lagged rent growth only,-0.006084429100155801,-0.0003777890747448553
2012,Lagged rent growth only,0.0279692215844989,0.0007199241236871133
2012,Lagged rent growth only,0.0084454072639346,0.0006127628608196918
2012,Lagged rent growth only,0.020573741756379594,0.001462529138594844
2012,Lagged rent growth only,-0.0018184678629041013,-0.00030266568261850824
2012,Lagged rent growth only,-0.0109610026702285,-0.0008764575202931356
2012,Lagged rent growth only,0.0005565555766224983,-0.000109918708015521
2012,Lagged rent growth only,-0.0175421938765794,-0.0016418027977747635
2012,Lagged rent growth only,-0.008598674088716502,-2.5450908512909037e-05
2012,Lagged rent growth only,-0.0085068764165044,-0.0007391897373558115
2012,Lagged rent growth only,-0.004717140458524201,-0.0003515708561144526
2012,Lagged rent growth only,0.0045473137870431,-0.00046890025442377405
2012,Lagged rent growth only,0.002458396367728698,0.0004905508483384672
2012,Lagged rent growth only,-0.0002632690593600013,-0.00011019094924242124
2012,Lagged rent growth only,0.007962374947965098,0.0014053733575154178
2012,Lagged rent growth only,-0.002563373185694202,-0.0003331318437627511
2012,Lagged rent growth only,-0.0079889083281159,0.00010356242372707624
2012,Lagged rent growth only,0.012517212890088596,0.00043741855952638445
2012,Lagged rent growth only,-0.01974168827291578,-0.0015929959646036127
2012,Lagged rent growth only,-0.005603875033557399,-0.0006810806780822845
2012,Lagged rent growth only,-0.0037195673212409,0.0004965237911035377
2012,Lagged rent growth only,-0.006315754726529101,0.0003822659085672995
2012,Lagged rent growth only,-0.0008961865678430003,-0.00019184720102878323
2012,Lagged rent growth only,-0.0013005947694181997,-0.0008563089731241941
2012,Lagged rent growth only,-0.0065683266147971014,-0.0005227888928375547
2012,Lagged rent growth only,0.0018915282562374982,0.0004460679211655704
2012,Lagged rent growth only,-0.0035802861675619992,-0.00016401400677777548
2012,Lagged rent growth only,-0.01487231021746993,-0.0006708586770606526
2012,Lagged rent growth only,0.004765172488987399,0.000720025532304415
2012,Lagged rent growth only,0.0016783019527792983,-0.0005215116773365739
2012,Lagged rent growth only,-0.0001670187339186998,-0.0001996411599058485
2012,Lagged rent growth only,-0.009298051707446601,-0.0004541133779663705
2012,Lagged rent growth only,0.009384448640048499,0.00029611842036556327
2012,Lagged rent growth only,-0.005212853662669702,-0.00024249696225949786
2012,Lagged rent growth only,-0.0064573772251606005,-0.0004706530862576338
2012,Lagged rent growth only,0.003996568731963598,0.0002602761768328133
2012,Lagged rent growth only,-0.0031069880351424026,-0.0011814389237482083
2012,Lagged rent growth only,0.0013231625780462993,-0.0004395498360127333
2012,Lagged rent growth only,-0.0019343299791217006,0.0004498233872341053
2012,Lagged rent growth only,0.0080077992752194,0.0011588490088434305
2012,Lagged rent growth only,0.0084251230582595,-0.00012354502607326879
2012,Lagged rent growth only,-0.0045501114800572,-0.0005909807332338914
2012,Lagged rent growth only,0.005924503318965399,0.0005944386459980958
2012,Lagged rent growth only,0.0136322220787406,0.0017442080613616843
2012,Lagged rent growth only,0.0002700509503483998,0.00048625561072988946
2012,Lagged rent growth only,-0.007752793841064001,-0.0004554991304410054
2012,Lagged rent growth only,0.0020806817337870997,0.0005452772855734664
2012,Lagged rent growth only,-0.0093210935592651,-0.0010671369461293708
2012,Lagged rent growth only,0.013316418044269095,0.0011963481303349853
2012,Lagged rent growth only,0.001538517884910098,-0.0003293040403736723
2012,Lagged rent growth only,0.0016095666214823983,0.00020886138800136792
2012,Lagged rent growth only,0.008663996122777498,0.0005652272615287559
2012,Lagged rent growth only,0.001324719749391098,-0.0002695943861636663
2012,Lagged rent growth only,0.006756051443517199,0.0006729130474521902
2012,Lagged rent growth only,-0.006005193106830101,-0.0012286886914458968
2012,Lagged rent growth only,0.010195943526923695,0.0010670521432692528
2012,Lagged rent growth only,0.004185332916677,-0.00013680922362838604
2012,Lagged rent growth only,-0.0002099247649312002,-9.702943662275474e-06
2012,Lagged rent growth only,0.011479820124804998,0.0009674748317022315
2012,Lagged rent growth only,0.019812821410596395,0.0016444795046685978
2012,Lagged rent growth only,0.0322282863780856,0.00226781769599651
2012,Lagged rent growth only,0.03390915971249339,0.0024340306347898893
2012,Lagged rent growth only,0.012024725787341598,0.0006714905994387793
2012,Lagged rent growth only,-0.006978277117013902,-0.0010093536682375113
2012,Lagged rent growth only,0.0015195747837423983,-7.555755097538322e-05
2012,Lagged rent growth only,-0.0069137457758188005,-0.00039463933143019114
2012,Lagged rent growth only,-0.0040790019556880015,-0.0008527876580653596
2012,Lagged rent growth only,0.004745562560856299,0.0009249005684315926
2012,Lagged rent growth only,-0.002877625636756401,-0.00047634796113930287
2012,Lagged rent growth only,0.0019306996837257975,0.0002757049152903413
2012,Lagged rent growth only,-0.004404817707836602,-0.0008844686151032234
2012,Lagged rent growth only,0.0009660320356488002,-0.0007996341701413427
2012,Lagged rent growth only,0.015019356273114699,0.0016193730616861218
2012,Lagged rent growth only,-0.012290818616747861,-0.0011327160424695181
2012,Lagged rent growth only,-0.008491945452988101,-0.0006527962278814051
2012,Lagged rent growth only,-0.0008821422234178023,-0.0010971486125705254
2012,Lagged rent growth only,0.006736568175256299,-0.000165636048769017
2012,Lagged rent growth only,-0.0024535721167922003,0.00044372436554018763
2012,Occupancy only,-0.008017351850867301,0.007652274733646158
2012,Occupancy only,-0.006380360573530201,0.007156832023275994
2012,Occupancy only,-0.0170520730316639,0.0027425061491062608
2012,Occupancy only,-0.012613189406692982,0.006936482651495823
2012,Occupancy only,0.005055765621364098,0.012982296465540999
2012,Occupancy only,0.013176417909562598,-0.002779570760970962
2012,Occupancy only,-0.002303150482475801,-0.008516463781666983
2012,Occupancy only,0.0122254556044936,0.004425284672938179
2012,Occupancy only,-0.005528313107788599,0.004100058418506858
2012,Occupancy only,0.0001670187339186998,0.006259109453579159
2012,Occupancy only,-0.0009048217907548003,0.0004401004826690147
2012,Occupancy only,0.004998966120183497,-0.0044627220931787726
2012,Occupancy only,0.004021338187158099,0.004012350342651239
2012,Occupancy only,0.0023114932700991995,0.009484667145263026
2012,Occupancy only,0.0013568112626671982,0.003407792507039098
2012,Occupancy only,-0.0043112421408296,0.0019224650720964798
2012,Occupancy only,-0.0006262687966228,0.002035602603502218
2012,Occupancy only,0.0040643522515893,0.0033974716014685824
2012,Occupancy only,-0.0039055598899722013,-0.00046772715617021676
2012,Occupancy only,-0.004657869227230502,0.003737021546139918
2012,Occupancy only,0.0025494815781713,0.0014245696750412873
2012,Occupancy only,0.011597230099141594,-0.0012130692075015825
2012,Occupancy only,-0.006084429100155801,0.006375092101539359
2012,Occupancy only,0.0279692215844989,0.006476652951791728
2012,Occupancy only,0.0084454072639346,0.0009113498915783724
2012,Occupancy only,0.020573741756379594,0.007420976568504045
2012,Occupancy only,-0.0018184678629041013,0.004158746305505834
2012,Occupancy only,-0.0109610026702285,-0.005684591735165778
2012,Occupancy only,0.0005565555766224983,0.010468508449843872
2012,Occupancy only,-0.0175421938765794,-0.017886472535120046
2012,Occupancy only,-0.008598674088716502,0.009219011745037253
2012,Occupancy only,-0.0085068764165044,-0.004241803698087465
2012,Occupancy only,-0.004717140458524201,0.004818656374225294
2012,Occupancy only,0.0045473137870431,0.00033669521202955854
2012,Occupancy only,0.002458396367728698,0.010657836240432483
2012,Occupancy only,-0.0002632690593600013,-0.004093386721404801
2012,Occupancy only,0.007962374947965098,0.0025777248468611402
2012,Occupancy only,-0.002563373185694202,0.004084361223722965
2012,Occupancy only,-0.0079889083281159,0.006357746701302847
2012,Occupancy only,0.012517212890088596,-0.0012011785824526666
2012,Occupancy only,-0.01974168827291578,-0.0015724368605877226
2012,Occupancy only,-0.005603875033557399,-0.00422324176525557
2012,Occupancy only,-0.0037195673212409,-0.0026291720134465346
2012,Occupancy only,-0.006315754726529101,-0.006572052263772721
2012,Occupancy only,-0.0008961865678430003,-0.0006938844900206687
2012,Occupancy only,-0.0013005947694181997,0.0006768926659859176
2012,Occupancy only,-0.0065683266147971014,0.0030180115390588957
2012,Occupancy only,0.0018915282562374982,-0.006860605946889642
2012,Occupancy only,-0.0035802861675619992,0.00810931818127586
2012,Occupancy only,-0.01487231021746993,-0.0037798744985813593
2012,Occupancy only,0.004765172488987399,0.010058517343579154
2012,Occupancy only,0.0016783019527792983,0.0035477722415255264
2012,Occupancy only,-0.0001670187339186998,-0.006948588723653726
2012,Occupancy only,-0.009298051707446601,-0.012315420377317143
2012,Occupancy only,0.009384448640048499,0.00785565151356643
2012,Occupancy only,-0.005212853662669702,0.008550468219186702
2012,Occupancy only,-0.0064573772251606005,0.008631230286350544
2012,Occupancy only,0.003996568731963598,0.007046323771996654
2012,Occupancy only,-0.0031069880351424026,0.0062792999703698005
2012,Occupancy only,0.0013231625780462993,0.0009685073020857526
2012,Occupancy only,-0.0019343299791217006,0.01363779169822732
2012,Occupancy only,0.0080077992752194,0.004291858517274094
2012,Occupancy only,0.0084251230582595,-0.002006758618767479
2012,Occupancy only,-0.0045501114800572,0.004010015384927235
2012,Occupancy only,0.005924503318965399,0.0009916802858853657
2012,Occupancy only,0.0136322220787406,0.010004891801898341
2012,Occupancy only,0.0002700509503483998,-0.00036767716091556935
2012,Occupancy only,-0.007752793841064001,0.003973401678093513
2012,Occupancy only,0.0020806817337870997,-0.002463939416851635
2012,Occupancy only,-0.0093210935592651,0.005793628763752945
2012,Occupancy only,0.013316418044269095,0.007660594246881758
2012,Occupancy only,0.001538517884910098,0.007101420925688717
2012,Occupancy only,0.0016095666214823983,0.006282537516794029
2012,Occupancy only,0.008663996122777498,0.002993406186234726
2012,Occupancy only,0.001324719749391098,-0.00230496607667674
2012,Occupancy only,0.006756051443517199,0.003982427565094426
2012,Occupancy only,-0.006005193106830101,0.006675830732107202
2012,Occupancy only,0.010195943526923695,0.0034504888768515096
2012,Occupancy only,0.004185332916677,0.00600414776729985
2012,Occupancy only,-0.0002099247649312002,-0.002046099713194971
2012,Occupancy only,0.011479820124804998,0.009691281471607471
2012,Occupancy only,0.019812821410596395,0.009080130814185905
2012,Occupancy only,0.0322282863780856,0.008502709504056405
2012,Occupancy only,0.03390915971249339,0.0109089521139894
2012,Occupancy only,0.012024725787341598,0.004830233055378275
2012,Occupancy only,-0.006978277117013902,-0.003019718219672729
2012,Occupancy only,0.0015195747837423983,0.0041752676030160085
2012,Occupancy only,-0.0069137457758188005,0.006194299660614466
2012,Occupancy only,-0.0040790019556880015,-0.005539647762828892
2012,Occupancy only,0.004745562560856299,0.0046431617365401134
2012,Occupancy only,-0.002877625636756401,0.009291768242861043
2012,Occupancy only,0.0019306996837257975,0.0014829632396379244
2012,Occupancy only,-0.004404817707836602,-0.000159787437495007
2012,Occupancy only,0.0009660320356488002,-0.0066700616237053145
2012,Occupancy only,0.015019356273114699,0.01027839579951606
2012,Occupancy only,-0.012290818616747861,0.001108487036571848
2012,Occupancy only,-0.008491945452988101,0.005575418134761867
2012,Occupancy only,-0.0008821422234178023,-0.0007841237385351474
2012,Occupancy only,0.006736568175256299,-0.010536692750367949
2012,Occupancy only,-0.0024535721167922003,0.008154938153616897
2012,Absorption only,-0.008017351850867301,-0.0011071221932844957
2012,Absorption only,-0.006380360573530201,0.0028634833155630098
2012,Absorption only,-0.0170520730316639,-0.0016215085840457428
2012,Absorption only,-0.012613189406692982,-0.0027096590164898
2012,Absorption only,0.005055765621364098,-0.0007130305249458235
2012,Absorption only,0.013176417909562598,-0.0012175206405534763
2012,Absorption only,-0.002303150482475801,0.002203951555882386
2012,Absorption only,0.0122254556044936,0.002624653208522944
2012,Absorption only,-0.005528313107788599,-0.003350717729217049
2012,Absorption only,0.0001670187339186998,0.000774269672026521
2012,Absorption only,-0.0009048217907548003,-0.0006162669456662383
2012,Absorption only,0.004998966120183497,-0.002315567348151128
2012,Absorption only,0.004021338187158099,0.0020519887529683103
2012,Absorption only,0.0023114932700991995,5.360092361925053e-05
2012,Absorption only,0.0013568112626671982,0.004373215069550167
2012,Absorption only,-0.0043112421408296,-0.0011599023274369963
2012,Absorption only,-0.0006262687966228,0.0026088191682771935
2012,Absorption only,0.0040643522515893,0.0016264489213637734
2012,Absorption only,-0.0039055598899722013,-0.0016043550404461798
2012,Absorption only,-0.004657869227230502,-0.0010681968443470263
2012,Absorption only,0.0025494815781713,-0.000689279464577198
2012,Absorption only,0.011597230099141594,0.0010718176783112445
2012,Absorption only,-0.006084429100155801,-0.0005900967958156235
2012,Absorption only,0.0279692215844989,-0.002338658656842847
2012,Absorption only,0.0084454072639346,0.002767819322411602
2012,Absorption only,0.020573741756379594,0.0017920465922672442
2012,Absorption only,-0.0018184678629041013,-0.0008188107104764601
2012,Absorption only,-0.0109610026702285,0.003194678657369952
2012,Absorption only,0.0005565555766224983,-0.000272316404772442
2012,Absorption only,-0.0175421938765794,0.011321719730726891
2012,Absorption only,-0.008598674088716502,0.00043053904835836003
2012,Absorption only,-0.0085068764165044,0.0005376387372428093
2012,Absorption only,-0.004717140458524201,-0.001658234760726858
2012,Absorption only,0.0045473137870431,-0.00032575629060184897
2012,Absorption only,0.002458396367728698,-0.001238852611440112
2012,Absorption only,-0.0002632690593600013,0.004446007671235492
2012,Absorption only,0.007962374947965098,0.00047958058967505863
2012,Absorption only,-0.002563373185694202,0.003083180623972794
2012,Absorption only,-0.0079889083281159,-0.001103163683223058
2012,Absorption only,0.012517212890088596,0.0016266688385894084
2012,Absorption only,-0.01974168827291578,-0.0013978527655745207
2012,Absorption only,-0.005603875033557399,0.0009218341304278875
2012,Absorption only,-0.0037195673212409,-0.001107342110510131
2012,Absorption only,-0.006315754726529101,0.0005136677596485487
2012,Absorption only,-0.0008961865678430003,-0.00021579767778413892
2012,Absorption only,-0.0013005947694181997,-0.0006985159880538857
2012,Absorption only,-0.0065683266147971014,-0.0002151379261072328
2012,Absorption only,0.0018915282562374982,-0.0014677864433265842
2012,Absorption only,-0.0035802861675619992,0.00032409911115081685
2012,Absorption only,-0.01487231021746993,0.0015725692010830948
2012,Absorption only,0.004765172488987399,-0.0018697951317881317
2012,Absorption only,0.0016783019527792983,-0.00012057351908400247
2012,Absorption only,-0.0001670187339186998,0.002552960192965797
2012,Absorption only,-0.009298051707446601,0.00023305337973775295
2012,Absorption only,0.009384448640048499,-0.002523169209150964
2012,Absorption only,-0.005212853662669702,-0.00010539923051515855
2012,Absorption only,-0.0064573772251606005,-0.00048673569976697643
2012,Absorption only,0.003996568731963598,0.0017100174671052324
2012,Absorption only,-0.0031069880351424026,-0.0017560979261346196
2012,Absorption only,0.0013231625780462993,0.0009697760856164092
2012,Absorption only,-0.0019343299791217006,-0.0012030061036615387
2012,Absorption only,0.0080077992752194,0.00174234529927364
2012,Absorption only,0.0084251230582595,0.001053344631357869
2012,Absorption only,-0.0045501114800572,-6.405479209569938e-05
2012,Absorption only,0.005924503318965399,0.0009106183519204817
2012,Absorption only,0.0136322220787406,-0.001236653439183758
2012,Absorption only,0.0002700509503483998,0.0024748895778652228
2012,Absorption only,-0.007752793841064001,-0.000631661151460718
2012,Absorption only,0.0020806817337870997,0.0007685518241599999
2012,Absorption only,-0.0093210935592651,-0.0011658400925291528
2012,Absorption only,0.013316418044269095,-0.0003075031608741094
2012,Absorption only,0.001538517884910098,-0.0010697362649264744
2012,Absorption only,0.0016095666214823983,7.295363947516743e-05
2012,Absorption only,0.008663996122777498,-0.0013853174837133017
2012,Absorption only,0.001324719749391098,-0.0005326983999247789
2012,Absorption only,0.006756051443517199,-0.0013789398841698747
2012,Absorption only,-0.006005193106830101,-0.00039920864396407896
2012,Absorption only,0.010195943526923695,-0.0026219120434612677
2012,Absorption only,0.004185332916677,0.0028221388771435506
2012,Absorption only,-0.0002099247649312002,0.0030453548611635017
2012,Absorption only,0.011479820124804998,-0.00011375608508930454
2012,Absorption only,0.019812821410596395,-0.002920779553099803
2012,Absorption only,0.0322282863780856,0.0020269181892458724
2012,Absorption only,0.03390915971249339,-0.001087989394654214
2012,Absorption only,0.012024725787341598,0.001468988187808812
2012,Absorption only,-0.006978277117013902,-0.0044777935105985755
2012,Absorption only,0.0015195747837423983,0.0005409374956273408
2012,Absorption only,-0.0069137457758188005,-0.0004203206976250793
2012,Absorption only,-0.0040790019556880015,-0.0010374084327580675
2012,Absorption only,0.004745562560856299,-0.0024363019050249735
2012,Absorption only,-0.002877625636756401,0.0006227467035637168
2012,Absorption only,0.0019306996837257975,0.0026873296178290384
2012,Absorption only,-0.004404817707836602,-6.0975950936803264e-05
2012,Absorption only,0.0009660320356488002,1.3575988553604038e-05
2012,Absorption only,0.015019356273114699,-0.00211522275559726
2012,Absorption only,-0.012290818616747861,0.0009057801729565021
2012,Absorption only,-0.008491945452988101,0.001433801431707145
2012,Absorption only,-0.0008821422234178023,-0.00030640357474593207
2012,Absorption only,0.006736568175256299,0.004609626087108243
2012,Absorption only,-0.0024535721167922003,-5.2839013588292655e-05
2012,All predictors,-0.008017351850867301,0.0055915269982735605
2012,All predictors,-0.006380360573530201,0.0033498633349512974
2012,All predictors,-0.0170520730316639,0.0023743979599958054
2012,All predictors,-0.012613189406692982,0.0038303728048960928
2012,All predictors,0.005055765621364098,0.010832749943362502
2012,All predictors,0.013176417909562598,0.0010434304711785525
2012,All predictors,-0.002303150482475801,-0.004010390668579694
2012,All predictors,0.0122254556044936,0.006001380706340681
2012,All predictors,-0.005528313107788599,-0.003480265986997383
2012,All predictors,0.0001670187339186998,0.0052851374608855195
2012,All predictors,-0.0009048217907548003,0.0026003828779207483
2012,All predictors,0.004998966120183497,-0.006528045540983435
2012,All predictors,0.004021338187158099,0.0020116035031488844
2012,All predictors,0.0023114932700991995,0.005879157386306538
2012,All predictors,0.0013568112626671982,0.005848581780837553
2012,All predictors,-0.0043112421408296,0.001893853500969489
2012,All predictors,-0.0006262687966228,0.003657529811124438
2012,All predictors,0.0040643522515893,0.0050587004880905395
2012,All predictors,-0.0039055598899722013,0.00020014255020200933
2012,All predictors,-0.004657869227230502,0.004575844485791514
2012,All predictors,0.0025494815781713,0.002428259317100556
2012,All predictors,0.011597230099141594,0.003474296146931316
2012,All predictors,-0.006084429100155801,0.003630656213498007
2012,All predictors,0.0279692215844989,0.004053349381235194
2012,All predictors,0.0084454072639346,0.006723541074388051
2012,All predictors,0.020573741756379594,0.01077208471485408
2012,All predictors,-0.0018184678629041013,0.004172189579796398
2012,All predictors,-0.0109610026702285,-0.0038470288075479475
2012,All predictors,0.0005565555766224983,0.00420694970708832
2012,All predictors,-0.0175421938765794,-0.00339896904495518
2012,All predictors,-0.008598674088716502,0.010262185093364962
2012,All predictors,-0.0085068764165044,-0.0016410383860676614
2012,All predictors,-0.004717140458524201,-4.195920990429647e-05
2012,All predictors,0.0045473137870431,0.001819013900105415
2012,All predictors,0.002458396367728698,0.007929036028250874
2012,All predictors,-0.0002632690593600013,-0.0005194989174471809
2012,All predictors,0.007962374947965098,0.0049645884879710445
2012,All predictors,-0.002563373185694202,0.005221933535760448
2012,All predictors,-0.0079889083281159,0.003318942328492641
2012,All predictors,0.012517212890088596,0.006275613903778926
2012,All predictors,-0.01974168827291578,-0.0020825242175050718
2012,All predictors,-0.005603875033557399,-0.0014686321713350547
2012,All predictors,-0.0037195673212409,0.00027064932866391334
2012,All predictors,-0.006315754726529101,-0.001308775549942881
2012,All predictors,-0.0008961865678430003,0.0018655801945451633
2012,All predictors,-0.0013005947694181997,0.00036412733117988094
2012,All predictors,-0.0065683266147971014,0.003556950416556487
2012,All predictors,0.0018915282562374982,-0.005335564688499744
2012,All predictors,-0.0035802861675619992,0.006690127932849371
2012,All predictors,-0.01487231021746993,-0.003909412562743714
2012,All predictors,0.004765172488987399,0.00769866209253553
2012,All predictors,0.0016783019527792983,0.004086168079844715
2012,All predictors,-0.0001670187339186998,0.0011418254620185198
2012,All predictors,-0.009298051707446601,-0.005362097010283756
2012,All predictors,0.009384448640048499,0.003930287045978226
2012,All predictors,-0.005212853662669702,0.00615640242183621
2012,All predictors,-0.0064573772251606005,0.006831382542204917
2012,All predictors,0.003996568731963598,0.006987109900912253
2012,All predictors,-0.0031069880351424026,0.0035141025970247264
2012,All predictors,0.0013231625780462993,0.006243760895502881
2012,All predictors,-0.0019343299791217006,0.010154131972184677
2012,All predictors,0.0080077992752194,0.012083859206078712
2012,All predictors,0.0084251230582595,0.00042318912539715536
2012,All predictors,-0.0045501114800572,0.003491644322020593
2012,All predictors,0.005924503318965399,0.002716739543961594
2012,All predictors,0.0136322220787406,0.008273756519141584
2012,All predictors,0.0002700509503483998,0.008088134255492513
2012,All predictors,-0.007752793841064001,0.0033671846626111557
2012,All predictors,0.0020806817337870997,0.0031561017374190092
2012,All predictors,-0.0093210935592651,0.0034652274888986867
2012,All predictors,0.013316418044269095,0.00455167559070252
2012,All predictors,0.001538517884910098,0.005150547769940728
2012,All predictors,0.0016095666214823983,0.004840066922304376
2012,All predictors,0.008663996122777498,0.002767744760602403
2012,All predictors,0.001324719749391098,-0.0029209332587536996
2012,All predictors,0.006756051443517199,0.0006084808006763531
2012,All predictors,-0.006005193106830101,0.0054740895343685925
2012,All predictors,0.010195943526923695,0.0007406248944884786
2012,All predictors,0.004185332916677,0.00806814303890871
2012,All predictors,-0.0002099247649312002,0.0005972076275437277
2012,All predictors,0.011479820124804998,0.007811743769765178
2012,All predictors,0.019812821410596395,0.0054345558861687016
2012,All predictors,0.0322282863780856,0.004790997283432213
2012,All predictors,0.03390915971249339,0.009873841782334636
2012,All predictors,0.012024725787341598,0.005513886286466346
2012,All predictors,-0.006978277117013902,-0.007699765005385689
2012,All predictors,0.0015195747837423983,0.003207339594417352
2012,All predictors,-0.0069137457758188005,0.0067035708178299624
2012,All predictors,-0.0040790019556880015,-0.00279090298843504
2012,All predictors,0.004745562560856299,0.0007644052870202367
2012,All predictors,-0.002877625636756401,0.006972525968828858
2012,All predictors,0.0019306996837257975,0.008169011249205216
2012,All predictors,-0.004404817707836602,0.001937501394051161
2012,All predictors,0.0009660320356488002,-0.00136599064134027
2012,All predictors,0.015019356273114699,0.005775550613237701
2012,All predictors,-0.012290818616747861,0.0006087213843340988
2012,All predictors,-0.008491945452988101,0.004557383304821916
2012,All predictors,-0.0008821422234178023,0.001144744232203454
2012,All predictors,0.006736568175256299,-0.003047543643523859
2012,All predictors,-0.0024535721167922003,0.006710802015818862
2013,Excess crowding only,0.006470657885074598,9.193681459576517e-05
2013,Excess crowding only,-0.0084235155954957,-1.7237827822983757e-06
2013,Excess crowding only,2.1601095795600184e-05,0.0004303792319662263
2013,Excess crowding only,0.001744344830512997,0.00015373024393044654
2013,Excess crowding only,0.0109899658709764,0.0006495021990424527
2013,Excess crowding only,0.015000861138105396,0.0015623922171290048
2013,Excess crowding only,0.002464383840560899,0.0016621392101082231
2013,Excess crowding only,0.006592441350221599,-0.0003042753863383905
2013,Excess crowding only,-0.007720988243818301,0.0031067597366686408
2013,Excess crowding only,-0.0041990978643298,-2.2396324701934e-05
2013,Excess crowding only,0.001460222527384699,0.0003003811637846853
2013,Excess crowding only,-0.011956588365137591,0.000694830338020894
2013,Excess crowding only,0.0029485113918781003,0.0021409481694177478
2013,Excess crowding only,0.0034146625548600977,-0.00048825167961049964
2013,Excess crowding only,-0.0015378035604954009,9.962190178539572e-05
2013,Excess crowding only,-0.0109660103917122,0.00012571636409226686
2013,Excess crowding only,0.017244957387447298,0.0016289026401641934
2013,Excess crowding only,0.003935169428586897,0.001343312349979851
2013,Excess crowding only,0.0026116799563168994,0.000683890162444754
2013,Excess crowding only,0.001610660925507497,-0.00047867797306499576
2013,Excess crowding only,-0.0029717823490501005,-0.0005188833824421453
2013,Excess crowding only,0.015780474990606298,0.0021103202051364297
2013,Excess crowding only,-0.0045625679194927,0.0002280655805171507
2013,Excess crowding only,0.0119303483515978,-6.14114662720235e-05
2013,Excess crowding only,0.010320272296667099,-0.0005906653917111989
2013,Excess crowding only,0.0230878368020058,-0.0001781134433020996
2013,Excess crowding only,-0.003433854319155199,0.00011219847586286272
2013,Excess crowding only,-0.01205495931208135,0.0012828154470836653
2013,Excess crowding only,-0.0005378704518080001,0.0005759684220608473
2013,Excess crowding only,-0.02355411555618049,0.0014872733486143833
2013,Excess crowding only,0.000731240957975398,0.001345763029075667
2013,Excess crowding only,-0.009992538951337351,-0.0001517971973323472
2013,Excess crowding only,-0.004168644547462501,0.0021584746752613985
2013,Excess crowding only,-0.0059314947575331,0.0011196137453183266
2013,Excess crowding only,0.008484061807394,0.0009927132052605203
2013,Excess crowding only,-0.0005419608205557008,0.0003861800441686908
2013,Excess crowding only,0.022229082882404296,0.0011384693471698964
2013,Excess crowding only,-0.0038916021585465,-0.00039561312724758314
2013,Excess crowding only,0.002669639885425599,-0.0007270977195337053
2013,Excess crowding only,0.007685760036110899,-0.0005057340413641003
2013,Excess crowding only,-0.02282080287113787,0.0008298860198209364
2013,Excess crowding only,-0.0091194622218609,-4.141439607002442e-05
2013,Excess crowding only,0.008573804050684,0.0015990764020828632
2013,Excess crowding only,0.0068571027368306975,0.0013321275862254105
2013,Excess crowding only,-0.0017688293009997004,-0.0001235943307316668
2013,Excess crowding only,-0.011752231512218731,0.000558479256403431
2013,Excess crowding only,-0.006741160526871701,0.000480148460047244
2013,Excess crowding only,0.007815714925527597,0.0021940083545986576
2013,Excess crowding only,-0.0013506412506104001,-0.0010053104389167076
2013,Excess crowding only,-0.008965878747403639,0.0006609543003237622
2013,Excess crowding only,0.011931871995329798,-0.0011715637987012232
2013,Excess crowding only,-0.006721970625221701,4.1832298215521906e-05
2013,Excess crowding only,-0.0018859319388867014,0.0007151661221720022
2013,Excess crowding only,-0.0057093249633908,0.0012264418856940329
2013,Excess crowding only,0.005562754347920397,0.00023285445453923373
2013,Excess crowding only,-0.0025298316031695,-0.0007861400633581464
2013,Excess crowding only,-0.005957830697298101,-0.0009917151933674932
2013,Excess crowding only,0.005024231970310197,0.0003744345500275018
2013,Excess crowding only,-0.01663724251557143,-0.0009244010877728932
2013,Excess crowding only,-0.0054905107244849006,0.00017071843785152155
2013,Excess crowding only,0.007872140035033198,-0.0015079988387358498
2013,Excess crowding only,0.018525104969739897,0.001089812610309248
2013,Excess crowding only,-0.0007426030933856999,0.0004550764959387242
2013,Excess crowding only,-0.007765728980302801,-0.0007246241394170748
2013,Excess crowding only,0.010044954717159299,0.0016749386069705742
2013,Excess crowding only,0.0273200049996376,0.002622969988478991
2013,Excess crowding only,0.008419526740908598,0.0015536486685707798
2013,Excess crowding only,-0.0057301456108689005,-0.000241437608147014
2013,Excess crowding only,0.0093063153326511,0.0016646764067586727
2013,Excess crowding only,-0.01491987868212165,-0.0006033836374738027
2013,Excess crowding only,0.019088521599769596,0.000495137749105679
2013,Excess crowding only,-0.0038340901955962008,-0.00030894628655910695
2013,Excess crowding only,0.0042517352849245,0.0006752418388357311
2013,Excess crowding only,0.009606059640645998,0.00033331547221455277
2013,Excess crowding only,-0.002936964854598101,0.001107470300813308
2013,Excess crowding only,0.011224016547202998,0.0036083825597739536
2013,Excess crowding only,-0.017347160610370352,-0.0007540704862403488
2013,Excess crowding only,0.0171458758413791,0.001365196395851297
2013,Excess crowding only,-0.000941894948482503,0.002106932888295064
2013,Excess crowding only,0.0009678509086369982,0.00010222058681478164
2013,Excess crowding only,0.0156497471034527,0.0005738140731969336
2013,Excess crowding only,0.025821603834629,-0.0007536422591722752
2013,Excess crowding only,0.035187132656574194,0.0004751732608556738
2013,Excess crowding only,0.037684448063373496,0.0006797566608393033
2013,Excess crowding only,0.011202644556760798,-2.104106194331797e-05
2013,Excess crowding only,-0.014051696751266732,0.00023157112755898635
2013,Excess crowding only,-2.1601095795600184e-05,0.000547210846285389
2013,Excess crowding only,-0.0048157395794988,0.000817293275353071
2013,Excess crowding only,-0.011699324473738691,-0.0005449696712285264
2013,Excess crowding only,0.015010077506303798,0.0033951849446254316
2013,Excess crowding only,-0.006043395027518301,-0.0007175328203887268
2013,Excess crowding only,0.005256045609712597,0.00012089400214933114
2013,Excess crowding only,-0.01217532437294723,-0.00031330629618124415
2013,Excess crowding only,-0.01090070419013502,-2.0540490497931608e-05
2013,Excess crowding only,0.0254443846642971,0.0017361253200844147
2013,Excess crowding only,-0.01590519119054081,0.0009383596644732149
2013,Excess crowding only,-0.008694494143128409,0.00048458094457197546
2013,Excess crowding only,-0.01537079783156516,-0.0007657333070430028
2013,Excess crowding only,-0.0013750120997428998,0.0007161461068150588
2013,Excess crowding only,0.0077805034816265,-0.00017507918449165304
2013,Supply growth only,0.006470657885074598,0.00024856086380855734
2013,Supply growth only,-0.0084235155954957,-0.0009511616583915425
2013,Supply growth only,2.1601095795600184e-05,-0.0006690492524051141
2013,Supply growth only,0.001744344830512997,0.0004540103971282501
2013,Supply growth only,0.0109899658709764,0.001123516585657717
2013,Supply growth only,0.015000861138105396,5.8280310425514684e-05
2013,Supply growth only,0.002464383840560899,0.00018885687249659846
2013,Supply growth only,0.006592441350221599,-0.0027368320209071547
2013,Supply growth only,-0.007720988243818301,9.821855507342815e-05
2013,Supply growth only,-0.0041990978643298,-0.0006072561902501835
2013,Supply growth only,0.001460222527384699,0.0008116680742016215
2013,Supply growth only,-0.011956588365137591,0.0003002337176535515
2013,Supply growth only,0.0029485113918781003,9.221048128670961e-05
2013,Supply growth only,0.0034146625548600977,-0.0004966744040156715
2013,Supply growth only,-0.0015378035604954009,-0.005116295028186613
2013,Supply growth only,-0.0109660103917122,0.0005423234144831012
2013,Supply growth only,0.017244957387447298,-0.0033675107845017537
2013,Supply growth only,0.003935169428586897,-0.002524848946822936
2013,Supply growth only,0.0026116799563168994,-0.0008662176940918017
2013,Supply growth only,0.001610660925507497,0.00012599314285441257
2013,Supply growth only,-0.0029717823490501005,0.0006058455881998637
2013,Supply growth only,0.015780474990606298,-0.001627744570999799
2013,Supply growth only,-0.0045625679194927,-0.0008385393228063291
2013,Supply growth only,0.0119303483515978,0.0002777665146466898
2013,Supply growth only,0.010320272296667099,-0.0005743703482868478
2013,Supply growth only,0.0230878368020058,-0.0005203193385708257
2013,Supply growth only,-0.003433854319155199,0.0011299456632743266
2013,Supply growth only,-0.01205495931208135,-0.0016635345129435057
2013,Supply growth only,-0.0005378704518080001,0.00024296514443573826
2013,Supply growth only,-0.02355411555618049,-0.002165138093257444
2013,Supply growth only,0.000731240957975398,0.0007970141074980562
2013,Supply growth only,-0.009992538951337351,-8.437019169714888e-06
2013,Supply growth only,-0.004168644547462501,0.0008237864877190548
2013,Supply growth only,-0.0059314947575331,0.001060798268100624
2013,Supply growth only,0.008484061807394,0.0009324762905749656
2013,Supply growth only,-0.0005419608205557008,0.00041162264455786254
2013,Supply growth only,0.022229082882404296,-0.0032999843384136965
2013,Supply growth only,-0.0038916021585465,0.0002473516038315978
2013,Supply growth only,0.002669639885425599,0.000745340523988167
2013,Supply growth only,0.007685760036110899,-3.537086567299841e-06
2013,Supply growth only,-0.02282080287113787,-0.0018727735612960959
2013,Supply growth only,-0.0091194622218609,-8.52022947206558e-05
2013,Supply growth only,0.008573804050684,0.001123516585657717
2013,Supply growth only,0.0068571027368306975,-0.0011576150561795869
2013,Supply growth only,-0.0017688293009997004,-0.0002401549131092666
2013,Supply growth only,-0.011752231512218731,0.0003468012429359682
2013,Supply growth only,-0.006741160526871701,0.00029437845465840335
2013,Supply growth only,0.007815714925527597,0.0009721376938361477
2013,Supply growth only,-0.0013506412506104001,-0.0016646509798115736
2013,Supply growth only,-0.008965878747403639,-0.002494771618021995
2013,Supply growth only,0.011931871995329798,0.0008272237850531319
2013,Supply growth only,-0.006721970625221701,0.0002150139468329854
2013,Supply growth only,-0.0018859319388867014,-0.0001276015947151198
2013,Supply growth only,-0.0057093249633908,0.0006089449569104489
2013,Supply growth only,0.005562754347920397,-0.0002192210788346954
2013,Supply growth only,-0.0025298316031695,0.000809596903791966
2013,Supply growth only,-0.005957830697298101,-0.0004527174172858719
2013,Supply growth only,0.005024231970310197,-0.00199188874074237
2013,Supply growth only,-0.01663724251557143,0.0009384429564407497
2013,Supply growth only,-0.0054905107244849006,0.0006922398990585389
2013,Supply growth only,0.007872140035033198,0.0005198084201231506
2013,Supply growth only,0.018525104969739897,0.001123516585657717
2013,Supply growth only,-0.0007426030933856999,-0.000579578305103391
2013,Supply growth only,-0.007765728980302801,5.8682038215425404e-05
2013,Supply growth only,0.010044954717159299,-0.0014093112163053537
2013,Supply growth only,0.0273200049996376,-0.0002837525749614098
2013,Supply growth only,0.008419526740908598,0.001123516585657717
2013,Supply growth only,-0.0057301456108689005,-0.00011157887845215713
2013,Supply growth only,0.0093063153326511,0.00018462904909758316
2013,Supply growth only,-0.01491987868212165,0.000217437925094425
2013,Supply growth only,0.019088521599769596,-0.0003875494436433914
2013,Supply growth only,-0.0038340901955962008,0.000921097163872536
2013,Supply growth only,0.0042517352849245,-0.005589307556201718
2013,Supply growth only,0.009606059640645998,0.0011014128232857364
2013,Supply growth only,-0.002936964854598101,-0.00020203388550808234
2013,Supply growth only,0.011224016547202998,0.0010552817229400587
2013,Supply growth only,-0.017347160610370352,0.00027883882419719823
2013,Supply growth only,0.0171458758413791,0.001122809984294648
2013,Supply growth only,-0.000941894948482503,-0.0022293777736694547
2013,Supply growth only,0.0009678509086369982,-0.0018454842933959695
2013,Supply growth only,0.0156497471034527,0.0005789224015632589
2013,Supply growth only,0.025821603834629,-0.000413860909230199
2013,Supply growth only,0.035187132656574194,-0.00023283528856695205
2013,Supply growth only,0.037684448063373496,0.0010718256587822757
2013,Supply growth only,0.011202644556760798,-0.0010297878252041948
2013,Supply growth only,-0.014051696751266732,-0.0008008794543184945
2013,Supply growth only,-2.1601095795600184e-05,-0.0021382287511213134
2013,Supply growth only,-0.0048157395794988,0.0007786724272642476
2013,Supply growth only,-0.011699324473738691,0.0004424925125796049
2013,Supply growth only,0.015010077506303798,0.0012135280376023689
2013,Supply growth only,-0.006043395027518301,0.0007135449947509732
2013,Supply growth only,0.005256045609712597,0.00012179478108813682
2013,Supply growth only,-0.01217532437294723,0.001123516585657717
2013,Supply growth only,-0.01090070419013502,9.432981311397132e-06
2013,Supply growth only,0.0254443846642971,0.001123516585657717
2013,Supply growth only,-0.01590519119054081,-0.0005177206901717467
2013,Supply growth only,-0.008694494143128409,-0.001213924811499587
2013,Supply growth only,-0.01537079783156516,-0.0006863354137282291
2013,Supply growth only,-0.0013750120997428998,0.0015477561513549999
2013,Supply growth only,0.0077805034816265,-0.00014701097198453034
2013,Lagged rent growth only,0.006470657885074598,0.00014614050118857218
2013,Lagged rent growth only,-0.0084235155954957,-0.0007841618123362031
2013,Lagged rent growth only,2.1601095795600184e-05,-0.0021460890376920863
2013,Lagged rent growth only,0.001744344830512997,-0.00040331738656234045
2013,Lagged rent growth only,0.0109899658709764,-0.001165775735321723
2013,Lagged rent growth only,0.015000861138105396,0.004149324797906319
2013,Lagged rent growth only,0.002464383840560899,-0.0024076953845367744
2013,Lagged rent growth only,0.006592441350221599,0.0020502145651437632
2013,Lagged rent growth only,-0.007720988243818301,-0.002239827889009003
2013,Lagged rent growth only,-0.0041990978643298,-0.0015347730414709262
2013,Lagged rent growth only,0.001460222527384699,-0.0013156548574588319
2013,Lagged rent growth only,-0.011956588365137591,-0.0010358330860075946
2013,Lagged rent growth only,0.0029485113918781003,-0.0017974286401466076
2013,Lagged rent growth only,0.0034146625548600977,0.00237859061988215
2013,Lagged rent growth only,-0.0015378035604954009,-0.0010922012336844515
2013,Lagged rent growth only,-0.0109660103917122,-0.0012949645745991079
2013,Lagged rent growth only,0.017244957387447298,0.001295660350833231
2013,Lagged rent growth only,0.003935169428586897,0.0015434351504263998
2013,Lagged rent growth only,0.0026116799563168994,-0.0007739447828348258
2013,Lagged rent growth only,0.001610660925507497,0.0012402906780791078
2013,Lagged rent growth only,-0.0029717823490501005,-1.1975213420185976e-05
2013,Lagged rent growth only,0.015780474990606298,0.003201165525482507
2013,Lagged rent growth only,-0.0045625679194927,0.0004118856476819115
2013,Lagged rent growth only,0.0119303483515978,-0.0006875629413398631
2013,Lagged rent growth only,0.010320272296667099,0.003661105788036862
2013,Lagged rent growth only,0.0230878368020058,0.00316832648889798
2013,Lagged rent growth only,-0.003433854319155199,0.0012045173141445023
2013,Lagged rent growth only,-0.01205495931208135,-0.005502377793428364
2013,Lagged rent growth only,-0.0005378704518080001,0.004137945816606776
2013,Lagged rent growth only,-0.02355411555618049,-0.00496100224092909
2013,Lagged rent growth only,0.000731240957975398,-0.000980700096945179
2013,Lagged rent growth only,-0.009992538951337351,0.0017211290097574137
2013,Lagged rent growth only,-0.004168644547462501,0.0011203889215655473
2013,Lagged rent growth only,-0.0059314947575331,0.0017976967344540916
2013,Lagged rent growth only,0.008484061807394,0.0032453246476572494
2013,Lagged rent growth only,-0.0005419608205557008,-0.0006058140455034262
2013,Lagged rent growth only,0.022229082882404296,0.0002138573566695224
2013,Lagged rent growth only,-0.0038916021585465,-0.001065839073845037
2013,Lagged rent growth only,0.002669639885425599,-0.0012095154319776648
2013,Lagged rent growth only,0.007685760036110899,-6.511372955951539e-05
2013,Lagged rent growth only,-0.02282080287113787,-0.0016130096614077776
2013,Lagged rent growth only,-0.0091194622218609,-0.0005402201876944378
2013,Lagged rent growth only,0.008573804050684,0.00026787848280807107
2013,Lagged rent growth only,0.0068571027368306975,0.0012544641782224473
2013,Lagged rent growth only,-0.0017688293009997004,-0.00013445021704713232
2013,Lagged rent growth only,-0.011752231512218731,-0.0004047705143440346
2013,Lagged rent growth only,-0.006741160526871701,-0.0008623698100591749
2013,Lagged rent growth only,0.007815714925527597,0.0034370753165673252
2013,Lagged rent growth only,-0.0013506412506104001,-0.0005797705830070253
2013,Lagged rent growth only,-0.008965878747403639,-0.0015703072447914455
2013,Lagged rent growth only,0.011931871995329798,0.002894065132920443
2013,Lagged rent growth only,-0.006721970625221701,-0.0006383561266189344
2013,Lagged rent growth only,-0.0018859319388867014,-0.0023839726606803492
2013,Lagged rent growth only,-0.0057093249633908,-0.0005749257228803678
2013,Lagged rent growth only,0.005562754347920397,-7.125512093230578e-05
2013,Lagged rent growth only,-0.0025298316031695,-0.0014844906920206582
2013,Lagged rent growth only,-0.005957830697298101,5.538829339466297e-06
2013,Lagged rent growth only,0.005024231970310197,0.0022032982743812354
2013,Lagged rent growth only,-0.01663724251557143,-0.0018853172760742783
2013,Lagged rent growth only,-0.0054905107244849006,-0.002053533604833726
2013,Lagged rent growth only,0.007872140035033198,-0.00047320540209437617
2013,Lagged rent growth only,0.018525104969739897,0.0012998595598659947
2013,Lagged rent growth only,-0.0007426030933856999,-0.002997651365614716
2013,Lagged rent growth only,-0.007765728980302801,0.0003820607503900063
2013,Lagged rent growth only,0.010044954717159299,0.0035730522991657757
2013,Lagged rent growth only,0.0273200049996376,0.004805589779319918
2013,Lagged rent growth only,0.008419526740908598,0.002280797872310624
2013,Lagged rent growth only,-0.0057301456108689005,-0.0001419294217052948
2013,Lagged rent growth only,0.0093063153326511,0.0030963322637232787
2013,Lagged rent growth only,-0.01491987868212165,-0.0016334280332356316
2013,Lagged rent growth only,0.019088521599769596,0.006537064187587823
2013,Lagged rent growth only,-0.0038340901955962008,0.0021417175812147755
2013,Lagged rent growth only,0.0042517352849245,0.002883065395954841
2013,Lagged rent growth only,0.009606059640645998,0.002831405602461517
2013,Lagged rent growth only,-0.002936964854598101,0.0004871395026759714
2013,Lagged rent growth only,0.011224016547202998,0.004157472221173176
2013,Lagged rent growth only,-0.017347160610370352,-9.285195737401844e-05
2013,Lagged rent growth only,0.0171458758413791,0.007567761118011403
2013,Lagged rent growth only,-0.000941894948482503,0.0008188285786711721
2013,Lagged rent growth only,0.0009678509086369982,0.0006324049441062283
2013,Lagged rent growth only,0.0156497471034527,0.004225290355257089
2013,Lagged rent growth only,0.025821603834629,0.003987626352717651
2013,Lagged rent growth only,0.035187132656574194,0.00495432511375614
2013,Lagged rent growth only,0.037684448063373496,0.005944952045599718
2013,Lagged rent growth only,0.011202644556760798,0.004555575841917704
2013,Lagged rent growth only,-0.014051696751266732,-0.0031535363364290693
2013,Lagged rent growth only,-2.1601095795600184e-05,0.0002747335030327448
2013,Lagged rent growth only,-0.0048157395794988,-0.0009654271184897465
2013,Lagged rent growth only,-0.011699324473738691,0.00029911467541522696
2013,Lagged rent growth only,0.015010077506303798,0.007030748939454314
2013,Lagged rent growth only,-0.006043395027518301,-0.0007955584073058334
2013,Lagged rent growth only,0.005256045609712597,0.0039569741633591095
2013,Lagged rent growth only,-0.01217532437294723,0.0010271245384864277
2013,Lagged rent growth only,-0.01090070419013502,-6.258038841740077e-05
2013,Lagged rent growth only,0.0254443846642971,-0.002540187199774733
2013,Lagged rent growth only,-0.01590519119054081,-0.0017300555264458347
2013,Lagged rent growth only,-0.008694494143128409,0.0008299884899490803
2013,Lagged rent growth only,-0.01537079783156516,-0.0009852383691269944
2013,Lagged rent growth only,-0.0013750120997428998,-0.0003659411786503775
2013,Lagged rent growth only,0.0077805034816265,0.0015704693818648409
2013,Occupancy only,0.006470657885074598,0.006301039843414263
2013,Occupancy only,-0.0084235155954957,0.00525205561673267
2013,Occupancy only,2.1601095795600184e-05,0.00039923107397682456
2013,Occupancy only,0.001744344830512997,0.005386655460346973
2013,Occupancy only,0.0109899658709764,0.010746714287518694
2013,Occupancy only,0.015000861138105396,-0.0006478133502896832
2013,Occupancy only,0.002464383840560899,-0.0044345481359757966
2013,Occupancy only,0.006592441350221599,0.001868270696368829
2013,Occupancy only,-0.007720988243818301,0.0027576300251387076
2013,Occupancy only,-0.0041990978643298,0.003981581223379188
2013,Occupancy only,0.001460222527384699,0.0008917966045928205
2013,Occupancy only,-0.011956588365137591,-0.004257016136430036
2013,Occupancy only,0.0029485113918781003,0.0055289183250723795
2013,Occupancy only,0.0034146625548600977,0.006820506105043228
2013,Occupancy only,-0.0015378035604954009,-4.310800236984047e-05
2013,Occupancy only,-0.0109660103917122,0.0007405561419132067
2013,Occupancy only,0.017244957387447298,-0.0016521500585735815
2013,Occupancy only,0.003935169428586897,0.0008274144021207241
2013,Occupancy only,0.0026116799563168994,-0.002462634776745215
2013,Occupancy only,0.001610660925507497,0.0020273505258336655
2013,Occupancy only,-0.0029717823490501005,0.0008416663388733092
2013,Occupancy only,0.015780474990606298,-0.0005150250576909376
2013,Occupancy only,-0.0045625679194927,0.00385097320456948
2013,Occupancy only,0.0119303483515978,0.0022812722651151807
2013,Occupancy only,0.010320272296667099,0.0004243843796737923
2013,Occupancy only,0.0230878368020058,0.005570006867137961
2013,Occupancy only,-0.003433854319155199,0.0039423683580288305
2013,Occupancy only,-0.01205495931208135,-0.004153837885655459
2013,Occupancy only,-0.0005378704518080001,0.008892134927265621
2013,Occupancy only,-0.02355411555618049,-0.011339202691179578
2013,Occupancy only,0.000731240957975398,0.00781347653306022
2013,Occupancy only,-0.009992538951337351,-0.003145268881193042
2013,Occupancy only,-0.004168644547462501,0.0057040456108801985
2013,Occupancy only,-0.0059314947575331,0.0044647363075679125
2013,Occupancy only,0.008484061807394,0.009914843648506116
2013,Occupancy only,-0.0005419608205557008,0.0006407124275218112
2013,Occupancy only,0.022229082882404296,0.0013881776143394864
2013,Occupancy only,-0.0038916021585465,0.0023460071589354314
2013,Occupancy only,0.002669639885425599,0.005351706954024843
2013,Occupancy only,0.007685760036110899,0.000709567397546268
2013,Occupancy only,-0.02282080287113787,-0.007554359613633904
2013,Occupancy only,-0.0091194622218609,-0.004855966202804013
2013,Occupancy only,0.008573804050684,-0.0007587828735743096
2013,Occupancy only,0.0068571027368306975,-0.004132884813287302
2013,Occupancy only,-0.0017688293009997004,-0.0008796117231838207
2013,Occupancy only,-0.011752231512218731,0.0013675772333192338
2013,Occupancy only,-0.006741160526871701,0.0036557585433389106
2013,Occupancy only,0.007815714925527597,-0.004455613428318295
2013,Occupancy only,-0.0013506412506104001,0.005039174325241896
2013,Occupancy only,-0.008965878747403639,-0.006120797534586192
2013,Occupancy only,0.011931871995329798,0.008647174754513404
2013,Occupancy only,-0.006721970625221701,0.0011201642525547062
2013,Occupancy only,-0.0018859319388867014,-0.004873119827466715
2013,Occupancy only,-0.0057093249633908,-0.010114161356044815
2013,Occupancy only,0.005562754347920397,0.007036930341440845
2013,Occupancy only,-0.0025298316031695,0.006156244013551665
2013,Occupancy only,-0.005957830697298101,0.006389180617615259
2013,Occupancy only,0.005024231970310197,0.0037535342039158037
2013,Occupancy only,-0.01663724251557143,0.004413515904953896
2013,Occupancy only,-0.0054905107244849006,0.001987833063409855
2013,Occupancy only,0.007872140035033198,0.011421685370855722
2013,Occupancy only,0.018525104969739897,0.0060063662219901615
2013,Occupancy only,-0.0007426030933856999,-0.003182894635476413
2013,Occupancy only,-0.007765728980302801,0.002679957771409308
2013,Occupancy only,0.010044954717159299,0.000195760228913322
2013,Occupancy only,0.0273200049996376,0.008813677133715253
2013,Occupancy only,0.008419526740908598,0.00195118522604662
2013,Occupancy only,-0.0057301456108689005,0.0028309417312903096
2013,Occupancy only,0.0093063153326511,-0.0008922444860194612
2013,Occupancy only,-0.01491987868212165,0.004138031899157263
2013,Occupancy only,0.019088521599769596,0.006841699648785254
2013,Occupancy only,-0.0038340901955962008,0.006321223407386417
2013,Occupancy only,0.0042517352849245,-0.002730022912958263
2013,Occupancy only,0.009606059640645998,0.005956861181842438
2013,Occupancy only,-0.002936964854598101,-0.0013990459219630491
2013,Occupancy only,0.011224016547202998,0.0051031076478163795
2013,Occupancy only,-0.017347160610370352,0.005376651851197872
2013,Occupancy only,0.0171458758413791,0.005914842817131533
2013,Occupancy only,-0.000941894948482503,0.0037475865452709922
2013,Occupancy only,0.0009678509086369982,-0.0022784817987082373
2013,Occupancy only,0.0156497471034527,0.008641243127293613
2013,Occupancy only,0.025821603834629,0.007125263492740758
2013,Occupancy only,0.035187132656574194,0.007632754279955772
2013,Occupancy only,0.037684448063373496,0.009056569252652996
2013,Occupancy only,0.011202644556760798,0.005241859630484597
2013,Occupancy only,-0.014051696751266732,-0.004258010084774971
2013,Occupancy only,-2.1601095795600184e-05,0.003937735276227455
2013,Occupancy only,-0.0048157395794988,0.003796979365444403
2013,Occupancy only,-0.011699324473738691,-0.005483628551206793
2013,Occupancy only,0.015010077506303798,0.005906698853272968
2013,Occupancy only,-0.006043395027518301,0.006394743522061902
2013,Occupancy only,0.005256045609712597,0.0026361599185324713
2013,Occupancy only,-0.01217532437294723,0.000259052294490858
2013,Occupancy only,-0.01090070419013502,-0.006755866401301436
2013,Occupancy only,0.0254443846642971,0.008008979759939444
2013,Occupancy only,-0.01590519119054081,-0.0005357376586854756
2013,Occupancy only,-0.008694494143128409,0.0025493337211746347
2013,Occupancy only,-0.01537079783156516,-0.00033548913003061953
2013,Occupancy only,-0.0013750120997428998,-0.006966743764677152
2013,Occupancy only,0.0077805034816265,0.005565918853783741
2013,Absorption only,0.006470657885074598,-0.00024352232855538204
2013,Absorption only,-0.0084235155954957,0.0018317191018708346
2013,Absorption only,2.1601095795600184e-05,0.00015576304663463166
2013,Absorption only,0.001744344830512997,-0.0009866309850447862
2013,Absorption only,0.0109899658709764,-0.0021071320849252737
2013,Absorption only,0.015000861138105396,0.0012781406835264556
2013,Absorption only,0.002464383840560899,0.0016926468589195352
2013,Absorption only,0.006592441350221599,0.004573131171321644
2013,Absorption only,-0.007720988243818301,-0.0004762129179611554
2013,Absorption only,-0.0041990978643298,0.0006334459680760523
2013,Absorption only,0.001460222527384699,-0.0011390474911878148
2013,Absorption only,-0.011956588365137591,-0.0009751632588643941
2013,Absorption only,0.0029485113918781003,0.001759576678990551
2013,Absorption only,0.0034146625548600977,0.0006015448388833255
2013,Absorption only,-0.0015378035604954009,0.008443176001035401
2013,Absorption only,-0.0109660103917122,-0.0016165219085168651
2013,Absorption only,0.017244957387447298,0.004583973385164923
2013,Absorption only,0.003935169428586897,0.003962422626187675
2013,Absorption only,0.0026116799563168994,0.00033111500513844424
2013,Absorption only,0.001610660925507497,-0.0008725792355779782
2013,Absorption only,-0.0029717823490501005,-0.00135318121459259
2013,Absorption only,0.015780474990606298,0.00391467518445477
2013,Absorption only,-0.0045625679194927,0.0009468276489693109
2013,Absorption only,0.0119303483515978,-0.0027186746465087254
2013,Absorption only,0.010320272296667099,0.0011342728459906282
2013,Absorption only,0.0230878368020058,0.0009691375889929825
2013,Absorption only,-0.003433854319155199,-0.0018075116754484853
2013,Absorption only,-0.01205495931208135,0.003908003052858906
2013,Absorption only,-0.0005378704518080001,-2.709505991452905e-05
2013,Absorption only,-0.02355411555618049,0.0068197629821166285
2013,Absorption only,0.000731240957975398,-0.0012908384849937315
2013,Absorption only,-0.009992538951337351,0.00037719441397238325
2013,Absorption only,-0.004168644547462501,-0.00019598339093484813
2013,Absorption only,-0.0059314947575331,0.0011820202877235331
2013,Absorption only,0.008484061807394,-0.0008569414271501709
2013,Absorption only,-0.0005419608205557008,0.002388216577788405
2013,Absorption only,0.022229082882404296,0.0063864914366101805
2013,Absorption only,-0.0038916021585465,-0.001107980378444571
2013,Absorption only,0.002669639885425599,-0.001269154057307172
2013,Absorption only,0.007685760036110899,0.0014774706149529066
2013,Absorption only,-0.02282080287113787,-0.0009194926608614002
2013,Absorption only,-0.0091194622218609,-0.0007839649878204034
2013,Absorption only,0.008573804050684,-0.0011415495405362641
2013,Absorption only,0.0068571027368306975,0.00345075353442982
2013,Absorption only,-0.0017688293009997004,0.0004136826336372671
2013,Absorption only,-0.011752231512218731,7.945054150693175e-05
2013,Absorption only,-0.006741160526871701,0.0005054244430804031
2013,Absorption only,0.007815714925527597,-0.001010608957967424
2013,Absorption only,-0.0013506412506104001,0.002519574168581986
2013,Absorption only,-0.008965878747403639,0.002821488123294853
2013,Absorption only,0.011931871995329798,-0.0012245341772598281
2013,Absorption only,-0.006721970625221701,-0.0016542611528559735
2013,Absorption only,-0.0018859319388867014,0.001010629907354765
2013,Absorption only,-0.0057093249633908,-0.0012091048729443918
2013,Absorption only,0.005562754347920397,0.0011870243864204313
2013,Absorption only,-0.0025298316031695,-0.00213069304962317
2013,Absorption only,-0.005957830697298101,0.0007258132898563009
2013,Absorption only,0.005024231970310197,0.0028844563652308235
2013,Absorption only,-0.01663724251557143,-0.002367553721276358
2013,Absorption only,-0.0054905107244849006,-0.00036820778775309903
2013,Absorption only,0.007872140035033198,-0.0006555264546000126
2013,Absorption only,0.018525104969739897,-0.0002823040934563444
2013,Absorption only,-0.0007426030933856999,0.00014992493148824988
2013,Absorption only,-0.007765728980302801,-0.0003990663963839725
2013,Absorption only,0.010044954717159299,0.002639881041419917
2013,Absorption only,0.0273200049996376,0.0013423599501366508
2013,Absorption only,0.008419526740908598,-0.00047016629870240325
2013,Absorption only,-0.0057301456108689005,0.00011051765425017538
2013,Absorption only,0.0093063153326511,0.0006357395133121308
2013,Absorption only,-0.01491987868212165,-0.000691389161927784
2013,Absorption only,0.019088521599769596,0.0015414813774507312
2013,Absorption only,-0.0038340901955962008,-0.0013688190230203973
2013,Absorption only,0.0042517352849245,0.0055207823620467686
2013,Absorption only,0.009606059640645998,0.0005523378683638248
2013,Absorption only,-0.002936964854598101,0.0009418235502724128
2013,Absorption only,0.011224016547202998,-0.0006363440762619022
2013,Absorption only,-0.017347160610370352,-0.0004555710108364497
2013,Absorption only,0.0171458758413791,0.00018828968816447062
2013,Absorption only,-0.000941894948482503,0.0040201782653143765
2013,Absorption only,0.0009678509086369982,0.0034966244391513874
2013,Absorption only,0.0156497471034527,-0.00045390297793748355
2013,Absorption only,0.025821603834629,0.0009009567442477434
2013,Absorption only,0.035187132656574194,0.001279600212313051
2013,Absorption only,0.037684448063373496,-0.0019853656833007474
2013,Absorption only,0.011202644556760798,0.003411971769528857
2013,Absorption only,-0.014051696751266732,0.0003894961566022581
2013,Absorption only,-2.1601095795600184e-05,0.005080213172607342
2013,Absorption only,-0.0048157395794988,-0.002456167969033933
2013,Absorption only,-0.011699324473738691,-0.0015402094033891655
2013,Absorption only,0.015010077506303798,-0.0007743737986513483
2013,Absorption only,-0.006043395027518301,-0.0022541274841466623
2013,Absorption only,0.005256045609712597,0.0010381524501877058
2013,Absorption only,-0.01217532437294723,-0.0019246909866008548
2013,Absorption only,-0.01090070419013502,-0.0009188671485242878
2013,Absorption only,0.0254443846642971,-0.0025158001451719716
2013,Absorption only,-0.01590519119054081,0.00014450382456661012
2013,Absorption only,-0.008694494143128409,0.0012191340197255296
2013,Absorption only,-0.01537079783156516,0.0018131622358698368
2013,Absorption only,-0.0013750120997428998,-0.0018385787881917293
2013,Absorption only,0.0077805034816265,-0.00027834251532129995
2013,All predictors,0.006470657885074598,0.004000794947063985
2013,All predictors,-0.0084235155954957,0.002640444159633909
2013,All predictors,2.1601095795600184e-05,-0.0038999288542035104
2013,All predictors,0.001744344830512997,0.002210695696829329
2013,All predictors,0.0109899658709764,0.004658176215411564
2013,All predictors,0.015000861138105396,0.004936018869339087
2013,All predictors,0.002464383840560899,-0.001503573932772978
2013,All predictors,0.006592441350221599,0.0023868604876021438
2013,All predictors,-0.007720988243818301,-0.0022544105030494754
2013,All predictors,-0.0041990978643298,7.827758393499917e-05
2013,All predictors,0.001460222527384699,-0.0003564620564383836
2013,All predictors,-0.011956588365137591,-0.004781764624816359
2013,All predictors,0.0029485113918781003,0.0045528723703387175
2013,All predictors,0.0034146625548600977,0.0055011068143962505
2013,All predictors,-0.0015378035604954009,-0.0020016743612411014
2013,All predictors,-0.0109660103917122,-0.0022289851422239992
2013,All predictors,0.017244957387447298,-0.0032436588973321634
2013,All predictors,0.003935169428586897,0.0002113135720282766
2013,All predictors,0.0026116799563168994,-0.004904012841876804
2013,All predictors,0.001610660925507497,0.0009157910514848988
2013,All predictors,-0.0029717823490501005,-0.00011496954841036522
2013,All predictors,0.015780474990606298,0.0034549667859504474
2013,All predictors,-0.0045625679194927,0.001334585163254326
2013,All predictors,0.0119303483515978,-0.0038238213585057856
2013,All predictors,0.010320272296667099,0.003573859918105049
2013,All predictors,0.0230878368020058,0.005930496774007893
2013,All predictors,-0.003433854319155199,0.003384572250878043
2013,All predictors,-0.01205495931208135,-0.005703461413522709
2013,All predictors,-0.0005378704518080001,0.009056671737046634
2013,All predictors,-0.02355411555618049,-0.005577876013242555
2013,All predictors,0.000731240957975398,0.0032818576225320806
2013,All predictors,-0.009992538951337351,0.00011143207941957667
2013,All predictors,-0.004168644547462501,0.0056941253154357
2013,All predictors,-0.0059314947575331,0.00946729020805373
2013,All predictors,0.008484061807394,0.009485524571701459
2013,All predictors,-0.0005419608205557008,0.00565744699193696
2013,All predictors,0.022229082882404296,0.001671981689606472
2013,All predictors,-0.0038916021585465,-0.0008798884940665053
2013,All predictors,0.002669639885425599,0.0023139209018491202
2013,All predictors,0.007685760036110899,0.0032723341324146227
2013,All predictors,-0.02282080287113787,-0.014617766413055344
2013,All predictors,-0.0091194622218609,-0.00538053413459752
2013,All predictors,0.008573804050684,0.0005141459684235572
2013,All predictors,0.0068571027368306975,0.0006935399112880658
2013,All predictors,-0.0017688293009997004,-0.0008017679476651218
2013,All predictors,-0.011752231512218731,0.0013950594978606456
2013,All predictors,-0.006741160526871701,0.0030768682422380456
2013,All predictors,0.007815714925527597,0.00042828132035252486
2013,All predictors,-0.0013506412506104001,0.001996429417798651
2013,All predictors,-0.008965878747403639,-0.008386269938441188
2013,All predictors,0.011931871995329798,0.00821057975610437
2013,All predictors,-0.006721970625221701,-0.0026244014869402643
2013,All predictors,-0.0018859319388867014,-0.0038047359516779067
2013,All predictors,-0.0057093249633908,-0.0075104192908629075
2013,All predictors,0.005562754347920397,0.005432897204469406
2013,All predictors,-0.0025298316031695,0.0011048464934391988
2013,All predictors,-0.005957830697298101,0.003882615264439143
2013,All predictors,0.005024231970310197,0.0025785284046591084
2013,All predictors,-0.01663724251557143,-0.00023748795019146174
2013,All predictors,-0.0054905107244849006,0.0008565940043065712
2013,All predictors,0.007872140035033198,0.007293201965061419
2013,All predictors,0.018525104969739897,0.007303588585602511
2013,All predictors,-0.0007426030933856999,-0.006453427548508722
2013,All predictors,-0.007765728980302801,0.0014012868193701289
2013,All predictors,0.010044954717159299,0.0025835317294493065
2013,All predictors,0.0273200049996376,0.009653364020080046
2013,All predictors,0.008419526740908598,0.005138397359593594
2013,All predictors,-0.0057301456108689005,0.0012923023875769657
2013,All predictors,0.0093063153326511,0.0030421257351313236
2013,All predictors,-0.01491987868212165,0.0005252763023644302
2013,All predictors,0.019088521599769596,0.01078934462214437
2013,All predictors,-0.0038340901955962008,0.005896303775528605
2013,All predictors,0.0042517352849245,-0.007960448820005878
2013,All predictors,0.009606059640645998,0.010414846776050951
2013,All predictors,-0.002936964854598101,8.876791085066227e-05
2013,All predictors,0.011224016547202998,0.007187551083003341
2013,All predictors,-0.017347160610370352,0.0032722830833823158
2013,All predictors,0.0171458758413791,0.013240422977929739
2013,All predictors,-0.000941894948482503,0.0021790453958528133
2013,All predictors,0.0009678509086369982,-0.0004928289154416399
2013,All predictors,0.0156497471034527,0.009286735253593859
2013,All predictors,0.025821603834629,0.00799254214475692
2013,All predictors,0.035187132656574194,0.009975085683631868
2013,All predictors,0.037684448063373496,0.009568952293112276
2013,All predictors,0.011202644556760798,0.00990686571960997
2013,All predictors,-0.014051696751266732,-0.007418835251155165
2013,All predictors,-2.1601095795600184e-05,0.004874183381094438
2013,All predictors,-0.0048157395794988,-0.001261083212601044
2013,All predictors,-0.011699324473738691,-0.004550486590208069
2013,All predictors,0.015010077506303798,0.010391371832670332
2013,All predictors,-0.006043395027518301,0.0012145643485430013
2013,All predictors,0.005256045609712597,0.007050850694464733
2013,All predictors,-0.01217532437294723,0.0009565309103108655
2013,All predictors,-0.01090070419013502,-0.006070421770121626
2013,All predictors,0.0254443846642971,0.0006508331063889705
2013,All predictors,-0.01590519119054081,-0.0038194709887870715
2013,All predictors,-0.008694494143128409,5.358426052762266e-05
2013,All predictors,-0.01537079783156516,0.0003169014722630148
2013,All predictors,-0.0013750120997428998,-0.0032859744365743293
2013,All predictors,0.0077805034816265,0.003418490491908649
2014,Excess crowding only,0.00047579593956469796,0.0008545188330869853
2014,Excess crowding only,-0.005820488557219505,-0.0008213799568135335
2014,Excess crowding only,-0.015038009732961702,0.0010450072829681523
2014,Excess crowding only,-0.003242934122681604,-0.0006093758054753189
2014,Excess crowding only,-0.008403250947594601,0.0005206681730760687
2014,Excess crowding only,0.027569340541958802,0.004758397083316761
2014,Excess crowding only,-0.0168085610494018,0.006678425965331149
2014,Excess crowding only,0.013362566009163898,-0.0009459227423121591
2014,Excess crowding only,-0.0156724341213703,0.008226821788028709
2014,Excess crowding only,-0.0109006240963936,0.00037134298825776727
2014,Excess crowding only,-0.0094176325947046,0.0021746027811237073
2014,Excess crowding only,-0.007523799315094899,0.0023476082890496893
2014,Excess crowding only,-0.0126782767474651,0.004298906445715962
2014,Excess crowding only,0.0155850145965815,-0.001012472854060462
2014,Excess crowding only,-0.0079052988439798,0.0004261001327647714
2014,Excess crowding only,-0.0092776007950306,0.0004900212802051077
2014,Excess crowding only,0.008255744352936696,0.0038083979688567143
2014,Excess crowding only,0.009932683780789396,0.0026078970715611165
2014,Excess crowding only,-0.005751339718699504,0.0010705841753805494
2014,Excess crowding only,0.007881002500653302,-0.000721107805932705
2014,Excess crowding only,-0.0005943309515714992,-0.0014483966460582143
2014,Excess crowding only,0.021152200177311897,0.003808098352760415
2014,Excess crowding only,0.0022743586450814993,0.0008399203297142935
2014,Excess crowding only,-0.005166707560420002,0.0007110674305092392
2014,Excess crowding only,0.024265075102448498,-0.0016610838089272534
2014,Excess crowding only,0.020929945632815403,-0.0003087297258221369
2014,Excess crowding only,0.007638888433575602,0.00017922816634601387
2014,Excess crowding only,-0.0377533663995564,0.002227354699780052
2014,Excess crowding only,0.0274923276156187,0.0020842422182721972
2014,Excess crowding only,-0.03408933756873012,0.005349956231506138
2014,Excess crowding only,-0.007150659337639802,0.004053804962521589
2014,Excess crowding only,0.011135315522551502,-0.0015464963278917713
2014,Excess crowding only,0.0070695076137781004,0.0073313795413513854
2014,Excess crowding only,0.0116535257548094,0.004547707589111921
2014,Excess crowding only,0.0214510690420866,0.0003036990187201064
2014,Excess crowding only,-0.004613431170582799,0.0016906637583154417
2014,Excess crowding only,0.0009341035038233012,0.003325054320302584
2014,Excess crowding only,-0.007726879790425301,-0.0013159072634930363
2014,Excess crowding only,-0.008699281141161905,-0.0022845785977146024
2014,Excess crowding only,-0.0009539723396300992,-0.0009911421698856207
2014,Excess crowding only,-0.011430129408836401,0.0014938200718034808
2014,Excess crowding only,-0.004169492051005405,-0.0005092803500656546
2014,Excess crowding only,0.0012997183948754987,0.003494631023147206
2014,Excess crowding only,0.007976928725838703,0.0034171531224470664
2014,Excess crowding only,-0.0014232415705918988,0.0008664579235175167
2014,Excess crowding only,-0.003252768889069599,0.0014986855101064894
2014,Excess crowding only,-0.0063498001545667995,0.0005132667308976773
2014,Excess crowding only,0.022748837247490897,0.005233338479966495
2014,Excess crowding only,-0.004437169060111004,0.00012628168191460167
2014,Excess crowding only,-0.011141119524836504,0.0019753157792535524
2014,Excess crowding only,0.0190737452358007,-0.003258697496305959
2014,Excess crowding only,-0.004833675920963301,-0.0008471223138994675
2014,Excess crowding only,-0.016648005694150904,0.0017090712047212412
2014,Excess crowding only,-0.004404379054904005,0.003740926095651379
2014,Excess crowding only,-0.0009955372661352019,0.00023840703465932586
2014,Excess crowding only,-0.010560313239693602,-0.00201743923706034
2014,Excess crowding only,-0.00047579593956469796,-0.0027630146052813553
2014,Excess crowding only,0.014398636296391501,0.0024817379625962695
2014,Excess crowding only,-0.0132731068879366,-0.0022999702949381626
2014,Excess crowding only,-0.014411594718694703,-0.00027809844993766493
2014,Excess crowding only,-0.003715936094522504,-0.0038419097039176274
2014,Excess crowding only,0.008284164592623697,0.0014318027131504138
2014,Excess crowding only,-0.0208013821393251,0.000973704518774388
2014,Excess crowding only,0.002072503790259403,-0.0007819760242210594
2014,Excess crowding only,0.023669129237532602,0.005081936136264969
2014,Excess crowding only,0.0320109408348799,0.005823041552602549
2014,Excess crowding only,0.014923153445124598,0.004393605407540593
2014,Excess crowding only,-0.0014738608151673993,-0.000703131712608878
2014,Excess crowding only,0.020442688837647396,0.00525362663702323
2014,Excess crowding only,-0.011568320915103002,-0.001988688168161674
2014,Excess crowding only,0.0437295567244291,0.0009732436422571064
2014,Excess crowding only,0.0139818582683802,-0.0006028169810256404
2014,Excess crowding only,0.0189992990344763,0.0037019179553602487
2014,Excess crowding only,0.0186496656388044,0.001280780985721015
2014,Excess crowding only,0.0027836766093969,0.00336701852777244
2014,Excess crowding only,0.0276244822889566,0.009361933400596063
2014,Excess crowding only,-0.0011417046189308028,-0.0018841846343333542
2014,Excess crowding only,0.050705311819911,0.0034005614006047996
2014,Excess crowding only,0.005028547719121,0.00459331035432956
2014,Excess crowding only,0.0037668328732251982,7.656113856569183e-05
2014,Excess crowding only,0.0280834753066301,0.002183712975972795
2014,Excess crowding only,0.02647496573627,-0.0014385329188434466
2014,Excess crowding only,0.0330175813287497,0.0015477318723782093
2014,Excess crowding only,0.0397221427410841,0.0017017556080432287
2014,Excess crowding only,0.0303188469260931,-0.0010527764634694272
2014,Excess crowding only,-0.021856411360204202,0.004256839613865462
2014,Excess crowding only,0.0013461131602525989,0.0022958280730738545
2014,Excess crowding only,-0.007047291845083202,0.0018612576217452285
2014,Excess crowding only,0.0015111248940229,-0.0010745530427162227
2014,Excess crowding only,0.0470708142966032,0.008511890868166368
2014,Excess crowding only,-0.005897620692849201,-0.0017620794339367487
2014,Excess crowding only,0.026267511770129197,0.0007102154295651349
2014,Excess crowding only,0.0064382944256067,9.880342144306652e-05
2014,Excess crowding only,-0.0009368266910314976,0.0001435695919197263
2014,Excess crowding only,-0.0177052654325962,0.004175773254057929
2014,Excess crowding only,-0.0122222956269979,0.0031737587176945237
2014,Excess crowding only,0.0051040779799223016,0.0002880719235079112
2014,Excess crowding only,-0.007181374356150599,0.0006139627988006036
2014,Excess crowding only,-0.0029899720102549016,0.0012755391791130241
2014,Excess crowding only,0.010115651413798298,-0.0006710830990333829
2014,Supply growth only,0.00047579593956469796,0.0012633067864584791
2014,Supply growth only,-0.005820488557219505,-0.0003254709658143634
2014,Supply growth only,-0.015038009732961702,0.0007678051869771899
2014,Supply growth only,-0.003242934122681604,0.0013062947449004657
2014,Supply growth only,-0.008403250947594601,0.0005010476274399898
2014,Supply growth only,0.027569340541958802,0.00017386215640377914
2014,Supply growth only,-0.0168085610494018,-0.0005503844212466846
2014,Supply growth only,0.013362566009163898,-0.0027098328429778617
2014,Supply growth only,-0.0156724341213703,-8.420882975022177e-06
2014,Supply growth only,-0.0109006240963936,4.013111436287952e-05
2014,Supply growth only,-0.0094176325947046,0.0008424470160304198
2014,Supply growth only,-0.007523799315094899,-0.0003179415539166944
2014,Supply growth only,-0.0126782767474651,-0.0008140613337628579
2014,Supply growth only,0.0155850145965815,-0.0008887304611463617
2014,Supply growth only,-0.0079052988439798,-0.006584915233490826
2014,Supply growth only,-0.0092776007950306,0.0005183414312842415
2014,Supply growth only,0.008255744352936696,-0.005025387366710214
2014,Supply growth only,0.009932683780789396,-0.002079400335948031
2014,Supply growth only,-0.005751339718699504,-0.002345786893323881
2014,Supply growth only,0.007881002500653302,0.00044336492810029325
2014,Supply growth only,-0.0005943309515714992,0.0007150388684293945
2014,Supply growth only,0.021152200177311897,0.0013062947449004657
2014,Supply growth only,0.0022743586450814993,-0.001464652635029114
2014,Supply growth only,-0.005166707560420002,-0.0007075010912355689
2014,Supply growth only,0.024265075102448498,-0.0004517338742027479
2014,Supply growth only,0.020929945632815403,-0.002443030853192675
2014,Supply growth only,0.007638888433575602,0.0009749835048987602
2014,Supply growth only,-0.0377533663995564,0.0001962120678979187
2014,Supply growth only,0.0274923276156187,-0.00012872052299760304
2014,Supply growth only,-0.03408933756873012,-0.0020431078636001425
2014,Supply growth only,-0.007150659337639802,0.0012433281203176189
2014,Supply growth only,0.011135315522551502,0.0006597162753915868
2014,Supply growth only,0.0070695076137781004,0.0010070567405226034
2014,Supply growth only,0.0116535257548094,0.0013062947449004657
2014,Supply growth only,0.0214510690420866,0.0009779473457093592
2014,Supply growth only,-0.004613431170582799,-0.0013793796511489904
2014,Supply growth only,0.0009341035038233012,0.0006837854645416353
2014,Supply growth only,-0.007726879790425301,0.0012403328217218865
2014,Supply growth only,-0.008699281141161905,0.0007417472938834139
2014,Supply growth only,-0.0009539723396300992,-0.0014557343190803017
2014,Supply growth only,-0.011430129408836401,-0.0027016184482670895
2014,Supply growth only,-0.004169492051005405,-0.001171170073626602
2014,Supply growth only,0.0012997183948754987,0.00032130152175203564
2014,Supply growth only,0.007976928725838703,0.0006879688292799778
2014,Supply growth only,-0.0014232415705918988,8.623370342199406e-05
2014,Supply growth only,-0.003252768889069599,-0.00035908639176907204
2014,Supply growth only,-0.0063498001545667995,0.0006479133782562467
2014,Supply growth only,0.022748837247490897,0.0007340951067254873
2014,Supply growth only,-0.004437169060111004,0.0002923985647605553
2014,Supply growth only,-0.011141119524836504,-5.352889324975905e-05
2014,Supply growth only,0.0190737452358007,0.0006643746941298348
2014,Supply growth only,-0.004833675920963301,-0.000848390241462307
2014,Supply growth only,-0.016648005694150904,0.00047035620842976087
2014,Supply growth only,-0.004404379054904005,0.0008814701202592462
2014,Supply growth only,-0.0009955372661352019,-0.00045075475260702297
2014,Supply growth only,-0.010560313239693602,0.00030198057766989725
2014,Supply growth only,-0.00047579593956469796,-0.00014478819114933255
2014,Supply growth only,0.014398636296391501,-0.0033383743297941268
2014,Supply growth only,-0.0132731068879366,0.0008984510157708302
2014,Supply growth only,-0.014411594718694703,-0.00019321772460375078
2014,Supply growth only,-0.003715936094522504,0.0006486583796332081
2014,Supply growth only,0.008284164592623697,-0.0006734780009160807
2014,Supply growth only,-0.0208013821393251,0.00010989156275573414
2014,Supply growth only,0.002072503790259403,0.0001420802635780454
2014,Supply growth only,0.023669129237532602,-0.0013987747045506595
2014,Supply growth only,0.0320109408348799,-0.0003151777954101987
2014,Supply growth only,0.014923153445124598,0.0013062947449004657
2014,Supply growth only,-0.0014738608151673993,0.00021406293791560228
2014,Supply growth only,0.020442688837647396,-0.0007446962751008603
2014,Supply growth only,-0.011568320915103002,-0.0001615711375307844
2014,Supply growth only,0.0437295567244291,-0.0009439736081613876
2014,Supply growth only,0.0139818582683802,0.00042550697802170526
2014,Supply growth only,0.0189992990344763,-0.002686629577135738
2014,Supply growth only,0.0186496656388044,-0.0003336690049961931
2014,Supply growth only,0.0027836766093969,-0.00044105877010419594
2014,Supply growth only,0.0276244822889566,-0.00040262437174690244
2014,Supply growth only,-0.0011417046189308028,-0.0010368716644736074
2014,Supply growth only,0.050705311819911,0.001077109133121156
2014,Supply growth only,0.005028547719121,-0.0013111525446290772
2014,Supply growth only,0.0037668328732251982,-0.0023820335916969783
2014,Supply growth only,0.0280834753066301,-0.00010517204461322669
2014,Supply growth only,0.02647496573627,-0.00010813586469116294
2014,Supply growth only,0.0330175813287497,-0.002392938507231872
2014,Supply growth only,0.0397221427410841,-0.00028605658351400125
2014,Supply growth only,0.0303188469260931,-0.001820195171830139
2014,Supply growth only,-0.021856411360204202,-0.0005030795308108638
2014,Supply growth only,0.0013461131602525989,-0.00028284374958688157
2014,Supply growth only,-0.007047291845083202,0.001010799158728883
2014,Supply growth only,0.0015111248940229,0.000638631866158314
2014,Supply growth only,0.0470708142966032,0.0013438935886475056
2014,Supply growth only,-0.005897620692849201,0.0006248589523979921
2014,Supply growth only,0.026267511770129197,-0.0013844154805059356
2014,Supply growth only,0.0064382944256067,0.0012685036366996212
2014,Supply growth only,-0.0009368266910314976,0.0003170633431381674
2014,Supply growth only,-0.0177052654325962,0.00126948136703595
2014,Supply growth only,-0.0122222956269979,-0.0013046688181516488
2014,Supply growth only,0.0051040779799223016,-0.0016717279881320096
2014,Supply growth only,-0.007181374356150599,0.0002336959446966021
2014,Supply growth only,-0.0029899720102549016,0.0013062947449004657
2014,Supply growth only,0.010115651413798298,0.0010161486295799426
2014,Lagged rent growth only,0.00047579593956469796,-0.0027933144532270547
2014,Lagged rent growth only,-0.005820488557219505,0.00013028078350255516
2014,Lagged rent growth only,-0.015038009732961702,0.0006108025073732294
2014,Lagged rent growth only,-0.003242934122681604,0.0006445802498602295
2014,Lagged rent growth only,-0.008403250947594601,0.003906953699032572
2014,Lagged rent growth only,0.027569340541958802,0.002963080109912453
2014,Lagged rent growth only,-0.0168085610494018,-0.0018705886984093497
2014,Lagged rent growth only,0.013362566009163898,-0.0017213164293856038
2014,Lagged rent growth only,-0.0156724341213703,0.0001761737102250937
2014,Lagged rent growth only,-0.0109006240963936,-0.003424856145007788
2014,Lagged rent growth only,-0.0094176325947046,0.00516659900547187
2014,Lagged rent growth only,-0.007523799315094899,-0.0009568429206283707
2014,Lagged rent growth only,-0.0126782767474651,0.0038383098963033313
2014,Lagged rent growth only,0.0155850145965815,-0.0017197141622847414
2014,Lagged rent growth only,-0.0079052988439798,-0.001980808175897532
2014,Lagged rent growth only,-0.0092776007950306,-0.0021557719090264495
2014,Lagged rent growth only,0.008255744352936696,8.864275317114372e-05
2014,Lagged rent growth only,0.009932683780789396,0.0003348833595841366
2014,Lagged rent growth only,-0.005751339718699504,-0.00034560687562024936
2014,Lagged rent growth only,0.007881002500653302,-0.0017952976367358767
2014,Lagged rent growth only,-0.0005943309515714992,-0.00026350046606807504
2014,Lagged rent growth only,0.021152200177311897,0.007287043237248461
2014,Lagged rent growth only,0.0022743586450814993,0.0015767189850065786
2014,Lagged rent growth only,-0.005166707560420002,-0.0071327375022129744
2014,Lagged rent growth only,0.024265075102448498,0.0013422093595504515
2014,Lagged rent growth only,0.020929945632815403,-0.0012651373914768069
2014,Lagged rent growth only,0.007638888433575602,0.0025044389951459586
2014,Lagged rent growth only,-0.0377533663995564,-0.0038275416541343004
2014,Lagged rent growth only,0.0274923276156187,0.007655868314976691
2014,Lagged rent growth only,-0.03408933756873012,0.0015325789857432
2014,Lagged rent growth only,-0.007150659337639802,-0.00012353195829577224
2014,Lagged rent growth only,0.011135315522551502,0.001266035637320299
2014,Lagged rent growth only,0.0070695076137781004,0.00586817433210452
2014,Lagged rent growth only,0.0116535257548094,0.004530027620264605
2014,Lagged rent growth only,0.0214510690420866,0.00144256000261817
2014,Lagged rent growth only,-0.004613431170582799,0.002196676676822698
2014,Lagged rent growth only,0.0009341035038233012,-0.0018945944318989687
2014,Lagged rent growth only,-0.007726879790425301,0.0019566464530450974
2014,Lagged rent growth only,-0.008699281141161905,-0.0008881026797777707
2014,Lagged rent growth only,-0.0009539723396300992,-0.008312928060136155
2014,Lagged rent growth only,-0.011430129408836401,-0.0005465866316724404
2014,Lagged rent growth only,-0.004169492051005405,0.0007573574677240866
2014,Lagged rent growth only,0.0012997183948754987,-0.002583542561458888
2014,Lagged rent growth only,0.007976928725838703,0.0021909763705160235
2014,Lagged rent growth only,-0.0014232415705918988,0.0007799348325726262
2014,Lagged rent growth only,-0.003252768889069599,0.002002516916269496
2014,Lagged rent growth only,-0.0063498001545667995,0.0013023068281020533
2014,Lagged rent growth only,0.022748837247490897,0.0059240092932673575
2014,Lagged rent growth only,-0.004437169060111004,-4.2988698373577436e-05
2014,Lagged rent growth only,-0.011141119524836504,-0.0014650718202615855
2014,Lagged rent growth only,0.0190737452358007,0.0025365463054342306
2014,Lagged rent growth only,-0.004833675920963301,0.0006811151930944065
2014,Lagged rent growth only,-0.016648005694150904,-0.002922057602401752
2014,Lagged rent growth only,-0.004404379054904005,0.001084757918353335
2014,Lagged rent growth only,-0.0009955372661352019,-0.0019613869325391946
2014,Lagged rent growth only,-0.010560313239693602,-0.0019511708821516377
2014,Lagged rent growth only,-0.00047579593956469796,0.0011882313749657484
2014,Lagged rent growth only,0.014398636296391501,-0.0010049392066781974
2014,Lagged rent growth only,-0.0132731068879366,-0.0008553392804227895
2014,Lagged rent growth only,-0.014411594718694703,-0.0034486234943058073
2014,Lagged rent growth only,-0.003715936094522504,-0.0019271860629534085
2014,Lagged rent growth only,0.008284164592623697,-0.0020279898490010904
2014,Lagged rent growth only,-0.0208013821393251,-0.005919186519376206
2014,Lagged rent growth only,0.002072503790259403,-0.00128539907950734
2014,Lagged rent growth only,0.023669129237532602,0.0018182805996753803
2014,Lagged rent growth only,0.0320109408348799,0.0023337822504858243
2014,Lagged rent growth only,0.014923153445124598,0.006302346500557469
2014,Lagged rent growth only,-0.0014738608151673993,-0.0008547866009079466
2014,Lagged rent growth only,0.020442688837647396,0.0029975538335404285
2014,Lagged rent growth only,-0.011568320915103002,-0.001938631408912205
2014,Lagged rent growth only,0.0437295567244291,7.993737303424891e-05
2014,Lagged rent growth only,0.0139818582683802,0.000913557402117273
2014,Lagged rent growth only,0.0189992990344763,0.00020269767931778182
2014,Lagged rent growth only,0.0186496656388044,0.008959669112747067
2014,Lagged rent growth only,0.0027836766093969,0.00021513393665622115
2014,Lagged rent growth only,0.0276244822889566,0.007064145691129641
2014,Lagged rent growth only,-0.0011417046189308028,0.0004078382174498947
2014,Lagged rent growth only,0.050705311819911,0.010403602634207263
2014,Lagged rent growth only,0.005028547719121,0.0023100112218217275
2014,Lagged rent growth only,0.0037668328732251982,-0.0019147081706830603
2014,Lagged rent growth only,0.0280834753066301,0.0030161357941316373
2014,Lagged rent growth only,0.02647496573627,-0.005341811777195174
2014,Lagged rent growth only,0.0330175813287497,-0.006358559955905347
2014,Lagged rent growth only,0.0397221427410841,0.0037843789102596343
2014,Lagged rent growth only,0.0303188469260931,0.0038845854770978355
2014,Lagged rent growth only,-0.021856411360204202,-0.0035521019858402183
2014,Lagged rent growth only,0.0013461131602525989,0.0023936102920958614
2014,Lagged rent growth only,-0.007047291845083202,3.367341129049728e-05
2014,Lagged rent growth only,0.0015111248940229,-0.0010286815750170553
2014,Lagged rent growth only,0.0470708142966032,0.007759614819282145
2014,Lagged rent growth only,-0.005897620692849201,-0.00041671895203424636
2014,Lagged rent growth only,0.026267511770129197,0.0017323569446443044
2014,Lagged rent growth only,0.0064382944256067,-0.001355429809596561
2014,Lagged rent growth only,-0.0009368266910314976,0.004487907012024648
2014,Lagged rent growth only,-0.0177052654325962,-0.0031233642410822045
2014,Lagged rent growth only,-0.0122222956269979,-0.0008431079056795668
2014,Lagged rent growth only,0.0051040779799223016,-0.002287464747889404
2014,Lagged rent growth only,-0.007181374356150599,-0.003423223668374915
2014,Lagged rent growth only,-0.0029899720102549016,0.0037683972932302462
2014,Lagged rent growth only,0.010115651413798298,0.0013515185430255892
2014,Occupancy only,0.00047579593956469796,0.007016626482625132
2014,Occupancy only,-0.005820488557219505,0.005174695973038934
2014,Occupancy only,-0.015038009732961702,0.0017666072750698314
2014,Occupancy only,-0.003242934122681604,0.005754912259267331
2014,Occupancy only,-0.008403250947594601,0.01061754857955266
2014,Occupancy only,0.027569340541958802,-0.0019688983199301346
2014,Occupancy only,-0.0168085610494018,-0.005608610512055495
2014,Occupancy only,0.013362566009163898,-0.00017576303026306528
2014,Occupancy only,-0.0156724341213703,0.0018893400428896534
2014,Occupancy only,-0.0109006240963936,0.004959148674429925
2014,Occupancy only,-0.0094176325947046,-0.0010727273183905872
2014,Occupancy only,-0.007523799315094899,-0.008038771121360783
2014,Occupancy only,-0.0126782767474651,0.0049343463264150955
2014,Occupancy only,0.0155850145965815,0.007161182726374671
2014,Occupancy only,-0.0079052988439798,-0.006705628726043911
2014,Occupancy only,-0.0092776007950306,0.0009888950074887215
2014,Occupancy only,0.008255744352936696,0.0004502857933215143
2014,Occupancy only,0.009932683780789396,-0.0001864643044393044
2014,Occupancy only,-0.005751339718699504,-0.009075062437566117
2014,Occupancy only,0.007881002500653302,0.002614776343277614
2014,Occupancy only,-0.0005943309515714992,0.0008845859159356539
2014,Occupancy only,0.021152200177311897,0.0015073482665132198
2014,Occupancy only,0.0022743586450814993,0.0026218511644803266
2014,Occupancy only,-0.005166707560420002,0.0007773788999081988
2014,Occupancy only,0.024265075102448498,0.00031154158804302945
2014,Occupancy only,0.020929945632815403,0.003985219397750039
2014,Occupancy only,0.007638888433575602,0.004012466363617462
2014,Occupancy only,-0.0377533663995564,-0.004592798941436799
2014,Occupancy only,0.0274923276156187,0.008358333135187579
2014,Occupancy only,-0.03408933756873012,-0.014171815438427132
2014,Occupancy only,-0.007150659337639802,0.007827268238367102
2014,Occupancy only,0.011135315522551502,-0.0009334326693572481
2014,Occupancy only,0.0070695076137781004,0.00635335794749603
2014,Occupancy only,0.0116535257548094,0.0029336775516297098
2014,Occupancy only,0.0214510690420866,0.010195795336645774
2014,Occupancy only,-0.004613431170582799,-0.004144430124028625
2014,Occupancy only,0.0009341035038233012,0.002575241530058392
2014,Occupancy only,-0.007726879790425301,0.004780578244532485
2014,Occupancy only,-0.008699281141161905,0.005390032807859102
2014,Occupancy only,-0.0009539723396300992,-0.001561731836528163
2014,Occupancy only,-0.011430129408836401,-0.011315740879008912
2014,Occupancy only,-0.004169492051005405,-0.006591217372636182
2014,Occupancy only,0.0012997183948754987,-0.002479111112153265
2014,Occupancy only,0.007976928725838703,0.0008929235198700258
2014,Occupancy only,-0.0014232415705918988,-0.0005391206665841808
2014,Occupancy only,-0.003252768889069599,-0.0011704796534515172
2014,Occupancy only,-0.0063498001545667995,0.0030894207552212283
2014,Occupancy only,0.022748837247490897,-0.0012880155846441976
2014,Occupancy only,-0.004437169060111004,0.007179363559808527
2014,Occupancy only,-0.011141119524836504,-0.004869785476805832
2014,Occupancy only,0.0190737452358007,0.008798445296272439
2014,Occupancy only,-0.004833675920963301,0.0002652719335872744
2014,Occupancy only,-0.016648005694150904,-0.005012253272190903
2014,Occupancy only,-0.004404379054904005,-0.008693281124978025
2014,Occupancy only,-0.0009955372661352019,0.005555878273305226
2014,Occupancy only,-0.010560313239693602,0.006115129128280883
2014,Occupancy only,-0.00047579593956469796,0.0062519953489841296
2014,Occupancy only,0.014398636296391501,0.0024827346001911055
2014,Occupancy only,-0.0132731068879366,0.004407571652978504
2014,Occupancy only,-0.014411594718694703,0.0024137834251292123
2014,Occupancy only,-0.003715936094522504,0.011553432479055825
2014,Occupancy only,0.008284164592623697,0.005467888220132722
2014,Occupancy only,-0.0208013821393251,-0.0023597619544737936
2014,Occupancy only,0.002072503790259403,0.0027648370245761944
2014,Occupancy only,0.023669129237532602,0.002589261656285924
2014,Occupancy only,0.0320109408348799,0.008380836571049655
2014,Occupancy only,0.014923153445124598,0.004200815264925606
2014,Occupancy only,-0.0014738608151673993,0.0033790351179082134
2014,Occupancy only,0.020442688837647396,-0.0006152276104598453
2014,Occupancy only,-0.011568320915103002,0.0031473954342297605
2014,Occupancy only,0.0437295567244291,0.007481702886946884
2014,Occupancy only,0.0139818582683802,0.006223210378507316
2014,Occupancy only,0.0189992990344763,-0.0009276691994530295
2014,Occupancy only,0.0186496656388044,0.007308717842209322
2014,Occupancy only,0.0027836766093969,-0.0013923570552418496
2014,Occupancy only,0.0276244822889566,0.005875168030190281
2014,Occupancy only,-0.0011417046189308028,0.003562672868255512
2014,Occupancy only,0.050705311819911,0.007282134646752314
2014,Occupancy only,0.005028547719121,0.0034694374098890868
2014,Occupancy only,0.0037668328732251982,-0.0027195093273436333
2014,Occupancy only,0.0280834753066301,0.0071935941498247336
2014,Occupancy only,0.02647496573627,0.007350600136148133
2014,Occupancy only,0.0330175813287497,0.006810857655426827
2014,Occupancy only,0.0397221427410841,0.007497552429183485
2014,Occupancy only,0.0303188469260931,0.0034503337736896955
2014,Occupancy only,-0.021856411360204202,-0.005379237361485545
2014,Occupancy only,0.0013461131602525989,0.0034373497768829253
2014,Occupancy only,-0.007047291845083202,0.004497423501204301
2014,Occupancy only,0.0015111248940229,-0.00449983870494805
2014,Occupancy only,0.0470708142966032,0.008303418275875496
2014,Occupancy only,-0.005897620692849201,0.006203621056641906
2014,Occupancy only,0.026267511770129197,0.001826217095820759
2014,Occupancy only,0.0064382944256067,0.0009157183671317237
2014,Occupancy only,-0.0009368266910314976,-0.006663001714083655
2014,Occupancy only,-0.0177052654325962,0.009160281117506441
2014,Occupancy only,-0.0122222956269979,-0.003174224437455353
2014,Occupancy only,0.0051040779799223016,0.000548329539782122
2014,Occupancy only,-0.007181374356150599,-0.00035734471129045264
2014,Occupancy only,-0.0029899720102549016,-0.006386500864380917
2014,Occupancy only,0.010115651413798298,0.00718893156743039
2014,Absorption only,0.00047579593956469796,-0.0016438365885908493
2014,Absorption only,-0.005820488557219505,0.0014648231527538708
2014,Absorption only,-0.015038009732961702,7.065842097983338e-05
2014,Absorption only,-0.003242934122681604,-0.002016627373112213
2014,Absorption only,-0.008403250947594601,-0.0005072636510610399
2014,Absorption only,0.027569340541958802,-0.0006963355997872686
2014,Absorption only,-0.0168085610494018,0.0009245869957478967
2014,Absorption only,0.013362566009163898,0.005224421426519582
2014,Absorption only,-0.0156724341213703,8.17928958765082e-05
2014,Absorption only,-0.0109006240963936,0.0014342033467880148
2014,Absorption only,-0.0094176325947046,-0.002741224739465053
2014,Absorption only,-0.007523799315094899,-0.001562897521072713
2014,Absorption only,-0.0126782767474651,0.002131392774933655
2014,Absorption only,0.0155850145965815,0.0032005164895316843
2014,Absorption only,-0.0079052988439798,0.009384646672048344
2014,Absorption only,-0.0092776007950306,-0.00023853738192013748
2014,Absorption only,0.008255744352936696,0.013425390436955094
2014,Absorption only,0.009932683780789396,0.004638148498306202
2014,Absorption only,-0.005751339718699504,0.0006404437613654443
2014,Absorption only,0.007881002500653302,0.0001747229363602944
2014,Absorption only,-0.0005943309515714992,-0.0008993256421343408
2014,Absorption only,0.021152200177311897,-0.0006618615525110253
2014,Absorption only,0.0022743586450814993,0.00312086216911701
2014,Absorption only,-0.005166707560420002,0.0011661194511988437
2014,Absorption only,0.024265075102448498,0.0016935081371701921
2014,Absorption only,0.020929945632815403,0.005112220179483859
2014,Absorption only,0.007638888433575602,-0.0015286375983137135
2014,Absorption only,-0.0377533663995564,-3.91874563662087e-05
2014,Absorption only,0.0274923276156187,0.0006451545007448065
2014,Absorption only,-0.03408933756873012,0.002694754379801954
2014,Absorption only,-0.007150659337639802,-0.00215987667514828
2014,Absorption only,0.011135315522551502,0.000997389331610771
2014,Absorption only,0.0070695076137781004,-0.0010809032327570383
2014,Absorption only,0.0116535257548094,-0.003509931756370105
2014,Absorption only,0.0214510690420866,-0.0013185814468975978
2014,Absorption only,-0.004613431170582799,4.2608109220902256e-05
2014,Absorption only,0.0009341035038233012,0.00012782966708391403
2014,Absorption only,-0.007726879790425301,-0.00019464185588516933
2014,Absorption only,-0.008699281141161905,-0.0009275900784105155
2014,Absorption only,-0.0009539723396300992,0.0022245369399346853
2014,Absorption only,-0.011430129408836401,0.0036364740066399536
2014,Absorption only,-0.004169492051005405,0.0019476739391385204
2014,Absorption only,0.0012997183948754987,-0.0013648323426222468
2014,Absorption only,0.007976928725838703,0.0027407911510093593
2014,Absorption only,-0.0014232415705918988,0.0008177388616432669
2014,Absorption only,-0.003252768889069599,-0.0004603703817846593
2014,Absorption only,-0.0063498001545667995,-0.0011935327288272494
2014,Absorption only,0.022748837247490897,0.0015765961507551063
2014,Absorption only,-0.004437169060111004,0.0017838686834470538
2014,Absorption only,-0.011141119524836504,0.0018937145607930959
2014,Absorption only,0.0190737452358007,-0.0006657157938214128
2014,Absorption only,-0.004833675920963301,0.0019845033561044444
2014,Absorption only,-0.016648005694150904,-0.0004473087862327909
2014,Absorption only,-0.004404379054904005,-0.000109420298022158
2014,Absorption only,-0.0009955372661352019,0.000640015512330957
2014,Absorption only,-0.010560313239693602,4.838947118648374e-05
2014,Absorption only,-0.00047579593956469796,0.0010145192929902707
2014,Absorption only,0.014398636296391501,0.00731641795999099
2014,Absorption only,-0.0132731068879366,-0.0013432057663806285
2014,Absorption only,-0.014411594718694703,0.0015040079394094763
2014,Absorption only,-0.003715936094522504,-0.0006517977002005692
2014,Absorption only,0.008284164592623697,0.001885363704620589
2014,Absorption only,-0.0208013821393251,0.0011318595284398438
2014,Absorption only,0.002072503790259403,0.0004935543425362335
2014,Absorption only,0.023669129237532602,0.005802343498560455
2014,Absorption only,0.0320109408348799,0.0011684748208885248
2014,Absorption only,0.014923153445124598,-0.0004986986703712901
2014,Absorption only,-0.0014738608151673993,0.0007087494823661998
2014,Absorption only,0.020442688837647396,0.002641437375008261
2014,Absorption only,-0.011568320915103002,0.00037128924319005394
2014,Absorption only,0.0437295567244291,0.0034797348600175307
2014,Absorption only,0.0139818582683802,-0.0003141233365071801
2014,Absorption only,0.0189992990344763,0.008100327817620347
2014,Absorption only,0.0186496656388044,0.0026223802929735665
2014,Absorption only,0.0027836766093969,0.0017305516786533608
2014,Absorption only,0.0276244822889566,0.002298409898383778
2014,Absorption only,-0.0011417046189308028,0.0017044284875496235
2014,Absorption only,0.050705311819911,-0.0006759937706491128
2014,Absorption only,0.005028547719121,0.0035703095308116353
2014,Absorption only,0.0037668328732251982,0.005658451822972657
2014,Absorption only,0.0280834753066301,-0.00012890562909133882
2014,Absorption only,0.02647496573627,0.001211513848854518
2014,Absorption only,0.0330175813287497,0.005605348942696209
2014,Absorption only,0.0397221427410841,0.00019549301453293793
2014,Absorption only,0.0303188469260931,0.0035035026814315864
2014,Absorption only,-0.021856411360204202,0.0009511384358861213
2014,Absorption only,0.0013461131602525989,0.0010226560246455328
2014,Absorption only,-0.007047291845083202,-0.0010325110918599516
2014,Absorption only,0.0015111248940229,-0.00014539321691910741
2014,Absorption only,0.0470708142966032,-0.00050383765878514
2014,Absorption only,-0.005897620692849201,-0.0008545736180303977
2014,Absorption only,0.026267511770129197,0.0032722482028083393
2014,Absorption only,0.0064382944256067,-0.001651116822177137
2014,Absorption only,-0.0009368266910314976,9.699573660081409e-05
2014,Absorption only,-0.0177052654325962,-0.0013260758050011286
2014,Absorption only,-0.0122222956269979,0.0015025090677887702
2014,Absorption only,0.0051040779799223016,0.0028774025930108703
2014,Absorption only,-0.007181374356150599,0.0002100534817055127
2014,Absorption only,-0.0029899720102549016,-0.0017434044891091918
2014,Absorption only,0.010115651413798298,-0.0003044877332312114
2014,All predictors,0.00047579593956469796,0.0021942343913844697
2014,All predictors,-0.005820488557219505,0.0034384082357409307
2014,All predictors,-0.015038009732961702,0.0031657420397425695
2014,All predictors,-0.003242934122681604,0.003224338693406492
2014,All predictors,-0.008403250947594601,0.009595846331519359
2014,All predictors,0.027569340541958802,0.00044352607806194544
2014,All predictors,-0.0168085610494018,-0.004735927762319847
2014,All predictors,0.013362566009163898,-0.0024874565295925077
2014,All predictors,-0.0156724341213703,0.002546548552074812
2014,All predictors,-0.0109006240963936,0.001851704252455344
2014,All predictors,-0.0094176325947046,0.0004930492630712269
2014,All predictors,-0.007523799315094899,-0.010688928084456178
2014,All predictors,-0.0126782767474651,0.00752452381884719
2014,All predictors,0.0155850145965815,0.004505996740699153
2014,All predictors,-0.0079052988439798,-0.011533869431712834
2014,All predictors,-0.0092776007950306,-0.001177523798380653
2014,All predictors,0.008255744352936696,0.008377289517703862
2014,All predictors,0.009932683780789396,0.0012522284720388188
2014,All predictors,-0.005751339718699504,-0.013800496689755914
2014,All predictors,0.007881002500653302,0.00033433471204083465
2014,All predictors,-0.0005943309515714992,-0.000839390445473237
2014,All predictors,0.021152200177311897,0.009755806481076518
2014,All predictors,0.0022743586450814993,0.002797992888781381
2014,All predictors,-0.005166707560420002,-0.006773771807573714
2014,All predictors,0.024265075102448498,0.0010131940025968622
2014,All predictors,0.020929945632815403,0.0014674734841765846
2014,All predictors,0.007638888433575602,0.0036771424783629547
2014,All predictors,-0.0377533663995564,-0.006371190846258645
2014,All predictors,0.0274923276156187,0.011754653207277588
2014,All predictors,-0.03408933756873012,-0.009535169644700192
2014,All predictors,-0.007150659337639802,0.004883896502604151
2014,All predictors,0.011135315522551502,0.002508946923340083
2014,All predictors,0.0070695076137781004,0.011073490460736163
2014,All predictors,0.0116535257548094,0.003402541316859131
2014,All predictors,0.0214510690420866,0.007279235994497313
2014,All predictors,-0.004613431170582799,-0.0062372986956475696
2014,All predictors,0.0009341035038233012,0.0021429044696064103
2014,All predictors,-0.007726879790425301,0.006589735671583802
2014,All predictors,-0.008699281141161905,0.0013759262530126937
2014,All predictors,-0.0009539723396300992,-0.010285138399500876
2014,All predictors,-0.011430129408836401,-0.010961303804036426
2014,All predictors,-0.004169492051005405,-0.005515584823725633
2014,All predictors,0.0012997183948754987,-0.005604708180746765
2014,All predictors,0.007976928725838703,0.009259565635515998
2014,All predictors,-0.0014232415705918988,0.0008963494548794304
2014,All predictors,-0.003252768889069599,-0.0021122295983663775
2014,All predictors,-0.0063498001545667995,0.0017308645660080169
2014,All predictors,0.022748837247490897,0.00947792100092601
2014,All predictors,-0.004437169060111004,0.007489932499610913
2014,All predictors,-0.011141119524836504,-0.001938411039653004
2014,All predictors,0.0190737452358007,0.006373222128901818
2014,All predictors,-0.004833675920963301,-7.473268618554685e-05
2014,All predictors,-0.016648005694150904,-0.005910732148924708
2014,All predictors,-0.004404379054904005,-0.0024362240836599547
2014,All predictors,-0.0009955372661352019,0.00035574828622053634
2014,All predictors,-0.010560313239693602,0.001413347162504075
2014,All predictors,-0.00047579593956469796,0.004193648552760582
2014,All predictors,0.014398636296391501,0.0026747195826828662
2014,All predictors,-0.0132731068879366,0.0005020781136211294
2014,All predictors,-0.014411594718694703,-0.0006610120995950153
2014,All predictors,-0.003715936094522504,0.004284762976868417
2014,All predictors,0.008284164592623697,0.0021652209282992108
2014,All predictors,-0.0208013821393251,-0.005147126270851232
2014,All predictors,0.002072503790259403,0.00044067511432790973
2014,All predictors,0.023669129237532602,0.009394667938258189
2014,All predictors,0.0320109408348799,0.008851360059049601
2014,All predictors,0.014923153445124598,0.011180857323047882
2014,All predictors,-0.0014738608151673993,0.0018519274583428114
2014,All predictors,0.020442688837647396,0.0046476808955775994
2014,All predictors,-0.011568320915103002,-0.0014257039218899814
2014,All predictors,0.0437295567244291,0.007135340468330725
2014,All predictors,0.0139818582683802,0.004015194857249077
2014,All predictors,0.0189992990344763,0.005369853733665886
2014,All predictors,0.0186496656388044,0.014867459867002053
2014,All predictors,0.0027836766093969,0.0005852925482363325
2014,All predictors,0.0276244822889566,0.013979707568215427
2014,All predictors,-0.0011417046189308028,0.0004169340943477873
2014,All predictors,0.050705311819911,0.015217043162650906
2014,All predictors,0.005028547719121,0.006415842071018557
2014,All predictors,0.0037668328732251982,-0.002139856677920021
2014,All predictors,0.0280834753066301,0.005841743050655102
2014,All predictors,0.02647496573627,0.00039484278103968373
2014,All predictors,0.0330175813287497,0.0007346831064397874
2014,All predictors,0.0397221427410841,0.00653749127548478
2014,All predictors,0.0303188469260931,0.004222916451326775
2014,All predictors,-0.021856411360204202,-0.006503418017509255
2014,All predictors,0.0013461131602525989,0.004439089755739506
2014,All predictors,-0.007047291845083202,0.003486946204904501
2014,All predictors,0.0015111248940229,-0.003747369257514288
2014,All predictors,0.0470708142966032,0.016425554439023576
2014,All predictors,-0.005897620692849201,0.0022093307475130053
2014,All predictors,0.026267511770129197,0.0029059806657419918
2014,All predictors,0.0064382944256067,-0.0008344616267934035
2014,All predictors,-0.0009368266910314976,-0.0008367597023004325
2014,All predictors,-0.0177052654325962,0.0049296353559899475
2014,All predictors,-0.0122222956269979,-0.004743679389271838
2014,All predictors,0.0051040779799223016,-0.0030411261403785472
2014,All predictors,-0.007181374356150599,-0.003171633879473612
2014,All predictors,-0.0029899720102549016,-0.0010695647331780966
2014,All predictors,0.010115651413798298,0.006928801840644511
2015,Excess crowding only,-0.0143449027091265,-0.0003369103403882681
2015,Excess crowding only,-0.00028449296951289955,-0.0012822663090742614
2015,Excess crowding only,0.002026474103331599,0.0009199592226906846
2015,Excess crowding only,0.002188920974731499,0.0012666726791979548
2015,Excess crowding only,0.0178786125034094,0.0008446391861865342
2015,Excess crowding only,0.013339253142476097,0.0044471703421192785
2015,Excess crowding only,-0.0099072493612766,0.005971321357962825
2015,Excess crowding only,-0.009189356118440602,-0.0013219359935155326
2015,Excess crowding only,-6.378069519999939e-05,0.008945030876998631
2015,Excess crowding only,-0.01738216821104287,0.0003771888724032055
2015,Excess crowding only,0.0239366088062525,0.0023037457438246593
2015,Excess crowding only,-0.005512783303856799,0.0006213260184602274
2015,Excess crowding only,0.017548484727740295,0.004388917034486857
2015,Excess crowding only,-0.0091816503554583,-0.0009678202278404703
2015,Excess crowding only,-0.010437326505780201,-0.00020973105308616546
2015,Excess crowding only,-0.0112787773832679,-0.00015568836246007472
2015,Excess crowding only,-0.0004847422242165011,0.00508775103000178
2015,Excess crowding only,0.0006994996219874001,0.003533302916957229
2015,Excess crowding only,-0.0025731734931469016,0.0023071030126880724
2015,Excess crowding only,-0.0095451530069113,-0.0010617479279287907
2015,Excess crowding only,-0.002178300172090501,-0.001038196552240319
2015,Excess crowding only,0.0341344345360994,0.004636648424744204
2015,Excess crowding only,0.006671844050288202,0.0009374534170656806
2015,Excess crowding only,-0.03521443530917167,-0.0006404960578214691
2015,Excess crowding only,0.005544019863009496,-0.0011424819177193973
2015,Excess crowding only,-0.006995460018515599,-0.0003454578260264291
2015,Excess crowding only,0.011133516207337402,8.615459689210743e-05
2015,Excess crowding only,-0.01931879855692386,0.0029732583585269615
2015,Excess crowding only,0.0359082203358412,0.0032248600452450104
2015,Excess crowding only,0.006459562107920697,0.00630509230360023
2015,Excess crowding only,-0.0015051513910293007,0.003921423865247122
2015,Excess crowding only,0.005177678540348998,-0.00032480397437213595
2015,Excess crowding only,0.027310686185956008,0.006507943699633101
2015,Excess crowding only,0.020875154063105597,0.004874037989314738
2015,Excess crowding only,0.006026634946465501,9.169145579082422e-05
2015,Excess crowding only,0.009653398767113701,0.0019059656216784083
2015,Excess crowding only,-0.0100226998329163,0.003125481795881956
2015,Excess crowding only,0.008499024435877802,-0.00014797484786672848
2015,Excess crowding only,-0.005182191729545602,-0.0028004126754432265
2015,Excess crowding only,-0.0408903108909726,-0.001039784167127515
2015,Excess crowding only,-0.0035397429019213018,0.0024552190490373218
2015,Excess crowding only,0.0027312990278006,-0.0006640941297582079
2015,Excess crowding only,-0.013336049392819401,0.0032689534110465833
2015,Excess crowding only,0.0096259843558073,0.004602247586258341
2015,Excess crowding only,0.0028398800641298,0.0003799084083661214
2015,Excess crowding only,0.008719628676772099,0.0011281659065589232
2015,Excess crowding only,0.005352117121219599,1.970549618691888e-05
2015,Excess crowding only,0.0275792125612497,0.005622728241956804
2015,Excess crowding only,-0.0011177957057953002,5.901908697211831e-05
2015,Excess crowding only,-0.0079570021480322,0.00015177399532694533
2015,Excess crowding only,0.0112879294902086,-0.0033077045458383093
2015,Excess crowding only,0.002364628016948698,-6.996649860808264e-05
2015,Excess crowding only,-0.0149640655145049,0.0009655269657801334
2015,Excess crowding only,0.004305861890316001,0.0026519408964576856
2015,Excess crowding only,-0.010343924164772,0.0010368899380256732
2015,Excess crowding only,-0.010294792242348201,-0.002429832895614102
2015,Excess crowding only,0.0048034954816103,-0.003954472403677626
2015,Excess crowding only,-0.005744092166423799,0.002257738265841976
2015,Excess crowding only,-0.005024623125791499,-0.0024256979055530133
2015,Excess crowding only,-0.01749647222459315,-0.00033277231689479345
2015,Excess crowding only,-0.0101794423535466,-0.004418655217482222
2015,Excess crowding only,-0.0106642367318273,0.0027683101488174214
2015,Excess crowding only,-0.02937811985611915,0.0016851057738126105
2015,Excess crowding only,-0.007092904299497599,-0.001173385938182329
2015,Excess crowding only,0.007833583280444202,0.005638439287197488
2015,Excess crowding only,0.0103127788752318,0.007023156689184295
2015,Excess crowding only,0.029398744925856597,0.004307887362547065
2015,Excess crowding only,-0.005021965131163599,-0.0003962091664605923
2015,Excess crowding only,0.013505047187209096,0.0043781935981966995
2015,Excess crowding only,-0.0102344863116741,-0.0015407499070681126
2015,Excess crowding only,-0.0005266088992356994,-0.0001629236660737034
2015,Excess crowding only,0.0034825094044208995,-0.0012781595153673708
2015,Excess crowding only,6.378069519999939e-05,0.0030402520396111965
2015,Excess crowding only,0.0421785730868578,-0.0002672378155349948
2015,Excess crowding only,0.00012359023094179848,0.003764863135500727
2015,Excess crowding only,0.03306245617568491,0.009299343449745298
2015,Excess crowding only,0.001050360500812501,-0.002489412068085638
2015,Excess crowding only,0.049122864380478894,0.003888811135186518
2015,Excess crowding only,0.010198457166552601,0.004618790744929611
2015,Excess crowding only,-0.0101194325834513,0.0005877314111020288
2015,Excess crowding only,0.0135944131761789,0.0018337538430795554
2015,Excess crowding only,-0.02660135878250002,-0.003043128021926507
2015,Excess crowding only,-0.03149119298905133,0.0012638254170794856
2015,Excess crowding only,0.017289115116000196,0.0025045104895318427
2015,Excess crowding only,0.0177710372954607,-0.000730766489994761
2015,Excess crowding only,-0.01799413003027438,0.0013706622574697694
2015,Excess crowding only,0.010600509122014103,0.002435618592316494
2015,Excess crowding only,-0.0007491055876017016,0.0018865049789046863
2015,Excess crowding only,-0.0058582760393619,-0.0006181269713357478
2015,Excess crowding only,0.036407167091965696,0.00899941530954989
2015,Excess crowding only,-0.002915171906352,0.00042017899652089375
2015,Excess crowding only,0.007420351728797002,0.000493884827515202
2015,Excess crowding only,-0.0074297022074461,0.0013060045455932788
2015,Excess crowding only,0.0206725839525461,-0.00029530469654048504
2015,Excess crowding only,-0.01593220699578523,0.0036867546634394813
2015,Excess crowding only,-0.004965798929333699,0.0032165349990927725
2015,Excess crowding only,-0.011912126094102901,0.00047369112631783536
2015,Excess crowding only,-0.01737431716173886,-0.0018228959165850814
2015,Excess crowding only,0.017212254926562295,0.0024320963705534602
2015,Excess crowding only,0.005588790401816398,-0.00012618839986075774
2015,Supply growth only,-0.0143449027091265,0.0006618841729796093
2015,Supply growth only,-0.00028449296951289955,0.00032049563445903356
2015,Supply growth only,0.002026474103331599,4.567682313611366e-05
2015,Supply growth only,0.002188920974731499,-0.00047902719195826583
2015,Supply growth only,0.0178786125034094,0.0008786085585591368
2015,Supply growth only,0.013339253142476097,0.0004222528017373597
2015,Supply growth only,-0.0099072493612766,-0.0014632546904119923
2015,Supply growth only,-0.009189356118440602,-0.001080738122422691
2015,Supply growth only,-6.378069519999939e-05,0.001207844383224633
2015,Supply growth only,-0.01738216821104287,0.0005345261181552819
2015,Supply growth only,0.0239366088062525,0.0009869628564532474
2015,Supply growth only,-0.005512783303856799,0.0007173321718183026
2015,Supply growth only,0.017548484727740295,-0.0027269838123648842
2015,Supply growth only,-0.0091816503554583,-0.0008820709169898571
2015,Supply growth only,-0.010437326505780201,-0.0014858330373024988
2015,Supply growth only,-0.0112787773832679,0.0004896575160186418
2015,Supply growth only,-0.0004847422242165011,-0.0010097814035175
2015,Supply growth only,0.0006994996219874001,-0.0014999321622362744
2015,Supply growth only,-0.0025731734931469016,-0.0018977636957300387
2015,Supply growth only,-0.0095451530069113,0.0008110257481853982
2015,Supply growth only,-0.002178300172090501,0.0008240166120445452
2015,Supply growth only,0.0341344345360994,0.0005924167035682359
2015,Supply growth only,0.006671844050288202,-0.00029458062129469756
2015,Supply growth only,-0.03521443530917167,0.0006529181743548432
2015,Supply growth only,0.005544019863009496,8.258571496710465e-05
2015,Supply growth only,-0.006995460018515599,-0.0008835122870760055
2015,Supply growth only,0.011133516207337402,0.001360314222052167
2015,Supply growth only,-0.01931879855692386,0.0007571485637400176
2015,Supply growth only,0.0359082203358412,0.0006491977645753989
2015,Supply growth only,0.006459562107920697,0.0013042411031382046
2015,Supply growth only,-0.0015051513910293007,6.168803892374277e-05
2015,Supply growth only,0.005177678540348998,0.00023532544772131964
2015,Supply growth only,0.027310686185956008,0.0010530996937254309
2015,Supply growth only,0.020875154063105597,0.0020744038824494267
2015,Supply growth only,0.006026634946465501,0.0005869854313371596
2015,Supply growth only,0.009653398767113701,0.0009927107247199715
2015,Supply growth only,-0.0100226998329163,-0.0008059063056731735
2015,Supply growth only,0.008499024435877802,-0.0001499444613392751
2015,Supply growth only,-0.005182191729545602,0.0002125325126571384
2015,Supply growth only,-0.0408903108909726,-0.00034670715770218586
2015,Supply growth only,-0.0035397429019213018,0.0008896600694805884
2015,Supply growth only,0.0027312990278006,0.0003081629560057961
2015,Supply growth only,-0.013336049392819401,0.0013042411031382046
2015,Supply growth only,0.0096259843558073,-6.392722906274715e-05
2015,Supply growth only,0.0028398800641298,-0.0003460010608109323
2015,Supply growth only,0.008719628676772099,0.0005612654809573925
2015,Supply growth only,0.005352117121219599,0.0011028711059549426
2015,Supply growth only,0.0275792125612497,0.0005192968881634585
2015,Supply growth only,-0.0011177957057953002,-0.0003570845299110854
2015,Supply growth only,-0.0079570021480322,0.000895065141076903
2015,Supply growth only,0.0112879294902086,0.0008888245132735622
2015,Supply growth only,0.002364628016948698,-0.0001366588836989942
2015,Supply growth only,-0.0149640655145049,-0.0016499135440236968
2015,Supply growth only,0.004305861890316001,0.0010740132088511059
2015,Supply growth only,-0.010343924164772,-3.067241623492785e-05
2015,Supply growth only,-0.010294792242348201,0.00046408356377639136
2015,Supply growth only,0.0048034954816103,0.00045653478381005124
2015,Supply growth only,-0.005744092166423799,-0.0010972186950096838
2015,Supply growth only,-0.005024623125791499,0.0003662579077198804
2015,Supply growth only,-0.01749647222459315,0.000878412709341445
2015,Supply growth only,-0.0101794423535466,0.0007461579199056157
2015,Supply growth only,-0.0106642367318273,-0.0009417085534884639
2015,Supply growth only,-0.02937811985611915,-0.0005409828427379798
2015,Supply growth only,-0.007092904299497599,0.0008358501402634825
2015,Supply growth only,0.007833583280444202,-0.0007118004118419144
2015,Supply growth only,0.0103127788752318,0.0012920877538530047
2015,Supply growth only,0.029398744925856597,0.0013042411031382046
2015,Supply growth only,-0.005021965131163599,0.0005025691451212772
2015,Supply growth only,0.013505047187209096,0.00019437923382817357
2015,Supply growth only,-0.0102344863116741,-0.000239601489175473
2015,Supply growth only,-0.0005266088992356994,4.714479325761871e-06
2015,Supply growth only,0.0034825094044208995,0.0007512961849835076
2015,Supply growth only,6.378069519999939e-05,-0.0003056248069798085
2015,Supply growth only,0.0421785730868578,0.0008882391921123016
2015,Supply growth only,0.00012359023094179848,0.0003425046914975456
2015,Supply growth only,0.03306245617568491,0.0008711490600073887
2015,Supply growth only,0.001050360500812501,0.0007757340590918367
2015,Supply growth only,0.049122864380478894,0.0011570276529831154
2015,Supply growth only,0.010198457166552601,-0.0013459226634155825
2015,Supply growth only,-0.0101194325834513,-0.0008437990284031447
2015,Supply growth only,0.0135944131761789,0.0005364954224347072
2015,Supply growth only,-0.02660135878250002,0.0005907314446837367
2015,Supply growth only,-0.03149119298905133,-0.0003018287042258563
2015,Supply growth only,0.017289115116000196,0.0006906647715104228
2015,Supply growth only,0.0177710372954607,-0.0006945894098519454
2015,Supply growth only,-0.01799413003027438,0.0005983965591602735
2015,Supply growth only,0.010600509122014103,0.0006622749362599972
2015,Supply growth only,-0.0007491055876017016,0.0008851397360897346
2015,Supply growth only,-0.0058582760393619,0.0009939541331064118
2015,Supply growth only,0.036407167091965696,0.0013042411031382046
2015,Supply growth only,-0.002915171906352,0.0014164178817216043
2015,Supply growth only,0.007420351728797002,0.0005529794376685998
2015,Supply growth only,-0.0074297022074461,0.0010076734709757477
2015,Supply growth only,0.0206725839525461,0.0009845368059674944
2015,Supply growth only,-0.01593220699578523,0.0003761838018037395
2015,Supply growth only,-0.004965798929333699,0.0008842506942373127
2015,Supply growth only,-0.011912126094102901,-6.381363019990877e-05
2015,Supply growth only,-0.01737431716173886,0.00020722474864071343
2015,Supply growth only,0.017212254926562295,-0.0006773058340162977
2015,Supply growth only,0.005588790401816398,0.0009562887801160308
2015,Lagged rent growth only,-0.0143449027091265,-0.0010545840996714297
2015,Lagged rent growth only,-0.00028449296951289955,-0.0024179711980025316
2015,Lagged rent growth only,0.002026474103331599,0.000716528020635951
2015,Lagged rent growth only,0.002188920974731499,0.003254187535006457
2015,Lagged rent growth only,0.0178786125034094,0.008021216143112922
2015,Lagged rent growth only,0.013339253142476097,0.002307235430363647
2015,Lagged rent growth only,-0.0099072493612766,0.0024693783570015867
2015,Lagged rent growth only,-0.009189356118440602,-0.0021920992317957678
2015,Lagged rent growth only,-6.378069519999939e-05,0.003049267169722838
2015,Lagged rent growth only,-0.01738216821104287,-0.00116859263109801
2015,Lagged rent growth only,0.0239366088062525,-0.008300065934893906
2015,Lagged rent growth only,-0.005512783303856799,-0.0003777711660309587
2015,Lagged rent growth only,0.017548484727740295,0.004533999863058415
2015,Lagged rent growth only,-0.0091816503554583,0.0010871761925193009
2015,Lagged rent growth only,-0.010437326505780201,-0.0004252317185848924
2015,Lagged rent growth only,-0.0112787773832679,0.00043153469171288263
2015,Lagged rent growth only,-0.0004847422242165011,-0.002123843274676419
2015,Lagged rent growth only,0.0006994996219874001,-0.0002631156345802953
2015,Lagged rent growth only,-0.0025731734931469016,0.0002877484238413951
2015,Lagged rent growth only,-0.0095451530069113,-0.0017600742217902417
2015,Lagged rent growth only,-0.002178300172090501,0.0005138388335470093
2015,Lagged rent growth only,0.0341344345360994,0.004805248375303773
2015,Lagged rent growth only,0.006671844050288202,0.0027073808794540024
2015,Lagged rent growth only,-0.03521443530917167,-0.0010743962770900894
2015,Lagged rent growth only,0.005544019863009496,0.0001279662605245366
2015,Lagged rent growth only,-0.006995460018515599,0.0011150925311839133
2015,Lagged rent growth only,0.011133516207337402,0.00171582881392314
2015,Lagged rent growth only,-0.01931879855692386,-0.0008698799397185164
2015,Lagged rent growth only,0.0359082203358412,0.005236798316979732
2015,Lagged rent growth only,0.006459562107920697,-0.002548699450366383
2015,Lagged rent growth only,-0.0015051513910293007,-0.003722369295567905
2015,Lagged rent growth only,0.005177678540348998,0.0010116590716818278
2015,Lagged rent growth only,0.027310686185956008,0.0061029332691141715
2015,Lagged rent growth only,0.020875154063105597,0.005388934032229342
2015,Lagged rent growth only,0.006026634946465501,0.002572105114760616
2015,Lagged rent growth only,0.009653398767113701,0.0004947129944943877
2015,Lagged rent growth only,-0.0100226998329163,-0.004203577530401808
2015,Lagged rent growth only,0.008499024435877802,-0.0005673139420438802
2015,Lagged rent growth only,-0.005182191729545602,-0.0010950340968856676
2015,Lagged rent growth only,-0.0408903108909726,0.0029081174963701264
2015,Lagged rent growth only,-0.0035397429019213018,0.004851255723225651
2015,Lagged rent growth only,0.0027312990278006,0.002065617482883912
2015,Lagged rent growth only,-0.013336049392819401,-0.003272588809221751
2015,Lagged rent growth only,0.0096259843558073,0.004788394904003875
2015,Lagged rent growth only,0.0028398800641298,-0.0011787993110202542
2015,Lagged rent growth only,0.008719628676772099,0.0035166446220317752
2015,Lagged rent growth only,0.005352117121219599,1.35064951755768e-05
2015,Lagged rent growth only,0.0275792125612497,0.007040657524343304
2015,Lagged rent growth only,-0.0011177957057953002,-0.0002469193449929904
2015,Lagged rent growth only,-0.0079570021480322,-0.002226857433733709
2015,Lagged rent growth only,0.0112879294902086,0.002596763313103629
2015,Lagged rent growth only,0.002364628016948698,-0.0008684887508255128
2015,Lagged rent growth only,-0.0149640655145049,-0.00522066469762165
2015,Lagged rent growth only,0.004305861890316001,0.0006189092308782754
2015,Lagged rent growth only,-0.010343924164772,0.0002571260700545821
2015,Lagged rent growth only,-0.010294792242348201,-0.0030649670568561526
2015,Lagged rent growth only,0.0048034954816103,0.002956402765692958
2015,Lagged rent growth only,-0.005744092166423799,-0.0033377908382946336
2015,Lagged rent growth only,-0.005024623125791499,-0.0008571264492579591
2015,Lagged rent growth only,-0.01749647222459315,0.0005891046518000258
2015,Lagged rent growth only,-0.0101794423535466,-0.002734468059572108
2015,Lagged rent growth only,-0.0106642367318273,0.001503567451227425
2015,Lagged rent growth only,-0.02937811985611915,-0.00202842905188207
2015,Lagged rent growth only,-0.007092904299497599,-0.001278492851212832
2015,Lagged rent growth only,0.007833583280444202,0.0073475650865572634
2015,Lagged rent growth only,0.0103127788752318,0.00491256429775442
2015,Lagged rent growth only,0.029398744925856597,0.007669187039877036
2015,Lagged rent growth only,-0.005021965131163599,-7.631312118728585e-05
2015,Lagged rent growth only,0.013505047187209096,0.004754336230346639
2015,Lagged rent growth only,-0.0102344863116741,-0.0026946817233267873
2015,Lagged rent growth only,-0.0005266088992356994,-0.0006674860215961918
2015,Lagged rent growth only,0.0034825094044208995,0.0032855212185765323
2015,Lagged rent growth only,6.378069519999939e-05,-0.00047602353449605907
2015,Lagged rent growth only,0.0421785730868578,0.01021565880564861
2015,Lagged rent growth only,0.00012359023094179848,0.005119428439934428
2015,Lagged rent growth only,0.03306245617568491,0.006587478899458622
2015,Lagged rent growth only,0.001050360500812501,0.002280609852119077
2015,Lagged rent growth only,0.049122864380478894,0.010381589783214436
2015,Lagged rent growth only,0.010198457166552601,0.0013095563023728875
2015,Lagged rent growth only,-0.0101194325834513,-0.002916039961897688
2015,Lagged rent growth only,0.0135944131761789,0.003604353389245929
2015,Lagged rent growth only,-0.02660135878250002,-0.0011685648628566466
2015,Lagged rent growth only,-0.03149119298905133,0.0025158341620217075
2015,Lagged rent growth only,0.017289115116000196,0.008675985721140107
2015,Lagged rent growth only,0.0177710372954607,0.0013336855157176563
2015,Lagged rent growth only,-0.01799413003027438,-0.000502053946767113
2015,Lagged rent growth only,0.010600509122014103,0.004063396666709498
2015,Lagged rent growth only,-0.0007491055876017016,0.0004229288509060633
2015,Lagged rent growth only,-0.0058582760393619,-0.002228509412693624
2015,Lagged rent growth only,0.036407167091965696,0.008427248922179284
2015,Lagged rent growth only,-0.002915171906352,-0.0018250810632664605
2015,Lagged rent growth only,0.007420351728797002,0.003384542767327801
2015,Lagged rent growth only,-0.0074297022074461,0.001633286328017206
2015,Lagged rent growth only,0.0206725839525461,0.005870430709670552
2015,Lagged rent growth only,-0.01593220699578523,0.0015747485611738521
2015,Lagged rent growth only,-0.004965798929333699,-0.0005370127742490068
2015,Lagged rent growth only,-0.011912126094102901,-0.0018280240340484107
2015,Lagged rent growth only,-0.01737431716173886,-0.0019854516818984926
2015,Lagged rent growth only,0.017212254926562295,0.0014195361247796665
2015,Lagged rent growth only,0.005588790401816398,0.00012558189419828659
2015,Occupancy only,-0.0143449027091265,0.006814642206760313
2015,Occupancy only,-0.00028449296951289955,0.007290405427541724
2015,Occupancy only,0.002026474103331599,0.002420233308442432
2015,Occupancy only,0.002188920974731499,0.00503248242340848
2015,Occupancy only,0.0178786125034094,0.011023543635531707
2015,Occupancy only,0.013339253142476097,-0.0012191245649284532
2015,Occupancy only,-0.0099072493612766,-0.006349333547498004
2015,Occupancy only,-0.009189356118440602,0.0012817779513928373
2015,Occupancy only,-6.378069519999939e-05,0.006231094776542212
2015,Occupancy only,-0.01738216821104287,0.004585744777750644
2015,Occupancy only,0.0239366088062525,-0.0034083618973366203
2015,Occupancy only,-0.005512783303856799,-0.009952400677606721
2015,Occupancy only,0.017548484727740295,0.0037377908539501514
2015,Occupancy only,-0.0091816503554583,0.005449036278732555
2015,Occupancy only,-0.010437326505780201,-0.004522810611841455
2015,Occupancy only,-0.0112787773832679,0.0019178311378197366
2015,Occupancy only,-0.0004847422242165011,-0.0022250871213842505
2015,Occupancy only,0.0006994996219874001,-0.0010812267600190384
2015,Occupancy only,-0.0025731734931469016,-0.0023571587528105065
2015,Occupancy only,-0.0095451530069113,0.003681441929088536
2015,Occupancy only,-0.002178300172090501,0.0032815593533094822
2015,Occupancy only,0.0341344345360994,0.004286170658686306
2015,Occupancy only,0.006671844050288202,0.004279484598152861
2015,Occupancy only,-0.03521443530917167,0.001006842228624183
2015,Occupancy only,0.005544019863009496,0.00238711888265164
2015,Occupancy only,-0.006995460018515599,0.003744985827227487
2015,Occupancy only,0.011133516207337402,0.006049237439780253
2015,Occupancy only,-0.01931879855692386,-0.0025263459171185887
2015,Occupancy only,0.0359082203358412,0.011734880810640225
2015,Occupancy only,0.006459562107920697,-0.010418968371565585
2015,Occupancy only,-0.0015051513910293007,0.01207002617563896
2015,Occupancy only,0.005177678540348998,0.0005839181896425405
2015,Occupancy only,0.027310686185956008,0.009459479286057892
2015,Occupancy only,0.020875154063105597,0.00897824086609983
2015,Occupancy only,0.006026634946465501,0.010635962709185098
2015,Occupancy only,0.009653398767113701,-0.003462008320040566
2015,Occupancy only,-0.0100226998329163,0.0030226456076192787
2015,Occupancy only,0.008499024435877802,0.00448647169523958
2015,Occupancy only,-0.005182191729545602,0.005544360900298861
2015,Occupancy only,-0.0408903108909726,-0.003960655065586793
2015,Occupancy only,-0.0035397429019213018,-0.004928115740651273
2015,Occupancy only,0.0027312990278006,-0.0043382507729214925
2015,Occupancy only,-0.013336049392819401,-0.00014779304394135773
2015,Occupancy only,0.0096259843558073,0.001744835902289632
2015,Occupancy only,0.0028398800641298,-0.0024331797875353223
2015,Occupancy only,0.008719628676772099,0.0037276125990702846
2015,Occupancy only,0.005352117121219599,0.004217642925399001
2015,Occupancy only,0.0275792125612497,0.001535655215789078
2015,Occupancy only,-0.0011177957057953002,0.008014728651980108
2015,Occupancy only,-0.0079570021480322,-0.001489848596022636
2015,Occupancy only,0.0112879294902086,0.010039008060469978
2015,Occupancy only,0.002364628016948698,0.0020755940884606416
2015,Occupancy only,-0.0149640655145049,-0.0031835628542098426
2015,Occupancy only,0.004305861890316001,-0.008231924628571252
2015,Occupancy only,-0.010343924164772,0.006888364359779631
2015,Occupancy only,-0.010294792242348201,0.006929007184438396
2015,Occupancy only,0.0048034954816103,0.007277805449948771
2015,Occupancy only,-0.005744092166423799,0.0017383779750552164
2015,Occupancy only,-0.005024623125791499,0.0032481992455043462
2015,Occupancy only,-0.01749647222459315,0.00165296837763923
2015,Occupancy only,-0.0101794423535466,0.01214869706637589
2015,Occupancy only,-0.0106642367318273,0.003910838735626365
2015,Occupancy only,-0.02937811985611915,-0.00891190224942029
2015,Occupancy only,-0.007092904299497599,0.005126683927195119
2015,Occupancy only,0.007833583280444202,0.00198499007131292
2015,Occupancy only,0.0103127788752318,0.010982251508406093
2015,Occupancy only,0.029398744925856597,0.008402888685931753
2015,Occupancy only,-0.005021965131163599,0.0042024457379400415
2015,Occupancy only,0.013505047187209096,0.00023715557510844976
2015,Occupancy only,-0.0102344863116741,-0.00011736357159319866
2015,Occupancy only,-0.0005266088992356994,0.00767637187207959
2015,Occupancy only,0.0034825094044208995,0.008349189617081698
2015,Occupancy only,6.378069519999939e-05,5.064782878905216e-05
2015,Occupancy only,0.0421785730868578,0.009748296042637272
2015,Occupancy only,0.00012359023094179848,0.0011934026210894122
2015,Occupancy only,0.03306245617568491,0.008703936897082432
2015,Occupancy only,0.001050360500812501,0.004979292267302593
2015,Occupancy only,0.049122864380478894,0.0100357615481374
2015,Occupancy only,0.010198457166552601,-0.0002214274533841043
2015,Occupancy only,-0.0101194325834513,-0.00454337770618507
2015,Occupancy only,0.0135944131761789,0.009055841285202648
2015,Occupancy only,-0.02660135878250002,0.007384712223620082
2015,Occupancy only,-0.03149119298905133,0.007246709126418671
2015,Occupancy only,0.017289115116000196,0.008813370685758215
2015,Occupancy only,0.0177710372954607,0.004671505349472971
2015,Occupancy only,-0.01799413003027438,-0.006371216795490131
2015,Occupancy only,0.010600509122014103,0.007100633620174657
2015,Occupancy only,-0.0007491055876017016,0.0064987828798877545
2015,Occupancy only,-0.0058582760393619,-0.0026669286754703037
2015,Occupancy only,0.036407167091965696,0.011143822530269298
2015,Occupancy only,-0.002915171906352,0.009400901674351703
2015,Occupancy only,0.007420351728797002,0.005265195937140421
2015,Occupancy only,-0.0074297022074461,0.00150515554857944
2015,Occupancy only,0.0206725839525461,-0.0045776152497558065
2015,Occupancy only,-0.01593220699578523,0.006865902004182078
2015,Occupancy only,-0.004965798929333699,0.00015704568971619537
2015,Occupancy only,-0.011912126094102901,0.0025030456959923564
2015,Occupancy only,-0.01737431716173886,-0.0035900261982300674
2015,Occupancy only,0.017212254926562295,-0.007002075562185017
2015,Occupancy only,0.005588790401816398,0.01009056618605203
2015,Absorption only,-0.0143449027091265,-0.00020860276431755413
2015,Absorption only,-0.00028449296951289955,0.003290822019713685
2015,Absorption only,0.002026474103331599,0.0034450620694363894
2015,Absorption only,0.002188920974731499,0.0047109677309854015
2015,Absorption only,0.0178786125034094,-0.0008975890386549168
2015,Absorption only,0.013339253142476097,0.0021187397985489905
2015,Absorption only,-0.0099072493612766,0.008725473725611353
2015,Absorption only,-0.009189356118440602,0.008899378789354005
2015,Absorption only,-6.378069519999939e-05,0.0013629398621197654
2015,Absorption only,-0.01738216821104287,0.0003417807003611574
2015,Absorption only,0.0239366088062525,-0.002854613325459117
2015,Absorption only,-0.005512783303856799,-0.0009433161194482835
2015,Absorption only,0.017548484727740295,0.0132671442526997
2015,Absorption only,-0.0091816503554583,0.005287650190317294
2015,Absorption only,-0.010437326505780201,0.011402995694760783
2015,Absorption only,-0.0112787773832679,0.0018450880974280647
2015,Absorption only,-0.0004847422242165011,0.005240975398004892
2015,Absorption only,0.0006994996219874001,0.008756274349979942
2015,Absorption only,-0.0025731734931469016,0.016719894244418537
2015,Absorption only,-0.0095451530069113,0.00046758940451285553
2015,Absorption only,-0.002178300172090501,0.0016017631649162104
2015,Absorption only,0.0341344345360994,0.002817913971715963
2015,Absorption only,0.006671844050288202,0.00566483937489263
2015,Absorption only,-0.03521443530917167,0.0005443540375545705
2015,Absorption only,0.005544019863009496,0.004511711384108606
2015,Absorption only,-0.006995460018515599,0.006571562370727942
2015,Absorption only,0.011133516207337402,-0.0012304727097154375
2015,Absorption only,-0.01931879855692386,0.0019661582439845946
2015,Absorption only,0.0359082203358412,0.0026868928542095804
2015,Absorption only,0.006459562107920697,0.0015427681228563743
2015,Absorption only,-0.0015051513910293007,0.006034209939435942
2015,Absorption only,0.005177678540348998,0.0035050048230152583
2015,Absorption only,0.027310686185956008,0.0007727525136416464
2015,Absorption only,0.020875154063105597,-0.0012307096375951958
2015,Absorption only,0.006026634946465501,0.00046995868331043984
2015,Absorption only,0.009653398767113701,-0.00025883147482633033
2015,Absorption only,-0.0100226998329163,0.0068577712494760626
2015,Absorption only,0.008499024435877802,0.003368297436394675
2015,Absorption only,-0.005182191729545602,0.0021445649374426537
2015,Absorption only,-0.0408903108909726,0.0028098584238041785
2015,Absorption only,-0.0035397429019213018,0.005200697658445969
2015,Absorption only,0.0027312990278006,0.004060600701048654
2015,Absorption only,-0.013336049392819401,-0.00038558789049706254
2015,Absorption only,0.0096259843558073,0.004575208055883851
2015,Absorption only,0.0028398800641298,0.0031339757633136395
2015,Absorption only,0.008719628676772099,0.0048270623920670065
2015,Absorption only,0.005352117121219599,-0.0008196397662144105
2015,Absorption only,0.0275792125612497,0.003343656936899804
2015,Absorption only,-0.0011177957057953002,0.005049063815400607
2015,Absorption only,-0.0079570021480322,0.00238457287963789
2015,Absorption only,0.0112879294902086,-0.00013847211190907462
2015,Absorption only,0.002364628016948698,0.005232445994333591
2015,Absorption only,-0.0149640655145049,0.011592774926447242
2015,Absorption only,0.004305861890316001,-0.0004976547776227751
2015,Absorption only,-0.010343924164772,0.004165085896022099
2015,Absorption only,-0.010294792242348201,0.0016171634771005045
2015,Absorption only,0.0048034954816103,0.0017740097335005502
2015,Absorption only,-0.005744092166423799,0.0071020438935069504
2015,Absorption only,-0.005024623125791499,0.0005448278933140867
2015,Absorption only,-0.01749647222459315,-0.001338511822885258
2015,Absorption only,-0.0101794423535466,-0.00018490997634171627
2015,Absorption only,-0.0106642367318273,0.005613662952864819
2015,Absorption only,-0.02937811985611915,0.00018019588636594393
2015,Absorption only,-0.007092904299497599,0.0013496719008532962
2015,Absorption only,0.007833583280444202,0.0056413835147965516
2015,Absorption only,0.0103127788752318,-0.0008445171935890401
2015,Absorption only,0.029398744925856597,0.000666371895630135
2015,Absorption only,-0.005021965131163599,0.0015399249882992734
2015,Absorption only,0.013505047187209096,0.0031048336341033588
2015,Absorption only,-0.0102344863116741,0.0014600802928207003
2015,Absorption only,-0.0005266088992356994,0.003003191573687015
2015,Absorption only,0.0034825094044208995,0.0013560689536067723
2015,Absorption only,6.378069519999939e-05,0.005331481848072593
2015,Absorption only,0.0421785730868578,0.0009094599002622303
2015,Absorption only,0.00012359023094179848,0.003847365609266115
2015,Absorption only,0.03306245617568491,0.0013951620537669047
2015,Absorption only,0.001050360500812501,0.0008440678054489181
2015,Absorption only,0.049122864380478894,-4.4648671524756805e-05
2015,Absorption only,0.010198457166552601,0.005721465138154883
2015,Absorption only,-0.0101194325834513,0.005382184414340885
2015,Absorption only,0.0135944131761789,0.0020078575508220703
2015,Absorption only,-0.02660135878250002,0.0002856287928584217
2015,Absorption only,-0.03149119298905133,0.004559570815819798
2015,Absorption only,0.017289115116000196,0.000874631501937749
2015,Absorption only,0.0177710372954607,0.007090434427398789
2015,Absorption only,-0.01799413003027438,0.0001437089928831535
2015,Absorption only,0.010600509122014103,0.0031318434123958133
2015,Absorption only,-0.0007491055876017016,0.0007417149613932988
2015,Absorption only,-0.0058582760393619,0.0009525807743782553
2015,Absorption only,0.036407167091965696,-0.0007049666724113556
2015,Absorption only,-0.002915171906352,-0.000779835882415003
2015,Absorption only,0.007420351728797002,0.003515192721844869
2015,Absorption only,-0.0074297022074461,-0.000707809806968456
2015,Absorption only,0.0206725839525461,0.0010655953730230013
2015,Absorption only,-0.01593220699578523,-0.0007345826573811529
2015,Absorption only,-0.004965798929333699,0.002367514072295287
2015,Absorption only,-0.011912126094102901,0.005187429697179499
2015,Absorption only,-0.01737431716173886,-0.00029318601739129497
2015,Absorption only,0.017212254926562295,0.00571459422964189
2015,Absorption only,0.005588790401816398,0.00101465587887495
2015,All predictors,-0.0143449027091265,0.002098206127102681
2015,All predictors,-0.00028449296951289955,0.005254382307076533
2015,All predictors,0.002026474103331599,0.004158980013512531
2015,All predictors,0.002188920974731499,0.008280915724764915
2015,All predictors,0.0178786125034094,0.013333558543332985
2015,All predictors,0.013339253142476097,0.003493218745008797
2015,All predictors,-0.0099072493612766,0.003124959143633671
2015,All predictors,-0.009189356118440602,0.004147175292258554
2015,All predictors,-6.378069519999939e-05,0.013511345473988634
2015,All predictors,-0.01738216821104287,0.0009393968935691444
2015,All predictors,0.0239366088062525,-0.013890185083134277
2015,All predictors,-0.005512783303856799,-0.010588985267441092
2015,All predictors,0.017548484727740295,0.014011873679480036
2015,All predictors,-0.0091816503554583,0.005132909567573646
2015,All predictors,-0.010437326505780201,0.004095673080735024
2015,All predictors,-0.0112787773832679,0.0024102448968891244
2015,All predictors,-0.0004847422242165011,-0.001863340620086279
2015,All predictors,0.0006994996219874001,0.003747360351128076
2015,All predictors,-0.0025731734931469016,0.014274432958584937
2015,All predictors,-0.0095451530069113,0.0006243399833357477
2015,All predictors,-0.002178300172090501,0.004227348546870513
2015,All predictors,0.0341344345360994,0.011759638728692012
2015,All predictors,0.006671844050288202,0.009493147207748687
2015,All predictors,-0.03521443530917167,-0.0012012419498002858
2015,All predictors,0.005544019863009496,0.004802140227483737
2015,All predictors,-0.006995460018515599,0.006214390927516827
2015,All predictors,0.011133516207337402,0.005384504127756318
2015,All predictors,-0.01931879855692386,0.00041896745249522804
2015,All predictors,0.0359082203358412,0.017265727171748735
2015,All predictors,0.006459562107920697,-0.004121731579080634
2015,All predictors,-0.0015051513910293007,0.013036746742407984
2015,All predictors,0.005177678540348998,0.0034945727211294075
2015,All predictors,0.027310686185956008,0.016059641170407812
2015,All predictors,0.020875154063105597,0.01557244028665733
2015,All predictors,0.006026634946465501,0.00906739914835561
2015,All predictors,0.009653398767113701,-0.002159192598819165
2015,All predictors,-0.0100226998329163,0.0031381673276026645
2015,All predictors,0.008499024435877802,0.0032522643891320924
2015,All predictors,-0.005182191729545602,0.0021710827312219627
2015,All predictors,-0.0408903108909726,-0.002207649577016385
2015,All predictors,-0.0035397429019213018,0.009282667400572264
2015,All predictors,0.0027312990278006,0.0018034082959800801
2015,All predictors,-0.013336049392819401,-0.0012901817108386948
2015,All predictors,0.0096259843558073,0.009896903419118142
2015,All predictors,0.0028398800641298,-0.0035339566150057178
2015,All predictors,0.008719628676772099,0.012144249416847441
2015,All predictors,0.005352117121219599,0.0020798632446146492
2015,All predictors,0.0275792125612497,0.012528386422919202
2015,All predictors,-0.0011177957057953002,0.008152006363733949
2015,All predictors,-0.0079570021480322,0.0002929782016030391
2015,All predictors,0.0112879294902086,0.007701891235087521
2015,All predictors,0.002364628016948698,0.00434248308183216
2015,All predictors,-0.0149640655145049,0.0009953193229328694
2015,All predictors,0.004305861890316001,-0.0054234210603020805
2015,All predictors,-0.010343924164772,0.008035391748267201
2015,All predictors,-0.010294792242348201,0.0018581210136034143
2015,All predictors,0.0048034954816103,0.006998281807903656
2015,All predictors,-0.005744092166423799,0.001753647885917864
2015,All predictors,-0.005024623125791499,-0.0012028175159619348
2015,All predictors,-0.01749647222459315,-0.001308555466734307
2015,All predictors,-0.0101794423535466,0.0035939091820238467
2015,All predictors,-0.0106642367318273,0.005967051601989848
2015,All predictors,-0.02937811985611915,-0.014404801086768365
2015,All predictors,-0.007092904299497599,0.003655290885637902
2015,All predictors,0.007833583280444202,0.011637782269093816
2015,All predictors,0.0103127788752318,0.014720209843870652
2015,All predictors,0.029398744925856597,0.01672531605436406
2015,All predictors,-0.005021965131163599,0.0031580077183757105
2015,All predictors,0.013505047187209096,0.00733007559488949
2015,All predictors,-0.0102344863116741,-0.0061024631582804745
2015,All predictors,-0.0005266088992356994,0.005627535739226863
2015,All predictors,0.0034825094044208995,0.009636617695385652
2015,All predictors,6.378069519999939e-05,0.0037164483995976716
2015,All predictors,0.0421785730868578,0.016895343381127387
2015,All predictors,0.00012359023094179848,0.010010212605741309
2015,All predictors,0.03306245617568491,0.017164540323026722
2015,All predictors,0.001050360500812501,0.0050478056531421955
2015,All predictors,0.049122864380478894,0.018338543810368563
2015,All predictors,0.010198457166552601,0.0017913570452593175
2015,All predictors,-0.0101194325834513,-0.004975841719543239
2015,All predictors,0.0135944131761789,0.011723976703948202
2015,All predictors,-0.02660135878250002,0.001961389797013796
2015,All predictors,-0.03149119298905133,0.009824027651158335
2015,All predictors,0.017289115116000196,0.014954978230498323
2015,All predictors,0.0177710372954607,0.008633821738961295
2015,All predictors,-0.01799413003027438,-0.006439417289020366
2015,All predictors,0.010600509122014103,0.013264353853504357
2015,All predictors,-0.0007491055876017016,0.006473683391697321
2015,All predictors,-0.0058582760393619,-0.0028169209383286375
2015,All predictors,0.036407167091965696,0.018876575565288295
2015,All predictors,-0.002915171906352,0.005960232971687407
2015,All predictors,0.007420351728797002,0.010754820906454549
2015,All predictors,-0.0074297022074461,0.0016745162658967083
2015,All predictors,0.0206725839525461,0.003002362225109134
2015,All predictors,-0.01593220699578523,0.00376443479555863
2015,All predictors,-0.004965798929333699,0.004028751812133552
2015,All predictors,-0.011912126094102901,0.00427169828093199
2015,All predictors,-0.01737431716173886,-0.009185988860134692
2015,All predictors,0.017212254926562295,-0.0011503087219078834
2015,All predictors,0.005588790401816398,0.008954428137747272
2016,Excess crowding only,-0.006463885307312,0.00018228403505381272
2016,Excess crowding only,-0.0119511028751731,-0.0016618996084295558
2016,Excess crowding only,0.0006643012166022994,1.9132879579661865e-05
2016,Excess crowding only,0.010877607390284502,0.0012416411074601054
2016,Excess crowding only,0.030063444748520803,0.0005035779860139778
2016,Excess crowding only,0.007066413760185198,0.006070575738678827
2016,Excess crowding only,0.0077189896255730975,0.006010170855112021
2016,Excess crowding only,-0.011042037047445802,0.0003203687569297279
2016,Excess crowding only,0.010052865371107998,0.008758719613379956
2016,Excess crowding only,-0.006922734901309001,0.0007650586615088989
2016,Excess crowding only,-0.035624741576612,0.004033428094624578
2016,Excess crowding only,-0.003739919513464,0.0038357469792356423
2016,Excess crowding only,0.0160284619778394,0.0036400720295974237
2016,Excess crowding only,0.0021560471504926005,-0.0026119842969746856
2016,Excess crowding only,-0.0039309337735176,0.00026021056318440225
2016,Excess crowding only,-0.0004827100783587005,-0.00010562736842666077
2016,Excess crowding only,-0.010767327621579201,0.003823108313803233
2016,Excess crowding only,-0.0032784659415484012,0.003573517630790184
2016,Excess crowding only,-0.0010614059865474996,-0.0006024420183223006
2016,Excess crowding only,-0.009303268045187002,-0.001960979537135087
2016,Excess crowding only,-0.00015146099030969966,-0.00248029244162182
2016,Excess crowding only,0.0171201545745134,0.004818389200797462
2016,Excess crowding only,0.008676877245306898,0.0009527734014539831
2016,Excess crowding only,-0.0065436232835055005,0.0003166998980371753
2016,Excess crowding only,-0.001704480499029203,-0.0024263860247649713
2016,Excess crowding only,0.0022684019058942986,-0.0012637401063080192
2016,Excess crowding only,0.004686182364821398,0.0009250257008756627
2016,Excess crowding only,-0.005720507353544303,0.0051746368547183
2016,Excess crowding only,0.0188570115715265,0.004026332125659029
2016,Excess crowding only,-0.012477244250476402,0.005924307849724718
2016,Excess crowding only,-0.017200907692313222,0.0014750560289909028
2016,Excess crowding only,0.0018521137535572,-0.0010321912461102073
2016,Excess crowding only,0.0223429407924413,0.007828376409709611
2016,Excess crowding only,0.019469311460852602,0.006072815683893266
2016,Excess crowding only,0.0081324335187673,9.781934940460981e-05
2016,Excess crowding only,-0.00022843666374690146,0.002665401050403576
2016,Excess crowding only,-0.01913762418553236,0.004138099774827997
2016,Excess crowding only,-0.004502771422267,-0.0005709055350197796
2016,Excess crowding only,-0.006626684218645101,-0.003770696143524115
2016,Excess crowding only,0.009484780952334395,-0.001688476423616
2016,Excess crowding only,0.0173053201287985,0.004138188969446664
2016,Excess crowding only,0.006093975156545599,-0.00022035860867980744
2016,Excess crowding only,-0.0153906783089042,0.0036983652852152988
2016,Excess crowding only,0.017052324488759,0.00582380541739642
2016,Excess crowding only,-0.0069638136774302,-0.00012399261528102444
2016,Excess crowding only,0.011933917179703697,0.0023882825640405537
2016,Excess crowding only,-0.0021651461720467013,0.0009307470410066492
2016,Excess crowding only,0.0261169951409101,0.006432851790979803
2016,Excess crowding only,-0.003213280811905901,-0.0006127686748635293
2016,Excess crowding only,-0.011181928217411102,0.0008824496158816616
2016,Excess crowding only,0.008231675252318401,-0.004509268199167683
2016,Excess crowding only,-0.005714908242225701,-0.000980734726254866
2016,Excess crowding only,-0.023231090068293297,0.005134662086163442
2016,Excess crowding only,0.0002714153379201976,0.004706215336251445
2016,Excess crowding only,-0.0011846516281367025,0.00085429669953872
2016,Excess crowding only,-0.014555064029991651,-0.002233646623265098
2016,Excess crowding only,0.009679114446043897,-0.004929465683521616
2016,Excess crowding only,-0.015653096605092322,0.0020763918147872207
2016,Excess crowding only,-0.0056691784411669,-0.002597021124948133
2016,Excess crowding only,0.00015146099030969966,-0.001714496820584112
2016,Excess crowding only,-0.013224906288087401,-0.005147991863363439
2016,Excess crowding only,0.003831895068287799,0.0039044374524580113
2016,Excess crowding only,-0.0103833144530654,0.001048044280331742
2016,Excess crowding only,-0.0073650497943163005,-0.0016110873734488317
2016,Excess crowding only,0.027352204546332304,0.006746823093273469
2016,Excess crowding only,0.0175520684570074,0.0088785321822784
2016,Excess crowding only,0.028646634891629198,0.0064809603259826055
2016,Excess crowding only,-0.002526642754674001,-0.0011015800752398265
2016,Excess crowding only,0.0169152487069368,0.005513044390423374
2016,Excess crowding only,-0.013064778409898302,-0.0022702106587014397
2016,Excess crowding only,-0.004905933514237402,-0.0005122355139120091
2016,Excess crowding only,0.011003715917468,-0.002414029009162596
2016,Excess crowding only,-0.0041353553533554025,0.0046441819864139686
2016,Excess crowding only,0.038895407691597904,0.0012080530007728219
2016,Excess crowding only,0.0183846335858106,0.0037112572521126137
2016,Excess crowding only,0.024293089285492904,0.012120127405553113
2016,Excess crowding only,0.006959253922104799,-0.0022077984314086514
2016,Excess crowding only,0.03956322930753229,0.003877122809078301
2016,Excess crowding only,0.0030510593205689985,0.004820135473794726
2016,Excess crowding only,-0.01395567785948518,0.0014786015508541843
2016,Excess crowding only,0.012286918237805295,0.0023699717696787385
2016,Excess crowding only,-0.006922623142600103,-0.003671931624461466
2016,Excess crowding only,0.0079059600830078,0.00013600939628682104
2016,Excess crowding only,0.032698692753911,0.0014286517398505198
2016,Excess crowding only,0.003148172050714498,-0.00267124504768842
2016,Excess crowding only,-0.004240119829773901,0.0038167868753060065
2016,Excess crowding only,0.014134427532553602,0.002856465611621015
2016,Excess crowding only,-0.0005173459649086016,0.0018584722385913564
2016,Excess crowding only,-0.011188576929271202,-0.002038716640445081
2016,Excess crowding only,0.0316976029425859,0.012496904354195397
2016,Excess crowding only,-0.0095649007707835,-0.0008866076385088588
2016,Excess crowding only,0.011402247473597497,0.00030345898637673983
2016,Excess crowding only,0.004353974014520598,-0.0004942546908991742
2016,Excess crowding only,0.021407188847660998,-0.0005664379086525542
2016,Excess crowding only,0.0041183773428201,0.0036717283105790867
2016,Excess crowding only,-0.004380818456411402,0.005966279605870193
2016,Excess crowding only,-0.009576745331287401,-0.0008651392033110221
2016,Excess crowding only,-0.010210343636572401,0.0003236862511660533
2016,Excess crowding only,0.003493694588542,0.00291655478476163
2016,Excess crowding only,-0.0017140768468380026,-0.0011793050487076276
2016,Supply growth only,-0.006463885307312,0.0005802157151020098
2016,Supply growth only,-0.0119511028751731,-0.0022540447562406996
2016,Supply growth only,0.0006643012166022994,0.0014615167773514488
2016,Supply growth only,0.010877607390284502,-0.00013313380806493974
2016,Supply growth only,0.030063444748520803,0.0005843755027365425
2016,Supply growth only,0.007066413760185198,0.00024122685324250918
2016,Supply growth only,0.0077189896255730975,-0.000793168561004272
2016,Supply growth only,-0.011042037047445802,-0.003139829725776736
2016,Supply growth only,0.010052865371107998,0.0007520572711013072
2016,Supply growth only,-0.006922734901309001,0.0006796452296327928
2016,Supply growth only,-0.035624741576612,-0.00025139588185231704
2016,Supply growth only,-0.003739919513464,-0.0005444901747727699
2016,Supply growth only,0.0160284619778394,-0.002053011982877365
2016,Supply growth only,0.0021560471504926005,-0.0007245884963255041
2016,Supply growth only,-0.0039309337735176,-0.0026040647318010405
2016,Supply growth only,-0.0004827100783587005,-0.00028617010496589327
2016,Supply growth only,-0.010767327621579201,-0.0018113501683008721
2016,Supply growth only,-0.0032784659415484012,-0.002134946139249602
2016,Supply growth only,-0.0010614059865474996,0.0013333831323254553
2016,Supply growth only,-0.009303268045187002,0.00034852993649710576
2016,Supply growth only,-0.00015146099030969966,-0.0003128668007092773
2016,Supply growth only,0.0171201545745134,0.0009388739568857284
2016,Supply growth only,0.008676877245306898,0.0007831218528574705
2016,Supply growth only,-0.0065436232835055005,-0.003016614660484959
2016,Supply growth only,-0.001704480499029203,-0.0011800291353981371
2016,Supply growth only,0.0022684019058942986,-0.0006117873760639069
2016,Supply growth only,0.004686182364821398,0.000837948855860475
2016,Supply growth only,-0.005720507353544303,0.00030478226670305696
2016,Supply growth only,0.0188570115715265,-0.0006324517599792853
2016,Supply growth only,-0.012477244250476402,0.0020626230627409804
2016,Supply growth only,-0.017200907692313222,-0.00171899580422536
2016,Supply growth only,0.0018521137535572,0.0010722071061469607
2016,Supply growth only,0.0223429407924413,0.001770188289390906
2016,Supply growth only,0.019469311460852602,0.0008741757591166077
2016,Supply growth only,0.0081324335187673,0.0001167735424290957
2016,Supply growth only,-0.00022843666374690146,0.0015189986409619037
2016,Supply growth only,-0.01913762418553236,-0.0040449820029282435
2016,Supply growth only,-0.004502771422267,0.0020420731923238636
2016,Supply growth only,-0.006626684218645101,0.000513862648238476
2016,Supply growth only,0.009484780952334395,-0.0009749935852935289
2016,Supply growth only,0.0173053201287985,-0.000646463388192161
2016,Supply growth only,0.006093975156545599,0.00042493734332523913
2016,Supply growth only,-0.0153906783089042,0.0008980599835236357
2016,Supply growth only,0.017052324488759,0.0001112065514826462
2016,Supply growth only,-0.0069638136774302,-0.00020769707237851872
2016,Supply growth only,0.011933917179703697,0.00060885564567774
2016,Supply growth only,-0.0021651461720467013,0.0012849237245686261
2016,Supply growth only,0.0261169951409101,0.000326828770534762
2016,Supply growth only,-0.003213280811905901,-0.000652775559755377
2016,Supply growth only,-0.011181928217411102,-0.0012883810730455999
2016,Supply growth only,0.008231675252318401,0.0010308057693596045
2016,Supply growth only,-0.005714908242225701,4.076118528377297e-05
2016,Supply growth only,-0.023231090068293297,0.0006627075806692872
2016,Supply growth only,0.0002714153379201976,0.0015394132829656727
2016,Supply growth only,-0.0011846516281367025,-0.0024615604816549154
2016,Supply growth only,-0.014555064029991651,-0.00048203370382775756
2016,Supply growth only,0.009679114446043897,6.733617938381757e-05
2016,Supply growth only,-0.015653096605092322,-0.003300836815111621
2016,Supply growth only,-0.0056691784411669,0.0007518711201267899
2016,Supply growth only,0.00015146099030969966,0.0013401541230492198
2016,Supply growth only,-0.013224906288087401,0.000834072055294909
2016,Supply growth only,0.003831895068287799,-0.00617193502313905
2016,Supply growth only,-0.0103833144530654,-1.726783877809262e-05
2016,Supply growth only,-0.0073650497943163005,-0.0007635841656816172
2016,Supply growth only,0.027352204546332304,-0.0008609569138852561
2016,Supply growth only,0.0175520684570074,0.001306531795455309
2016,Supply growth only,0.028646634891629198,0.0006892571058558813
2016,Supply growth only,-0.002526642754674001,0.0007337515613677645
2016,Supply growth only,0.0169152487069368,0.0006418592799101197
2016,Supply growth only,-0.013064778409898302,-0.00011510481553990643
2016,Supply growth only,-0.004905933514237402,-0.000755214666884837
2016,Supply growth only,0.011003715917468,0.0006955784280699808
2016,Supply growth only,-0.0041353553533554025,-0.0023589236088236744
2016,Supply growth only,0.038895407691597904,0.00020467997039190174
2016,Supply growth only,0.0183846335858106,5.9113736915788334e-05
2016,Supply growth only,0.024293089285492904,0.001558280988053049
2016,Supply growth only,0.006959253922104799,-0.00015774287110285976
2016,Supply growth only,0.03956322930753229,0.0019473778453383502
2016,Supply growth only,0.0030510593205689985,-0.000772597907189222
2016,Supply growth only,-0.01395567785948518,-0.001262938604741024
2016,Supply growth only,0.012286918237805295,0.0013543279630313376
2016,Supply growth only,-0.006922623142600103,6.981617330159865e-05
2016,Supply growth only,0.0079059600830078,-0.0009210882865409386
2016,Supply growth only,0.032698692753911,0.0009331577936220275
2016,Supply growth only,0.003148172050714498,-0.0011730544392659554
2016,Supply growth only,-0.004240119829773901,0.0017707408007643995
2016,Supply growth only,0.014134427532553602,-0.0005335732244541639
2016,Supply growth only,-0.0005173459649086016,0.0015791094048601645
2016,Supply growth only,-0.011188576929271202,0.000778148471178308
2016,Supply growth only,0.0316976029425859,0.0007262313137352768
2016,Supply growth only,-0.0095649007707835,0.0012286621028968676
2016,Supply growth only,0.011402247473597497,0.0002541252680517449
2016,Supply growth only,0.004353974014520598,0.0020626230627409804
2016,Supply growth only,0.021407188847660998,0.0014790041185579266
2016,Supply growth only,0.0041183773428201,0.0018597728734556034
2016,Supply growth only,-0.004380818456411402,-0.0002397916168601472
2016,Supply growth only,-0.009576745331287401,-0.000371939790331038
2016,Supply growth only,-0.010210343636572401,-0.00022235220700487623
2016,Supply growth only,0.003493694588542,0.00036096212129538806
2016,Supply growth only,-0.0017140768468380026,0.0006037531833530964
2016,Lagged rent growth only,-0.006463885307312,-0.002077955300015417
2016,Lagged rent growth only,-0.0119511028751731,-0.0034519133746738744
2016,Lagged rent growth only,0.0006643012166022994,0.0009773047529022436
2016,Lagged rent growth only,0.010877607390284502,-1.1373247526690186e-05
2016,Lagged rent growth only,0.030063444748520803,-0.001212034384173619
2016,Lagged rent growth only,0.007066413760185198,0.005894204853180229
2016,Lagged rent growth only,0.0077189896255730975,-0.0002292336867545004
2016,Lagged rent growth only,-0.011042037047445802,0.0026427962908190713
2016,Lagged rent growth only,0.010052865371107998,0.0030352165453365106
2016,Lagged rent growth only,-0.006922734901309001,-0.0007462872019521858
2016,Lagged rent growth only,-0.035624741576612,-0.01055274773626235
2016,Lagged rent growth only,-0.003739919513464,0.007743346273798961
2016,Lagged rent growth only,0.0160284619778394,0.00353206920689115
2016,Lagged rent growth only,0.0021560471504926005,0.0009938793693266908
2016,Lagged rent growth only,-0.0039309337735176,-0.0021418575813292127
2016,Lagged rent growth only,-0.0004827100783587005,-0.002188600164907744
2016,Lagged rent growth only,-0.010767327621579201,-0.003215232436037242
2016,Lagged rent growth only,-0.0032784659415484012,0.004034822206152861
2016,Lagged rent growth only,-0.0010614059865474996,0.0014469419196260634
2016,Lagged rent growth only,-0.009303268045187002,-0.001123832224836641
2016,Lagged rent growth only,-0.00015146099030969966,0.0010357794836705404
2016,Lagged rent growth only,0.0171201545745134,0.0037257806453629325
2016,Lagged rent growth only,0.008676877245306898,-0.0015943976898606686
2016,Lagged rent growth only,-0.0065436232835055005,-0.0039256616589939215
2016,Lagged rent growth only,-0.001704480499029203,-0.001359827881229327
2016,Lagged rent growth only,0.0022684019058942986,0.0012531728944110995
2016,Lagged rent growth only,0.004686182364821398,0.0004675261709715308
2016,Lagged rent growth only,-0.005720507353544303,-0.0012011280308811757
2016,Lagged rent growth only,0.0188570115715265,0.003462942080367869
2016,Lagged rent growth only,-0.012477244250476402,0.009020854039893587
2016,Lagged rent growth only,-0.017200907692313222,0.0007258533905052436
2016,Lagged rent growth only,0.0018521137535572,0.0021959991781786087
2016,Lagged rent growth only,0.0223429407924413,0.0063666303700092375
2016,Lagged rent growth only,0.019469311460852602,0.002007209102779693
2016,Lagged rent growth only,0.0081324335187673,0.0015108758736486101
2016,Lagged rent growth only,-0.00022843666374690146,0.00608838389600671
2016,Lagged rent growth only,-0.01913762418553236,0.002816189974559134
2016,Lagged rent growth only,-0.004502771422267,0.003158863345105918
2016,Lagged rent growth only,-0.006626684218645101,-9.52494907153678e-05
2016,Lagged rent growth only,0.009484780952334395,-0.005997800832200298
2016,Lagged rent growth only,0.0173053201287985,0.005781732185059092
2016,Lagged rent growth only,0.006093975156545599,0.0010886706038192766
2016,Lagged rent growth only,-0.0153906783089042,-0.0004768538031271911
2016,Lagged rent growth only,0.017052324488759,0.0027318069680304057
2016,Lagged rent growth only,-0.0069638136774302,-0.002493299109393857
2016,Lagged rent growth only,0.011933917179703697,-0.004115800415918277
2016,Lagged rent growth only,-0.0021651461720467013,-0.0009399888506776056
2016,Lagged rent growth only,0.0261169951409101,0.011406354931363901
2016,Lagged rent growth only,-0.003213280811905901,-0.001813905685811112
2016,Lagged rent growth only,-0.011181928217411102,-0.0023735555390777567
2016,Lagged rent growth only,0.008231675252318401,7.491012152726408e-05
2016,Lagged rent growth only,-0.005714908242225701,-0.00033488059820553553
2016,Lagged rent growth only,-0.023231090068293297,-0.004415188710947563
2016,Lagged rent growth only,0.0002714153379201976,0.008723993227022844
2016,Lagged rent growth only,-0.0011846516281367025,-0.0026907548379077433
2016,Lagged rent growth only,-0.014555064029991651,-0.0013247230025817246
2016,Lagged rent growth only,0.009679114446043897,-0.0010285716583870765
2016,Lagged rent growth only,-0.015653096605092322,0.0006447286419060982
2016,Lagged rent growth only,-0.0056691784411669,-0.0013759222242156004
2016,Lagged rent growth only,0.00015146099030969966,-0.0017546587168166365
2016,Lagged rent growth only,-0.013224906288087401,-0.0025423204004003477
2016,Lagged rent growth only,0.003831895068287799,0.0005220988240214117
2016,Lagged rent growth only,-0.0103833144530654,5.23833393268556e-05
2016,Lagged rent growth only,-0.0073650497943163005,-0.0010576011356283064
2016,Lagged rent growth only,0.027352204546332304,0.0027037126994985403
2016,Lagged rent growth only,0.0175520684570074,0.0020771435954424705
2016,Lagged rent growth only,0.028646634891629198,0.0027732982164976054
2016,Lagged rent growth only,-0.002526642754674001,0.0009246831387115855
2016,Lagged rent growth only,0.0169152487069368,0.010626492220410174
2016,Lagged rent growth only,-0.013064778409898302,0.001557918484159169
2016,Lagged rent growth only,-0.004905933514237402,-0.0006914709569786247
2016,Lagged rent growth only,0.011003715917468,0.0008089211158195313
2016,Lagged rent growth only,-0.0041353553533554025,0.002683426041608156
2016,Lagged rent growth only,0.038895407691597904,0.011726016639332615
2016,Lagged rent growth only,0.0183846335858106,0.001283370230804177
2016,Lagged rent growth only,0.024293089285492904,0.00423103290927903
2016,Lagged rent growth only,0.006959253922104799,-0.0015132948242239435
2016,Lagged rent growth only,0.03956322930753229,0.0058415602042923166
2016,Lagged rent growth only,0.0030510593205689985,0.000550301355630456
2016,Lagged rent growth only,-0.01395567785948518,-0.00029483823219696636
2016,Lagged rent growth only,0.012286918237805295,0.0014898198568692208
2016,Lagged rent growth only,-0.006922623142600103,0.0012833817481528189
2016,Lagged rent growth only,0.0079059600830078,0.002846511698317518
2016,Lagged rent growth only,0.032698692753911,-0.006614035995191237
2016,Lagged rent growth only,0.003148172050714498,0.00013860336296327695
2016,Lagged rent growth only,-0.004240119829773901,-0.002695547782543293
2016,Lagged rent growth only,0.014134427532553602,-7.431670956639105e-05
2016,Lagged rent growth only,-0.0005173459649086016,-0.0020993885099626756
2016,Lagged rent growth only,-0.011188576929271202,-0.002525136516232934
2016,Lagged rent growth only,0.0316976029425859,0.002358751983512329
2016,Lagged rent growth only,-0.0095649007707835,-0.002288918575011572
2016,Lagged rent growth only,0.011402247473597497,0.003282887913910643
2016,Lagged rent growth only,0.004353974014520598,0.00045673211182833506
2016,Lagged rent growth only,0.021407188847660998,0.009374358325099223
2016,Lagged rent growth only,0.0041183773428201,-0.0026963205966368904
2016,Lagged rent growth only,-0.004380818456411402,0.0006233501393648758
2016,Lagged rent growth only,-0.009576745331287401,-0.0003294432579136736
2016,Lagged rent growth only,-0.010210343636572401,-0.003485097159568725
2016,Lagged rent growth only,0.003493694588542,0.0059442742229127475
2016,Lagged rent growth only,-0.0017140768468380026,0.0030943754066138866
2016,Occupancy only,-0.006463885307312,0.00876508592276215
2016,Occupancy only,-0.0119511028751731,0.00801554063651816
2016,Occupancy only,0.0006643012166022994,0.002899546269976516
2016,Occupancy only,0.010877607390284502,0.008007791876228798
2016,Occupancy only,0.030063444748520803,0.017200948272261707
2016,Occupancy only,0.007066413760185198,-0.005328662898082315
2016,Occupancy only,0.0077189896255730975,-0.010606542914530614
2016,Occupancy only,-0.011042037047445802,-0.004841601202344559
2016,Occupancy only,0.010052865371107998,0.008518598311098857
2016,Occupancy only,-0.006922734901309001,0.00206866165788705
2016,Occupancy only,-0.035624741576612,-0.004066543915849374
2016,Occupancy only,-0.003739919513464,-0.014154908697252
2016,Occupancy only,0.0160284619778394,0.0056581275902136685
2016,Occupancy only,0.0021560471504926005,0.008905333952562544
2016,Occupancy only,-0.0039309337735176,-0.0015128969137935266
2016,Occupancy only,-0.0004827100783587005,0.0025113152537198924
2016,Occupancy only,-0.010767327621579201,-0.010013173665348596
2016,Occupancy only,-0.0032784659415484012,0.00095487932365107
2016,Occupancy only,-0.0010614059865474996,0.0018743762208051074
2016,Occupancy only,-0.009303268045187002,0.0016746983715917318
2016,Occupancy only,-0.00015146099030969966,0.001936932732966079
2016,Occupancy only,0.0171201545745134,0.004415561766254905
2016,Occupancy only,0.008676877245306898,0.005633816421235394
2016,Occupancy only,-0.0065436232835055005,-0.017080700107945823
2016,Occupancy only,-0.001704480499029203,9.272778407781734e-05
2016,Occupancy only,0.0022684019058942986,0.0002448481834443905
2016,Occupancy only,0.004686182364821398,0.006657808296327783
2016,Occupancy only,-0.005720507353544303,-0.009199327263018309
2016,Occupancy only,0.0188570115715265,0.014666287998634508
2016,Occupancy only,-0.012477244250476402,-0.009647078727462843
2016,Occupancy only,-0.017200907692313222,0.010358362449997105
2016,Occupancy only,0.0018521137535572,-0.0035796181632747337
2016,Occupancy only,0.0223429407924413,0.013286510208848856
2016,Occupancy only,0.019469311460852602,0.00903191969448397
2016,Occupancy only,0.0081324335187673,0.009368741537942815
2016,Occupancy only,-0.00022843666374690146,0.0007700872507834244
2016,Occupancy only,-0.01913762418553236,-0.003024312999724832
2016,Occupancy only,-0.004502771422267,0.00816256316727304
2016,Occupancy only,-0.006626684218645101,0.007364395543072444
2016,Occupancy only,0.009484780952334395,-0.012561360283691259
2016,Occupancy only,0.0173053201287985,-0.005387594259231077
2016,Occupancy only,0.006093975156545599,-0.005585754076457505
2016,Occupancy only,-0.0153906783089042,-0.006889041179877375
2016,Occupancy only,0.017052324488759,0.0011461513539537949
2016,Occupancy only,-0.0069638136774302,-0.004752173258302517
2016,Occupancy only,0.011933917179703697,0.0034918279738548885
2016,Occupancy only,-0.0021651461720467013,0.00671515365390829
2016,Occupancy only,0.0261169951409101,0.001944047091828549
2016,Occupancy only,-0.003213280811905901,0.007571844809768691
2016,Occupancy only,-0.011181928217411102,-0.00898388000689998
2016,Occupancy only,0.008231675252318401,0.011219992874112183
2016,Occupancy only,-0.005714908242225701,0.0008747634862723563
2016,Occupancy only,-0.023231090068293297,-0.008433763340737088
2016,Occupancy only,0.0002714153379201976,-0.015317698541739588
2016,Occupancy only,-0.0011846516281367025,0.006255257933571345
2016,Occupancy only,-0.014555064029991651,0.0078085898280857435
2016,Occupancy only,0.009679114446043897,0.009682339757727088
2016,Occupancy only,-0.015653096605092322,-0.0046953490161797395
2016,Occupancy only,-0.0056691784411669,0.005168596260348768
2016,Occupancy only,0.00015146099030969966,0.0013753515267259653
2016,Occupancy only,-0.013224906288087401,0.01655569404921159
2016,Occupancy only,0.003831895068287799,-0.0030320617600142485
2016,Occupancy only,-0.0103833144530654,-0.020068323000598076
2016,Occupancy only,-0.0073650497943163005,0.005266633938045884
2016,Occupancy only,0.027352204546332304,0.0035629715624773683
2016,Occupancy only,0.0175520684570074,0.013783473098289478
2016,Occupancy only,0.028646634891629198,0.010099277438564647
2016,Occupancy only,-0.002526642754674001,0.004496855777712583
2016,Occupancy only,0.0169152487069368,0.00046292367404643375
2016,Occupancy only,-0.013064778409898302,-0.0021372612041338224
2016,Occupancy only,-0.004905933514237402,0.005149904075439915
2016,Occupancy only,0.011003715917468,0.010354329469495549
2016,Occupancy only,-0.0041353553533554025,-0.005115436046959576
2016,Occupancy only,0.038895407691597904,0.01277479748622562
2016,Occupancy only,0.0183846335858106,0.0018034592041210051
2016,Occupancy only,0.024293089285492904,0.011945385591734914
2016,Occupancy only,0.006959253922104799,0.006727116652250065
2016,Occupancy only,0.03956322930753229,0.01350963825367485
2016,Occupancy only,0.0030510593205689985,0.0043619321884619255
2016,Occupancy only,-0.01395567785948518,-0.007598959034115227
2016,Occupancy only,0.012286918237805295,0.011686209951527193
2016,Occupancy only,-0.006922623142600103,0.0089949204969616
2016,Occupancy only,0.0079059600830078,0.005801524969955951
2016,Occupancy only,0.032698692753911,0.012045915560753073
2016,Occupancy only,0.003148172050714498,0.006339633323389937
2016,Occupancy only,-0.004240119829773901,-0.01281693343008028
2016,Occupancy only,0.014134427532553602,0.009987509501407199
2016,Occupancy only,-0.0005173459649086016,0.0064540294950315436
2016,Occupancy only,-0.011188576929271202,-0.005568987753024501
2016,Occupancy only,0.0316976029425859,0.013662257111305587
2016,Occupancy only,-0.0095649007707835,0.010536040164002225
2016,Occupancy only,0.011402247473597497,0.0027837226951236693
2016,Occupancy only,0.004353974014520598,-0.0002168827695927522
2016,Occupancy only,0.021407188847660998,-0.0025187856910166007
2016,Occupancy only,0.0041183773428201,0.01063815613658875
2016,Occupancy only,-0.004380818456411402,-0.002119090134683088
2016,Occupancy only,-0.009576745331287401,0.002826794020592216
2016,Occupancy only,-0.010210343636572401,-0.011572169858320214
2016,Occupancy only,0.003493694588542,-0.0034620952988847487
2016,Occupancy only,-0.0017140768468380026,0.010580040434417848
2016,Absorption only,-0.006463885307312,0.001176538750505031
2016,Absorption only,-0.0119511028751731,0.005506286291319029
2016,Absorption only,0.0006643012166022994,-0.0005728314729385425
2016,Absorption only,0.010877607390284502,0.0033000777444151044
2016,Absorption only,0.030063444748520803,0.002643970180971844
2016,Absorption only,0.007066413760185198,-0.00018497817329165504
2016,Absorption only,0.0077189896255730975,0.0021730724097234234
2016,Absorption only,-0.011042037047445802,0.004327729648071091
2016,Absorption only,0.010052865371107998,0.0010683747321888135
2016,Absorption only,-0.006922734901309001,-0.000952061644608747
2016,Absorption only,-0.035624741576612,0.0026383464018566154
2016,Absorption only,-0.003739919513464,0.002236996032333181
2016,Absorption only,0.0160284619778394,0.00629136585580485
2016,Absorption only,0.0021560471504926005,0.0044349563698681035
2016,Absorption only,-0.0039309337735176,0.00877445179448183
2016,Absorption only,-0.0004827100783587005,0.0027011452686433275
2016,Absorption only,-0.010767327621579201,0.0016584966206800661
2016,Absorption only,-0.0032784659415484012,0.006971093291532068
2016,Absorption only,-0.0010614059865474996,0.002170260520165809
2016,Absorption only,-0.009303268045187002,1.616565972966462e-05
2016,Absorption only,-0.00015146099030969966,0.0015951353759818317
2016,Absorption only,0.0171201545745134,-6.85659456064365e-05
2016,Absorption only,0.008676877245306898,0.0008284268232724213
2016,Absorption only,-0.0065436232835055005,-0.001963404588830573
2016,Absorption only,-0.001704480499029203,0.0027384496701076738
2016,Absorption only,0.0022684019058942986,0.000982330911725826
2016,Absorption only,0.004686182364821398,0.00011214482329622156
2016,Absorption only,-0.005720507353544303,-0.0013461011012823854
2016,Absorption only,0.0188570115715265,0.003163607371218906
2016,Absorption only,-0.012477244250476402,0.0003117889818868135
2016,Absorption only,-0.017200907692313222,0.0027984366473367715
2016,Absorption only,0.0018521137535572,-0.001933223640912183
2016,Absorption only,0.0223429407924413,-0.0004875374896909186
2016,Absorption only,0.019469311460852602,-0.0006412541188404825
2016,Absorption only,0.0081324335187673,-3.857245699188721e-05
2016,Absorption only,-0.00022843666374690146,0.002000047472278244
2016,Absorption only,-0.01913762418553236,0.005707055205732665
2016,Absorption only,-0.004502771422267,-0.00035781565143299396
2016,Absorption only,-0.006626684218645101,0.0013696218334611904
2016,Absorption only,0.009484780952334395,2.6475921440915736e-05
2016,Absorption only,0.0173053201287985,0.0036496893460784413
2016,Absorption only,0.006093975156545599,0.0013368164552890276
2016,Absorption only,-0.0153906783089042,-0.002804721944468674
2016,Absorption only,0.017052324488759,0.0013784324207417147
2016,Absorption only,-0.0069638136774302,0.0016721811498604544
2016,Absorption only,0.011933917179703697,0.0004137668431762804
2016,Absorption only,-0.0021651461720467013,0.00048125219255901576
2016,Absorption only,0.0261169951409101,0.0015317741312835965
2016,Absorption only,-0.003213280811905901,0.001997048123416789
2016,Absorption only,-0.011181928217411102,0.0008001204683924404
2016,Absorption only,0.008231675252318401,-0.0004980352107060108
2016,Absorption only,-0.005714908242225701,0.001185724256393237
2016,Absorption only,-0.023231090068293297,-0.0012143172106822103
2016,Absorption only,0.0002714153379201976,-0.00296293759691042
2016,Absorption only,-0.0011846516281367025,0.005227159387899881
2016,Absorption only,-0.014555064029991651,0.0025436794534169456
2016,Absorption only,0.009679114446043897,0.002249180887082842
2016,Absorption only,-0.015653096605092322,0.004411898875495669
2016,Absorption only,-0.0056691784411669,0.0013085101004090467
2016,Absorption only,0.00015146099030969966,-0.0006084487406683196
2016,Absorption only,-0.013224906288087401,0.0011801004772780091
2016,Absorption only,0.003831895068287799,0.008571808287029782
2016,Absorption only,-0.0103833144530654,-0.0022335334456653555
2016,Absorption only,-0.0073650497943163005,0.0028979775376763058
2016,Absorption only,0.027352204546332304,0.004171950966579277
2016,Absorption only,0.0175520684570074,-0.0003495674420639929
2016,Absorption only,0.028646634891629198,0.0005815429201139143
2016,Absorption only,-0.002526642754674001,0.00039652058722291486
2016,Absorption only,0.0169152487069368,0.0010601265228198128
2016,Absorption only,-0.013064778409898302,0.0013004493503438871
2016,Absorption only,-0.004905933514237402,0.001202970512346603
2016,Absorption only,0.011003715917468,0.0007526932645206849
2016,Absorption only,-0.0041353553533554025,0.003620633153983097
2016,Absorption only,0.038895407691597904,0.001956931832394829
2016,Absorption only,0.0183846335858106,0.002182632834219311
2016,Absorption only,0.024293089285492904,-0.0002766457728698704
2016,Absorption only,0.006959253922104799,0.0026383464018566154
2016,Absorption only,0.03956322930753229,-0.0010754098665360801
2016,Absorption only,0.0030510593205689985,0.0058049089623376324
2016,Absorption only,-0.01395567785948518,0.0033709373612669765
2016,Absorption only,0.012286918237805295,-0.0002500265517244582
2016,Absorption only,-0.006922623142600103,0.001817837028944858
2016,Absorption only,0.0079059600830078,0.0020845916183105037
2016,Absorption only,0.032698692753911,0.0008494222653026057
2016,Absorption only,0.003148172050714498,0.004497192858743294
2016,Absorption only,-0.004240119829773901,-0.0033194851928158723
2016,Absorption only,0.014134427532553602,0.0035597088802347947
2016,Absorption only,-0.0005173459649086016,-0.0016527845223661495
2016,Absorption only,-0.011188576929271202,-0.0003476928490255837
2016,Absorption only,0.0316976029425859,0.0005652339606797533
2016,Absorption only,-0.0095649007707835,-0.0007983450154591832
2016,Absorption only,0.011402247473597497,-0.00026127410995491424
2016,Absorption only,0.004353974014520598,-0.002626448146515948
2016,Absorption only,0.021407188847660998,0.001146545261890482
2016,Absorption only,0.0041183773428201,-0.0003117006626881247
2016,Absorption only,-0.004380818456411402,0.0013876179266299202
2016,Absorption only,-0.009576745331287401,0.002607603076026703
2016,Absorption only,-0.010210343636572401,-0.0009779310285387955
2016,Absorption only,0.003493694588542,0.004134271646507251
2016,Absorption only,-0.0017140768468380026,-6.837848630259565e-05
2016,All predictors,-0.006463885307312,0.004857193301779639
2016,All predictors,-0.0119511028751731,0.004343952647561489
2016,All predictors,0.0006643012166022994,0.0015328333762750779
2016,All predictors,0.010877607390284502,0.008827296834705844
2016,All predictors,0.030063444748520803,0.01498383381740398
2016,All predictors,0.007066413760185198,-0.0003755208498497087
2016,All predictors,0.0077189896255730975,-0.007580439306107134
2016,All predictors,-0.011042037047445802,-0.003791696617500284
2016,All predictors,0.010052865371107998,0.012301676794860494
2016,All predictors,-0.006922734901309001,-0.002722792055803669
2016,All predictors,-0.035624741576612,-0.010028104491623002
2016,All predictors,-0.003739919513464,-0.0036212932705891876
2016,All predictors,0.0160284619778394,0.01230657829965065
2016,All predictors,0.0021560471504926005,0.009825434710337755
2016,All predictors,-0.0039309337735176,0.004110845658124251
2016,All predictors,-0.0004827100783587005,0.0007772390302717702
2016,All predictors,-0.010767327621579201,-0.013635444997757706
2016,All predictors,-0.0032784659415484012,0.01016193997280218
2016,All predictors,-0.0010614059865474996,0.005748843150189309
2016,All predictors,-0.009303268045187002,-0.0032474194680651713
2016,All predictors,-0.00015146099030969966,0.00012206597277653053
2016,All predictors,0.0171201545745134,0.006589408318271761
2016,All predictors,0.008676877245306898,0.0029179901628558214
2016,All predictors,-0.0065436232835055005,-0.03033782042821337
2016,All predictors,-0.001704480499029203,-0.0030915824273496373
2016,All predictors,0.0022684019058942986,-0.0023542684608148234
2016,All predictors,0.004686182364821398,0.004251157221676349
2016,All predictors,-0.005720507353544303,-0.011793501314966481
2016,All predictors,0.0188570115715265,0.01661731152732321
2016,All predictors,-0.012477244250476402,0.003790251010581891
2016,All predictors,-0.017200907692313222,0.006981748322960446
2016,All predictors,0.0018521137535572,-0.006194517973210523
2016,All predictors,0.0223429407924413,0.0178233050714654
2016,All predictors,0.019469311460852602,0.007933643032897009
2016,All predictors,0.0081324335187673,0.005097295143448366
2016,All predictors,-0.00022843666374690146,0.010130705727925626
2016,All predictors,-0.01913762418553236,-0.0002614600520062238
2016,All predictors,-0.004502771422267,0.008922951116407396
2016,All predictors,-0.006626684218645101,0.004265066532904593
2016,All predictors,0.009484780952334395,-0.021194958089480243
2016,All predictors,0.0173053201287985,0.004001088538468089
2016,All predictors,0.006093975156545599,-0.0037188850606262314
2016,All predictors,-0.0153906783089042,-0.011344335692251739
2016,All predictors,0.017052324488759,0.004466927748750016
2016,All predictors,-0.0069638136774302,-0.006856524238595896
2016,All predictors,0.011933917179703697,-0.001533284583071226
2016,All predictors,-0.0021651461720467013,0.0047507589875309675
2016,All predictors,0.0261169951409101,0.01348603845066959
2016,All predictors,-0.003213280811905901,0.002723564686758828
2016,All predictors,-0.011181928217411102,-0.013638400588382615
2016,All predictors,0.008231675252318401,0.004773069070960534
2016,All predictors,-0.005714908242225701,-0.0013285375909979358
2016,All predictors,-0.023231090068293297,-0.012944886888718365
2016,All predictors,0.0002714153379201976,-0.008525672409139484
2016,All predictors,-0.0011846516281367025,0.0035679899174119734
2016,All predictors,-0.014555064029991651,0.004131756044582935
2016,All predictors,0.009679114446043897,0.005510676787661095
2016,All predictors,-0.015653096605092322,-0.00495108366779351
2016,All predictors,-0.0056691784411669,0.0022946711904774375
2016,All predictors,0.00015146099030969966,-0.002939626644728577
2016,All predictors,-0.013224906288087401,0.00912874241036471
2016,All predictors,0.003831895068287799,-0.0016013642897205194
2016,All predictors,-0.0103833144530654,-0.02296678108847794
2016,All predictors,-0.0073650497943163005,0.0026657322216193102
2016,All predictors,0.027352204546332304,0.009735761955983468
2016,All predictors,0.0175520684570074,0.014161802221911657
2016,All predictors,0.028646634891629198,0.011438093336871846
2016,All predictors,-0.002526642754674001,0.0025449718410300304
2016,All predictors,0.0169152487069368,0.011147296175710586
2016,All predictors,-0.013064778409898302,-0.0026269271457344257
2016,All predictors,-0.004905933514237402,0.0001454002785320485
2016,All predictors,0.011003715917468,0.007086580128311426
2016,All predictors,-0.0041353553533554025,-0.002034128463114959
2016,All predictors,0.038895407691597904,0.02078764884721107
2016,All predictors,0.0183846335858106,0.004359991178546185
2016,All predictors,0.024293089285492904,0.01643268021006561
2016,All predictors,0.006959253922104799,0.004023602319926323
2016,All predictors,0.03956322930753229,0.015415250569065009
2016,All predictors,0.0030510593205689985,0.011050251309866088
2016,All predictors,-0.01395567785948518,-0.005728817303455203
2016,All predictors,0.012286918237805295,0.009984432498927165
2016,All predictors,-0.006922623142600103,0.006612953138862954
2016,All predictors,0.0079059600830078,0.005194226089409171
2016,All predictors,0.032698692753911,0.004117017218782992
2016,All predictors,0.003148172050714498,0.006228036257921121
2016,All predictors,-0.004240119829773901,-0.01685141218009173
2016,All predictors,0.014134427532553602,0.01049961447540515
2016,All predictors,-0.0005173459649086016,0.0005539858652567342
2016,All predictors,-0.011188576929271202,-0.009824684180124943
2016,All predictors,0.0316976029425859,0.016053630576483402
2016,All predictors,-0.0095649007707835,0.003392964144677324
2016,All predictors,0.011402247473597497,0.0014770873321720557
2016,All predictors,0.004353974014520598,-0.004027942134233908
2016,All predictors,0.021407188847660998,0.007561008331673835
2016,All predictors,0.0041183773428201,0.0070400002567231335
2016,All predictors,-0.004380818456411402,-0.0005594426006604314
2016,All predictors,-0.009576745331287401,0.001979753700381559
2016,All predictors,-0.010210343636572401,-0.017789629324312328
2016,All predictors,0.003493694588542,0.008282004708938806
2016,All predictors,-0.0017140768468380026,0.007933764354041528
2017,Excess crowding only,-0.008455494418740297,0.0007153742762210778
2017,Excess crowding only,-0.0128995664417744,-0.0021475339170232833
2017,Excess crowding only,0.0014267545193434004,0.0007592059378908013
2017,Excess crowding only,-0.0017711278051137959,0.00012252509760253907
2017,Excess crowding only,-0.005654670298099497,0.004988610776793994
2017,Excess crowding only,0.0173304844647646,0.006707178746238742
2017,Excess crowding only,-0.002475798130035397,0.008894396350101716
2017,Excess crowding only,0.0068137925118208036,-0.0006348486734046045
2017,Excess crowding only,0.008083077147603004,0.011599312591729014
2017,Excess crowding only,-0.004148209467530299,-0.00020922589915862283
2017,Excess crowding only,-0.03586723911575974,0.006931215361081641
2017,Excess crowding only,0.0233115386217832,0.002057736819703277
2017,Excess crowding only,0.009690148755908002,0.006749387850539135
2017,Excess crowding only,0.0014803651720285034,-0.0022091474157752535
2017,Excess crowding only,-0.008662186563014998,0.001395313780175201
2017,Excess crowding only,-0.008813375607132898,0.0007288134477994649
2017,Excess crowding only,-0.012134021148085598,0.004793660571463964
2017,Excess crowding only,0.011316305026412,0.003668146832683307
2017,Excess crowding only,0.002945797517895702,0.001451038009015717
2017,Excess crowding only,-0.005369380116462697,-0.0017927204068680929
2017,Excess crowding only,0.0016158912330866033,-0.0011558248894448478
2017,Excess crowding only,0.010316709056496603,0.003854571951278829
2017,Excess crowding only,-0.006891425698995597,0.0009115907125060171
2017,Excess crowding only,-0.014431906864047099,0.0009531315793910535
2017,Excess crowding only,-0.006132708862423897,-0.002006316090024869
2017,Excess crowding only,0.002319050952792199,-0.0011468598985016768
2017,Excess crowding only,-0.0002221260219812983,0.00036710018504819615
2017,Excess crowding only,-0.005619393661618198,0.005182306525461953
2017,Excess crowding only,0.009466556832194304,0.0019056467646154807
2017,Excess crowding only,0.027443641796708107,0.00585278263868317
2017,Excess crowding only,0.0006134342402220015,0.004201742760817934
2017,Excess crowding only,0.0053686257451773,0.0030409887251141446
2017,Excess crowding only,0.018858546391129508,0.005982664259108744
2017,Excess crowding only,0.004757983610033999,0.007480970278608838
2017,Excess crowding only,0.0031525921076536005,0.0006560433713378874
2017,Excess crowding only,0.017958557233214406,0.0030995681169919587
2017,Excess crowding only,0.007374634966254203,0.0017129049555150114
2017,Excess crowding only,0.008483013138175,-0.0010045785555814193
2017,Excess crowding only,-0.002042425796389597,-0.004742210939842562
2017,Excess crowding only,-0.0211342480033636,-0.001814492908273885
2017,Excess crowding only,0.0169666912406683,0.003909329338646957
2017,Excess crowding only,0.0017869677394628004,-0.0004281980614959912
2017,Excess crowding only,-0.003276726230978997,0.005591922500637332
2017,Excess crowding only,0.007101697847247099,0.005740756625807285
2017,Excess crowding only,-0.009798925369978,0.000270238864332474
2017,Excess crowding only,-0.015046911314129798,0.003672682404748635
2017,Excess crowding only,-0.004774738103151297,0.00015886946617619645
2017,Excess crowding only,0.0351595524698496,0.007249595598946012
2017,Excess crowding only,-0.0076014250516891965,-0.0019755200290875936
2017,Excess crowding only,-0.009411614388227497,0.003694686752055908
2017,Excess crowding only,-0.0014920439571141954,-0.0044477487743075144
2017,Excess crowding only,-0.0028175134211778988,-0.001521760675384945
2017,Excess crowding only,-0.0160152837634087,0.003729049995629889
2017,Excess crowding only,0.02648344449698921,0.004212837713295007
2017,Excess crowding only,-0.010437596589326897,-3.219270259376258e-05
2017,Excess crowding only,-0.0060191620141267985,-0.0038819572739033407
2017,Excess crowding only,-0.005061259493231798,-0.004525710707248859
2017,Excess crowding only,0.000351035967469205,0.00229275443177654
2017,Excess crowding only,-0.006184766069054597,-0.004773383150201777
2017,Excess crowding only,-0.007409790530800799,0.00045659884730974055
2017,Excess crowding only,-0.0099574849009514,-0.005553235816071655
2017,Excess crowding only,-4.56105917692011e-05,0.002158147978666421
2017,Excess crowding only,-0.001564906910061798,0.0025913768837645323
2017,Excess crowding only,-0.005155155435204499,-0.0010278487620342565
2017,Excess crowding only,0.007010826840996704,0.007605293815150162
2017,Excess crowding only,0.004984186962246905,0.009243634093731471
2017,Excess crowding only,0.007235901430249204,0.006500697071733399
2017,Excess crowding only,0.0012565497308969047,-0.0017893978499134182
2017,Excess crowding only,0.032637083902955,0.004329110063122772
2017,Excess crowding only,0.003304751589894305,-0.0029477453241205146
2017,Excess crowding only,-0.003970906138420098,-0.0006381372614951744
2017,Excess crowding only,0.0008821170777081992,-0.0016720898868727119
2017,Excess crowding only,0.006945209577679603,0.004573500838337806
2017,Excess crowding only,0.036193499341607094,-0.00038915107190637714
2017,Excess crowding only,0.0024167243391275024,0.005456442050939193
2017,Excess crowding only,0.011950949206948305,0.012007822854398076
2017,Excess crowding only,-0.006629098206758499,-0.003099942590422244
2017,Excess crowding only,0.017160205170512203,0.004636090279874426
2017,Excess crowding only,4.56105917692011e-05,0.004435302765334679
2017,Excess crowding only,-0.0026879962533712977,-0.000659841586208636
2017,Excess crowding only,0.003084486350417099,0.0025280764207654374
2017,Excess crowding only,0.002416761592030501,-0.0033061427236196297
2017,Excess crowding only,0.007472710683941803,0.0017194745945788028
2017,Excess crowding only,-0.0231274627149105,0.001562904914827642
2017,Excess crowding only,-0.0012860279530286962,-0.0026545420460350197
2017,Excess crowding only,-0.010453099384903897,0.0035577046019905057
2017,Excess crowding only,-0.0019747186452149963,0.0010202308968266971
2017,Excess crowding only,-0.0085248202085495,0.00020615031490709454
2017,Excess crowding only,-0.009901903569698299,-0.001267970214303091
2017,Excess crowding only,0.005895050242543203,0.009737022619462268
2017,Excess crowding only,-0.009137855842709597,-0.0026504632685005907
2017,Excess crowding only,0.0088841710239649,0.0026457035001039644
2017,Excess crowding only,-0.0002570394426584001,-0.0002761863654630463
2017,Excess crowding only,0.028587052598595605,-0.00037650047275297716
2017,Excess crowding only,-0.010455599054694197,0.0022165280558133385
2017,Excess crowding only,0.0002818871289492035,0.005411012678921921
2017,Excess crowding only,-0.0027999263256787976,-0.0003637351893636757
2017,Excess crowding only,-0.013006899505853698,0.0008792982946953884
2017,Excess crowding only,0.0174924340099096,0.0030870235523764895
2017,Excess crowding only,0.0082744266837835,-0.002262758170245698
2017,Supply growth only,-0.008455494418740297,0.001918688564582547
2017,Supply growth only,-0.0128995664417744,-0.0018675328004227817
2017,Supply growth only,0.0014267545193434004,0.002664020254212159
2017,Supply growth only,-0.0017711278051137959,0.0004151034002814152
2017,Supply growth only,-0.005654670298099497,0.00243228917097491
2017,Supply growth only,0.0173304844647646,-0.0006840573086257609
2017,Supply growth only,-0.002475798130035397,0.00044860542955027505
2017,Supply growth only,0.0068137925118208036,-0.003478474700005829
2017,Supply growth only,0.008083077147603004,0.002198479808386242
2017,Supply growth only,-0.004148209467530299,0.00017323880648098316
2017,Supply growth only,-0.03586723911575974,0.0006443435957491283
2017,Supply growth only,0.0233115386217832,0.0019737582797648787
2017,Supply growth only,0.009690148755908002,-0.004180047593274007
2017,Supply growth only,0.0014803651720285034,-0.0019730724506456104
2017,Supply growth only,-0.008662186563014998,-2.758267534150923e-06
2017,Supply growth only,-0.008813375607132898,-0.00020194704201968727
2017,Supply growth only,-0.012134021148085598,-0.007631198038120144
2017,Supply growth only,0.011316305026412,-0.0038311597007725864
2017,Supply growth only,0.002945797517895702,-0.0033486212599428975
2017,Supply growth only,-0.005369380116462697,0.0007659160966856304
2017,Supply growth only,0.0016158912330866033,0.000985695636522057
2017,Supply growth only,0.010316709056496603,-0.0004171001799465092
2017,Supply growth only,-0.006891425698995597,-0.0009742073052747173
2017,Supply growth only,-0.014431906864047099,-0.002724290577907842
2017,Supply growth only,-0.006132708862423897,-0.0018931769830041103
2017,Supply growth only,0.002319050952792199,-0.0021648903909919784
2017,Supply growth only,-0.0002221260219812983,0.0014231955541564511
2017,Supply growth only,-0.005619393661618198,0.000781365350140727
2017,Supply growth only,0.009466556832194304,0.0016408121444686239
2017,Supply growth only,0.027443641796708107,0.002484339091293913
2017,Supply growth only,0.0006134342402220015,-0.004097065301576552
2017,Supply growth only,0.0053686257451773,0.0006915161731654088
2017,Supply growth only,0.018858546391129508,0.0015828888186716849
2017,Supply growth only,0.004757983610033999,0.0025686325100300325
2017,Supply growth only,0.0031525921076536005,-0.0011739260028053658
2017,Supply growth only,0.017958557233214406,-0.00015123726578890762
2017,Supply growth only,0.007374634966254203,-0.002885592184169324
2017,Supply growth only,0.008483013138175,0.00041344212970511164
2017,Supply growth only,-0.002042425796389597,3.413213345108664e-05
2017,Supply growth only,-0.0211342480033636,-0.00039574840282391617
2017,Supply growth only,0.0169666912406683,0.001276494210151973
2017,Supply growth only,0.0017869677394628004,0.000979238586816917
2017,Supply growth only,-0.003276726230978997,0.0019984049441764203
2017,Supply growth only,0.007101697847247099,-0.0004898233863165568
2017,Supply growth only,-0.009798925369978,-0.0010718132389445586
2017,Supply growth only,-0.015046911314129798,0.0010662696448208988
2017,Supply growth only,-0.004774738103151297,0.001739105534746084
2017,Supply growth only,0.0351595524698496,0.0001157467551778325
2017,Supply growth only,-0.0076014250516891965,-6.310754548469969e-05
2017,Supply growth only,-0.009411614388227497,-0.0009866005564350992
2017,Supply growth only,-0.0014920439571141954,0.001968478180440468
2017,Supply growth only,-0.0028175134211778988,0.0008547227106392064
2017,Supply growth only,-0.0160152837634087,-0.0008483884779207011
2017,Supply growth only,0.02648344449698921,0.00202337465417178
2017,Supply growth only,-0.010437596589326897,-0.00021760686958359476
2017,Supply growth only,-0.0060191620141267985,-0.0009993692574474596
2017,Supply growth only,-0.005061259493231798,0.0007601068804091878
2017,Supply growth only,0.000351035967469205,-0.0053800712266915815
2017,Supply growth only,-0.006184766069054597,0.0011204522276822974
2017,Supply growth only,-0.007409790530800799,0.002210922573873938
2017,Supply growth only,-0.0099574849009514,0.000250430370521216
2017,Supply growth only,-4.56105917692011e-05,-0.00017477362565628853
2017,Supply growth only,-0.001564906910061798,0.0011351072910312787
2017,Supply growth only,-0.005155155435204499,-0.0014619723483922792
2017,Supply growth only,0.007010826840996704,-0.0023637225923260835
2017,Supply growth only,0.004984186962246905,0.0027681350854141923
2017,Supply growth only,0.007235901430249204,0.0013163417352165716
2017,Supply growth only,0.0012565497308969047,0.0003638313439657888
2017,Supply growth only,0.032637083902955,0.00029148885713778253
2017,Supply growth only,0.003304751589894305,-4.207558610083619e-05
2017,Supply growth only,-0.003970906138420098,-0.0008439174040034618
2017,Supply growth only,0.0008821170777081992,0.0005198007485867941
2017,Supply growth only,0.006945209577679603,-0.0009069264243887622
2017,Supply growth only,0.036193499341607094,-0.0002515535782857364
2017,Supply growth only,0.0024167243391275024,-2.9382261343161627e-05
2017,Supply growth only,0.011950949206948305,0.0017449378905685133
2017,Supply growth only,-0.006629098206758499,0.0009217674841948261
2017,Supply growth only,0.017160205170512203,0.001884989100893081
2017,Supply growth only,4.56105917692011e-05,-0.003913530180195299
2017,Supply growth only,-0.0026879962533712977,-0.0018499828636038187
2017,Supply growth only,0.003084486350417099,0.0010861731576339991
2017,Supply growth only,0.002416761592030501,6.495742147386539e-05
2017,Supply growth only,0.007472710683941803,0.001152988161467623
2017,Supply growth only,-0.0231274627149105,0.003088202922774747
2017,Supply growth only,-0.0012860279530286962,-0.0009086957881763533
2017,Supply growth only,-0.010453099384903897,0.0026299943537782086
2017,Supply growth only,-0.0019747186452149963,-0.0009364549476486282
2017,Supply growth only,-0.0085248202085495,0.0005196917641545821
2017,Supply growth only,-0.009901903569698299,0.0005006405525584028
2017,Supply growth only,0.005895050242543203,0.002620835235532914
2017,Supply growth only,-0.009137855842709597,-0.00021728852952015596
2017,Supply growth only,0.0088841710239649,0.0002008679716216555
2017,Supply growth only,-0.0002570394426584001,-0.0003296095600997099
2017,Supply growth only,0.028587052598595605,0.002458261747753761
2017,Supply growth only,-0.010455599054694197,0.0016370497860566755
2017,Supply growth only,0.0002818871289492035,0.0011892135976786298
2017,Supply growth only,-0.0027999263256787976,-0.000124658027802376
2017,Supply growth only,-0.013006899505853698,2.838657160738776e-05
2017,Supply growth only,0.0174924340099096,0.0006012869737666226
2017,Supply growth only,0.0082744266837835,0.0020754796978425445
2017,Lagged rent growth only,-0.008455494418740297,-0.00045385275490539495
2017,Lagged rent growth only,-0.0128995664417744,-0.0003919287536779813
2017,Lagged rent growth only,0.0014267545193434004,0.007469839829039671
2017,Lagged rent growth only,-0.0017711278051137959,0.0006639808819286782
2017,Lagged rent growth only,-0.005654670298099497,0.0030399672016264297
2017,Lagged rent growth only,0.0173304844647646,0.002643597325124694
2017,Lagged rent growth only,-0.002475798130035397,0.005813464203078214
2017,Lagged rent growth only,0.0068137925118208036,0.004203815295472615
2017,Lagged rent growth only,0.008083077147603004,0.00213562915417871
2017,Lagged rent growth only,-0.004148209467530299,-9.794525824104931e-05
2017,Lagged rent growth only,-0.03586723911575974,-0.011495599358902528
2017,Lagged rent growth only,0.0233115386217832,0.0015927293127297034
2017,Lagged rent growth only,0.009690148755908002,0.001339831425805932
2017,Lagged rent growth only,0.0014803651720285034,0.0013228238120189442
2017,Lagged rent growth only,-0.008662186563014998,-0.003063159271391149
2017,Lagged rent growth only,-0.008813375607132898,-0.003989206451045909
2017,Lagged rent growth only,-0.012134021148085598,0.0013502043251757277
2017,Lagged rent growth only,0.011316305026412,0.004399788068699964
2017,Lagged rent growth only,0.002945797517895702,-0.0004961598916231492
2017,Lagged rent growth only,-0.005369380116462697,-0.001773681334628433
2017,Lagged rent growth only,0.0016158912330866033,0.0005145876263794771
2017,Lagged rent growth only,0.010316709056496603,0.007861164521023048
2017,Lagged rent growth only,-0.006891425698995597,0.0009135821859330082
2017,Lagged rent growth only,-0.014431906864047099,0.0007189092896580338
2017,Lagged rent growth only,-0.006132708862423897,0.0015269780938817414
2017,Lagged rent growth only,0.002319050952792199,-0.001687545789672851
2017,Lagged rent growth only,-0.0002221260219812983,-2.6932802267095658e-05
2017,Lagged rent growth only,-0.005619393661618198,0.00197027649612006
2017,Lagged rent growth only,0.009466556832194304,0.0008334800881103057
2017,Lagged rent growth only,0.027443641796708107,0.005178245794658589
2017,Lagged rent growth only,0.0006134342402220015,-0.0061398599913749605
2017,Lagged rent growth only,0.0053686257451773,0.0011528901264176298
2017,Lagged rent growth only,0.018858546391129508,0.005714552470268772
2017,Lagged rent growth only,0.004757983610033999,0.0058397644531969425
2017,Lagged rent growth only,0.0031525921076536005,0.0022544212881950194
2017,Lagged rent growth only,0.017958557233214406,0.004562069693264699
2017,Lagged rent growth only,0.007374634966254203,-3.6228999905526887e-05
2017,Lagged rent growth only,0.008483013138175,-0.0011839752389735463
2017,Lagged rent growth only,-0.002042425796389597,-0.0016379617162262626
2017,Lagged rent growth only,-0.0211342480033636,-0.0002377977730904535
2017,Lagged rent growth only,0.0169666912406683,0.0072285992861089825
2017,Lagged rent growth only,0.0017869677394628004,0.002795957149170714
2017,Lagged rent growth only,-0.003276726230978997,0.0031166456965900937
2017,Lagged rent growth only,0.007101697847247099,0.0008073270386692849
2017,Lagged rent growth only,-0.009798925369978,0.0006775530218342248
2017,Lagged rent growth only,-0.015046911314129798,0.004945092979286409
2017,Lagged rent growth only,-0.004774738103151297,0.001619706211125008
2017,Lagged rent growth only,0.0351595524698496,0.007908290105731394
2017,Lagged rent growth only,-0.0076014250516891965,0.0009695991664160978
2017,Lagged rent growth only,-0.009411614388227497,-0.0009892566392623444
2017,Lagged rent growth only,-0.0014920439571141954,-0.0029591358763378733
2017,Lagged rent growth only,-0.0028175134211778988,-0.0005423215493129386
2017,Lagged rent growth only,-0.0160152837634087,-0.0004018909156728581
2017,Lagged rent growth only,0.02648344449698921,0.003137154074881726
2017,Lagged rent growth only,-0.010437596589326897,-0.0015398382193039031
2017,Lagged rent growth only,-0.0060191620141267985,-0.002255467372128532
2017,Lagged rent growth only,-0.005061259493231798,-0.0011417102443853008
2017,Lagged rent growth only,0.000351035967469205,0.005152548592477576
2017,Lagged rent growth only,-0.006184766069054597,-0.003457495048205303
2017,Lagged rent growth only,-0.007409790530800799,-0.0029480637737489736
2017,Lagged rent growth only,-0.0099574849009514,-0.004163401240136325
2017,Lagged rent growth only,-4.56105917692011e-05,-0.0020697725300918004
2017,Lagged rent growth only,-0.001564906910061798,0.0003514417913842943
2017,Lagged rent growth only,-0.005155155435204499,-0.0004488776094191734
2017,Lagged rent growth only,0.007010826840996704,-0.0006371532117248483
2017,Lagged rent growth only,0.004984186962246905,-0.0008834341907649665
2017,Lagged rent growth only,0.007235901430249204,-0.000930752086036112
2017,Lagged rent growth only,0.0012565497308969047,0.0007041547959218475
2017,Lagged rent growth only,0.032637083902955,0.011245229752888778
2017,Lagged rent growth only,0.003304751589894305,-0.0005674370713965508
2017,Lagged rent growth only,-0.003970906138420098,-0.0006148974189364781
2017,Lagged rent growth only,0.0008821170777081992,-0.0005709983781154095
2017,Lagged rent growth only,0.006945209577679603,0.005483379741432266
2017,Lagged rent growth only,0.036193499341607094,-0.00036119348959202393
2017,Lagged rent growth only,0.0024167243391275024,0.0017266320711541376
2017,Lagged rent growth only,0.011950949206948305,0.005674098400147064
2017,Lagged rent growth only,-0.006629098206758499,-0.002721149774197086
2017,Lagged rent growth only,0.017160205170512203,0.004660424675123784
2017,Lagged rent growth only,4.56105917692011e-05,-0.0017711818908629218
2017,Lagged rent growth only,-0.0026879962533712977,0.000943672853502842
2017,Lagged rent growth only,0.003084486350417099,0.0007707820962226257
2017,Lagged rent growth only,0.002416761592030501,-0.006010710093542377
2017,Lagged rent growth only,0.007472710683941803,-0.0025782553098586654
2017,Lagged rent growth only,-0.0231274627149105,-0.006044263835120771
2017,Lagged rent growth only,-0.0012860279530286962,0.004041145488475492
2017,Lagged rent growth only,-0.010453099384903897,-0.004784601158208312
2017,Lagged rent growth only,-0.0019747186452149963,0.003400318021973683
2017,Lagged rent growth only,-0.0085248202085495,-0.001996498644351364
2017,Lagged rent growth only,-0.009901903569698299,0.002263329303401127
2017,Lagged rent growth only,0.005895050242543203,0.008330427223446303
2017,Lagged rent growth only,-0.009137855842709597,-0.0032185295867168404
2017,Lagged rent growth only,0.0088841710239649,0.002910276281948178
2017,Lagged rent growth only,-0.0002570394426584001,-0.0033451209824474437
2017,Lagged rent growth only,0.028587052598595605,0.007116553454120369
2017,Lagged rent growth only,-0.010455599054694197,0.00047588453206119446
2017,Lagged rent growth only,0.0002818871289492035,0.003352249878087076
2017,Lagged rent growth only,-0.0027999263256787976,-0.0007370870395626077
2017,Lagged rent growth only,-0.013006899505853698,-0.00025050926387227244
2017,Lagged rent growth only,0.0174924340099096,0.0031018983254673164
2017,Lagged rent growth only,0.0082744266837835,0.003385608638122589
2017,Occupancy only,-0.008455494418740297,0.004431131442714564
2017,Occupancy only,-0.0128995664417744,0.003335451845187798
2017,Occupancy only,0.0014267545193434004,0.0013557391324644508
2017,Occupancy only,-0.0017711278051137959,0.010785345370266763
2017,Occupancy only,-0.005654670298099497,0.01792170907847207
2017,Occupancy only,0.0173304844647646,-0.007710961944926431
2017,Occupancy only,-0.002475798130035397,-0.006464770685252863
2017,Occupancy only,0.0068137925118208036,-0.009534909786673706
2017,Occupancy only,0.008083077147603004,0.011281653118197565
2017,Occupancy only,-0.004148209467530299,0.00040806507911061995
2017,Occupancy only,-0.03586723911575974,-0.018122966428390064
2017,Occupancy only,0.0233115386217832,-0.010983590559158762
2017,Occupancy only,0.009690148755908002,0.006642250414098716
2017,Occupancy only,0.0014803651720285034,0.006336094367417
2017,Occupancy only,-0.008662186563014998,0.006545620288385012
2017,Occupancy only,-0.008813375607132898,0.0039471856036346065
2017,Occupancy only,-0.012134021148085598,-0.019234261068675873
2017,Occupancy only,0.011316305026412,-0.006322741268555365
2017,Occupancy only,0.002945797517895702,-0.007732577212449188
2017,Occupancy only,-0.005369380116462697,0.0013476424436263956
2017,Occupancy only,0.0016158912330866033,0.001611218582044771
2017,Occupancy only,0.010316709056496603,-0.0037559704205097355
2017,Occupancy only,-0.006891425698995597,0.002530939781077546
2017,Occupancy only,-0.014431906864047099,-0.01646328980035644
2017,Occupancy only,-0.006132708862423897,-0.00602957366021728
2017,Occupancy only,0.002319050952792199,-0.002268830376045028
2017,Occupancy only,-0.0002221260219812983,0.006971130203560938
2017,Occupancy only,-0.005619393661618198,-0.007927186912016493
2017,Occupancy only,0.009466556832194304,0.015758543710621686
2017,Occupancy only,0.027443641796708107,-0.003293133805899795
2017,Occupancy only,0.0006134342402220015,0.0022042769421303787
2017,Occupancy only,0.0053686257451773,-0.0007773046251261517
2017,Occupancy only,0.018858546391129508,0.014812170910831146
2017,Occupancy only,0.004757983610033999,0.013769722222955805
2017,Occupancy only,0.0031525921076536005,0.005179641409029545
2017,Occupancy only,0.017958557233214406,-0.006120275853032153
2017,Occupancy only,0.007374634966254203,-0.007994490637980967
2017,Occupancy only,0.008483013138175,0.0077603886842355085
2017,Occupancy only,-0.002042425796389597,0.005928392348226785
2017,Occupancy only,-0.0211342480033636,-0.011636627069593952
2017,Occupancy only,0.0169666912406683,-0.0031108378206070597
2017,Occupancy only,0.0017869677394628004,-0.005279425078304034
2017,Occupancy only,-0.003276726230978997,-0.008714011566582192
2017,Occupancy only,0.007101697847247099,0.001444248472052212
2017,Occupancy only,-0.009798925369978,-0.0036164712190742687
2017,Occupancy only,-0.015046911314129798,0.007223693881268423
2017,Occupancy only,-0.004774738103151297,0.006187896044938024
2017,Occupancy only,0.0351595524698496,0.0012489158538383505
2017,Occupancy only,-0.0076014250516891965,0.011340860155324428
2017,Occupancy only,-0.009411614388227497,-0.00952490941206735
2017,Occupancy only,-0.0014920439571141954,0.012644427058220997
2017,Occupancy only,-0.0028175134211778988,-0.0008819350505250845
2017,Occupancy only,-0.0160152837634087,-0.011642530905204895
2017,Occupancy only,0.02648344449698921,-0.016230847358302825
2017,Occupancy only,-0.010437596589326897,0.004425854136596963
2017,Occupancy only,-0.0060191620141267985,0.0056194651134011675
2017,Occupancy only,-0.005061259493231798,0.011358306591986833
2017,Occupancy only,0.000351035967469205,-0.007576426784861534
2017,Occupancy only,-0.006184766069054597,0.008724159726112235
2017,Occupancy only,-0.007409790530800799,0.0008329966593693672
2017,Occupancy only,-0.0099574849009514,0.01748569274563755
2017,Occupancy only,-4.56105917692011e-05,0.005173568892401337
2017,Occupancy only,-0.001564906910061798,-0.0194580284869747
2017,Occupancy only,-0.005155155435204499,0.0023921875955760785
2017,Occupancy only,0.007010826840996704,0.004362237295728044
2017,Occupancy only,0.004984186962246905,0.01482781005087802
2017,Occupancy only,0.007235901430249204,0.011382741242229988
2017,Occupancy only,0.0012565497308969047,0.004569208904146083
2017,Occupancy only,0.032637083902955,0.0015433124238747875
2017,Occupancy only,0.003304751589894305,0.0006886780002919313
2017,Occupancy only,-0.003970906138420098,0.004684321649915446
2017,Occupancy only,0.0008821170777081992,0.012248870072287643
2017,Occupancy only,0.006945209577679603,-0.0058174693294109625
2017,Occupancy only,0.036193499341607094,0.013032634371251128
2017,Occupancy only,0.0024167243391275024,0.0007524876194668906
2017,Occupancy only,0.011950949206948305,0.01221759179219395
2017,Occupancy only,-0.006629098206758499,0.006486606029563802
2017,Occupancy only,0.017160205170512203,0.013003404360654724
2017,Occupancy only,4.56105917692011e-05,5.166618651519794e-05
2017,Occupancy only,-0.0026879962533712977,-0.014667945439712227
2017,Occupancy only,0.003084486350417099,0.011159937715459034
2017,Occupancy only,0.002416761592030501,0.008453474887672396
2017,Occupancy only,0.007472710683941803,0.008934818219626217
2017,Occupancy only,-0.0231274627149105,0.017075315927456258
2017,Occupancy only,-0.0012860279530286962,0.004505037825648317
2017,Occupancy only,-0.010453099384903897,-0.012920723363618714
2017,Occupancy only,-0.0019747186452149963,0.007878441299166372
2017,Occupancy only,-0.0085248202085495,0.004316066891521864
2017,Occupancy only,-0.009901903569698299,-0.009153762979088875
2017,Occupancy only,0.005895050242543203,0.013092781202617976
2017,Occupancy only,-0.009137855842709597,0.004243148497404314
2017,Occupancy only,0.0088841710239649,0.0037390814226708757
2017,Occupancy only,-0.0002570394426584001,0.0013557150351761194
2017,Occupancy only,0.028587052598595605,0.002150949643326572
2017,Occupancy only,-0.010455599054694197,0.01018884109796736
2017,Occupancy only,0.0002818871289492035,0.0003623043288035199
2017,Occupancy only,-0.0027999263256787976,0.0025186019695150885
2017,Occupancy only,-0.013006899505853698,-0.013494624379579157
2017,Occupancy only,0.0174924340099096,-0.0014815478730033083
2017,Occupancy only,0.0082744266837835,0.015015359245000526
2017,Absorption only,-0.008455494418740297,-0.002774878214609818
2017,Absorption only,-0.0128995664417744,0.0027954940962414262
2017,Absorption only,0.0014267545193434004,-0.0025246397329875135
2017,Absorption only,-0.0017711278051137959,0.002764170043025622
2017,Absorption only,-0.005654670298099497,-0.0015746537574935027
2017,Absorption only,0.0173304844647646,0.0022422794614809427
2017,Absorption only,-0.002475798130035397,0.0035718704886580103
2017,Absorption only,0.0068137925118208036,0.005193819345849256
2017,Absorption only,0.008083077147603004,-9.322070964321114e-05
2017,Absorption only,-0.004148209467530299,0.0011947818852981842
2017,Absorption only,-0.03586723911575974,-0.004841911782748798
2017,Absorption only,0.0233115386217832,0.0010204644140124912
2017,Absorption only,0.009690148755908002,0.008664949175085384
2017,Absorption only,0.0014803651720285034,0.0038748466417961903
2017,Absorption only,-0.008662186563014998,0.005935509216060769
2017,Absorption only,-0.008813375607132898,0.0031328028274805447
2017,Absorption only,-0.012134021148085598,0.00865716240479445
2017,Absorption only,0.011316305026412,0.0044825686685932165
2017,Absorption only,0.002945797517895702,0.002804342698844761
2017,Absorption only,-0.005369380116462697,0.0009022470832319399
2017,Absorption only,0.0016158912330866033,0.0005695396253465556
2017,Absorption only,0.010316709056496603,-0.0008257080331472557
2017,Absorption only,-0.006891425698995597,0.002193081231006402
2017,Absorption only,-0.014431906864047099,0.006495448788799788
2017,Absorption only,-0.006132708862423897,0.0022684713251868134
2017,Absorption only,0.002319050952792199,0.00427303375894625
2017,Absorption only,-0.0002221260219812983,8.74677555168827e-05
2017,Absorption only,-0.005619393661618198,0.0018943524071178234
2017,Absorption only,0.009466556832194304,-0.00010436994892341293
2017,Absorption only,0.027443641796708107,0.0015646534741175736
2017,Absorption only,0.0006134342402220015,0.004408594350829338
2017,Absorption only,0.0053686257451773,0.0024948185797801148
2017,Absorption only,0.018858546391129508,0.00020249958936023344
2017,Absorption only,0.004757983610033999,0.00019241218239243198
2017,Absorption only,0.0031525921076536005,0.0019853160418801044
2017,Absorption only,0.017958557233214406,-0.0006174119278647576
2017,Absorption only,0.007374634966254203,0.004159771645623566
2017,Absorption only,0.008483013138175,0.0012636240135521276
2017,Absorption only,-0.002042425796389597,0.0013921057233525472
2017,Absorption only,-0.0211342480033636,0.0033957832968516503
2017,Absorption only,0.0169666912406683,0.001465195180856092
2017,Absorption only,0.0017869677394628004,0.001054443048009296
2017,Absorption only,-0.003276726230978997,-0.001389717963083808
2017,Absorption only,0.007101697847247099,0.0030443168014471977
2017,Absorption only,-0.009798925369978,0.004334797005117527
2017,Absorption only,-0.015046911314129798,0.002186887209184068
2017,Absorption only,-0.004774738103151297,-0.0007740321939437812
2017,Absorption only,0.0351595524698496,0.0016931351839179932
2017,Absorption only,-0.0076014250516891965,0.0038516633029754537
2017,Absorption only,-0.009411614388227497,0.0035394846031298055
2017,Absorption only,-0.0014920439571141954,-0.00037549113268958755
2017,Absorption only,-0.0028175134211778988,0.0001594953807080269
2017,Absorption only,-0.0160152837634087,0.0021307870686789257
2017,Absorption only,0.02648344449698921,-0.0008074799117843862
2017,Absorption only,-0.010437596589326897,0.0016179220617896482
2017,Absorption only,-0.0060191620141267985,0.0026171062677581994
2017,Absorption only,-0.005061259493231798,0.0016276555246533162
2017,Absorption only,0.000351035967469205,0.00861114967125711
2017,Absorption only,-0.006184766069054597,0.002020887424345509
2017,Absorption only,-0.007409790530800799,-0.0013523768600977356
2017,Absorption only,-0.0099574849009514,0.001939657252446897
2017,Absorption only,-4.56105917692011e-05,0.006095138007024927
2017,Absorption only,-0.001564906910061798,0.0012735344484678627
2017,Absorption only,-0.005155155435204499,0.0030321057298545962
2017,Absorption only,0.007010826840996704,0.005954268253579839
2017,Absorption only,0.004984186962246905,-0.0018703740564969475
2017,Absorption only,0.007235901430249204,0.00059608543315656
2017,Absorption only,0.0012565497308969047,0.0016228772792475155
2017,Absorption only,0.032637083902955,0.002255375393333878
2017,Absorption only,0.003304751589894305,0.003598416296468015
2017,Absorption only,-0.003970906138420098,0.0031802313374344176
2017,Absorption only,0.0008821170777081992,0.0020787572853713174
2017,Absorption only,0.006945209577679603,0.0033221629231919066
2017,Absorption only,0.036193499341607094,0.0025822427735010603
2017,Absorption only,0.0024167243391275024,0.0017649858370570707
2017,Absorption only,0.011950949206948305,-0.0005620196755678824
2017,Absorption only,-0.006629098206758499,0.0006290022348409651
2017,Absorption only,0.017160205170512203,-0.0011589464071888396
2017,Absorption only,4.56105917692011e-05,0.005927899417821901
2017,Absorption only,-0.0026879962533712977,0.0018709920962450201
2017,Absorption only,0.003084486350417099,0.00015772566018736013
2017,Absorption only,0.002416761592030501,0.0017099475288643287
2017,Absorption only,0.007472710683941803,0.0017485274362148675
2017,Absorption only,-0.0231274627149105,-0.0005678597532860833
2017,Absorption only,-0.0012860279530286962,0.002676568877252609
2017,Absorption only,-0.010453099384903897,-0.001405291503665677
2017,Absorption only,-0.0019747186452149963,0.0025038441544355155
2017,Absorption only,-0.0085248202085495,0.0003927445453319289
2017,Absorption only,-0.009901903569698299,2.729725781420696e-05
2017,Absorption only,0.005895050242543203,-0.002352799870430754
2017,Absorption only,-0.009137855842709597,-0.0004241584470079283
2017,Absorption only,0.0088841710239649,0.002281921201143882
2017,Absorption only,-0.0002570394426584001,0.003383926169363183
2017,Absorption only,0.028587052598595605,0.0006551940985468354
2017,Absorption only,-0.010455599054694197,-0.0006751048168384996
2017,Absorption only,0.0002818871289492035,0.001577749405970509
2017,Absorption only,-0.0027999263256787976,0.002216795485983339
2017,Absorption only,-0.013006899505853698,0.001539523442724103
2017,Absorption only,0.0174924340099096,0.002267763436978547
2017,Absorption only,0.0082744266837835,0.0007893389140133892
2017,All predictors,-0.008455494418740297,-0.002507796870901302
2017,All predictors,-0.0128995664417744,-0.0011789980211018847
2017,All predictors,0.0014267545193434004,0.0034532085637488663
2017,All predictors,-0.0017711278051137959,0.010372365323522315
2017,All predictors,-0.005654670298099497,0.015854786455796688
2017,All predictors,0.0173304844647646,-0.0016615216174794
2017,All predictors,-0.002475798130035397,0.007339918352966601
2017,All predictors,0.0068137925118208036,-0.004893533212344037
2017,All predictors,0.008083077147603004,0.015593015497843754
2017,All predictors,-0.004148209467530299,-0.0015891244167725027
2017,All predictors,-0.03586723911575974,-0.031685025277036316
2017,All predictors,0.0233115386217832,-0.004985852318904083
2017,All predictors,0.009690148755908002,0.013812390254316464
2017,All predictors,0.0014803651720285034,0.004264023428415309
2017,All predictors,-0.008662186563014998,0.009678878965950988
2017,All predictors,-0.008813375607132898,0.0012066239356722241
2017,All predictors,-0.012134021148085598,-0.012845356625725446
2017,All predictors,0.011316305026412,-0.0020232351167627782
2017,All predictors,0.002945797517895702,-0.0104505822655786
2017,All predictors,-0.005369380116462697,-0.002556966283432993
2017,All predictors,0.0016158912330866033,-0.0003670637203920246
2017,All predictors,0.010316709056496603,-0.0008107188703988522
2017,All predictors,-0.006891425698995597,0.0012568341192994992
2017,All predictors,-0.014431906864047099,-0.008640060043931752
2017,All predictors,-0.006132708862423897,-0.007664859559617043
2017,All predictors,0.002319050952792199,-0.00388151618229976
2017,All predictors,-0.0002221260219812983,0.003917555412275786
2017,All predictors,-0.005619393661618198,-0.0012558257746605461
2017,All predictors,0.009466556832194304,0.0121331621032294
2017,All predictors,0.027443641796708107,0.007598850437357307
2017,All predictors,0.0006134342402220015,-0.004559380567663418
2017,All predictors,0.0053686257451773,0.0033891169487056394
2017,All predictors,0.018858546391129508,0.017932806713013227
2017,All predictors,0.004757983610033999,0.01965872604792246
2017,All predictors,0.0031525921076536005,0.003545204518940026
2017,All predictors,0.017958557233214406,-0.0048912336206591855
2017,All predictors,0.007374634966254203,-0.0069039372699727375
2017,All predictors,0.008483013138175,0.0032664303699830866
2017,All predictors,-0.002042425796389597,-0.0007874545341617911
2017,All predictors,-0.0211342480033636,-0.008712570077520798
2017,All predictors,0.0169666912406683,0.006217004105694424
2017,All predictors,0.0017869677394628004,-0.002516055315671728
2017,All predictors,-0.003276726230978997,-0.004531678505816872
2017,All predictors,0.007101697847247099,0.005106406581151579
2017,All predictors,-0.009798925369978,-0.0002615940626841673
2017,All predictors,-0.015046911314129798,0.013039970291460035
2017,All predictors,-0.004774738103151297,0.0035688980743530663
2017,All predictors,0.0351595524698496,0.010190483022273822
2017,All predictors,-0.0076014250516891965,0.011143966229651858
2017,All predictors,-0.009411614388227497,-0.005735086967608771
2017,All predictors,-0.0014920439571141954,0.003528090061046041
2017,All predictors,-0.0028175134211778988,-0.004290967683949487
2017,All predictors,-0.0160152837634087,-0.009149130200207856
2017,All predictors,0.02648344449698921,-0.00984928626548559
2017,All predictors,-0.010437596589326897,0.00046526442899846865
2017,All predictors,-0.0060191620141267985,-0.0006726359429865547
2017,All predictors,-0.005061259493231798,0.005546847548653477
2017,All predictors,0.000351035967469205,0.0017376457669588952
2017,All predictors,-0.006184766069054597,0.002821801644815991
2017,All predictors,-0.007409790530800799,-0.004385051428495879
2017,All predictors,-0.0099574849009514,0.006901087237401293
2017,All predictors,-4.56105917692011e-05,0.009825483429777238
2017,All predictors,-0.001564906910061798,-0.013201475877314128
2017,All predictors,-0.005155155435204499,-0.0002673628110108628
2017,All predictors,0.007010826840996704,0.009094010679015163
2017,All predictors,0.004984186962246905,0.012405827081627574
2017,All predictors,0.007235901430249204,0.010323358888768841
2017,All predictors,0.0012565497308969047,0.00256386670420361
2017,All predictors,0.032637083902955,0.013038041597081329
2017,All predictors,0.003304751589894305,0.000833875974275422
2017,All predictors,-0.003970906138420098,0.0028663886034006048
2017,All predictors,0.0008821170777081992,0.008519670044188188
2017,All predictors,0.006945209577679603,0.0026358102529312477
2017,All predictors,0.036193499341607094,0.009514031015600444
2017,All predictors,0.0024167243391275024,0.0036830409975321388
2017,All predictors,0.011950949206948305,0.017817381593920878
2017,All predictors,-0.006629098206758499,-0.0002924342016502046
2017,All predictors,0.017160205170512203,0.013074970726684065
2017,All predictors,4.56105917692011e-05,0.0005804333861212374
2017,All predictors,-0.0026879962533712977,-0.014715704590121947
2017,All predictors,0.003084486350417099,0.008400238124607995
2017,All predictors,0.002416761592030501,-0.0011385600771148807
2017,All predictors,0.007472710683941803,0.006506752764976975
2017,All predictors,-0.0231274627149105,0.008923309175022487
2017,All predictors,-0.0012860279530286962,0.004561483813771139
2017,All predictors,-0.010453099384903897,-0.014240708607172137
2017,All predictors,-0.0019747186452149963,0.00807700240254916
2017,All predictors,-0.0085248202085495,-0.0008200477070243184
2017,All predictors,-0.009901903569698299,-0.009004300424856171
2017,All predictors,0.005895050242543203,0.017831100670391786
2017,All predictors,-0.009137855842709597,-0.006044319331732884
2017,All predictors,0.0088841710239649,0.006870608150337687
2017,All predictors,-0.0002570394426584001,-0.0005059034540275675
2017,All predictors,0.028587052598595605,0.008577455291367775
2017,All predictors,-0.010455599054694197,0.006704400511731878
2017,All predictors,0.0002818871289492035,0.006461001247961284
2017,All predictors,-0.0027999263256787976,0.0007464585989600536
2017,All predictors,-0.013006899505853698,-0.011417308311344632
2017,All predictors,0.0174924340099096,0.003923696930939247
2017,All predictors,0.0082744266837835,0.013959004723740953
2018,Excess crowding only,-0.003592247143387746,-0.000196572210470853
2018,Excess crowding only,-0.003397921100258848,-0.0010640854553170924
2018,Excess crowding only,0.021273391321301453,0.0004195738902594265
2018,Excess crowding only,-8.433125913144546e-05,0.0014318446676330598
2018,Excess crowding only,0.007371840998530353,0.003614995850703554
2018,Excess crowding only,0.00612797774374485,0.004862654681434571
2018,Excess crowding only,0.016075456514954553,0.005689991406890295
2018,Excess crowding only,0.011024156585335752,0.0002473962030137655
2018,Excess crowding only,0.004533903673291255,0.006793742710122241
2018,Excess crowding only,-0.002475360408425345,-0.0008676952456727198
2018,Excess crowding only,-0.03824276849627495,0.003182386692636373
2018,Excess crowding only,0.00283020921051505,0.001833829733834301
2018,Excess crowding only,0.0020365808159112514,0.0037521848256698077
2018,Excess crowding only,0.00198320858180525,-0.002050583035383154
2018,Excess crowding only,-0.011780610308051147,-0.0005006829248689688
2018,Excess crowding only,-0.014686673879623448,-0.00068482874791517
2018,Excess crowding only,0.0020691324025392532,0.00399992489227316
2018,Excess crowding only,0.011639146134257351,0.003496665670848231
2018,Excess crowding only,-0.003725012764334651,0.0014085984988737765
2018,Excess crowding only,-0.007734050974249847,-0.0017217082647590126
2018,Excess crowding only,-0.0005531478673219473,-0.001662582235913884
2018,Excess crowding only,0.02250142209231855,0.0046613358425964075
2018,Excess crowding only,0.0006989520043134551,0.000763871596389476
2018,Excess crowding only,8.804164826865107e-05,0.00047362352222411275
2018,Excess crowding only,0.0026238728314638485,-0.001109302435798935
2018,Excess crowding only,-0.007463745772838547,-0.001150652589162555
2018,Excess crowding only,-0.0022525135427713464,0.00045694116705892587
2018,Excess crowding only,0.004015004262328155,0.0038182753487745907
2018,Excess crowding only,0.00044758059084415436,0.0019342170096036055
2018,Excess crowding only,0.014082053676247555,0.00598111565377593
2018,Excess crowding only,-0.02143572084605695,0.0028683620693124292
2018,Excess crowding only,0.0014499332755804548,-0.001661212878851241
2018,Excess crowding only,0.01576505787670615,0.004784239068044796
2018,Excess crowding only,0.01615799032151695,0.0072505529438466765
2018,Excess crowding only,0.00490668974816795,-0.00020169809744623494
2018,Excess crowding only,0.012148408219218254,0.0008719328736278905
2018,Excess crowding only,-0.002281686291098546,0.0034091303541777668
2018,Excess crowding only,-0.0058834720402956495,0.0005872917549573237
2018,Excess crowding only,-0.007308144122362147,-0.0029613815091971683
2018,Excess crowding only,-0.00291423685848715,-0.0010310729679510102
2018,Excess crowding only,0.020516345277428655,0.003683167192705429
2018,Excess crowding only,0.00660610385239125,-0.00023766325335472678
2018,Excess crowding only,0.007612468674778952,0.004404569772371721
2018,Excess crowding only,0.0003655087202787538,0.004827659016427156
2018,Excess crowding only,-4.174001514915121e-05,0.0002720492232215336
2018,Excess crowding only,0.01335038803517815,0.002416161360495035
2018,Excess crowding only,0.0029148664325475485,-0.0005007357099526794
2018,Excess crowding only,0.022649308666586855,0.0035875592235634877
2018,Excess crowding only,0.000874741002917255,-0.002027053767069975
2018,Excess crowding only,-0.005272418260574348,0.0011821343499518082
2018,Excess crowding only,-0.011454170569777447,-0.003760686520095937
2018,Excess crowding only,-0.003869874402880648,0.0007091657271398529
2018,Excess crowding only,-0.0034291837364435473,0.001221713587971441
2018,Excess crowding only,0.0076768267899751524,0.0027843708422929277
2018,Excess crowding only,-0.007000219076871848,1.632379314729616e-05
2018,Excess crowding only,-0.00924596190452575,-0.001928871963385243
2018,Excess crowding only,-0.005750838667154347,-0.003747517894445225
2018,Excess crowding only,0.01400141231715675,0.0019724905552432844
2018,Excess crowding only,-0.01301809027791025,-0.003470654896449085
2018,Excess crowding only,-0.011419424787163748,-0.0004143333947315731
2018,Excess crowding only,-0.015233321115374548,-0.004934321182974252
2018,Excess crowding only,-0.008663225919008248,0.00385480538716944
2018,Excess crowding only,-0.0010651219636201512,0.0022247637890550334
2018,Excess crowding only,-0.0035766344517469476,-0.002178701845588293
2018,Excess crowding only,-0.004167469218373347,0.006347013276356002
2018,Excess crowding only,-0.00494033284485345,0.00656001239230452
2018,Excess crowding only,-0.005088822916150048,0.0026061902678642043
2018,Excess crowding only,4.174001514915121e-05,-0.0007206443227504668
2018,Excess crowding only,0.03312108479440215,0.0034834903888030407
2018,Excess crowding only,-0.003948690369725248,-0.0019079176525237333
2018,Excess crowding only,-0.0040976274758577486,-0.0005923294764317184
2018,Excess crowding only,-0.003959866240620648,-0.0015229493410596675
2018,Excess crowding only,0.015039606019854553,0.0034604608626795674
2018,Excess crowding only,-0.00330146960914135,-0.0016603012777093393
2018,Excess crowding only,0.00325041450560095,0.0035782722058504677
2018,Excess crowding only,0.015638107433915152,0.009451934584429295
2018,Excess crowding only,-0.010707337409257847,-0.002411317216500105
2018,Excess crowding only,0.012457059696316754,0.0038450574134010367
2018,Excess crowding only,-0.007726207375526449,0.0022276053072153054
2018,Excess crowding only,0.0007933806627988538,-3.1324280345172966e-05
2018,Excess crowding only,0.00025082565844054827,0.0008409736996092522
2018,Excess crowding only,-0.02103043068200345,-0.0031000179973098424
2018,Excess crowding only,-0.010258914902806247,0.00013676743861322873
2018,Excess crowding only,-0.021135726943612147,0.0005331569232176728
2018,Excess crowding only,0.010513676330447148,-0.0012355982544414307
2018,Excess crowding only,-0.017182732000947047,0.0022053642982667477
2018,Excess crowding only,0.008502671495079953,0.0011330917608958725
2018,Excess crowding only,-0.008433282375335648,-0.0018892842786372246
2018,Excess crowding only,0.00493464432656765,-0.0012073815599202217
2018,Excess crowding only,0.02397403307259085,0.011107101894465038
2018,Excess crowding only,-0.012268183752894447,-0.0010571804549030666
2018,Excess crowding only,0.0069648530334234515,0.0007009542509788583
2018,Excess crowding only,-0.012665444985032047,-0.00012013480910276475
2018,Excess crowding only,0.020164730027317952,0.00011102675486519484
2018,Excess crowding only,-0.0006746035069227496,0.0034704402847180434
2018,Excess crowding only,0.008351827040314654,0.0024605319942285053
2018,Excess crowding only,-0.004481075331568746,-0.00043334170997984354
2018,Excess crowding only,-0.0029541272670030455,-0.0007607573636475108
2018,Excess crowding only,0.007566189393401153,0.0021562843733993853
2018,Excess crowding only,0.008456511422991753,-0.0005273873210326461
2018,Supply growth only,-0.003592247143387746,0.0026217237235635483
2018,Supply growth only,-0.003397921100258848,0.0005321994036988679
2018,Supply growth only,0.021273391321301453,0.0017195651593663436
2018,Supply growth only,-8.433125913144546e-05,-3.309466950111211e-05
2018,Supply growth only,0.007371840998530353,0.0009487090316720201
2018,Supply growth only,0.00612797774374485,0.0007444338658493667
2018,Supply growth only,0.016075456514954553,0.0011670205753115269
2018,Supply growth only,0.011024156585335752,-0.0011959546696072507
2018,Supply growth only,0.004533903673291255,0.0026877937322552646
2018,Supply growth only,-0.002475360408425345,0.0005424000470222886
2018,Supply growth only,-0.03824276849627495,-0.003446049993181225
2018,Supply growth only,0.00283020921051505,0.0026877937322552646
2018,Supply growth only,0.0020365808159112514,-0.007681162195201922
2018,Supply growth only,0.00198320858180525,-0.0016723721053909977
2018,Supply growth only,-0.011780610308051147,-0.006034287648289796
2018,Supply growth only,-0.014686673879623448,0.0009275432938701017
2018,Supply growth only,0.0020691324025392532,-0.006725341415250663
2018,Supply growth only,0.011639146134257351,-0.0036022811288885363
2018,Supply growth only,-0.003725012764334651,-7.521740771385208e-05
2018,Supply growth only,-0.007734050974249847,0.00047738566402921474
2018,Supply growth only,-0.0005531478673219473,0.0013453292430891824
2018,Supply growth only,0.02250142209231855,0.00186168644457841
2018,Supply growth only,0.0006989520043134551,-0.0004977682157782048
2018,Supply growth only,8.804164826865107e-05,0.0009112725889020646
2018,Supply growth only,0.0026238728314638485,-0.001227147314423908
2018,Supply growth only,-0.007463745772838547,-0.002542845291335628
2018,Supply growth only,-0.0022525135427713464,0.0024933420410464943
2018,Supply growth only,0.004015004262328155,0.0020325441264100685
2018,Supply growth only,0.00044758059084415436,0.0018444263047626434
2018,Supply growth only,0.014082053676247555,0.0026877937322552646
2018,Supply growth only,-0.02143572084605695,-0.0017212319973588168
2018,Supply growth only,0.0014499332755804548,0.0004902537402154748
2018,Supply growth only,0.01576505787670615,0.002685685096996393
2018,Supply growth only,0.01615799032151695,0.0016773271095293038
2018,Supply growth only,0.00490668974816795,-0.0018669938644291146
2018,Supply growth only,0.012148408219218254,0.0014256418174196867
2018,Supply growth only,-0.002281686291098546,-0.000800327407250149
2018,Supply growth only,-0.0058834720402956495,0.0013535888092298754
2018,Supply growth only,-0.007308144122362147,0.0014970254152958152
2018,Supply growth only,-0.00291423685848715,0.001283309505796894
2018,Supply growth only,0.020516345277428655,0.0005180961048008984
2018,Supply growth only,0.00660610385239125,0.00034147375388094824
2018,Supply growth only,0.007612468674778952,0.0026877937322552646
2018,Supply growth only,0.0003655087202787538,-0.0006812533539888102
2018,Supply growth only,-4.174001514915121e-05,-0.0002424431760020872
2018,Supply growth only,0.01335038803517815,0.0008231640308209477
2018,Supply growth only,0.0029148664325475485,-0.00010985115311993275
2018,Supply growth only,0.022649308666586855,0.000868534084986721
2018,Supply growth only,0.000874741002917255,0.0006057632317499795
2018,Supply growth only,-0.005272418260574348,0.0013223079759491579
2018,Supply growth only,-0.011454170569777447,0.0015430420020737237
2018,Supply growth only,-0.003869874402880648,-0.0016894597764495144
2018,Supply growth only,-0.0034291837364435473,0.00012932201952036478
2018,Supply growth only,0.0076768267899751524,0.0024770782190462063
2018,Supply growth only,-0.007000219076871848,-0.0008239906822492559
2018,Supply growth only,-0.00924596190452575,-0.00023178274816299319
2018,Supply growth only,-0.005750838667154347,-0.000528497716298133
2018,Supply growth only,0.01400141231715675,-0.003084926914373318
2018,Supply growth only,-0.01301809027791025,0.0017093241899311155
2018,Supply growth only,-0.011419424787163748,0.0023172701746085153
2018,Supply growth only,-0.015233321115374548,0.0008224912925054151
2018,Supply growth only,-0.008663225919008248,-0.004703998257621106
2018,Supply growth only,-0.0010651219636201512,0.0014007042930677177
2018,Supply growth only,-0.0035766344517469476,-0.0006348509332382278
2018,Supply growth only,-0.004167469218373347,-0.0033743101862911584
2018,Supply growth only,-0.00494033284485345,-0.0009640171561978487
2018,Supply growth only,-0.005088822916150048,-0.0005531284798690108
2018,Supply growth only,4.174001514915121e-05,0.0002281067639235252
2018,Supply growth only,0.03312108479440215,-0.0007096984738122177
2018,Supply growth only,-0.003948690369725248,0.0013536393621938808
2018,Supply growth only,-0.0040976274758577486,-0.001552499087437835
2018,Supply growth only,-0.003959866240620648,0.00016962553009100241
2018,Supply growth only,0.015039606019854553,-0.0015783387653364686
2018,Supply growth only,-0.00330146960914135,-0.002032156757831053
2018,Supply growth only,0.00325041450560095,-0.0015803459892294283
2018,Supply growth only,0.015638107433915152,0.0009922297983309214
2018,Supply growth only,-0.010707337409257847,0.0015568571651741773
2018,Supply growth only,0.012457059696316754,0.001047344590937482
2018,Supply growth only,-0.007726207375526449,-0.004907200727717154
2018,Supply growth only,0.0007933806627988538,-0.0006861762408449357
2018,Supply growth only,0.00025082565844054827,0.0004990392258581132
2018,Supply growth only,-0.02103043068200345,0.0010471639959919769
2018,Supply growth only,-0.010258914902806247,-0.000880354765075521
2018,Supply growth only,-0.021135726943612147,0.0021772343412392843
2018,Supply growth only,0.010513676330447148,-0.0011968561729753433
2018,Supply growth only,-0.017182732000947047,0.0026877937322552646
2018,Supply growth only,0.008502671495079953,-0.0019029141774628837
2018,Supply growth only,-0.008433282375335648,0.0021241603192963835
2018,Supply growth only,0.00493464432656765,0.0005050713025277721
2018,Supply growth only,0.02397403307259085,-0.00011865887180429737
2018,Supply growth only,-0.012268183752894447,0.0019615908829111795
2018,Supply growth only,0.0069648530334234515,-0.0020732889778876788
2018,Supply growth only,-0.012665444985032047,0.0013957122021173657
2018,Supply growth only,0.020164730027317952,0.0022039751323129995
2018,Supply growth only,-0.0006746035069227496,0.0026877937322552646
2018,Supply growth only,0.008351827040314654,0.0005546892603927682
2018,Supply growth only,-0.004481075331568746,0.00015286720038017176
2018,Supply growth only,-0.0029541272670030455,0.00030244783127261277
2018,Supply growth only,0.007566189393401153,0.0021691530194506738
2018,Supply growth only,0.008456511422991753,-0.0010386885365028286
2018,Lagged rent growth only,-0.003592247143387746,0.0010355157195718492
2018,Lagged rent growth only,-0.003397921100258848,0.0027332478369707343
2018,Lagged rent growth only,0.021273391321301453,0.01214861672648247
2018,Lagged rent growth only,-8.433125913144546e-05,0.00723626973595735
2018,Lagged rent growth only,0.007371840998530353,-0.005171157195450406
2018,Lagged rent growth only,0.00612797774374485,0.0026188319337065607
2018,Lagged rent growth only,0.016075456514954553,0.007530916484903398
2018,Lagged rent growth only,0.011024156585335752,-0.011936794985749462
2018,Lagged rent growth only,0.004533903673291255,0.006873689420307555
2018,Lagged rent growth only,-0.002475360408425345,0.0025360348735902556
2018,Lagged rent growth only,-0.03824276849627495,0.0004087207882486921
2018,Lagged rent growth only,0.00283020921051505,0.0013963780768032567
2018,Lagged rent growth only,0.0020365808159112514,0.00925973810787305
2018,Lagged rent growth only,0.00198320858180525,-0.022851932975131464
2018,Lagged rent growth only,-0.011780610308051147,-0.003023650569559496
2018,Lagged rent growth only,-0.014686673879623448,0.0013723623303114052
2018,Lagged rent growth only,0.0020691324025392532,-0.001661198070794446
2018,Lagged rent growth only,0.011639146134257351,-0.002100057141593897
2018,Lagged rent growth only,-0.003725012764334651,0.00449246528485944
2018,Lagged rent growth only,-0.007734050974249847,-0.013327665778135928
2018,Lagged rent growth only,-0.0005531478673219473,-0.0006979661124406841
2018,Lagged rent growth only,0.02250142209231855,0.003437180184158402
2018,Lagged rent growth only,0.0006989520043134551,0.0008904211684231475
2018,Lagged rent growth only,8.804164826865107e-05,-0.0015179514237509348
2018,Lagged rent growth only,0.0026238728314638485,-0.004064846118070923
2018,Lagged rent growth only,-0.007463745772838547,-0.007809325198749623
2018,Lagged rent growth only,-0.0022525135427713464,0.005071603909520109
2018,Lagged rent growth only,0.004015004262328155,0.0019365189816685803
2018,Lagged rent growth only,0.00044758059084415436,0.0009396145287242652
2018,Lagged rent growth only,0.014082053676247555,0.019475696003971785
2018,Lagged rent growth only,-0.02143572084605695,-0.0031941577833333006
2018,Lagged rent growth only,0.0014499332755804548,0.0005746499645168828
2018,Lagged rent growth only,0.01576505787670615,0.010251159999413331
2018,Lagged rent growth only,0.01615799032151695,-0.0027622960329734287
2018,Lagged rent growth only,0.00490668974816795,0.00684721489758478
2018,Lagged rent growth only,0.012148408219218254,0.009248172941746433
2018,Lagged rent growth only,-0.002281686291098546,0.0008154431441189656
2018,Lagged rent growth only,-0.0058834720402956495,0.0019461133048784926
2018,Lagged rent growth only,-0.007308144122362147,0.000491085970052925
2018,Lagged rent growth only,-0.00291423685848715,-0.009617994275982578
2018,Lagged rent growth only,0.020516345277428655,0.003443565358494859
2018,Lagged rent growth only,0.00660610385239125,0.0038153616260900303
2018,Lagged rent growth only,0.007612468674778952,0.0031638763772831808
2018,Lagged rent growth only,0.0003655087202787538,0.0033353664645607095
2018,Lagged rent growth only,-4.174001514915121e-05,-0.0024042555355096125
2018,Lagged rent growth only,0.01335038803517815,0.006059582240359743
2018,Lagged rent growth only,0.0029148664325475485,0.0034256290317822968
2018,Lagged rent growth only,0.022649308666586855,0.007404381235377633
2018,Lagged rent growth only,0.000874741002917255,-0.004893009089809356
2018,Lagged rent growth only,-0.005272418260574348,0.002940316288912086
2018,Lagged rent growth only,-0.011454170569777447,-0.0125834177816136
2018,Lagged rent growth only,-0.003869874402880648,-0.002224633013998857
2018,Lagged rent growth only,-0.0034291837364435473,-0.003235346744122027
2018,Lagged rent growth only,0.0076768267899751524,0.009407730957428645
2018,Lagged rent growth only,-0.007000219076871848,-0.008210151269080602
2018,Lagged rent growth only,-0.00924596190452575,-0.0039337927079736565
2018,Lagged rent growth only,-0.005750838667154347,-0.010264109660613599
2018,Lagged rent growth only,0.01400141231715675,-0.010133588414730683
2018,Lagged rent growth only,-0.01301809027791025,0.00012993569394679084
2018,Lagged rent growth only,-0.011419424787163748,-0.00831834936677895
2018,Lagged rent growth only,-0.015233321115374548,-0.016556135791624585
2018,Lagged rent growth only,-0.008663225919008248,-0.004172884490862573
2018,Lagged rent growth only,-0.0010651219636201512,0.0014689119756157408
2018,Lagged rent growth only,-0.0035766344517469476,-0.003915843641487871
2018,Lagged rent growth only,-0.004167469218373347,-0.010024144088529146
2018,Lagged rent growth only,-0.00494033284485345,0.008075079336173428
2018,Lagged rent growth only,-0.005088822916150048,-0.002418883980106332
2018,Lagged rent growth only,4.174001514915121e-05,-0.0035012156193476307
2018,Lagged rent growth only,0.03312108479440215,0.009061542907977524
2018,Lagged rent growth only,-0.003948690369725248,-0.008354059667719169
2018,Lagged rent growth only,-0.0040976274758577486,-0.00453785797291121
2018,Lagged rent growth only,-0.003959866240620648,-0.0001402940056511009
2018,Lagged rent growth only,0.015039606019854553,-0.0013762399193801209
2018,Lagged rent growth only,-0.00330146960914135,0.009281586818940639
2018,Lagged rent growth only,0.00325041450560095,0.003993536272374644
2018,Lagged rent growth only,0.015638107433915152,0.014374051271166054
2018,Lagged rent growth only,-0.010707337409257847,0.00476998723064686
2018,Lagged rent growth only,0.012457059696316754,0.010476939356278865
2018,Lagged rent growth only,-0.007726207375526449,-0.0010230341658522336
2018,Lagged rent growth only,0.0007933806627988538,-0.004490547551091594
2018,Lagged rent growth only,0.00025082565844054827,-0.0016667889202708396
2018,Lagged rent growth only,-0.02103043068200345,-0.04030994745022216
2018,Lagged rent growth only,-0.010258914902806247,-0.03770282420404026
2018,Lagged rent growth only,-0.021135726943612147,-0.0035130075534375374
2018,Lagged rent growth only,0.010513676330447148,-0.015846825986161953
2018,Lagged rent growth only,-0.017182732000947047,0.007355678356345376
2018,Lagged rent growth only,0.008502671495079953,0.0066685663317364976
2018,Lagged rent growth only,-0.008433282375335648,0.0012398814286251527
2018,Lagged rent growth only,0.00493464432656765,-0.002143922728735581
2018,Lagged rent growth only,0.02397403307259085,0.005130879526345357
2018,Lagged rent growth only,-0.012268183752894447,0.0019724808135062645
2018,Lagged rent growth only,0.0069648530334234515,0.006499608911374579
2018,Lagged rent growth only,-0.012665444985032047,0.004381244516718139
2018,Lagged rent growth only,0.020164730027317952,0.010642264667296548
2018,Lagged rent growth only,-0.0006746035069227496,-0.00400016437848094
2018,Lagged rent growth only,0.008351827040314654,0.008594496451946234
2018,Lagged rent growth only,-0.004481075331568746,-0.019935431343243718
2018,Lagged rent growth only,-0.0029541272670030455,-0.0004875451891772132
2018,Lagged rent growth only,0.007566189393401153,0.007277923698468493
2018,Lagged rent growth only,0.008456511422991753,0.00018433962149376492
2018,Occupancy only,-0.003592247143387746,0.004091223479489148
2018,Occupancy only,-0.003397921100258848,0.002299248896318995
2018,Occupancy only,0.021273391321301453,0.004842562005257844
2018,Occupancy only,-8.433125913144546e-05,0.013161069087157695
2018,Occupancy only,0.007371840998530353,0.011400727575573033
2018,Occupancy only,0.00612797774374485,-0.004426753589975185
2018,Occupancy only,0.016075456514954553,-0.007053737470660182
2018,Occupancy only,0.011024156585335752,-0.0011902020710872208
2018,Occupancy only,0.004533903673291255,0.013743910200300191
2018,Occupancy only,-0.002475360408425345,0.0024493703486437313
2018,Occupancy only,-0.03824276849627495,-0.029868754205771175
2018,Occupancy only,0.00283020921051505,-0.005468191679019574
2018,Occupancy only,0.0020365808159112514,0.010068883264094441
2018,Occupancy only,0.00198320858180525,0.00869884809288718
2018,Occupancy only,-0.011780610308051147,0.001087025245547546
2018,Occupancy only,-0.014686673879623448,0.009356844288855803
2018,Occupancy only,0.0020691324025392532,-0.018993959973641228
2018,Occupancy only,0.011639146134257351,-0.0056505831104111115
2018,Occupancy only,-0.003725012764334651,-0.0016823664301856
2018,Occupancy only,-0.007734050974249847,0.001832749549811774
2018,Occupancy only,-0.0005531478673219473,0.0049839554661679775
2018,Occupancy only,0.02250142209231855,-0.002238740499093117
2018,Occupancy only,0.0006989520043134551,0.00322318934959559
2018,Occupancy only,8.804164826865107e-05,-0.013696257898535624
2018,Occupancy only,0.0026238728314638485,-0.005595856245327324
2018,Occupancy only,-0.007463745772838547,-0.00025427832149088614
2018,Occupancy only,-0.0022525135427713464,0.00634837641587116
2018,Occupancy only,0.004015004262328155,-0.0008750744027019586
2018,Occupancy only,0.00044758059084415436,0.015352502607107299
2018,Occupancy only,0.014082053676247555,0.0051020900094181365
2018,Occupancy only,-0.02143572084605695,0.006741301153672774
2018,Occupancy only,0.0014499332755804548,-0.0005367349949876865
2018,Occupancy only,0.01576505787670615,0.016885586093598415
2018,Occupancy only,0.01615799032151695,0.0102031763860434
2018,Occupancy only,0.00490668974816795,0.0004072326602095888
2018,Occupancy only,0.012148408219218254,0.003527206520802295
2018,Occupancy only,-0.002281686291098546,-0.0014725879770862704
2018,Occupancy only,-0.0058834720402956495,0.008017758103419925
2018,Occupancy only,-0.007308144122362147,0.009573982561741856
2018,Occupancy only,-0.00291423685848715,-0.010591050855848938
2018,Occupancy only,0.020516345277428655,-0.00031145845983676645
2018,Occupancy only,0.00660610385239125,-0.005683867423615041
2018,Occupancy only,0.007612468674778952,-0.002806343011009682
2018,Occupancy only,0.0003655087202787538,-0.0008109354603901275
2018,Occupancy only,-4.174001514915121e-05,-0.0030904037477935686
2018,Occupancy only,0.01335038803517815,0.005154269244575516
2018,Occupancy only,0.0029148664325475485,0.002650255686166725
2018,Occupancy only,0.022649308666586855,0.0033444848410873473
2018,Occupancy only,0.000874741002917255,0.008180641294542101
2018,Occupancy only,-0.005272418260574348,-0.00990236515493459
2018,Occupancy only,-0.011454170569777447,0.011458167194745017
2018,Occupancy only,-0.003869874402880648,-0.0024367007800341067
2018,Occupancy only,-0.0034291837364435473,-0.016044913209771194
2018,Occupancy only,0.0076768267899751524,-0.016013563208177706
2018,Occupancy only,-0.007000219076871848,0.008053920294874173
2018,Occupancy only,-0.00924596190452575,0.007839376830246214
2018,Occupancy only,-0.005750838667154347,0.00987465007137922
2018,Occupancy only,0.01400141231715675,-0.004035055488804173
2018,Occupancy only,-0.01301809027791025,0.009076557818629372
2018,Occupancy only,-0.011419424787163748,0.0029111046836219345
2018,Occupancy only,-0.015233321115374548,0.018950911932195558
2018,Occupancy only,-0.008663225919008248,-0.0010705106428825495
2018,Occupancy only,-0.0010651219636201512,-0.015018383473628494
2018,Occupancy only,-0.0035766344517469476,0.005054015289141678
2018,Occupancy only,-0.004167469218373347,-0.0001467824920998173
2018,Occupancy only,-0.00494033284485345,0.009466463143185111
2018,Occupancy only,-0.005088822916150048,0.0031853051490248196
2018,Occupancy only,4.174001514915121e-05,0.005771409005058736
2018,Occupancy only,0.03312108479440215,0.003218046911411032
2018,Occupancy only,-0.003948690369725248,0.005402073433241339
2018,Occupancy only,-0.0040976274758577486,0.005655680556739373
2018,Occupancy only,-0.003959866240620648,0.012253806174232329
2018,Occupancy only,0.015039606019854553,-0.0013863695754133265
2018,Occupancy only,-0.00330146960914135,0.0059911892645355125
2018,Occupancy only,0.00325041450560095,-0.0014319910224273036
2018,Occupancy only,0.015638107433915152,0.010140641507018988
2018,Occupancy only,-0.010707337409257847,0.011004830602856897
2018,Occupancy only,0.012457059696316754,0.010920192675304918
2018,Occupancy only,-0.007726207375526449,-0.002120629545009467
2018,Occupancy only,0.0007933806627988538,-0.009910833665523255
2018,Occupancy only,0.00025082565844054827,0.009306009636159407
2018,Occupancy only,-0.02103043068200345,0.009361632889550442
2018,Occupancy only,-0.010258914902806247,0.006960420916501953
2018,Occupancy only,-0.021135726943612147,0.010793990637288586
2018,Occupancy only,0.010513676330447148,0.004170553844694391
2018,Occupancy only,-0.017182732000947047,-0.013650707219019897
2018,Occupancy only,0.008502671495079953,0.005722249183147621
2018,Occupancy only,-0.008433282375335648,0.008983710861314831
2018,Occupancy only,0.00493464432656765,-0.00934386806108839
2018,Occupancy only,0.02397403307259085,0.01351511887941742
2018,Occupancy only,-0.012268183752894447,0.007449046900702305
2018,Occupancy only,0.0069648530334234515,0.00039246584230312465
2018,Occupancy only,-0.012665444985032047,0.0037689954721423224
2018,Occupancy only,0.020164730027317952,0.003909020761425797
2018,Occupancy only,-0.0006746035069227496,0.007954020176930199
2018,Occupancy only,0.008351827040314654,0.0037023088999045273
2018,Occupancy only,-0.004481075331568746,0.004302535228377313
2018,Occupancy only,-0.0029541272670030455,-0.006998703946418605
2018,Occupancy only,0.007566189393401153,0.00043124643118153116
2018,Occupancy only,0.008456511422991753,0.011808513487945038
2018,Absorption only,-0.003592247143387746,-0.00130291816374911
2018,Absorption only,-0.003397921100258848,0.0010545483768356822
2018,Absorption only,0.021273391321301453,0.0013484810598687778
2018,Absorption only,-8.433125913144546e-05,0.003290491136101953
2018,Absorption only,0.007371840998530353,-0.0014688479041710188
2018,Absorption only,0.00612797774374485,0.002356543740012925
2018,Absorption only,0.016075456514954553,0.0002925357974885936
2018,Absorption only,0.011024156585335752,0.006717335346624893
2018,Absorption only,0.004533903673291255,-0.00021663146312034883
2018,Absorption only,-0.002475360408425345,0.0022258543158901454
2018,Absorption only,-0.03824276849627495,0.0009554646175551711
2018,Absorption only,0.00283020921051505,0.0008208244853271079
2018,Absorption only,0.0020365808159112514,0.012809801329944743
2018,Absorption only,0.00198320858180525,0.005203424000680242
2018,Absorption only,-0.011780610308051147,0.00725636996050978
2018,Absorption only,-0.014686673879623448,0.003198518651410952
2018,Absorption only,0.0020691324025392532,0.009416617152478816
2018,Absorption only,0.011639146134257351,0.0065259630460049595
2018,Absorption only,-0.003725012764334651,0.004490084145190247
2018,Absorption only,-0.007734050974249847,0.0017065732425316778
2018,Absorption only,-0.0005531478673219473,0.0017800564132899512
2018,Absorption only,0.02250142209231855,0.00033599358664671247
2018,Absorption only,0.0006989520043134551,0.0030430187803869926
2018,Absorption only,8.804164826865107e-05,0.00183410210017023
2018,Absorption only,0.0026238728314638485,0.003627881608293167
2018,Absorption only,-0.007463745772838547,0.005902857363639639
2018,Absorption only,-0.0022525135427713464,-0.0012235879449950169
2018,Absorption only,0.004015004262328155,0.0023047104496716044
2018,Absorption only,0.00044758059084415436,-0.00020730779199187974
2018,Absorption only,0.014082053676247555,0.002024368202520685
2018,Absorption only,-0.02143572084605695,0.006109558411708075
2018,Absorption only,0.0014499332755804548,0.001577148045002589
2018,Absorption only,0.01576505787670615,-0.000331518054821994
2018,Absorption only,0.01615799032151695,-0.0012886956145700896
2018,Absorption only,0.00490668974816795,0.0025799957904477614
2018,Absorption only,0.012148408219218254,0.004103704892493516
2018,Absorption only,-0.002281686291098546,0.005534809396551425
2018,Absorption only,-0.0058834720402956495,0.0005943698967322559
2018,Absorption only,-0.007308144122362147,0.0017701006288646367
2018,Absorption only,-0.00291423685848715,0.0007449708897056644
2018,Absorption only,0.020516345277428655,0.0025194709422748183
2018,Absorption only,0.00660610385239125,0.001407741681448031
2018,Absorption only,0.007612468674778952,0.000996077896877486
2018,Absorption only,0.0003655087202787538,0.0020374845534302266
2018,Absorption only,-4.174001514915121e-05,0.002527372358485385
2018,Absorption only,0.01335038803517815,0.0003307786519477381
2018,Absorption only,0.0029148664325475485,0.0008811913051758407
2018,Absorption only,0.022649308666586855,0.001850220989239787
2018,Absorption only,0.000874741002917255,0.00022410953310508254
2018,Absorption only,-0.005272418260574348,0.00014967819240154097
2018,Absorption only,-0.011454170569777447,-0.0001583190114863638
2018,Absorption only,-0.003869874402880648,0.003454366508309114
2018,Absorption only,-0.0034291837364435473,-8.436175575545586e-05
2018,Absorption only,0.0076768267899751524,-0.0010808883682321753
2018,Absorption only,-0.007000219076871848,0.004621405682609872
2018,Absorption only,-0.00924596190452575,0.003370295439828681
2018,Absorption only,-0.005750838667154347,0.002337264284459141
2018,Absorption only,0.01400141231715675,0.007057886385300334
2018,Absorption only,-0.01301809027791025,0.00020024725614916999
2018,Absorption only,-0.011419424787163748,2.3729618005101632e-05
2018,Absorption only,-0.015233321115374548,0.0019056889310379672
2018,Absorption only,-0.008663225919008248,0.005256205460966831
2018,Absorption only,-0.0010651219636201512,0.0018691843881451478
2018,Absorption only,-0.0035766344517469476,0.003987870130846604
2018,Absorption only,-0.004167469218373347,0.004441253393008941
2018,Absorption only,-0.00494033284485345,0.001389410395839515
2018,Absorption only,-0.005088822916150048,-0.0003474789155673395
2018,Absorption only,4.174001514915121e-05,0.0023751910822698633
2018,Absorption only,0.03312108479440215,0.0036457388089290495
2018,Absorption only,-0.003948690369725248,0.002296334948488404
2018,Absorption only,-0.0040976274758577486,0.004466063839910123
2018,Absorption only,-0.003959866240620648,0.002107175044407428
2018,Absorption only,0.015039606019854553,0.00566850135883422
2018,Absorption only,-0.00330146960914135,0.0020324276470554633
2018,Absorption only,0.00325041450560095,0.0031744983461308284
2018,Absorption only,0.015638107433915152,0.000180335687298541
2018,Absorption only,-0.010707337409257847,0.002036378355160747
2018,Absorption only,0.012457059696316754,0.0001161761876687364
2018,Absorption only,-0.007726207375526449,0.007092336559978407
2018,Absorption only,0.0007933806627988538,0.004543971803746313
2018,Absorption only,0.00025082565844054827,0.0009380815018919238
2018,Absorption only,-0.02103043068200345,0.0012463947624282508
2018,Absorption only,-0.010258914902806247,0.002550602522144452
2018,Absorption only,-0.021135726943612147,-0.0029816530518461913
2018,Absorption only,0.010513676330447148,0.0035150493848062694
2018,Absorption only,-0.017182732000947047,-0.0016904036147153195
2018,Absorption only,0.008502671495079953,0.0037715293550012767
2018,Absorption only,-0.008433282375335648,0.001349587258138257
2018,Absorption only,0.00493464432656765,0.0012302758733586938
2018,Absorption only,0.02397403307259085,0.0025836304419046227
2018,Absorption only,-0.012268183752894447,0.0009861221124521711
2018,Absorption only,0.0069648530334234515,0.003343904709685387
2018,Absorption only,-0.012665444985032047,0.001317191451674932
2018,Absorption only,0.020164730027317952,4.3167101883096566e-05
2018,Absorption only,-0.0006746035069227496,-0.0020906893599426475
2018,Absorption only,0.008351827040314654,0.0027449773609244024
2018,Absorption only,-0.004481075331568746,0.002650950508018654
2018,Absorption only,-0.0029541272670030455,0.00408995642828713
2018,Absorption only,0.007566189393401153,0.00011522801772346851
2018,Absorption only,0.008456511422991753,0.002320987367065373
2018,All predictors,-0.003592247143387746,0.0013030709320183687
2018,All predictors,-0.003397921100258848,0.0024574898814213597
2018,All predictors,0.021273391321301453,0.015115138702028685
2018,All predictors,-8.433125913144546e-05,0.019091180036835076
2018,All predictors,0.007371840998530353,0.0008133246021347351
2018,All predictors,0.00612797774374485,0.002067873694364286
2018,All predictors,0.016075456514954553,0.0013190674043954131
2018,All predictors,0.011024156585335752,-0.004238592321404666
2018,All predictors,0.004533903673291255,0.01867471362263151
2018,All predictors,-0.002475360408425345,0.004614303629076277
2018,All predictors,-0.03824276849627495,-0.02858936695078057
2018,All predictors,0.00283020921051505,-0.0011842252474414394
2018,All predictors,0.0020365808159112514,0.02630806449281936
2018,All predictors,0.00198320858180525,-0.009961133843291003
2018,All predictors,-0.011780610308051147,-0.0006704483845807463
2018,All predictors,-0.014686673879623448,0.01140696427539667
2018,All predictors,0.0020691324025392532,-0.01054448942747982
2018,All predictors,0.011639146134257351,-0.0016811265537388098
2018,All predictors,-0.003725012764334651,0.007190120679856138
2018,All predictors,-0.007734050974249847,-0.010638929315669954
2018,All predictors,-0.0005531478673219473,0.003821304568383699
2018,All predictors,0.02250142209231855,0.0022397647872616777
2018,All predictors,0.0006989520043134551,0.004577530393829798
2018,All predictors,8.804164826865107e-05,-0.011198019029047268
2018,All predictors,0.0026238728314638485,-0.007212534854158459
2018,All predictors,-0.007463745772838547,-0.0038325630109352082
2018,All predictors,-0.0022525135427713464,0.006723380323458483
2018,All predictors,0.004015004262328155,0.005486900837709752
2018,All predictors,0.00044758059084415436,0.011880502482948585
2018,All predictors,0.014082053676247555,0.026239298039442138
2018,All predictors,-0.02143572084605695,0.008643615329139709
2018,All predictors,0.0014499332755804548,-0.0009498394683568057
2018,All predictors,0.01576505787670615,0.022987399200675773
2018,All predictors,0.01615799032151695,0.004652624262835858
2018,All predictors,0.00490668974816795,0.004353730323819083
2018,All predictors,0.012148408219218254,0.01639057231509855
2018,All predictors,-0.002281686291098546,0.005969755519188935
2018,All predictors,-0.0058834720402956495,0.007214180547519211
2018,All predictors,-0.007308144122362147,0.008102634507844264
2018,All predictors,-0.00291423685848715,-0.01767020383182627
2018,All predictors,0.020516345277428655,0.005525127531230578
2018,All predictors,0.00660610385239125,-0.002196744203474821
2018,All predictors,0.007612468674778952,0.003747958565369136
2018,All predictors,0.0003655087202787538,0.0030351385132826314
2018,All predictors,-4.174001514915121e-05,-0.003962671663368944
2018,All predictors,0.01335038803517815,0.007986967357121233
2018,All predictors,0.0029148664325475485,0.0023781559938044206
2018,All predictors,0.022649308666586855,0.010968799014432928
2018,All predictors,0.000874741002917255,-0.001142779485675316
2018,All predictors,-0.005272418260574348,-0.00665503392832234
2018,All predictors,-0.011454170569777447,-0.005198787490235002
2018,All predictors,-0.003869874402880648,-0.003371746145603982
2018,All predictors,-0.0034291837364435473,-0.018698489209945657
2018,All predictors,0.0076768267899751524,-0.006045582567358376
2018,All predictors,-0.007000219076871848,0.0028056153480409685
2018,All predictors,-0.00924596190452575,0.004001808292780462
2018,All predictors,-0.005750838667154347,-0.0027299745039389145
2018,All predictors,0.01400141231715675,-0.006159569255653585
2018,All predictors,-0.01301809027791025,0.004652210902127585
2018,All predictors,-0.011419424787163748,-0.005626856324964624
2018,All predictors,-0.015233321115374548,-0.00036126510102785225
2018,All predictors,-0.008663225919008248,-0.003439346933541698
2018,All predictors,-0.0010651219636201512,-0.00830128636215749
2018,All predictors,-0.0035766344517469476,0.00230369759118082
2018,All predictors,-0.004167469218373347,-0.006363439700730111
2018,All predictors,-0.00494033284485345,0.014275733101681398
2018,All predictors,-0.005088822916150048,-0.0037023464532647266
2018,All predictors,4.174001514915121e-05,0.0020385141373987503
2018,All predictors,0.03312108479440215,0.013370392890033167
2018,All predictors,-0.003948690369725248,-0.0014738795122100634
2018,All predictors,-0.0040976274758577486,0.0025294342799695446
2018,All predictors,-0.003959866240620648,0.009097829983448769
2018,All predictors,0.015039606019854553,0.0034139086390461704
2018,All predictors,-0.00330146960914135,0.009014651835425713
2018,All predictors,0.00325041450560095,0.0034597878239747692
2018,All predictors,0.015638107433915152,0.021702191369352863
2018,All predictors,-0.010707337409257847,0.013623779806850034
2018,All predictors,0.012457059696316754,0.016738922998654315
2018,All predictors,-0.007726207375526449,0.0007876910039610885
2018,All predictors,0.0007933806627988538,-0.008165633672122696
2018,All predictors,0.00025082565844054827,0.004761663451732512
2018,All predictors,-0.02103043068200345,-0.02813534210602936
2018,All predictors,-0.010258914902806247,-0.026736202936575082
2018,All predictors,-0.021135726943612147,-0.000592417308243165
2018,All predictors,0.010513676330447148,-0.009694788333405646
2018,All predictors,-0.017182732000947047,-0.0069709827854090856
2018,All predictors,0.008502671495079953,0.01102134992281445
2018,All predictors,-0.008433282375335648,0.008773898325178608
2018,All predictors,0.00493464432656765,-0.010602690999278241
2018,All predictors,0.02397403307259085,0.020070058938594426
2018,All predictors,-0.012268183752894447,0.007646015707027831
2018,All predictors,0.0069648530334234515,0.005513418431193351
2018,All predictors,-0.012665444985032047,0.0070050751263907585
2018,All predictors,0.020164730027317952,0.011272953844720712
2018,All predictors,-0.0006746035069227496,0.0002209863946431856
2018,All predictors,0.008351827040314654,0.01300267713183334
2018,All predictors,-0.004481075331568746,-0.012490390600173096
2018,All predictors,-0.0029541272670030455,-0.0022888857901437465
2018,All predictors,0.007566189393401153,0.006594814707552188
2018,All predictors,0.008456511422991753,0.00820006851132199
2019,Excess crowding only,0.0009955801069737001,0.0011909847988983827
2019,Excess crowding only,0.005959989503025998,-0.0021567754196752257
2019,Excess crowding only,0.033491862937808,0.00161697398299018
2019,Excess crowding only,0.0191274639219046,0.0016585851630955832
2019,Excess crowding only,-0.0171536114066839,0.002536922629803008
2019,Excess crowding only,0.005625421181321203,0.0041007864430402585
2019,Excess crowding only,0.0199890527874231,0.008186807591062484
2019,Excess crowding only,-0.03693729545921086,-0.0006776504344703629
2019,Excess crowding only,0.018067227676510804,0.008463067862243058
2019,Excess crowding only,0.005383310839533802,-0.00027930049239073605
2019,Excess crowding only,-0.0008372571319342006,0.0033084496881189795
2019,Excess crowding only,0.002050792798399901,0.0011399600311233088
2019,Excess crowding only,0.025044372305274003,0.006991473368359765
2019,Excess crowding only,-0.06885470636188981,-0.002277276147100822
2019,Excess crowding only,-0.010873997583985301,0.00026401702456805957
2019,Excess crowding only,0.0019805673509836023,-0.0013885785274885864
2019,Excess crowding only,-0.0068899933248758,0.005199448651468126
2019,Excess crowding only,-0.008173279464244801,0.002971119015875371
2019,Excess crowding only,0.011104190722107898,0.0009403008973486247
2019,Excess crowding only,-0.0410043988376856,-0.0033809856930815587
2019,Excess crowding only,-0.0040733665227890015,-0.0024909227925424306
2019,Excess crowding only,0.008018387481570303,0.005192850331995992
2019,Excess crowding only,0.0005713030695915014,0.00018171502808048785
2019,Excess crowding only,-0.0064711198210716005,1.3267273549766138e-05
2019,Excess crowding only,-0.013918600976467101,-0.0026579912082334276
2019,Excess crowding only,-0.02486798865720629,-0.0015404193413885076
2019,Excess crowding only,0.012797674164175998,7.207190594282764e-05
2019,Excess crowding only,0.003630241379141797,0.006055659401944078
2019,Excess crowding only,0.0007151514291762993,-0.0007162593315320414
2019,Excess crowding only,0.0549172814935446,0.006341602457710359
2019,Excess crowding only,-0.011372584849596,0.003986614030766647
2019,Excess crowding only,-0.0003520566970110009,-0.0015034014342277086
2019,Excess crowding only,0.027943430468440104,0.00241067031147419
2019,Excess crowding only,-0.0101097598671913,0.0026153070354183816
2019,Excess crowding only,0.017989812418818495,0.0014061871527821686
2019,Excess crowding only,0.025010554119944593,0.002776438106238185
2019,Excess crowding only,0.0003520566970110009,0.0023330322329586993
2019,Excess crowding only,0.0036582965403795,-0.0023066276030538914
2019,Excess crowding only,-0.0005964096635579993,-0.004008505877992597
2019,Excess crowding only,-0.030156793451169495,-0.0028587441561841605
2019,Excess crowding only,0.008037058636546097,0.0011616144448613377
2019,Excess crowding only,0.009124243631959,-0.0011120961497949299
2019,Excess crowding only,0.007219208404421803,0.004748334827478803
2019,Excess crowding only,0.007720669731497803,0.004517164165398748
2019,Excess crowding only,-0.0090627986937761,-0.0009867563417024178
2019,Excess crowding only,0.015686662867665298,0.0018999603741868994
2019,Excess crowding only,0.0079846102744341,0.0006789314275134615
2019,Excess crowding only,0.019619045779108994,0.005488536244534757
2019,Excess crowding only,-0.0163402669131756,-0.001151114573674112
2019,Excess crowding only,0.006565487012267102,0.0018359019377568058
2019,Excess crowding only,-0.03882811218500136,-0.004796111541069506
2019,Excess crowding only,-0.0085375569760799,0.00018160825973581704
2019,Excess crowding only,-0.0114930272102356,0.0038547998406545225
2019,Excess crowding only,0.0254771243780851,0.003799892557199763
2019,Excess crowding only,-0.02604006091132759,-0.0005768927066977964
2019,Excess crowding only,-0.013535382226109501,-0.0025789652516987733
2019,Excess crowding only,-0.03204612643457948,-0.0047705714611889554
2019,Excess crowding only,-0.03166446380782871,0.0017112548481868722
2019,Excess crowding only,-0.0016524642705917011,-0.004254182533621018
2019,Excess crowding only,-0.02635644748806952,-0.00044274088896039266
2019,Excess crowding only,-0.0504449028521776,-0.006352063953415436
2019,Excess crowding only,-0.0142345204949379,0.00471857370354252
2019,Excess crowding only,0.0022628922015428994,0.002929423302614611
2019,Excess crowding only,-0.013482896611094499,-0.0029978132126151666
2019,Excess crowding only,-0.03134443308226763,0.006260957317454767
2019,Excess crowding only,0.021580262109637295,0.007825810343279569
2019,Excess crowding only,-0.009105574339628199,0.004319795989543294
2019,Excess crowding only,-0.012270465493202199,-0.0025314676916026093
2019,Excess crowding only,0.0244648214429617,0.003770527799382576
2019,Excess crowding only,-0.0264608694706112,-0.0030515928697940706
2019,Excess crowding only,-0.0153017546981573,-0.002255403531493284
2019,Excess crowding only,-0.0024426542222499986,-0.002151192752202623
2019,Excess crowding only,-0.006056735292077099,0.0021301784590699348
2019,Excess crowding only,0.025108261033892597,-0.0001440376041954688
2019,Excess crowding only,0.009645251557231001,0.00333992072355684
2019,Excess crowding only,0.039999349042773295,0.010937825897841364
2019,Excess crowding only,0.011915704235434501,-0.004626632802233504
2019,Excess crowding only,0.028603641316294705,0.003567721042557521
2019,Excess crowding only,-0.005023911595344502,0.0019663002875088707
2019,Excess crowding only,-0.015163412317633601,-0.0004207741625873574
2019,Excess crowding only,-0.0069063417613506005,0.0008076772345358387
2019,Excess crowding only,-0.1199044156819582,-0.004193743885670524
2019,Excess crowding only,-0.1122808177024126,-0.0014918355052974896
2019,Excess crowding only,-0.0123049467802048,0.0007587765013806983
2019,Excess crowding only,-0.0483707804232836,-0.0032387768649891563
2019,Excess crowding only,0.019476631656289094,0.0014409415775731176
2019,Excess crowding only,0.017467418685555507,0.0001467106250528066
2019,Excess crowding only,0.0015931744128465965,-0.0009163648167738772
2019,Excess crowding only,-0.0083015486598015,-0.0029672785935568966
2019,Excess crowding only,0.012971004471182799,0.010896820341781997
2019,Excess crowding only,0.003735398873686801,-0.00287951184391949
2019,Excess crowding only,0.016973363235592905,0.0006007963423453168
2019,Excess crowding only,0.010778965428471596,-0.00028962605018458844
2019,Excess crowding only,0.029087075963616406,-0.0002861678078079616
2019,Excess crowding only,-0.013729462400078801,0.0035639678383607774
2019,Excess crowding only,0.023099111393094097,0.0040218639967057115
2019,Excess crowding only,-0.060326442122459405,-0.0022892218983370993
2019,Excess crowding only,-0.0034580659121275018,0.0015575532621920954
2019,Excess crowding only,0.019249266013503095,0.0016679658011949194
2019,Excess crowding only,-0.001493379473686201,-5.820118635742691e-05
2019,Supply growth only,0.0009955801069737001,0.0021216152060275027
2019,Supply growth only,0.005959989503025998,0.0013782807154774778
2019,Supply growth only,0.033491862937808,0.002294021951304227
2019,Supply growth only,0.0191274639219046,0.0006144406437129401
2019,Supply growth only,-0.0171536114066839,0.00035115498677488035
2019,Supply growth only,0.005625421181321203,-0.000344637580705433
2019,Supply growth only,0.0199890527874231,-0.0014146547781685287
2019,Supply growth only,-0.03693729545921086,-0.0029151472119717885
2019,Supply growth only,0.018067227676510804,0.0016558082200635173
2019,Supply growth only,0.005383310839533802,0.0011785972968142405
2019,Supply growth only,-0.0008372571319342006,0.00047610694299191287
2019,Supply growth only,0.002050792798399901,0.002855005493224378
2019,Supply growth only,0.025044372305274003,-0.008879947844433184
2019,Supply growth only,-0.06885470636188981,-0.0012742891108901574
2019,Supply growth only,-0.010873997583985301,-0.00493917249360906
2019,Supply growth only,0.0019805673509836023,-0.00022600955507867367
2019,Supply growth only,-0.0068899933248758,-0.00227266337442718
2019,Supply growth only,-0.008173279464244801,-0.0019657849267997025
2019,Supply growth only,0.011104190722107898,-0.001359021026993291
2019,Supply growth only,-0.0410043988376856,0.000701044235934339
2019,Supply growth only,-0.0040733665227890015,0.002057260257955827
2019,Supply growth only,0.008018387481570303,0.00013719085664151828
2019,Supply growth only,0.0005713030695915014,0.00029852803305889996
2019,Supply growth only,-0.0064711198210716005,0.0002616532748529331
2019,Supply growth only,-0.013918600976467101,-0.0016525382321111001
2019,Supply growth only,-0.02486798865720629,-0.0020616082477904365
2019,Supply growth only,0.012797674164175998,0.0015962206557630057
2019,Supply growth only,0.003630241379141797,0.0015575733729718978
2019,Supply growth only,0.0007151514291762993,-0.001980585523464367
2019,Supply growth only,0.0549172814935446,0.0029051900045746937
2019,Supply growth only,-0.011372584849596,-0.005667171029749318
2019,Supply growth only,-0.0003520566970110009,0.0029051900045746937
2019,Supply growth only,0.027943430468440104,0.0014984364340531785
2019,Supply growth only,-0.0101097598671913,0.0016347563285602747
2019,Supply growth only,0.017989812418818495,-0.0001541391189169945
2019,Supply growth only,0.025010554119944593,0.0009771118166530398
2019,Supply growth only,0.0003520566970110009,-0.003071616742480286
2019,Supply growth only,0.0036582965403795,-0.0005132130737275642
2019,Supply growth only,-0.0005964096635579993,-0.00011441111440792066
2019,Supply growth only,-0.030156793451169495,0.00034336857469532446
2019,Supply growth only,0.008037058636546097,0.0010052650388766358
2019,Supply growth only,0.009124243631959,0.0023268893420351064
2019,Supply growth only,0.007219208404421803,0.0029051900045746937
2019,Supply growth only,0.007720669731497803,-0.0026539043888859
2019,Supply growth only,-0.0090627986937761,0.0010778714739228497
2019,Supply growth only,0.015686662867665298,-0.0011812244111344774
2019,Supply growth only,0.0079846102744341,0.00287124208827336
2019,Supply growth only,0.019619045779108994,0.0006821696715197723
2019,Supply growth only,-0.0163402669131756,0.000889866425667993
2019,Supply growth only,0.006565487012267102,0.0023229716795616076
2019,Supply growth only,-0.03882811218500136,0.0015545050721939267
2019,Supply growth only,-0.0085375569760799,-0.0003929541618665263
2019,Supply growth only,-0.0114930272102356,0.0011817507286096796
2019,Supply growth only,0.0254771243780851,0.0012128629199789156
2019,Supply growth only,-0.02604006091132759,-0.003618968539648605
2019,Supply growth only,-0.013535382226109501,-6.909582903960165e-05
2019,Supply growth only,-0.03204612643457948,-0.00027589731705232297
2019,Supply growth only,-0.03166446380782871,-0.0011072077793172958
2019,Supply growth only,-0.0016524642705917011,-0.00046425384805367023
2019,Supply growth only,-0.02635644748806952,0.0009317611938217101
2019,Supply growth only,-0.0504449028521776,0.0010157100950222862
2019,Supply growth only,-0.0142345204949379,-0.007358105848390421
2019,Supply growth only,0.0022628922015428994,0.0017784598659914474
2019,Supply growth only,-0.013482896611094499,-0.0009988012814422164
2019,Supply growth only,-0.03134443308226763,-0.002566117909628771
2019,Supply growth only,0.021580262109637295,-0.0004662297717320913
2019,Supply growth only,-0.009105574339628199,-0.0009135887013013333
2019,Supply growth only,-0.012270465493202199,0.0005908055716364819
2019,Supply growth only,0.0244648214429617,-0.0007416896894605449
2019,Supply growth only,-0.0264608694706112,0.0022169575555543086
2019,Supply growth only,-0.0153017546981573,-0.0016103039118654616
2019,Supply growth only,-0.0024426542222499986,0.0017986332292149905
2019,Supply growth only,-0.006056735292077099,-0.001896796858736107
2019,Supply growth only,0.025108261033892597,-0.0024803510599318277
2019,Supply growth only,0.009645251557231001,1.1019184050529724e-05
2019,Supply growth only,0.039999349042773295,0.0013110646984697358
2019,Supply growth only,0.011915704235434501,-0.0005572065978104238
2019,Supply growth only,0.028603641316294705,0.001581796850502177
2019,Supply growth only,-0.005023911595344502,-0.0046471872745295
2019,Supply growth only,-0.015163412317633601,-0.0004056144477599579
2019,Supply growth only,-0.0069063417613506005,0.0008384020043463989
2019,Supply growth only,-0.1199044156819582,0.0014207486975390464
2019,Supply growth only,-0.1122808177024126,0.00036346074940916354
2019,Supply growth only,-0.0123049467802048,0.000432426830725678
2019,Supply growth only,-0.0483707804232836,-0.0016917368300043063
2019,Supply growth only,0.019476631656289094,0.0025217014743678656
2019,Supply growth only,0.017467418685555507,0.0012025229566768583
2019,Supply growth only,0.0015931744128465965,0.001107894989278486
2019,Supply growth only,-0.0083015486598015,0.001221780235771889
2019,Supply growth only,0.012971004471182799,0.0011315933445262144
2019,Supply growth only,0.003735398873686801,0.002797385871316732
2019,Supply growth only,0.016973363235592905,0.00031526280646087396
2019,Supply growth only,0.010778965428471596,0.002363571942904085
2019,Supply growth only,0.029087075963616406,0.0019838410678724794
2019,Supply growth only,-0.013729462400078801,0.0029051900045746937
2019,Supply growth only,0.023099111393094097,0.0005733037125090143
2019,Supply growth only,-0.060326442122459405,-0.00042918281436098247
2019,Supply growth only,-0.0034580659121275018,-0.0015015425687574667
2019,Supply growth only,0.019249266013503095,-0.0007876888240044761
2019,Supply growth only,-0.001493379473686201,0.001934934656606175
2019,Lagged rent growth only,0.0009955801069737001,-0.00371751417186484
2019,Lagged rent growth only,0.005959989503025998,-0.010820258812459793
2019,Lagged rent growth only,0.033491862937808,0.016043340832601408
2019,Lagged rent growth only,0.0191274639219046,0.003719894012453151
2019,Lagged rent growth only,-0.0171536114066839,0.00018917458173738219
2019,Lagged rent growth only,0.005625421181321203,0.02215872545459129
2019,Lagged rent growth only,0.0199890527874231,-0.0003016556454453617
2019,Lagged rent growth only,-0.03693729545921086,0.020624358706678197
2019,Lagged rent growth only,0.018067227676510804,0.013327154295829827
2019,Lagged rent growth only,0.005383310839533802,0.005745570540256704
2019,Lagged rent growth only,-0.0008372571319342006,-0.0027734446840605043
2019,Lagged rent growth only,0.002050792798399901,0.0009162958012559295
2019,Lagged rent growth only,0.025044372305274003,0.003926572051456897
2019,Lagged rent growth only,-0.06885470636188981,0.0062544425040000915
2019,Lagged rent growth only,-0.010873997583985301,-0.008642364453876122
2019,Lagged rent growth only,0.0019805673509836023,-0.01218611555733706
2019,Lagged rent growth only,-0.0068899933248758,0.015043787784862239
2019,Lagged rent growth only,-0.008173279464244801,0.015159499952577312
2019,Lagged rent growth only,0.011104190722107898,0.0067190510644635215
2019,Lagged rent growth only,-0.0410043988376856,-0.002449842975763895
2019,Lagged rent growth only,-0.0040733665227890015,-0.003468802993849035
2019,Lagged rent growth only,0.008018387481570303,0.002115358836998831
2019,Lagged rent growth only,0.0005713030695915014,-0.004913541570132261
2019,Lagged rent growth only,-0.0064711198210716005,-0.006917099016104157
2019,Lagged rent growth only,-0.013918600976467101,0.014215712689572313
2019,Lagged rent growth only,-0.02486798865720629,0.007148018992345029
2019,Lagged rent growth only,0.012797674164175998,-0.002199989131487508
2019,Lagged rent growth only,0.003630241379141797,0.007550012654042005
2019,Lagged rent growth only,0.0007151514291762993,-0.0013371843243092576
2019,Lagged rent growth only,0.0549172814935446,0.01149407439570203
2019,Lagged rent growth only,-0.011372584849596,-0.0066232525207945364
2019,Lagged rent growth only,-0.0003520566970110009,0.011389637452895415
2019,Lagged rent growth only,0.027943430468440104,0.005956699929753586
2019,Lagged rent growth only,-0.0101097598671913,0.007438171325647486
2019,Lagged rent growth only,0.017989812418818495,0.0028911397420366743
2019,Lagged rent growth only,0.025010554119944593,0.013734911768062687
2019,Lagged rent growth only,0.0003520566970110009,0.006535494808407987
2019,Lagged rent growth only,0.0036582965403795,-0.0014676547839687817
2019,Lagged rent growth only,-0.0005964096635579993,-0.006742498234777596
2019,Lagged rent growth only,-0.030156793451169495,0.0006818954856244564
2019,Lagged rent growth only,0.008037058636546097,-0.004909503231540565
2019,Lagged rent growth only,0.009124243631959,0.004157565018901669
2019,Lagged rent growth only,0.007219208404421803,0.0003989364429384281
2019,Lagged rent growth only,0.007720669731497803,0.022754967791569946
2019,Lagged rent growth only,-0.0090627986937761,-0.004687236287768666
2019,Lagged rent growth only,0.015686662867665298,0.007686155143814434
2019,Lagged rent growth only,0.0079846102744341,-0.004019024332456438
2019,Lagged rent growth only,0.019619045779108994,0.033938040567167586
2019,Lagged rent growth only,-0.0163402669131756,-0.006223440938643143
2019,Lagged rent growth only,0.006565487012267102,-0.0035269871927172793
2019,Lagged rent growth only,-0.03882811218500136,-0.007540081579189457
2019,Lagged rent growth only,-0.0085375569760799,-0.005301981557931126
2019,Lagged rent growth only,-0.0114930272102356,-0.010513815454156748
2019,Lagged rent growth only,0.0254771243780851,0.004932928323016945
2019,Lagged rent growth only,-0.02604006091132759,0.017133045200379223
2019,Lagged rent growth only,-0.013535382226109501,-0.009101422593286654
2019,Lagged rent growth only,-0.03204612643457948,-0.015024563942227415
2019,Lagged rent growth only,-0.03166446380782871,0.014820251976748596
2019,Lagged rent growth only,-0.0016524642705917011,-0.007945933460399162
2019,Lagged rent growth only,-0.02635644748806952,-0.006685507181402352
2019,Lagged rent growth only,-0.0504449028521776,-0.009101748413786644
2019,Lagged rent growth only,-0.0142345204949379,0.0446550661241786
2019,Lagged rent growth only,0.0022628922015428994,-0.00035013635914072933
2019,Lagged rent growth only,-0.013482896611094499,-0.008651542496129969
2019,Lagged rent growth only,-0.03134443308226763,0.02999821449200804
2019,Lagged rent growth only,0.021580262109637295,0.011049434960672393
2019,Lagged rent growth only,-0.009105574339628199,0.021055598200017234
2019,Lagged rent growth only,-0.012270465493202199,0.0011703118876944564
2019,Lagged rent growth only,0.0244648214429617,0.02246265632382748
2019,Lagged rent growth only,-0.0264608694706112,-0.008564572514987824
2019,Lagged rent growth only,-0.0153017546981573,-0.0010256930427666045
2019,Lagged rent growth only,-0.0024426542222499986,-0.001379433147314278
2019,Lagged rent growth only,-0.006056735292077099,0.020433313168143324
2019,Lagged rent growth only,0.025108261033892597,-0.0018008865531002106
2019,Lagged rent growth only,0.009645251557231001,0.004700990017220189
2019,Lagged rent growth only,0.039999349042773295,0.015894899766208982
2019,Lagged rent growth only,0.011915704235434501,-0.0044582556060880785
2019,Lagged rent growth only,0.028603641316294705,0.006329957141154046
2019,Lagged rent growth only,-0.005023911595344502,0.014311054192505432
2019,Lagged rent growth only,-0.015163412317633601,0.008071759116556864
2019,Lagged rent growth only,-0.0069063417613506005,0.008801636043262218
2019,Lagged rent growth only,-0.1199044156819582,-0.0038753856766731935
2019,Lagged rent growth only,-0.1122808177024126,-0.0026607589757783497
2019,Lagged rent growth only,-0.0123049467802048,-0.0048534735780914025
2019,Lagged rent growth only,-0.0483707804232836,0.0035465184997674907
2019,Lagged rent growth only,0.019476631656289094,-0.001130139163615358
2019,Lagged rent growth only,0.017467418685555507,0.0032627770289793395
2019,Lagged rent growth only,0.0015931744128465965,-0.006118735538100735
2019,Lagged rent growth only,-0.0083015486598015,-0.0038449352269855283
2019,Lagged rent growth only,0.012971004471182799,-0.000716767024033918
2019,Lagged rent growth only,0.003735398873686801,-0.008278669615248892
2019,Lagged rent growth only,0.016973363235592905,0.03255312447029495
2019,Lagged rent growth only,0.010778965428471596,-0.003668076647264513
2019,Lagged rent growth only,0.029087075963616406,0.0211801717675286
2019,Lagged rent growth only,-0.013729462400078801,-0.0006597025463206385
2019,Lagged rent growth only,0.023099111393094097,0.006140460397249534
2019,Lagged rent growth only,-0.060326442122459405,0.0015686526885746507
2019,Lagged rent growth only,-0.0034580659121275018,-0.004812498208449137
2019,Lagged rent growth only,0.019249266013503095,0.014765096531824078
2019,Lagged rent growth only,-0.001493379473686201,-0.0018280558526821567
2019,Occupancy only,0.0009955801069737001,0.0043592403382397005
2019,Occupancy only,0.005959989503025998,0.008412785087126007
2019,Occupancy only,0.033491862937808,0.006347801441779044
2019,Occupancy only,0.0191274639219046,0.012802150754492703
2019,Occupancy only,-0.0171536114066839,0.011559325744398108
2019,Occupancy only,0.005625421181321203,-0.005769325826179783
2019,Occupancy only,0.0199890527874231,-0.00704536314162979
2019,Occupancy only,-0.03693729545921086,-0.002534127715986656
2019,Occupancy only,0.018067227676510804,0.010665401137985864
2019,Occupancy only,0.005383310839533802,0.00395809047273038
2019,Occupancy only,-0.0008372571319342006,-0.021093734606772385
2019,Occupancy only,0.002050792798399901,-0.005396731695378132
2019,Occupancy only,0.025044372305274003,0.002635738540396171
2019,Occupancy only,-0.06885470636188981,0.007965115167792136
2019,Occupancy only,-0.010873997583985301,-0.0029792867393828026
2019,Occupancy only,0.0019805673509836023,0.010775150116782428
2019,Occupancy only,-0.0068899933248758,-0.011222740712889256
2019,Occupancy only,-0.008173279464244801,-0.0008789451139701865
2019,Occupancy only,0.011104190722107898,-0.0017415291738169802
2019,Occupancy only,-0.0410043988376856,0.003061540838747212
2019,Occupancy only,-0.0040733665227890015,0.005274461907467665
2019,Occupancy only,0.008018387481570303,-0.005698016381554205
2019,Occupancy only,0.0005713030695915014,0.002263715067761962
2019,Occupancy only,-0.0064711198210716005,-0.017302258914783764
2019,Occupancy only,-0.013918600976467101,-0.004931805073055462
2019,Occupancy only,-0.02486798865720629,-0.0016871340372794363
2019,Occupancy only,0.012797674164175998,0.004151360980939545
2019,Occupancy only,0.003630241379141797,0.0052679107517031865
2019,Occupancy only,0.0007151514291762993,0.0032502460816155043
2019,Occupancy only,0.0549172814935446,0.0033323752050992694
2019,Occupancy only,-0.011372584849596,0.006026886114636809
2019,Occupancy only,-0.0003520566970110009,0.005691727159630733
2019,Occupancy only,0.027943430468440104,0.017797943443424613
2019,Occupancy only,-0.0101097598671913,0.011776449764013652
2019,Occupancy only,0.017989812418818495,0.005651187603403107
2019,Occupancy only,0.025010554119944593,0.002024860385123173
2019,Occupancy only,0.0003520566970110009,-0.005736410263071534
2019,Occupancy only,0.0036582965403795,0.008873991018195582
2019,Occupancy only,-0.0005964096635579993,0.006097077069253831
2019,Occupancy only,-0.030156793451169495,-0.009584609376921571
2019,Occupancy only,0.008037058636546097,0.004766462006652761
2019,Occupancy only,0.009124243631959,-0.0035684570579597175
2019,Occupancy only,0.007219208404421803,-0.003904802981954336
2019,Occupancy only,0.007720669731497803,-0.003497056308026991
2019,Occupancy only,-0.0090627986937761,-0.0009681047460791126
2019,Occupancy only,0.015686662867665298,0.004949666104785144
2019,Occupancy only,0.0079846102744341,0.005974202952602092
2019,Occupancy only,0.019619045779108994,-0.0003386916135217355
2019,Occupancy only,-0.0163402669131756,0.007983056660581911
2019,Occupancy only,0.006565487012267102,-0.003513947789788585
2019,Occupancy only,-0.03882811218500136,0.009332777358634858
2019,Occupancy only,-0.0085375569760799,-0.003686606124983449
2019,Occupancy only,-0.0114930272102356,-0.012339107873039379
2019,Occupancy only,0.0254771243780851,-0.018299472649535187
2019,Occupancy only,-0.02604006091132759,0.0032306154406493426
2019,Occupancy only,-0.013535382226109501,0.008499639260237557
2019,Occupancy only,-0.03204612643457948,0.008961278891514934
2019,Occupancy only,-0.03166446380782871,0.00020795325840405887
2019,Occupancy only,-0.0016524642705917011,0.00768259372216723
2019,Occupancy only,-0.02635644748806952,0.0014193464166261105
2019,Occupancy only,-0.0504449028521776,0.018109591281925075
2019,Occupancy only,-0.0142345204949379,-0.01402455818426629
2019,Occupancy only,0.0022628922015428994,-0.01125661498171926
2019,Occupancy only,-0.013482896611094499,0.004209682245670199
2019,Occupancy only,-0.03134443308226763,-0.004344346728981374
2019,Occupancy only,0.021580262109637295,0.0065732114179887224
2019,Occupancy only,-0.009105574339628199,0.003569997266095637
2019,Occupancy only,-0.012270465493202199,0.0063885236086203
2019,Occupancy only,0.0244648214429617,0.0024892620019319467
2019,Occupancy only,-0.0264608694706112,0.008859245211144617
2019,Occupancy only,-0.0153017546981573,0.003687027843111146
2019,Occupancy only,-0.0024426542222499986,0.013474842602481885
2019,Occupancy only,-0.006056735292077099,-0.001116818264560837
2019,Occupancy only,0.025108261033892597,0.0016731979959097587
2019,Occupancy only,0.009645251557231001,-0.0012520185976329645
2019,Occupancy only,0.039999349042773295,0.008021975547613469
2019,Occupancy only,0.011915704235434501,0.007979358795655922
2019,Occupancy only,0.028603641316294705,0.008724318793992492
2019,Occupancy only,-0.005023911595344502,-0.0063902932178564464
2019,Occupancy only,-0.015163412317633601,-0.009096514032993608
2019,Occupancy only,-0.0069063417613506005,0.008368593318625661
2019,Occupancy only,-0.1199044156819582,0.006582729996224446
2019,Occupancy only,-0.1122808177024126,0.005617039418652825
2019,Occupancy only,-0.0123049467802048,0.006641644745449704
2019,Occupancy only,-0.0483707804232836,0.005537832064987092
2019,Occupancy only,0.019476631656289094,-0.017262815022237865
2019,Occupancy only,0.017467418685555507,0.010747781351063246
2019,Occupancy only,0.0015931744128465965,0.007843633457069177
2019,Occupancy only,-0.0083015486598015,-0.0047613608915509364
2019,Occupancy only,0.012971004471182799,0.012168606056801867
2019,Occupancy only,0.003735398873686801,0.010115195359094165
2019,Occupancy only,0.016973363235592905,0.0034748343100636236
2019,Occupancy only,0.010778965428471596,0.005455817073136859
2019,Occupancy only,0.029087075963616406,0.002333974501359415
2019,Occupancy only,-0.013729462400078801,0.008240674583771868
2019,Occupancy only,0.023099111393094097,0.004144969609462257
2019,Occupancy only,-0.060326442122459405,0.0034689907704270606
2019,Occupancy only,-0.0034580659121275018,-0.006131739415271453
2019,Occupancy only,0.019249266013503095,-0.0006103249013088008
2019,Occupancy only,-0.001493379473686201,0.013954400900222708
2019,Absorption only,0.0009955801069737001,-0.000145672187008928
2019,Absorption only,0.005959989503025998,0.0026810910279137386
2019,Absorption only,0.033491862937808,0.00014213819826658933
2019,Absorption only,0.0191274639219046,0.0013338466228076835
2019,Absorption only,-0.0171536114066839,0.0017131892444333767
2019,Absorption only,0.005625421181321203,0.0015584791186324773
2019,Absorption only,0.0199890527874231,0.003023820754999362
2019,Absorption only,-0.03693729545921086,0.00410899391497649
2019,Absorption only,0.018067227676510804,-0.0007345066337849501
2019,Absorption only,0.005383310839533802,0.001228550140389811
2019,Absorption only,-0.0008372571319342006,0.003972177309063596
2019,Absorption only,0.002050792798399901,-0.0010769610759492191
2019,Absorption only,0.025044372305274003,0.007786249894422075
2019,Absorption only,-0.06885470636188981,0.003008129514482188
2019,Absorption only,-0.010873997583985301,0.005122042425558896
2019,Absorption only,0.0019805673509836023,0.0028152924270737722
2019,Absorption only,-0.0068899933248758,0.006385324929652008
2019,Absorption only,-0.008173279464244801,0.005322036920922514
2019,Absorption only,0.011104190722107898,0.003063048856292294
2019,Absorption only,-0.0410043988376856,0.001655379410949055
2019,Absorption only,-0.0040733665227890015,-5.689279987229059e-05
2019,Absorption only,0.008018387481570303,0.0003703493980689841
2019,Absorption only,0.0005713030695915014,0.0012264855034796567
2019,Absorption only,-0.0064711198210716005,-1.4636564444464855e-05
2019,Absorption only,-0.013918600976467101,0.0035145161273127134
2019,Absorption only,-0.02486798865720629,0.0032879566370384423
2019,Absorption only,0.012797674164175998,-0.0004648650533187913
2019,Absorption only,0.003630241379141797,0.0024846752365277214
2019,Absorption only,0.0007151514291762993,-0.00026844926193277357
2019,Absorption only,0.0549172814935446,-0.0016725400032984125
2019,Absorption only,-0.011372584849596,0.0070812452108347
2019,Absorption only,-0.0003520566970110009,0.0011469281612083758
2019,Absorption only,0.027943430468440104,0.0009046774304169313
2019,Absorption only,-0.0101097598671913,0.0008986211621471452
2019,Absorption only,0.017989812418818495,0.003937353766512325
2019,Absorption only,0.025010554119944593,0.000360714425821597
2019,Absorption only,0.0003520566970110009,0.003191469272103895
2019,Absorption only,0.0036582965403795,0.0027781289626909937
2019,Absorption only,-0.0005964096635579993,0.0008487945913820869
2019,Absorption only,-0.030156793451169495,0.0016354212541508963
2019,Absorption only,0.008037058636546097,0.0026311268146880034
2019,Absorption only,0.009124243631959,0.0001788887352673369
2019,Absorption only,0.007219208404421803,-0.0015225097211605293
2019,Absorption only,0.007720669731497803,0.0033622835658039993
2019,Absorption only,-0.0090627986937761,0.0014648822453721465
2019,Absorption only,0.015686662867665298,0.003017626844268899
2019,Absorption only,0.0079846102744341,0.00018136629955952202
2019,Absorption only,0.019619045779108994,-0.00013934063381778792
2019,Absorption only,-0.0163402669131756,0.0009869876219017514
2019,Absorption only,0.006565487012267102,0.0016731352883763823
2019,Absorption only,-0.03882811218500136,-0.0003071267933829985
2019,Absorption only,-0.0085375569760799,0.0016954333670060493
2019,Absorption only,-0.0114930272102356,0.0017255770658943029
2019,Absorption only,0.0254771243780851,-0.0004802810089146105
2019,Absorption only,-0.02604006091132759,0.003786635272071058
2019,Absorption only,-0.013535382226109501,0.002330102753187498
2019,Absorption only,-0.03204612643457948,0.001959156321663099
2019,Absorption only,-0.03166446380782871,0.004353446925138766
2019,Absorption only,-0.0016524642705917011,0.0019408498743930637
2019,Absorption only,-0.02635644748806952,0.0003900322699457888
2019,Absorption only,-0.0504449028521776,0.0008229178087748187
2019,Absorption only,-0.0142345204949379,0.003917120324792812
2019,Absorption only,0.0022628922015428994,0.0011800999942315226
2019,Absorption only,-0.013482896611094499,0.002630300959923942
2019,Absorption only,-0.03134443308226763,0.002763263576937882
2019,Absorption only,0.021580262109637295,0.0014308845575849377
2019,Absorption only,-0.009105574339628199,0.0028890687859966214
2019,Absorption only,-0.012270465493202199,0.0015670129511944483
2019,Absorption only,0.0244648214429617,0.0023356084516145768
2019,Absorption only,-0.0264608694706112,0.0009447313864739256
2019,Absorption only,-0.0153017546981573,0.0028024916782308147
2019,Absorption only,-0.0024426542222499986,0.0006482495261757603
2019,Absorption only,-0.006056735292077099,0.0037218056730922108
2019,Absorption only,0.025108261033892597,0.002779092459915732
2019,Absorption only,0.009645251557231001,0.0018658347333241226
2019,Absorption only,0.039999349042773295,-8.689885629986735e-05
2019,Absorption only,0.011915704235434501,0.0014836016200242127
2019,Absorption only,0.028603641316294705,-0.00038448185628344833
2019,Absorption only,-0.005023911595344502,0.004652406349729117
2019,Absorption only,-0.015163412317633601,0.0022853689534674876
2019,Absorption only,-0.0069063417613506005,0.0008037855067407217
2019,Absorption only,-0.1199044156819582,-0.0004517890195544803
2019,Absorption only,-0.1122808177024126,0.0010950369535331628
2019,Absorption only,-0.0123049467802048,6.93253365684791e-05
2019,Absorption only,-0.0483707804232836,0.004048706517199985
2019,Absorption only,0.019476631656289094,-0.002166538794668011
2019,Absorption only,0.017467418685555507,0.0025826766685297146
2019,Absorption only,0.0015931744128465965,0.00048638199241965896
2019,Absorption only,-0.0083015486598015,0.0021014786260030727
2019,Absorption only,0.012971004471182799,0.0004187995442272729
2019,Absorption only,0.003735398873686801,8.116258818669734e-05
2019,Absorption only,0.016973363235592905,0.0026100675182044292
2019,Absorption only,0.010778965428471596,0.00011474734859187466
2019,Absorption only,0.029087075963616406,-0.0006764215153792742
2019,Absorption only,-0.013729462400078801,-0.0008966494524624054
2019,Absorption only,0.023099111393094097,0.0014958517990244615
2019,Absorption only,-0.060326442122459405,0.002011185171798989
2019,Absorption only,-0.0034580659121275018,0.003394767186523761
2019,Absorption only,0.019249266013503095,0.002218337075117809
2019,Absorption only,-0.001493379473686201,0.0008346174179323599
2019,All predictors,0.0009955801069737001,-0.0007958643013494804
2019,All predictors,0.005959989503025998,-0.0004120656749196927
2019,All predictors,0.033491862937808,0.018104962497664745
2019,All predictors,0.0191274639219046,0.012980692845514119
2019,All predictors,-0.0171536114066839,0.010072857274839586
2019,All predictors,0.005625421181321203,0.014989162614958529
2019,All predictors,0.0199890527874231,-0.0006305632051724075
2019,All predictors,-0.03693729545921086,0.015511045684942104
2019,All predictors,0.018067227676510804,0.019993950492341206
2019,All predictors,0.005383310839533802,0.007610527175412551
2019,All predictors,-0.0008372571319342006,-0.011080472229210714
2019,All predictors,0.002050792798399901,-0.005210365651352966
2019,All predictors,0.025044372305274003,0.00944100704580736
2019,All predictors,-0.06885470636188981,0.010397298117818976
2019,All predictors,-0.010873997583985301,-0.009099297373536597
2019,All predictors,0.0019805673509836023,-0.0012805321074924048
2019,All predictors,-0.0068899933248758,0.01342180091631745
2019,All predictors,-0.008173279464244801,0.01809448001273306
2019,All predictors,0.011104190722107898,0.005343356092868234
2019,All predictors,-0.0410043988376856,-0.0012409506768629175
2019,All predictors,-0.0040733665227890015,-0.0017999687602548442
2019,All predictors,0.008018387481570303,-0.00284595821239636
2019,All predictors,0.0005713030695915014,-0.0034159964208639315
2019,All predictors,-0.0064711198210716005,-0.02235870937763257
2019,All predictors,-0.013918600976467101,0.007810505575587656
2019,All predictors,-0.02486798865720629,0.0039225317261781245
2019,All predictors,0.012797674164175998,-0.0017035357439000864
2019,All predictors,0.003630241379141797,0.0167170546697617
2019,All predictors,0.0007151514291762993,-0.006542823413852761
2019,All predictors,0.0549172814935446,0.011593569986683316
2019,All predictors,-0.011372584849596,0.004467810342049183
2019,All predictors,-0.0003520566970110009,0.01508110615615782
2019,All predictors,0.027943430468440104,0.019215675798111342
2019,All predictors,-0.0101097598671913,0.016270723468762183
2019,All predictors,0.017989812418818495,0.011424104581245653
2019,All predictors,0.025010554119944593,0.012297287361138165
2019,All predictors,0.0003520566970110009,0.0009277112858360193
2019,All predictors,0.0036582965403795,0.005210490159513803
2019,All predictors,-0.0005964096635579993,-0.005734808769238764
2019,All predictors,-0.030156793451169495,-0.008253732437826677
2019,All predictors,0.008037058636546097,0.0029565381786803013
2019,All predictors,0.009124243631959,-0.0004120643920372813
2019,All predictors,0.007219208404421803,-0.003474974004909037
2019,All predictors,0.007720669731497803,0.01811818069150828
2019,All predictors,-0.0090627986937761,-0.004673764012646797
2019,All predictors,0.015686662867665298,0.011756284770890524
2019,All predictors,0.0079846102744341,0.0015998965699591805
2019,All predictors,0.019619045779108994,0.02724646045411483
2019,All predictors,-0.0163402669131756,-0.0006975514254617399
2019,All predictors,0.006565487012267102,-0.0019234956830010974
2019,All predictors,-0.03882811218500136,-0.0046365055581988335
2019,All predictors,-0.0085375569760799,-0.008073306699015736
2019,All predictors,-0.0114930272102356,-0.014584264869600516
2019,All predictors,0.0254771243780851,-0.010951879386647073
2019,All predictors,-0.02604006091132759,0.01528707442845495
2019,All predictors,-0.013535382226109501,-0.0018857860169355645
2019,All predictors,-0.03204612643457948,-0.008708856641348683
2019,All predictors,-0.03166446380782871,0.01702414862314172
2019,All predictors,-0.0016524642705917011,-0.003817178225284823
2019,All predictors,-0.02635644748806952,-0.0067796835528334265
2019,All predictors,-0.0504449028521776,0.001419721071189206
2019,All predictors,-0.0142345204949379,0.02332630838798813
2019,All predictors,0.0022628922015428994,-0.006236537854859947
2019,All predictors,-0.013482896611094499,-0.005536337191713925
2019,All predictors,-0.03134443308226763,0.023255523565137964
2019,All predictors,0.021580262109637295,0.016502589000862267
2019,All predictors,-0.009105574339628199,0.023190591178815112
2019,All predictors,-0.012270465493202199,0.004332748529300989
2019,All predictors,0.0244648214429617,0.022301493917480347
2019,All predictors,-0.0264608694706112,-0.00129225473824357
2019,All predictors,-0.0153017546981573,0.0003217074294207256
2019,All predictors,-0.0024426542222499986,0.007342247966778459
2019,All predictors,-0.006056735292077099,0.018475832055387664
2019,All predictors,0.025108261033892597,-0.0019060675668293725
2019,All predictors,0.009645251557231001,0.004626607641121994
2019,All predictors,0.039999349042773295,0.022423419712062853
2019,All predictors,0.011915704235434501,-0.002025333534432072
2019,All predictors,0.028603641316294705,0.010777073330397013
2019,All predictors,-0.005023911595344502,0.0076709014517274965
2019,All predictors,-0.015163412317633601,-8.613167481219541e-05
2019,All predictors,-0.0069063417613506005,0.012609421796692388
2019,All predictors,-0.1199044156819582,-0.003807905185158833
2019,All predictors,-0.1122808177024126,-0.00017108833556467307
2019,All predictors,-0.0123049467802048,-0.002124118698971167
2019,All predictors,-0.0483707804232836,0.007512324190398323
2019,All predictors,0.019476631656289094,-0.018317835631876445
2019,All predictors,0.017467418685555507,0.013756820982567364
2019,All predictors,0.0015931744128465965,-0.0013670915458275923
2019,All predictors,-0.0083015486598015,-0.006286593345981029
2019,All predictors,0.012971004471182799,0.012571935958868019
2019,All predictors,0.003735398873686801,-0.0011001830452567196
2019,All predictors,0.016973363235592905,0.031697162927305345
2019,All predictors,0.010778965428471596,0.00014676490297710343
2019,All predictors,0.029087075963616406,0.016170793491052743
2019,All predictors,-0.013729462400078801,0.0053402178909328635
2019,All predictors,0.023099111393094097,0.010149130877808499
2019,All predictors,-0.060326442122459405,0.0021972093624788025
2019,All predictors,-0.0034580659121275018,-0.006589029402214952
2019,All predictors,0.019249266013503095,0.012190261561997762
2019,All predictors,-0.001493379473686201,0.009044376745458937
2020,Excess crowding only,-0.014666032046079656,0.0009894875776034439
2020,Excess crowding only,-0.03772958740592005,-0.005806499590594516
2020,Excess crowding only,0.04950008913874595,-0.006763246810843697
2020,Excess crowding only,0.00948422029614445,-0.002290255895993318
2020,Excess crowding only,-0.0019804947078228483,0.0029360226011900872
2020,Excess crowding only,0.06935755535960195,0.0015197541293968083
2020,Excess crowding only,-0.0035742856562137534,0.004785682926888044
2020,Excess crowding only,0.06437526270747196,-0.004292064227701952
2020,Excess crowding only,0.04068027064204196,0.010999369884166006
2020,Excess crowding only,0.01606186106800995,-0.0034236387493665143
2020,Excess crowding only,-0.011600513011217152,-0.001751846225794172
2020,Excess crowding only,0.00038056448101995294,-9.53172446926246e-05
2020,Excess crowding only,0.01015533134341235,0.007585201726118265
2020,Excess crowding only,0.01771423593163495,-0.0034839055020664503
2020,Excess crowding only,-0.03065767511725425,-0.00615516493988409
2020,Excess crowding only,-0.04216470569372175,-0.003321988739461594
2020,Excess crowding only,0.04625440761446994,0.008201380917154114
2020,Excess crowding only,0.046630140393971946,0.00186926177484104
2020,Excess crowding only,0.019222881644963948,-0.0019864295386742277
2020,Excess crowding only,-0.010549735277891152,-0.004873589019786435
2020,Excess crowding only,-0.013858433812856653,-0.004267996865537639
2020,Excess crowding only,0.004274081438779852,0.0012272952557734877
2020,Excess crowding only,-0.018549691885709756,-0.002161813518025235
2020,Excess crowding only,-0.025055509060621255,-0.00554631760008971
2020,Excess crowding only,0.04356553778052296,-0.006627839222580696
2020,Excess crowding only,0.020615797489881953,-0.006299501936622594
2020,Excess crowding only,-0.00973842665553095,-0.003205463315350338
2020,Excess crowding only,0.021921124309300953,0.0007829053153656336
2020,Excess crowding only,-0.0069367848336696555,0.001012184839933391
2020,Excess crowding only,0.03472801670432094,0.006664331464375407
2020,Excess crowding only,-0.024101350456476246,0.002167009700472976
2020,Excess crowding only,0.034388896077870955,-0.003124011177324795
2020,Excess crowding only,0.01674742624163595,0.002471125049002474
2020,Excess crowding only,0.02155796065926594,0.007825029592112653
2020,Excess crowding only,0.006793145090341547,-0.0026198375555181314
2020,Excess crowding only,0.04200431331992196,-5.3677932205675955e-05
2020,Excess crowding only,0.018626850098371943,-0.00047083535339159947
2020,Excess crowding only,-0.007360439747571952,-0.002417994675689425
2020,Excess crowding only,-0.02448855713009835,-0.007795239686839065
2020,Excess crowding only,-0.00038056448101995294,-0.007691739052046673
2020,Excess crowding only,-0.018536578863859156,0.000273182009728717
2020,Excess crowding only,0.01090539619326595,-0.0030873569768077925
2020,Excess crowding only,-0.001299370080232655,0.0014312867987649977
2020,Excess crowding only,0.07129363343119596,0.0016575699120220068
2020,Excess crowding only,-0.017814848572015755,-0.0035754567831611417
2020,Excess crowding only,0.022363197058438943,-0.0014599985989661723
2020,Excess crowding only,-0.015645075589418446,-0.002669090128277016
2020,Excess crowding only,0.10760655626654594,0.006805813228296496
2020,Excess crowding only,-0.022803109139204046,-0.004507338801717438
2020,Excess crowding only,-0.014047365635633448,-0.002206914443159523
2020,Excess crowding only,-0.02707841619849205,-0.00879065008097361
2020,Excess crowding only,-0.019811008125543546,-0.0032979842580800438
2020,Excess crowding only,-0.03673452511429785,-0.004483204600951591
2020,Excess crowding only,0.01342310383915895,0.0016531999669651101
2020,Excess crowding only,0.05303850397467596,-0.003734465485948708
2020,Excess crowding only,-0.032148297876119655,-0.006418584937608638
2020,Excess crowding only,-0.051381524652242654,-0.009080211063968042
2020,Excess crowding only,0.04552855715155595,-0.00011268283484700621
2020,Excess crowding only,-0.028396271169185652,-0.008096791234122538
2020,Excess crowding only,-0.024303499609231956,-0.004420196472862039
2020,Excess crowding only,-0.03214935585856435,-0.007603767976047335
2020,Excess crowding only,0.14240616187453295,-0.0009261788113709698
2020,Excess crowding only,-0.003731708973646157,-0.0003907660172149113
2020,Excess crowding only,-0.030687477439641953,-0.004930434357332618
2020,Excess crowding only,0.09481341764330894,0.006003203429413866
2020,Excess crowding only,0.03328421339392695,0.010802255791737722
2020,Excess crowding only,0.06577555462717996,0.004891337697339415
2020,Excess crowding only,0.0012053884565830439,-0.00385632520996528
2020,Excess crowding only,0.07034445926547095,0.0021302154229317946
2020,Excess crowding only,-0.03040507435798645,-0.00509778244518047
2020,Excess crowding only,-0.005925331264734247,-0.0035503347501759466
2020,Excess crowding only,-0.007073972374200856,-0.002217456496778606
2020,Excess crowding only,0.06375491246581094,0.0022852087395608786
2020,Excess crowding only,-0.008442487567663158,-0.0029605858957744823
2020,Excess crowding only,0.012669969350099945,0.002223787393262149
2020,Excess crowding only,0.04901808127760895,0.011848368435860165
2020,Excess crowding only,-0.017071317881345756,-0.005909230846776596
2020,Excess crowding only,0.01795944198965995,0.001555783250466231
2020,Excess crowding only,0.04387512430548695,0.002012106650388833
2020,Excess crowding only,0.02361530438065495,-0.006576755991764032
2020,Excess crowding only,0.025985311716794947,-5.0430394426467795e-06
2020,Excess crowding only,-0.015178661793470348,-0.0061074618860933365
2020,Excess crowding only,-0.011234607547521556,-0.0007304521671419789
2020,Excess crowding only,-0.018354643136262845,-0.003926746217175967
2020,Excess crowding only,0.008921246975660345,-0.0056176464361025105
2020,Excess crowding only,-0.006264481693506248,-0.0035439884099600955
2020,Excess crowding only,0.007999900728464147,-0.002537011753363831
2020,Excess crowding only,-0.02246311679482465,-0.002033396271133787
2020,Excess crowding only,-0.015079785138368655,-0.006667674231491775
2020,Excess crowding only,-0.0049222074449062556,0.011630889229868229
2020,Excess crowding only,-0.02947670966386795,-0.0030084775493668145
2020,Excess crowding only,0.10310954973101596,-0.001866045016996938
2020,Excess crowding only,-0.01450550183653835,-0.0034196334181830104
2020,Excess crowding only,0.06618006154894795,-0.005893422526724042
2020,Excess crowding only,-0.004736911505460746,0.0012583068431848865
2020,Excess crowding only,0.01734412088990194,0.002251060312568939
2020,Excess crowding only,0.0024988539516925465,-0.0040599509947335495
2020,Excess crowding only,-0.01822159066796305,-0.0037501378930944154
2020,Excess crowding only,0.04534946009516696,-0.0029441293772415364
2020,Excess crowding only,-0.008530709892511347,-0.00325212908468575
2020,Supply growth only,-0.014666032046079656,0.0019144460460635932
2020,Supply growth only,-0.03772958740592005,-0.0018241488595231357
2020,Supply growth only,0.04950008913874595,0.0017933120801818677
2020,Supply growth only,0.00948422029614445,0.000554102361460947
2020,Supply growth only,-0.0019804947078228483,0.002871784881731097
2020,Supply growth only,0.06935755535960195,-0.001693719730144963
2020,Supply growth only,-0.0035742856562137534,0.000954689770825653
2020,Supply growth only,0.06437526270747196,-0.004862806219102036
2020,Supply growth only,0.04068027064204196,0.000184571085513422
2020,Supply growth only,0.01606186106800995,0.00016650053568760667
2020,Supply growth only,-0.011600513011217152,0.001166564543301505
2020,Supply growth only,0.00038056448101995294,0.0005043457586360513
2020,Supply growth only,0.01015533134341235,-0.011768876619456569
2020,Supply growth only,0.01771423593163495,-0.0036987224878930742
2020,Supply growth only,-0.03065767511725425,-0.0008732065954169953
2020,Supply growth only,-0.04216470569372175,0.00021827470402491786
2020,Supply growth only,0.04625440761446994,-0.007078884387108948
2020,Supply growth only,0.046630140393971946,-0.004916569247853915
2020,Supply growth only,0.019222881644963948,-0.0045840861505785264
2020,Supply growth only,-0.010549735277891152,0.00015538074218521183
2020,Supply growth only,-0.013858433812856653,0.0003395158527986588
2020,Supply growth only,0.004274081438779852,-0.0035637535630307035
2020,Supply growth only,-0.018549691885709756,-0.0021619748883509346
2020,Supply growth only,-0.025055509060621255,-0.0018169460088369896
2020,Supply growth only,0.04356553778052296,-0.0019577653639483348
2020,Supply growth only,0.020615797489881953,-0.0012660471848212648
2020,Supply growth only,-0.00973842665553095,0.0013789902229727998
2020,Supply growth only,0.021921124309300953,0.00221131800087729
2020,Supply growth only,-0.0069367848336696555,0.0006028206740063425
2020,Supply growth only,0.03472801670432094,0.0022980740938494384
2020,Supply growth only,-0.024101350456476246,-0.00312226567310685
2020,Supply growth only,0.034388896077870955,0.001021962821306312
2020,Supply growth only,0.01674742624163595,0.0011833955856043361
2020,Supply growth only,0.02155796065926594,-0.00017904235802968654
2020,Supply growth only,0.006793145090341547,-0.0032370118535156368
2020,Supply growth only,0.04200431331992196,-0.0001707490783020931
2020,Supply growth only,0.018626850098371943,-0.0019026796226186055
2020,Supply growth only,-0.007360439747571952,0.00219526922696955
2020,Supply growth only,-0.02448855713009835,-8.314013456971582e-05
2020,Supply growth only,-0.00038056448101995294,-0.002095763227504405
2020,Supply growth only,-0.018536578863859156,-0.003819911136624808
2020,Supply growth only,0.01090539619326595,0.00028302721001667456
2020,Supply growth only,-0.001299370080232655,-0.002103990274879113
2020,Supply growth only,0.07129363343119596,-0.0036766543322909067
2020,Supply growth only,-0.017814848572015755,-0.0028315105424911668
2020,Supply growth only,0.022363197058438943,0.0014621963820884345
2020,Supply growth only,-0.015645075589418446,-0.0004526223588506863
2020,Supply growth only,0.10760655626654594,-0.00019635194485598554
2020,Supply growth only,-0.022803109139204046,0.00021135315648002084
2020,Supply growth only,-0.014047365635633448,-0.003349647909544773
2020,Supply growth only,-0.02707841619849205,0.0012768670979099227
2020,Supply growth only,-0.019811008125543546,-0.0015611484801166743
2020,Supply growth only,-0.03673452511429785,0.00039247529318276126
2020,Supply growth only,0.01342310383915895,0.0023007598597490396
2020,Supply growth only,0.05303850397467596,-0.004172934498448598
2020,Supply growth only,-0.032148297876119655,-4.5894969501661127e-05
2020,Supply growth only,-0.051381524652242654,-0.0030283073124968266
2020,Supply growth only,0.04552855715155595,-0.005102220677958508
2020,Supply growth only,-0.028396271169185652,0.0011662556323627144
2020,Supply growth only,-0.024303499609231956,-0.0003356502840699987
2020,Supply growth only,-0.03214935585856435,0.0012070482760222008
2020,Supply growth only,0.14240616187453295,-0.007810644509958092
2020,Supply growth only,-0.003731708973646157,0.0021544097771872125
2020,Supply growth only,-0.030687477439641953,-0.0019248382293224312
2020,Supply growth only,0.09481341764330894,-0.0034857556137402163
2020,Supply growth only,0.03328421339392695,0.001315512104679994
2020,Supply growth only,0.06577555462717996,-0.014592884470792926
2020,Supply growth only,0.0012053884565830439,-0.0007278435619962921
2020,Supply growth only,0.07034445926547095,-0.0005902081536066366
2020,Supply growth only,-0.03040507435798645,0.0009612564776704067
2020,Supply growth only,-0.005925331264734247,-0.002347465391549112
2020,Supply growth only,-0.007073972374200856,0.00020548670213504927
2020,Supply growth only,0.06375491246581094,-0.004736466434159566
2020,Supply growth only,-0.008442487567663158,-0.0020241313187584057
2020,Supply growth only,0.012669969350099945,-0.0027045140161784885
2020,Supply growth only,0.04901808127760895,0.0012831893088515757
2020,Supply growth only,-0.017071317881345756,0.0025335442297187336
2020,Supply growth only,0.01795944198965995,0.001254772420446496
2020,Supply growth only,0.04387512430548695,-0.0035048250320875644
2020,Supply growth only,0.02361530438065495,-0.0033102938771981285
2020,Supply growth only,0.025985311716794947,0.0015710751166106724
2020,Supply growth only,-0.015178661793470348,0.0006104808089718344
2020,Supply growth only,-0.011234607547521556,-0.000277168337213004
2020,Supply growth only,-0.018354643136262845,-0.0013202440588970647
2020,Supply growth only,0.008921246975660345,-0.0004333978896698945
2020,Supply growth only,-0.006264481693506248,0.002871784881731097
2020,Supply growth only,0.007999900728464147,-0.0019516618411117592
2020,Supply growth only,-0.02246311679482465,0.0009551433224668782
2020,Supply growth only,-0.015079785138368655,-0.0005472871137707225
2020,Supply growth only,-0.0049222074449062556,-0.0004769901698872961
2020,Supply growth only,-0.02947670966386795,0.0011614323748293366
2020,Supply growth only,0.10310954973101596,-0.001882200018960336
2020,Supply growth only,-0.01450550183653835,0.0005368837845956941
2020,Supply growth only,0.06618006154894795,0.0025898611438325675
2020,Supply growth only,-0.004736911505460746,-0.001084842908521138
2020,Supply growth only,0.01734412088990194,0.00011279976826637176
2020,Supply growth only,0.0024988539516925465,-0.0012230915463741373
2020,Supply growth only,-0.01822159066796305,0.0028391988965561
2020,Supply growth only,0.04534946009516696,0.001344963868820696
2020,Supply growth only,-0.008530709892511347,0.001345893389426111
2020,Lagged rent growth only,-0.014666032046079656,0.0019233910385220512
2020,Lagged rent growth only,-0.03772958740592005,0.0044128621592693885
2020,Lagged rent growth only,0.04950008913874595,0.007556419623730976
2020,Lagged rent growth only,0.00948422029614445,0.002236916105057866
2020,Lagged rent growth only,-0.0019804947078228483,-0.0005263517525448953
2020,Lagged rent growth only,0.06935755535960195,-0.006568764448651532
2020,Lagged rent growth only,-0.0035742856562137534,-0.0026401597099402077
2020,Lagged rent growth only,0.06437526270747196,-0.004289622567178474
2020,Lagged rent growth only,0.04068027064204196,0.002478538490411576
2020,Lagged rent growth only,0.01606186106800995,-0.003741676151139208
2020,Lagged rent growth only,-0.011600513011217152,-0.005714295673186768
2020,Lagged rent growth only,0.00038056448101995294,-0.002232138131290739
2020,Lagged rent growth only,0.01015533134341235,-0.004952811325753374
2020,Lagged rent growth only,0.01771423593163495,0.0006198944918252302
2020,Lagged rent growth only,-0.03065767511725425,-0.00013297428948737022
2020,Lagged rent growth only,-0.04216470569372175,-5.938006202207128e-05
2020,Lagged rent growth only,0.04625440761446994,0.008129524339536452
2020,Lagged rent growth only,0.046630140393971946,0.0006827035011770009
2020,Lagged rent growth only,0.019222881644963948,0.004079649629137322
2020,Lagged rent growth only,-0.010549735277891152,0.000988135282612544
2020,Lagged rent growth only,-0.013858433812856653,0.005023254518823241
2020,Lagged rent growth only,0.004274081438779852,-0.00029093783902271985
2020,Lagged rent growth only,-0.018549691885709756,0.0026668201080682374
2020,Lagged rent growth only,-0.025055509060621255,-0.0033490248197560247
2020,Lagged rent growth only,0.04356553778052296,-0.00011432586601828755
2020,Lagged rent growth only,0.020615797489881953,-0.002130198079275849
2020,Lagged rent growth only,-0.00973842665553095,-0.0026139674318012254
2020,Lagged rent growth only,0.021921124309300953,0.006545298293116264
2020,Lagged rent growth only,-0.0069367848336696555,0.006678551278068627
2020,Lagged rent growth only,0.03472801670432094,0.010692966098211432
2020,Lagged rent growth only,-0.024101350456476246,0.011709073717053734
2020,Lagged rent growth only,0.034388896077870955,0.003670598213550454
2020,Lagged rent growth only,0.01674742624163595,0.000881161085783165
2020,Lagged rent growth only,0.02155796065926594,0.004912402097816879
2020,Lagged rent growth only,0.006793145090341547,0.003676526908412415
2020,Lagged rent growth only,0.04200431331992196,0.0029330407790895143
2020,Lagged rent growth only,0.018626850098371943,0.00433817643349513
2020,Lagged rent growth only,-0.007360439747571952,-0.004383275146788515
2020,Lagged rent growth only,-0.02448855713009835,0.00229109252238774
2020,Lagged rent growth only,-0.00038056448101995294,-0.002624736084173127
2020,Lagged rent growth only,-0.018536578863859156,-0.004373723156106679
2020,Lagged rent growth only,0.01090539619326595,0.008039923924390423
2020,Lagged rent growth only,-0.001299370080232655,0.0017353744727312945
2020,Lagged rent growth only,0.07129363343119596,-0.0050126656510234464
2020,Lagged rent growth only,-0.017814848572015755,0.0033195094075725616
2020,Lagged rent growth only,0.022363197058438943,0.01181762165933696
2020,Lagged rent growth only,-0.015645075589418446,0.0036756213145371914
2020,Lagged rent growth only,0.10760655626654594,-0.012069821363006437
2020,Lagged rent growth only,-0.022803109139204046,0.002686468918267384
2020,Lagged rent growth only,-0.014047365635633448,0.004610743624194781
2020,Lagged rent growth only,-0.02707841619849205,-0.002992696177671887
2020,Lagged rent growth only,-0.019811008125543546,0.0025342453982033194
2020,Lagged rent growth only,-0.03673452511429785,0.0012099965788516876
2020,Lagged rent growth only,0.01342310383915895,-0.00013306724170422532
2020,Lagged rent growth only,0.05303850397467596,0.005088311867440432
2020,Lagged rent growth only,-0.032148297876119655,-0.00024031017167542608
2020,Lagged rent growth only,-0.051381524652242654,-0.004500970599562349
2020,Lagged rent growth only,0.04552855715155595,-0.0009586495052193395
2020,Lagged rent growth only,-0.028396271169185652,-0.001384669762138831
2020,Lagged rent growth only,-0.024303499609231956,-0.0007117454092458188
2020,Lagged rent growth only,-0.03214935585856435,-0.0025906263018588118
2020,Lagged rent growth only,0.14240616187453295,-0.0049292847515367
2020,Lagged rent growth only,-0.003731708973646157,0.0004761443485997262
2020,Lagged rent growth only,-0.030687477439641953,0.005516431371950755
2020,Lagged rent growth only,0.09481341764330894,0.003916565424803457
2020,Lagged rent growth only,0.03328421339392695,-0.008490178112953318
2020,Lagged rent growth only,0.06577555462717996,0.0025905910073664
2020,Lagged rent growth only,0.0012053884565830439,-0.0017293071320747377
2020,Lagged rent growth only,0.07034445926547095,-0.00932096880668953
2020,Lagged rent growth only,-0.03040507435798645,0.0011234939573885687
2020,Lagged rent growth only,-0.005925331264734247,0.0006283770718535828
2020,Lagged rent growth only,-0.007073972374200856,0.0021900902754123466
2020,Lagged rent growth only,0.06375491246581094,-6.114983541845157e-05
2020,Lagged rent growth only,-0.008442487567663158,-0.01010119809604493
2020,Lagged rent growth only,0.012669969350099945,-0.0005355135279796477
2020,Lagged rent growth only,0.04901808127760895,-0.002264750554626411
2020,Lagged rent growth only,-0.017071317881345756,0.003031056590978436
2020,Lagged rent growth only,0.01795944198965995,-0.0071538639117885204
2020,Lagged rent growth only,0.04387512430548695,0.00018283776971097395
2020,Lagged rent growth only,0.02361530438065495,-0.0037602173574472443
2020,Lagged rent growth only,0.025985311716794947,0.0023194079764110157
2020,Lagged rent growth only,-0.015178661793470348,-0.00709800607168425
2020,Lagged rent growth only,-0.011234607547521556,0.002804513632093712
2020,Lagged rent growth only,-0.018354643136262845,-0.005233680713961516
2020,Lagged rent growth only,0.008921246975660345,-0.004587423063641112
2020,Lagged rent growth only,-0.006264481693506248,-0.000784487421336666
2020,Lagged rent growth only,0.007999900728464147,-0.003720579219026799
2020,Lagged rent growth only,-0.02246311679482465,0.004709063141346711
2020,Lagged rent growth only,-0.015079785138368655,0.0010503000686791027
2020,Lagged rent growth only,-0.0049222074449062556,-0.006812406474004404
2020,Lagged rent growth only,-0.02947670966386795,0.004160239201161102
2020,Lagged rent growth only,0.10310954973101596,-0.0022693659543054846
2020,Lagged rent growth only,-0.01450550183653835,0.0004701429485384521
2020,Lagged rent growth only,0.06618006154894795,-0.0007895648211431799
2020,Lagged rent growth only,-0.004736911505460746,-0.011871316439492791
2020,Lagged rent growth only,0.01734412088990194,0.0019704193383429346
2020,Lagged rent growth only,0.0024988539516925465,-0.004009197232877641
2020,Lagged rent growth only,-0.01822159066796305,0.0035101847748933196
2020,Lagged rent growth only,0.04534946009516696,0.0009746305219164087
2020,Lagged rent growth only,-0.008530709892511347,-0.0010367404112154605
2020,Occupancy only,-0.014666032046079656,0.009240632984349073
2020,Occupancy only,-0.03772958740592005,0.012350304297436165
2020,Occupancy only,0.04950008913874595,0.008787966636308875
2020,Occupancy only,0.00948422029614445,0.021349143870245557
2020,Occupancy only,-0.0019804947078228483,0.011357466776719949
2020,Occupancy only,0.06935755535960195,-0.0033305652016489273
2020,Occupancy only,-0.0035742856562137534,0.0007320567959382962
2020,Occupancy only,0.06437526270747196,-0.01269151323138662
2020,Occupancy only,0.04068027064204196,0.01800790731357338
2020,Occupancy only,0.01606186106800995,0.00852338395607849
2020,Occupancy only,-0.011600513011217152,-0.014366046328832816
2020,Occupancy only,0.00038056448101995294,-0.008786296507828195
2020,Occupancy only,0.01015533134341235,0.006356593132422816
2020,Occupancy only,0.01771423593163495,-0.00259467769497429
2020,Occupancy only,-0.03065767511725425,0.006097796505593611
2020,Occupancy only,-0.04216470569372175,0.013064549502238454
2020,Occupancy only,0.04625440761446994,-0.015136920992460112
2020,Occupancy only,0.046630140393971946,-0.004570257919833065
2020,Occupancy only,0.019222881644963948,-0.003045694402256993
2020,Occupancy only,-0.010549735277891152,-0.0024577328906337237
2020,Occupancy only,-0.013858433812856653,0.005260172945065145
2020,Occupancy only,0.004274081438779852,-0.00459128468411002
2020,Occupancy only,-0.018549691885709756,0.0018482234293731858
2020,Occupancy only,-0.025055509060621255,-0.017237627699817848
2020,Occupancy only,0.04356553778052296,-0.006586562112038563
2020,Occupancy only,0.020615797489881953,-0.0013076378249119447
2020,Occupancy only,-0.00973842665553095,0.008876234727563992
2020,Occupancy only,0.021921124309300953,0.012806590006540386
2020,Occupancy only,-0.0069367848336696555,0.01813138415531479
2020,Occupancy only,0.03472801670432094,0.0164330666851622
2020,Occupancy only,-0.024101350456476246,0.0037802235924409566
2020,Occupancy only,0.034388896077870955,0.009674390017442414
2020,Occupancy only,0.01674742624163595,0.022135973268358866
2020,Occupancy only,0.02155796065926594,-0.0013683790748770241
2020,Occupancy only,0.006793145090341547,0.009369329584904218
2020,Occupancy only,0.04200431331992196,0.007548470890155756
2020,Occupancy only,0.018626850098371943,-0.0009786206691402843
2020,Occupancy only,-0.007360439747571952,0.015595664718167923
2020,Occupancy only,-0.02448855713009835,0.011063338291885216
2020,Occupancy only,-0.00038056448101995294,-0.014882999423390775
2020,Occupancy only,-0.018536578863859156,0.0011030043727439098
2020,Occupancy only,0.01090539619326595,0.0003042827882775989
2020,Occupancy only,-0.001299370080232655,-0.003868274223941426
2020,Occupancy only,0.07129363343119596,-0.00015801056776276745
2020,Occupancy only,-0.017814848572015755,-0.0079794744485992
2020,Occupancy only,0.022363197058438943,0.0145643191654512
2020,Occupancy only,-0.015645075589418446,0.0022675276397143285
2020,Occupancy only,0.10760655626654594,0.004614794086494123
2020,Occupancy only,-0.022803109139204046,0.010017416808897117
2020,Occupancy only,-0.014047365635633448,0.0020205247132231707
2020,Occupancy only,-0.02707841619849205,0.005707250211733961
2020,Occupancy only,-0.019811008125543546,-0.0022039590505875672
2020,Occupancy only,-0.03673452511429785,-0.008574920897388927
2020,Occupancy only,0.01342310383915895,-0.009636920222382717
2020,Occupancy only,0.05303850397467596,-0.0012845428543127313
2020,Occupancy only,-0.032148297876119655,0.011415844362317296
2020,Occupancy only,-0.051381524652242654,0.0006328075139723222
2020,Occupancy only,0.04552855715155595,-0.00796524321938158
2020,Occupancy only,-0.028396271169185652,0.014703110582579448
2020,Occupancy only,-0.024303499609231956,-0.006181932317984085
2020,Occupancy only,-0.03214935585856435,0.01510195432323197
2020,Occupancy only,0.14240616187453295,-0.011089490462739993
2020,Occupancy only,-0.003731708973646157,-0.007918019175022217
2020,Occupancy only,-0.030687477439641953,0.0014609517955238016
2020,Occupancy only,0.09481341764330894,-0.011122581763896633
2020,Occupancy only,0.03328421339392695,0.016033607406913564
2020,Occupancy only,0.06577555462717996,-0.004350289404555008
2020,Occupancy only,0.0012053884565830439,0.005775033211796898
2020,Occupancy only,0.07034445926547095,0.005281470545883737
2020,Occupancy only,-0.03040507435798645,0.0051306884563872
2020,Occupancy only,-0.005925331264734247,0.0018572348997775157
2020,Occupancy only,-0.007073972374200856,0.0155911343614622
2020,Occupancy only,0.06375491246581094,-0.0036547811641725048
2020,Occupancy only,-0.008442487567663158,0.007906639906469781
2020,Occupancy only,0.012669969350099945,0.0005486265923542732
2020,Occupancy only,0.04901808127760895,0.01922807517921482
2020,Occupancy only,-0.017071317881345756,0.015588869183108922
2020,Occupancy only,0.01795944198965995,0.013506727089644288
2020,Occupancy only,0.04387512430548695,0.0005791572571116621
2020,Occupancy only,0.02361530438065495,-0.010716450058108284
2020,Occupancy only,0.025985311716794947,0.01334905097907313
2020,Occupancy only,-0.015178661793470348,-0.013239784878825267
2020,Occupancy only,-0.011234607547521556,-0.009389794188372325
2020,Occupancy only,-0.018354643136262845,0.00587706472369659
2020,Occupancy only,0.008921246975660345,0.000683675540899209
2020,Occupancy only,-0.006264481693506248,-0.008050039678595411
2020,Occupancy only,0.007999900728464147,0.012528514742206953
2020,Occupancy only,-0.02246311679482465,0.014488238718595392
2020,Occupancy only,-0.015079785138368655,-0.004663154853809581
2020,Occupancy only,-0.0049222074449062556,0.019398357499750107
2020,Occupancy only,-0.02947670966386795,0.011117357871303524
2020,Occupancy only,0.10310954973101596,0.005187761102280808
2020,Occupancy only,-0.01450550183653835,0.009450802141100334
2020,Occupancy only,0.06618006154894795,0.009332520436668212
2020,Occupancy only,-0.004736911505460746,0.006626321706955041
2020,Occupancy only,0.01734412088990194,0.013729699428390585
2020,Occupancy only,0.0024988539516925465,-0.004857984813670502
2020,Occupancy only,-0.01822159066796305,-0.00406386745042131
2020,Occupancy only,0.04534946009516696,0.005304146950917743
2020,Occupancy only,-0.008530709892511347,0.015265859674273796
2020,Absorption only,-0.014666032046079656,0.0009330043763316428
2020,Absorption only,-0.03772958740592005,0.0031932900973225425
2020,Absorption only,0.04950008913874595,0.0003770808577957935
2020,Absorption only,0.00948422029614445,0.0026828729044695646
2020,Absorption only,-0.0019804947078228483,-0.0011553109703816187
2020,Absorption only,0.06935755535960195,0.0028647945481448237
2020,Absorption only,-0.0035742856562137534,0.0025270733429630606
2020,Absorption only,0.06437526270747196,0.0016462823422173749
2020,Absorption only,0.04068027064204196,0.002623372606196289
2020,Absorption only,0.01606186106800995,0.002045369708684468
2020,Absorption only,-0.011600513011217152,0.0023208954801310997
2020,Absorption only,0.00038056448101995294,-3.952488917336166e-05
2020,Absorption only,0.01015533134341235,0.009458858091799678
2020,Absorption only,0.01771423593163495,0.0007396802364716096
2020,Absorption only,-0.03065767511725425,0.003960470772445388
2020,Absorption only,-0.04216470569372175,0.0013832993165739942
2020,Absorption only,0.04625440761446994,0.004600876421804791
2020,Absorption only,0.046630140393971946,0.003335406663407318
2020,Absorption only,0.019222881644963948,0.003708371947705656
2020,Absorption only,-0.010549735277891152,-0.0004754112206004074
2020,Absorption only,-0.013858433812856653,0.0007540888452869149
2020,Absorption only,0.004274081438779852,0.0037377074606173926
2020,Absorption only,-0.018549691885709756,0.0023623591026211877
2020,Absorption only,-0.025055509060621255,0.002486024356697874
2020,Absorption only,0.04356553778052296,0.001996338975089939
2020,Absorption only,0.020615797489881953,0.002023704965933397
2020,Absorption only,-0.00973842665553095,0.0012637804247463166
2020,Absorption only,0.021921124309300953,0.0013904517914535342
2020,Absorption only,-0.0069367848336696555,0.004360905706643409
2020,Absorption only,0.03472801670432094,0.002762172082481857
2020,Absorption only,-0.024101350456476246,0.002515774505834511
2020,Absorption only,0.034388896077870955,0.0012988171857504405
2020,Absorption only,0.01674742624163595,0.0010648586958501216
2020,Absorption only,0.02155796065926594,-0.0023089326071120807
2020,Absorption only,0.006793145090341547,0.004175252336944043
2020,Absorption only,0.04200431331992196,0.0025781772576820936
2020,Absorption only,0.018626850098371943,0.0035536089767614037
2020,Absorption only,-0.007360439747571952,0.0011166882239627305
2020,Absorption only,-0.02448855713009835,0.002292181921556714
2020,Absorption only,-0.00038056448101995294,0.001201999627236086
2020,Absorption only,-0.018536578863859156,0.0026332202165376844
2020,Absorption only,0.01090539619326595,0.0019023202110936654
2020,Absorption only,-0.001299370080232655,0.002546353927420951
2020,Absorption only,0.07129363343119596,0.004336131192205581
2020,Absorption only,-0.017814848572015755,0.0011608469819146742
2020,Absorption only,0.022363197058438943,0.0024196825607137335
2020,Absorption only,-0.015645075589418446,0.00034556850470332675
2020,Absorption only,0.10760655626654594,0.002468298658083361
2020,Absorption only,-0.022803109139204046,0.0013235917001882679
2020,Absorption only,-0.014047365635633448,0.004714486747427631
2020,Absorption only,-0.02707841619849205,-0.0008544923892160333
2020,Absorption only,-0.019811008125543546,0.0025107988711357008
2020,Absorption only,-0.03673452511429785,0.001957466829005482
2020,Absorption only,0.01342310383915895,0.0020357294164555224
2020,Absorption only,0.05303850397467596,0.0026035737264572716
2020,Absorption only,-0.032148297876119655,0.001753776783522927
2020,Absorption only,-0.051381524652242654,0.0008658333078977009
2020,Absorption only,0.04552855715155595,0.002283992856114922
2020,Absorption only,-0.028396271169185652,0.001942436265852825
2020,Absorption only,-0.024303499609231956,-0.0006510096618459285
2020,Absorption only,-0.03214935585856435,-0.0007922969554809019
2020,Absorption only,0.14240616187453295,0.006820942428980306
2020,Absorption only,-0.003731708973646157,0.0006625578986400465
2020,Absorption only,-0.030687477439641953,0.0016500140682414823
2020,Absorption only,0.09481341764330894,0.0016514652950286356
2020,Absorption only,0.03328421339392695,0.0024694389077018386
2020,Absorption only,0.06577555462717996,0.00796865549950593
2020,Absorption only,0.0012053884565830439,0.0013109452953287914
2020,Absorption only,0.07034445926547095,0.002129851839508021
2020,Absorption only,-0.03040507435798645,-0.000660753613131099
2020,Absorption only,-0.005925331264734247,0.002127778658383517
2020,Absorption only,-0.007073972374200856,0.0013056586834613053
2020,Absorption only,0.06375491246581094,0.003531425938729207
2020,Absorption only,-0.008442487567663158,0.003938702370638092
2020,Absorption only,0.012669969350099945,0.0033301200515398316
2020,Absorption only,0.04901808127760895,0.002891849561819606
2020,Absorption only,-0.017071317881345756,0.0011607433228584488
2020,Absorption only,0.01795944198965995,0.0012833719863728828
2020,Absorption only,0.04387512430548695,0.005187793998151981
2020,Absorption only,0.02361530438065495,0.0029022154674421276
2020,Absorption only,0.025985311716794947,0.0011289199925973064
2020,Absorption only,-0.015178661793470348,-0.004463486090753258
2020,Absorption only,-0.011234607547521556,-0.002635147657052845
2020,Absorption only,-0.018354643136262845,0.0016555079982214192
2020,Absorption only,0.008921246975660345,7.325616399967653e-05
2020,Absorption only,-0.006264481693506248,0.0017812464334226097
2020,Absorption only,0.007999900728464147,0.002695622968385266
2020,Absorption only,-0.02246311679482465,0.00197311934649549
2020,Absorption only,-0.015079785138368655,0.0015212695204097604
2020,Absorption only,-0.0049222074449062556,0.003047234487101209
2020,Absorption only,-0.02947670966386795,0.0003866174909685136
2020,Absorption only,0.10310954973101596,0.002701635193646329
2020,Absorption only,-0.01450550183653835,0.0016283493254904118
2020,Absorption only,0.06618006154894795,0.001028163389946394
2020,Absorption only,-0.004736911505460746,0.0012579755175977044
2020,Absorption only,0.01734412088990194,0.0033734495370419735
2020,Absorption only,0.0024988539516925465,-0.0002743126515234826
2020,Absorption only,-0.01822159066796305,-0.00021812944304941395
2020,Absorption only,0.04534946009516696,0.0016613129053700314
2020,Absorption only,-0.008530709892511347,0.0002648180999038814
2020,All predictors,-0.014666032046079656,0.011368483342615698
2020,All predictors,-0.03772958740592005,0.012300646080627642
2020,All predictors,0.04950008913874595,0.008387523825798049
2020,All predictors,0.00948422029614445,0.02177216884436517
2020,All predictors,-0.0019804947078228483,0.008393089842960721
2020,All predictors,0.06935755535960195,-0.004631434807637225
2020,All predictors,-0.0035742856562137534,0.006436966515721232
2020,All predictors,0.06437526270747196,-0.02118754050649868
2020,All predictors,0.04068027064204196,0.02855810180110796
2020,All predictors,0.01606186106800995,0.003649824774447974
2020,All predictors,-0.011600513011217152,-0.01338341394401732
2020,All predictors,0.00038056448101995294,-0.011388568134654553
2020,All predictors,0.01015533134341235,0.014042725242368992
2020,All predictors,0.01771423593163495,-0.009345271168088365
2020,All predictors,-0.03065767511725425,0.006227588952261387
2020,All predictors,-0.04216470569372175,0.008835886522815806
2020,All predictors,0.04625440761446994,0.0011675889151041563
2020,All predictors,0.046630140393971946,-0.0018499408069030943
2020,All predictors,0.019222881644963948,0.0006210026832705329
2020,All predictors,-0.010549735277891152,-0.008645679611570534
2020,All predictors,-0.013858433812856653,0.004606595557973103
2020,All predictors,0.004274081438779852,-0.0006269456010989383
2020,All predictors,-0.018549691885709756,0.0026540705433342193
2020,All predictors,-0.025055509060621255,-0.019501813235695498
2020,All predictors,0.04356553778052296,-0.010423897370691437
2020,All predictors,0.020615797489881953,-0.006741008077443933
2020,All predictors,-0.00973842665553095,0.004448150639756954
2020,All predictors,0.021921124309300953,0.019366829960568377
2020,All predictors,-0.0069367848336696555,0.029501313348654468
2020,All predictors,0.03472801670432094,0.03356447164611154
2020,All predictors,-0.024101350456476246,0.014170110700750305
2020,All predictors,0.034388896077870955,0.010015995893425833
2020,All predictors,0.01674742624163595,0.0215090149793567
2020,All predictors,0.02155796065926594,-5.277571562445349e-05
2020,All predictors,0.006793145090341547,0.012499895311538278
2020,All predictors,0.04200431331992196,0.011802482143761395
2020,All predictors,0.018626850098371943,0.00625117523141383
2020,All predictors,-0.007360439747571952,0.009542705222086001
2020,All predictors,-0.02448855713009835,0.007762167836975531
2020,All predictors,-0.00038056448101995294,-0.022094379692033372
2020,All predictors,-0.018536578863859156,-0.0031347423391464013
2020,All predictors,0.01090539619326595,0.006756340333381516
2020,All predictors,-0.001299370080232655,0.00046094183439349123
2020,All predictors,0.07129363343119596,0.0007330014060590306
2020,All predictors,-0.017814848572015755,-0.00951086816354313
2020,All predictors,0.022363197058438943,0.02517855507472666
2020,All predictors,-0.015645075589418446,0.000364577168197322
2020,All predictors,0.10760655626654594,0.001854986331760955
2020,All predictors,-0.022803109139204046,0.007607952410223329
2020,All predictors,-0.014047365635633448,0.008862197235167069
2020,All predictors,-0.02707841619849205,-0.007925098569608047
2020,All predictors,-0.019811008125543546,-0.0005203184233020797
2020,All predictors,-0.03673452511429785,-0.006803573952644859
2020,All predictors,0.01342310383915895,-0.001883543749462313
2020,All predictors,0.05303850397467596,-0.0007016930625932671
2020,All predictors,-0.032148297876119655,0.00568641865660191
2020,All predictors,-0.051381524652242654,-0.014041646519641682
2020,All predictors,0.04552855715155595,-0.010224134301392407
2020,All predictors,-0.028396271169185652,0.0079803200794204
2020,All predictors,-0.024303499609231956,-0.013700080105177093
2020,All predictors,-0.03214935585856435,0.0009349781597243201
2020,All predictors,0.14240616187453295,-0.008404362063996473
2020,All predictors,-0.003731708973646157,-0.005080643429572207
2020,All predictors,-0.030687477439641953,0.0011384057004835135
2020,All predictors,0.09481341764330894,-0.003976053867694174
2020,All predictors,0.03328421339392695,0.018671277344331716
2020,All predictors,0.06577555462717996,0.0027620716908964837
2020,All predictors,0.0012053884565830439,-5.479445618378209e-05
2020,All predictors,0.07034445926547095,-8.772201118129042e-05
2020,All predictors,-0.03040507435798645,-0.002137082339418117
2020,All predictors,-0.005925331264734247,-0.0008369877504436629
2020,All predictors,-0.007073972374200856,0.013337354689467174
2020,All predictors,0.06375491246581094,-0.0007281315204337169
2020,All predictors,-0.008442487567663158,0.0004917339121381925
2020,All predictors,0.012669969350099945,0.004007389472854506
2020,All predictors,0.04901808127760895,0.02816248428394119
2020,All predictors,-0.017071317881345756,0.013549738360338459
2020,All predictors,0.01795944198965995,0.007876068280215975
2020,All predictors,0.04387512430548695,0.008176539756621581
2020,All predictors,0.02361530438065495,-0.015991622892553903
2020,All predictors,0.025985311716794947,0.014370600473657236
2020,All predictors,-0.015178661793470348,-0.034296714780988335
2020,All predictors,-0.011234607547521556,-0.015512562763931204
2020,All predictors,-0.018354643136262845,-0.0027228251906203926
2020,All predictors,0.008921246975660345,-0.010558519991922088
2020,All predictors,-0.006264481693506248,-0.004980225160585661
2020,All predictors,0.007999900728464147,0.006786500586969113
2020,All predictors,-0.02246311679482465,0.01715798799979318
2020,All predictors,-0.015079785138368655,-0.007537290802127616
2020,All predictors,-0.0049222074449062556,0.02279983392987195
2020,All predictors,-0.02947670966386795,0.009562025528005613
2020,All predictors,0.10310954973101596,0.002654158725588718
2020,All predictors,-0.01450550183653835,0.007252342233619702
2020,All predictors,0.06618006154894795,0.005104035040726984
2020,All predictors,-0.004736911505460746,-0.004469247124733344
2020,All predictors,0.01734412088990194,0.019990965089650536
2020,All predictors,0.0024988539516925465,-0.015145258997634303
2020,All predictors,-0.01822159066796305,-0.0033772950344088115
2020,All predictors,0.04534946009516696,0.005666762823559379
2020,All predictors,-0.008530709892511347,0.00834898598385242
2021,Excess crowding only,0.006463974714279147,-0.0007364955077750991
2021,Excess crowding only,0.016540918499231352,-0.0031669958114287264
2021,Excess crowding only,0.02926548942923545,-0.0006214994045612189
2021,Excess crowding only,0.0077330693602561465,0.0008927737286349523
2021,Excess crowding only,-0.0034521557390690474,-0.0020948004548150653
2021,Excess crowding only,-0.027910785749554655,0.0047894487040176514
2021,Excess crowding only,-0.01200848072767255,0.0038753563748659394
2021,Excess crowding only,-0.018685217946767856,-0.004515899307603157
2021,Excess crowding only,0.008711114525794948,0.008449168096051637
2021,Excess crowding only,-0.01646722666919235,-0.0018554376302403444
2021,Excess crowding only,-0.024452045559883152,0.0004485706763598761
2021,Excess crowding only,-0.010356880724430154,0.001662313527026569
2021,Excess crowding only,-0.02136969007551675,0.005984254227368906
2021,Excess crowding only,0.0011876486241817474,-0.0015229811888612336
2021,Excess crowding only,-0.001859832555055653,-0.0021705488590370043
2021,Excess crowding only,-0.0015619359910488476,-0.0014054239140045863
2021,Excess crowding only,0.03158531710505485,0.002338740331860068
2021,Excess crowding only,0.00144188851118085,0.0018615539842093236
2021,Excess crowding only,0.015192132443189649,0.0006925782360914202
2021,Excess crowding only,0.0026782229542732516,-0.003628317574778634
2021,Excess crowding only,0.019011680036783156,-0.0032427075213195965
2021,Excess crowding only,-0.002499241381883649,0.005121089863490741
2021,Excess crowding only,0.009473245590925147,0.0011218095431664568
2021,Excess crowding only,-0.014877842739224455,0.000475722907221116
2021,Excess crowding only,-0.001784346997737954,-0.004257592146303682
2021,Excess crowding only,-0.009944245219230652,-0.0024137156489618403
2021,Excess crowding only,-0.01190245896577835,-0.0005549286039003038
2021,Excess crowding only,0.02517264708876605,0.004041869313695889
2021,Excess crowding only,0.02571203187108035,0.0009309562382798891
2021,Excess crowding only,0.04196168109774585,0.004488049543793074
2021,Excess crowding only,0.04607470706105234,0.005149732288368649
2021,Excess crowding only,0.01353636384010315,-0.0016144144672681758
2021,Excess crowding only,0.0022452101111411493,0.0024369165128441785
2021,Excess crowding only,0.018562968820333446,0.005418972880737904
2021,Excess crowding only,0.013560362160205848,-0.0014937365871727712
2021,Excess crowding only,0.010550860315561246,0.0007022691998904639
2021,Excess crowding only,0.01623860374093055,0.002874133100907785
2021,Excess crowding only,-0.019064307212829652,-0.001653657672486261
2021,Excess crowding only,0.007952366024255753,-0.0039834615475916515
2021,Excess crowding only,-0.011946048587560654,-0.003355026461877958
2021,Excess crowding only,-0.019025642424821847,0.00217976369072541
2021,Excess crowding only,0.031222630292177152,-0.0018235273758598581
2021,Excess crowding only,0.0057029165327548495,0.003681038475683275
2021,Excess crowding only,-0.021611969918012654,0.004070867651769301
2021,Excess crowding only,0.012115217745304052,-0.0014068605646819121
2021,Excess crowding only,0.04651409015059465,0.002611142696508472
2021,Excess crowding only,0.013556696474552148,0.00013950786396893793
2021,Excess crowding only,-0.05017810221761467,0.0050976366203605815
2021,Excess crowding only,0.00955278053879735,-0.0050603498595965905
2021,Excess crowding only,0.01734190806746485,-0.00021906603756938637
2021,Excess crowding only,-0.013435486704111148,-0.004855200208528143
2021,Excess crowding only,0.008936606347560848,-0.0022620730433730073
2021,Excess crowding only,0.0035762786865234514,0.0006398117650540943
2021,Excess crowding only,-0.001860208809375749,0.004289014291336716
2021,Excess crowding only,0.019275020807981443,-0.0024352207173847437
2021,Excess crowding only,-0.0022943094372749537,-0.0033534046228356385
2021,Excess crowding only,-0.019540717825293548,-0.0058812741147152205
2021,Excess crowding only,-0.005202021449804348,0.001162670109327763
2021,Excess crowding only,-0.006926476955413853,-0.005670120683899452
2021,Excess crowding only,-0.004202596843242652,-0.0004575683093613434
2021,Excess crowding only,-0.011807978153228753,-0.006993681755498315
2021,Excess crowding only,-0.02127445861697195,0.0023533754098650898
2021,Excess crowding only,0.0006057731807231487,0.0014375460007146575
2021,Excess crowding only,0.021007973700761746,-0.0029359028160913015
2021,Excess crowding only,0.014531996101140948,0.00582009342073911
2021,Excess crowding only,-0.03568833228200676,0.007509853165647517
2021,Excess crowding only,0.009164683520793852,0.00285633027073039
2021,Excess crowding only,-0.008321508765220649,-0.003208163335132719
2021,Excess crowding only,-0.03905122773721816,0.0019036855148612903
2021,Excess crowding only,0.0032261312007903498,-0.0022319694688949826
2021,Excess crowding only,0.00122198462486265,-0.0023346566390109597
2021,Excess crowding only,0.007543526589870446,-0.0019703790786684793
2021,Excess crowding only,-0.0015690997242927482,0.004630176866624621
2021,Excess crowding only,-0.042209459468722364,0.0011895909955338174
2021,Excess crowding only,-0.0034892410039901525,0.0010575730712732503
2021,Excess crowding only,-0.01048889011144645,0.010389430962385668
2021,Excess crowding only,0.01094761118292805,-0.004779502653430986
2021,Excess crowding only,-0.030279166065156453,0.003553366748824003
2021,Excess crowding only,-0.0005814805626869479,0.0016910408544261219
2021,Excess crowding only,-0.01654227823019025,-0.0006803537439892934
2021,Excess crowding only,0.008066982030868551,-0.0005751659026836872
2021,Excess crowding only,-0.030053063295781647,-0.0040394834930831906
2021,Excess crowding only,0.010030604898929547,-0.0006906361353366832
2021,Excess crowding only,-0.022506600245833452,0.002582858528506508
2021,Excess crowding only,-0.019890662282705356,-0.0043594382787399116
2021,Excess crowding only,-0.004497043788433054,0.0023525103667118063
2021,Excess crowding only,-0.01638182997703555,-0.0023509050810909295
2021,Excess crowding only,0.01773988828063005,-0.0004155211170612913
2021,Excess crowding only,0.0029298551380634516,-0.0019466939829267454
2021,Excess crowding only,-0.028897006064653452,0.012943590557856646
2021,Excess crowding only,0.01551834493875505,-0.003662689509982485
2021,Excess crowding only,-0.010507572442293153,0.0005282222122887697
2021,Excess crowding only,0.0005814805626869479,-0.002184891314338
2021,Excess crowding only,-0.004517596215009752,-0.0018807083800255215
2021,Excess crowding only,-0.04937458899803462,0.0030193318730422614
2021,Excess crowding only,0.006654337048530551,0.002697195326400666
2021,Excess crowding only,-0.017550105229020153,-0.0036926005930164037
2021,Excess crowding only,0.012887038290500648,0.0008268243807185425
2021,Excess crowding only,0.002623558044433552,0.0004947941645352575
2021,Excess crowding only,-0.005518119782209452,-3.838110347221765e-05
2021,Supply growth only,0.006463974714279147,0.0010112198736363502
2021,Supply growth only,0.016540918499231352,0.0014407065810254933
2021,Supply growth only,0.02926548942923545,0.002039287217892472
2021,Supply growth only,0.0077330693602561465,0.001313304635556956
2021,Supply growth only,-0.0034521557390690474,0.0007110058797095593
2021,Supply growth only,-0.027910785749554655,0.0011225420290644438
2021,Supply growth only,-0.01200848072767255,-0.0009805202521714759
2021,Supply growth only,-0.018685217946767856,-0.0009722331666512374
2021,Supply growth only,0.008711114525794948,0.00018217499568736134
2021,Supply growth only,-0.01646722666919235,0.0017654902360957885
2021,Supply growth only,-0.024452045559883152,0.001590765562122505
2021,Supply growth only,-0.010356880724430154,0.0012819627380028739
2021,Supply growth only,-0.02136969007551675,-0.002953104558360223
2021,Supply growth only,0.0011876486241817474,0.00015386370394277924
2021,Supply growth only,-0.001859832555055653,-0.0015785966473729498
2021,Supply growth only,-0.0015619359910488476,0.0007345008994278778
2021,Supply growth only,0.03158531710505485,-0.0029307884632461243
2021,Supply growth only,0.00144188851118085,-0.001773240942406051
2021,Supply growth only,0.015192132443189649,0.001138006071934158
2021,Supply growth only,0.0026782229542732516,0.0011402745773809832
2021,Supply growth only,0.019011680036783156,0.001923734152956832
2021,Supply growth only,-0.002499241381883649,0.002029181757969194
2021,Supply growth only,0.009473245590925147,0.00020250077087815167
2021,Supply growth only,-0.014877842739224455,0.0015842771113159077
2021,Supply growth only,-0.001784346997737954,-4.408226519685924e-05
2021,Supply growth only,-0.009944245219230652,-0.00024094514485137808
2021,Supply growth only,-0.01190245896577835,0.0012131421294948933
2021,Supply growth only,0.02517264708876605,0.0016865920283195735
2021,Supply growth only,0.02571203187108035,0.0023541391889462587
2021,Supply growth only,0.04196168109774585,0.00260558130329012
2021,Supply growth only,0.04607470706105234,-0.0030499744875129103
2021,Supply growth only,0.01353636384010315,0.0018357837445901258
2021,Supply growth only,0.0022452101111411493,0.0018115487805928933
2021,Supply growth only,0.018562968820333446,0.0010297105725031652
2021,Supply growth only,0.013560362160205848,0.0011903318796093823
2021,Supply growth only,0.010550860315561246,0.001650522743314565
2021,Supply growth only,0.01623860374093055,-0.0019025541540293105
2021,Supply growth only,-0.019064307212829652,0.001601193775305446
2021,Supply growth only,0.007952366024255753,0.0019809967480589547
2021,Supply growth only,-0.011946048587560654,0.00040598615292076427
2021,Supply growth only,-0.019025642424821847,-0.0030668066629479704
2021,Supply growth only,0.031222630292177152,0.0012766593186030613
2021,Supply growth only,0.0057029165327548495,0.0020369980679628944
2021,Supply growth only,-0.021611969918012654,0.00011453447252809555
2021,Supply growth only,0.012115217745304052,0.0006151272019169103
2021,Supply growth only,0.04651409015059465,-0.0015955485818911993
2021,Supply growth only,0.013556696474552148,0.0016065057260918258
2021,Supply growth only,-0.05017810221761467,0.0011899176251478902
2021,Supply growth only,0.00955278053879735,0.001628614510537843
2021,Supply growth only,0.01734190806746485,0.0013015079245999827
2021,Supply growth only,-0.013435486704111148,0.0016243084858063271
2021,Supply growth only,0.008936606347560848,0.0005487511096989456
2021,Supply growth only,0.0035762786865234514,3.426830069043702e-05
2021,Supply growth only,-0.001860208809375749,0.0012968084457473448
2021,Supply growth only,0.019275020807981443,-0.0002697148866057132
2021,Supply growth only,-0.0022943094372749537,0.0011483940567658727
2021,Supply growth only,-0.019540717825293548,-0.0006083189107278617
2021,Supply growth only,-0.005202021449804348,-0.0006601898798318825
2021,Supply growth only,-0.006926476955413853,0.0012249678460881715
2021,Supply growth only,-0.004202596843242652,0.0022176443609728436
2021,Supply growth only,-0.011807978153228753,0.0013707966871468332
2021,Supply growth only,-0.02127445861697195,-0.0015434399261013208
2021,Supply growth only,0.0006057731807231487,0.001085850917625214
2021,Supply growth only,0.021007973700761746,0.0009097096618447438
2021,Supply growth only,0.014531996101140948,-0.0009992519818862677
2021,Supply growth only,-0.03568833228200676,0.0021812819324481913
2021,Supply growth only,0.009164683520793852,-0.00043120156320518646
2021,Supply growth only,-0.008321508765220649,0.0008877140590049539
2021,Supply growth only,-0.03905122773721816,-0.00010248576008752832
2021,Supply growth only,0.0032261312007903498,0.001438148357371682
2021,Supply growth only,0.00122198462486265,9.61790117602313e-05
2021,Supply growth only,0.007543526589870446,0.0017236116312558999
2021,Supply growth only,-0.0015690997242927482,0.0010015855898465817
2021,Supply growth only,-0.042209459468722364,-0.0007038325278888469
2021,Supply growth only,-0.0034892410039901525,0.00015538576530219322
2021,Supply growth only,-0.01048889011144645,0.0019853544046596235
2021,Supply growth only,0.01094761118292805,0.0013508662483057618
2021,Supply growth only,-0.030279166065156453,0.001995074121599025
2021,Supply growth only,-0.0005814805626869479,-0.001696600987536536
2021,Supply growth only,-0.01654227823019025,0.0008718248551048736
2021,Supply growth only,0.008066982030868551,0.001086736649318135
2021,Supply growth only,-0.030053063295781647,0.0013163713370861016
2021,Supply growth only,0.010030604898929547,0.0010449442568304798
2021,Supply growth only,-0.022506600245833452,0.0021886033904633386
2021,Supply growth only,-0.019890662282705356,0.0001689876223240302
2021,Supply growth only,-0.004497043788433054,0.0028456381765338675
2021,Supply growth only,-0.01638182997703555,0.0002603900980048027
2021,Supply growth only,0.01773988828063005,0.0009076482370456765
2021,Supply growth only,0.0029298551380634516,0.0016685676019595555
2021,Supply growth only,-0.028897006064653452,0.00080662678364269
2021,Supply growth only,0.01551834493875505,0.0018933749976552253
2021,Supply growth only,-0.010507572442293153,0.000187716912796032
2021,Supply growth only,0.0005814805626869479,0.001319730291883577
2021,Supply growth only,-0.004517596215009752,0.0008506058998906725
2021,Supply growth only,-0.04937458899803462,0.0023968470551324708
2021,Supply growth only,0.006654337048530551,0.0014956166078042826
2021,Supply growth only,-0.017550105229020153,0.0005110150994110331
2021,Supply growth only,0.012887038290500648,0.001962960018941469
2021,Supply growth only,0.002623558044433552,0.00237332126918252
2021,Supply growth only,-0.005518119782209452,0.0014619887215593923
2021,Lagged rent growth only,0.006463974714279147,0.003915546674670053
2021,Lagged rent growth only,0.016540918499231352,0.003497301262824033
2021,Lagged rent growth only,0.02926548942923545,0.00011302217786160148
2021,Lagged rent growth only,0.0077330693602561465,0.002035345143012867
2021,Lagged rent growth only,-0.0034521557390690474,0.0018720791355486272
2021,Lagged rent growth only,-0.027910785749554655,-0.006197703744259854
2021,Lagged rent growth only,-0.01200848072767255,-0.0012452728451898723
2021,Lagged rent growth only,-0.018685217946767856,-0.010095294057841191
2021,Lagged rent growth only,0.008711114525794948,0.0028106446110323586
2021,Lagged rent growth only,-0.01646722666919235,-1.216521987236702e-06
2021,Lagged rent growth only,-0.024452045559883152,0.0006237297339113451
2021,Lagged rent growth only,-0.010356880724430154,-0.0008389615299661771
2021,Lagged rent growth only,-0.02136969007551675,-0.0070658130124249124
2021,Lagged rent growth only,0.0011876486241817474,0.0023672187432371462
2021,Lagged rent growth only,-0.001859832555055653,0.001360567116030832
2021,Lagged rent growth only,-0.0015619359910488476,0.004159537284023971
2021,Lagged rent growth only,0.03158531710505485,0.00016341404319437838
2021,Lagged rent growth only,0.00144188851118085,-0.003981526467759975
2021,Lagged rent growth only,0.015192132443189649,-0.0032069486220434023
2021,Lagged rent growth only,0.0026782229542732516,0.003126068252928586
2021,Lagged rent growth only,0.019011680036783156,0.004105238443622123
2021,Lagged rent growth only,-0.002499241381883649,-0.00437294958833254
2021,Lagged rent growth only,0.009473245590925147,0.002034629304114793
2021,Lagged rent growth only,-0.014877842739224455,-0.0015600065513252284
2021,Lagged rent growth only,-0.001784346997737954,-0.003216505820731531
2021,Lagged rent growth only,-0.009944245219230652,-8.36109802049192e-05
2021,Lagged rent growth only,-0.01190245896577835,0.001037220698237731
2021,Lagged rent growth only,0.02517264708876605,0.0022735777619222537
2021,Lagged rent growth only,0.02571203187108035,0.0010697354890050956
2021,Lagged rent growth only,0.04196168109774585,-0.002719797321930573
2021,Lagged rent growth only,0.04607470706105234,0.002296112839622287
2021,Lagged rent growth only,0.01353636384010315,0.00036777366721871035
2021,Lagged rent growth only,0.0022452101111411493,0.003762320658013747
2021,Lagged rent growth only,0.018562968820333446,0.0015599411192546244
2021,Lagged rent growth only,0.013560362160205848,0.004401050315325581
2021,Lagged rent growth only,0.010550860315561246,0.0012616832745844866
2021,Lagged rent growth only,0.01623860374093055,-0.0011658158678941415
2021,Lagged rent growth only,-0.019064307212829652,0.0023890663288684815
2021,Lagged rent growth only,0.007952366024255753,0.00465037338685783
2021,Lagged rent growth only,-0.011946048587560654,-0.0012815679463145785
2021,Lagged rent growth only,-0.019025642424821847,-0.006911450515988718
2021,Lagged rent growth only,0.031222630292177152,0.00258563073772813
2021,Lagged rent growth only,0.0057029165327548495,0.0021686117335345265
2021,Lagged rent growth only,-0.021611969918012654,-0.006908514827107701
2021,Lagged rent growth only,0.012115217745304052,0.002677817559278768
2021,Lagged rent growth only,0.04651409015059465,0.004114914813032594
2021,Lagged rent growth only,0.013556696474552148,0.0034112533218735273
2021,Lagged rent growth only,-0.05017810221761467,-0.0035912365687110733
2021,Lagged rent growth only,0.00955278053879735,0.004729904163657601
2021,Lagged rent growth only,0.01734190806746485,0.0026699433314000274
2021,Lagged rent growth only,-0.013435486704111148,-0.0014516864332258293
2021,Lagged rent growth only,0.008936606347560848,0.0047287396628739545
2021,Lagged rent growth only,0.0035762786865234514,0.0009059927986515242
2021,Lagged rent growth only,-0.001860208809375749,-0.0003745713083525134
2021,Lagged rent growth only,0.019275020807981443,0.0010349702206460456
2021,Lagged rent growth only,-0.0022943094372749537,0.0019164099926056639
2021,Lagged rent growth only,-0.019540717825293548,-0.0006594659037527973
2021,Lagged rent growth only,-0.005202021449804348,-0.0060701391021752244
2021,Lagged rent growth only,-0.006926476955413853,0.0033938242575424545
2021,Lagged rent growth only,-0.004202596843242652,0.003532794751454912
2021,Lagged rent growth only,-0.011807978153228753,0.0015090458533312738
2021,Lagged rent growth only,-0.02127445861697195,-0.0069783744477070215
2021,Lagged rent growth only,0.0006057731807231487,0.002197862403190906
2021,Lagged rent growth only,0.021007973700761746,0.0027649612518060667
2021,Lagged rent growth only,0.014531996101140948,-0.006906791209551597
2021,Lagged rent growth only,-0.03568833228200676,0.0032665538359971658
2021,Lagged rent growth only,0.009164683520793852,-0.005661888065549657
2021,Lagged rent growth only,-0.008321508765220649,0.0016907998584077496
2021,Lagged rent growth only,-0.03905122773721816,-0.005277786246770244
2021,Lagged rent growth only,0.0032261312007903498,-0.00014579056499799286
2021,Lagged rent growth only,0.00122198462486265,-0.004604190315155612
2021,Lagged rent growth only,0.007543526589870446,0.007007670303092487
2021,Lagged rent growth only,-0.0015690997242927482,-0.006319297305941222
2021,Lagged rent growth only,-0.042209459468722364,-0.004566179497746216
2021,Lagged rent growth only,-0.0034892410039901525,0.0008028181595499234
2021,Lagged rent growth only,-0.01048889011144645,-0.0014077024990029978
2021,Lagged rent growth only,0.01094761118292805,0.006524461126488008
2021,Lagged rent growth only,-0.030279166065156453,-0.0012904898664904145
2021,Lagged rent growth only,-0.0005814805626869479,-0.0039674009494405004
2021,Lagged rent growth only,-0.01654227823019025,-0.004947556762649578
2021,Lagged rent growth only,0.008066982030868551,0.0007809953366660617
2021,Lagged rent growth only,-0.030053063295781647,-0.003282817933382547
2021,Lagged rent growth only,0.010030604898929547,-0.0013330303931946132
2021,Lagged rent growth only,-0.022506600245833452,0.0014670586599946859
2021,Lagged rent growth only,-0.019890662282705356,0.00029414082296937887
2021,Lagged rent growth only,-0.004497043788433054,0.00283476645952602
2021,Lagged rent growth only,-0.01638182997703555,-0.0005347698304704305
2021,Lagged rent growth only,0.01773988828063005,0.0023512402545884424
2021,Lagged rent growth only,0.0029298551380634516,0.001293384478766298
2021,Lagged rent growth only,-0.028897006064653452,0.0006648021718058139
2021,Lagged rent growth only,0.01551834493875505,0.007193315317782393
2021,Lagged rent growth only,-0.010507572442293153,-0.0033338700028879287
2021,Lagged rent growth only,0.0005814805626869479,0.001957324893810449
2021,Lagged rent growth only,-0.004517596215009752,0.0005641640851946215
2021,Lagged rent growth only,-0.04937458899803462,0.0036899534834046272
2021,Lagged rent growth only,0.006654337048530551,0.0029535426070282406
2021,Lagged rent growth only,-0.017550105229020153,0.0031917227680119935
2021,Lagged rent growth only,0.012887038290500648,0.003256550011833611
2021,Lagged rent growth only,0.002623558044433552,0.0009421297928917194
2021,Lagged rent growth only,-0.005518119782209452,0.006138858880705592
2021,Occupancy only,0.006463974714279147,0.012898068280278452
2021,Occupancy only,0.016540918499231352,0.016700689516038925
2021,Occupancy only,0.02926548942923545,0.009662256253989587
2021,Occupancy only,0.0077330693602561465,0.020412923727174237
2021,Occupancy only,-0.0034521557390690474,0.01882189481726565
2021,Occupancy only,-0.027910785749554655,0.004798478312536658
2021,Occupancy only,-0.01200848072767255,-0.003942946440645745
2021,Occupancy only,-0.018685217946767856,0.0039738053510806615
2021,Occupancy only,0.008711114525794948,0.016120104976371896
2021,Occupancy only,-0.01646722666919235,0.012118654014085573
2021,Occupancy only,-0.024452045559883152,-0.0028718384711847733
2021,Occupancy only,-0.010356880724430154,-0.0037159794071755514
2021,Occupancy only,-0.02136969007551675,0.004351975101947347
2021,Occupancy only,0.0011876486241817474,0.011119312473071186
2021,Occupancy only,-0.001859832555055653,0.009582537505587962
2021,Occupancy only,-0.0015619359910488476,0.013622468136290478
2021,Occupancy only,0.03158531710505485,-0.004280854855783778
2021,Occupancy only,0.00144188851118085,0.0013976665110062014
2021,Occupancy only,0.015192132443189649,0.008445551300871212
2021,Occupancy only,0.0026782229542732516,0.006035520346195811
2021,Occupancy only,0.019011680036783156,0.011500980375611758
2021,Occupancy only,-0.002499241381883649,0.0001587993547345068
2021,Occupancy only,0.009473245590925147,0.007241339746588971
2021,Occupancy only,-0.014877842739224455,-0.013788722468019599
2021,Occupancy only,-0.001784346997737954,0.005123437048185131
2021,Occupancy only,-0.009944245219230652,0.0023463174442202583
2021,Occupancy only,-0.01190245896577835,0.009616410912172413
2021,Occupancy only,0.02517264708876605,0.015674318778237384
2021,Occupancy only,0.02571203187108035,0.020423222633345672
2021,Occupancy only,0.04196168109774585,0.014099151052938963
2021,Occupancy only,0.04607470706105234,0.00924321679319029
2021,Occupancy only,0.01353636384010315,0.01189531549819034
2021,Occupancy only,0.0022452101111411493,0.018531309224155135
2021,Occupancy only,0.018562968820333446,0.012654870692145714
2021,Occupancy only,0.013560362160205848,0.01489707727705969
2021,Occupancy only,0.010550860315561246,0.011698202256026635
2021,Occupancy only,0.01623860374093055,0.0011879512317552465
2021,Occupancy only,-0.019064307212829652,0.01607601957421695
2021,Occupancy only,0.007952366024255753,0.012874537235165573
2021,Occupancy only,-0.011946048587560654,-0.00025089721650034535
2021,Occupancy only,-0.019025642424821847,-0.0064770640053296025
2021,Occupancy only,0.031222630292177152,0.005554709176019246
2021,Occupancy only,0.0057029165327548495,-0.0013236999426731733
2021,Occupancy only,-0.021611969918012654,0.007074949401737696
2021,Occupancy only,0.012115217745304052,0.001281380127401588
2021,Occupancy only,0.04651409015059465,0.012146096036225351
2021,Occupancy only,0.013556696474552148,0.008935379445860259
2021,Occupancy only,-0.05017810221761467,0.006010033812569648
2021,Occupancy only,0.00955278053879735,0.015549884525826618
2021,Occupancy only,0.01734190806746485,0.007336115756545025
2021,Occupancy only,-0.013435486704111148,0.012348250093224322
2021,Occupancy only,0.008936606347560848,0.006391071613256083
2021,Occupancy only,0.0035762786865234514,-0.0025079655141169166
2021,Occupancy only,-0.001860208809375749,-0.005886854116645801
2021,Occupancy only,0.019275020807981443,0.014440144794398313
2021,Occupancy only,-0.0022943094372749537,0.014706286781089484
2021,Occupancy only,-0.019540717825293548,0.005183883370903308
2021,Occupancy only,-0.005202021449804348,0.005634645200922106
2021,Occupancy only,-0.006926476955413853,0.016088773704855175
2021,Occupancy only,-0.004202596843242652,-0.0037340785397504406
2021,Occupancy only,-0.011807978153228753,0.017809581869111468
2021,Occupancy only,-0.02127445861697195,0.013797114988199022
2021,Occupancy only,0.0006057731807231487,-0.000361165041013245
2021,Occupancy only,0.021007973700761746,0.007961872080874621
2021,Occupancy only,0.014531996101140948,0.0069121875744617145
2021,Occupancy only,-0.03568833228200676,0.01673345481246591
2021,Occupancy only,0.009164683520793852,0.010851258453166479
2021,Occupancy only,-0.008321508765220649,0.01233506140958296
2021,Occupancy only,-0.03905122773721816,0.005149597138966289
2021,Occupancy only,0.0032261312007903498,0.01091896181103491
2021,Occupancy only,0.00122198462486265,0.007530686863641112
2021,Occupancy only,0.007543526589870446,0.017718695108532856
2021,Occupancy only,-0.0015690997242927482,0.007058588481174466
2021,Occupancy only,-0.042209459468722364,0.005934204313545022
2021,Occupancy only,-0.0034892410039901525,0.007893864535904072
2021,Occupancy only,-0.01048889011144645,0.017436974396683458
2021,Occupancy only,0.01094761118292805,0.015369110476575909
2021,Occupancy only,-0.030279166065156453,0.014371311598721848
2021,Occupancy only,-0.0005814805626869479,0.004926063074219389
2021,Occupancy only,-0.01654227823019025,0.0032268956495130063
2021,Occupancy only,0.008066982030868551,0.017437104762584477
2021,Occupancy only,-0.030053063295781647,-0.0006298926180725584
2021,Occupancy only,0.010030604898929547,0.005951477795414384
2021,Occupancy only,-0.022506600245833452,0.017890778097723437
2021,Occupancy only,-0.019890662282705356,0.00746913243076508
2021,Occupancy only,-0.004497043788433054,-0.003929996761156185
2021,Occupancy only,-0.01638182997703555,0.0076950130817279305
2021,Occupancy only,0.01773988828063005,0.016043732286093626
2021,Occupancy only,0.0029298551380634516,0.002466145434799283
2021,Occupancy only,-0.028897006064653452,0.014366683609239872
2021,Occupancy only,0.01551834493875505,0.01219759056708175
2021,Occupancy only,-0.010507572442293153,0.010425657242021491
2021,Occupancy only,0.0005814805626869479,0.01020557787364873
2021,Occupancy only,-0.004517596215009752,0.006899259622622389
2021,Occupancy only,-0.04937458899803462,0.01433213664550076
2021,Occupancy only,0.006654337048530551,0.014039986661579351
2021,Occupancy only,-0.017550105229020153,0.0034854546863019586
2021,Occupancy only,0.012887038290500648,0.0029648601886996806
2021,Occupancy only,0.002623558044433552,0.01112876400088647
2021,Occupancy only,-0.005518119782209452,0.016314045981613734
2021,Absorption only,0.006463974714279147,0.003640223114012001
2021,Absorption only,0.016540918499231352,0.003173445876632097
2021,Absorption only,0.02926548942923545,-0.00013872325259122842
2021,Absorption only,0.0077330693602561465,0.001486295041747387
2021,Absorption only,-0.0034521557390690474,0.006268238134309002
2021,Absorption only,-0.027910785749554655,0.004733024856558019
2021,Absorption only,-0.01200848072767255,0.003553376789831326
2021,Absorption only,-0.018685217946767856,0.012908762180629004
2021,Absorption only,0.008711114525794948,0.003485326864471317
2021,Absorption only,-0.01646722666919235,0.001799916436884817
2021,Absorption only,-0.024452045559883152,0.004611718467872786
2021,Absorption only,-0.010356880724430154,0.002561518670581484
2021,Absorption only,-0.02136969007551675,0.00953359030721048
2021,Absorption only,0.0011876486241817474,0.00972103217322769
2021,Absorption only,-0.001859832555055653,0.00919873594303489
2021,Absorption only,-0.0015619359910488476,0.003161437066274448
2021,Absorption only,0.03158531710505485,0.0140287142770271
2021,Absorption only,0.00144188851118085,0.010000193503860564
2021,Absorption only,0.015192132443189649,0.006365352861549116
2021,Absorption only,0.0026782229542732516,0.0049488353615360515
2021,Absorption only,0.019011680036783156,0.002497471682007359
2021,Absorption only,-0.002499241381883649,0.0009666094225019007
2021,Absorption only,0.009473245590925147,0.005864463641124296
2021,Absorption only,-0.014877842739224455,0.0005635310922364799
2021,Absorption only,-0.001784346997737954,0.008850132361203439
2021,Absorption only,-0.009944245219230652,0.005832962269026698
2021,Absorption only,-0.01190245896577835,0.0017665006167591863
2021,Absorption only,0.02517264708876605,0.001899989856531888
2021,Absorption only,0.02571203187108035,0.00030838738231890356
2021,Absorption only,0.04196168109774585,-0.002596178357663656
2021,Absorption only,0.04607470706105234,0.013176610863823516
2021,Absorption only,0.01353636384010315,0.0010470162396791995
2021,Absorption only,0.0022452101111411493,-0.0009535819496131198
2021,Absorption only,0.018562968820333446,0.007839129761673289
2021,Absorption only,0.013560362160205848,0.004201678508414525
2021,Absorption only,0.010550860315561246,0.002330218540649384
2021,Absorption only,0.01623860374093055,0.008785737291169672
2021,Absorption only,-0.019064307212829652,0.0011081045358463683
2021,Absorption only,0.007952366024255753,0.0005818053688676844
2021,Absorption only,-0.011946048587560654,0.008722734546974472
2021,Absorption only,-0.019025642424821847,0.006634941952041834
2021,Absorption only,0.031222630292177152,0.0032303571952835616
2021,Absorption only,0.0057029165327548495,-8.755527802385655e-05
2021,Absorption only,-0.021611969918012654,0.006818380881273163
2021,Absorption only,0.012115217745304052,0.006157200148683208
2021,Absorption only,0.04651409015059465,0.007101545148691919
2021,Absorption only,0.013556696474552148,0.0032448025758587042
2021,Absorption only,-0.05017810221761467,0.0018623970588905533
2021,Absorption only,0.00955278053879735,0.0031327203458539838
2021,Absorption only,0.01734190806746485,0.0033384364885023984
2021,Absorption only,-0.013435486704111148,0.00344199072274589
2021,Absorption only,0.008936606347560848,0.006325671575149931
2021,Absorption only,0.0035762786865234514,0.005786841475624135
2021,Absorption only,-0.001860208809375749,0.001835768827227942
2021,Absorption only,0.019275020807981443,0.011731202602660164
2021,Absorption only,-0.0022943094372749537,0.0032789145589036187
2021,Absorption only,-0.019540717825293548,0.007176730743974588
2021,Absorption only,-0.005202021449804348,0.01108603361721374
2021,Absorption only,-0.006926476955413853,0.00241723890555988
2021,Absorption only,-0.004202596843242652,-0.0006589309940261778
2021,Absorption only,-0.011807978153228753,0.0027381700113497925
2021,Absorption only,-0.02127445861697195,0.018136771663721827
2021,Absorption only,0.0006057731807231487,0.004264333171150084
2021,Absorption only,0.021007973700761746,0.0047561722736242104
2021,Absorption only,0.014531996101140948,0.013737718176766396
2021,Absorption only,-0.03568833228200676,-0.00014655508543317316
2021,Absorption only,0.009164683520793852,0.011593014263182294
2021,Absorption only,-0.008321508765220649,0.005159076563159812
2021,Absorption only,-0.03905122773721816,0.004127537157510783
2021,Absorption only,0.0032261312007903498,0.003445123455882668
2021,Absorption only,0.00122198462486265,0.006225598155502858
2021,Absorption only,0.007543526589870446,0.0017054123205920175
2021,Absorption only,-0.0015690997242927482,0.006245438798702452
2021,Absorption only,-0.042209459468722364,0.004770269572739712
2021,Absorption only,-0.0034892410039901525,0.006857714086212706
2021,Absorption only,-0.01048889011144645,-0.0006740725375206044
2021,Absorption only,0.01094761118292805,0.0014323424155028794
2021,Absorption only,-0.030279166065156453,0.0002506058600183338
2021,Absorption only,-0.0005814805626869479,0.009524888270719432
2021,Absorption only,-0.01654227823019025,0.0076222750123163315
2021,Absorption only,0.008066982030868551,0.003941661658061962
2021,Absorption only,-0.030053063295781647,0.0058501923012789754
2021,Absorption only,0.010030604898929547,0.00800742714741019
2021,Absorption only,-0.022506600245833452,0.004690384877751876
2021,Absorption only,-0.019890662282705356,0.006539915713559573
2021,Absorption only,-0.004497043788433054,-0.001424362123778907
2021,Absorption only,-0.01638182997703555,0.0015630470035984448
2021,Absorption only,0.01773988828063005,0.003199551986105246
2021,Absorption only,0.0029298551380634516,0.0029172579223355945
2021,Absorption only,-0.028897006064653452,0.0006073893561513702
2021,Absorption only,0.01551834493875505,0.00047076738324189024
2021,Absorption only,-0.010507572442293153,0.006057474810495779
2021,Absorption only,0.0005814805626869479,0.001526150368876394
2021,Absorption only,-0.004517596215009752,0.0010981842142465715
2021,Absorption only,-0.04937458899803462,0.0021363371676287974
2021,Absorption only,0.006654337048530551,0.0011836382125886794
2021,Absorption only,-0.017550105229020153,0.006143276890297529
2021,Absorption only,0.012887038290500648,0.0022487674790931597
2021,Absorption only,0.002623558044433552,0.0012344581056964092
2021,Absorption only,-0.005518119782209452,0.0017066306057007643
2021,All predictors,0.006463974714279147,0.015058441428275449
2021,All predictors,0.016540918499231352,0.015761472923995712
2021,All predictors,0.02926548942923545,0.005214342370717606
2021,All predictors,0.0077330693602561465,0.01871045265130733
2021,All predictors,-0.0034521557390690474,0.020807609791985815
2021,All predictors,-0.027910785749554655,0.006689349989245974
2021,All predictors,-0.01200848072767255,-0.0021339892954194695
2021,All predictors,-0.018685217946767856,0.004068023418535516
2021,All predictors,0.008711114525794948,0.02364199438669856
2021,All predictors,-0.01646722666919235,0.008635088021685056
2021,All predictors,-0.024452045559883152,0.002102627824927261
2021,All predictors,-0.010356880724430154,-0.002092280631878829
2021,All predictors,-0.02136969007551675,0.008436081789382155
2021,All predictors,0.0011876486241817474,0.019379313257255615
2021,All predictors,-0.001859832555055653,0.013736353894785613
2021,All predictors,-0.0015619359910488476,0.014243031017980246
2021,All predictors,0.03158531710505485,0.010086710145990552
2021,All predictors,0.00144188851118085,0.0069253355043695786
2021,All predictors,0.015192132443189649,0.011009761541740049
2021,All predictors,0.0026782229542732516,0.008100877653759608
2021,All predictors,0.019011680036783156,0.011337175725809723
2021,All predictors,-0.002499241381883649,0.00010161251145412997
2021,All predictors,0.009473245590925147,0.012533805331451986
2021,All predictors,-0.014877842739224455,-0.014862907424476934
2021,All predictors,-0.001784346997737954,0.005958000461068369
2021,All predictors,-0.009944245219230652,0.0029882444809977704
2021,All predictors,-0.01190245896577835,0.00767225015584555
2021,All predictors,0.02517264708876605,0.018632635234305417
2021,All predictors,0.02571203187108035,0.017611839918548144
2021,All predictors,0.04196168109774585,0.008387404633968365
2021,All predictors,0.04607470706105234,0.024429384450501634
2021,All predictors,0.01353636384010315,0.007936579623915196
2021,All predictors,0.0022452101111411493,0.016875031380061134
2021,All predictors,0.018562968820333446,0.024467406621747845
2021,All predictors,0.013560362160205848,0.017545701043825745
2021,All predictors,0.010550860315561246,0.012105600963665919
2021,All predictors,0.01623860374093055,0.007899944861095576
2021,All predictors,-0.019064307212829652,0.012870052538814403
2021,All predictors,0.007952366024255753,0.009591062030883002
2021,All predictors,-0.011946048587560654,0.004027653080539151
2021,All predictors,-0.019025642424821847,-0.008408573287833954
2021,All predictors,0.031222630292177152,0.006504474816324046
2021,All predictors,0.0057029165327548495,0.0011850924337116764
2021,All predictors,-0.021611969918012654,0.009210375540186555
2021,All predictors,0.012115217745304052,0.006675356300972324
2021,All predictors,0.04651409015059465,0.01917459195677823
2021,All predictors,0.013556696474552148,0.012201722471645193
2021,All predictors,-0.05017810221761467,0.005954196845208315
2021,All predictors,0.00955278053879735,0.014277878376235786
2021,All predictors,0.01734190806746485,0.009681700282171968
2021,All predictors,-0.013435486704111148,0.007301348768203264
2021,All predictors,0.008936606347560848,0.012093984598124385
2021,All predictors,0.0035762786865234514,0.0025235409416287657
2021,All predictors,-0.001860208809375749,-0.00235285813641134
2021,All predictors,0.019275020807981443,0.022779763534903852
2021,All predictors,-0.0022943094372749537,0.012426223449654439
2021,All predictors,-0.019540717825293548,0.0034537961127384387
2021,All predictors,-0.005202021449804348,0.011323401249143716
2021,All predictors,-0.006926476955413853,0.01160929551468548
2021,All predictors,-0.004202596843242652,-0.004005384844983195
2021,All predictors,-0.011807978153228753,0.011115855126038576
2021,All predictors,-0.02127445861697195,0.027782194000684213
2021,All predictors,0.0006057731807231487,0.005202556668192138
2021,All predictors,0.021007973700761746,0.009499364425456847
2021,All predictors,0.014531996101140948,0.01922569258112078
2021,All predictors,-0.03568833228200676,0.020984684142238696
2021,All predictors,0.009164683520793852,0.01862517959206139
2021,All predictors,-0.008321508765220649,0.012737669214091585
2021,All predictors,-0.03905122773721816,0.0027659989915834737
2021,All predictors,0.0032261312007903498,0.00913795741461898
2021,All predictors,0.00122198462486265,0.004969852458625856
2021,All predictors,0.007543526589870446,0.018653224087096965
2021,All predictors,-0.0015690997242927482,0.01044286934091132
2021,All predictors,-0.042209459468722364,0.0035457862344814295
2021,All predictors,-0.0034892410039901525,0.013457019174298757
2021,All predictors,-0.01048889011144645,0.019404147660109727
2021,All predictors,0.01094761118292805,0.012946354713751163
2021,All predictors,-0.030279166065156453,0.012290742691884737
2021,All predictors,-0.0005814805626869479,0.009228189265523545
2021,All predictors,-0.01654227823019025,0.005456561520433001
2021,All predictors,0.008066982030868551,0.017176791609197606
2021,All predictors,-0.030053063295781647,-0.0014743196691188731
2021,All predictors,0.010030604898929547,0.01140441827094929
2021,All predictors,-0.022506600245833452,0.023338077224030973
2021,All predictors,-0.019890662282705356,0.007551833224047733
2021,All predictors,-0.004497043788433054,-0.0025956320253248677
2021,All predictors,-0.01638182997703555,0.0017188346185258996
2021,All predictors,0.01773988828063005,0.016041152951738802
2021,All predictors,0.0029298551380634516,0.002775010910600395
2021,All predictors,-0.028897006064653452,0.020962546243885383
2021,All predictors,0.01551834493875505,0.011007786792385288
2021,All predictors,-0.010507572442293153,0.01080877289058696
2021,All predictors,0.0005814805626869479,0.007273521125306659
2021,All predictors,-0.004517596215009752,0.00238191582028624
2021,All predictors,-0.04937458899803462,0.018953394856227046
2021,All predictors,0.006654337048530551,0.015309867881220907
2021,All predictors,-0.017550105229020153,0.0068377965491494
2021,All predictors,0.012887038290500648,0.006551592461250699
2021,All predictors,0.002623558044433552,0.010515584514270426
2021,All predictors,-0.005518119782209452,0.01810750588340998
2022,Excess crowding only,0.016460939310491148,0.0015126897744029038
2022,Excess crowding only,0.01406995858997105,-0.0037605157024439314
2022,Excess crowding only,-0.005276926793158049,-0.003789238810904771
2022,Excess crowding only,0.005712403915822549,-0.0024744760741311606
2022,Excess crowding only,0.004779062233865249,0.0035700373090944274
2022,Excess crowding only,-0.04135341104120015,0.003919800936488821
2022,Excess crowding only,-0.013041882775723912,0.008866194712229235
2022,Excess crowding only,-0.06363473925739524,-0.0025160167040033776
2022,Excess crowding only,0.010144553147256449,0.007762144808489567
2022,Excess crowding only,-0.005929994396865352,-0.0025015508233506784
2022,Excess crowding only,-0.002357368357479553,0.0014161121028340975
2022,Excess crowding only,-0.010719125624746062,0.0016249013021509703
2022,Excess crowding only,-0.04631612543016665,0.007079952342123472
2022,Excess crowding only,0.007609623484313549,-0.0028563834312065116
2022,Excess crowding only,0.0018549049273133469,-0.0033171889950244136
2022,Excess crowding only,0.017855758778750952,-0.0005397906664948487
2022,Excess crowding only,-0.0049888519570231524,0.002239836357278936
2022,Excess crowding only,-0.028684205375611747,0.0012299060105633432
2022,Excess crowding only,-0.024256181437522152,0.0015125202078948114
2022,Excess crowding only,0.011947733350098149,-0.004864944538016842
2022,Excess crowding only,0.01754534896463155,-0.0029801866045050646
2022,Excess crowding only,-0.030921851284801946,0.004116054505265218
2022,Excess crowding only,0.005708311684429647,-0.0017644777809088432
2022,Excess crowding only,-0.01484111882746217,-0.001844296936928563
2022,Excess crowding only,-0.024310817010700682,-0.004738489702273087
2022,Excess crowding only,-0.006401018239557752,-0.0030095669400716737
2022,Excess crowding only,6.432645022850028e-06,-0.001238696407015937
2022,Excess crowding only,0.007074306719005148,0.003278029969939218
2022,Excess crowding only,0.00019230972975494733,-0.0006123032404733719
2022,Excess crowding only,-0.021471286891028257,0.0049411946667879125
2022,Excess crowding only,0.0072031328454613495,0.00408102054183751
2022,Excess crowding only,-0.003820590674877151,-6.129809942837915e-05
2022,Excess crowding only,0.015584993176162248,0.0039626628560620394
2022,Excess crowding only,0.002994664944708349,0.004435469129348607
2022,Excess crowding only,0.01923641469329595,-0.00020733469680894409
2022,Excess crowding only,0.0012896163389086498,0.002800133849911549
2022,Excess crowding only,-0.012587651610374421,0.0016475970922308336
2022,Excess crowding only,0.007734519429504849,-0.0035871606394839634
2022,Excess crowding only,0.02066171821206815,-0.006112490202108696
2022,Excess crowding only,-0.013249370735138632,-0.005203779074619202
2022,Excess crowding only,-0.04543368238955735,0.004589379187437657
2022,Excess crowding only,0.00885821785777805,-0.003095568787947737
2022,Excess crowding only,0.0064742481335997495,0.002883859545260115
2022,Excess crowding only,-0.04541689995676275,0.0023900561662408898
2022,Excess crowding only,0.009385221637785447,-0.0023003237013966516
2022,Excess crowding only,0.017600665800273453,0.0020065831675565794
2022,Excess crowding only,0.013578048907220348,7.09311466654866e-05
2022,Excess crowding only,-0.0264530377462506,0.0056193823546475796
2022,Excess crowding only,0.02111637126654385,-0.00537919036626241
2022,Excess crowding only,0.009340207092463948,-0.0020132515648224776
2022,Excess crowding only,-0.014221885940059993,-0.004882561825437868
2022,Excess crowding only,0.02110971417278055,-0.003631488703994014
2022,Excess crowding only,-0.0007437570020556502,0.0034036346101496045
2022,Excess crowding only,-0.00806434918195006,0.004585179975196391
2022,Excess crowding only,-6.432645022850028e-06,-0.0029003241079169025
2022,Excess crowding only,0.0050324881449342485,-0.0039927161428375685
2022,Excess crowding only,-0.009693004190921761,-0.007075825073833171
2022,Excess crowding only,-0.04062416311353445,-0.0009455110205564324
2022,Excess crowding only,0.013478412292897748,-0.00288768961657115
2022,Excess crowding only,0.014272863976657451,-0.0026379222323060104
2022,Excess crowding only,0.0027037123218179495,-0.007906628164740036
2022,Excess crowding only,-0.045816265977919046,0.003518088817325988
2022,Excess crowding only,0.006641465239226848,0.0007397296805709377
2022,Excess crowding only,0.009883395396173047,-0.0031090634186250825
2022,Excess crowding only,-0.045407046563923345,0.004611790157612345
2022,Excess crowding only,0.012750846333801748,0.006416506534180737
2022,Excess crowding only,-0.03829031717032195,0.003656464752934503
2022,Excess crowding only,0.003742744214832847,-0.004115271512005374
2022,Excess crowding only,-0.03609452489763495,0.0025660613830703364
2022,Excess crowding only,-0.006756479851901554,-0.003271055751581682
2022,Excess crowding only,-0.03224378358572715,-0.002267176259589708
2022,Excess crowding only,0.03413766156882055,-0.002731239538342376
2022,Excess crowding only,-0.04204852413386105,0.0036457347931620914
2022,Excess crowding only,-0.03202648740261795,-0.0020745054756905836
2022,Excess crowding only,-0.0013335747644304518,0.0021107510705845067
2022,Excess crowding only,-0.01397044328041372,0.009804505713965734
2022,Excess crowding only,0.03137530293315655,-0.004254473015251333
2022,Excess crowding only,-0.013300374615937442,0.003652163235511424
2022,Excess crowding only,-0.02860345412045715,0.002924041157789375
2022,Excess crowding only,-0.03420670423656695,-0.0024752674654765893
2022,Excess crowding only,-0.0014583291485905526,0.00020985733261937782
2022,Excess crowding only,-0.024689903017133447,-0.004774243423713447
2022,Excess crowding only,-0.013543565757572621,-0.0021335704818276602
2022,Excess crowding only,0.002463684417307448,0.000275627400794602
2022,Excess crowding only,-0.004241527058184152,-0.00435705035089104
2022,Excess crowding only,0.010282450355589447,0.0001509423033466291
2022,Excess crowding only,-0.00898015499114987,-0.0010871568138729549
2022,Excess crowding only,0.007518279366195249,0.002911207673767695
2022,Excess crowding only,0.0014708423987031486,-0.00228070187113453
2022,Excess crowding only,-0.0021225698292255523,0.012059569491959212
2022,Excess crowding only,0.03519893717020755,-0.005304044153833473
2022,Excess crowding only,-0.024981752038001986,-0.00019652766687606234
2022,Excess crowding only,0.005266386084258548,-0.001309741328345979
2022,Excess crowding only,-0.00269788689911365,-0.0016405015256385248
2022,Excess crowding only,0.015171292237937449,0.0016217211690143728
2022,Excess crowding only,0.010961457155644947,0.0019116275689298565
2022,Excess crowding only,0.012323060072958447,-0.003887232167028702
2022,Excess crowding only,0.012693657539784948,-0.00014477701750980243
2022,Excess crowding only,-0.0005371728911995523,0.0022877907499607806
2022,Excess crowding only,0.02917093317955735,-0.0017904044552171884
2022,Supply growth only,0.016460939310491148,0.0014405050662248467
2022,Supply growth only,0.01406995858997105,0.0009374830621038199
2022,Supply growth only,-0.005276926793158049,0.0022730145087182627
2022,Supply growth only,0.005712403915822549,-0.0013478794697695516
2022,Supply growth only,0.004779062233865249,0.002156742942851718
2022,Supply growth only,-0.04135341104120015,0.0001699117812363031
2022,Supply growth only,-0.013041882775723912,-0.002500341236755258
2022,Supply growth only,-0.06363473925739524,-0.0019801785656353003
2022,Supply growth only,0.010144553147256449,0.002308301931374834
2022,Supply growth only,-0.005929994396865352,0.0018943092865802281
2022,Supply growth only,-0.002357368357479553,0.001706023413947298
2022,Supply growth only,-0.010719125624746062,0.0015466803381428231
2022,Supply growth only,-0.04631612543016665,-0.0027633015048606747
2022,Supply growth only,0.007609623484313549,0.0005001540663362376
2022,Supply growth only,0.0018549049273133469,0.00013728343583033643
2022,Supply growth only,0.017855758778750952,0.0011703068574649656
2022,Supply growth only,-0.0049888519570231524,-0.0011761517787421565
2022,Supply growth only,-0.028684205375611747,-0.0006095637788831403
2022,Supply growth only,-0.024256181437522152,-0.0008495408335567642
2022,Supply growth only,0.011947733350098149,0.0015768080787647034
2022,Supply growth only,0.01754534896463155,0.0010766277343653514
2022,Supply growth only,-0.030921851284801946,0.0002261455248712815
2022,Supply growth only,0.005708311684429647,0.0005811544881227032
2022,Supply growth only,-0.01484111882746217,0.0006925442231184196
2022,Supply growth only,-0.024310817010700682,9.172744970755136e-05
2022,Supply growth only,-0.006401018239557752,0.00016115800857527396
2022,Supply growth only,6.432645022850028e-06,0.0016741461755167084
2022,Supply growth only,0.007074306719005148,0.0016127211957814892
2022,Supply growth only,0.00019230972975494733,-0.0011320064350492866
2022,Supply growth only,-0.021471286891028257,0.0022593579365883364
2022,Supply growth only,0.0072031328454613495,-0.001078907874883358
2022,Supply growth only,-0.003820590674877151,4.044207487314969e-05
2022,Supply growth only,0.015584993176162248,0.0007757889904422201
2022,Supply growth only,0.002994664944708349,0.0010194059186077408
2022,Supply growth only,0.01923641469329595,0.0007764347734079647
2022,Supply growth only,0.0012896163389086498,0.0006311707812149485
2022,Supply growth only,-0.012587651610374421,0.0006267826277261688
2022,Supply growth only,0.007734519429504849,0.0005337340503794837
2022,Supply growth only,0.02066171821206815,0.0018952127962618792
2022,Supply growth only,-0.013249370735138632,0.0004424500375572139
2022,Supply growth only,-0.04543368238955735,-0.005181311141858115
2022,Supply growth only,0.00885821785777805,0.0012608360186063458
2022,Supply growth only,0.0064742481335997495,0.002308301931374834
2022,Supply growth only,-0.04541689995676275,-0.0019122692563843008
2022,Supply growth only,0.009385221637785447,0.00025399731095013907
2022,Supply growth only,0.017600665800273453,0.0004367474711584117
2022,Supply growth only,0.013578048907220348,0.002308301931374834
2022,Supply growth only,-0.0264530377462506,0.0014297384424618192
2022,Supply growth only,0.02111637126654385,0.0005512196105650743
2022,Supply growth only,0.009340207092463948,0.0017664849778394449
2022,Supply growth only,-0.014221885940059993,0.001614316497031583
2022,Supply growth only,0.02110971417278055,0.00029689552141230107
2022,Supply growth only,-0.0007437570020556502,0.0004707785799515241
2022,Supply growth only,-0.00806434918195006,0.0016219017900526837
2022,Supply growth only,-6.432645022850028e-06,-0.00012350334251302756
2022,Supply growth only,0.0050324881449342485,0.000716241558596438
2022,Supply growth only,-0.009693004190921761,-0.0008540149613769231
2022,Supply growth only,-0.04062416311353445,-0.002169965562525488
2022,Supply growth only,0.013478412292897748,-0.00011320495193596408
2022,Supply growth only,0.014272863976657451,0.0017410901370387005
2022,Supply growth only,0.0027037123218179495,0.0010137721651735966
2022,Supply growth only,-0.045816265977919046,-0.0006369727944429329
2022,Supply growth only,0.006641465239226848,0.0014326759283983382
2022,Supply growth only,0.009883395396173047,0.00031786557026042446
2022,Supply growth only,-0.045407046563923345,-0.0009842374123657498
2022,Supply growth only,0.012750846333801748,0.0010275756887095633
2022,Supply growth only,-0.03829031717032195,-0.0011879392485584696
2022,Supply growth only,0.003742744214832847,0.0009698134128786182
2022,Supply growth only,-0.03609452489763495,-0.000752153259417244
2022,Supply growth only,-0.006756479851901554,0.0017126213536130808
2022,Supply growth only,-0.03224378358572715,0.0010366388523268461
2022,Supply growth only,0.03413766156882055,0.0013749933194021808
2022,Supply growth only,-0.04204852413386105,-0.0002928167695242412
2022,Supply growth only,-0.03202648740261795,0.0002065795582660789
2022,Supply growth only,-0.0013335747644304518,0.0007501091334090688
2022,Supply growth only,-0.01397044328041372,0.0013944408593460909
2022,Supply growth only,0.03137530293315655,0.0009329262547824722
2022,Supply growth only,-0.013300374615937442,0.0007831223822908351
2022,Supply growth only,-0.02860345412045715,-0.0016818317547450281
2022,Supply growth only,-0.03420670423656695,-4.7384880397459504e-05
2022,Supply growth only,-0.0014583291485905526,0.0013082094071016589
2022,Supply growth only,-0.024689903017133447,0.0014615327795254483
2022,Supply growth only,-0.013543565757572621,0.0010422240815352649
2022,Supply growth only,0.002463684417307448,0.0011463883595253684
2022,Supply growth only,-0.004241527058184152,9.99995157533423e-05
2022,Supply growth only,0.010282450355589447,0.0014498616858292593
2022,Supply growth only,-0.00898015499114987,0.000671658568311264
2022,Supply growth only,0.007518279366195249,0.0016282864279072802
2022,Supply growth only,0.0014708423987031486,-0.00022283224949148786
2022,Supply growth only,-0.0021225698292255523,0.0007299829883858661
2022,Supply growth only,0.03519893717020755,0.0016485439799649088
2022,Supply growth only,-0.024981752038001986,-0.0005135944421847016
2022,Supply growth only,0.005266386084258548,0.001568170041307138
2022,Supply growth only,-0.00269788689911365,0.00234091449582548
2022,Supply growth only,0.015171292237937449,0.0014199839498084156
2022,Supply growth only,0.010961457155644947,0.0011736398956255824
2022,Supply growth only,0.012323060072958447,0.0006710158266430481
2022,Supply growth only,0.012693657539784948,0.0020718976538931207
2022,Supply growth only,-0.0005371728911995523,-0.0001906104909672364
2022,Supply growth only,0.02917093317955735,0.0009912637515681704
2022,Lagged rent growth only,0.016460939310491148,0.004063412703531679
2022,Lagged rent growth only,0.01406995858997105,0.0030394620671339886
2022,Lagged rent growth only,-0.005276926793158049,0.002387769189469986
2022,Lagged rent growth only,0.005712403915822549,0.004368935216124836
2022,Lagged rent growth only,0.004779062233865249,0.0035153915244401862
2022,Lagged rent growth only,-0.04135341104120015,-0.006450696583659422
2022,Lagged rent growth only,-0.013041882775723912,0.00469711392125271
2022,Lagged rent growth only,-0.06363473925739524,-0.013398905481263912
2022,Lagged rent growth only,0.010144553147256449,-0.00039681267637749283
2022,Lagged rent growth only,-0.005929994396865352,0.0024231552332370917
2022,Lagged rent growth only,-0.002357368357479553,-0.0030122781711052035
2022,Lagged rent growth only,-0.010719125624746062,-0.0016500892084495267
2022,Lagged rent growth only,-0.04631612543016665,-0.00043047475543377025
2022,Lagged rent growth only,0.007609623484313549,0.001520778611059575
2022,Lagged rent growth only,0.0018549049273133469,0.004043929564139899
2022,Lagged rent growth only,0.017855758778750952,0.003932614175962875
2022,Lagged rent growth only,-0.0049888519570231524,-0.0030006504863072064
2022,Lagged rent growth only,-0.028684205375611747,-0.00463240511229377
2022,Lagged rent growth only,-0.024256181437522152,-0.007502897125854757
2022,Lagged rent growth only,0.011947733350098149,0.0026084948412973498
2022,Lagged rent growth only,0.01754534896463155,0.002537147528576764
2022,Lagged rent growth only,-0.030921851284801946,-0.008460777845970558
2022,Lagged rent growth only,0.005708311684429647,0.0028540753157008923
2022,Lagged rent growth only,-0.01484111882746217,-0.0010806198857523466
2022,Lagged rent growth only,-0.024310817010700682,-0.006348452302775035
2022,Lagged rent growth only,-0.006401018239557752,-0.009307548479694294
2022,Lagged rent growth only,6.432645022850028e-06,0.0038985971909505997
2022,Lagged rent growth only,0.007074306719005148,-7.41813015166672e-05
2022,Lagged rent growth only,0.00019230972975494733,0.0019413990071232173
2022,Lagged rent growth only,-0.021471286891028257,0.0015787079313797211
2022,Lagged rent growth only,0.0072031328454613495,0.0009618669326534764
2022,Lagged rent growth only,-0.003820590674877151,0.002488414207468448
2022,Lagged rent growth only,0.015584993176162248,0.0027807837190391227
2022,Lagged rent growth only,0.002994664944708349,-0.0016624486610449015
2022,Lagged rent growth only,0.01923641469329595,0.0027342859062558043
2022,Lagged rent growth only,0.0012896163389086498,0.0017597609142079116
2022,Lagged rent growth only,-0.012587651610374421,0.00011098646134582839
2022,Lagged rent growth only,0.007734519429504849,0.005010943552366539
2022,Lagged rent growth only,0.02066171821206815,0.005153863249394185
2022,Lagged rent growth only,-0.013249370735138632,-0.0021574189084340163
2022,Lagged rent growth only,-0.04543368238955735,-0.011216222826271702
2022,Lagged rent growth only,0.00885821785777805,0.001577860111045572
2022,Lagged rent growth only,0.0064742481335997495,0.007237207214041792
2022,Lagged rent growth only,-0.04541689995676275,-0.007725607361603328
2022,Lagged rent growth only,0.009385221637785447,0.0037106426464516627
2022,Lagged rent growth only,0.017600665800273453,0.00025031831958722216
2022,Lagged rent growth only,0.013578048907220348,0.0038129802636104764
2022,Lagged rent growth only,-0.0264530377462506,-0.0035768930095359786
2022,Lagged rent growth only,0.02111637126654385,0.002626547711587312
2022,Lagged rent growth only,0.009340207092463948,-0.0003669543831701642
2022,Lagged rent growth only,-0.014221885940059993,-0.0012830035339426232
2022,Lagged rent growth only,0.02110971417278055,0.0015627559826890732
2022,Lagged rent growth only,-0.0007437570020556502,-0.0017371826928401892
2022,Lagged rent growth only,-0.00806434918195006,-0.003643319518860324
2022,Lagged rent growth only,-6.432645022850028e-06,-0.000186311433629129
2022,Lagged rent growth only,0.0050324881449342485,0.0017448290112376764
2022,Lagged rent growth only,-0.009693004190921761,-0.0003912077475541135
2022,Lagged rent growth only,-0.04062416311353445,-0.004489711057135321
2022,Lagged rent growth only,0.013478412292897748,0.0014290414093970148
2022,Lagged rent growth only,0.014272863976657451,0.0004781261226183932
2022,Lagged rent growth only,0.0027037123218179495,0.0009180148515765822
2022,Lagged rent growth only,-0.045816265977919046,-0.00795829526410046
2022,Lagged rent growth only,0.006641465239226848,0.0011357453784746239
2022,Lagged rent growth only,0.009883395396173047,0.0038642258702650148
2022,Lagged rent growth only,-0.045407046563923345,-0.005065985468673747
2022,Lagged rent growth only,0.012750846333801748,0.002011691296782256
2022,Lagged rent growth only,-0.03829031717032195,-0.002070065755304239
2022,Lagged rent growth only,0.003742744214832847,0.0008781581713479209
2022,Lagged rent growth only,-0.03609452489763495,-0.007450711313062852
2022,Lagged rent growth only,-0.006756479851901554,0.0034142781142212355
2022,Lagged rent growth only,-0.03224378358572715,-0.0007554807876071877
2022,Lagged rent growth only,0.03413766156882055,0.00526878586597046
2022,Lagged rent growth only,-0.04204852413386105,-0.006282731779716044
2022,Lagged rent growth only,-0.03202648740261795,0.0021483082290119195
2022,Lagged rent growth only,-0.0013335747644304518,0.0022037507364147165
2022,Lagged rent growth only,-0.01397044328041372,-0.0004379680804902157
2022,Lagged rent growth only,0.03137530293315655,0.005642625208825246
2022,Lagged rent growth only,-0.013300374615937442,0.00046374207126319414
2022,Lagged rent growth only,-0.02860345412045715,-0.00557907207783076
2022,Lagged rent growth only,-0.03420670423656695,-0.008464714697791227
2022,Lagged rent growth only,-0.0014583291485905526,-0.0012299564041251586
2022,Lagged rent growth only,-0.024689903017133447,0.0036783197813536816
2022,Lagged rent growth only,-0.013543565757572621,0.00394393542883741
2022,Lagged rent growth only,0.002463684417307448,-0.0033803580147533725
2022,Lagged rent growth only,-0.004241527058184152,0.00010891709539122014
2022,Lagged rent growth only,0.010282450355589447,0.006042989542295615
2022,Lagged rent growth only,-0.00898015499114987,-0.0033490245902023214
2022,Lagged rent growth only,0.007518279366195249,0.004709336220850086
2022,Lagged rent growth only,0.0014708423987031486,0.0024713388017879477
2022,Lagged rent growth only,-0.0021225698292255523,-0.0014134218730207627
2022,Lagged rent growth only,0.03519893717020755,0.00437852204910503
2022,Lagged rent growth only,-0.024981752038001986,-0.0007132262585680054
2022,Lagged rent growth only,0.005266386084258548,0.0024655032886449716
2022,Lagged rent growth only,-0.00269788689911365,-0.006120820907203515
2022,Lagged rent growth only,0.015171292237937449,-0.000433612831235573
2022,Lagged rent growth only,0.010961457155644947,0.0025578062107816262
2022,Lagged rent growth only,0.012323060072958447,0.0024926696572442684
2022,Lagged rent growth only,0.012693657539784948,-0.0006622330970712796
2022,Lagged rent growth only,-0.0005371728911995523,0.001416072039415522
2022,Lagged rent growth only,0.02917093317955735,0.0014533514218660636
2022,Occupancy only,0.016460939310491148,0.004938219124508869
2022,Occupancy only,0.01406995858997105,0.009470528334435402
2022,Occupancy only,-0.005276926793158049,0.003966147207679127
2022,Occupancy only,0.005712403915822549,0.012126845632817629
2022,Occupancy only,0.004779062233865249,0.01018661233342083
2022,Occupancy only,-0.04135341104120015,-0.007507121340614709
2022,Occupancy only,-0.013041882775723912,-0.019728040589466755
2022,Occupancy only,-0.06363473925739524,-0.007712402664191653
2022,Occupancy only,0.010144553147256449,0.014045027864013127
2022,Occupancy only,-0.005929994396865352,0.0034848907911406157
2022,Occupancy only,-0.002357368357479553,-0.012164980425549254
2022,Occupancy only,-0.010719125624746062,-0.012619775560246793
2022,Occupancy only,-0.04631612543016665,-0.004856322240580302
2022,Occupancy only,0.007609623484313549,0.008632696368752246
2022,Occupancy only,0.0018549049273133469,0.0024839460963415605
2022,Occupancy only,0.017855758778750952,0.012030146810588838
2022,Occupancy only,-0.0049888519570231524,-0.006657666398096451
2022,Occupancy only,-0.028684205375611747,-0.005377444381403251
2022,Occupancy only,-0.024256181437522152,-0.0039248547045070414
2022,Occupancy only,0.011947733350098149,0.006952187719938774
2022,Occupancy only,0.01754534896463155,0.006026824962352684
2022,Occupancy only,-0.030921851284801946,-0.01194231894969583
2022,Occupancy only,0.005708311684429647,0.0027910968374497136
2022,Occupancy only,-0.01484111882746217,-0.024790162016354866
2022,Occupancy only,-0.024310817010700682,-0.004502875118845562
2022,Occupancy only,-0.006401018239557752,-0.0011316904321371224
2022,Occupancy only,6.432645022850028e-06,0.0005961139560589634
2022,Occupancy only,0.007074306719005148,0.01082307350978945
2022,Occupancy only,0.00019230972975494733,0.005296185085835459
2022,Occupancy only,-0.021471286891028257,0.005721347060901272
2022,Occupancy only,0.0072031328454613495,0.0063176166351300855
2022,Occupancy only,-0.003820590674877151,0.003423777830698138
2022,Occupancy only,0.015584993176162248,0.01173590083254622
2022,Occupancy only,0.002994664944708349,0.003847006263823227
2022,Occupancy only,0.01923641469329595,0.011691081764862832
2022,Occupancy only,0.0012896163389086498,-0.005069902586869235
2022,Occupancy only,-0.012587651610374421,-0.005744947701291858
2022,Occupancy only,0.007734519429504849,0.009032809199349456
2022,Occupancy only,0.02066171821206815,0.010369603611702916
2022,Occupancy only,-0.013249370735138632,-0.008382298908502173
2022,Occupancy only,-0.04543368238955735,-0.02126383774538726
2022,Occupancy only,0.00885821785777805,-0.0010593889986663663
2022,Occupancy only,0.0064742481335997495,-0.012773937510940025
2022,Occupancy only,-0.04541689995676275,-0.00928947768176891
2022,Occupancy only,0.009385221637785447,-0.001001252389301155
2022,Occupancy only,0.017600665800273453,0.009305612414520992
2022,Occupancy only,0.013578048907220348,0.005440331723779113
2022,Occupancy only,-0.0264530377462506,-0.0053326687641007675
2022,Occupancy only,0.02111637126654385,0.010795830121096084
2022,Occupancy only,0.009340207092463948,-0.0030410739612425908
2022,Occupancy only,-0.014221885940059993,0.010057868855432028
2022,Occupancy only,0.02110971417278055,0.0011810864313080982
2022,Occupancy only,-0.0007437570020556502,-0.008801182303558142
2022,Occupancy only,-0.00806434918195006,-0.016472086312352197
2022,Occupancy only,-6.432645022850028e-06,0.007956478094050978
2022,Occupancy only,0.0050324881449342485,0.011601182927212073
2022,Occupancy only,-0.009693004190921761,0.00021251227012442087
2022,Occupancy only,-0.04062416311353445,-0.006216775385220474
2022,Occupancy only,0.013478412292897748,0.009045518435701894
2022,Occupancy only,0.014272863976657451,-0.007209116904642321
2022,Occupancy only,0.0027037123218179495,0.017456252076529066
2022,Occupancy only,-0.045816265977919046,0.0022175735375125627
2022,Occupancy only,0.006641465239226848,-0.012064175542344957
2022,Occupancy only,0.009883395396173047,0.006893638331956942
2022,Occupancy only,-0.045407046563923345,-0.0024833883250677813
2022,Occupancy only,0.012750846333801748,0.010736346549929443
2022,Occupancy only,-0.03829031717032195,-0.0007453079218380787
2022,Occupancy only,0.003742744214832847,0.0067535108542270406
2022,Occupancy only,-0.03609452489763495,-0.0068821093395584065
2022,Occupancy only,-0.006756479851901554,0.006783643693236419
2022,Occupancy only,-0.03224378358572715,0.006326958466978949
2022,Occupancy only,0.03413766156882055,0.016323066148095866
2022,Occupancy only,-0.04204852413386105,-0.004067002624939031
2022,Occupancy only,-0.03202648740261795,-0.0032486147046156266
2022,Occupancy only,-0.0013335747644304518,-0.0003911873192029014
2022,Occupancy only,-0.01397044328041372,0.008300170605320178
2022,Occupancy only,0.03137530293315655,0.011304699254564121
2022,Occupancy only,-0.013300374615937442,0.0037287560527715646
2022,Occupancy only,-0.02860345412045715,-0.00728104900987725
2022,Occupancy only,-0.03420670423656695,-0.011835822066621038
2022,Occupancy only,-0.0014583291485905526,0.012435017457871844
2022,Occupancy only,-0.024689903017133447,0.001674639305582648
2022,Occupancy only,-0.013543565757572621,0.006291611582286305
2022,Occupancy only,0.002463684417307448,0.009982721422026164
2022,Occupancy only,-0.004241527058184152,0.0028256833404799453
2022,Occupancy only,0.010282450355589447,-0.022825835480864642
2022,Occupancy only,-0.00898015499114987,0.004413794754752898
2022,Occupancy only,0.007518279366195249,0.012908626607408602
2022,Occupancy only,0.0014708423987031486,-0.00783002284472345
2022,Occupancy only,-0.0021225698292255523,0.005311349268696697
2022,Occupancy only,0.03519893717020755,0.00745508242606191
2022,Occupancy only,-0.024981752038001986,-0.0012002985832487156
2022,Occupancy only,0.005266386084258548,0.004817274989854015
2022,Occupancy only,-0.00269788689911365,-0.004280083291850312
2022,Occupancy only,0.015171292237937449,0.00844998751794468
2022,Occupancy only,0.010961457155644947,0.0030577518237531742
2022,Occupancy only,0.012323060072958447,0.0011528871342394997
2022,Occupancy only,0.012693657539784948,0.001322017741080872
2022,Occupancy only,-0.0005371728911995523,-0.0042749344217382634
2022,Occupancy only,0.02917093317955735,0.014576404294679601
2022,Absorption only,0.016460939310491148,-0.0025942158524814964
2022,Absorption only,0.01406995858997105,-0.001370299394972425
2022,Absorption only,-0.005276926793158049,-0.003254948796552431
2022,Absorption only,0.005712403915822549,0.0023871031361591966
2022,Absorption only,0.004779062233865249,-0.004164243847945962
2022,Absorption only,-0.04135341104120015,-0.0020779176464493674
2022,Absorption only,-0.013041882775723912,0.0009048276414217956
2022,Absorption only,-0.06363473925739524,0.001822240149022935
2022,Absorption only,0.010144553147256449,-0.0019242458030708702
2022,Absorption only,-0.005929994396865352,-0.0036760768263574394
2022,Absorption only,-0.002357368357479553,-0.0036352096330363815
2022,Absorption only,-0.010719125624746062,-0.003202185331202983
2022,Absorption only,-0.04631612543016665,0.0041369747734646195
2022,Absorption only,0.007609623484313549,0.001236243784518592
2022,Absorption only,0.0018549049273133469,6.774995904766721e-05
2022,Absorption only,0.017855758778750952,0.00038545040027643685
2022,Absorption only,-0.0049888519570231524,0.004011154202246705
2022,Absorption only,-0.028684205375611747,0.0014015319876424582
2022,Absorption only,-0.024256181437522152,-0.0002552688155585006
2022,Absorption only,0.011947733350098149,0.000569912594787238
2022,Absorption only,0.01754534896463155,-0.0009764628127619589
2022,Absorption only,-0.030921851284801946,-0.0021385186557234016
2022,Absorption only,0.005708311684429647,0.0002920996538889526
2022,Absorption only,-0.01484111882746217,-0.0026328437475383864
2022,Absorption only,-0.024310817010700682,-0.0008839518032235374
2022,Absorption only,-0.006401018239557752,0.0013609447066044217
2022,Absorption only,6.432645022850028e-06,-0.003422056429515934
2022,Absorption only,0.007074306719005148,-0.001688699616908747
2022,Absorption only,0.00019230972975494733,-0.0006776564506371028
2022,Absorption only,-0.021471286891028257,-0.004256894813625895
2022,Absorption only,0.0072031328454613495,0.003839428016613357
2022,Absorption only,-0.003820590674877151,-0.00028144061402095863
2022,Absorption only,0.015584993176162248,-0.0008783535575631185
2022,Absorption only,0.002994664944708349,-0.002167349620874559
2022,Absorption only,0.01923641469329595,0.00046284614653172755
2022,Absorption only,0.0012896163389086498,-0.004580473412798104
2022,Absorption only,-0.012587651610374421,-0.0007992783376097023
2022,Absorption only,0.007734519429504849,-0.0005708699146646131
2022,Absorption only,0.02066171821206815,-0.0013267730349626685
2022,Absorption only,-0.013249370735138632,-0.0009736636899317495
2022,Absorption only,-0.04543368238955735,0.0054550817142102375
2022,Absorption only,0.00885821785777805,-0.0017728132579565403
2022,Absorption only,0.0064742481335997495,-0.005533154868059882
2022,Absorption only,-0.04541689995676275,-4.897346297206575e-05
2022,Absorption only,0.009385221637785447,0.0016534530423613061
2022,Absorption only,0.017600665800273453,0.0012226680387920762
2022,Absorption only,0.013578048907220348,-0.002476372781329679
2022,Absorption only,-0.0264530377462506,-0.003908963845830863
2022,Absorption only,0.02111637126654385,0.0003003570662380706
2022,Absorption only,0.009340207092463948,-0.00412491617218152
2022,Absorption only,-0.014221885940059993,-0.0007074671087788331
2022,Absorption only,0.02110971417278055,0.0004836996116167876
2022,Absorption only,-0.0007437570020556502,-0.0003252468863137361
2022,Absorption only,-0.00806434918195006,-0.004001194943086263
2022,Absorption only,-6.432645022850028e-06,0.0008284115881570786
2022,Absorption only,0.0050324881449342485,0.0006745997886370705
2022,Absorption only,-0.009693004190921761,0.002580102655302137
2022,Absorption only,-0.04062416311353445,0.002135881862147901
2022,Absorption only,0.013478412292897748,0.0005958044809666752
2022,Absorption only,0.014272863976657451,-0.0014661693519070979
2022,Absorption only,0.0027037123218179495,0.0011696246611596075
2022,Absorption only,-0.045816265977919046,-0.00030957179846456337
2022,Absorption only,0.006641465239226848,-0.004093705952624685
2022,Absorption only,0.009883395396173047,0.00208493782663809
2022,Absorption only,-0.045407046563923345,0.00111112299400823
2022,Absorption only,0.012750846333801748,-0.0010579172871210533
2022,Absorption only,-0.03829031717032195,0.0006681618061275885
2022,Absorption only,0.003742744214832847,-0.0007994182937512127
2022,Absorption only,-0.03609452489763495,-0.00037493131654995357
2022,Absorption only,-0.006756479851901554,-0.0016218005812667418
2022,Absorption only,-0.03224378358572715,0.0007557743507131439
2022,Absorption only,0.03413766156882055,0.00014150684562368545
2022,Absorption only,-0.04204852413386105,-0.0007806641707888096
2022,Absorption only,-0.03202648740261795,-0.0009200604877332389
2022,Absorption only,-0.0013335747644304518,-0.0015046572908224774
2022,Absorption only,-0.01397044328041372,-0.002937528267606682
2022,Absorption only,0.03137530293315655,-0.00011993122671787471
2022,Absorption only,-0.013300374615937442,-0.0024220697984236165
2022,Absorption only,-0.02860345412045715,0.0011546493540179872
2022,Absorption only,-0.03420670423656695,-0.0027965924331056374
2022,Absorption only,-0.0014583291485905526,-0.001186816893452197
2022,Absorption only,-0.024689903017133447,0.0012762712409905865
2022,Absorption only,-0.013543565757572621,0.0013174183465946654
2022,Absorption only,0.002463684417307448,-0.002010598742382831
2022,Absorption only,-0.004241527058184152,0.0010673167217154533
2022,Absorption only,0.010282450355589447,-0.006941393563938244
2022,Absorption only,-0.00898015499114987,0.000591605796721361
2022,Absorption only,0.007518279366195249,-0.001079610489055176
2022,Absorption only,0.0014708423987031486,-0.0006461663187972467
2022,Absorption only,-0.0021225698292255523,-0.0017126321171070376
2022,Absorption only,0.03519893717020755,-0.0017341853628996503
2022,Absorption only,-0.024981752038001986,-0.0005409193003813723
2022,Absorption only,0.005266386084258548,-0.0018509087849193832
2022,Absorption only,-0.00269788689911365,-0.005487109297502937
2022,Absorption only,0.015171292237937449,-0.0017428626436732995
2022,Absorption only,0.010961457155644947,-0.0032683845861374364
2022,Absorption only,0.012323060072958447,0.0009454149224598326
2022,Absorption only,0.012693657539784948,-0.0013329311051891292
2022,Absorption only,-0.0005371728911995523,-0.0025930962033494124
2022,Absorption only,0.02917093317955735,0.0006502474200142485
2022,All predictors,0.016460939310491148,0.002308884105946374
2022,All predictors,0.01406995858997105,0.00239119408143057
2022,All predictors,-0.005276926793158049,-0.004903486491696751
2022,All predictors,0.005712403915822549,0.010876226421361157
2022,All predictors,0.004779062233865249,0.0065063905062650584
2022,All predictors,-0.04135341104120015,-0.016104052016328252
2022,All predictors,-0.013041882775723912,-0.010798472254135327
2022,All predictors,-0.06363473925739524,-0.023661959215837414
2022,All predictors,0.010144553147256449,0.013722900160692664
2022,All predictors,-0.005929994396865352,-0.005143860818708601
2022,All predictors,-0.002357368357479553,-0.02057650371577463
2022,All predictors,-0.010719125624746062,-0.019098330644688855
2022,All predictors,-0.04631612543016665,0.00125274749763149
2022,All predictors,0.007609623484313549,0.0047135309816679904
2022,All predictors,0.0018549049273133469,-0.0010835271618471753
2022,All predictors,0.017855758778750952,0.011090410861811284
2022,All predictors,-0.0049888519570231524,-0.005648677708382066
2022,All predictors,-0.028684205375611747,-0.010287889622397406
2022,All predictors,-0.024256181437522152,-0.013938960992669946
2022,All predictors,0.011947733350098149,0.0022829604571357742
2022,All predictors,0.01754534896463155,0.00025690698287372804
2022,All predictors,-0.030921851284801946,-0.02169143522364525
2022,All predictors,0.005708311684429647,0.00020431106542129207
2022,All predictors,-0.01484111882746217,-0.03232836478485002
2022,All predictors,-0.024310817010700682,-0.019032664440053026
2022,All predictors,-0.006401018239557752,-0.013610652310435845
2022,All predictors,6.432645022850028e-06,-0.0051617706809819475
2022,All predictors,0.007074306719005148,0.0070428061885301485
2022,All predictors,0.00019230972975494733,-0.00021998690560642853
2022,All predictors,-0.021471286891028257,0.0019568831681781584
2022,All predictors,0.0072031328454613495,0.010803557153414411
2022,All predictors,-0.003820590674877151,0.0006092367461129067
2022,All predictors,0.015584993176162248,0.011467078068137071
2022,All predictors,0.002994664944708349,-0.0007935457022563153
2022,All predictors,0.01923641469329595,0.00983378572702237
2022,All predictors,0.0012896163389086498,-0.01121834082317874
2022,All predictors,-0.012587651610374421,-0.008495321423598379
2022,All predictors,0.007734519429504849,0.004738429887078954
2022,All predictors,0.02066171821206815,0.0038451194760843466
2022,All predictors,-0.013249370735138632,-0.01913680970992887
2022,All predictors,-0.04543368238955735,-0.0248809274016209
2022,All predictors,0.00885821785777805,-0.00807984412597651
2022,All predictors,0.0064742481335997495,-0.013393664492562463
2022,All predictors,-0.04541689995676275,-0.01873430203339499
2022,All predictors,0.009385221637785447,-0.0011111930420432126
2022,All predictors,0.017600665800273453,0.008335746481625106
2022,All predictors,0.013578048907220348,0.0021872368266054876
2022,All predictors,-0.0264530377462506,-0.011964420819907062
2022,All predictors,0.02111637126654385,0.004051976893890918
2022,All predictors,0.009340207092463948,-0.013767124381039386
2022,All predictors,-0.014221885940059993,-0.00022508344537058855
2022,All predictors,0.02110971417278055,-0.0039031023308229162
2022,All predictors,-0.0007437570020556502,-0.010723905721346405
2022,All predictors,-0.00806434918195006,-0.022874846346874866
2022,All predictors,-6.432645022850028e-06,0.0014656385206665012
2022,All predictors,0.0050324881449342485,0.005909585409819007
2022,All predictors,-0.009693004190921761,-0.007178451387991058
2022,All predictors,-0.04062416311353445,-0.01294722157611955
2022,All predictors,0.013478412292897748,0.0035028743970619836
2022,All predictors,0.014272863976657451,-0.013286759128318115
2022,All predictors,0.0027037123218179495,0.008063187679844375
2022,All predictors,-0.045816265977919046,-0.007011443327270217
2022,All predictors,0.006641465239226848,-0.018404155908233577
2022,All predictors,0.009883395396173047,0.006105049313435307
2022,All predictors,-0.045407046563923345,-0.005903668234431225
2022,All predictors,0.012750846333801748,0.011953567805946086
2022,All predictors,-0.03829031717032195,-0.0034202742188910173
2022,All predictors,0.003742744214832847,-0.001321842583253352
2022,All predictors,-0.03609452489763495,-0.015737708547154228
2022,All predictors,-0.006756479851901554,0.000979974140400075
2022,All predictors,-0.03224378358572715,0.0008956151842761106
2022,All predictors,0.03413766156882055,0.013998726254853988
2022,All predictors,-0.04204852413386105,-0.011518480617126292
2022,All predictors,-0.03202648740261795,-0.008231720694063638
2022,All predictors,-0.0013335747644304518,-0.0024636804087714848
2022,All predictors,-0.01397044328041372,0.008014548990861292
2022,All predictors,0.03137530293315655,0.007755884142367109
2022,All predictors,-0.013300374615937442,-0.00031684969056777756
2022,All predictors,-0.02860345412045715,-0.012601861100435596
2022,All predictors,-0.03420670423656695,-0.02850210532823616
2022,All predictors,-0.0014583291485905526,0.005359082347861921
2022,All predictors,-0.024689903017133447,-0.00046187896901672687
2022,All predictors,-0.013543565757572621,0.005899090496346293
2022,All predictors,0.002463684417307448,-2.405169137115193e-05
2022,All predictors,-0.004241527058184152,-0.0035847713873091713
2022,All predictors,0.010282450355589447,-0.028626300309706643
2022,All predictors,-0.00898015499114987,-0.002590371510207967
2022,All predictors,0.007518279366195249,0.013667962446216875
2022,All predictors,0.0014708423987031486,-0.01216803919151871
2022,All predictors,-0.0021225698292255523,0.007757397356058016
2022,All predictors,0.03519893717020755,0.000440064847597621
2022,All predictors,-0.024981752038001986,-0.0072630415871231535
2022,All predictors,0.005266386084258548,-0.0003778452356684725
2022,All predictors,-0.00269788689911365,-0.021131208221568998
2022,All predictors,0.015171292237937449,0.00293975709001848
2022,All predictors,0.010961457155644947,-0.0015759155720520002
2022,All predictors,0.012323060072958447,-0.00233775658456592
2022,All predictors,0.012693657539784948,-0.004009752044385695
2022,All predictors,-0.0005371728911995523,-0.008893364006234084
2022,All predictors,0.02917093317955735,0.01040763982902132
2023,Excess crowding only,0.015302724204957497,0.000454265174648277
2023,Excess crowding only,0.010286116041243099,-0.00259159672800434
2023,Excess crowding only,0.0070932982489467,-0.0017225145053856293
2023,Excess crowding only,0.016799560748040704,0.0014668148898390639
2023,Excess crowding only,0.012617821805179103,8.792780470437802e-05
2023,Excess crowding only,-0.0362087106332183,0.003170522822464911
2023,Excess crowding only,0.018407396040856804,0.006995876252676771
2023,Excess crowding only,-0.0702498452737928,-0.002961577595608905
2023,Excess crowding only,-0.0065491134300828,0.007867517866240433
2023,Excess crowding only,0.007266663946211302,-0.0019758787735584876
2023,Excess crowding only,-0.01936297875363381,0.0014636724624823671
2023,Excess crowding only,-0.01268925052136184,0.0012200903606738036
2023,Excess crowding only,-0.006714032962918301,0.005897663978536603
2023,Excess crowding only,0.0028456794098018993,-0.0033334926323591112
2023,Excess crowding only,0.01520727109164,-0.0020999060501341814
2023,Excess crowding only,0.0146619072183966,-0.0003759313584892576
2023,Excess crowding only,-0.01930601161438973,0.002851476695508598
2023,Excess crowding only,-0.0273004141636193,0.002056472512587172
2023,Excess crowding only,-0.041363722644746304,0.0022440038238122455
2023,Excess crowding only,0.008174692280590501,-0.005009536299463078
2023,Excess crowding only,0.0078251427039504,-0.004410814710532958
2023,Excess crowding only,-0.0460566366091371,0.0025943499442948573
2023,Excess crowding only,0.009377856738865402,-0.001457320370631899
2023,Excess crowding only,-0.009899267926812198,-0.0003554967432781005
2023,Excess crowding only,-0.035707788541913005,-0.003725431988235353
2023,Excess crowding only,-0.0502051925286651,-0.0032547556985483583
2023,Excess crowding only,0.014495248906314399,-0.0027097583189473677
2023,Excess crowding only,-0.0049684559926390995,0.004881845012603355
2023,Excess crowding only,0.004906411282718201,-0.0008694786735413518
2023,Excess crowding only,0.0031294906511903,0.004644902915905926
2023,Excess crowding only,0.00010742153972389916,0.006204396624365091
2023,Excess crowding only,0.007586385123431702,-0.003309230567526279
2023,Excess crowding only,0.009018781594932102,0.002794438766542081
2023,Excess crowding only,-0.012749802786856909,-0.0005098736002691926
2023,Excess crowding only,0.008790976367890802,0.000529229552259813
2023,Excess crowding only,0.0040165176615119,0.0017520341866394005
2023,Excess crowding only,-0.0040612695738672985,0.001211693918467395
2023,Excess crowding only,0.019944931380450705,-0.0028740388705427665
2023,Excess crowding only,0.0206451332196593,-0.006818731155940842
2023,Excess crowding only,-0.015174794476479311,-0.004930990596892941
2023,Excess crowding only,-0.0595562988892198,0.00011263703935371176
2023,Excess crowding only,0.003125336952507501,-0.0032175062654282807
2023,Excess crowding only,0.030851992778480004,0.001775080546381213
2023,Excess crowding only,-0.0424548396840692,0.0023009574759829767
2023,Excess crowding only,0.0135744092985988,-0.00208195210258389
2023,Excess crowding only,-0.0033786455169319985,0.0016322686181244076
2023,Excess crowding only,0.014075788669288101,-0.000697900459012487
2023,Excess crowding only,-0.022129177930764868,0.003456615450242503
2023,Excess crowding only,0.008263138122856601,-0.0038457241740002227
2023,Excess crowding only,-0.0064028296619654,-0.0019967295445016773
2023,Excess crowding only,-0.010890799574553979,-0.005833916020787446
2023,Excess crowding only,0.0030513377860188016,-0.004073017200703974
2023,Excess crowding only,-0.01311594480648638,0.0014927251025548946
2023,Excess crowding only,-0.02245461917482318,0.0035067658573997053
2023,Excess crowding only,-0.0055178115144372,-0.002963537916840735
2023,Excess crowding only,0.003943362273275802,-0.004836558839105654
2023,Excess crowding only,-0.0065216533839703005,-0.006886378969107365
2023,Excess crowding only,-0.02660131780430676,-0.001572308477073423
2023,Excess crowding only,0.0023962343111633994,-0.005116953993414144
2023,Excess crowding only,-0.0022625541314482984,-0.003798940514681951
2023,Excess crowding only,-0.00010742153972389916,-0.007759838834167122
2023,Excess crowding only,-0.0435948399826884,0.00097296100152549
2023,Excess crowding only,0.0009592985734342991,-0.00013004745269792548
2023,Excess crowding only,0.014326854608952997,-0.003757234889732178
2023,Excess crowding only,-0.029424640350043788,0.0037563054525460533
2023,Excess crowding only,0.0052507920190692,0.008403831330213355
2023,Excess crowding only,-0.014746828004717839,0.00549882304392737
2023,Excess crowding only,-0.0003026900812983981,-0.0038871706030834557
2023,Excess crowding only,-0.0411080503836274,0.002168515143950567
2023,Excess crowding only,0.0121224401518702,-0.0019553721321483157
2023,Excess crowding only,-0.0083063244819641,-0.003679409729381152
2023,Excess crowding only,0.0212081698700785,-0.0030908014052385964
2023,Excess crowding only,-0.0353858061134815,0.002501494470819789
2023,Excess crowding only,0.0059201149269938,-0.001728615746317103
2023,Excess crowding only,0.006191742606461001,0.0016324305146997549
2023,Excess crowding only,-0.006750744767487099,0.009443264723189536
2023,Excess crowding only,0.0230397088453173,-0.0023767441867477914
2023,Excess crowding only,-0.002333025448024299,0.0025833557113872836
2023,Excess crowding only,-0.0319383889436722,0.002672795686384302
2023,Excess crowding only,-0.0460759242996574,-0.0013628707095841345
2023,Excess crowding only,-0.01063090749084951,-0.0005511915036929916
2023,Excess crowding only,0.013416050933301399,-0.004842718381550081
2023,Excess crowding only,0.014717373065650399,-0.0017727452006435595
2023,Excess crowding only,-0.02116630040109159,-0.0007605934823532323
2023,Excess crowding only,-0.004071407951414601,-0.005130719371591108
2023,Excess crowding only,0.025001200847327702,0.0007744895238979196
2023,Excess crowding only,-0.021012789569795146,0.0006733455263791658
2023,Excess crowding only,0.0184672763571143,0.001400153608081197
2023,Excess crowding only,0.007502728141844299,-0.002389368266933052
2023,Excess crowding only,-0.01152975391596557,0.00863968565735903
2023,Excess crowding only,0.016846529208123705,-0.00455087122696026
2023,Excess crowding only,-0.0080993082374334,-0.0010802397846567564
2023,Excess crowding only,0.007474138401448701,-0.0003214514887023538
2023,Excess crowding only,-0.0345925614237785,-0.002902711982861077
2023,Excess crowding only,-0.006729407235979999,0.001776551543263965
2023,Excess crowding only,0.007926355116069301,0.0016321403209063605
2023,Excess crowding only,0.007607233710586999,-0.005263743185512988
2023,Excess crowding only,-0.007849479094147701,-0.003337897756980028
2023,Excess crowding only,0.002332693897187701,-0.0011323715424042301
2023,Excess crowding only,0.002515335567295501,-0.0011908525056528538
2023,Supply growth only,0.015302724204957497,0.0014382512479163914
2023,Supply growth only,0.010286116041243099,0.0008429875932291855
2023,Supply growth only,0.0070932982489467,-8.405548974554705e-05
2023,Supply growth only,0.016799560748040704,0.0009011798640108
2023,Supply growth only,0.012617821805179103,0.0022381932205019182
2023,Supply growth only,-0.0362087106332183,-0.0021549243104145837
2023,Supply growth only,0.018407396040856804,-3.0720951166088306e-06
2023,Supply growth only,-0.0702498452737928,-0.005225620359432756
2023,Supply growth only,-0.0065491134300828,0.0024099374899967914
2023,Supply growth only,0.007266663946211302,0.0007239344371284988
2023,Supply growth only,-0.01936297875363381,-0.00033531018359411703
2023,Supply growth only,-0.01268925052136184,-5.7283003042451694e-05
2023,Supply growth only,-0.006714032962918301,-0.007559006304722541
2023,Supply growth only,0.0028456794098018993,-0.0006924619014316968
2023,Supply growth only,0.01520727109164,-0.0011600384353169725
2023,Supply growth only,0.0146619072183966,0.0005209943289224248
2023,Supply growth only,-0.01930601161438973,-0.002024929731106298
2023,Supply growth only,-0.0273004141636193,-0.004988208012948661
2023,Supply growth only,-0.041363722644746304,-0.0010500547589435047
2023,Supply growth only,0.008174692280590501,0.0005160771482794852
2023,Supply growth only,0.0078251427039504,-0.0005524340743049104
2023,Supply growth only,-0.0460566366091371,-0.004836026535095258
2023,Supply growth only,0.009377856738865402,-0.0018594591188536682
2023,Supply growth only,-0.009899267926812198,0.0006879580469731496
2023,Supply growth only,-0.035707788541913005,-0.0014386748328740545
2023,Supply growth only,-0.0502051925286651,-0.0017081422900655837
2023,Supply growth only,0.014495248906314399,0.0011096766322911005
2023,Supply growth only,-0.0049684559926390995,0.0009963654239735895
2023,Supply growth only,0.004906411282718201,-0.0025676858590584443
2023,Supply growth only,0.0031294906511903,-0.0018832561788489563
2023,Supply growth only,0.00010742153972389916,-0.0015813282685799013
2023,Supply growth only,0.007586385123431702,0.00020005265848063464
2023,Supply growth only,0.009018781594932102,0.001975441859044508
2023,Supply growth only,-0.012749802786856909,0.0019468407475975807
2023,Supply growth only,0.008790976367890802,-0.001759867840089224
2023,Supply growth only,0.0040165176615119,0.0016083499487917097
2023,Supply growth only,-0.0040612695738672985,-0.0031401603061570393
2023,Supply growth only,0.019944931380450705,-0.0008235095829288077
2023,Supply growth only,0.0206451332196593,0.0009365772828504985
2023,Supply growth only,-0.015174794476479311,-0.0012371038680995283
2023,Supply growth only,-0.0595562988892198,-0.014476601555212404
2023,Supply growth only,0.003125336952507501,-0.001151285493443067
2023,Supply growth only,0.030851992778480004,0.001763578058857622
2023,Supply growth only,-0.0424548396840692,-0.005159978974994279
2023,Supply growth only,0.0135744092985988,-0.0005284196874790008
2023,Supply growth only,-0.0033786455169319985,-0.003254616368873908
2023,Supply growth only,0.014075788669288101,0.001337645932174442
2023,Supply growth only,-0.022129177930764868,-0.0010243756577833231
2023,Supply growth only,0.008263138122856601,-0.002961168431260479
2023,Supply growth only,-0.0064028296619654,0.0020239406861718243
2023,Supply growth only,-0.010890799574553979,0.001527149297094561
2023,Supply growth only,0.0030513377860188016,2.453407211813318e-05
2023,Supply growth only,-0.01311594480648638,-0.00017366011446946772
2023,Supply growth only,-0.02245461917482318,0.0012909874706952156
2023,Supply growth only,-0.0055178115144372,-0.0011848603412256552
2023,Supply growth only,0.003943362273275802,-6.012315562256001e-05
2023,Supply growth only,-0.0065216533839703005,-0.00204204069176866
2023,Supply growth only,-0.02660131780430676,-0.006116778539827171
2023,Supply growth only,0.0023962343111633994,0.0006550071539450164
2023,Supply growth only,-0.0022625541314482984,0.002478546844840134
2023,Supply growth only,-0.00010742153972389916,0.0008745942942384381
2023,Supply growth only,-0.0435948399826884,-0.007350218207285611
2023,Supply growth only,0.0009592985734342991,0.0011893125028000888
2023,Supply growth only,0.014326854608952997,-0.0014709774639220484
2023,Supply growth only,-0.029424640350043788,-0.004516327654427018
2023,Supply growth only,0.0052507920190692,0.0010707577244698228
2023,Supply growth only,-0.014746828004717839,-0.0038588608806759796
2023,Supply growth only,-0.0003026900812983981,-0.0015475687685643814
2023,Supply growth only,-0.0411080503836274,-0.0028366774075291633
2023,Supply growth only,0.0121224401518702,0.0008453354131764822
2023,Supply growth only,-0.0083063244819641,-0.0008810585374041287
2023,Supply growth only,0.0212081698700785,0.0012064710120621063
2023,Supply growth only,-0.0353858061134815,-0.006855610165582065
2023,Supply growth only,0.0059201149269938,-0.0043809306816340625
2023,Supply growth only,0.006191742606461001,-0.0031954701861178674
2023,Supply growth only,-0.006750744767487099,0.0007043719032600166
2023,Supply growth only,0.0230397088453173,0.0007723818169287798
2023,Supply growth only,-0.002333025448024299,0.0003000351707858574
2023,Supply growth only,-0.0319383889436722,-0.003907288673787162
2023,Supply growth only,-0.0460759242996574,-0.0007282648282468805
2023,Supply growth only,-0.01063090749084951,0.0009465497949123181
2023,Supply growth only,0.013416050933301399,0.0019434173626056042
2023,Supply growth only,0.014717373065650399,0.002251582389297113
2023,Supply growth only,-0.02116630040109159,-0.0009300391969002649
2023,Supply growth only,-0.004071407951414601,0.0001957399517076722
2023,Supply growth only,0.025001200847327702,0.0025034656078062665
2023,Supply growth only,-0.021012789569795146,-0.0014730966476400346
2023,Supply growth only,0.0184672763571143,-0.0010999755101808498
2023,Supply growth only,0.007502728141844299,-0.00023421727455282763
2023,Supply growth only,-0.01152975391596557,0.0006189602998742921
2023,Supply growth only,0.016846529208123705,0.0014965819939121022
2023,Supply growth only,-0.0080993082374334,-0.0006398703930731798
2023,Supply growth only,0.007474138401448701,0.0013782146307338289
2023,Supply growth only,-0.0345925614237785,0.0009883357640259995
2023,Supply growth only,-0.006729407235979999,0.0026466872953551848
2023,Supply growth only,0.007926355116069301,0.0015351820661458693
2023,Supply growth only,0.007607233710586999,7.32140638394726e-05
2023,Supply growth only,-0.007849479094147701,-0.0006099623398896255
2023,Supply growth only,0.002332693897187701,0.0006519329476031505
2023,Supply growth only,0.002515335567295501,-0.00023005800973519876
2023,Lagged rent growth only,0.015302724204957497,0.005508082083815345
2023,Lagged rent growth only,0.010286116041243099,0.00757619577852089
2023,Lagged rent growth only,0.0070932982489467,-0.0023055786650320446
2023,Lagged rent growth only,0.016799560748040704,0.003347817006833237
2023,Lagged rent growth only,0.012617821805179103,-0.0029262377007206884
2023,Lagged rent growth only,-0.0362087106332183,-0.0019958073156523333
2023,Lagged rent growth only,0.018407396040856804,4.887178341823233e-05
2023,Lagged rent growth only,-0.0702498452737928,-0.012158550148371135
2023,Lagged rent growth only,-0.0065491134300828,0.0004402096418992305
2023,Lagged rent growth only,0.007266663946211302,0.0010285822313480487
2023,Lagged rent growth only,-0.01936297875363381,0.0015779260892181228
2023,Lagged rent growth only,-0.01268925052136184,-0.002019895764056112
2023,Lagged rent growth only,-0.006714032962918301,0.0006994339984664506
2023,Lagged rent growth only,0.0028456794098018993,-0.0008210167487775413
2023,Lagged rent growth only,0.01520727109164,-0.0009249296625647015
2023,Lagged rent growth only,0.0146619072183966,0.004003280591726166
2023,Lagged rent growth only,-0.01930601161438973,-0.0011421561347327242
2023,Lagged rent growth only,-0.0273004141636193,-0.0048880949078077
2023,Lagged rent growth only,-0.041363722644746304,0.0018382783297833274
2023,Lagged rent growth only,0.008174692280590501,0.008326695588370096
2023,Lagged rent growth only,0.0078251427039504,0.004455011544357913
2023,Lagged rent growth only,-0.0460566366091371,-0.008923884209156034
2023,Lagged rent growth only,0.009377856738865402,-0.001118162731635191
2023,Lagged rent growth only,-0.009899267926812198,-0.005133020505067235
2023,Lagged rent growth only,-0.035707788541913005,-0.005145356142402967
2023,Lagged rent growth only,-0.0502051925286651,-0.010195328101812513
2023,Lagged rent growth only,0.014495248906314399,0.001931490599002658
2023,Lagged rent growth only,-0.0049684559926390995,0.0033760731652282884
2023,Lagged rent growth only,0.004906411282718201,0.0020414826836485152
2023,Lagged rent growth only,0.0031294906511903,0.0012849964403366327
2023,Lagged rent growth only,0.00010742153972389916,0.0012833567565720475
2023,Lagged rent growth only,0.007586385123431702,0.00492029009541784
2023,Lagged rent growth only,0.009018781594932102,0.003637822601114004
2023,Lagged rent growth only,-0.012749802786856909,0.0023499741727658232
2023,Lagged rent growth only,0.008790976367890802,0.0036291112999867737
2023,Lagged rent growth only,0.0040165176615119,-0.003308202346413918
2023,Lagged rent growth only,-0.0040612695738672985,-0.0018405302133736499
2023,Lagged rent growth only,0.019944931380450705,0.005678276254849474
2023,Lagged rent growth only,0.0206451332196593,0.006417556162882346
2023,Lagged rent growth only,-0.015174794476479311,-0.0032960822543617882
2023,Lagged rent growth only,-0.0595562988892198,-0.008263627628470037
2023,Lagged rent growth only,0.003125336952507501,-0.0004442211905155087
2023,Lagged rent growth only,0.030851992778480004,0.007948862026809387
2023,Lagged rent growth only,-0.0424548396840692,-0.0024326101335877333
2023,Lagged rent growth only,0.0135744092985988,0.0029595165085652114
2023,Lagged rent growth only,-0.0033786455169319985,-0.0023374669779634184
2023,Lagged rent growth only,0.014075788669288101,0.00810746197854806
2023,Lagged rent growth only,-0.022129177930764868,-0.006707662036940278
2023,Lagged rent growth only,0.008263138122856601,0.0027715268611810838
2023,Lagged rent growth only,-0.0064028296619654,0.0028105335811599917
2023,Lagged rent growth only,-0.010890799574553979,-0.001068192806591265
2023,Lagged rent growth only,0.0030513377860188016,0.00044835044566029754
2023,Lagged rent growth only,-0.01311594480648638,0.0015039928541211328
2023,Lagged rent growth only,-0.02245461917482318,-0.0020566077446819665
2023,Lagged rent growth only,-0.0055178115144372,-0.00030508863445836444
2023,Lagged rent growth only,0.003943362273275802,0.004276115213625984
2023,Lagged rent growth only,-0.0065216533839703005,0.00597981785195405
2023,Lagged rent growth only,-0.02660131780430676,-0.00392321462491271
2023,Lagged rent growth only,0.0023962343111633994,0.00264844304675932
2023,Lagged rent growth only,-0.0022625541314482984,-0.0034519662393014327
2023,Lagged rent growth only,-0.00010742153972389916,0.004143047755437492
2023,Lagged rent growth only,-0.0435948399826884,-0.020287200619565113
2023,Lagged rent growth only,0.0009592985734342991,0.000625375188996618
2023,Lagged rent growth only,0.014326854608952997,0.003953850477111741
2023,Lagged rent growth only,-0.029424640350043788,-0.004370729935189604
2023,Lagged rent growth only,0.0052507920190692,-0.0023699706534343746
2023,Lagged rent growth only,-0.014746828004717839,-0.0035582618185590045
2023,Lagged rent growth only,-0.0003026900812983981,0.002606845453226364
2023,Lagged rent growth only,-0.0411080503836274,-0.009323481108570977
2023,Lagged rent growth only,0.0121224401518702,0.0038218010854860094
2023,Lagged rent growth only,-0.0083063244819641,-0.0035072769392482037
2023,Lagged rent growth only,0.0212081698700785,0.007127472837302321
2023,Lagged rent growth only,-0.0353858061134815,-0.00676530163631852
2023,Lagged rent growth only,0.0059201149269938,0.009551269928910715
2023,Lagged rent growth only,0.006191742606461001,0.0019128057577938598
2023,Lagged rent growth only,-0.006750744767487099,0.0006488023872906683
2023,Lagged rent growth only,0.0230397088453173,0.00763907245471179
2023,Lagged rent growth only,-0.002333025448024299,-0.0026881522983206473
2023,Lagged rent growth only,-0.0319383889436722,-0.007407092529538319
2023,Lagged rent growth only,-0.0460759242996574,-0.008528363906142904
2023,Lagged rent growth only,-0.01063090749084951,-0.0019190855837306134
2023,Lagged rent growth only,0.013416050933301399,0.0146077881140541
2023,Lagged rent growth only,0.014717373065650399,0.008248812534063737
2023,Lagged rent growth only,-0.02116630040109159,-0.001367910222430188
2023,Lagged rent growth only,-0.004071407951414601,0.0005467639476663104
2023,Lagged rent growth only,0.025001200847327702,0.004912660369731576
2023,Lagged rent growth only,-0.021012789569795146,0.0017746385847982504
2023,Lagged rent growth only,0.0184672763571143,0.009492097937281828
2023,Lagged rent growth only,0.007502728141844299,0.005746847560452824
2023,Lagged rent growth only,-0.01152975391596557,0.0006109763550929563
2023,Lagged rent growth only,0.016846529208123705,0.006794692570166371
2023,Lagged rent growth only,-0.0080993082374334,-0.008157408067415172
2023,Lagged rent growth only,0.007474138401448701,0.005545468605708192
2023,Lagged rent growth only,-0.0345925614237785,-0.0063258668685375425
2023,Lagged rent growth only,-0.006729407235979999,0.007509631738371139
2023,Lagged rent growth only,0.007926355116069301,0.008561359931084664
2023,Lagged rent growth only,0.007607233710586999,-0.0036258612458746568
2023,Lagged rent growth only,-0.007849479094147701,0.006202020020704325
2023,Lagged rent growth only,0.002332693897187701,-0.00032444272452763925
2023,Lagged rent growth only,0.002515335567295501,0.0036580362261144643
2023,Occupancy only,0.015302724204957497,3.963815640606327e-06
2023,Occupancy only,0.010286116041243099,0.010151222991153341
2023,Occupancy only,0.0070932982489467,-0.0047392943762566975
2023,Occupancy only,0.016799560748040704,0.012741466038496019
2023,Occupancy only,0.012617821805179103,0.009623367915570946
2023,Occupancy only,-0.0362087106332183,-0.018488317969216184
2023,Occupancy only,0.018407396040856804,-0.017276833756607435
2023,Occupancy only,-0.0702498452737928,-0.023038431016258132
2023,Occupancy only,-0.0065491134300828,0.010478908627332584
2023,Occupancy only,0.007266663946211302,2.0239060197324577e-05
2023,Occupancy only,-0.01936297875363381,-0.024089825587765956
2023,Occupancy only,-0.01268925052136184,-0.01995074854782941
2023,Occupancy only,-0.006714032962918301,-0.01728826545165585
2023,Occupancy only,0.0028456794098018993,0.006685307512053984
2023,Occupancy only,0.01520727109164,0.0020368772965528303
2023,Occupancy only,0.0146619072183966,0.006732732977857536
2023,Occupancy only,-0.01930601161438973,-0.00993268129949082
2023,Occupancy only,-0.0273004141636193,-0.017027631986634928
2023,Occupancy only,-0.041363722644746304,-0.004181666392084005
2023,Occupancy only,0.008174692280590501,0.006244475641147718
2023,Occupancy only,0.0078251427039504,0.0013980796864939693
2023,Occupancy only,-0.0460566366091371,-0.01608470078682178
2023,Occupancy only,0.009377856738865402,-0.004731696201435209
2023,Occupancy only,-0.009899267926812198,-0.025558224521223527
2023,Occupancy only,-0.035707788541913005,-0.012620759455863051
2023,Occupancy only,-0.0502051925286651,-0.005503106065098962
2023,Occupancy only,0.014495248906314399,-0.0037579131981181346
2023,Occupancy only,-0.0049684559926390995,0.006480638851306397
2023,Occupancy only,0.004906411282718201,0.0012778862020081938
2023,Occupancy only,0.0031294906511903,-0.01006593629900221
2023,Occupancy only,0.00010742153972389916,-0.00026798656837440094
2023,Occupancy only,0.007586385123431702,0.0015494463474372555
2023,Occupancy only,0.009018781594932102,0.008515319883461159
2023,Occupancy only,-0.012749802786856909,-0.00039417136291591826
2023,Occupancy only,0.008790976367890802,-0.00014345454902098265
2023,Occupancy only,0.0040165176615119,-0.004099211274384951
2023,Occupancy only,-0.0040612695738672985,-0.011802107768083547
2023,Occupancy only,0.019944931380450705,0.0054208197173831185
2023,Occupancy only,0.0206451332196593,0.01106325647704004
2023,Occupancy only,-0.015174794476479311,-0.015604110490566203
2023,Occupancy only,-0.0595562988892198,-0.03973035856224327
2023,Occupancy only,0.003125336952507501,-0.009640782837168627
2023,Occupancy only,0.030851992778480004,-0.020408291812300305
2023,Occupancy only,-0.0424548396840692,-0.02354668234169721
2023,Occupancy only,0.0135744092985988,-0.007080289743204848
2023,Occupancy only,-0.0033786455169319985,-0.0004475192731422384
2023,Occupancy only,0.014075788669288101,0.003471646845982501
2023,Occupancy only,-0.022129177930764868,-0.012825818355196916
2023,Occupancy only,0.008263138122856601,-0.0013862267141421247
2023,Occupancy only,-0.0064028296619654,-0.008628343258626936
2023,Occupancy only,-0.010890799574553979,0.008302065973821382
2023,Occupancy only,0.0030513377860188016,0.0008215136532950806
2023,Occupancy only,-0.01311594480648638,-0.02047805269834907
2023,Occupancy only,-0.02245461917482318,-0.02497013497213285
2023,Occupancy only,-0.0055178115144372,0.006751602161250703
2023,Occupancy only,0.003943362273275802,0.008615060274998698
2023,Occupancy only,-0.0065216533839703005,-0.003303400021491265
2023,Occupancy only,-0.02660131780430676,-0.01623613631339782
2023,Occupancy only,0.0023962343111633994,0.011497569068038838
2023,Occupancy only,-0.0022625541314482984,-0.0048190178238539105
2023,Occupancy only,-0.00010742153972389916,0.01686424487866489
2023,Occupancy only,-0.0435948399826884,-0.013510687073614136
2023,Occupancy only,0.0009592985734342991,-0.01604496531668348
2023,Occupancy only,0.014326854608952997,0.0005701540934940907
2023,Occupancy only,-0.029424640350043788,-0.012888394260221536
2023,Occupancy only,0.0052507920190692,0.011320240063521947
2023,Occupancy only,-0.014746828004717839,-0.009736666753267842
2023,Occupancy only,-0.0003026900812983981,-0.0008336488763765471
2023,Occupancy only,-0.0411080503836274,-0.01421768461537809
2023,Occupancy only,0.0121224401518702,0.004320989650789919
2023,Occupancy only,-0.0083063244819641,0.0002495845727062962
2023,Occupancy only,0.0212081698700785,0.014885069546564877
2023,Occupancy only,-0.0353858061134815,-0.020624070795143445
2023,Occupancy only,0.0059201149269938,-0.012539865292508112
2023,Occupancy only,0.006191742606461001,-0.00890812136957253
2023,Occupancy only,-0.006750744767487099,0.0010649995757437414
2023,Occupancy only,0.0230397088453173,0.007801780106579115
2023,Occupancy only,-0.002333025448024299,0.001528419374215273
2023,Occupancy only,-0.0319383889436722,-0.014966850879640392
2023,Occupancy only,-0.0460759242996574,-0.01909309595666131
2023,Occupancy only,-0.01063090749084951,0.007831851432911208
2023,Occupancy only,0.013416050933301399,0.003200522849561016
2023,Occupancy only,0.014717373065650399,0.008886322002685576
2023,Occupancy only,-0.02116630040109159,0.0012505695009885631
2023,Occupancy only,-0.004071407951414601,0.001299578876347296
2023,Occupancy only,0.025001200847327702,-0.028960232693064136
2023,Occupancy only,-0.021012789569795146,-5.0692541609220765e-05
2023,Occupancy only,0.0184672763571143,0.009789357045883518
2023,Occupancy only,0.007502728141844299,-0.012663938207642833
2023,Occupancy only,-0.01152975391596557,0.010424986836832517
2023,Occupancy only,0.016846529208123705,0.00520928744856386
2023,Occupancy only,-0.0080993082374334,-0.005171449177427345
2023,Occupancy only,0.007474138401448701,0.002863999457169808
2023,Occupancy only,-0.0345925614237785,-0.009033066582723237
2023,Occupancy only,-0.006729407235979999,0.012814716116608171
2023,Occupancy only,0.007926355116069301,0.004357373660131003
2023,Occupancy only,0.007607233710586999,0.0007596264045989787
2023,Occupancy only,-0.007849479094147701,-0.0037962024899671487
2023,Occupancy only,0.002332693897187701,-0.00569035172074267
2023,Occupancy only,0.002515335567295501,0.010007638146718956
2023,Absorption only,0.015302724204957497,-0.0019002403362174069
2023,Absorption only,0.010286116041243099,0.0008385907169298152
2023,Absorption only,0.0070932982489467,-0.0014482955266789121
2023,Absorption only,0.016799560748040704,0.0007401810856520808
2023,Absorption only,0.012617821805179103,-0.0013544366297955244
2023,Absorption only,-0.0362087106332183,0.0001847070686422129
2023,Absorption only,0.018407396040856804,0.0028977980303714146
2023,Absorption only,-0.0702498452737928,0.001967172846727642
2023,Absorption only,-0.0065491134300828,-0.0027754034444300866
2023,Absorption only,0.007266663946211302,-0.0004676122646973327
2023,Absorption only,-0.01936297875363381,-0.002203859646590184
2023,Absorption only,-0.01268925052136184,-0.0007720848377690498
2023,Absorption only,-0.006714032962918301,0.005545472185181892
2023,Absorption only,0.0028456794098018993,0.0017888409426492047
2023,Absorption only,0.01520727109164,0.002912019075353746
2023,Absorption only,0.0146619072183966,-0.0009885291424001352
2023,Absorption only,-0.01930601161438973,0.002947145056460105
2023,Absorption only,-0.0273004141636193,0.0031004479213696387
2023,Absorption only,-0.041363722644746304,0.0029165698097480923
2023,Absorption only,0.008174692280590501,0.0007757336981079098
2023,Absorption only,0.0078251427039504,0.0006166002047556206
2023,Absorption only,-0.0460566366091371,0.0056727505377737585
2023,Absorption only,0.009377856738865402,0.0011048086789990602
2023,Absorption only,-0.009899267926812198,0.0010068256790707964
2023,Absorption only,-0.035707788541913005,0.0004436722977704693
2023,Absorption only,-0.0502051925286651,0.0023323692818739148
2023,Absorption only,0.014495248906314399,-0.0012069643933287468
2023,Absorption only,-0.0049684559926390995,-0.0012180568084149653
2023,Absorption only,0.004906411282718201,0.003279917509046662
2023,Absorption only,0.0031294906511903,-0.0020187016409202283
2023,Absorption only,0.00010742153972389916,0.0011214473016283879
2023,Absorption only,0.007586385123431702,0.000752980026136179
2023,Absorption only,0.009018781594932102,-0.002053827622026587
2023,Absorption only,-0.012749802786856909,-0.0022526378308795813
2023,Absorption only,0.008790976367890802,-0.0006608762660072175
2023,Absorption only,0.0040165176615119,0.00027657501922807425
2023,Absorption only,-0.0040612695738672985,0.0031290322217841244
2023,Absorption only,0.019944931380450705,0.0012817184785792637
2023,Absorption only,0.0206451332196593,0.0007194183599778768
2023,Absorption only,-0.015174794476479311,0.0005819008549987313
2023,Absorption only,-0.0595562988892198,0.009744520137114911
2023,Absorption only,0.003125336952507501,-9.331436076236784e-05
2023,Absorption only,0.030851992778480004,-0.002980328702625484
2023,Absorption only,-0.0424548396840692,0.002264250476408547
2023,Absorption only,0.0135744092985988,0.0001265429946644772
2023,Absorption only,-0.0033786455169319985,0.001888672678425172
2023,Absorption only,0.014075788669288101,-0.0006905982500202903
2023,Absorption only,-0.022129177930764868,0.00020106127037189414
2023,Absorption only,0.008263138122856601,0.0006094896822644545
2023,Absorption only,-0.0064028296619654,-0.0027125464256081817
2023,Absorption only,-0.010890799574553979,-0.0009147219189418346
2023,Absorption only,0.0030513377860188016,0.001574672005215293
2023,Absorption only,-0.01311594480648638,-0.0023290048424347014
2023,Absorption only,-0.02245461917482318,-0.0026862374923908687
2023,Absorption only,-0.0055178115144372,0.002639259432592628
2023,Absorption only,0.003943362273275802,0.0005887269565902505
2023,Absorption only,-0.0065216533839703005,0.0028535705804763637
2023,Absorption only,-0.02660131780430676,0.0048918729577939355
2023,Absorption only,0.0023962343111633994,0.0017575546436880756
2023,Absorption only,-0.0022625541314482984,-0.00023140070754080642
2023,Absorption only,-0.00010742153972389916,0.00022978778123620373
2023,Absorption only,-0.0435948399826884,0.004084117602797507
2023,Absorption only,0.0009592985734342991,-0.0009774367273139165
2023,Absorption only,0.014326854608952997,0.0010894499504181423
2023,Absorption only,-0.029424640350043788,0.0030580692073222905
2023,Absorption only,0.0052507920190692,0.0005117911032358371
2023,Absorption only,-0.014746828004717839,0.0028147471276745986
2023,Absorption only,-0.0003026900812983981,0.0007039174209471357
2023,Absorption only,-0.0411080503836274,0.0023391953834654335
2023,Absorption only,0.0121224401518702,-0.00029070246511712894
2023,Absorption only,-0.0083063244819641,0.00046983902053795946
2023,Absorption only,0.0212081698700785,-0.0004862418336241867
2023,Absorption only,-0.0353858061134815,0.0032972671839251056
2023,Absorption only,0.0059201149269938,0.0033359484262770476
2023,Absorption only,0.006191742606461001,0.002292834776823033
2023,Absorption only,-0.006750744767487099,-0.0019130392767015053
2023,Absorption only,0.0230397088453173,-0.0006369849104369006
2023,Absorption only,-0.002333025448024299,0.0005270076213669318
2023,Absorption only,-0.0319383889436722,0.0034056315466904725
2023,Absorption only,-0.0460759242996574,2.2510615188999893e-06
2023,Absorption only,-0.01063090749084951,-0.001269821412150652
2023,Absorption only,0.013416050933301399,-6.743205889452454e-05
2023,Absorption only,0.014717373065650399,-0.00014706991079558077
2023,Absorption only,-0.02116630040109159,-0.0004205406058058153
2023,Absorption only,-0.004071407951414601,0.000920361725578221
2023,Absorption only,0.025001200847327702,-0.0030912528534876695
2023,Absorption only,-0.021012789569795146,0.001814438823617402
2023,Absorption only,0.0184672763571143,0.001724135187979597
2023,Absorption only,0.007502728141844299,0.00030985226448673004
2023,Absorption only,-0.01152975391596557,0.002831243539854104
2023,Absorption only,0.016846529208123705,-0.0009895246155488982
2023,Absorption only,-0.0080993082374334,0.0010385386093813955
2023,Absorption only,0.007474138401448701,-0.0007279995983238221
2023,Absorption only,-0.0345925614237785,-0.0011442495849566649
2023,Absorption only,-0.006729407235979999,-3.088397328993237e-05
2023,Absorption only,0.007926355116069301,0.00032961951701217067
2023,Absorption only,0.007607233710586999,0.001509824040095861
2023,Absorption only,-0.007849479094147701,0.0005440728753457295
2023,Absorption only,0.002332693897187701,0.0004970012164542126
2023,Absorption only,0.002515335567295501,0.000170343813210058
2023,All predictors,0.015302724204957497,0.00021842876755973073
2023,All predictors,0.010286116041243099,0.012148698926515378
2023,All predictors,0.0070932982489467,-0.012854774162227967
2023,All predictors,0.016799560748040704,0.0136599168677759
2023,All predictors,0.012617821805179103,0.0022471081396321924
2023,All predictors,-0.0362087106332183,-0.01929340282277825
2023,All predictors,0.018407396040856804,-0.006818556877006887
2023,All predictors,-0.0702498452737928,-0.03652294375819881
2023,All predictors,-0.0065491134300828,0.009656203859356172
2023,All predictors,0.007266663946211302,-0.0037723981812069485
2023,All predictors,-0.01936297875363381,-0.024501494582460925
2023,All predictors,-0.01268925052136184,-0.021675090792045826
2023,All predictors,-0.006714032962918301,-0.009802158730075838
2023,All predictors,0.0028456794098018993,0.00158316511588813
2023,All predictors,0.01520727109164,0.00010143095929948664
2023,All predictors,0.0146619072183966,0.004503878758565505
2023,All predictors,-0.01930601161438973,-0.0068726261596414595
2023,All predictors,-0.0273004141636193,-0.019170014714421924
2023,All predictors,-0.041363722644746304,0.0008668980658704251
2023,All predictors,0.008174692280590501,0.007274417956705137
2023,All predictors,0.0078251427039504,-0.0009152880744343062
2023,All predictors,-0.0460566366091371,-0.01691260527554811
2023,All predictors,0.009377856738865402,-0.00892374423517106
2023,All predictors,-0.009899267926812198,-0.026460511786895624
2023,All predictors,-0.035707788541913005,-0.02142715820039076
2023,All predictors,-0.0502051925286651,-0.016587825549643553
2023,All predictors,0.014495248906314399,-0.007577189653792449
2023,All predictors,-0.0049684559926390995,0.007905686975447468
2023,All predictors,0.004906411282718201,0.0022939338442312662
2023,All predictors,0.0031294906511903,-0.011875218701541457
2023,All predictors,0.00010742153972389916,0.0031037595808830476
2023,All predictors,0.007586385123431702,0.0014259748498343106
2023,All predictors,0.009018781594932102,0.007687258685419585
2023,All predictors,-0.012749802786856909,-0.0037216807951843123
2023,All predictors,0.008790976367890802,-0.0024085207590655577
2023,All predictors,0.0040165176615119,-0.005908365231294788
2023,All predictors,-0.0040612695738672985,-0.011052873081891623
2023,All predictors,0.019944931380450705,0.005544915754978785
2023,All predictors,0.0206451332196593,0.008488437053333242
2023,All predictors,-0.015174794476479311,-0.02279026146988833
2023,All predictors,-0.0595562988892198,-0.040008150210578464
2023,All predictors,0.003125336952507501,-0.015138883099630629
2023,All predictors,0.030851992778480004,-0.015014881492354804
2023,All predictors,-0.0424548396840692,-0.02382574317546704
2023,All predictors,0.0135744092985988,-0.00821300531980429
2023,All predictors,-0.0033786455169319985,-0.004031991157496306
2023,All predictors,0.014075788669288101,0.006420967904696817
2023,All predictors,-0.022129177930764868,-0.017381276356286834
2023,All predictors,0.008263138122856601,-0.006551900206352157
2023,All predictors,-0.0064028296619654,-0.011987683542191652
2023,All predictors,-0.010890799574553979,-0.0017651797104746292
2023,All predictors,0.0030513377860188016,-0.0024086370789511147
2023,All predictors,-0.01311594480648638,-0.02162422211993731
2023,All predictors,-0.02245461917482318,-0.02606496113437512
2023,All predictors,-0.0055178115144372,0.003363732089756266
2023,All predictors,0.003943362273275802,0.004974123125668362
2023,All predictors,-0.0065216533839703005,-0.002979049751135665
2023,All predictors,-0.02660131780430676,-0.0185069921382785
2023,All predictors,0.0023962343111633994,0.008412863761576517
2023,All predictors,-0.0022625541314482984,-0.010988681332443184
2023,All predictors,-0.00010742153972389916,0.009664830580412342
2023,All predictors,-0.0435948399826884,-0.03105589249774665
2023,All predictors,0.0009592985734342991,-0.0163670551780416
2023,All predictors,0.014326854608952997,-0.001591379158359274
2023,All predictors,-0.029424640350043788,-0.013604141078420229
2023,All predictors,0.0052507920190692,0.012693530914601459
2023,All predictors,-0.014746828004717839,-0.008730910766501232
2023,All predictors,-0.0003026900812983981,-0.004755905416588879
2023,All predictors,-0.0411080503836274,-0.019864925004805467
2023,All predictors,0.0121224401518702,0.002636735257995626
2023,All predictors,-0.0083063244819641,-0.008774134245138399
2023,All predictors,0.0212081698700785,0.01334665121185541
2023,All predictors,-0.0353858061134815,-0.02486960458134435
2023,All predictors,0.0059201149269938,-0.004890656876611887
2023,All predictors,0.006191742606461001,-0.006568624796300604
2023,All predictors,-0.006750744767487099,0.0031482378623108875
2023,All predictors,0.0230397088453173,0.00782974081749288
2023,All predictors,-0.002333025448024299,-0.0009029275787816315
2023,All predictors,-0.0319383889436722,-0.017618633580845866
2023,All predictors,-0.0460759242996574,-0.02794239692160838
2023,All predictors,-0.01063090749084951,5.5260163140891105e-05
2023,All predictors,0.013416050933301399,0.010265521593027294
2023,All predictors,0.014717373065650399,0.01198187742471224
2023,All predictors,-0.02116630040109159,-0.005394869928271151
2023,All predictors,-0.004071407951414601,-0.0037127195917236455
2023,All predictors,0.025001200847327702,-0.024966768655643845
2023,All predictors,-0.021012789569795146,0.0006974482845490404
2023,All predictors,0.0184672763571143,0.016283459179873117
2023,All predictors,0.007502728141844299,-0.010040925530071743
2023,All predictors,-0.01152975391596557,0.01828008787432528
2023,All predictors,0.016846529208123705,0.0033528822465374586
2023,All predictors,-0.0080993082374334,-0.014051921690607705
2023,All predictors,0.007474138401448701,0.003962666608677501
2023,All predictors,-0.0345925614237785,-0.01925744480824515
2023,All predictors,-0.006729407235979999,0.017921628411334323
2023,All predictors,0.007926355116069301,0.01130191269664299
2023,All predictors,0.007607233710586999,-0.006989538315949673
2023,All predictors,-0.007849479094147701,-0.003026996391957637
2023,All predictors,0.002332693897187701,-0.007412417638666846
2023,All predictors,0.002515335567295501,0.00754304983488524
