msa,year,pop,RDI,RDI_growth,real_rent_growth,real_relative_rent_growth,real_rent_growth_next_year,real_relative_rg_next_year,spread
Akron - OH,2006,702640.9375,2.2158216028061712,0.0024202570737576223,-0.0121024962216616,-0.018465535715222397,-0.008289297014474901,-0.0073675410822034,-0.02088579278898002
Akron - OH,2007,703387.5625,2.2128595842588017,-0.0013367585836415602,-0.008289297014474901,-0.0073675410822034,-0.0239686754643917,0.005542128812521703,-0.00603078249856184
Akron - OH,2008,703345.1875,2.2355816191600657,0.010268177458207212,-0.0239686754643917,0.005542128812521703,-0.0180893416553736,0.00847736001014705,-0.004726048645685509
Akron - OH,2009,703332.0,2.3545886394952316,0.05323313598359169,-0.0180893416553736,0.00847736001014705,-0.01402162032574415,-0.004561511566862466,-0.04475577597344464
Akron - OH,2010,703146.4375,2.382204728480568,0.011728625765924343,-0.01402162032574415,-0.004561511566862466,-0.022006230771541603,-0.0007224562577903028,-0.016290137332786808
Akron - OH,2011,702968.3125,2.461189601549365,0.03315620698947046,-0.022006230771541603,-0.0007224562577903028,-0.01179022835940123,-0.00635202229022983,-0.03387866324726076
Akron - OH,2012,702671.0625,2.290974015509582,-0.06915988346961537,-0.01179022835940123,-0.006437621079385329,-0.000710217617452099,-0.006836988963186699,0.06272226239023004
Akron - OH,2013,704072.0,2.3689776275457786,0.034048230799704766,-0.000710217617452099,-0.006836988963186699,0.0107520882189274,0.0087440647184849,-0.040885219762891466
Akron - OH,2014,705015.5,2.2873730066311264,-0.03444718935534785,0.0107520882189274,0.0087440647184849,0.0298050010353327,-0.00045845098793499683,0.04319125407383275
Akron - OH,2015,704402.0,2.3221258284820143,0.015193333903188937,0.0298050010353327,-0.00045845098793499683,-0.00022962941974400027,-0.0133831864222884,-0.015651784891123934
Akron - OH,2016,703921.8125,2.279945859544601,-0.018164376977360716,-0.00022962941974400027,-0.0133831864222884,-0.0034675172567368018,-0.006257090717554099,0.004781190555072316
Akron - OH,2017,704079.0,2.3172234979683366,0.01635022966342786,-0.0034675172567368018,-0.006257090717554099,0.0013235455602407,-0.0078114774078130965,-0.022607320380981958
Akron - OH,2018,703677.6875,2.3223374949604723,0.002206950256036779,0.0013235455602407,-0.0078114774078130965,0.0136183604300022,-0.004182834178209305,-0.010018427663849876
Akron - OH,2019,702894.25,2.356019551280647,0.014503514839365864,0.0136183604300022,-0.004182834178209305,0.0172365476489067,-0.0016126427799462995,-0.01868634901757517
Akron - OH,2020,700395.1875,2.115417187626788,-0.10212239687190891,0.0172365476489067,-0.0016126427799462995,0.0305411128997803,-0.013048499822616605,0.10050975409196261
Akron - OH,2021,696923.1875,2.0962213753686707,-0.009074244253282545,0.0305411128997803,-0.013048499822616605,-0.0333695615828037,-0.001266054809093399,-0.00397425556933406
Akron - OH,2022,698776.625,2.1671059000042825,0.033815381079751204,-0.0333695615828037,-0.0007873512804508001,-0.0027563858628273027,0.016802541911602,-0.034602732360202004
Albany - NY,2006,860992.1875,2.181273600157068,0.0008000884551236314,-0.002731411129236201,-0.009094450622796998,0.0030079065859317973,0.003929662518203298,-0.009894539077920629
Albany - NY,2007,863865.8125,2.1494864315617543,-0.014572756298441793,0.0030079065859317973,0.003929662518203298,-0.030209466639906167,-0.0006986623629927635,0.01850241881664509
Albany - NY,2008,867088.625,2.1341626781578187,-0.007129030069197443,-0.030209466639906167,-0.0006986623629927635,-0.0261161017268896,0.0004505999386310508,0.006430367706204679
Albany - NY,2009,869978.0625,2.2158319972797145,0.03826761659630918,-0.0261161017268896,0.0004505999386310508,0.0013216182738543004,0.010781727032735985,-0.03781701665767813
Albany - NY,2010,872583.9375,2.201297056935426,-0.0065595859081972055,0.0013216182738543004,0.010781727032735985,-0.02271494955569506,-0.0014311750419437608,0.01734131294093319
Albany - NY,2011,876306.0,2.2325547853995253,0.014199686664559187,-0.02271494955569506,-0.0014311750419437608,-0.013385612800717352,-0.007947406731545951,-0.01563086170650295
Albany - NY,2012,880506.5,2.277698364561683,0.020220591878590377,-0.013385612800717352,-0.00803300552070145,0.0003388464823365009,-0.005787924863398099,-0.028253597399291827
Albany - NY,2013,884477.5,2.252370390833643,-0.011119985913022302,0.0003388464823365009,-0.005787924863398099,-0.00742547696828842,-0.009433500468730921,0.005332061049624203
Albany - NY,2014,887621.5,2.1775080448276314,-0.03323713822143787,-0.00742547696828842,-0.009433500468730921,0.0250994676500559,-0.005163984373211798,0.023803637752706948
Albany - NY,2015,890436.8125,2.2116586219953183,0.015683329964638636,0.0250994676500559,-0.005163984373211798,0.0157163890898228,0.002562832087278399,-0.020847314337850434
Albany - NY,2016,893670.125,2.239964290477878,0.012798389498747639,0.0157163890898228,0.002562832087278399,-0.010838389679789501,-0.013627963140606799,-0.01023555741146924
Albany - NY,2017,897462.0,2.2545289939254425,0.006502203409884452,-0.010838389679789501,-0.013627963140606799,-0.0026423109471798018,-0.011777333915233598,-0.02013016655049125
Albany - NY,2018,898994.0625,2.219560889327684,-0.015510159635106012,-0.0026423109471798018,-0.011777333915233598,0.0143421470820904,-0.003459047526121105,0.003732825719872414
Albany - NY,2019,898669.375,2.131278821490898,-0.03977456453718961,0.0143421470820904,-0.003459047526121105,0.0250899774134159,0.006240786984562902,0.036315517011068506
Albany - NY,2020,901194.375,1.8522715235056717,-0.13091074484100196,0.0250899774134159,0.006240786984562902,-7.522970437996712e-6,-0.0435971356928349,0.13715153182556486
Albany - NY,2021,905020.8125,1.9793664602640269,0.06861571597117197,-7.522970437996712e-6,-0.0435971356928349,-0.013292731642723099,0.018810775130987202,-0.11221285166400688
Albany - NY,2022,904804.0,1.952495881982589,-0.013575342828560176,-0.013292731642723099,0.0192894786596298,-0.009542464077472702,0.0100164636969566,0.03286482148818998
Albuquerque - NM,2006,835802.1875,2.4115697055345975,0.03296303690306745,0.004633837968110996,-0.0017292015254498014,0.008249829620122901,0.009171585552394402,-0.03469223842851725
Albuquerque - NM,2007,853070.9375,2.4843098417981095,0.030162983096267998,0.008249829620122901,0.009171585552394402,-0.0221255657374859,0.007385238539427505,-0.020991397543873594
Albuquerque - NM,2008,866686.0,2.444766799978775,-0.015917113539554956,-0.0221255657374859,0.007385238539427505,-0.0228614292144775,0.00370527245104315,0.02330235207898246
Albuquerque - NM,2009,879749.5,2.526472179690739,0.033420520809049316,-0.0228614292144775,0.00370527245104315,-0.009088178336620331,0.00037193042226135384,-0.029715248358006166
Albuquerque - NM,2010,891441.0,2.527484753685721,0.0004007857292558629,-0.009088178336620331,0.00037193042226135384,-0.0163271225690842,0.004956651944667101,-0.000028855306994509072
Albuquerque - NM,2011,898098.8125,2.4823084873222174,-0.01787400153358978,-0.0163271225690842,0.004956651944667101,-0.008279885448515401,-0.0028416793793440004,0.02283065347825688
Albuquerque - NM,2012,901305.3125,2.6148810486155027,0.05340696451322114,-0.008279885448515401,-0.0029272781684994992,-0.01080574221909046,-0.016932513564825058,-0.05633424268172064
Albuquerque - NM,2013,902727.8125,2.7258553404717745,0.04243951820103982,-0.01080574221909046,-0.016932513564825058,0.0026855532228946995,0.0006775297224521984,-0.05937203176586488
Albuquerque - NM,2014,902268.375,2.645087940292553,-0.02963011242014143,0.0026855532228946995,0.0006775297224521984,0.0159170815497637,-0.014346370473503997,0.030307642142593627
Albuquerque - NM,2015,903531.125,2.7504944675426914,0.03984991411608052,0.0159170815497637,-0.014346370473503997,0.0151172394752502,0.0019636824727057994,-0.05419628458958452
Albuquerque - NM,2016,906161.1875,2.6255408632904644,-0.04542950575859959,0.0151172394752502,0.0019636824727057994,0.0038748604208230994,0.0010852869600058018,0.04739318823130539
Albuquerque - NM,2017,908417.75,2.442688213263816,-0.06964380276202903,0.0038748604208230994,0.0010852869600058018,0.010721314907074002,0.0015862919390202054,0.07072908972203483
Albuquerque - NM,2018,910651.8125,2.4379138125844206,-0.0019545681898615803,0.010721314907074002,0.0015862919390202054,0.0397628798782825,0.021961685270071,0.0035408601288817857
Albuquerque - NM,2019,914078.6875,2.5777312210842616,0.0573512516226409,0.0397628798782825,0.021961685270071,0.05299543786048891,0.03414624743163591,-0.0353895663525699
Albuquerque - NM,2020,918201.8125,2.151684984697297,-0.16527954229757064,0.05299543786048891,0.03414624743163591,0.090941524386406,0.047351911664009094,0.19942578972920655
Albuquerque - NM,2021,919607.3125,2.308053627958352,0.07267264695954244,0.090941524386406,0.047351911664009094,-0.0035871434211730974,0.028516363352537204,-0.025320735295533345
Albuquerque - NM,2022,920852.625,2.1877076152791264,-0.05214177487967681,-0.0035871434211730974,0.028995066881179803,-0.026645731911063203,-0.007086804136633901,0.08113684176085662
Amarillo - TX,2006,243130.296875,2.9376172817189925,0.22521344699586204,0.005033025175333002,-0.0013300143182277957,0.0105578034222126,0.0114795593544841,-0.22654346131408984
Amarillo - TX,2007,245068.890625,2.7259524062059635,-0.07205325105834415,0.0105578034222126,0.0114795593544841,-0.029667738184332847,-0.00015693390741944313,0.08353281041282824
Amarillo - TX,2008,247197.296875,2.6037072123340526,-0.04484494798720799,-0.029667738184332847,-0.00015693390741944313,-0.0253155536055565,0.0012511480599641522,0.04468801407978855
Amarillo - TX,2009,250232.5,2.7076360372552237,0.039915711117151996,-0.0253155536055565,0.0012511480599641522,-0.01334894186258316,-0.0038888331037014758,-0.038664563057187844
Amarillo - TX,2010,253668.703125,2.6538116271844743,-0.019878746378819867,-0.01334894186258316,-0.0038888331037014758,-0.019958800047635998,0.0013249744661153022,0.01598991327511839
Amarillo - TX,2011,256914.609375,2.6196956885656504,-0.01285544846866872,-0.019958800047635998,0.0013249744661153022,-0.004311189338564902,0.0011270167306064987,0.014180422934784023
Amarillo - TX,2012,258919.59375,2.7402296298830526,0.046010665224783275,-0.004311189338564902,0.0010414179414509998,-0.0005137784034014003,-0.0066405497491360006,-0.04496924728333228
Amarillo - TX,2013,260501.0,2.752461995147697,0.004463992773177328,-0.0005137784034014003,-0.0066405497491360006,0.0006050754487514007,-0.0014029480516911004,-0.011104542522313328
Amarillo - TX,2014,262482.3125,2.805926382769454,0.019424205571596992,0.0006050754487514007,-0.0014029480516911004,0.00290401133336127,-0.027359440689906426,-0.020827153623288092
Amarillo - TX,2015,263689.3125,2.7858670634250062,-0.007148911485214741,0.00290401133336127,-0.027359440689906426,-0.0009494505003094997,-0.0141030075028539,-0.020210529204691685
Amarillo - TX,2016,265262.21875,2.9746783975232183,0.0677747106375145,-0.0009494505003094997,-0.0141030075028539,-0.0220619800304994,-0.024851553491316698,-0.0818777181403684
Amarillo - TX,2017,266460.6875,2.9043894689354506,-0.0236290849613497,-0.0220619800304994,-0.024851553491316698,-0.0002741737067699021,-0.009409196674823699,-0.0012224685299669982
Amarillo - TX,2018,266793.21875,2.7350445409044264,-0.05830654939438766,-0.0002741737067699021,-0.009409196674823699,0.015680088818073302,-0.002121105790138203,0.04889735271956396
Amarillo - TX,2019,267779.5,2.692898692078348,-0.01540956580258894,0.015680088818073302,-0.002121105790138203,0.0067970120459795,-0.0120521783828735,0.013288460012450737
Amarillo - TX,2020,269244.28125,2.6950280962541626,0.0007907479706082788,0.0067970120459795,-0.0120521783828735,0.047917118549346896,0.00432750582694999,-0.01284292635348178
Amarillo - TX,2021,270021.3125,2.4299899208144025,-0.09834338120932337,0.047917118549346896,0.00432750582694999,-0.0142957586050034,0.0178077481687069,0.10267088703627336
Amarillo - TX,2022,271259.40625,2.6139037666951226,0.07568502416630686,-0.0142957586050034,0.0182864516973495,-0.015750788882374803,0.003808138892054499,-0.05739857246895736
Anchorage - AK,2006,359066.8125,2.7157084991447835,0.06886498835653694,0.029211522668600103,0.022848483175039305,0.019733148723840698,0.0206549046561122,-0.046016505181497636
Anchorage - AK,2007,361551.40625,2.652673525363512,-0.023211244432575252,0.019733148723840698,0.0206549046561122,-0.02940999093651772,0.00010081334039568207,0.04386614908868745
Anchorage - AK,2008,367880.875,2.718689369499767,0.02488653183478684,-0.02940999093651772,0.00010081334039568207,-0.06061320072412489,-0.03404649905860424,-0.024785718494391158
Anchorage - AK,2009,376824.40625,2.8753781190598233,0.05763392880330664,-0.06061320072412489,-0.03404649905860424,-0.00850778229907155,0.0009523264598101343,-0.09168042786191088
Anchorage - AK,2010,384787.90625,2.757785643152429,-0.04089635207554696,-0.00850778229907155,0.0009523264598101343,-0.020971229642629603,0.000312544871121697,0.04184867853535709
Anchorage - AK,2011,389558.5,2.596061488110955,-0.058642757620786926,-0.020971229642629603,0.000312544871121697,0.001631414234638199,0.007069620303809599,0.058955302491908626
Anchorage - AK,2012,394062.28125,2.779713859875752,0.07074268949555321,0.001631414234638199,0.0069840215146541006,0.004962223246693601,-0.001164548099040999,-0.0637586679808991
Anchorage - AK,2013,398276.625,2.969952644236356,0.06843826161628998,0.004962223246693601,-0.001164548099040999,-0.003787116318941101,-0.005795139819383602,-0.06960280971533098
Anchorage - AK,2014,399384.1875,2.8332469124066066,-0.04602959986417546,-0.003787116318941101,-0.005795139819383602,0.00225631792657077,-0.028007134096696928,0.04023446004479186
Anchorage - AK,2015,400652.71875,2.802514165878433,-0.010847182571203644,0.00225631792657077,-0.028007134096696928,-0.07487685579061511,-0.08803041279315951,-0.017159951525493284
Anchorage - AK,2016,402706.09375,2.9002105936883615,0.03486027974431521,-0.07487685579061511,-0.08803041279315951,-0.013919036652892831,-0.01670861011371013,-0.12289069253747473
Anchorage - AK,2017,401472.8125,2.8515106624164313,-0.0167918603490086,-0.013919036652892831,-0.01670861011371013,-0.0059810166954994,-0.015116039663553196,0.0000832502352984682
Anchorage - AK,2018,399076.375,2.6877845370997666,-0.05741732881262299,-0.0059810166954994,-0.015116039663553196,0.0066078222990036024,-0.011193372309207902,0.0423012891490698
Anchorage - AK,2019,398190.71875,2.904659389088592,0.08068907644763916,0.0066078222990036024,-0.011193372309207902,0.023422485321760198,0.004573294892907198,-0.09188244875684706
Anchorage - AK,2020,398788.6875,2.678215224180019,-0.0779589392681342,0.023422485321760198,0.004573294892907198,0.05237725961208339,0.008787646889686487,0.0825322341610414
Anchorage - AK,2021,400110.40625,2.283273072105729,-0.14746468039931637,0.05237725961208339,0.008787646889686487,0.003892002701759295,0.035995509475469596,0.15625232728900285
Anchorage - AK,2022,401503.125,2.335857839883758,0.023030433118336243,0.003892002701759295,0.036474213004112195,0.014757954716682398,0.0343168824911117,0.013443779885775952
Ann Arbor - MI,2006,344321.59375,2.194961711578958,0.04149016149208026,-0.014237728312611601,-0.0206007678061724,-0.005507760584354402,-0.004586004652082901,-0.06209092929825266
Ann Arbor - MI,2007,344379.0,2.330613941931373,0.061801638560169965,-0.005507760584354402,-0.004586004652082901,-0.025840917892754098,0.0036698863841593057,-0.06638764321225286
Ann Arbor - MI,2008,342090.78125,2.1929126912888255,-0.059083680984262386,-0.025840917892754098,0.0036698863841593057,-0.0200634307265282,0.006503270938992452,0.06275356736842169
Ann Arbor - MI,2009,344190.0,2.2354409104661794,0.01939348490539271,-0.0200634307265282,0.006503270938992452,-0.00973725987970829,-0.00027715112082660545,-0.01289021396640026
Ann Arbor - MI,2010,347278.8125,2.2345210108219105,-0.0004115070275228779,-0.00973725987970829,-0.00027715112082660545,-0.012537345632910701,0.008746428880840599,0.00013435590669627243
Ann Arbor - MI,2011,351481.28125,2.205195636045944,-0.013123785649784394,-0.012537345632910701,0.008746428880840599,0.026342572361230897,0.0317807784304023,0.021870214530624994
Ann Arbor - MI,2012,354950.71875,2.367892514334079,0.07377888638482022,0.026342572361230897,0.031695179641246796,0.0114435466378927,0.005316775292158099,-0.042083706743573424
Ann Arbor - MI,2013,359271.40625,2.2322233000779708,-0.05729534319435214,0.0114435466378927,0.005316775292158099,0.014766025185585,0.0127580016851425,0.06261211848651024
Ann Arbor - MI,2014,363622.0,2.3302198499484863,0.043900872223263936,0.014766025185585,0.0127580016851425,0.024446882471442197,-0.005816569551825499,-0.031142870538121436
Ann Arbor - MI,2015,367239.40625,2.244798224864639,-0.036658182740025795,0.024446882471442197,-0.005816569551825499,0.027877990424633,0.0147244334220886,0.030841613188200296
Ann Arbor - MI,2016,371019.0,2.21153645298388,-0.014817265762389389,0.027877990424633,0.0147244334220886,0.0338513978719711,0.0310618244111538,0.02954169918447799
Ann Arbor - MI,2017,373790.59375,2.3359668397518916,0.05626422598647468,0.0338513978719711,0.0310618244111538,0.0012697709947823987,-0.007865251973271398,-0.02520240157532088
Ann Arbor - MI,2018,374353.40625,2.36919560704802,0.014224845460416522,0.0012697709947823987,-0.007865251973271398,0.0285245023369789,0.010723307728767395,-0.022090097433687922
Ann Arbor - MI,2019,372773.71875,2.3425462580680576,-0.011248268779785072,0.0285245023369789,0.010723307728767395,-0.0002860826328397008,-0.0191352730616927,0.021971576508552467
Ann Arbor - MI,2020,370135.3125,2.168816965563036,-0.07416258778526731,-0.0002860826328397008,-0.0191352730616927,0.043589612722396906,0.0,0.05502731472357461
Ann Arbor - MI,2021,365686.3125,2.0289568604488633,-0.06448681808326974,0.043589612722396906,0.0,-0.0361977423727512,-0.004094235599040902,0.06448681808326974
Ann Arbor - MI,2022,368493.09375,2.1032587781680308,0.0366207479161138,-0.0361977423727512,-0.003615532070398303,-0.0186028729975224,0.0009560547769069012,-0.0402362799865121
Athens - GA,2006,184063.09375,2.8187932333527703,0.14636551634394954,0.031534140586853,0.0251711010932922,-0.003076138809323302,-0.002154382877051801,-0.12119441525065733
Athens - GA,2007,187571.5,2.636875559616392,-0.06453743097715577,-0.003076138809323302,-0.002154382877051801,-0.0531044335216284,-0.023593629244714996,0.06238304810010396
Athens - GA,2008,190474.296875,2.9995497015243586,0.13753934674138646,-0.0531044335216284,-0.023593629244714996,-0.029523261547088602,-0.0029565598815679515,-0.16113297598610146
Athens - GA,2009,192392.8125,3.042656412187131,0.01437106064315782,-0.029523261547088602,-0.0029565598815679515,-0.00809587555378675,0.0013642332050949352,-0.01732762052472577
Athens - GA,2010,193725.59375,3.039579980378295,-0.0010111006278966978,-0.00809587555378675,0.0013642332050949352,-0.0212581552267075,0.000025619287043799482,0.002375333832991633
Atlanta - GA,2006,4965195.0,2.8714469609433735,0.036644430166076096,-0.014627537101507201,-0.020990576595068,-0.014621573403477701,-0.0136998174712062,-0.057635006761144095
Atlanta - GA,2007,5092258.0,2.9975288706393792,0.04390884157393014,-0.014621573403477701,-0.0136998174712062,-0.0555194647163153,-0.0260086604394019,-0.05760865904513634
Atlanta - GA,2008,5188001.0,2.9488627120661675,-0.016235426137140484,-0.0555194647163153,-0.0260086604394019,-0.029749643713235897,-0.003182942047715246,-0.009773234302261416
Atlanta - GA,2009,5256739.0,3.0830816408165322,0.04551548914134499,-0.029749643713235897,-0.003182942047715246,-0.02076544117555022,-0.011305332416668534,-0.04869843118906024
Atlanta - GA,2010,5319784.0,2.951257326434296,-0.042757321971961616,-0.02076544117555022,-0.011305332416668534,-0.0175658672749996,0.003717907238751702,0.03145198955529308
Atlanta - GA,2011,5388462.0,2.9828804690997694,0.010715142452074966,-0.0175658672749996,0.003717907238751702,0.0057536398023366984,0.011191845871508099,-0.0069972352133232645
Atlanta - GA,2012,5466024.0,2.9064731640515102,-0.025615275516326294,0.0057536398023366984,0.0111062470823526,0.0199067524075508,0.013779981061816198,0.03672152259867889
Atlanta - GA,2013,5537353.0,2.8909350503228026,-0.005346037225077313,0.0199067524075508,0.013779981061816198,0.0184442874193192,0.0164362639188767,0.01912601828689351
Atlanta - GA,2014,5625005.0,2.952968716923995,0.021457993874426814,0.0184442874193192,0.0164362639188767,0.0587119964659214,0.028448544442653705,-0.005021729955550114
Atlanta - GA,2015,5721846.0,2.9294164294549128,-0.00797579985663239,0.0587119964659214,0.028448544442653705,0.026301253855228406,0.013147696852684005,0.03642434429928609
Atlanta - GA,2016,5822267.0,2.905137763968341,-0.008287884659365242,0.026301253855228406,0.013147696852684005,0.009197849497199099,0.006408276036381801,0.021435581512049245
Atlanta - GA,2017,5905755.0,2.878878008149103,-0.009039074203272126,0.009197849497199099,0.006408276036381801,0.0273398349285126,0.018204811960458804,0.015447350239653927
Atlanta - GA,2018,5981888.0,2.826154506824748,-0.018313906033917835,0.0273398349285126,0.018204811960458804,0.0240361571013927,0.006234962493181194,0.03651871799437664
Atlanta - GA,2019,6057035.0,2.7296233909984773,-0.03415634764241022,0.0240361571013927,0.006234962493181194,0.0241701585352421,0.005320968106389101,0.04039131013559141
Atlanta - GA,2020,6115917.0,2.569789088071085,-0.05855544155083087,0.0241701585352421,0.005320968106389101,0.11728893804550199,0.07369932532310508,0.06387640965721997
Atlanta - GA,2021,6167900.0,2.5384311775456574,-0.012202523028442552,0.11728893804550199,0.07369932532310508,-0.0629095248132944,-0.030806018039584097,0.08590184835154763
Atlanta - GA,2022,6257506.0,2.6577342726050452,0.04699875108480935,-0.0629095248132944,-0.0303273145109415,-0.0674086034148932,-0.0478496756404639,-0.07732606559575085
Atlantic City - NJ,2006,271879.6875,2.4199234010700277,-0.024306730709559358,-0.002501124858856202,-0.008864164352416999,0.0007509245574473973,0.0016726804897188984,0.015442566357142359
Atlantic City - NJ,2007,272478.90625,2.340802243307535,-0.0326957281902011,0.0007509245574473973,0.0016726804897188984,-0.030780364584177728,-0.0012695603072643245,0.03436840867992
Atlantic City - NJ,2008,273284.40625,2.610724703735346,0.11531194538091884,-0.030780364584177728,-0.0012695603072643245,-0.020856835603714,0.005709866061806651,-0.11658150568818317
Atlantic City - NJ,2009,274288.3125,2.607254666270282,-0.0013291472134534905,-0.020856835603714,0.005709866061806651,-0.0013044673800467997,0.008155641378834885,0.007039013275260141
Atlantic City - NJ,2010,275223.125,2.5942162019043375,-0.0050008403607906746,-0.0013044673800467997,0.008155641378834885,-0.0209586446806788,0.00032512983307250026,0.01315648173962556
Atlantic City - NJ,2011,276306.5,2.634837365315833,0.015658356994947626,-0.0209586446806788,0.00032512983307250026,-0.019791370308026673,-0.014353164238855272,-0.015333227161875126
Atlantic City - NJ,2012,277407.09375,2.8079467676515915,0.06570022294905795,-0.019791370308026673,-0.014438763028010771,0.010866623967886,0.004739852622151399,-0.08013898597706871
Atlantic City - NJ,2013,277835.375,2.662871241684989,-0.05166605280339255,0.010866623967886,0.004739852622151399,-0.00915555766224861,-0.011163581162691111,0.056405905425543953
Atlantic City - NJ,2014,277084.5,2.7858664548624965,0.04618894494488579,-0.00915555766224861,-0.011163581162691111,0.011293620035052299,-0.018969831988215398,-0.0573525261075769
Atlantic City - NJ,2015,275617.875,2.7897696060411388,0.0014010546599710972,0.011293620035052299,-0.018969831988215398,-0.009259790146723389,-0.02241334714926779,-0.020370886648186495
Atlantic City - NJ,2016,274070.3125,3.06694725552417,0.09935503235923634,-0.009259790146723389,-0.02241334714926779,-0.0009707289785147004,-0.003760302439331998,-0.12176837950850414
Atlantic City - NJ,2017,273493.40625,2.7820894553221245,-0.0928799149346182,-0.0009707289785147004,-0.003760302439331998,0.01699240899086,0.007857386022806202,0.0891196124952862
Atlantic City - NJ,2018,273430.5,2.75132117487299,-0.011059414495200608,0.01699240899086,0.007857386022806202,0.004945359349250802,-0.012855835258960703,0.01891680051800681
Atlantic City - NJ,2019,274183.1875,2.5960362408759226,-0.05644013334947568,0.004945359349250802,-0.012855835258960703,0.0643897150754929,0.04554052464663991,0.04358429809051498
Atlantic City - NJ,2020,274386.09375,2.346386106468499,-0.0961658895498275,0.0643897150754929,0.04554052464663991,0.089238008737564,0.0456483960151671,0.1417064141964674
Atlantic City - NJ,2021,275209.90625,2.1785383274992274,-0.07153459462897022,0.089238008737564,0.0456483960151671,0.006573190987110095,0.038676697760820396,0.11718299064413731
Atlantic City - NJ,2022,276267.5,2.356673585463265,0.08176824603702136,0.006573190987110095,0.039155401289462995,0.007964228481054297,0.0275231562554836,-0.042612844747558366
Augusta - GA,2006,540332.8125,2.5988243429067746,-0.057022794322225206,0.0301553435921669,0.023792304098606103,-0.003254965782165501,-0.002333209849894,0.08081509842083132
Augusta - GA,2007,547296.0625,2.6194886276953797,0.007951397271233899,-0.003254965782165501,-0.002333209849894,-0.0516701464653015,-0.022159342188388095,-0.010284607121127899
Augusta - GA,2008,554017.8125,2.8105776454153317,0.0729489777888716,-0.0516701464653015,-0.022159342188388095,-0.031739697515964505,-0.005172995850443854,-0.0951083199772597
Augusta - GA,2009,560270.375,2.907105726242308,0.03434457005108357,-0.031739697515964505,-0.005172995850443854,-0.004844138570129901,0.004615970188751784,-0.03951756590152743
Augusta - GA,2010,567673.5,2.809774083098188,-0.03348059971314838,-0.004844138570129901,0.004615970188751784,-0.0198482399508357,0.0014355345629156017,0.03809656990190016
Augusta - GA,2011,571904.8125,2.9636012731808474,0.054747173805889233,-0.0198482399508357,0.0014355345629156017,-0.004692282810807202,0.0007459232583641989,-0.053311639242973635
Augusta - GA,2012,576721.375,2.930728063444186,-0.011092318671255775,-0.004692282810807202,0.0006603244692087,0.0047423845529556,-0.001384386792779,0.011752643140464475
Augusta - GA,2013,579987.1875,2.9218637670701466,-0.0030246055526633236,0.0047423845529556,-0.001384386792779,0.004820915699005099,0.002812892198562598,0.0016402187598843236
Augusta - GA,2014,583941.25,2.989566954646333,0.023171233491174965,0.004820915699005099,0.002812892198562598,0.016060842365026497,-0.014202609658241199,-0.020358341292612367
Augusta - GA,2015,590014.5625,3.0839715005178547,0.03157800019323862,0.016060842365026497,-0.014202609658241199,0.0022325639501214,-0.010920993052423,-0.04578060985147982
Augusta - GA,2016,595348.375,2.951554455120788,-0.04293718193401967,0.0022325639501214,-0.010920993052423,0.012265475183725397,0.0094759017229081,0.03201618888159667
Augusta - GA,2017,600068.8125,3.022184612846734,0.023929816915085722,0.012265475183725397,0.0094759017229081,0.0071342179775238,-0.0020008049905299967,-0.014453915192177622
Augusta - GA,2018,604204.875,3.0053484500594405,-0.0055708584828756515,0.0071342179775238,-0.0020008049905299967,0.0340558245480061,0.016254629939794592,0.003570053492345655
Augusta - GA,2019,608788.5625,2.9760488270020167,-0.00974916005391799,0.0340558245480061,0.016254629939794592,0.040529726177454,0.021680535748600998,0.026003789993712584
Augusta - GA,2020,613228.5,2.7271035461342663,-0.08364959560106762,0.040529726177454,0.021680535748600998,0.0415232910513878,-0.0020663216710091054,0.10533013134966862
Augusta - GA,2021,618254.1875,2.6256061518549627,-0.03721801998430846,0.0415232910513878,-0.0020663216710091054,-0.044997351169586204,-0.012893844395875903,0.035151698313299354
Augusta - GA,2022,626112.4375,2.9144585722300276,0.11001361349301902,-0.044997351169586204,-0.012415140867233304,-0.03691001123189926,-0.01735108345746996,-0.12242875436025233
Austin - TX,2006,1530992.0,2.4892710155649707,0.01593802044379373,0.0050768234133719975,-0.0012862160801887998,0.016743726193904896,0.0176654821261764,-0.01722423652398253
Austin - TX,2007,1591849.0,2.5615263148234053,0.029026690467464197,0.016743726193904896,0.0176654821261764,-0.03305694257095456,-0.0035461382940411568,-0.011361208341287798
Austin - TX,2008,1646057.0,2.5974032119160926,0.014006062278208787,-0.03305694257095456,-0.0035461382940411568,-0.039419398367404906,-0.012852696701884256,-0.017552200572249946
Austin - TX,2009,1693767.0,2.738250917978791,0.05422635400485078,-0.039419398367404906,-0.012852696701884256,-0.0038640146926045005,0.0055960940662771845,-0.06707905070673503
Austin - TX,2010,1741076.0,2.596384866287611,-0.05180900360873315,-0.0038640146926045005,0.0055960940662771845,-0.009691063657403,0.0115927108563483,0.05740509767501034
Austin - TX,2011,1794669.0,2.576020810544934,-0.007843234647948824,-0.009691063657403,0.0115927108563483,0.0078966726511717,0.0133348787203431,0.019435945504297125
Austin - TX,2012,1848120.0,2.686481307661383,0.042880281348768375,0.0078966726511717,0.013249279931187602,0.0191047458350658,0.0129779744893312,-0.029631001417580773
Austin - TX,2013,1899710.0,2.6299562071205074,-0.021040570942993688,0.0191047458350658,0.0129779744893312,0.0092495761960745,0.007241552695631998,0.03401854543232489
Austin - TX,2014,1959680.0,2.6578435227082244,0.010603718614102094,0.0092495761960745,0.007241552695631998,0.0454038327336311,0.015140380710363402,-0.0033621659184700954
Austin - TX,2015,2019753.0,2.623983323967611,-0.012739726192048915,0.0454038327336311,0.015140380710363402,0.003228523105382899,-0.009925033897161501,0.027880106902412317
Austin - TX,2016,2078534.875,2.714292723920618,0.034416910781450476,0.003228523105382899,-0.009925033897161501,-0.009694602623581901,-0.012484176084399199,-0.04434194467861198
Austin - TX,2017,2131416.0,2.704541528261035,-0.003592536491605025,-0.009694602623581901,-0.012484176084399199,0.0171215201020241,0.007986497133970302,-0.008891639592794175
Austin - TX,2018,2185146.0,2.6498182678312157,-0.020233839953275,0.0171215201020241,0.007986497133970302,0.029068804502487205,0.0112676098942757,0.028220337087245303
Austin - TX,2019,2248783.0,2.570014455510257,-0.030116711508021726,0.029068804502487205,0.0112676098942757,-0.02080258344113827,-0.039651773869991275,0.041384321402297426
Austin - TX,2020,2314886.0,2.4499174920126903,-0.04673007314806036,-0.02080258344113827,-0.039651773869991275,0.11438988733291601,0.0708002746105191,0.007078299278069085
Austin - TX,2021,2376382.0,2.203564068938935,-0.100555803971736,0.11438988733291601,0.0708002746105191,-0.0534023809432983,-0.021298874169588,0.1713560785822551
Austin - TX,2022,2445493.0,2.224546569302753,0.00952207410693601,-0.0534023809432983,-0.0208201706409454,-0.09063441938161851,-0.0710754916071892,-0.03034224474788141
Bakersfield - CA,2006,789159.125,3.2977236091414177,0.018805670758454764,0.0249870732724667,0.018624033778905903,0.014884180486202197,0.0158059364184737,-0.00018163697954886107
Bakersfield - CA,2007,807037.1875,3.279089756493331,-0.005650519830234692,0.014884180486202197,0.0158059364184737,-0.030229137569665908,-0.0007183332927525043,0.021456456248708393
Bakersfield - CA,2008,821314.375,3.21867366340945,-0.018424653660133485,-0.030229137569665908,-0.0007183332927525043,-0.0566259219348431,-0.03005922026932245,0.01770632036738098
Bakersfield - CA,2009,833048.5625,3.559632466558752,0.10593146084531423,-0.0566259219348431,-0.03005922026932245,-0.00804324651509523,0.0014168622437864542,-0.1359906811146367
Bakersfield - CA,2010,843624.875,3.5277143924236687,-0.008966676878846449,-0.00804324651509523,0.0014168622437864542,-0.0158000796735287,0.005483694840222601,0.010383539122632903
Bakersfield - CA,2011,851223.5625,3.588472308085037,0.017223025705214567,-0.0158000796735287,0.005483694840222601,0.0011594590693711979,0.006597665138542598,-0.011739330864991966
Bakersfield - CA,2012,858512.0625,3.550315135581376,-0.010633263747832413,0.0011594590693711979,0.0065120663493870995,0.0003967514634132009,-0.005730019882321399,0.01714533009721951
Bakersfield - CA,2013,867212.8125,3.549834238559714,-0.00013545192561705544,0.0003967514634132009,-0.005730019882321399,-0.0049704007655382,-0.0069784242659807014,-0.005594567956704344
Bakersfield - CA,2014,875106.0625,3.642091357518122,0.02598913435345078,-0.0049704007655382,-0.0069784242659807014,0.014852171927690498,-0.015411280095577198,-0.03296755861943148
Bakersfield - CA,2015,882005.0,3.502803665733647,-0.03824387641923173,0.014852171927690498,-0.015411280095577198,0.010908654227852801,-0.002244902774691599,0.02283259632365453
Bakersfield - CA,2016,887814.6875,3.395803672046263,-0.030546957208625998,0.010908654227852801,-0.002244902774691599,0.012635150641202898,0.0098455771803856,0.0283020544339344
Bakersfield - CA,2017,894813.0,3.500911997501197,0.030952415276586737,0.012635150641202898,0.0098455771803856,0.017443880647420897,0.0083088576793671,-0.021106838096201137
Bakersfield - CA,2018,901621.1875,3.306657938532268,-0.05548670149594721,0.017443880647420897,0.0083088576793671,0.0244382276833057,0.006637033075094195,0.06379555917531432
Bakersfield - CA,2019,907308.0,3.337243103754885,0.009249570349025312,0.0244382276833057,0.006637033075094195,0.0377416518628597,0.0188924614340067,-0.0026125372739311172
Bakersfield - CA,2020,907759.875,3.3157127815189633,-0.0064515294710466315,0.0377416518628597,0.0188924614340067,0.08035851109027899,0.03676889836788208,0.025343990905053335
Bakersfield - CA,2021,913706.8125,3.148022633900958,-0.0505743888773094,0.08035851109027899,0.03676889836788208,-0.025902906358242002,0.006200600415468299,0.08734328724519147
Bakersfield - CA,2022,916965.25,3.0988441376468105,-0.015622027530725413,-0.025902906358242002,0.006679303944110898,-0.012588222309947002,0.0069707054644823005,0.02230133147483631
Baltimore - MD,2006,2660376.0,2.461929408946988,0.018509698829413883,-0.0018626399040222001,-0.008225679397582997,-0.0009847459346056,-0.00006299000233409881,-0.02673537822699688
Baltimore - MD,2007,2670651.0,2.4520977935842487,-0.003993459490353257,-0.0009847459346056,-0.00006299000233409881,-0.02823677688091993,0.0012740273959934746,0.003930469488019158
Baltimore - MD,2008,2683983.0,2.5402432721761494,0.035946967051039926,-0.02823677688091993,0.0012740273959934746,-0.00154871093481779,0.02501799073070286,-0.03467293965504645
Baltimore - MD,2009,2701402.0,2.5184664016596034,-0.008572750001967486,-0.00154871093481779,0.02501799073070286,0.0153175395131111,0.024777648271992785,0.03359074073267035
Baltimore - MD,2010,2722588.0,2.5492735522455265,0.012232504100758297,0.0153175395131111,0.024777648271992785,-0.014945559546351402,0.006338214967399898,0.012545144171234488
Baltimore - MD,2011,2745445.0,2.5468220339160825,-0.0009616536943572001,-0.014945559546351402,0.006338214967399898,-0.008021448090672501,-0.0025832420215011007,0.007299868661757098
Baltimore - MD,2012,2769260.0,2.5401492499866065,-0.002620043269853334,-0.008021448090672501,-0.0026688408106565996,0.007332118824124302,0.0012053474783897018,-0.000048797540803265614
Baltimore - MD,2013,2786456.0,2.5284191804534815,-0.0046178662663963164,0.007332118824124302,0.0012053474783897018,-0.0015571407824754996,-0.0035651642829180007,0.005823213744786018
Baltimore - MD,2014,2802469.0,2.5830208139955144,0.02159516664172748,-0.0015571407824754996,-0.0035651642829180007,0.0198618436008692,-0.010401608422398498,-0.02516033092464548
Baltimore - MD,2015,2815029.0,2.617213698999651,0.01323755690193057,0.0198618436008692,-0.010401608422398498,-0.004234568879008289,-0.01738812588155269,-0.023639165324329067
Baltimore - MD,2016,2823673.0,2.5929048041516234,-0.009288081770823298,-0.004234568879008289,-0.01738812588155269,-0.004742086216807401,-0.007531659677624699,-0.008100044110729392
Baltimore - MD,2017,2831946.0,2.5340563544905335,-0.02269595457838054,-0.004742086216807401,-0.007531659677624699,0.004756050392985298,-0.004378972575068498,0.01516429490075584
Baltimore - MD,2018,2838570.0,2.4483105261793074,-0.03383738019846249,0.004756050392985298,-0.004378972575068498,0.0156357541382313,-0.002165440469980205,0.02945840762339399
Baltimore - MD,2019,2843757.0,2.5060167890607112,0.02356982999679247,0.0156357541382313,-0.002165440469980205,0.023120118409395197,0.004270927980542197,-0.025735270466772674
Baltimore - MD,2020,2847001.0,2.2415740269685305,-0.10552314064555707,0.023120118409395197,0.004270927980542197,0.059280580163002,0.015690967440605094,0.10979406862609926
Baltimore - MD,2021,2846509.0,2.2619859067541053,0.009106047598695413,0.059280580163002,0.015690967440605094,-0.0513706728070974,-0.0192671660333871,0.006584919841909681
Baltimore - MD,2022,2845911.0,2.3048359794641065,0.01894356307970548,-0.0513706728070974,-0.018788462504744502,-0.0292995625957847,-0.009740634821355398,-0.03773202558444998
Baton Rouge - LA,2006,773860.4375,2.5644719738138813,0.03356992611299378,0.032860619604587596,0.0264975801110268,-0.005956786587834401,-0.0050350306555629,-0.007072346001966982
Baton Rouge - LA,2007,781783.625,2.490409785793574,-0.02888009257912152,-0.005956786587834401,-0.0050350306555629,-0.0551728152781725,-0.025662011001259095,0.02384506192355862
Baton Rouge - LA,2008,789833.125,2.6560919182727365,0.06652806033139148,-0.0551728152781725,-0.025662011001259095,-0.0231485801786184,0.003418121486902251,-0.09219007133265059
Baton Rouge - LA,2009,798139.0,2.7087456313816327,0.019823754120353282,-0.0231485801786184,0.003418121486902251,-0.00773941370099783,0.0017206950578838552,-0.01640563263345103
Baton Rouge - LA,2010,806026.625,2.722076208354888,0.004921310003721462,-0.00773941370099783,0.0017206950578838552,-0.02673008466884494,-0.005446310155093639,-0.003200614945837607
Baton Rouge - LA,2011,811475.0,2.7082619872192946,-0.005074884051075902,-0.02673008466884494,-0.005446310155093639,-0.009473423756659001,-0.0040352176874876005,-0.0003714261040177365
Baton Rouge - LA,2012,817948.75,2.7755207043228647,0.024834642077086473,-0.009473423756659001,-0.004120816476643099,0.0057002721726894,-0.0004264991730452,-0.028955458553729573
Baton Rouge - LA,2013,824664.6875,2.6588491289350094,-0.04203592327959929,0.0057002721726894,-0.0004264991730452,0.003392009824514399,0.001383986324071898,0.04160942410655409
Baton Rouge - LA,2014,830950.9375,2.7617447391293224,0.03869930379822921,0.003392009824514399,0.001383986324071898,0.0228862987607718,-0.007377153262495897,-0.03731531747415731
Baton Rouge - LA,2015,837054.375,2.8780047363846717,0.042096575982616645,0.0228862987607718,-0.007377153262495897,0.038271930336952205,0.025118373334407806,-0.04947372924511254
Baton Rouge - LA,2016,842251.5625,2.930253017789735,0.018154341702264615,0.038271930336952205,0.025118373334407806,-0.0328200639262795,-0.0356096373870968,0.006964031632143191
Baton Rouge - LA,2017,842001.5,2.959413346380755,0.009951471225858575,-0.0328200639262795,-0.0356096373870968,-0.02794862284883857,-0.03708364581689237,-0.04556110861295537
Baton Rouge - LA,2018,844395.625,2.9656492665195855,0.0021071474001619133,-0.02794862284883857,-0.03708364581689237,-0.020245307667180898,-0.0380465022753924,-0.039190793217054286
Baton Rouge - LA,2019,847852.125,2.9323853840290472,-0.011216391252353295,-0.020245307667180898,-0.0380465022753924,0.0196533371806145,0.0008041467517614989,-0.026830111023039102
Baton Rouge - LA,2020,850013.5,2.5836943742667122,-0.11891036275840372,0.0196533371806145,0.0008041467517614989,0.029781935989856706,-0.0138076767325402,0.11971450951016521
Baton Rouge - LA,2021,852156.5,2.589002028523223,0.002054288738395114,0.029781935989856706,-0.0138076767325402,-0.0560363791137934,-0.0239328723400831,-0.015861965470935314
Baton Rouge - LA,2022,853922.0,2.5628606280256196,-0.010097095409583225,-0.0560363791137934,-0.023454168811440503,-0.0231589570492506,-0.0036000292748212988,-0.013357073401857277
Beaumont - TX,2006,394245.09375,2.5308416104985914,0.003076021717229768,0.008835920721292502,0.0024728812277317047,0.0156824543178082,0.0166042102500797,-0.0006031404894980634
Beaumont - TX,2007,397406.40625,2.4889841132276107,-0.01653896359904343,0.0156824543178082,0.0166042102500797,-0.0199398503750563,0.009570953901857103,0.03314317384912313
Beaumont - TX,2008,400145.8125,2.3678849411615666,-0.04865405585454211,-0.0199398503750563,0.009570953901857103,-0.0192448689639568,0.007321832701563849,0.058225009756399215
Beaumont - TX,2009,402175.125,2.4212551566221583,0.02253919290284897,-0.0192448689639568,0.007321832701563849,-0.02186636457592249,-0.012406255817040805,-0.01521736020128512
Beaumont - TX,2010,404398.0,2.810442857813229,0.16073799579802164,-0.02186636457592249,-0.012406255817040805,-0.02347314671427011,-0.0021893722005188083,-0.17314425161506244
Beaumont - TX,2011,405797.5,2.7536209849793023,-0.0202181206694731,-0.02347314671427011,-0.0021893722005188083,-0.019247554991394283,-0.013809348922222882,0.018028748468954293
Beaumont - TX,2012,405633.59375,2.7377558689346677,-0.005761546752867238,-0.019247554991394283,-0.013894947711378381,-0.002172118388116399,-0.008298889733851,-0.008133400958511143
Beaumont - TX,2013,407266.21875,2.5410320214125224,-0.07185587646961952,-0.002172118388116399,-0.008298889733851,-0.0019566343948245,-0.003964657895267001,0.06355698673576853
Beaumont - TX,2014,408839.28125,2.485209663984549,-0.021968380153250745,-0.0019566343948245,-0.003964657895267001,0.023589022621512398,-0.006674429401755298,0.018003722257983745
Beaumont - TX,2015,412001.3125,2.669190259509717,0.07403021088779724,0.023589022621512398,-0.006674429401755298,0.0154587778151035,0.0023052208125591,-0.08070464028955254
Beaumont - TX,2016,414101.71875,2.649504280657052,-0.007375262509867177,0.0154587778151035,0.0023052208125591,0.033272036999464,0.030482463538646705,0.009680483322426277
Beaumont - TX,2017,414155.5,2.6634831668228807,0.005276038339655714,0.033272036999464,0.030482463538646705,-0.0038698090016841998,-0.013004831969737996,0.02520642519899099
Beaumont - TX,2018,410440.0,2.8436578520704274,0.06764626391931247,-0.0038698090016841998,-0.013004831969737996,0.011890637844800902,-0.005910556763410603,-0.08065109588905046
Beaumont - TX,2019,409984.0,2.8712085846663995,0.009688483646481158,0.011890637844800902,-0.005910556763410603,-0.01083717566262931,-0.02968636609148231,-0.015599040409891761
Beaumont - TX,2020,409027.59375,2.6339394011213257,-0.08263738998699101,-0.01083717566262931,-0.02968636609148231,0.004649104803800597,-0.03894050791859631,0.052951023895508695
Beaumont - TX,2021,407556.21875,2.638988678862303,0.0019170060400128495,0.004649104803800597,-0.03894050791859631,-0.0456432829797268,-0.013539776206016499,-0.04085751395860916
Beaumont - TX,2022,407656.71875,2.744933131612997,0.04014585344730152,-0.0456432829797268,-0.0130610726773739,0.007049896955490097,0.0266088247299194,-0.05320692612467542
Binghamton - NY,2006,252427.0,2.0094284198327506,0.01203386917914593,0.00037504512071610124,-0.005987994372844696,0.0034193350970745003,0.004341091029346001,-0.018021863551990626
Binghamton - NY,2007,252461.59375,2.1331809209857524,0.061585921614118536,0.0034193350970745003,0.004341091029346001,-0.03069791133701801,-0.001187107060104605,-0.05724483058477253
Binghamton - NY,2008,252448.703125,2.108880939910583,-0.011391429970197037,-0.03069791133701801,-0.001187107060104605,-0.0260510656088591,0.0005156360566615503,0.010204322910092432
Binghamton - NY,2009,252074.09375,2.2285441381095086,0.05674251017888167,-0.0260510656088591,0.0005156360566615503,0.00009784737229349971,0.009557956131175185,-0.05622687412222012
Binghamton - NY,2010,251653.3125,2.2343778096629743,0.0026177051886504036,0.00009784737229349971,0.009557956131175185,-0.02450518949702382,-0.0032214149832725213,0.006940250942524781
Binghamton - NY,2011,251312.390625,2.357580861482585,0.05513975805112121,-0.02450518949702382,-0.0032214149832725213,-0.015484614580869673,-0.010046408511698272,-0.058361173034393726
Binghamton - NY,2012,251091.90625,2.137833743324228,-0.09320873007942851,-0.015484614580869673,-0.010132007300853771,-0.004396122284233599,-0.0105228936299682,0.08307672277857474
Binghamton - NY,2013,251070.6875,2.270461390060471,0.062038335371212484,-0.004396122284233599,-0.0105228936299682,-0.0054639663398266,-0.007471989840269101,-0.07256122900118069
Binghamton - NY,2014,250880.0,2.2431072600656794,-0.012047828742889635,-0.0054639663398266,-0.007471989840269101,0.0195379091203213,-0.010725542902946396,0.004575838902620534
Binghamton - NY,2015,249969.796875,2.3065783777521998,0.02829606894708276,0.0195379091203213,-0.010725542902946396,0.003264447942376099,-0.009889109060168301,-0.039021611850029156
Binghamton - NY,2016,249078.40625,2.2933600964198897,-0.0057306881308718015,0.003264447942376099,-0.009889109060168301,-0.006476618632674201,-0.009266192093491499,-0.0041584209292964995
Binghamton - NY,2017,248560.8125,2.1239846456120715,-0.07385471259931062,-0.006476618632674201,-0.009266192093491499,-0.0114500995501876,-0.0205851225182414,0.06458852050581912
Binghamton - NY,2018,248150.5,2.0931944667936793,-0.014496422505690639,-0.0114500995501876,-0.0205851225182414,0.0030684332996607014,-0.014732761308550803,-0.00608870001255076
Binghamton - NY,2019,247385.296875,2.080473007184725,-0.006077533554940528,0.0030684332996607014,-0.014732761308550803,0.0058741756826639,-0.0129750147461891,-0.008655227753610276
Binghamton - NY,2020,246558.203125,1.9178883856270312,-0.07814791203549498,0.0058741756826639,-0.0129750147461891,0.0006981773972511013,-0.042891435325145805,0.06517289728930588
Birmingham - AL,2006,1100865.0,2.489747632282844,0.015918122078921106,0.0294632144570351,0.0231001749634743,-0.004601887330412901,-0.0036801313981413997,0.007182052884553196
Birmingham - AL,2007,1109710.0,2.5334377564336514,0.01754801313366378,-0.004601887330412901,-0.0036801313981413997,-0.0519562329277396,-0.022445428650826195,-0.02122814453180518
Birmingham - AL,2008,1119191.0,2.6180032547711667,0.03337974186370343,-0.0519562329277396,-0.022445428650826195,-0.0279386832416058,-0.0013719815760851496,-0.05582517051452963
Birmingham - AL,2009,1126366.0,2.513519173106336,-0.03990983642759581,-0.0279386832416058,-0.0013719815760851496,-0.01021444907784462,-0.0007543403189629351,0.038537854851510664
Birmingham - AL,2010,1130535.0,2.666700957799337,0.06094315346068791,-0.01021444907784462,-0.0007543403189629351,-0.02672108855843544,-0.0054373140446841405,-0.06169749377965085
Birmingham - AL,2011,1135198.0,2.7165630491564046,0.018698043817487454,-0.02672108855843544,-0.0054373140446841405,-0.009006892614066602,-0.0035686865448952016,-0.024135357862171594
Birmingham - AL,2012,1141482.0,2.6156388288643964,-0.03715143674774969,-0.009006892614066602,-0.0036542853340507005,0.010949155911803201,0.004822384566068601,0.033497151413698995
Birmingham - AL,2013,1148346.0,2.6959208628385376,0.03069308846779753,0.010949155911803201,0.004822384566068601,-0.0088570669144392,-0.010865090414881701,-0.02587070390172893
Birmingham - AL,2014,1153943.0,2.771826110553712,0.028155591939465745,-0.0088570669144392,-0.010865090414881701,0.0229773951470852,-0.007286056876182497,-0.03902068235434745
Birmingham - AL,2015,1159589.0,2.582194519523987,-0.06841395652768544,0.0229773951470852,-0.007286056876182497,0.006996909424662601,-0.006156647577881799,0.061127899651502934
Birmingham - AL,2016,1164841.0,2.6423414232052482,0.02329294064660518,0.006996909424662601,-0.006156647577881799,-0.0011895711570978004,-0.003979144617915098,-0.02944958822448698
Birmingham - AL,2017,1169507.0,2.573110893384448,-0.026200448289086468,-0.0011895711570978004,-0.003979144617915098,0.033183776050805996,0.0240487530827522,0.02222130367117137
Birmingham - AL,2018,1174202.0,2.607164089300441,0.013234251195136887,0.033183776050805996,0.0240487530827522,0.0222546562254429,0.004453461617231397,0.010814501887615314
Birmingham - AL,2019,1178841.0,2.496909016801902,-0.04228927245163252,0.0222546562254429,0.004453461617231397,0.018849190428853,0.0,0.046742734068863916
Birmingham - AL,2020,1181616.0,2.406286288332721,-0.03629396500207798,0.018849190428853,0.0,0.0458107649087906,0.002221152186393696,0.03629396500207798
Birmingham - AL,2021,1180936.0,2.4615301552866558,0.02295814393399234,0.0458107649087906,0.002221152186393696,-0.0453510861098766,-0.013247579336166299,-0.020736991747598642
Birmingham - AL,2022,1182311.0,2.45261432263913,-0.003622069235421296,-0.0453510861098766,-0.0127688758075237,-0.03269328436255455,-0.01313435658812525,-0.009146806572102404
Bloomington - IL,2006,180268.796875,2.3411328095399653,-0.042233632024365454,-0.0119688477069139,-0.018331887200474697,-0.008491684585809702,-0.007569928653538201,0.023901744823890757
Bloomington - IL,2007,182362.0,2.3836596068434135,0.01816505117956327,-0.008491684585809702,-0.007569928653538201,-0.023597474500536897,0.005913329776376507,-0.025734979833101468
Bloomington - IL,2008,183992.59375,2.389654275046315,0.0025149011149455986,-0.023597474500536897,0.005913329776376507,-0.0169112782031298,0.009655423462390851,0.003398428661430908
Bloomington - IL,2009,185560.390625,2.4027969465293215,0.0054998213006155535,-0.0169112782031298,0.009655423462390851,-0.015218927056062967,-0.005758818297181282,0.004155602161775298
Bloomington - IL,2010,186669.5,2.587132337646562,0.07671700739569373,-0.015218927056062967,-0.005758818297181282,-0.023841400973498822,-0.0025576264597475216,-0.08247582569287501
Bloomington - IL,2011,187869.796875,2.6088791575270327,0.008405762459083687,-0.023841400973498822,-0.0025576264597475216,-0.004143975958228102,0.0012942301109432983,-0.010963388918831208
Bloomington - IL,2012,189735.703125,2.3866227640847475,-0.08519229141029397,-0.004143975958228102,0.0012086313217877995,-0.006198408417403699,-0.0123251797631383,0.08640092273208178
Bloomington - IL,2013,191063.40625,2.559687346355862,0.07251442702864001,-0.006198408417403699,-0.0123251797631383,-0.0067027268782258,-0.008710750378668301,-0.08483960679177831
Bloomington - IL,2014,189999.6875,2.5955502300600384,0.014010650072257099,-0.0067027268782258,-0.008710750378668301,0.0038115924000740103,-0.026451859623193685,-0.0227214004509254
Bloomington - IL,2015,189198.59375,2.322998433800828,-0.10500732873619097,0.0038115924000740103,-0.026451859623193685,0.004785357311368,-0.0083681996911764,0.07855546911299728
Bloomington - IL,2016,188945.6875,2.4343296715039826,0.047925661973433877,0.004785357311368,-0.0083681996911764,-0.0342589964196086,-0.037048569880425895,-0.05629386166461028
Bloomington - IL,2017,188297.109375,2.5478219632857204,0.04662157846172896,-0.0342589964196086,-0.037048569880425895,0.0040276872217655,-0.005107335746288296,-0.08367014834215486
Bloomington - IL,2018,187542.609375,2.261639937725893,-0.11232418500339852,0.0040276872217655,-0.005107335746288296,0.012063541606068602,-0.005737653002142903,0.10721684925711022
Bloomington - IL,2019,186587.296875,2.478376983273238,0.09583180856156817,0.012063541606068602,-0.005737653002142903,0.019434290111064897,0.0005850996822118967,-0.10156946156371108
Bloomington - IL,2020,186724.390625,1.950648955546734,-0.21293291185650212,0.019434290111064897,0.0005850996822118967,0.082428371787071,0.0388387590646741,0.21351801153871403
Bloomington - IL,2021,186802.3125,2.1054213728879687,0.07934406490780127,0.082428371787071,0.0388387590646741,-0.0187816414237022,0.013321865350008101,-0.04050530584312717
Bloomington - IL,2022,186856.203125,2.066415833939725,-0.018526238714267715,-0.0187816414237022,0.0138005688786507,0.047734537363052394,0.06729346513748169,0.032326807592918415
Bloomington - IN,2006,152990.40625,2.726987336641958,0.2676618362503728,-0.0117770380973816,-0.018140077590942397,-0.006273887023329702,-0.0053521310910582005,-0.2858019138413152
Bloomington - IN,2007,154804.0,2.5734877159594576,-0.05628908452194049,-0.006273887023329702,-0.0053521310910582005,-0.0238182230964303,0.005692581180483103,0.05093695343088229
Bloomington - IN,2008,156589.59375,2.068960278944344,-0.19604812328665558,-0.0238182230964303,0.005692581180483103,-0.016261537283659,0.010305164381861652,0.20174070446713868
Bloomington - IN,2009,158375.109375,2.0134197616214338,-0.026844651339197844,-0.016261537283659,0.010305164381861652,-0.01397967541962862,-0.0045195666607469355,0.03714981572105949
Bloomington - IN,2010,160151.796875,2.44519251533782,0.2144474599616892,-0.01397967541962862,-0.0045195666607469355,-0.02345612400025129,-0.00217234948649999,-0.21896702662243614
Bloomington - IN,2011,160840.296875,2.394873088713015,-0.020578922235844014,-0.02345612400025129,-0.00217234948649999,-0.0038518070280552028,0.0015863990411161977,0.018406572749344024
Bloomington - IN,2012,161028.5,2.4040357761378086,0.0038259594915392267,-0.0038518070280552028,0.0015008002519606989,-0.005239277482032779,-0.011366048827767379,-0.002325159239578528
Bloomington - IN,2013,160806.59375,2.3772730588409927,-0.01113241223881094,-0.005239277482032779,-0.011366048827767379,-0.016737257243599743,-0.018745280744042244,-0.00023363658895643978
Bloomington - IN,2014,161112.0,2.420831206949456,0.018322736610534525,-0.016737257243599743,-0.018745280744042244,0.0201267601698637,-0.010136691853403997,-0.037068017354576765
Bloomington - IN,2015,161201.796875,2.351576193228883,-0.02860794817984976,0.0201267601698637,-0.010136691853403997,0.0210782441198826,0.0079246871173382,0.018471256326445765
Bloomington - IN,2016,161783.09375,2.4287823292752915,0.03283165404919291,0.0210782441198826,0.0079246871173382,-0.00005210405588150155,-0.002841677516698799,-0.024906966931854707
Bloomington - IN,2017,161725.40625,2.293295752003949,-0.05578374629881693,-0.00005210405588150155,-0.002841677516698799,-0.008554348513484,-0.017689371481537798,0.05294206878211813
Bloomington - IN,2018,161608.3125,2.250279677584346,-0.01875731657463473,-0.008554348513484,-0.017689371481537798,0.015544246107339902,-0.002256948500871603,0.0010679450930969336
Bloomington - IN,2019,161405.59375,2.4396600679904474,0.08415860139189438,0.015544246107339902,-0.002256948500871603,0.0148529616296291,-0.0039962287992239,-0.08641554989276598
Bloomington - IN,2020,162162.203125,2.0570996240367996,-0.1568089132469851,0.0148529616296291,-0.0039962287992239,-0.007041757673025097,-0.050631370395422,0.1528126844477612
Bloomington - IN,2021,162718.59375,1.9108844079559804,-0.07107833493931141,-0.007041757673025097,-0.050631370395422,-0.018428930938243902,0.013674575835466399,0.02044696454388941
Bloomington - IN,2022,162727.09375,1.794242612773629,-0.061040738360055885,-0.018428930938243902,0.014153279364108998,-0.005273318648338299,0.014285609126091003,0.07519401772416488
Boise - ID,2006,575487.4375,2.4299765649732685,-0.010993968825752064,0.027268414974212597,0.0209053754806518,0.017820595860481295,0.0187423517927528,0.031899344306403864
Boise - ID,2007,593548.0,2.5288923264258742,0.04070646724681226,0.017820595860481295,0.0187423517927528,-0.02995323884487152,-0.00044243456795811653,-0.021964115454059463
Boise - ID,2008,605274.5,2.6915130381112737,0.06430511492564575,-0.02995323884487152,-0.00044243456795811653,-0.05876076287031169,-0.03219406120479104,-0.06474754949360387
Boise - ID,2009,613015.9375,2.8389632383088403,0.05478338693132894,-0.05876076287031169,-0.03219406120479104,-0.0092619440369308,0.00019816472195088516,-0.08697744813611999
Boise - ID,2010,620364.0625,2.670597250942602,-0.0593054482334661,-0.0092619440369308,0.00019816472195088516,-0.019489016726613,0.0017947577871383,0.05950361295541698
Boise - ID,2011,630100.125,2.769100183389359,0.03688423344702757,-0.019489016726613,0.0017947577871383,0.0015433595478534998,0.0069815656170249,-0.03508947565988927
Boise - ID,2012,640452.8125,2.8302402916026055,0.022079413587128248,0.0015433595478534998,0.006895966827869401,0.010968289002776101,0.004841517657041501,-0.015183446759258847
Boise - ID,2013,652568.75,2.968833304341573,0.04896863815774808,0.010968289002776101,0.004841517657041501,0.005903976798057601,0.0038959532976151,-0.04412712050070658
Boise - ID,2014,665717.6875,2.7590818710321954,-0.07065113187818274,0.005903976798057601,0.0038959532976151,0.0192835369855165,-0.010979915037751198,0.07454708517579783
Boise - ID,2015,678874.0625,2.664623557191576,-0.03423541535042654,0.0192835369855165,-0.010979915037751198,0.030135780841112104,0.016982223838567706,0.023255500312675342
Boise - ID,2016,696030.0,2.6582655670777466,-0.0023860744219084532,0.030135780841112104,0.016982223838567706,0.019970496833324396,0.0171809233725071,0.01936829826047616
Boise - ID,2017,714540.5625,2.6845056882804545,0.009871143623755355,0.019970496833324396,0.0171809233725071,0.0190717989802361,0.009936776012182305,0.0073097797487517435
Boise - ID,2018,733983.5625,2.638420475261751,-0.01716711319327595,0.0190717989802361,0.009936776012182305,0.021389032870531104,0.0035878382623195995,0.027103889205458254
Boise - ID,2019,754370.8125,2.6566102217726026,0.006894180317884038,0.021389032870531104,0.0035878382623195995,0.0459678639769554,0.027118673548102403,-0.0033063420555644388
Boise - ID,2020,776969.125,2.3677329727814134,-0.10873904143846821,0.0459678639769554,0.027118673548102403,0.056655353188515,0.013065740466118095,0.13585771498657062
Boise - ID,2021,801222.75,2.5243247133989772,0.06613572662867176,0.056655353188515,0.013065740466118095,-0.0567209943383932,-0.024617487564682898,-0.053069986162553665
Boise - ID,2022,817483.25,2.6912736651412525,0.0661360841797093,-0.0567209943383932,-0.0241387840360403,-0.0686010278612375,-0.049042100086808205,-0.09027486821574959
Boston - MA,2006,4432227.0,2.2898412435799007,-0.00005224744677860283,-0.0190361099019647,-0.025399149395525497,0.0028106859922408974,0.0037324419245123985,-0.025346901948746895
Boston - MA,2007,4456634.0,2.3220492805123802,0.014065620061120923,0.0028106859922408974,0.0037324419245123985,-0.020918774709105498,0.008592029567807906,-0.010333178136608525
Boston - MA,2008,4494352.0,2.3134313277881007,-0.003711356514525798,-0.020918774709105498,0.008592029567807906,-0.036727373212575895,-0.010160671547055244,0.012303386082333704
Boston - MA,2009,4537709.0,2.3731754980512747,0.025824916238294453,-0.036727373212575895,-0.010160671547055244,0.004835036411881398,0.014295145170763083,-0.0359855877853497
Boston - MA,2010,4580697.0,2.300395930675856,-0.03066758755733889,0.004835036411881398,0.014295145170763083,-0.015344331383705102,0.005939443130046199,0.04496273272810197
Boston - MA,2011,4631012.0,2.2948744934289915,-0.0024002117084436776,-0.015344331383705102,0.005939443130046199,-0.004255213126540203,0.0011829929426311978,0.008339654838489877
Boston - MA,2012,4684876.0,2.3476188485423912,0.02298354671003786,-0.004255213126540203,0.001097394153475699,0.008060491308569902,0.0019337199628353015,-0.02188615255656216
Boston - MA,2013,4736530.0,2.3764366838051205,0.012275346690380318,0.008060491308569902,0.0019337199628353015,0.006965973243117301,0.0049579497426748,-0.010341626727545017
Boston - MA,2014,4784529.0,2.416439882553421,0.01683326933173236,0.006965973243117301,0.0049579497426748,0.0471881909072399,0.016924738883972203,-0.011875319589057562
Boston - MA,2015,4822188.0,2.452230298113754,0.014811217038229615,0.0471881909072399,0.016924738883972203,0.003229463741183299,-0.009924093261361101,0.0021135218457425872
Boston - MA,2016,4860300.0,2.3814744313188543,-0.028853679382937515,0.003229463741183299,-0.009924093261361101,0.004007838383316999,0.0012182649224997018,0.018929586121576414
Boston - MA,2017,4895391.0,2.4269792306179365,0.01910782610161462,0.004007838383316999,0.0012182649224997018,0.011543378442525898,0.0024083554744721014,-0.01788956117911492
Boston - MA,2018,4917657.0,2.3678601098818,-0.02435913747852064,0.011543378442525898,0.0024083554744721014,0.019939783185720403,0.0021385885775088986,0.02676749295299274
Boston - MA,2019,4936642.0,2.358967698087496,-0.003755463322006715,0.019939783185720403,0.0021385885775088986,-0.053301768273115196,-0.07215095870196819,0.005894051899515614
Boston - MA,2020,4925667.0,2.330255111482618,-0.012171674342194872,-0.053301768273115196,-0.07215095870196819,0.063217459499836,0.01962784677743909,-0.05997928435977332
Boston - MA,2021,4915604.0,2.2419213256853148,-0.03790734557861397,0.063217459499836,0.01962784677743909,-0.0325822103023529,-0.0004787035286425989,0.05753519235605306
Boston - MA,2022,4939754.0,2.2086687976002546,-0.014832156554332026,-0.0325822103023529,0.0,-0.014962036892771702,0.0045968908816576,0.014832156554332026
Bremerton - WA,2006,244803.0,2.56741973957579,0.11049120278516288,0.028408953577280002,0.022045914083719205,0.0165872230231762,0.0175089789554477,-0.08844528870144366
Bremerton - WA,2007,244805.09375,2.526137443970297,-0.01607929352927474,0.0165872230231762,0.0175089789554477,-0.0270874614939094,0.002423342783004004,0.033588272484722445
Bremerton - WA,2008,247394.5,2.4703216442312024,-0.02209531388417627,-0.0270874614939094,0.002423342783004004,-0.049524993360042596,-0.022958291694521946,0.024518656667180273
Bremerton - WA,2009,249558.203125,2.815534983702331,0.1397442880676228,-0.049524993360042596,-0.022958291694521946,0.0020954150855540983,0.011555523844435783,-0.16270257976214475
Bremerton - WA,2010,252514.09375,2.4719595630690017,-0.12202846798995894,0.0020954150855540983,0.011555523844435783,-0.0213093938007951,-0.000025619287043799482,0.13358399183439473
Bremerton - WA,2011,254777.5,2.5220165343819203,0.020249915112192055,-0.0213093938007951,-0.000025619287043799482,-0.0041089749932289,0.0013292310759425007,-0.020275534399235854
Bremerton - WA,2012,254671.203125,2.631386488512954,0.043366073394057854,-0.0041089749932289,0.0012436322867870019,0.0042489642649889,-0.0018778070807457005,-0.042122441107270855
Bremerton - WA,2013,253770.09375,2.579604689618809,-0.019678522756042576,0.0042489642649889,-0.0018778070807457005,0.0176498729884624,0.015641849488019898,0.017800715675296876
Bremerton - WA,2014,256327.09375,2.6690086980366408,0.034658026781244196,0.0176498729884624,0.015641849488019898,0.0782678967118263,0.0480044446885586,-0.019016177293224298
Bremerton - WA,2015,262004.296875,2.5373019351734865,-0.04934669675675452,0.0782678967118263,0.0480044446885586,0.039897453308105506,0.026743896305561107,0.09735114144531312
Bremerton - WA,2016,266072.0,2.6006911598188327,0.024982925274524746,0.039897453308105506,0.026743896305561107,0.034210944265127205,0.03142137080430991,0.001760971031036361
Bremerton - WA,2017,269494.8125,2.403874998586476,-0.07567840590732325,0.034210944265127205,0.03142137080430991,0.0397382343411446,0.030603211373090806,0.10709977671163315
Bremerton - WA,2018,272658.5,2.3772285348687054,-0.011084795895559869,0.0397382343411446,0.030603211373090806,0.026325929135084202,0.008524734526872697,0.04168800726865068
Bremerton - WA,2019,275165.1875,2.5329660736080704,0.0655122284017032,0.026325929135084202,0.008524734526872697,0.0159404986649752,-0.0029086917638777993,-0.05698749387483051
Bremerton - WA,2020,276022.625,2.4200190135423503,-0.044590830190170384,0.0159404986649752,-0.0029086917638777993,0.08384596395492601,0.0402563512325291,0.041682138426292585
Bremerton - WA,2021,276879.3125,2.361368236826069,-0.02423566773156461,0.08384596395492601,0.0402563512325291,-0.0987969375401735,-0.0666934307664632,0.0644920189640937
Bremerton - WA,2022,277769.1875,2.5584118833278313,0.08344469254257858,-0.0987969375401735,-0.0662147272378206,-0.03272453302890062,-0.013165605254471316,-0.14965941978039918
Brownsville-Harlingen - TX,2006,381681.78125,3.3555069189466584,-0.05565102153042207,0.006183130323886898,-0.00017990916967389886,0.014555907905101795,0.015477663837373297,0.05547111236074817
Brownsville-Harlingen - TX,2007,387976.90625,3.4040305133398348,0.014460883426939432,0.014555907905101795,0.015477663837373297,-0.027234226755797897,0.0022765775211155068,0.001016780410433864
Brownsville-Harlingen - TX,2008,394842.5,3.2482515599621493,-0.04576308959840794,-0.027234226755797897,0.0022765775211155068,-0.0319043329954147,-0.005337631329894052,0.04803966711952345
Brownsville-Harlingen - TX,2009,402136.40625,3.6833232822595803,0.13394027964462848,-0.0319043329954147,-0.005337631329894052,-0.01858407252840698,-0.009123963769525296,-0.13927791097452252
Brownsville-Harlingen - TX,2010,408849.6875,3.738238737383708,0.01490921402110514,-0.01858407252840698,-0.009123963769525296,-0.02325058855861425,-0.001966814044862951,-0.02403317779063044
Brownsville-Harlingen - TX,2011,413276.875,3.7656230260452244,0.007325452060528929,-0.02325058855861425,-0.001966814044862951,-0.008188238650560401,-0.0027500325813890007,-0.00929226610539188
Brownsville-Harlingen - TX,2012,415324.40625,3.6063576292872903,-0.04229456736809887,-0.008188238650560401,-0.0028356313705444995,-0.0017266369983554002,-0.00785340834409,0.03945893599755437
Brownsville-Harlingen - TX,2013,416396.09375,3.8049271093228128,0.05506095081168223,-0.0017266369983554002,-0.00785340834409,-0.01394252240099013,-0.015950545901432633,-0.06291435915577223
Brownsville-Harlingen - TX,2014,417394.8125,3.71130247065373,-0.024606158272962458,-0.01394252240099013,-0.015950545901432633,0.009520705021917798,-0.020742747001349898,0.008655612371529824
Brownsville-Harlingen - TX,2015,417783.125,3.555962918498202,-0.04185580490510807,0.009520705021917798,-0.020742747001349898,-0.0052011541202664395,-0.01835471112281084,0.02111305790375817
Brownsville-Harlingen - TX,2016,419020.8125,3.6168125660221526,0.017112002829784676,-0.0052011541202664395,-0.01835471112281084,-0.0052354822903872,-0.008025055751204498,-0.03546671395259551
Brownsville-Harlingen - TX,2017,419135.5,3.871795901896641,0.07049946084292792,-0.0052354822903872,-0.008025055751204498,-0.0093110145777464,-0.018446037545800195,-0.07852451659413243
Brownsville-Harlingen - TX,2018,419065.40625,3.573821311717588,-0.07696030414027948,-0.0093110145777464,-0.018446037545800195,0.0113040554970503,-0.006497139111161204,0.05851426659447928
Brownsville-Harlingen - TX,2019,420172.6875,3.3652569924728595,-0.058358910827718984,0.0113040554970503,-0.006497139111161204,0.002001790434122099,-0.0168473999947309,0.05186177171655778
Brownsville-Harlingen - TX,2020,421882.0,3.3979395704381283,0.009711762887164535,0.002001790434122099,-0.0168473999947309,0.03312886345386511,-0.0104607492685318,-0.026559162881895436
Brownsville-Harlingen - TX,2021,423464.5,3.0008974676536977,-0.11684789989753593,0.03312886345386511,-0.0104607492685318,0.0023518559336662,0.0344553627073765,0.10638715062900413
Brownsville-Harlingen - TX,2022,426414.09375,3.011950760334937,0.003683329004200009,0.0023518559336662,0.0349340662360191,-0.0022924717366695005,0.0172664560377598,0.03125073723181909
Buffalo - NY,2006,1140639.0,2.2906262571970744,0.07191315409845501,-0.0013912118673325008,-0.007754251360893298,0.003534494996070902,0.004456250928342403,-0.0796674054593483
Buffalo - NY,2007,1137342.0,2.216003347691264,-0.03257751423714262,0.003534494996070902,0.004456250928342403,-0.030377463728189467,-0.0008666594512760639,0.037033765165485025
Buffalo - NY,2008,1136166.0,2.111460974895666,-0.047176089740349446,-0.030377463728189467,-0.0008666594512760639,-0.0262871521562338,0.00027954950928684927,0.04630943028907338
Buffalo - NY,2009,1135766.0,2.1616607036995776,0.023774878816499118,-0.0262871521562338,0.00027954950928684927,0.0007040172964333999,0.010164126055315085,-0.02349532930721227
Buffalo - NY,2010,1137687.0,2.2805918466660953,0.05501841374225508,0.0007040172964333999,0.010164126055315085,-0.021399041049182402,-0.00011526653543110152,-0.04485428768694
Buffalo - NY,2011,1141333.0,2.199276292273459,-0.03565546132750943,-0.021399041049182402,-0.00011526653543110152,-0.008248996272683102,-0.002810790203511701,0.03554019479207833
Buffalo - NY,2012,1144908.0,2.2253016352772548,0.011833594121497388,-0.008248996272683102,-0.0028963889926672,0.0021609241515397996,-0.003965847194194801,-0.014729983114164588
Buffalo - NY,2013,1149094.0,2.2238909401679,-0.0006339343336612946,0.0021609241515397996,-0.003965847194194801,-0.008856279946863652,-0.010864303447306153,-0.003331912860533506
Buffalo - NY,2014,1152803.0,2.2901216115515455,0.029781438553207685,-0.008856279946863652,-0.010864303447306153,0.0221304354965687,-0.008133016526698997,-0.04064574200051384
Buffalo - NY,2015,1154536.0,2.2237839763390372,-0.028966861357011008,0.0221304354965687,-0.008133016526698997,0.0008262044638395003,-0.0123273525387049,0.02083384483031201
Buffalo - NY,2016,1156519.0,2.1969965101021973,-0.012045894080476058,0.0008262044638395003,-0.0123273525387049,0.0017513052523135987,-0.0010382682085036989,-0.0002814584582288421
Buffalo - NY,2017,1160267.0,2.148455495072007,-0.022094261327676015,0.0017513052523135987,-0.0010382682085036989,-0.0006563531011343007,-0.009791376069188097,0.021055993119172316
Buffalo - NY,2018,1163725.0,2.1131795324847555,-0.016419219605975283,-0.0006563531011343007,-0.009791376069188097,0.0029628548473120027,-0.014838339760899502,0.0066278435367871855
Buffalo - NY,2019,1165853.0,2.0307165397195273,-0.039023183547620875,0.0029628548473120027,-0.014838339760899502,0.019301233917474698,0.00045204348862169785,0.024184843786721373
Buffalo - NY,2020,1164522.0,1.8940867977286266,-0.0672815429029653,0.019301233917474698,0.00045204348862169785,-0.0017169581055640967,-0.045306570827961,0.067733586391587
Buffalo - NY,2021,1163127.0,2.0058001294997148,0.0589800488050779,-0.0017169581055640967,-0.045306570827961,-0.0339242163300514,-0.0018207095563411019,-0.1042866196330389
Buffalo - NY,2022,1158716.0,2.0136583819260414,0.003917764442605082,-0.0339242163300514,-0.001342006027698503,-0.004856779038906099,0.014702148735523203,-0.005259770470303585
Canton - OH,2006,405469.21875,2.329139754403011,-0.0613154734953961,-0.011847485199570702,-0.0182105246931315,-0.005961623877286902,-0.005039867945015401,0.043104948802264606
Canton - OH,2007,405986.59375,2.2132563132345844,-0.04975375176580113,-0.005961623877286902,-0.005039867945015401,-0.0233282384574413,0.006182565819472102,0.04471388382078573
Canton - OH,2008,405904.0,2.4191089357815514,0.093008939505123,-0.0233282384574413,0.006182565819472102,-0.0185381106138229,0.008028591051697752,-0.0868263736856509
Canton - OH,2009,404952.0,2.3092364626810062,-0.045418571886283496,-0.0185381106138229,0.008028591051697752,-0.01508625555690378,-0.005626146798022095,0.05344716293798125
Canton - OH,2010,404237.21875,2.4221068945984277,0.04887781469827463,-0.01508625555690378,-0.005626146798022095,-0.02530754391849041,-0.00402376940473911,-0.05450396149629673
Canton - OH,2011,404026.625,2.458694621272206,0.015105743993121517,-0.02530754391849041,-0.00402376940473911,-0.013656369693577291,-0.00821816362440589,-0.019129513397860627
Canton - OH,2012,404607.6875,2.3349718366400793,-0.05032051705880767,-0.013656369693577291,-0.00830376241356139,0.0008056374639273008,-0.0053211338818072995,0.042016754645246276
Canton - OH,2013,405052.09375,2.3474135525686552,0.005328422267601727,0.0008056374639273008,-0.0053211338818072995,0.002584979698061901,0.0005769561976194,-0.010649556149409028
Canton - OH,2014,405484.59375,2.4134186411131524,0.028118219080856523,0.002584979698061901,0.0005769561976194,0.0265428760796785,-0.0037205759435891966,-0.027541262883237123
Canton - OH,2015,404651.0,2.3847341272621945,-0.011885428148399336,0.0265428760796785,-0.0037205759435891966,-0.007137647096067669,-0.02029120409861207,0.00816485220481014
Canton - OH,2016,403683.0,2.305789753753815,-0.03310405659309793,-0.007137647096067669,-0.02029120409861207,0.00002650143206119754,-0.0027630720287561,0.012812852494485862
Canton - OH,2017,402590.09375,2.3711127561222645,0.028329990738359446,0.00002650143206119754,-0.0027630720287561,0.002099875569343601,-0.007035147398710195,-0.031093062767115546
Canton - OH,2018,402138.6875,2.248900647713092,-0.05154209056217095,0.002099875569343601,-0.007035147398710195,0.011196158051490802,-0.006605036556720702,0.04450694316346075
Canton - OH,2019,401751.59375,2.1733206830921454,-0.03360751605358992,0.011196158051490802,-0.006605036556720702,0.0144099575579166,-0.004439232870936401,0.02700247949686922
Canton - OH,2020,401068.59375,2.1608434229131914,-0.00574110405152068,0.0144099575579166,-0.004439232870936401,-0.0040868574082850995,-0.047676470130682005,0.0013018711805842798
Canton - OH,2021,400254.59375,2.1490070695246026,-0.005477654356201033,-0.0040868574082850995,-0.047676470130682005,-0.016906829476356508,0.015196677297353793,-0.04219881577448097
Canton - OH,2022,399642.90625,2.2182553175354265,0.03222336910512945,-0.016906829476356508,0.015675380825996392,-0.002139094084501303,0.017419833689928,-0.016547988279133057
Champaign-Urbana - IL,2006,225328.296875,2.2064753382714377,-0.04957849713671115,-0.0148170090913773,-0.021180048584938098,-0.004413167849183101,-0.0034914119169116003,0.02839844855177305
Champaign-Urbana - IL,2007,227717.1875,2.34101141280421,0.0609732962790186,-0.004413167849183101,-0.0034914119169116003,-0.026058057613670797,0.0034527466632426063,-0.0644647081959302
Champaign-Urbana - IL,2008,229002.0,2.208710190492798,-0.05651455673722379,-0.026058057613670797,0.0034527466632426063,-0.0173128384202719,0.00925386324524875,0.059967303400466396
Champaign-Urbana - IL,2009,231203.90625,2.254139389603404,0.02056820279371745,-0.0173128384202719,0.00925386324524875,-0.015052571598440409,-0.005592462839558724,-0.0113143395484687
Champaign-Urbana - IL,2010,232583.5,2.3736342593641617,0.0530113045856413,-0.015052571598440409,-0.005592462839558724,-0.02658542745560408,-0.00530165294185278,-0.05860376742520003
Champaign-Urbana - IL,2011,233696.203125,2.4211600849418278,0.020022387775274632,-0.02658542745560408,-0.00530165294185278,-0.008227596342563601,-0.0027893902733922005,-0.025324040717127412
Champaign-Urbana - IL,2012,234803.0,2.3068651076458537,-0.04720669979933201,-0.008227596342563601,-0.0028749890625476993,0.000123225748539001,-0.006003545597195599,0.04433171073678431
Champaign-Urbana - IL,2013,236010.890625,2.3355232441326006,0.012422978869359369,0.000123225748539001,-0.006003545597195599,0.003388835877180099,0.001380812376737598,-0.018426524466554968
Champaign-Urbana - IL,2014,237154.296875,2.5321271780372343,0.08417982325740082,0.003388835877180099,0.001380812376737598,0.0171612707674503,-0.013102181255817396,-0.08279901088066323
Champaign-Urbana - IL,2015,238119.0,2.6324297636591867,0.03961198572170511,0.0171612707674503,-0.013102181255817396,-0.009855970006436109,-0.02300952700898051,-0.0527141669775225
Champaign-Urbana - IL,2016,238506.609375,2.2940926099405434,-0.1285265644650441,-0.009855970006436109,-0.02300952700898051,-0.009840350881218901,-0.012629924342036199,0.10551703745606358
Champaign-Urbana - IL,2017,238164.09375,2.402124961294477,0.04709153888810685,-0.009840350881218901,-0.012629924342036199,0.004499057516455698,-0.004635965451598098,-0.059721463230143046
Champaign-Urbana - IL,2018,237265.390625,2.2308391401997225,-0.07130595778932776,0.004499057516455698,-0.004635965451598098,0.005141078650951401,-0.012660115957260104,0.06666999233772966
Champaign-Urbana - IL,2019,236369.296875,2.44671175551706,0.0967674501613823,0.005141078650951401,-0.012660115957260104,0.0028195410147309006,-0.016029649414122098,-0.1094275661186424
Champaign-Urbana - IL,2020,236696.109375,2.2574185283148727,-0.07736637827294224,0.0028195410147309006,-0.016029649414122098,-0.0015235857367515981,-0.045113198459148504,0.06133672885882014
Charleston - SC,2006,617908.375,2.5898611363709394,-0.03138350263704968,0.031100121915340395,0.024737082421779598,0.00048817051947119827,0.0014099264517426994,0.056120585058829275
Charleston - SC,2007,632187.0625,2.592845276098724,0.001152239278730634,0.00048817051947119827,0.0014099264517426994,-0.0611481455266476,-0.0316373412497342,0.00025768717301206533
Charleston - SC,2008,646598.875,2.8390411428596085,0.09495200852529025,-0.0611481455266476,-0.0316373412497342,-0.0271871264129877,-0.000620424747467048,-0.12658934977502445
Charleston - SC,2009,658397.5,2.715719559700468,-0.043437758367575234,-0.0271871264129877,-0.000620424747467048,-0.0052378514632583,0.004222257295623385,0.042817333620108186
Charleston - SC,2010,670175.625,2.8026155999347355,0.031997427688686526,-0.0052378514632583,0.004222257295623385,-0.013109976768493702,0.008173797745257599,-0.02777517039306314
Charleston - SC,2011,682831.4375,2.7807581320037307,-0.007798953210534417,-0.013109976768493702,0.008173797745257599,0.00047343009710310024,0.005911636166274501,0.015972750955792016
Charleston - SC,2012,696729.625,2.736830065999866,-0.01579715455950552,0.00047343009710310024,0.005826037377119002,0.0058064261823893015,-0.00032034516334529875,0.02162319193662452
Charleston - SC,2013,709825.5,2.7401263818105837,0.0012044283829195286,0.0058064261823893015,-0.00032034516334529875,0.020033079028129598,0.018025055527687097,-0.0015247735462648273
Charleston - SC,2014,724652.5625,2.5961267214618227,-0.05255219660839543,0.020033079028129598,0.018025055527687097,0.0392738824486732,0.009010430425405502,0.07057725213608253
Charleston - SC,2015,740963.3125,2.852789576342031,0.0988637622186975,0.0392738824486732,0.009010430425405502,0.0119793231487274,-0.001174233853817,-0.089853331793292
Charleston - SC,2016,755333.375,2.691836463238777,-0.05641955314125726,0.0119793231487274,-0.001174233853817,-0.0093652189746499,-0.012154792435467198,0.05524531928744026
Charleston - SC,2017,767765.375,2.794737680114266,0.038227142800376375,-0.0093652189746499,-0.012154792435467198,-0.0010126510411501005,-0.010147674009203897,-0.05038193523584357
Charleston - SC,2018,779496.8125,2.8419017568460934,0.016876029928468702,-0.0010126510411501005,-0.010147674009203897,0.021722617715597203,0.003921423107385698,-0.0270237039376726
Charleston - SC,2019,792814.375,2.721056246517302,-0.04252276140006477,0.021722617715597203,0.003921423107385698,0.0094490909129381,-0.0094000995159149,0.04644418450745047
Charleston - SC,2020,806353.5625,2.816025670261848,0.034901676092178535,0.0094490909129381,-0.0094000995159149,0.090766674160957,0.0471770614385601,-0.04430177560809344
Charleston - SC,2021,818831.4375,2.528229705218517,-0.10219934004244015,0.090766674160957,0.0471770614385601,-0.003132129013538404,0.028971377760171897,0.14937640148100023
Charleston - SC,2022,836195.6875,2.2934667604403423,-0.09285665155092541,-0.003132129013538404,0.029450081288814496,-0.0290093773826957,-0.009450449608266399,0.12230673283973992
Charlotte - NC,2006,2028353.0,2.524680388268541,-0.0018643891302888877,-0.006887806922197301,-0.013250846415758098,-0.0009744734466076016,-0.00005271751433610049,-0.01138645728546921
Charlotte - NC,2007,2102540.0,2.578940293023194,0.02149179159737728,-0.0009744734466076016,-0.00005271751433610049,-0.0523105424940586,-0.022799738217145198,-0.021544509111713378
Charlotte - NC,2008,2162873.0,2.6156954198601574,0.01425202705793426,-0.0523105424940586,-0.022799738217145198,-0.0598187453150749,-0.03325204364955425,-0.03705176527507946
Charlotte - NC,2009,2202796.0,2.5892996161202286,-0.010091313973145992,-0.0598187453150749,-0.03325204364955425,-0.0319785244613886,-0.022518415702506917,-0.02316072967640826
Charlotte - NC,2010,2230784.0,2.6875188172715556,0.03793272919821357,-0.0319785244613886,-0.022518415702506917,-0.0161402620077133,0.005143512506037999,-0.06045114490072048
Charlotte - NC,2011,2262619.0,2.747858875751006,0.022451957579485583,-0.0161402620077133,0.005143512506037999,0.009160348862409597,0.014598554931580998,-0.017308445073447584
Charlotte - NC,2012,2300258.0,2.718121880381785,-0.01082187867493513,0.009160348862409597,0.014512956142425499,0.0111192265897989,0.0049924552440643,0.02533483481736063
Charlotte - NC,2013,2339734.0,2.7706668090106277,0.01933133646731928,0.0111192265897989,0.0049924552440643,0.006275544703006699,0.004267521202564198,-0.014338881223254982
Charlotte - NC,2014,2382408.0,2.723297604116469,-0.017096680387590064,0.006275544703006699,0.004267521202564198,0.0418830198943615,0.011619567871093806,0.02136420159015426
Charlotte - NC,2015,2430319.0,2.7767044167039416,0.01961108198631846,0.0418830198943615,0.011619567871093806,0.0133206176459789,0.00016706064343450025,-0.007991514115224654
Charlotte - NC,2016,2481625.0,2.7602144480403625,-0.005938683485494416,0.0133206176459789,0.00016706064343450025,-0.0017283561676741006,-0.004517929628491398,0.006105744128928916
Charlotte - NC,2017,2529668.0,2.7800478519286393,0.007185457601802536,-0.0017283561676741006,-0.004517929628491398,0.021335710048675502,0.012200687080621705,-0.011703387230293934
Charlotte - NC,2018,2572494.0,2.7359561311906826,-0.015860058202727848,0.021335710048675502,0.012200687080621705,0.0290733307301998,0.011272136121988297,0.028060745283349554
Charlotte - NC,2019,2616341.0,2.6316224680096036,-0.038134260265230625,0.0290733307301998,0.011272136121988297,0.0100168679952621,-0.0088323224335909,0.04940639638721892
Charlotte - NC,2020,2655812.0,2.5724144105624545,-0.022498689750103287,0.0100168679952621,-0.0088323224335909,0.096766790628433,0.0531771779060361,0.013666367316512388
Charlotte - NC,2021,2697575.0,2.4383648859611817,-0.05211039249774806,0.096766790628433,0.0531771779060361,-0.031649978756904604,0.0004535280168056974,0.10528757040378417
Charlotte - NC,2022,2753644.0,2.4327280111629115,-0.0023117437553027407,-0.031649978756904604,0.0009322315454482963,-0.0561385730132461,-0.0365796452388168,0.003243975300751037
Chattanooga - TN,2006,508101.09375,2.2703151167345186,-0.06987412573394573,0.0332719736099243,0.026908934116363505,-0.003167792126536402,-0.002246036194264901,0.09678305985030924
Chattanooga - TN,2007,514516.125,2.5337439248233076,0.11603182577918468,-0.003167792126536402,-0.002246036194264901,-0.0533146013617516,-0.023803797084838194,-0.11827786197344958
Chattanooga - TN,2008,520126.09375,2.5231011243197052,-0.004200424675648514,-0.0533146013617516,-0.023803797084838194,-0.0267345427572727,-0.00016784109175204884,-0.01960337240918968
Chattanooga - TN,2009,525348.0625,2.5808541025135177,0.022889680337082864,-0.0267345427572727,-0.00016784109175204884,-0.00985777255520225,-0.00039766379632056453,-0.023057521428834913
Chattanooga - TN,2010,530022.5625,2.602653240336713,0.00844648203940115,-0.00985777255520225,-0.00039766379632056453,-0.020246714696288103,0.0010370598174631977,-0.008844145835721715
Chattanooga - TN,2011,533911.625,2.597111082985071,-0.0021294259510823838,-0.020246714696288103,0.0010370598174631977,0.00027628028392789883,0.005714486353099299,0.0031664857685455815
Chattanooga - TN,2012,537801.25,2.6693216140784073,0.027804175018320217,0.00027628028392789883,0.0056288875639438005,0.0030870108306408003,-0.0030397605150938,-0.022175287454376417
Chattanooga - TN,2013,540725.0,2.6964955693186368,0.010180097855915867,0.0030870108306408003,-0.0030397605150938,0.004690338686108599,0.002682315185666098,-0.013219858371009667
Chattanooga - TN,2014,542477.75,2.6671782510595583,-0.010872377686304339,0.004690338686108599,0.002682315185666098,0.024889214128255798,-0.005374237895011898,0.013554692871970437
Chattanooga - TN,2015,545311.6875,2.6889966492707544,0.008180329980768475,0.024889214128255798,-0.005374237895011898,0.0111092070937157,-0.0020443499088287007,-0.013554567875780374
Chattanooga - TN,2016,549283.375,2.6062158246842073,-0.030785023331656794,0.0111092070937157,-0.0020443499088287007,0.001282453253865199,-0.0015071202069520985,0.028740673422828093
Chattanooga - TN,2017,552888.5,2.4182347730592184,-0.07212796800808559,0.001282453253865199,-0.0015071202069520985,0.013016071379184702,0.003881048411130905,0.0706208478011335
Chattanooga - TN,2018,556810.625,2.456989115681745,0.016025880966677227,0.013016071379184702,0.003881048411130905,0.013281653791666004,-0.0045195408165455,-0.012144832555546322
Chattanooga - TN,2019,560406.9375,2.507071417375336,0.020383607470598954,0.013281653791666004,-0.0045195408165455,0.0296986718773842,0.0108494814485312,-0.024903148287144454
Chattanooga - TN,2020,565500.5,2.5560013616362443,0.01951677320470325,0.0296986718773842,0.0108494814485312,0.063216721892357,0.01962710916996009,-0.00866729175617205
Chattanooga - TN,2021,569942.6875,2.4187618226395133,-0.053693061770857566,0.063216721892357,0.01962710916996009,-0.0176905523240566,0.014412954449653702,0.07332017094081766
Chattanooga - TN,2022,577318.125,2.4339292796424012,0.006270752606114881,-0.0176905523240566,0.0148916579782963,-0.046806363187730314,-0.027247435413301012,0.00862090537218142
Chicago - IL,2006,9307072.0,2.660583219791751,-0.0027192723971468016,0.014261936426162698,0.007898896932601901,0.025322570562362697,0.0262443264946342,0.010618169329748703
Chicago - IL,2007,9348932.0,2.6261682670644886,-0.012935116056980953,0.025322570562362697,0.0262443264946342,-0.0169969753473997,0.012513828929513703,0.03917944255161515
Chicago - IL,2008,9396189.0,2.6639803838334655,0.014398207930234034,-0.0169969753473997,0.012513828929513703,-0.0188067021816969,0.007759999483823752,-0.0018843790007203303
Chicago - IL,2009,9441626.0,2.7036289974636065,0.014883222816035428,-0.0188067021816969,0.007759999483823752,0.00024340191483500015,0.009703510673716685,-0.007123223332211676
Chicago - IL,2010,9488415.0,2.7189735078270605,0.0056755236675776624,0.00024340191483500015,0.009703510673716685,-0.0172069225162268,0.0040768519975245,0.004027987006139023
Chicago - IL,2011,9536325.0,2.7192055667872284,0.00008534800339166421,-0.0172069225162268,0.0040768519975245,-0.0034176281690598,0.0020205779001116007,0.0039915039941328355
Chicago - IL,2012,9582919.0,2.7066561581596074,-0.004615101109272978,-0.0034176281690598,0.0019349791109561018,0.0014878107607365007,-0.0046389605849981,0.0065500802202290796
Chicago - IL,2013,9620105.0,2.6776268507221963,-0.010725155225165192,0.0014878107607365007,-0.0046389605849981,0.004651036873459798,0.0026430133730172972,0.006086194640167093
Chicago - IL,2014,9646115.0,2.6958843993749104,0.006818556008948664,0.004651036873459798,0.0026430133730172972,0.0392478724718094,0.008984420448541704,-0.0041755426359313666
Chicago - IL,2015,9654273.0,2.6823866921115602,-0.0050067826597015395,0.0392478724718094,0.008984420448541704,0.002768351033329999,-0.010385205969214401,0.013991203108243243
Chicago - IL,2016,9655397.0,2.617419334671814,-0.024219982014824296,0.002768351033329999,-0.010385205969214401,-0.007089451238513001,-0.009879024699330299,0.013834776045609894
Chicago - IL,2017,9652473.0,2.6465864903520218,0.011143478346722264,-0.007089451238513001,-0.009879024699330299,0.004069740161299698,-0.005065282806754098,-0.021022503046052562
Chicago - IL,2018,9642400.0,2.569389001397821,-0.02916870060193371,0.004069740161299698,-0.005065282806754098,0.0095832079350948,-0.008217986673116705,0.02410341779517961
Chicago - IL,2019,9630651.0,2.4477711389861603,-0.047333378614720166,0.0095832079350948,-0.008217986673116705,-0.0236364238783717,-0.042485614307224695,0.03911539194160346
Chicago - IL,2020,9588870.0,2.384719214577758,-0.025758913243220063,-0.0236364238783717,-0.042485614307224695,0.032158768057823195,-0.011430844664573711,-0.01672670106400463
Chicago - IL,2021,9515238.0,2.341824035261214,-0.017987517798458738,0.032158768057823195,-0.011430844664573711,-0.0318034234642982,0.0003000833094120997,0.006556673133885027
Chicago - IL,2022,9483157.0,2.240230387735582,-0.04338227210751981,-0.0318034234642982,0.0007787868380546986,-0.011034966245293602,0.0085239615291357,0.04416105894557451
Chico - CA,2006,216973.0,2.5060853403031227,-0.03802541430819268,0.0249253861904144,0.018562346696853603,0.0163559122979641,0.017277668230235604,0.05658776100504628
Chico - CA,2007,217858.796875,2.697135095136456,0.07623433717952512,0.0163559122979641,0.017277668230235604,-0.031209878914058208,-0.001699074637144804,-0.05895666894928951
Chico - CA,2008,219229.09375,2.556247849774425,-0.05223588748523663,-0.031209878914058208,-0.001699074637144804,-0.05038136309385299,-0.023814661428332343,0.050536812848091826
Chico - CA,2009,219818.203125,2.6828776522057187,0.04953737269352349,-0.05038136309385299,-0.023814661428332343,-0.01158403808623552,-0.002123929327353835,-0.07335203412185584
Chico - CA,2010,219834.109375,2.596217657110546,-0.03230113569432631,-0.01158403808623552,-0.002123929327353835,-0.021834290929138703,-0.0005505164153874025,0.03017720636697248
Chico - CA,2011,219783.296875,2.646809041350957,0.019486572746260585,-0.021834290929138703,-0.0005505164153874025,-0.0025995804965496007,0.0028386255726218,-0.020037089161647988
Chico - CA,2012,220400.296875,2.8306477460742405,0.06945673142685442,-0.0025995804965496007,0.002753026783466301,0.0073856940865517015,0.0012589227408171012,-0.06670370464338812
Chico - CA,2013,221144.8125,2.625705202320166,-0.07240128837588664,0.0073856940865517015,0.0012589227408171012,0.005435894072055799,0.003427870571613298,0.07366021111670373
Chico - CA,2014,222580.59375,2.7448019990706305,0.045358022920938136,0.005435894072055799,0.003427870571613298,0.0277015475332737,-0.002561904489993997,-0.04193015234932484
Chico - CA,2015,223524.703125,2.682291154281365,-0.02277426379404816,0.0277015475332737,-0.002561904489993997,0.024920381873846105,0.011766824871301705,0.020212359304054163
Chico - CA,2016,225067.90625,2.8247662347198315,0.053116933339266044,0.024920381873846105,0.011766824871301705,0.009999448150396297,0.007209874689579,-0.04135010846796434
Chico - CA,2017,227051.0,2.688617765495125,-0.04819813673474123,0.009999448150396297,0.007209874689579,0.020340923428535503,0.011205900460481706,0.055408011424320225
Chico - CA,2018,225092.0,2.629140002384407,-0.02212205984578279,0.020340923428535503,0.011205900460481706,0.020486257195472705,0.0026850625872612,0.0333279603062645
Chico - CA,2019,214693.609375,2.6701167551127636,0.015585610766712393,0.020486257195472705,0.0026850625872612,0.0127208196669817,-0.0061283707618713,-0.012900548179451193
Chico - CA,2020,209247.703125,2.5954651800896356,-0.02795816882545848,0.0127208196669817,-0.0061283707618713,-0.0171193161308765,-0.060708928853273406,0.02182979806358718
Chico - CA,2021,206563.40625,2.4430246377428,-0.05873341839306461,-0.0171193161308765,-0.060708928853273406,-0.028450122028589202,0.0036533847451210993,-0.0019755104602087944
Chico - CA,2022,207339.0,2.3386108725130788,-0.0427395465508662,-0.028450122028589202,0.004132088273763698,-0.007401573270559299,0.012157354503870003,0.0468716348246299
Cincinnati - OH,2006,2073364.0,2.3825544382869683,0.02119850126156748,-0.0190221158489585,-0.025385155342519297,-0.0118298110514879,-0.010908055119216399,-0.04658365660408678
Cincinnati - OH,2007,2086778.125,2.383390873509778,0.0003510665734929602,-0.0118298110514879,-0.010908055119216399,-0.0236777377426624,0.005833066534251002,-0.011259121692709359
Cincinnati - OH,2008,2098281.0,2.4726020049665918,0.03743034029724272,-0.0236777377426624,0.005833066534251002,-0.0134553021788597,0.01311139948666095,-0.03159727376299172
Cincinnati - OH,2009,2110508.0,2.545673353174548,0.029552409996101918,-0.0134553021788597,0.01311139948666095,-0.00950057356059551,-0.00004046480171382427,-0.016441010509440968
Cincinnati - OH,2010,2120738.0,2.5356726934499196,-0.003928492912163024,-0.00950057356059551,-0.00004046480171382427,-0.022035011433064938,-0.000751236919313638,0.0038880281104492
Cincinnati - OH,2011,2129093.0,2.5731368886020007,0.014774854518431179,-0.022035011433064938,-0.000751236919313638,-0.0034078939855099015,0.002030312083661499,-0.015526091437744817
Cincinnati - OH,2012,2139233.0,2.495087563084593,-0.03033236430721428,-0.0034078939855099015,0.0019447132945060001,0.0092796521633863,0.0031528808176517,0.03227707760172028
Cincinnati - OH,2013,2151333.0,2.5095154463233613,0.005782515793125755,0.0092796521633863,0.0031528808176517,-0.00045102479308840003,-0.002459048293530901,-0.0026296349754740553
Cincinnati - OH,2014,2164203.0,2.4790576706047682,-0.012136915022067764,-0.00045102479308840003,-0.002459048293530901,0.030263452023267697,0.0,0.009677866728536863
Cincinnati - OH,2015,2176396.0,2.463015013176998,-0.006471272378208327,0.030263452023267697,0.0,0.0113887882679701,-0.0017647687345743006,0.006471272378208327
Cincinnati - OH,2016,2189974.0,2.4237378852923186,-0.015946767548938597,0.0113887882679701,-0.0017647687345743006,0.0021550838798285003,-0.0006344895809887972,0.014181998814364296
Cincinnati - OH,2017,2203303.0,2.45649118300607,0.013513547777795783,0.0021550838798285003,-0.0006344895809887972,0.011711161792278296,0.0025761388242245,-0.01414803735878458
Cincinnati - OH,2018,2215341.0,2.369696594716957,-0.035332749773154294,0.011711161792278296,0.0025761388242245,0.018698803305625903,0.0008976086974143982,0.037908888597378794
Cincinnati - OH,2019,2228235.0,2.2838154832111446,-0.03624139550070549,0.018698803305625903,0.0008976086974143982,0.014104321703314798,-0.004744868725538202,0.037139004198119885
Cincinnati - OH,2020,2236436.0,2.2249603692832527,-0.025770520587389583,0.014104321703314798,-0.004744868725538202,0.030401407063007396,-0.01318820565938951,0.02102565186185138
Cincinnati - OH,2021,2238966.0,2.2137193021163575,-0.005052255007362852,0.030401407063007396,-0.01318820565938951,-0.013250144124031096,0.018853362649679205,-0.008135950652026658
Cincinnati - OH,2022,2251509.0,2.1818574070835157,-0.014392924614417548,-0.013250144124031096,0.019332066178321804,-0.005718144387006803,0.0138407833874225,0.03372499079273935
Clarksville - TN,2006,240018.203125,2.6897643176745554,-0.06220207982070903,0.031713140785694094,0.025350101292133297,-0.0046009038537741,-0.003679147921502599,0.08755218111284233
Clarksville - TN,2007,247967.796875,2.9324664584825673,0.09023174975339134,-0.0046009038537741,-0.003679147921502599,-0.0530561993941665,-0.0235453951172531,-0.09391089767489394
Clarksville - TN,2008,250395.09375,3.1356709018136377,0.06929472040277676,-0.0530561993941665,-0.0235453951172531,-0.0317846654951572,-0.005217963829636546,-0.09284011552002985
Clarksville - TN,2009,257883.703125,2.9278282209649698,-0.06628332097238075,-0.0317846654951572,-0.005217963829636546,-0.0042157258689404006,0.005244382889941284,0.061065357142744206
Clarksville - TN,2010,262701.1875,2.9778505286696553,0.017085123828814962,-0.0042157258689404006,0.005244382889941284,-0.02377831411361694,-0.0024945395998656403,-0.011840740938873677
Clarksville - TN,2011,267925.125,2.934973942418884,-0.014398501817996267,-0.02377831411361694,-0.0024945395998656403,-0.010082548767328302,-0.004644342698156901,0.011903962218130627
Clarksville - TN,2012,275740.0,3.0240876933874588,0.030362706012691476,-0.010082548767328302,-0.0047299414873124,-0.00010078340768809868,-0.006227554753422699,-0.035092647500003876
Clarksville - TN,2013,276159.78125,2.917398468469465,-0.03527980526202431,-0.00010078340768809868,-0.006227554753422699,-0.0177170887440443,-0.019725112244486802,0.02905225050860161
Clarksville - TN,2014,281025.5,2.9417439164640786,0.008344916972341415,-0.0177170887440443,-0.019725112244486802,0.00486547376587987,-0.025397978257387828,-0.02807002921682822
Clarksville - TN,2015,284481.125,2.9486177099896986,0.0023366389872175484,0.00486547376587987,-0.025397978257387828,-0.008035569649189708,-0.021189126651734107,-0.027734617244605377
Clarksville - TN,2016,287111.6875,2.9714519724071287,0.007744056593050106,-0.008035569649189708,-0.021189126651734107,0.0248899922668934,0.022100418806076102,-0.02893318324478421
Clarksville - TN,2017,292874.90625,2.7463330662269017,-0.07576057370964726,0.0248899922668934,0.022100418806076102,0.014542058318853399,0.005407035350799602,0.09786099251572336
Clarksville - TN,2018,298929.28125,2.805546654775611,0.021560964064005952,0.014542058318853399,0.005407035350799602,0.0277436926662922,0.009942498058080694,-0.01615392871320635
Clarksville - TN,2019,304203.0,2.6099189951717823,-0.06972889196864034,0.0277436926662922,0.009942498058080694,0.027506848901510197,0.008657658472657197,0.07967139002672102
Clarksville - TN,2020,309881.0,2.5754182595731763,-0.013219082914998747,0.027506848901510197,0.008657658472657197,0.0430499299168587,-0.0005396828055382052,0.021876741387655944
Clarksville - TN,2021,316742.1875,2.8422352002174534,0.10360140130733429,0.0430499299168587,-0.0005396828055382052,-0.0526245906203985,-0.0205210838466882,-0.1041410841128725
Clarksville - TN,2022,322794.59375,2.7779760652108285,-0.022608662014216314,-0.0526245906203985,-0.020042380318045602,-0.025011190012097402,-0.0054522622376681,0.0025662816961707115
Cleveland - OH,2006,2097342.0,2.3082185566696767,-0.001041222622792597,-0.012438767001032802,-0.0188018064945936,-0.0161419267728925,-0.015220170840621,-0.017760583871801003
Cleveland - OH,2007,2089961.0,2.275056732938693,-0.01436684738330407,-0.0161419267728925,-0.015220170840621,-0.02874380099773407,0.0007670032791793346,-0.0008533234573169304
Cleveland - OH,2008,2084187.0,2.2991250860096057,0.010579232035160544,-0.02874380099773407,0.0007670032791793346,-0.0149589690417051,0.01160773262381555,-0.00981222875598121
Cleveland - OH,2009,2080065.875,2.3627511081136836,0.027674014994333383,-0.0149589690417051,0.01160773262381555,-0.016966408639214933,-0.007506299880333248,-0.016066282370517833
Cleveland - OH,2010,2076093.0,2.4147825511203855,0.022021550567906216,-0.016966408639214933,-0.007506299880333248,-0.021924359135329703,-0.0006405846215784029,-0.029527850448239464
Cleveland - OH,2011,2074283.0,2.3073082727254204,-0.04450681422436996,-0.021924359135329703,-0.0006405846215784029,-0.008271700985729701,-0.0028334949165583004,0.04386622960279156
Cleveland - OH,2012,2076295.875,2.311834546902342,0.0019617119352564574,-0.008271700985729701,-0.0029190937057137992,0.0022632727771997006,-0.0038634985685348996,-0.004880805640970256
Cleveland - OH,2013,2082131.125,2.287773564230537,-0.010407744232408164,0.0022632727771997006,-0.0038634985685348996,-0.0043573642000555995,-0.006365387700498101,0.006544245663873264
Cleveland - OH,2014,2086001.0,2.270374873113374,-0.00760507568982899,-0.0043573642000555995,-0.006365387700498101,0.0295795781314373,-0.0006838738918303958,0.0012396879893308895
Cleveland - OH,2015,2086842.0,2.307273278995799,0.016252120440280397,0.0295795781314373,-0.0006838738918303958,0.0044660533666611,-0.0086875036358833,-0.016935994332110793
Cleveland - OH,2016,2087846.0,2.2831876183770308,-0.010439015108453437,0.0044660533666611,-0.0086875036358833,-0.008277932465076401,-0.011067505925893699,0.0017515114725701365
Cleveland - OH,2017,2088238.0,2.276132130934482,-0.0030901917064371995,-0.008277932465076401,-0.011067505925893699,0.007199527904391299,-0.0019354950636624978,-0.007977314219456499
Cleveland - OH,2018,2088316.875,2.235648342529287,-0.01778622069210633,0.007199527904391299,-0.0019354950636624978,0.0150551266670227,-0.0027460679411888053,0.01585072562844383
Cleveland - OH,2019,2087927.0,2.218478313903648,-0.007680111535883891,0.0150551266670227,-0.0027460679411888053,0.006246779218316099,-0.012602411210536901,0.004934043594695086
Cleveland - OH,2020,2083327.875,2.062738685951219,-0.07020110450319833,0.006246779218316099,-0.012602411210536901,0.019188275814056396,-0.02440133690834051,0.05759869329266143
Cleveland - OH,2021,2071446.0,2.0781597258372173,0.007476002651730505,0.019188275814056396,-0.02440133690834051,-0.0318273808062077,0.00027612596750260093,-0.031877339560071015
Cleveland - OH,2022,2067485.125,2.060321180442255,-0.008583818256691411,-0.0318273808062077,0.0007548294961451998,-0.015469490349292802,0.0040894374251365,0.009338647752836611
College Station-Bryan - TX,2006,209998.703125,2.381056044358618,-0.03082703500620465,0.008559146553277996,0.002196107059717199,0.007857631057500796,0.008779386989772297,0.03302314206592185
College Station-Bryan - TX,2007,214413.09375,2.5296950820779176,0.0624256779135739,0.007857631057500796,0.008779386989772297,-0.0250582222938538,0.004452581983059603,-0.053646290923801604
College Station-Bryan - TX,2008,220281.40625,2.475312029509653,-0.021497868637825584,-0.0250582222938538,0.004452581983059603,-0.030788146615028402,-0.0042214449495077515,0.025950450620885187
College Station-Bryan - TX,2009,226219.609375,2.561145752153075,0.03467592029616778,-0.030788146615028402,-0.0042214449495077515,-0.01385438855178654,-0.0043942797929048556,-0.038897365245675525
College Station-Bryan - TX,2010,230005.09375,2.6517966177304086,0.035394653155184995,-0.01385438855178654,-0.0043942797929048556,-0.024280337028205392,-0.0029965625144540917,-0.03978893294808985
College Station-Bryan - TX,2011,232228.5,2.8785384741041424,0.08550499493727962,-0.024280337028205392,-0.0029965625144540917,-0.006979144461453002,-0.0015409383922816017,-0.08850155745173371
College Station-Bryan - TX,2012,235284.296875,2.6319498041570926,-0.08566453850292659,-0.006979144461453002,-0.0016265371814371005,0.004074639305472402,-0.002052132040262198,0.08403800132148949
College Station-Bryan - TX,2013,239325.703125,2.677558385316371,0.017328818766695727,0.004074639305472402,-0.002052132040262198,0.0150463756322861,0.013038352131843598,-0.019380950806957925
College Station-Bryan - TX,2014,245125.90625,2.5961968806654876,-0.030386453978769223,0.0150463756322861,0.013038352131843598,0.038910718798637396,0.0086472667753697,0.04342480611061282
College Station-Bryan - TX,2015,251971.296875,2.55170644913037,-0.017136771046313424,0.038910718798637396,0.0086472667753697,0.0050100426077843,-0.0081435143947601,0.025784037821683124
College Station-Bryan - TX,2016,256153.59375,2.640502733972619,0.034798785288374705,0.0050100426077843,-0.0081435143947601,-0.0353987685441971,-0.0381883420050144,-0.0429422996831348
College Station-Bryan - TX,2017,260276.390625,2.871057956657217,0.08731489640903699,-0.0353987685441971,-0.0381883420050144,-0.004540972203016299,-0.013675995171070095,-0.1255032384140514
College Station-Bryan - TX,2018,262964.59375,2.773630643305693,-0.03393429001515489,-0.004540972203016299,-0.013675995171070095,-0.0012988362759351994,-0.019100030884146704,0.020258294844084795
College Station-Bryan - TX,2019,266449.8125,2.8598790308007707,0.031095844611914284,-0.0012988362759351994,-0.019100030884146704,-0.002014247596263891,-0.020863438025116893,-0.050195875496060985
College Station-Bryan - TX,2020,269889.5,2.7893270157511467,-0.02466958017796622,-0.002014247596263891,-0.020863438025116893,0.010702112942934001,-0.032887499779462905,0.003806142152849329
College Station-Bryan - TX,2021,274059.125,2.465511826827979,-0.11609079433662829,0.010702112942934001,-0.032887499779462905,-0.028210988193750404,0.003892518579959897,0.08320329455716538
College Station-Bryan - TX,2022,279781.09375,2.2370347474985017,-0.0926692286945653,-0.028210988193750404,0.004371222108602496,0.0156420070827007,0.03520093485713,0.0970404508031678
Colorado Springs - CO,2006,604237.5,2.518342512336951,0.0027539723827854443,-0.008553941145539302,-0.014916980639100099,0.004338274806737898,0.005260030739009399,-0.017670953021885545
Colorado Springs - CO,2007,612274.4375,2.6437537752596167,0.04979912871592969,0.004338274806737898,0.005260030739009399,-0.03436679282411933,-0.004855988547205925,-0.04453909797692029
Colorado Springs - CO,2008,623259.0,2.678637388377341,0.013194728436576434,-0.03436679282411933,-0.004855988547205925,-0.029419761806726497,-0.0028530601412058466,-0.01805071698378236
Colorado Springs - CO,2009,635947.375,2.5984956174680227,-0.02991885772111413,-0.029419761806726497,-0.0028530601412058466,-0.0034069821089505996,0.006053126649931085,0.027065797579908284
Colorado Springs - CO,2010,653274.4375,2.6618108439294774,0.02436610861908982,-0.0034069821089505996,0.006053126649931085,-0.0093221015930176,0.0119616729207337,-0.01831298196915873
Colorado Springs - CO,2011,663261.125,2.6993796024282077,0.014113985065621617,-0.0093221015930176,0.0119616729207337,0.005898290961980798,0.011336497031152198,-0.002152312144887916
Colorado Springs - CO,2012,672359.3125,2.769578152540678,0.026005438453088857,0.005898290961980798,0.0112508982419967,0.01857944637537,0.012452675029635398,-0.014754540211092158
Colorado Springs - CO,2013,681393.3125,2.843812515147514,0.026803490827199516,0.01857944637537,0.012452675029635398,0.018669119864702197,0.016661096364259696,-0.014350815797564118
Colorado Springs - CO,2014,690409.125,2.6651714250412724,-0.06281746393431825,0.018669119864702197,0.016661096364259696,0.0538304282128811,0.023566976189613405,0.07947856029857794
Colorado Springs - CO,2015,702754.1875,2.6076511192178886,-0.02158221616926311,0.0538304282128811,0.023566976189613405,0.0482459555268288,0.035092398524284404,0.045149192358876516
Colorado Springs - CO,2016,717695.625,2.6484790903947735,0.015656991411155632,0.0482459555268288,0.035092398524284404,0.020286084800958597,0.0174965113401413,0.019435407113128772
Colorado Springs - CO,2017,730606.5,2.653314899629257,0.0018258815982430641,0.020286084800958597,0.0174965113401413,0.020774629175663,0.011639606207609204,0.015670629741898236
Colorado Springs - CO,2018,742469.9375,2.677380819780528,0.009070133422397052,0.020774629175663,0.011639606207609204,0.0414096966087818,0.023608502000570294,0.002569472785212152
Colorado Springs - CO,2019,751587.375,2.628790816339373,-0.01814833477634994,0.0414096966087818,0.023608502000570294,0.027261009544134098,0.008411819115281098,0.041756836776920235
Colorado Springs - CO,2020,759828.4375,2.6766495492723337,0.01820560716946077,0.027261009544134098,0.008411819115281098,0.0483352227807045,0.004745610058307592,-0.009793788054179672
Colorado Springs - CO,2021,764535.1875,2.485998481156505,-0.0712275046121218,0.0483352227807045,0.004745610058307592,-0.0358233730494976,-0.003719866275787298,0.07597311467042939
Colorado Springs - CO,2022,768422.75,2.4521181532021314,-0.013628458831001364,-0.0358233730494976,-0.003241162747144699,-0.0562674093842506,-0.0367084816098213,0.010387296083856665
Columbia - MO,2006,153495.796875,2.0162537700477867,0.03622886190626559,-0.009734079584479301,-0.0160971190780401,-0.0108624425679445,-0.009940686635673,-0.05232598098430569
Columbia - MO,2007,156270.703125,2.171485235246092,0.07699004336871058,-0.0108624425679445,-0.009940686635673,-0.0220913526713848,0.0074194516055286035,-0.08693073000438359
Columbia - MO,2008,158714.703125,2.2711586392489025,0.04590102773206955,-0.0220913526713848,0.0074194516055286035,-0.0162591344714165,0.01030756719410415,-0.03848157612654095
Columbia - MO,2009,161242.5,2.119892393546902,-0.06660311749602224,-0.0162591344714165,0.01030756719410415,-0.012164604090154171,-0.0027044953312724863,0.0769106846901264
Columbia - MO,2010,164034.8125,2.3895047273111025,0.12718208461189784,-0.012164604090154171,-0.0027044953312724863,-0.022812870673835278,-0.001529096160083978,-0.12988657994317032
Columbia - MO,2011,167068.296875,2.421228000850753,0.0132760873736996,-0.022812870673835278,-0.001529096160083978,-0.0051113388538361025,0.000326867215335298,-0.014805183533783578
Columbia - MO,2012,169669.5,2.46319012387747,0.017330925882227018,-0.0051113388538361025,0.00024126842617979913,0.0020409288257360013,-0.004085842519998599,-0.01708965745604722
Columbia - MO,2013,171852.09375,2.325491747743165,-0.05590245543756274,0.0020409288257360013,-0.004085842519998599,-0.0028553569540381,-0.004863380454480601,0.05181661291756414
Columbia - MO,2014,173773.296875,2.375337878070574,0.021434662314232425,-0.0028553569540381,-0.004863380454480601,0.016243431881070098,-0.014020020142197599,-0.026298042768713024
Columbia - MO,2015,175594.5,2.1502797689414987,-0.09474782985900272,0.016243431881070098,-0.014020020142197599,-0.0104059818778187,-0.0235595388803631,0.08072780971680513
Columbia - MO,2016,177643.40625,2.4961972180923695,0.16087090347371533,-0.0104059818778187,-0.0235595388803631,-0.006389507375657601,-0.009179080836474899,-0.18443044235407843
Columbia - MO,2017,179339.5,2.3685964557326447,-0.0511180612793244,-0.006389507375657601,-0.009179080836474899,-0.02128296534158289,-0.030417988309636688,0.04193898044284951
Columbia - MO,2018,180763.703125,2.4217776996504417,0.02245264016548027,-0.02128296534158289,-0.030417988309636688,0.021564926177263303,0.003763731569051798,-0.05287062847511696
Columbia - MO,2019,182512.609375,2.487715324921305,0.027226952036258675,0.021564926177263303,0.003763731569051798,0.004243839636445,-0.014605350792408,-0.023463220467206877
Columbia - MO,2020,184564.703125,2.05294771278054,-0.17476582138855387,0.004243839636445,-0.014605350792408,0.0312023295760155,-0.012387283146381406,0.16016047059614588
Columbus - OH,2006,1823026.0,2.367973401271479,-0.025834816941322804,-0.012109825730323799,-0.018472865223884596,-0.001867520526051502,-0.0009457645937800008,0.007361951717438208
Columbus - OH,2007,1847554.0,2.4245802310562934,0.023905179743328047,-0.001867520526051502,-0.0009457645937800008,-0.0180307434052229,0.011480060871690505,-0.02485094433710805
Columbus - OH,2008,1871202.0,2.424638887130416,0.000024192259497696275,-0.0180307434052229,0.011480060871690505,0.0011628701314330102,0.02772957179695366,0.011455868612192808
Columbus - OH,2009,1892404.0,2.533833291825117,0.045035326816824886,0.0011628701314330102,0.02772957179695366,-0.00640656629949808,0.003053542459383605,-0.017305755019871225
Columbus - OH,2010,1911667.0,2.593272724406269,0.023458304369478815,-0.00640656629949808,0.003053542459383605,-0.019390565685927903,0.001893208827823397,-0.020404761910095208
Columbus - OH,2011,1932081.0,2.515190734620232,-0.03010944011062859,-0.019390565685927903,0.001893208827823397,-0.0023799206167459015,0.003058285452425499,0.03200264893845199
Columbus - OH,2012,1955121.0,2.503578731305983,-0.004616748604555482,-0.0023799206167459015,0.00297268666327,0.0007596226781606992,-0.005367148667573901,0.007589435267825482
Columbus - OH,2013,1982324.0,2.543896932419925,0.01610422736452557,0.0007596226781606992,-0.005367148667573901,-0.0012765686810017,-0.003284592181444201,-0.021471376032099473
Columbus - OH,2014,2010125.0,2.508947216580181,-0.013738652456527606,-0.0012765686810017,-0.003284592181444201,0.033102275967598,0.0028388239443303057,0.010454060275083405
Columbus - OH,2015,2036063.0,2.561920788884113,0.021113864793113328,0.033102275967598,0.0028388239443303057,0.020236239105463003,0.007082682102918602,-0.018275040848783022
Columbus - OH,2016,2062829.125,2.573527149215906,0.004530335357030551,0.020236239105463003,0.007082682102918602,0.0107863598465919,0.007996786385774602,0.0025523467458880515
Columbus - OH,2017,2091322.0,2.545605892106243,-0.010849412301000958,0.0107863598465919,0.007996786385774602,0.0022625031173229004,-0.006872519850730896,0.01884619868677556
Columbus - OH,2018,2112673.0,2.516186503568566,-0.011556929778055825,0.0022625031173229004,-0.006872519850730896,0.017801194608211505,0.0,0.004684409927324929
Columbus - OH,2019,2131431.0,2.4876450575299742,-0.011343136130057632,0.017801194608211505,0.0,0.0209990014433861,0.0021498110145330984,0.011343136130057632
Columbus - OH,2020,2143346.0,2.397605106604519,-0.036194854508246235,0.0209990014433861,0.0021498110145330984,0.0250692276954651,-0.018520385026931804,0.038344665522779334
Columbus - OH,2021,2152443.0,2.365446079954679,-0.01341297887681916,0.0250692276954651,-0.018520385026931804,-0.0234908591210842,0.0086126476526261,-0.005107406150112645
Columbus - OH,2022,2175061.0,2.3079032364892194,-0.02432642365137402,-0.0234908591210842,0.009091351181268699,-0.018297155186533902,0.0012617725878954003,0.033417774832642716
Corpus Christi - TX,2006,419725.59375,2.701228723052705,0.018628641052326506,0.0073419004976749,0.0009788610041141024,0.012904062032699597,0.013825817964971098,-0.017649780048212403
Corpus Christi - TX,2007,421094.5,2.6329186072632162,-0.02528853451265323,0.012904062032699597,0.013825817964971098,-0.0269950715005398,0.002515732776373604,0.03911435247762433
Corpus Christi - TX,2008,424209.5,2.6874296030834306,0.02070363879454509,-0.0269950715005398,0.002515732776373604,-0.0295894711315632,-0.00302276946604255,-0.018187906018171485
Corpus Christi - TX,2009,427390.5,2.6921197709123605,0.0017452244418044176,-0.0295894711315632,-0.00302276946604255,-0.01498749741259962,-0.005527388653717935,-0.004767993907846968
Corpus Christi - TX,2010,428254.0,2.8138075133327747,0.04520145936121338,-0.01498749741259962,-0.005527388653717935,-0.019867749296128702,0.0014160252176225983,-0.05072884801493131
Corpus Christi - TX,2011,431146.09375,2.8384874800962443,0.008771021701565428,-0.019867749296128702,0.0014160252176225983,0.013890767186880097,0.0193289732560515,-0.007354996483942829
Corpus Christi - TX,2012,436269.40625,2.7782081383132713,-0.021236430389655662,0.013890767186880097,0.019243374466895998,0.0334835207462311,0.0273567494004965,0.04047980485655166
Corpus Christi - TX,2013,441369.375,2.799130591396011,0.007530916346477371,0.0334835207462311,0.0273567494004965,0.0137107789665461,0.011702755466103599,0.01982583305401913
Corpus Christi - TX,2014,445445.71875,2.812527370095726,0.004786049904528853,0.0137107789665461,0.011702755466103599,0.0252573286890984,-0.005006123334169298,0.0069167055615747455
Corpus Christi - TX,2015,448477.125,2.830394323027633,0.006352632554576423,0.0252573286890984,-0.005006123334169298,-0.0233164222091436,-0.036469979211688,-0.011358755888745721
Corpus Christi - TX,2016,448940.78125,2.9945825221348925,0.058008948707765046,-0.0233164222091436,-0.036469979211688,-0.010471280947327601,-0.013260854408144899,-0.09447892791945305
Corpus Christi - TX,2017,447383.5,2.895862647109236,-0.03296615614896369,-0.010471280947327601,-0.013260854408144899,-0.005359880417585401,-0.014494903385639198,0.019705301740818793
Corpus Christi - TX,2018,445187.90625,2.9242377869376166,0.009798510249339915,-0.005359880417585401,-0.014494903385639198,0.0243193909227848,0.006518196314573295,-0.02429341363497911
Corpus Christi - TX,2019,445149.0,2.942917934990427,0.006388040034313656,0.0243193909227848,0.006518196314573295,0.014110596954822498,-0.004738593474030502,0.0001301562802596386
Corpus Christi - TX,2020,446738.71875,2.781646496240711,-0.0547998423035335,0.014110596954822498,-0.004738593474030502,0.022436252117156996,-0.02115336060523991,0.050061248829503
Corpus Christi - TX,2021,447505.40625,2.8252707475807264,0.0156828883177542,0.022436252117156996,-0.02115336060523991,-0.0544431469589472,-0.022339640185236896,-0.036836248922994114
Corpus Christi - TX,2022,447262.3125,2.7264417980535605,-0.034980346436458504,-0.0544431469589472,-0.021860936656594297,-0.03631187396496534,-0.016752946190536036,0.013119409779864206
Dallas-Fort Worth - TX,2006,5977207.0,2.7784338045411023,0.012787423514456817,-0.010456879034638402,-0.0168199185281992,-0.005322729140520101,-0.0044009732082486,-0.029607342042656016
Dallas-Fort Worth - TX,2007,6114168.0,2.82038915141096,0.015100358626966457,-0.005322729140520101,-0.0044009732082486,-0.019466775760054598,0.010044028516858806,-0.019501331835215057
Dallas-Fort Worth - TX,2008,6244037.0,2.853520732789273,0.011747166649587448,-0.019466775760054598,0.010044028516858806,-0.0182607832401991,0.008305918425321551,-0.0017031381327286422
Dallas-Fort Worth - TX,2009,6369491.0,2.923690539977125,0.02459060709864271,-0.0182607832401991,0.008305918425321551,-0.01272000133432448,-0.0032598925754427945,-0.016284688673321158
Dallas-Fort Worth - TX,2010,6480242.0,2.7816685139410717,-0.04857628538113489,-0.01272000133432448,-0.0032598925754427945,-0.013337757781148,0.007946016732603301,0.04531639280569209
Dallas-Fort Worth - TX,2011,6598944.0,2.8100456085248435,0.01020146521469127,-0.013337757781148,0.007946016732603301,0.005040310040116298,0.010478516109287699,-0.0022554484820879687
Dallas-Fort Worth - TX,2012,6725017.0,2.7893649200306627,-0.00735955616928129,0.005040310040116298,0.0103929173201322,0.0150708692520857,0.0089440979063511,0.01775247348941349
Dallas-Fort Worth - TX,2013,6837534.0,2.7832296803657055,-0.0021995113012641503,0.0150708692520857,0.0089440979063511,0.013108891263604198,0.011100867763161697,0.01114360920761525
Dallas-Fort Worth - TX,2014,6976119.0,2.7770721349961467,-0.002212374139654093,0.013108891263604198,0.011100867763161697,0.0561688450872898,0.025905393064022106,0.01331324190281579
Dallas-Fort Worth - TX,2015,7126653.0,2.784062549707436,0.0025171887410476144,0.0561688450872898,0.025905393064022106,0.018311545521020905,0.005157988518476505,0.02338820432297449
Dallas-Fort Worth - TX,2016,7275681.0,2.7904415729011536,0.0022912643232056214,0.018311545521020905,0.005157988518476505,0.0005349569916724972,-0.0022546164691448004,0.002866724195270884
Dallas-Fort Worth - TX,2017,7410584.0,2.819926924869783,0.01056655414503962,0.0005349569916724972,-0.0022546164691448004,0.003579393237829201,-0.0055556297302245955,-0.01282117061418442
Dallas-Fort Worth - TX,2018,7528420.0,2.8137783665948533,-0.002180396314778195,0.003579393237829201,-0.0055556297302245955,0.0204953506290913,0.002694156020879794,-0.0033752334154464004
Dallas-Fort Worth - TX,2019,7646131.0,2.802237525892809,-0.004101545750389165,0.0204953506290913,0.002694156020879794,0.003959838405251499,-0.0148893520236015,0.006795701771268959
Dallas-Fort Worth - TX,2020,7766493.0,2.630970793134519,-0.06111784999514758,0.003959838405251499,-0.0148893520236015,0.089355191469193,0.0457655787467961,0.04622849797154607
Dallas-Fort Worth - TX,2021,7898458.0,2.5095600883272104,-0.04614673227240988,0.089355191469193,0.0457655787467961,-0.0353982838988304,-0.0032947771251201005,0.09191231101920598
Dallas-Fort Worth - TX,2022,8096734.0,2.53046213485616,0.008328968342368789,-0.0353982838988304,-0.0028160735964775016,-0.04964818412810564,-0.03008925635367634,-0.01114504193884629
Davenport - IA,2006,374080.6875,2.35764710361308,0.05217336082186019,-0.0085541199594736,-0.014917159453034397,-0.0048659098297358025,-0.003944153897464301,-0.0670905202748946
Davenport - IA,2007,375455.0,2.219141405277751,-0.05874742582257957,-0.0048659098297358025,-0.003944153897464301,-0.0229549746140838,0.006555829662829603,0.05480327192511527
Davenport - IA,2008,376893.1875,2.3036218523737633,0.03806897879292132,-0.0229549746140838,0.006555829662829603,-0.0176611493378878,0.008905552327632852,-0.03151314913009172
Davenport - IA,2009,378586.5,2.164085638557826,-0.06057253436459296,-0.0176611493378878,0.008905552327632852,-0.01492435793299228,-0.005464249174110595,0.06947808669222581
Davenport - IA,2010,380340.90625,2.4034435622660224,0.11060464495652184,-0.01492435793299228,-0.005464249174110595,-0.02627131982520223,-0.0049875453114509305,-0.11606889413063243
Dayton - OH,2006,803041.3125,2.437485448998908,0.007018591982863611,-0.0127426147162914,-0.019105654209852198,-0.007704521432519002,-0.006782765500247501,-0.02612424619271581
Dayton - OH,2007,801435.9375,2.371243061847118,-0.027176526193826635,-0.007704521432519002,-0.006782765500247501,-0.0246927750408649,0.004818029236048505,0.020393760693579135
Dayton - OH,2008,799914.5,2.4409517313968814,0.029397521777233086,-0.0246927750408649,0.004818029236048505,-0.0165156039446592,0.010051097720861452,-0.02457949254118458
Dayton - OH,2009,799179.625,2.4285120317020734,-0.005096249767990743,-0.0165156039446592,0.010051097720861452,-0.015949492274026852,-0.0064893835151451675,0.015147347488852195
Dayton - OH,2010,800297.1875,2.4701329617526584,0.017138449185040306,-0.015949492274026852,-0.0064893835151451675,-0.02263076637685299,-0.0013469918631016896,-0.023627832700185473
Dayton - OH,2011,801838.9375,2.392187287982533,-0.03155525430291801,-0.02263076637685299,-0.0013469918631016896,-0.0080121804997325,-0.0025739744305611004,0.03020826243981632
Dayton - OH,2012,802994.375,2.5082192750748495,0.048504558014842,-0.0080121804997325,-0.0026595732197165992,0.0004801448807119999,-0.0056466264650226,-0.051164131234558596
Dayton - OH,2013,803171.375,2.545897662490178,0.015021967094246165,0.0004801448807119999,-0.0056466264650226,-0.0016144832447171006,-0.0036225067451596017,-0.020668593559268766
Dayton - OH,2014,803295.3125,2.4273407903481776,-0.04656780745304513,-0.0016144832447171006,-0.0036225067451596017,0.0273248592168093,-0.002938592806458397,0.042945300707885534
Dayton - OH,2015,803538.3125,2.351375908609962,-0.031295515668947047,0.0273248592168093,-0.002938592806458397,0.0144582859128714,0.0013047289103269993,0.02835692286248865
Dayton - OH,2016,805749.3125,2.430668563985141,0.03372181159330401,0.0144582859128714,0.0013047289103269993,0.0006172225773334976,-0.0021723508834838,-0.03241708268297701
Dayton - OH,2017,807812.0625,2.3826995338226906,-0.019734911979856298,0.0006172225773334976,-0.0021723508834838,0.008333746552467297,-0.0008012764155864993,0.017562561096372498
Dayton - OH,2018,810291.375,2.3477331749772077,-0.01467510206349206,0.008333746552467297,-0.0008012764155864993,0.029607690095901504,0.01180649548769,0.01387382564790556
Dayton - OH,2019,813162.5,2.376653359539261,0.012318343869010685,0.029607690095901504,0.01180649548769,0.019138613820076,0.0002894233912229989,-0.0005118483813206856
Dayton - OH,2020,814123.875,2.1895225263830533,-0.07873711679707682,0.019138613820076,0.0002894233912229989,0.03517748999595639,-0.008412122726440513,0.07902654018829981
Dayton - OH,2021,813743.0,2.3077369903384235,0.05399097864074166,0.03517748999595639,-0.008412122726440513,-0.019092528074979805,0.013010978698730497,-0.062403101367182176
Dayton - OH,2022,814474.125,2.0694351508764877,-0.10326213102256054,-0.019092528074979805,0.013489682227373095,-0.0006465788781643,0.018912348896265002,0.11675181324993364
Daytona Beach - FL,2006,581645.3125,2.6113758189999823,0.1026988963856569,0.0280340664386749,0.0216710269451141,-0.00008610533177850002,0.0008356506004930011,-0.0810278694405428
Daytona Beach - FL,2007,589812.3125,2.711641905460009,0.038395885314746935,-0.00008610533177850002,0.0008356506004930011,-0.0540031467676163,-0.024492342490702895,-0.03756023471425393
Daytona Beach - FL,2008,590556.0625,2.7176396493844224,0.0022118495485472164,-0.0540031467676163,-0.024492342490702895,-0.034440018892288204,-0.007873317226767554,-0.02670419203925011
Daytona Beach - FL,2009,589657.125,2.814726321190171,0.03572463031577424,-0.034440018892288204,-0.007873317226767554,-0.007665001958608631,0.0017951068002730539,-0.043597947542541794
Daytona Beach - FL,2010,590493.6875,2.9939918452504477,0.06368843844984416,-0.007665001958608631,0.0017951068002730539,-0.0187372158914804,0.002546558622270899,-0.06189333164957111
Daytona Beach - FL,2011,591459.875,2.8810216575035446,-0.03773229640759198,-0.0187372158914804,0.002546558622270899,-0.0007319564968348014,0.004706249572336599,0.04027885502986288
Daytona Beach - FL,2012,594350.25,2.8075959764691945,-0.025485987182052194,-0.0007319564968348014,0.0046206507831811,0.012126874774694402,0.006000103428959801,0.030106637965233295
Daytona Beach - FL,2013,599533.625,2.844604679162168,0.01318163403963683,0.012126874774694402,0.006000103428959801,0.009923050940036801,0.0079150274395943,-0.007181530610677028
Daytona Beach - FL,2014,608230.0,2.752140707840197,-0.03250503382747898,0.009923050940036801,0.0079150274395943,0.033953758120536796,0.0036903060972691,0.04042006126707327
Daytona Beach - FL,2015,620563.75,2.646713510714297,-0.038307342653507014,0.033953758120536796,0.0036903060972691,0.023893021315336202,0.010739464312791802,0.04199764875077611
Daytona Beach - FL,2016,634081.8125,2.6044454979459855,-0.015969999245178744,0.023893021315336202,0.010739464312791802,0.007039323166012797,0.0042497497051955,0.026709463557970547
Daytona Beach - FL,2017,645063.1875,2.79881545237519,0.07463007176863398,0.007039323166012797,0.0042497497051955,0.0268199669420719,0.017684943974018104,-0.07038032206343849
Daytona Beach - FL,2018,654510.375,2.6407399046127873,-0.05647944655595399,0.0268199669420719,0.017684943974018104,0.013843829900026302,-0.003957364708185203,0.07416439052997209
Daytona Beach - FL,2019,663863.25,2.749521652966964,0.04119366248987993,0.013843829900026302,-0.003957364708185203,0.008793141797184899,-0.010056048631668101,-0.04515102719806513
Daytona Beach - FL,2020,675686.0,2.6933325559676926,-0.020435953628020642,0.008793141797184899,-0.010056048631668101,0.08879440116882299,0.045204788446426086,0.010379904996352541
Daytona Beach - FL,2021,692317.6875,2.4258022867389664,-0.09933057417508726,0.08879440116882299,0.045204788446426086,-0.010473566055297895,0.021629940718412406,0.14453536262151334
Daytona Beach - FL,2022,711591.0,2.4403822095762333,0.006010350850508473,-0.010473566055297895,0.022108644247055005,-0.0703168742209673,-0.050757946446538,0.01609829339654653
Denver - CO,2006,2385183.0,2.406630743210619,0.008530679144685615,-0.0105689860582352,-0.016932025551795998,0.0071772738397121,0.008099029771983601,-0.02546270469648161
Denver - CO,2007,2429991.0,2.5160345387449174,0.04545931935879195,0.0071772738397121,0.008099029771983601,-0.021552223071456,0.007958581205457404,-0.03736028958680835
Denver - CO,2008,2475438.0,2.5535562674664445,0.014913041988781336,-0.021552223071456,0.007958581205457404,-0.038591337114572494,-0.012024635449051843,-0.006954460783323933
Denver - CO,2009,2520739.0,2.6123583031891986,0.023027507351970584,-0.038591337114572494,-0.012024635449051843,0.0276052717268467,0.03706538048572838,-0.03505214280102242
Denver - CO,2010,2565782.0,2.5042030312613606,-0.041401392678715156,0.0276052717268467,0.03706538048572838,-0.005319586366415,0.0159641881473363,0.07846677316444353
Denver - CO,2011,2611694.0,2.544839627317472,0.016227356787297996,-0.005319586366415,0.0159641881473363,0.018165083318948696,0.023603289388120098,-0.00026316863996169587
Denver - CO,2012,2658167.0,2.578352183279249,0.013168828244435505,0.018165083318948696,0.023517690598964597,0.027364813387394,0.0212380420416594,0.010348862354529092
Denver - CO,2013,2706927.0,2.5713462170317203,-0.0027172262551883515,0.027364813387394,0.0212380420416594,0.0256496619582176,0.0236416384577751,0.023955268296847753
Denver - CO,2014,2760078.0,2.5718209187029255,0.00018461211798744267,0.0256496619582176,0.0236416384577751,0.0518093352913857,0.021545883268118002,0.023457026339787655
Denver - CO,2015,2813115.0,2.5824562142285896,0.004135317295353491,0.0518093352913857,0.021545883268118002,0.0053209758251905,-0.0078325811773539,0.01741056597276451
Denver - CO,2016,2852935.0,2.6164993647140533,0.013182469579888998,0.0053209758251905,-0.0078325811773539,0.004828624144196499,0.002039050683379201,-0.0210150507572429
Denver - CO,2017,2887072.0,2.5618484494311615,-0.02088703556358951,0.004828624144196499,0.002039050683379201,0.0126117879748344,0.0034767650067806036,0.02292608624696871
Denver - CO,2018,2922716.0,2.515393890929215,-0.018133218814040914,0.0126117879748344,0.0034767650067806036,0.0105271015018225,-0.007274093106389004,0.021609983820821518
Denver - CO,2019,2950935.0,2.489411247121787,-0.010329453331791898,0.0105271015018225,-0.007274093106389004,-0.00907731697708368,-0.02792650740593668,0.0030553602254028943
Denver - CO,2020,2972191.0,2.4324007144860262,-0.022901211160540627,-0.00907731697708368,-0.02792650740593668,0.068908473730087,0.025318861007690097,-0.005025296245396053
Denver - CO,2021,2981072.0,2.324863744561877,-0.0442102196746279,0.068908473730087,0.025318861007690097,-0.0440626013278961,-0.011959094554185798,0.069529080682318
Denver - CO,2022,2998424.0,2.2609000433899213,-0.02751288169965842,-0.0440626013278961,-0.011480391025543199,-0.031018012002110483,-0.01145908422768118,0.016032490674115222
Detroit - MI,2006,4401304.0,2.4810951342416123,0.005960078550855986,-0.03004854451213032,-0.03641158400569112,-0.03548871948942542,-0.03456696355715392,-0.042371662556547104
Detroit - MI,2007,4367684.0,2.5562658421496987,0.030297390402590708,-0.03548871948942542,-0.03456696355715392,-0.038565677939448505,-0.009054873662535101,-0.06486435395974463
Detroit - MI,2008,4332744.0,2.611691954139552,0.02168245222227842,-0.038565677939448505,-0.009054873662535101,-0.0192571698725224,0.0073095317929982515,-0.03073732588481352
Detroit - MI,2009,4307412.0,2.6399269556564953,0.010810999923704928,-0.0192571698725224,0.0073095317929982515,-0.026038059204816798,-0.016577950445935113,-0.003501468130706677
Detroit - MI,2010,4295672.0,2.548894201146916,-0.0344830580689084,-0.026038059204816798,-0.016577950445935113,-0.0241678276732564,-0.002884053159505101,0.017905107622973284
Detroit - MI,2011,4305976.0,2.58301751557048,0.013387497373649275,-0.0241678276732564,-0.002884053159505101,-0.002460651382803901,0.0029775546863674996,-0.016271550533154377
Detroit - MI,2012,4322914.0,2.5289100104873747,-0.02094740153984406,-0.002460651382803901,0.0028919558972120007,0.0049971888214349995,-0.0011295825242996008,0.02383935743705606
Detroit - MI,2013,4335569.0,2.5315446295573905,0.0010418002455959171,0.0049971888214349995,-0.0011295825242996008,-0.00148040445894,-0.003488427959382501,-0.002171382769895518
Detroit - MI,2014,4348159.0,2.4970106034069492,-0.013641484233473325,-0.00148040445894,-0.003488427959382501,0.0393649993240833,0.009101547300815603,0.010153056274090824
Detroit - MI,2015,4356755.0,2.4711345617774927,-0.01036280806903703,0.0393649993240833,0.009101547300815603,0.0241040664613247,0.0109505094587803,0.019464355369852634
Detroit - MI,2016,4371736.0,2.4448805889897267,-0.01062425866800286,0.0241040664613247,0.0109505094587803,0.006651049196720098,0.0038614757359028,0.02157476812678316
Detroit - MI,2017,4384199.0,2.4374102745381347,-0.0030554925607548166,0.006651049196720098,0.0038614757359028,0.008855007797479601,-0.00028001517057419517,0.006916968296657617
Detroit - MI,2018,4392160.0,2.4238444272543185,-0.005565680683932811,0.008855007797479601,-0.00028001517057419517,0.0167018279135227,-0.001099366694688804,0.005285665513358616
Detroit - MI,2019,4394259.0,2.340263944185213,-0.034482610405728004,0.0167018279135227,-0.001099366694688804,0.030402759194374098,0.011553568765521098,0.0333832437110392
Detroit - MI,2020,4381450.0,2.1788880044008683,-0.06895629879070299,0.030402759194374098,0.011553568765521098,0.032838149249553694,-0.010751463472843212,0.08050986755622408
Detroit - MI,2021,4366169.0,2.2899260671917463,0.05096088581267411,0.032838149249553694,-0.010751463472843212,-0.0460954065620899,-0.0139918997883796,-0.061712349285517325
Detroit - MI,2022,4360491.0,2.2557698753628586,-0.014915849170089245,-0.0460954065620899,-0.013513196259737001,-0.024339212834835103,-0.004780285060405801,0.001402652910352244
Durham - NC,2006,470826.6875,2.3337832504926173,0.07289892632020738,0.027070460498332997,0.0207074210047722,-0.0016116769015789012,-0.0006899209693074001,-0.05219150531543518
Durham - NC,2007,481500.78125,2.4724361109377844,0.05941119871174846,-0.0016116769015789012,-0.0006899209693074001,-0.050947715818882,-0.021436911541968598,-0.06010111968105586
Durham - NC,2008,492398.40625,2.3830278676662258,-0.03616200348960542,-0.050947715818882,-0.021436911541968598,-0.028472100108861902,-0.0019053984433412517,0.014725091947636819
Durham - NC,2009,501989.5,2.4613591059214928,0.03287046673607692,-0.028472100108861902,-0.0019053984433412517,-0.00759254040569067,0.0018675683531910146,-0.03477586517941818
Durham - NC,2010,510172.78125,2.511978464044445,0.02056561271420056,-0.00759254040569067,0.0018675683531910146,-0.013079030781984302,0.008204743731766998,-0.018698044361009546
El Paso - TX,2006,750908.1875,3.261805740811683,0.03429635919071664,0.0037264839112758977,-0.0026365555822848996,0.009617733865976297,0.010539489798247799,-0.03693291477300154
El Paso - TX,2007,762601.0,3.11116221169573,-0.04618408976080411,0.009617733865976297,0.010539489798247799,-0.0238062984421849,0.005704505834728504,0.05672357955905191
El Paso - TX,2008,777556.5,3.0690774980434576,-0.013527007204595175,-0.0238062984421849,0.005704505834728504,-0.030167863428592703,-0.003601161763072052,0.01923151303932368
El Paso - TX,2009,794587.25,3.1764191661493824,0.03497522241597197,-0.030167863428592703,-0.003601161763072052,-0.01201083621382713,-0.002550727454945445,-0.03857638417904402
El Paso - TX,2010,812254.5625,3.28640562144227,0.03462592609470328,-0.01201083621382713,-0.002550727454945445,-0.023155472584068783,-0.0018716980703174825,-0.037176653549648726
El Paso - TX,2011,829669.375,3.285525666687995,-0.00026775597891317844,-0.023155472584068783,-0.0018716980703174825,-0.011328684449195861,-0.005890478380024461,-0.001603942091404304
El Paso - TX,2012,840886.75,3.3228984616045953,0.011374981877488878,-0.011328684449195861,-0.00597607716917996,-0.0048145571351050995,-0.0109413284808397,-0.017351059046668837
El Paso - TX,2013,842592.25,3.25359348588956,-0.02085678407445786,-0.0048145571351050995,-0.0109413284808397,-0.00995362054929137,-0.01196164404973387,0.00991545559361816
El Paso - TX,2014,846604.1875,3.202929746482505,-0.01557162553551258,-0.00995362054929137,-0.01196164404973387,-0.00644185237959027,-0.03670530440285796,0.0036099814857787106
El Paso - TX,2015,848389.875,3.091579136173606,-0.03476523655605789,-0.00644185237959027,-0.03670530440285796,-0.005068595252931119,-0.01822215225547552,-0.0019400678468000712
El Paso - TX,2016,853916.0625,3.238612982367868,0.04755946385905665,-0.005068595252931119,-0.01822215225547552,-0.0033980722576379997,-0.006187645718455297,-0.06578161611453218
El Paso - TX,2017,857845.5625,3.1169579711128916,-0.03756392379000165,-0.0033980722576379997,-0.006187645718455297,0.0033483768105506996,-0.005786646157503097,0.03137627807154636
El Paso - TX,2018,860369.1875,3.027099879769487,-0.02882877862845277,0.0033483768105506996,-0.005786646157503097,0.022754940360784504,0.004953745752572999,0.02304213247094967
El Paso - TX,2019,865373.0,3.1014415758233245,0.024558719238394863,0.022754940360784504,0.004953745752572999,0.018711352825164798,-0.0001378376036882019,-0.019604973485821863
El Paso - TX,2020,870124.875,2.6790962254684487,-0.13617710991146362,0.018711352825164798,-0.0001378376036882019,0.060946500182152,0.017356887459755097,0.1360392723077754
El Paso - TX,2021,871126.0,2.698514638792035,0.007248120892033667,0.060946500182152,0.017356887459755097,-0.007928104996681201,0.0241754017770291,0.01010876656772143
El Paso - TX,2022,873679.625,2.7382661584862964,0.014730889031625068,-0.007928104996681201,0.0246541053056717,-0.016355666130781203,0.003203261643648099,0.009923216274046631
Elkhart - IN,2006,195350.296875,2.8478152280029927,-0.024005555662016426,-0.012120692402124402,-0.0184837318956852,-0.006844214066863103,-0.005922458134591602,0.005521823766331226
Elkhart - IN,2007,196667.203125,2.7964225991197034,-0.018046335442671254,-0.006844214066863103,-0.005922458134591602,-0.0237906335964799,0.005720170680433505,0.012123877308079652
Elkhart - IN,2008,197708.40625,2.535373906120986,-0.09335094526874936,-0.0237906335964799,0.005720170680433505,-0.0185636214017868,0.00800308026373385,0.09907111594918286
Elkhart - IN,2009,197516.90625,3.0120011524392445,0.18799090941480806,-0.0185636214017868,0.00800308026373385,-0.015329426093026996,-0.005869317334145311,-0.1799878291510742
Elkhart - IN,2010,197712.40625,3.0416403512320223,0.009840367680063702,-0.015329426093026996,-0.005869317334145311,-0.02594609592854977,-0.00466232141479847,-0.015709685014209013
Elkhart - IN,2011,198571.109375,2.9455505375543236,-0.03159144493818188,-0.02594609592854977,-0.00466232141479847,-0.011340902470052242,-0.005902696400880841,0.026929123523383412
Elkhart - IN,2012,199505.5,2.6844986220895755,-0.08862584842339806,-0.011340902470052242,-0.00598829519003634,-0.0063322003558278096,-0.01245897170156241,0.08263755323336172
Elkhart - IN,2013,200788.703125,2.548698103087394,-0.05058692073251138,-0.0063322003558278096,-0.01245897170156241,5.104407668099498e-6,-0.0020029190927744016,0.03812794903094897
Elkhart - IN,2014,202196.703125,3.000999215739627,0.1774635890003342,5.104407668099498e-6,-0.0020029190927744016,0.041750172317027996,0.0114867202937603,-0.1794665080931086
Elkhart - IN,2015,203593.90625,2.9803495376429603,-0.006880934186308072,0.041750172317027996,0.0114867202937603,0.017519029125571302,0.004365472123026902,0.01836765448006837
Elkhart - IN,2016,204300.0,2.7178114194027283,-0.08808970723879016,0.017519029125571302,0.004365472123026902,0.023595729559659998,0.0208061560988427,0.09245517936181706
Elkhart - IN,2017,205185.890625,2.6225806979912343,-0.03503948829254022,0.023595729559659998,0.0208061560988427,0.0038628673404455006,-0.005272155627608296,0.055845644391382926
Elkhart - IN,2018,206409.296875,2.7161606166308143,0.03568237908227479,0.0038628673404455006,-0.005272155627608296,0.007588758289814,-0.010212436318397505,-0.040954534709883084
Elkhart - IN,2019,207007.703125,3.05858981494454,0.12607104168179947,0.007588758289814,-0.010212436318397505,0.032211875647306404,0.013362685218453404,-0.13628347800019697
Elkhart - IN,2020,207023.5,2.5554249278341747,-0.16450878265920363,0.032211875647306404,0.013362685218453404,0.09949423956871,0.05590462684631309,0.17787146787765704
Elkhart - IN,2021,207064.0,3.055284516839559,0.19560722898208377,0.09949423956871,0.05590462684631309,-0.041891304701566705,-0.009787797927856404,-0.13970260213577068
Elkhart - IN,2022,207074.0,2.576496659755978,-0.15670810834299903,-0.041891304701566705,-0.009309094399213805,-0.034074388243258,-0.014515460468828699,0.14739901394378524
Eugene - OR,2006,341136.28125,2.2202676870534326,-0.022343774554976003,0.030668211758136693,0.024305172264575896,0.018960560768842696,0.0198823167011142,0.046648946819551895
Eugene - OR,2007,345674.71875,2.2067995015068167,-0.006066018807169066,0.018960560768842696,0.0198823167011142,-0.0278558706045151,0.0016549336723983045,0.025948335508283266
Eugene - OR,2008,348859.3125,2.2598800404418027,0.02405317696453269,-0.0278558706045151,0.0016549336723983045,-0.056936033725738494,-0.030369332060217843,-0.022398243292134384
Eugene - OR,2009,351147.875,2.4864783815901372,0.10027007500098764,-0.056936033725738494,-0.030369332060217843,-0.007351692937314511,0.0021084158215671743,-0.13063940706120547
Eugene - OR,2010,352510.40625,2.3494302141974464,-0.05511737741514032,-0.007351692937314511,0.0021084158215671743,-0.02221428171545267,-0.0009305072017013714,0.0572257932367075
Eugene - OR,2011,354378.59375,2.507189834156885,0.06714803402378493,-0.02221428171545267,-0.0009305072017013714,-0.004274666592478802,0.0011635394766925985,-0.0680785412254863
Eugene - OR,2012,355359.8125,2.463166677289796,-0.017558764903772377,-0.004274666592478802,0.0010779406875370996,0.006750474348664302,0.0006237030029297014,0.018636705591309477
Eugene - OR,2013,356296.59375,2.4510666105279544,-0.0049124027510615825,0.006750474348664302,0.0006237030029297014,0.0019664753377438005,-0.000041548162698700625,0.005536105753991284
Eugene - OR,2014,359298.0,2.508285157318481,0.02334434590425172,0.0019664753377438005,-0.000041548162698700625,0.0580570531785488,0.0277936011552811,-0.02338589406695042
Eugene - OR,2015,363999.375,2.4163301148024603,-0.03666052173044248,0.0580570531785488,0.0277936011552811,0.049914989888668104,0.036761432886123706,0.06445412288572358
Eugene - OR,2016,370854.71875,2.6137527667111806,0.0817035100871803,0.049914989888668104,0.036761432886123706,0.0232747585475445,0.0204851850867272,-0.04494207720105659
Eugene - OR,2017,376489.6875,2.320759121363564,-0.11209692403933187,0.0232747585475445,0.0204851850867272,0.019324001133441897,0.0101889781653881,0.13258210912605908
Eugene - OR,2018,379634.71875,2.378946157904217,0.025072415316616355,0.019324001133441897,0.0101889781653881,0.0187047972977161,0.0009036026895045957,-0.014883437151228255
Eugene - OR,2019,382371.78125,2.3615999530765523,-0.007291549987388524,0.0187047972977161,0.0009036026895045957,0.0195417572855949,0.0006925668567418983,0.008195152676893119
Eugene - OR,2020,384674.1875,2.232059477367171,-0.05485284480151838,0.0195417572855949,0.0006925668567418983,0.037280423820018796,-0.00630918890237811,0.055545411658260276
Eugene - OR,2021,386022.5,2.2492374770427257,0.007696031333276517,0.037280423820018796,-0.00630918890237811,-0.008904682397842395,0.023198824375867906,-0.014005220235654627
Eugene - OR,2022,385108.3125,2.320529090362848,0.031695903188424426,-0.008904682397842395,0.023677527904510505,-0.024777083456516302,-0.005218155682087,-0.008018375283913921
Evansville - IN,2006,306011.5,2.2407480577952366,-0.004843020926648197,-0.011286333546042401,-0.0176493730396032,-0.006778261527419102,-0.005856505595147601,-0.012806352112955001
Evansville - IN,2007,307752.5,2.2815783023766882,0.018221702542331433,-0.006778261527419102,-0.005856505595147601,-0.024643318086862598,0.004867486190050806,-0.024078208137479032
Evansville - IN,2008,309016.125,2.1606470421053556,-0.053003335517943964,-0.024643318086862598,0.004867486190050806,-0.0164620566219091,0.01010464504361155,0.05787082170799477
Evansville - IN,2009,310590.5,2.3223428094955025,0.07483673373721834,-0.0164620566219091,0.01010464504361155,-0.01462277857027948,-0.005162669811397794,-0.06473208869360679
Evansville - IN,2010,311979.1875,2.397171417286335,0.03222117229414892,-0.01462277857027948,-0.005162669811397794,-0.02353339955955744,-0.0022496250458061383,-0.03738384210554671
Fayetteville - NC,2006,349219.09375,2.8130061367152894,0.004173239457316828,0.031543282449245494,0.025180242955684697,-0.0029495720714331,-0.002027816139161599,0.021007003498367868
Fayetteville - NC,2007,352010.71875,3.0556406622865913,0.08625453119509473,-0.0029495720714331,-0.002027816139161599,-0.0508225637599826,-0.021311759483069195,-0.08828234733425633
Fayetteville - NC,2008,357463.71875,2.9036703439934177,-0.049734355275744824,-0.0508225637599826,-0.021311759483069195,-0.028014887779951102,-0.0014481861144304518,0.02842259579267563
Fayetteville - NC,2009,365670.1875,2.9616236742694193,0.01995864661285839,-0.028014887779951102,-0.0014481861144304518,-0.009677678052335981,-0.00021756929345429638,-0.02140683272728884
Fayetteville - NC,2010,375830.40625,3.034887565473493,0.024737744987855834,-0.009677678052335981,-0.00021756929345429638,-0.03108897967543453,-0.00980520516168323,-0.02495531428131013
Fayetteville - NC,2011,379397.1875,3.0923541788098623,0.01893533519664467,-0.03108897967543453,-0.00980520516168323,-0.0054382060691714005,0.0,-0.0287405403583279
Fayetteville - NC,2012,380263.875,3.0029107730951896,-0.02892404962134586,-0.0054382060691714005,-0.00008559878915549886,-0.01125576916150749,-0.01738254050724209,0.02883845083219036
Fayetteville - NC,2013,382469.59375,2.7382420562682945,-0.08813738962816173,-0.01125576916150749,-0.01738254050724209,-0.02003566425666213,-0.022043687757104632,0.07075484912091964
Fayetteville - NC,2014,381888.6875,2.9491162766308303,0.07701080329250272,-0.02003566425666213,-0.022043687757104632,-0.00337317965365946,-0.03363663167692715,-0.09905449104960735
Fayetteville - NC,2015,381984.1875,2.8092833990462323,-0.04741517948703869,-0.00337317965365946,-0.03363663167692715,0.020719770610332505,0.007566213607788105,0.013778547810111536
Fayetteville - NC,2016,383039.09375,2.728744411487539,-0.028668872491125926,0.020719770610332505,0.007566213607788105,-0.007882066354155502,-0.0106716398149728,0.03623508609891403
Fayetteville - NC,2017,382614.40625,2.504741497979634,-0.08209010435894679,-0.007882066354155502,-0.0106716398149728,0.0362748245000839,0.027139801532030106,0.07141846454397399
Fayetteville - NC,2018,385124.21875,2.525962726771809,0.008472422726773414,0.0362748245000839,0.027139801532030106,0.031767535179853396,0.01396634057164189,0.018667378805256693
Fayetteville - NC,2019,386696.0,2.6008032194445776,0.029628502384282936,0.031767535179853396,0.01396634057164189,0.07087725597620011,0.05202806554734711,-0.015662161812641046
Fayetteville - NC,2020,390275.6875,2.418020629390802,-0.07027928475604175,0.07087725597620011,0.05202806554734711,0.08632539796829199,0.04273578524589508,0.12230735030338886
Fayetteville - NC,2021,392734.5,2.415751323669406,-0.0009384972542469838,0.08632539796829199,0.04273578524589508,0.010546973049640695,0.042650479823351,0.04367428250014206
Fayetteville - NC,2022,392798.71875,2.409722421246684,-0.0024956635079327718,0.010546973049640695,0.043129183351993595,-0.04366361841931939,-0.02410469064489009,0.04562484685992637
Flint - MI,2006,440375.5,2.5165323229559418,0.042569028257223245,-0.0119713362008333,-0.018334375694394098,-0.0109709677249193,-0.010049211792647799,-0.06090340395161734
Flint - MI,2007,436849.40625,2.4850468652530466,-0.012511445776270428,-0.0109709677249193,-0.010049211792647799,-0.025533014267683,0.003977790009230403,0.002462233983622629
Flint - MI,2008,431827.09375,2.4868364380166557,0.000720136424238743,-0.025533014267683,0.003977790009230403,-0.014431700766086599,0.012135000899434051,0.0032576535849916603
Flint - MI,2009,427266.0,2.495775812354408,0.003594677237752573,-0.014431700766086599,0.012135000899434051,-0.014685937141999601,-0.005225828383117916,0.00854032366168148
Flint - MI,2010,424306.3125,2.4062456316690364,-0.03587268545603561,-0.014685937141999601,-0.005225828383117916,-0.0232580968812108,-0.001974322367459501,0.0306468570729177
Fort Collins - CO,2006,282046.90625,2.1998464977484953,-0.0538194854090568,0.003857532173395198,-0.0025055073201655995,0.012910856962203999,0.0138326128944755,0.0513139780888912
Fort Collins - CO,2007,287494.59375,2.3699609151338983,0.07733013078844918,0.012910856962203999,0.0138326128944755,-0.025440248019993297,0.004070556256920106,-0.06349751789397368
Fort Collins - CO,2008,292924.0,2.369149637065888,-0.0003423170664247991,-0.025440248019993297,0.004070556256920106,-0.031621490329503996,-0.005054788663983345,0.004412873323344905
Fort Collins - CO,2009,297650.59375,2.3498969419061786,-0.008126415849170858,-0.031621490329503996,-0.005054788663983345,-0.00684549490362406,0.002614613855257625,0.0030716271851875133
Fort Collins - CO,2010,301650.09375,2.4334461761494306,0.03555442485723605,-0.00684549490362406,0.002614613855257625,-0.005824761807918501,0.0154590127058328,-0.032939811001978424
Fort Collins - CO,2011,306612.625,2.4783912752591206,0.01846973216428769,-0.005824761807918501,0.0154590127058328,0.008324077069759399,0.0137622831389308,-0.0030107194584548906
Fort Collins - CO,2012,312189.09375,2.3684004291002387,-0.044379935991899475,0.008324077069759399,0.0136766843497753,0.010058981031179401,0.003932209685444801,0.058056620341674775
Fort Collins - CO,2013,318118.59375,2.562662582122632,0.08202251217130281,0.010058981031179401,0.003932209685444801,0.023821848273277296,0.021813824772834795,-0.078090302485858
Fort Collins - CO,2014,326308.0,2.417545906547897,-0.05662730497065132,0.023821848273277296,0.021813824772834795,0.0209739899039268,-0.009289462119340897,0.07844112974348612
Fort Collins - CO,2015,334678.0,2.5159497383992684,0.04070401789883116,0.0209739899039268,-0.009289462119340897,-0.011415915411897,-0.0245694724144414,-0.049993480018172054
Fort Collins - CO,2016,340223.78125,2.442632433305977,-0.02914100547173025,-0.011415915411897,-0.0245694724144414,0.0210232005417347,0.018233627080917404,0.00457153305728885
Fort Collins - CO,2017,345610.28125,2.688097684320955,0.1004920951953272,0.0210232005417347,0.018233627080917404,0.00014123900234699893,-0.008993783965706798,-0.0822584681144098
Fort Collins - CO,2018,351979.875,2.4845305984525368,-0.0757290507170842,0.00014123900234699893,-0.008993783965706798,0.0017510495781898026,-0.016050145030021702,0.0667352667513774
Fort Collins - CO,2019,357434.21875,2.333382385930734,-0.06083572189287744,0.0017510495781898026,-0.016050145030021702,-0.0038432859703898398,-0.02269247639924284,0.04478557686285574
Fort Collins - CO,2020,360633.90625,2.385834884926066,0.022479169857284324,-0.0038432859703898398,-0.02269247639924284,0.074069394052029,0.030479781329632097,-0.04517164625652716
Fort Collins - CO,2021,364012.21875,2.2260248468374133,-0.06698285748873406,0.074069394052029,0.030479781329632097,-0.0345708298683167,-0.0024673230946063995,0.09746263881836616
Fort Collins - CO,2022,368828.5,2.229067204623569,0.0013667222944424714,-0.0345708298683167,-0.0019886195659638006,-0.0184902928620577,0.0010686349123716007,-0.003355341860406272
Fort Myers - FL,2006,588154.4375,2.574352115533865,-0.018681293693005734,0.024186497211456298,0.0178234577178955,-0.0044339754581451014,-0.0035122195258736003,0.03650475141090123
Fort Myers - FL,2007,606279.0,2.793151968451412,0.0849922011823051,-0.0044339754581451014,-0.0035122195258736003,-0.0545201295167208,-0.025009325239807395,-0.08850442070817871
Fort Myers - FL,2008,611338.1875,2.815657170600822,0.008057278087123818,-0.0545201295167208,-0.025009325239807395,-0.0363490774333477,-0.009782375767827048,-0.03306660332693121
Fort Myers - FL,2009,614222.25,2.9011479383296463,0.03036263385381594,-0.0363490774333477,-0.009782375767827048,-0.01105770672112703,-0.0015975979622453451,-0.04014500962164299
Fort Myers - FL,2010,621899.4375,3.2994403596685133,0.13728787011398885,-0.01105770672112703,-0.0015975979622453451,-0.013880167499184602,0.007403607014566698,-0.1388854680762342
Fort Myers - FL,2011,630593.3125,3.2910715371023302,-0.0025364369874604714,-0.013880167499184602,0.007403607014566698,0.012786334097385398,0.0182245401665568,0.009940044002027169
Fort Myers - FL,2012,641955.875,3.11783826257585,-0.052637347007961445,0.012786334097385398,0.0181389413774013,0.015558474361896502,0.009431703016161901,0.07077628838536275
Fort Myers - FL,2013,655466.0,3.306966441455026,0.06066003523958455,0.015558474361896502,0.009431703016161901,0.0403939586281776,0.038385935127735096,-0.05122833222342264
Fort Myers - FL,2014,671716.8125,3.027228124616571,-0.08459061251174159,0.0403939586281776,0.038385935127735096,0.050268503069877596,0.0200050510466099,0.12297654763947669
Fort Myers - FL,2015,691785.375,3.146552612226214,0.03941707816445341,0.050268503069877596,0.0200050510466099,0.026876937866210905,0.013723380863666505,-0.01941202711784351
Fort Myers - FL,2016,711083.125,3.3076540159549084,0.051199335775515206,0.026876937866210905,0.013723380863666505,0.014579957067966502,0.011790383607149204,-0.0374759549118487
Fort Myers - FL,2017,725251.75,3.3648368669432416,0.01728803880711348,0.014579957067966502,0.011790383607149204,-0.003903869330882999,-0.013038892298936795,-0.005497655199964275
Fort Myers - FL,2018,737396.125,3.1875670644282303,-0.0526830302700679,-0.003903869330882999,-0.013038892298936795,0.020406316190958004,0.002605121582746499,0.0396441379711311
Fort Myers - FL,2019,752447.3125,3.272207499668549,0.026553303359438837,0.020406316190958004,0.002605121582746499,-0.014468643710017201,-0.0333178341388702,-0.023948181776692338
Fort Myers - FL,2020,771903.375,3.430132909368148,0.04826265134946225,-0.014468643710017201,-0.0333178341388702,0.18197046804428102,0.1383808553218841,-0.08158048548833244
Fort Myers - FL,2021,799723.875,2.691497641471143,-0.21533721503318257,0.18197046804428102,0.1383808553218841,0.0020868909358977977,0.0341903977096081,0.35371807035506664
Fort Myers - FL,2022,830831.4375,2.7316059991543797,0.014901873613128657,0.0020868909358977977,0.0346691012382507,-0.09591631105542181,-0.07635738328099251,0.019767227625122043
Fort Wayne - IN,2006,407620.09375,2.3592701510269567,-0.006850395024680869,-0.012074066668748901,-0.0184371061623097,-0.005413974538445502,-0.004492218606174001,-0.01158671113762883
Fort Wayne - IN,2007,410680.0,2.396384534974211,0.015731298906612682,-0.005413974538445502,-0.004492218606174001,-0.0228284432664514,0.006682361010462004,-0.020223517512786685
Fort Wayne - IN,2008,412673.5,2.361800613912118,-0.014431707665174457,-0.0228284432664514,0.006682361010462004,-0.011200495719909699,0.015366205945610951,0.021114068675636463
Fort Wayne - IN,2009,415127.0,2.4616102520831156,0.04225997638542036,-0.011200495719909699,0.015366205945610951,-0.01563082530302927,-0.006170716544147584,-0.02689377043980941
Fort Wayne - IN,2010,417982.0,2.6881777261671123,0.09204035199815487,-0.01563082530302927,-0.006170716544147584,-0.02628276717662811,-0.00499899266287681,-0.09821106854230245
Fort Wayne - IN,2011,421133.78125,2.5045824305614364,-0.06829730557564428,-0.02628276717662811,-0.00499899266287681,-0.0037975258231163003,0.0016406802460551002,0.06329831291276747
Fort Wayne - IN,2012,423595.625,2.578591749529899,0.02954956405721984,-0.0037975258231163003,0.0015550814568996013,-0.0013257128745317003,-0.0074524842202663005,-0.02799448260032024
Fort Wayne - IN,2013,426279.59375,2.5017333350221183,-0.02980635244869322,-0.0013257128745317003,-0.0074524842202663005,-0.006605030208826071,-0.008613053709268572,0.02235386822842692
Fort Wayne - IN,2014,428848.59375,2.4019172197273617,-0.039898782934782315,-0.006605030208826071,-0.008613053709268572,0.0437891168296337,0.013525664806366001,0.031285729225513745
Fort Wayne - IN,2015,431438.125,2.5323906881347895,0.0543205516559133,0.0437891168296337,0.013525664806366001,0.017124230310320898,0.003970673307776498,-0.040794886849547296
Fort Wayne - IN,2016,434042.3125,2.5105054288993296,-0.008642133829507688,0.017124230310320898,0.003970673307776498,0.002724310100078599,-0.00006526336073869876,0.012612807137284186
Fort Wayne - IN,2017,437269.59375,2.5981188553532135,0.03489872017217502,0.002724310100078599,-0.00006526336073869876,0.0118974225819111,0.002762399613857304,-0.03496398353291372
Fort Wayne - IN,2018,441337.875,2.328692231187077,-0.10370065388309892,0.0118974225819111,0.002762399613857304,0.0192606515884399,0.0014594569802283963,0.10646305349695623
Fort Wayne - IN,2019,445638.875,2.3560280116843773,0.011738683253718648,0.0192606515884399,0.0014594569802283963,0.0185346362292767,-0.00031455419957630154,-0.010279226273490252
Fort Wayne - IN,2020,449419.59375,2.3185606997360213,-0.01590274468832386,0.0185346362292767,-0.00031455419957630154,0.082126280546188,0.03853666782379109,0.015588190488747558
Fort Wayne - IN,2021,452563.5,2.2668091285676852,-0.022320559118520475,0.082126280546188,0.03853666782379109,-0.0206720846891403,0.01143142208457,0.06085722694231156
Fort Wayne - IN,2022,455849.21875,2.2635384115937454,-0.0014428726850974558,-0.0206720846891403,0.0119101256132126,-0.03157436920702457,-0.012015441432595267,0.013352998298310055
Fresno - CA,2006,886829.75,3.2467057337339664,-0.038745254829464476,0.019318321377038997,0.0129552818834782,0.011780872106552102,0.012702628038823603,0.051700536712942675
Fresno - CA,2007,899351.3125,3.3275617006166853,0.024904002245293783,0.011780872106552102,0.012702628038823603,-0.028140864625573157,0.0013699396513402462,-0.01220137420647018
Fresno - CA,2008,912630.6875,3.429676632883808,0.030687614972908922,-0.028140864625573157,0.0013699396513402462,-0.0469878061711788,-0.02042110450565815,-0.029317675321568676
Fresno - CA,2009,924220.6875,3.5403405935907295,0.032266587364497584,-0.0469878061711788,-0.02042110450565815,-0.00945600791275501,4.100846126675606e-6,-0.052687691870155734
Fresno - CA,2010,934254.25,3.518666785874897,-0.006121955541528966,-0.00945600791275501,4.100846126675606e-6,-0.02591776323318481,-0.004633988719433511,0.0061260563876556415
Fresno - CA,2011,941736.1875,3.5641309430026573,0.012920847552336821,-0.02591776323318481,-0.004633988719433511,-0.013787062190473081,-0.00834885612130168,-0.017554836271770333
Fresno - CA,2012,948364.0625,3.580985722786062,0.00472900127771549,-0.013787062190473081,-0.00843445491045718,0.0025068061798811,-0.0036199651658535004,-0.013163456188172669
Fresno - CA,2013,956009.1875,3.470931111397551,-0.030733049475239756,0.0025068061798811,-0.0036199651658535004,-0.0018565237373114,-0.003864547237753901,0.027113084309386255
Fresno - CA,2014,965783.0625,3.4707402874782685,-0.000054977731668565415,-0.0018565237373114,-0.003864547237753901,0.0396363382935524,0.009372886270284701,-0.0038095695060853356
Fresno - CA,2015,974936.25,3.3722238834129055,-0.02838483894078457,0.0396363382935524,0.009372886270284701,0.042116888135671604,0.028963331133127206,0.03775772521106927
Fresno - CA,2016,983397.25,3.33512377001601,-0.011001675653678095,0.042116888135671604,0.028963331133127206,0.0244436577856541,0.021654084324836804,0.0399650067868053
Fresno - CA,2017,992144.25,3.2558153985923477,-0.023779738592214675,0.0244436577856541,0.021654084324836804,0.028415542304515796,0.019280519336462,0.045433822917051475
Fresno - CA,2018,999450.5,3.250204232145642,-0.0017234289293956203,0.028415542304515796,0.019280519336462,0.0344527132511139,0.0166515186429024,0.021003948265857622
Fresno - CA,2019,1006304.0,3.1474468667876305,-0.031615664130181596,0.0344527132511139,0.0166515186429024,0.0478002411425114,0.0289510507136584,0.04826718277308399
Fresno - CA,2020,1010398.0,3.022505035333943,-0.039696248019972596,0.0478002411425114,0.0289510507136584,0.061124509453773,0.017534896731376093,0.068647298733631
Fresno - CA,2021,1013711.0,3.1077538651194154,0.028204694049766426,0.061124509453773,0.017534896731376093,-0.030690563768148403,0.001412943005561898,-0.010669797318390333
Fresno - CA,2022,1017621.0,3.0741138852978795,-0.010824531568957848,-0.030690563768148403,0.001891646534204497,-0.012285549923777603,0.007273377850651699,0.012716178103162345
Gainesville - FL,2006,256605.984375,2.170470223480375,-0.01467641509215893,0.030446121126413296,0.0240830816328525,-0.004239895284175902,-0.003318139351904401,0.03875949672501143
Gainesville - FL,2007,259890.8125,2.3712126522090946,0.0924879901862126,-0.004239895284175902,-0.003318139351904401,-0.052739703387022,-0.023228899110108593,-0.09580612953811701
Gainesville - FL,2008,262146.40625,2.3075808044075816,-0.026835150252016243,-0.052739703387022,-0.023228899110108593,-0.0272355123460293,-0.0006688106805086483,0.00360625114190765
Gainesville - FL,2009,263830.40625,2.5740830560238144,0.11548988928457095,-0.0272355123460293,-0.0006688106805086483,-0.00946420960500836,-4.100846126675606e-6,-0.1161586999650796
Gainesville - FL,2010,265532.8125,2.572674198591457,-0.0005473239991461088,-0.00946420960500836,-4.100846126675606e-6,-0.02256620337069035,-0.0012824288569390496,0.0005432231530194332
Gainesville - FL,2011,268250.625,2.5193850181119517,-0.020713536330671557,-0.02256620337069035,-0.0012824288569390496,-0.0021922572553158028,0.0032459488138555977,0.019431107473732508
Gainesville - FL,2012,270418.5,2.837515487991647,0.12627306568573024,-0.0021922572553158028,0.003160350024700099,0.010620954111218502,0.004494182765483901,-0.12311271566103014
Gainesville - FL,2013,272586.6875,2.4413709505099686,-0.13960964765061556,0.010620954111218502,0.004494182765483901,-0.004743445836007601,-0.006751469336450102,0.14410383041609948
Gainesville - FL,2014,276560.90625,2.524190531085933,0.03392339069106418,-0.004743445836007601,-0.006751469336450102,0.0418556054830551,0.011592153459787403,-0.04067486002751428
Gainesville - FL,2015,281472.09375,2.467419023073354,-0.022490975745858347,0.0418556054830551,0.011592153459787403,0.034089371830225,0.0209358148276806,0.034083129205645754
Gainesville - FL,2016,286653.1875,2.7985478276976736,0.1342004748799716,0.034089371830225,0.0209358148276806,0.0223520264923573,0.019562453031540004,-0.11326466005229101
Gainesville - FL,2017,290058.28125,2.511153686058754,-0.10269402537792423,0.0223520264923573,0.019562453031540004,0.016752980858087498,0.007617957890033701,0.12225647840946423
Gainesville - FL,2018,293142.6875,2.7098050922597023,0.07910762583103026,0.016752980858087498,0.007617957890033701,0.03471185934543611,0.016910664737224603,-0.07148966794099657
Gainesville - FL,2019,294829.8125,2.2814239187317304,-0.1580856035556216,0.03471185934543611,0.016910664737224603,0.007403075799346001,-0.011446114629506999,0.1749962682928462
Gainesville - FL,2020,298235.40625,2.3675929968387477,0.03776986705518526,0.007403075799346001,-0.011446114629506999,0.064618518829346,0.02102890610694909,-0.04921598168469225
Gainesville - FL,2021,301021.90625,2.40466601362901,0.01565852612326653,0.064618518829346,0.02102890610694909,-0.016821915209293395,0.015281591564416906,0.005370379983682557
Gainesville - FL,2022,305320.0,2.272447684379444,-0.0549840720084152,-0.016821915209293395,0.015760295093059505,-0.024270820230245602,-0.0047118924558163,0.0707443671014747
Grand Rapids - MI,2006,977813.1875,2.411707840656709,0.005846987156056747,-0.014174441218376202,-0.020537480711937,-0.0043683172166348,-0.0034465612843632993,-0.026384467867993748
Grand Rapids - MI,2007,982366.5,2.36552571766343,-0.01914913664695955,-0.0043683172166348,-0.0034465612843632993,-0.0264783625602722,0.003032441716641205,0.015702575362596248
Grand Rapids - MI,2008,985284.4375,2.4231091221542735,0.02434275140653393,-0.0264783625602722,0.003032441716641205,-0.0156065884083509,0.010960113257169751,-0.021310309689892726
Grand Rapids - MI,2009,987937.375,2.5155963089987354,0.03816880799913618,-0.0156065884083509,0.010960113257169751,-0.013843032237142321,-0.004382923478260636,-0.02720869474196643
Grand Rapids - MI,2010,991859.6875,2.576132360909778,0.024064295091582966,-0.013843032237142321,-0.004382923478260636,-0.0147717710286379,0.0065120034851134,-0.028447218569843603
Grand Rapids - MI,2011,1001180.0,2.4535445644666707,-0.04758598521692983,-0.0147717710286379,0.0065120034851134,-0.002407668441534002,0.0030305376276373985,0.05409798870204323
Grand Rapids - MI,2012,1013204.0,2.498574645582543,0.018353072435699003,-0.002407668441534002,0.0029449388384818996,0.008405618965625802,0.0022788476198912014,-0.015408133597217103
Grand Rapids - MI,2013,1025156.0,2.6232885628336233,0.0499140249708262,0.008405618965625802,0.0022788476198912014,0.0116786498725414,0.009670626372098898,-0.047635177350935
Grand Rapids - MI,2014,1036115.0,2.5181724375654246,-0.04007036311501102,0.0116786498725414,0.009670626372098898,0.054128216743469196,0.0238647647202015,0.04974098948710992
Grand Rapids - MI,2015,1045863.0625,2.561847916915085,0.017344117780864077,0.054128216743469196,0.0238647647202015,0.0191309491991997,0.0059773921966552995,0.006520646939337422
Grand Rapids - MI,2016,1056563.0,2.519861065077472,-0.016389283516943708,0.0191309491991997,0.0059773921966552995,0.013179642796516396,0.010390069335699099,0.02236667571359901
Grand Rapids - MI,2017,1066299.0,2.4963160874806998,-0.009343760226736282,0.013179642796516396,0.010390069335699099,0.011213451832532896,0.0020784288644790996,0.01973382956243538
Grand Rapids - MI,2018,1073972.0,2.559670536629797,0.025379177527568294,0.011213451832532896,0.0020784288644790996,0.025620999902486803,0.007819805294275298,-0.023300748663089194
Grand Rapids - MI,2019,1079943.0,2.4557833039097945,-0.04058617358497485,0.025620999902486803,0.007819805294275298,0.0356483292877674,0.0167991388589144,0.04840597887925015
Grand Rapids - MI,2020,1085451.0,2.122723480890918,-0.13562264328803764,0.0356483292877674,0.0167991388589144,0.047060063362121596,0.00347045063972469,0.15242178214695204
Grand Rapids - MI,2021,1088602.0,2.180571365760449,0.02725172891819717,0.047060063362121596,0.00347045063972469,-0.019781550318002702,0.012321956455707599,-0.02378127827847248
Grand Rapids - MI,2022,1093864.0,2.2792048616184064,0.045232867589986,-0.019781550318002702,0.012800659984350198,-0.004917341083288201,0.0146415866911411,-0.0324322076056358
Greeley - CO,2006,232437.1875,2.959142751556706,0.03514611741215855,0.008323227643966702,0.0019601881504059046,0.007343093961477299,0.0082648498937488,-0.03318592926175264
Greeley - CO,2007,239127.90625,2.85150703840727,-0.036373950899399,0.007343093961477299,0.0082648498937488,-0.0243249659538269,0.005185838323086504,0.044638800793147804
Greeley - CO,2008,244640.109375,2.9653427963794763,0.039921261437878136,-0.0243249659538269,0.005185838323086504,-0.030965433180332198,-0.004398731514811547,-0.034735423114791636
Greeley - CO,2009,249700.1875,3.3117506997688078,0.11681883922906884,-0.030965433180332198,-0.004398731514811547,-0.015489391047973186,-0.006029282289091501,-0.12121757074388038
Greeley - CO,2010,255259.796875,2.742101433479407,-0.17200849880673924,-0.015489391047973186,-0.006029282289091501,-0.021353279583156103,-0.0000695050694048023,0.16597921651764774
Greeley - CO,2011,259725.3125,2.9782779798816374,0.08612976293242006,-0.021353279583156103,-0.0000695050694048023,-0.0434253457188606,-0.0379871396496892,-0.08619926800182486
Greeley - CO,2022,352947.59375,2.6662842509799063,-0.10475641663043501,-0.0434253457188606,-0.0108431354165077,-0.042110007287934424,-0.022551079513505122,0.09391328121392731
Greensboro - NC,2006,692310.0,2.5246628040593717,-0.013362596978359556,0.030936924397945403,0.024573884904384606,-0.006029405534267403,-0.005107649601995902,0.037936481882744164
Greensboro - NC,2007,703210.3125,2.5344749229875916,0.0038865067099032374,-0.006029405534267403,-0.005107649601995902,-0.0516408498510718,-0.022130045574158395,-0.008994156311899138
Greensboro - NC,2008,713309.5625,2.6384701253749645,0.04103224752556846,-0.0516408498510718,-0.022130045574158395,-0.0236644248515368,0.0029022768139838513,-0.06316229309972685
Greensboro - NC,2009,720551.875,2.594173277869987,-0.016788838000840432,-0.0236644248515368,0.0029022768139838513,-0.01052888499945402,-0.001068776240572335,0.019691114814824284
Greensboro - NC,2010,726592.25,2.6734835404386614,0.030572461464021435,-0.01052888499945402,-0.001068776240572335,-0.023077212616801263,-0.0017934381030499623,-0.03164123770459377
Greensboro - NC,2011,731621.375,2.6269971267670598,-0.017387955814373274,-0.023077212616801263,-0.0017934381030499623,-0.010991341717541202,-0.005553135648369801,0.015594517711323311
Greensboro - NC,2012,737147.25,2.53144054503087,-0.03637483298422458,-0.010991341717541202,-0.0056387344375253,0.006360976621508599,0.0002342052757739986,0.03073609854669928
Greensboro - NC,2013,742477.75,2.6178729399783998,0.03414356111076494,0.006360976621508599,0.0002342052757739986,0.001490770667791401,-0.0005172528326511001,-0.03390935583499094
Greensboro - NC,2014,748285.375,2.7268233199763174,0.0416179022037703,0.001490770667791401,-0.0005172528326511001,0.0278230273872614,-0.0024404246360062963,-0.0421351550364214
Greensboro - NC,2015,753779.625,2.6207121859663194,-0.03891382812837307,0.0278230273872614,-0.0024404246360062963,0.023558616906404505,0.010405059903860104,0.036473403492366774
Greensboro - NC,2016,760321.6875,2.5995355153656896,-0.008080502206243389,0.023558616906404505,0.010405059903860104,0.002169988766312598,-0.0006195846945046997,0.018485562110103493
Greensboro - NC,2017,764189.875,2.571964266619004,-0.010606221220565589,0.002169988766312598,-0.0006195846945046997,0.025028608947992297,0.0158935859799385,0.00998663652606089
Greensboro - NC,2018,769063.75,2.4557945499655958,-0.04516770242928771,0.025028608947992297,0.0158935859799385,0.03170124363899231,0.013900049030780803,0.06106128840922621
Greensboro - NC,2019,774324.8125,2.573264372720206,0.04783373379351124,0.03170124363899231,0.013900049030780803,0.044420873850584006,0.025571683421731006,-0.03393368476273044
Greensboro - NC,2020,775367.125,2.3693852072808315,-0.07922977817621321,0.044420873850584006,0.025571683421731006,0.09301986384391801,0.04943025112152111,0.10480146159794422
Greensboro - NC,2021,779995.125,2.307648170163011,-0.026056141875162354,0.09301986384391801,0.04943025112152111,-0.019941968768835104,0.012161538004875197,0.07548639299668346
Greensboro - NC,2022,787207.0,2.378981652109738,0.030911766736819373,-0.019941968768835104,0.012640241533517796,-0.0225975222736597,-0.0030385944992303987,-0.018271525203301577
Greenville - NC,2006,154061.59375,2.116873044786916,-0.08456700069798893,0.0271668337583542,0.020803794264793403,-0.003500345066189802,-0.002578589133918301,0.10537079496278234
Greenville - NC,2007,158637.203125,2.2858022705702132,0.07980130230261478,-0.003500345066189802,-0.002578589133918301,-0.0493419815897942,-0.019831177312880796,-0.08237989143653308
Greenville - NC,2008,162989.203125,2.470583059919271,0.08083848359419227,-0.0493419815897942,-0.019831177312880796,-0.0252726550251245,0.0012940466403961494,-0.10066966090707306
Greenville - NC,2009,166336.296875,2.312003557436196,-0.06418707593998338,-0.0252726550251245,0.0012940466403961494,-0.00835212849453092,0.001107980264350765,0.06548112258037952
Greenville - NC,2010,168746.3125,2.745075463096478,0.18731454987055454,-0.00835212849453092,0.001107980264350765,-0.02338233810663223,-0.0020985635928809296,-0.18620656960620377
Greenville - NC,2011,169509.40625,2.798377496983928,0.019417329178748628,-0.02338233810663223,-0.0020985635928809296,-0.006137255862355201,-0.0006990497931838001,-0.021515892771629557
Greenville - NC,2012,170308.8125,2.5666479328909357,-0.08280854328722587,-0.006137255862355201,-0.000784648582339299,0.010871483609080301,0.004744712263345701,0.08202389470488657
Greenville - NC,2013,170272.59375,2.6168223362882723,0.019548611538951044,0.010871483609080301,0.004744712263345701,-0.01428059389255941,-0.01628861739300191,-0.014803899275605343
Greenville - NC,2014,169798.796875,2.5604186613739164,-0.02155426225624453,-0.01428059389255941,-0.01628861739300191,0.0256969799995422,-0.004566472023725496,0.00526564486324262
Greenville - NC,2015,169678.0,2.6443093774040136,0.03276445266380054,0.0256969799995422,-0.004566472023725496,0.0204464907646179,0.007292933762073501,-0.03733092468752604
Greenville - NC,2016,169632.09375,2.43682618819879,-0.0784640371426264,0.0204464907646179,0.007292933762073501,0.0027895734608172976,0.0,0.0857569709046999
Greenville - NC,2017,169675.203125,2.6860420832169924,0.10227068972958372,0.0027895734608172976,0.0,0.0054768754392862,-0.003658147528767596,-0.10227068972958372
Greenville - NC,2018,169594.09375,2.637116009076134,-0.0182149320915558,0.0054768754392862,-0.003658147528767596,0.0230458669066429,0.0052446722984313965,0.014556784562788205
Greenville - NC,2019,169994.90625,2.600696038466228,-0.013810530323489577,0.0230458669066429,0.0052446722984313965,0.028589530020952197,0.009740339592099197,0.019055202621920973
Greenville - NC,2020,174099.5,2.5872702249446173,-0.0051623924222719605,0.028589530020952197,0.009740339592099197,0.069872392594814,0.02628277987241709,0.014902732014371157
Greenville - NC,2021,175851.703125,2.000380539163107,-0.22683741347275518,0.069872392594814,0.02628277987241709,-0.009182931780815098,0.022920574992895203,0.2531201933451723
Greenville - NC,2022,177524.40625,2.175700092242802,0.08764310072374672,-0.009182931780815098,0.0233992785215378,-0.024775442466139802,-0.0052165146917105,-0.06424382220220892
Greenville - SC,2006,781451.5,2.5001249602988214,-0.007928736134875072,0.030688380479812594,0.024325340986251796,-0.0027164769321680014,-0.0017947209998965003,0.032254077121126865
Greenville - SC,2007,797311.0,2.5857866927597066,0.034262980379447416,-0.0027164769321680014,-0.0017947209998965003,-0.056215628340840304,-0.0267048240639269,-0.036057701379343915
Greenville - SC,2008,811428.0,2.561177296534908,-0.009517179546830293,-0.056215628340840304,-0.0267048240639269,-0.0245748280584812,0.0019918736070394516,-0.017187644517096607
Greenville - SC,2009,820912.0,2.6473344184939878,0.033639655511410425,-0.0245748280584812,0.0019918736070394516,-0.0063727555647492395,0.0030873531941324455,-0.031647781904370974
Greenville - SC,2010,827509.5,2.638533257864291,-0.003324536774882981,-0.0063727555647492395,0.0030873531941324455,-0.0176823533773422,0.0036014211364090998,0.0064118899690154265
Greenville - SC,2011,834932.625,2.7106569205599933,0.02733475595986284,-0.0176823533773422,0.0036014211364090998,0.005542231440544099,0.0109804375097155,-0.02373333482345374
Greenville - SC,2012,842572.8125,2.547368950358695,-0.060239261177901036,0.005542231440544099,0.010894838720560001,0.0136791175603867,0.0075523462146521,0.07113409989846103
Greenville - SC,2013,850969.1875,2.682847016434718,0.05318352728486629,0.0136791175603867,0.0075523462146521,0.0244618829488754,0.022453859448432898,-0.04563118107021419
Greenville - SC,2014,862922.8125,2.70774409612489,0.009280096680003234,0.0244618829488754,0.022453859448432898,0.0336273444592953,0.003363892436027603,0.013173762768429664
Greenville - SC,2015,874923.0,2.6024453417434645,-0.03888800072803074,0.0336273444592953,0.003363892436027603,0.0012749790102243013,-0.011878577992320099,0.04225189316405834
Greenville - SC,2016,886519.5625,2.6578272422957876,0.02128071612648006,0.0012749790102243013,-0.011878577992320099,-0.014333862163126472,-0.01712343562394377,-0.033159294118800156
Greenville - SC,2017,897496.25,2.6544567102143755,-0.0012681531845917594,-0.014333862163126472,-0.01712343562394377,0.0167743901014328,0.007639367133379003,-0.01585528243935201
Greenville - SC,2018,909420.5,2.61990667147242,-0.013015860687803419,0.0167743901014328,0.007639367133379003,0.0168756425082684,-0.0009255520999431055,0.020655227821182422
Greenville - SC,2019,922441.75,2.605083491434692,-0.0056579038479249635,0.0168756425082684,-0.0009255520999431055,0.0171022080928087,-0.0017469823360443011,0.004732351747981858
Greenville - SC,2020,933451.875,2.383419886237493,-0.08508886794838297,0.0171022080928087,-0.0017469823360443011,0.068390278398991,0.0248006656765941,0.08334188561233867
Greenville - SC,2021,946247.375,2.434035871685121,0.021236705181448857,0.068390278398991,0.0248006656765941,-0.013140851557254807,0.018962655216455494,0.003563960495145242
Greenville - SC,2022,965499.8125,2.4003833374036176,-0.013825816896529682,-0.013140851557254807,0.019441358745098093,-0.04385042985342443,-0.02429150207899513,0.033267175641627775
Gulfport-Biloxi-Pascagoula - MS,2006,349617.3125,2.882523772723174,0.10171204385596735,0.030460027635097496,0.0240969881415367,-0.001972063347697301,-0.0010503074154258,-0.07761505571443066
Gulfport-Biloxi-Pascagoula - MS,2007,358411.90625,2.8682925132094534,-0.004937083138182017,-0.001972063347697301,-0.0010503074154258,-0.0580915690511465,-0.028580764774233096,0.003886775722756217
Gulfport-Biloxi-Pascagoula - MS,2008,364377.1875,2.8325396771819698,-0.012464850032843524,-0.0580915690511465,-0.028580764774233096,-0.0266072812527418,-0.0000405795872211491,-0.01611591474138957
Gulfport-Biloxi-Pascagoula - MS,2009,368554.09375,3.051768646758638,0.07739661030795304,-0.0266072812527418,-0.0000405795872211491,-0.0080722134411335,0.0013878953177481855,-0.07743718989517419
Gulfport-Biloxi-Pascagoula - MS,2010,372471.1875,3.06784136932851,0.005266691034047911,-0.0080722134411335,0.0013878953177481855,-0.03318813733570278,-0.011904362821951477,-0.0038787957162997252
Gulfport-Biloxi-Pascagoula - MS,2011,376305.125,2.949170999886148,-0.038682042242730585,-0.03318813733570278,-0.011904362821951477,-0.01664358172938228,-0.01120537566021088,0.026777679420779108
Gulfport-Biloxi-Pascagoula - MS,2012,379154.125,2.75279848066261,-0.06658566737266813,-0.01664358172938228,-0.01129097444936638,-0.00043899971991779967,-0.0065657710656524,0.055294692923301754
Gulfport-Biloxi-Pascagoula - MS,2013,382272.875,2.8482652602365066,0.03467990128754988,-0.00043899971991779967,-0.0065657710656524,-0.018075051423162222,-0.020083074923604723,-0.04124567235320228
Gulfport-Biloxi-Pascagoula - MS,2014,385600.0,2.7995082666166957,-0.017118136537522612,-0.018075051423162222,-0.020083074923604723,0.00718442367017269,-0.023079028353095006,-0.002964938386082111
Gulfport-Biloxi-Pascagoula - MS,2015,387915.71875,3.004897146995165,0.07336605604193805,0.00718442367017269,-0.023079028353095006,0.0006963166296482005,-0.0124572403728962,-0.09644508439503305
Gulfport-Biloxi-Pascagoula - MS,2016,390359.8125,3.03467526148908,0.009909861481845592,0.0006963166296482005,-0.0124572403728962,-0.009526889123022601,-0.012316462583839899,-0.02236710185474179
Gulfport-Biloxi-Pascagoula - MS,2017,393182.0,2.8065834990009755,-0.07516183539723545,-0.009526889123022601,-0.012316462583839899,0.026731260329484897,0.0175962373614311,0.06284537281339556
Gulfport-Biloxi-Pascagoula - MS,2018,395190.3125,2.5897117665254865,-0.07727250322418203,0.026731260329484897,0.0175962373614311,0.038495178490877205,0.0206939838826657,0.09486874058561312
Gulfport-Biloxi-Pascagoula - MS,2019,397032.0,2.9045150331364025,0.12155919074858088,0.038495178490877205,0.0206939838826657,-0.00801184856146574,-0.02686103899031874,-0.10086520686591517
Gulfport-Biloxi-Pascagoula - MS,2020,398747.71875,2.3857595175276263,-0.17860314361967852,-0.00801184856146574,-0.02686103899031874,0.0527021719813347,0.009112559258937794,0.15174210462935978
Gulfport-Biloxi-Pascagoula - MS,2021,400479.3125,2.464567892030921,0.033032824106666074,0.0527021719813347,0.009112559258937794,-0.002402910888194998,0.029700595885515303,-0.02392026484772828
Gulfport-Biloxi-Pascagoula - MS,2022,402534.90625,2.5845910412166444,0.048699469620542196,-0.002402910888194998,0.030179299414157902,-0.0018263410627842036,0.0177325867116451,-0.018520170206384294
Harrisburg - PA,2006,533488.0,2.204116888630327,-0.044581927440587824,-0.0012379664629698015,-0.007601005956530599,0.0028220816552638993,0.0037438375875354004,0.036980921484057225
Harrisburg - PA,2007,538522.6875,2.1937678998103904,-0.004695299452275259,0.0028220816552638993,0.0037438375875354004,-0.0325336626842618,-0.0030228584073483944,0.00843913703981066
Harrisburg - PA,2008,543467.3125,2.294206171544783,0.04578345400307541,-0.0325336626842618,-0.0030228584073483944,-0.0218103534579277,0.00475634820759295,-0.048806312410423804
Harrisburg - PA,2009,547785.25,2.2329753499950704,-0.026689328234385825,-0.0218103534579277,0.00475634820759295,-0.0004782697036861995,0.008981839055195485,0.03144567644197878
Harrisburg - PA,2010,551224.5,2.2214937727731865,-0.005141828915356933,-0.0004782697036861995,0.008981839055195485,-0.017626119188964402,0.003657655324786898,0.01412366797055242
Harrisburg - PA,2011,554600.5625,2.359438621873432,0.062095537152032074,-0.017626119188964402,0.003657655324786898,-0.009507745787501302,-0.004069539718329901,-0.05843788182724517
Harrisburg - PA,2012,558620.4375,2.3817991490262056,0.009477053967616753,-0.009507745787501302,-0.0041551385074854,0.004228069111704799,-0.0018987022340298011,-0.013632192475102153
Harrisburg - PA,2013,562700.3125,2.173469819273426,-0.08746721143046626,0.004228069111704799,-0.0018987022340298011,-0.0006485741436481011,-0.002656597644090602,0.08556850919643647
Harrisburg - PA,2014,567000.5,2.2322475950180665,0.027043290513364276,-0.0006485741436481011,-0.002656597644090602,0.0231612810641527,-0.007102170959114997,-0.029699888157454876
Harrisburg - PA,2015,571416.0,2.3327622790306606,0.04502846558639953,0.0231612810641527,-0.007102170959114997,0.0200547131597996,0.006901156157255199,-0.05213063654551453
Harrisburg - PA,2016,575526.8125,2.405129808225012,0.031022247678157068,0.0200547131597996,0.006901156157255199,-0.002019899249076803,-0.0048094727098941005,-0.024121091520901868
Harrisburg - PA,2017,579876.0,2.3482170384990373,-0.023663076118114502,-0.002019899249076803,-0.0048094727098941005,0.016849190205335603,0.007714167237281806,0.018853603408220402
Harrisburg - PA,2018,584293.1875,2.3532197424921706,0.0021304265794489705,0.016849190205335603,0.007714167237281806,0.0130602411627769,-0.004740953445434605,0.005583740657832835
Harrisburg - PA,2019,588931.25,2.2051412401664687,-0.06292591365431931,0.0130602411627769,-0.004740953445434605,0.022821897745132397,0.0039727073162793974,0.0581849602088847
Harrisburg - PA,2020,594537.3125,2.1315453428080167,-0.03337468640008575,0.022821897745132397,0.0039727073162793974,0.0336028768420219,-0.009986735880375006,0.03734739371636515
Harrisburg - PA,2021,600715.0625,2.0556068053630394,-0.035626048350882705,0.0336028768420219,-0.009986735880375006,-0.0523169412463903,-0.02021343447268,0.0256393124705077
Harrisburg - PA,2022,605094.1875,2.2212059544094527,0.08055973964202114,-0.0523169412463903,-0.019734730944037403,-0.014634211346507102,0.0049247164279222,-0.10029447058605853
Hartford - CT,2006,1194825.0,2.318137916491478,-0.006453310407293468,-0.0172029159665108,-0.0235659554600716,-0.02236020648479462,-0.021438450552523122,-0.017112645052778132
Hartford - CT,2007,1199897.0,2.330152355826985,0.0051827974729351895,-0.02236020648479462,-0.021438450552523122,-0.03046445158496499,-0.0009536473080515862,-0.026621248025458313
Hartford - CT,2008,1205779.0,2.254130924231311,-0.032625090546362034,-0.03046445158496499,-0.0009536473080515862,-0.0301518186032772,-0.003585116937756549,0.03167144323831045
Hartford - CT,2009,1210869.0,2.3649729144154956,0.04917282709387576,-0.0301518186032772,-0.003585116937756549,-0.016967348692938686,-0.007507239934057001,-0.05275794403163231
Hartford - CT,2010,1215191.0,2.283073874579277,-0.03463001175912415,-0.016967348692938686,-0.007507239934057001,-0.02343948778510094,-0.0021557132713496407,0.027122771825067147
Hartford - CT,2011,1217505.0,2.434102924091214,0.06615162618851683,-0.02343948778510094,-0.0021557132713496407,-0.010894821308553201,-0.005456615239381801,-0.06830733945986647
Hartford - CT,2012,1218092.0,2.3210811976864383,-0.04643259957751088,-0.010894821308553201,-0.005542214028537299,-0.0011264172941445987,-0.007253188639879199,0.040890385548973576
Hartford - CT,2013,1218458.0,2.407156362012468,0.03708408150986967,-0.0011264172941445987,-0.007253188639879199,0.006367540746927299,0.004359517246484798,-0.04433727014974887
Hartford - CT,2014,1218515.0,2.426383684027695,0.007987566706780979,0.006367540746927299,0.004359517246484798,0.022839708417654,-0.007423743605613698,-0.003628049460296181
Hartford - CT,2015,1217123.0,2.3510896600256177,-0.031031375828035685,0.022839708417654,-0.007423743605613698,0.0077394901663065,-0.0054140668362379005,0.023607632222421987
Hartford - CT,2016,1215398.0,2.338800812995581,-0.005226872985313002,0.0077394901663065,-0.0054140668362379005,-0.002940785422921203,-0.0057303588837385,-0.00018719385092489868
Hartford - CT,2017,1215074.0,2.314287500598817,-0.010481145833606547,-0.002940785422921203,-0.0057303588837385,0.006434114858508099,-0.0027009081095456973,0.004750786949868047
Hartford - CT,2018,1215141.0,2.360078494316149,0.019786216580906166,0.006434114858508099,-0.0027009081095456973,0.0108573484867811,-0.006943846121430404,-0.022487124690451863
Hartford - CT,2019,1214215.0,2.23445965895195,-0.053226549738379765,0.0108573484867811,-0.006943846121430404,0.0170774591267109,-0.0017717313021421016,0.04628270361694936
Hartford - CT,2020,1206782.0,2.0966471540518326,-0.06167598701010205,0.0170774591267109,-0.0017717313021421016,0.017722649753093705,-0.0258669629693032,0.05990425570795995
Hartford - CT,2021,1215449.0,2.217126958595358,0.05746308066700437,0.017722649753093705,-0.0258669629693032,-0.0266164261102676,0.005487080663442702,-0.08333004363630757
Hartford - CT,2022,1220828.0,2.063226557707214,-0.06941433835870475,-0.0266164261102676,0.005965784192085301,-2.3644268513020594e-6,0.019556563347578,0.07538012255079005
Honolulu - HI,2006,926497.0625,2.8173871624722024,0.001174437108743621,0.0504451446533203,0.0440821051597595,0.031111496597528498,0.0320332525298,0.04290766805101588
Honolulu - HI,2007,927415.125,2.7780671847307774,-0.013956185456216292,0.031111496597528498,0.0320332525298,-0.03884243022138253,-0.009331625944469124,0.04598943798601629
Honolulu - HI,2008,936094.0,2.868160510421569,0.03243021845762978,-0.03884243022138253,-0.009331625944469124,-0.049752642124891305,-0.023185940459370655,-0.0417618444020989
Honolulu - HI,2009,946832.6875,2.6875584784820368,-0.06296789572386483,-0.049752642124891305,-0.023185940459370655,0.021403415888547897,0.030863524647429582,0.03978195526449417
Honolulu - HI,2010,961626.75,2.834127508552757,0.05453612683936981,0.021403415888547897,0.030863524647429582,-0.019640019506216,0.001643755007535299,-0.023672602191940225
Honolulu - HI,2011,977539.125,2.868667264072698,0.012187085942925202,-0.019640019506216,0.001643755007535299,0.0058331449478865,0.0112713510170579,-0.010543330935389903
Honolulu - HI,2012,992736.3125,2.9300787568467603,0.021407673710779396,0.0058331449478865,0.011185752227902402,0.021265116184949903,0.015138344839215303,-0.010221921482876994
Honolulu - HI,2013,1004051.0,2.956297531687413,0.008948146796186548,0.021265116184949903,0.015138344839215303,0.0272271286845207,0.0252191051840782,0.006190198043028755
Honolulu - HI,2014,1011153.0,2.986610050830871,0.010253541403918142,0.0272271286845207,0.0252191051840782,0.0143816780075431,-0.015881774015724597,0.014965563780160058
Honolulu - HI,2015,1019147.0,3.122216642803346,0.04540485355118576,0.0143816780075431,-0.015881774015724597,-0.003284790284931659,-0.01643834728747606,-0.061286627566910355
Honolulu - HI,2016,1023593.0,2.995589766598482,-0.04055672321673668,-0.003284790284931659,-0.01643834728747606,0.007692027553915997,0.004902454093098699,0.02411837592926062
Honolulu - HI,2017,1022452.0,2.8124337198494263,-0.06114189893131825,0.007692027553915997,0.004902454093098699,-0.0014436652660370017,-0.010578688234090798,0.06604435302441695
Honolulu - HI,2018,1021025.0,2.9138668356139084,0.0360659577676777,-0.0014436652660370017,-0.010578688234090798,0.017518199205398603,-0.00028299540281290225,-0.0466446460017685
Honolulu - HI,2019,1018163.0,2.8703190620255206,-0.01494501157573075,0.017518199205398603,-0.00028299540281290225,0.005374666407704398,-0.013474524021148602,0.014662016172917848
Honolulu - HI,2020,1010361.0,2.680848482386934,-0.06601028510916877,0.005374666407704398,-0.013474524021148602,0.0360413326621056,-0.007548280060291304,0.052535761088020175
Honolulu - HI,2021,1001952.0,2.7050788567512094,0.00903832295016593,0.0360413326621056,-0.007548280060291304,-0.08236169178970158,-0.05025818501599128,-0.016586603010457234
Honolulu - HI,2022,995202.875,2.7276566983398176,0.008346463369176644,-0.08236169178970158,-0.04977948148734868,-0.008804126441478703,0.010754801332950599,-0.05812594485652533
Houston - TX,2006,5452625.0,2.9062018862436263,0.017321859381793626,-0.006877050146460499,-0.013240089640021296,0.008603616714477496,0.009525372646748997,-0.030561949021814923
Houston - TX,2007,5574720.0,2.9045071423426863,-0.0005831473405072221,0.008603616714477496,0.009525372646748997,-0.0114697490930557,0.018041055183857704,0.01010851998725622
Houston - TX,2008,5714056.0,2.8939986901618906,-0.0036179811809035054,-0.0114697490930557,0.018041055183857704,-0.014595451489090899,0.011971250176429752,0.02165903636476121
Houston - TX,2009,5856678.0,3.011679882024164,0.04066387184704988,-0.014595451489090899,0.011971250176429752,-0.01375283480994403,-0.0042927260510623455,-0.028692621670620127
Houston - TX,2010,5973997.0,3.0230499046877415,0.0037753091659714234,-0.01375283480994403,-0.0042927260510623455,-0.0168816348239779,0.004402139689773401,-0.008068035217033769
Houston - TX,2011,6085334.0,2.986439834328583,-0.012110309625517108,-0.0168816348239779,0.004402139689773401,0.006261871844530097,0.011700077913701498,0.016512449315290507
Houston - TX,2012,6216155.0,2.924859424235633,-0.020620006934375303,0.006261871844530097,0.011614479124545999,0.0192758931219578,0.0131491217762232,0.032234486058921305
Houston - TX,2013,6365199.0,2.8739629386670007,-0.017401344196886746,0.0192758931219578,0.0131491217762232,0.0107571378499269,0.008749114349484399,0.030550465973109946
Houston - TX,2014,6536154.0,2.89433972285051,0.007090134639300727,0.0107571378499269,0.008749114349484399,0.029652981251478198,-0.0006104707717894987,0.001658979710183672
Houston - TX,2015,6696740.0,2.9155002013746047,0.007310986459894417,0.029652981251478198,-0.0006104707717894987,-0.0290095933824778,-0.0421631503850222,-0.007921457231683915
Houston - TX,2016,6820520.0,2.9377883971836263,0.007644724496507684,-0.0290095933824778,-0.0421631503850222,0.012593688160180996,0.009804114699363698,-0.04980787488152988
Houston - TX,2017,6907312.0,3.0017921796203133,0.021786382742217114,0.012593688160180996,0.009804114699363698,-0.0123644264191389,-0.0214994493871927,-0.011982268042853416
Houston - TX,2018,6984831.0,2.980776922672671,-0.007000903357107371,-0.0123644264191389,-0.0214994493871927,0.014848730683326702,-0.002952463924884803,-0.014498546030085328
Houston - TX,2019,7074333.0,2.8905844305347808,-0.030258048313464615,0.014848730683326702,-0.002952463924884803,-0.01340509381890297,-0.03225428424775597,0.02730558438857981
Houston - TX,2020,7161202.0,2.732531739760837,-0.05467845502257235,-0.01340509381890297,-0.03225428424775597,0.044813914477825206,0.0012243017554283003,0.022424170774816378
Houston - TX,2021,7256409.0,2.6373604622263076,-0.03482897422551405,0.044813914477825206,0.0012243017554283003,-0.046591771692037605,-0.014488264918327304,0.03605327598094235
Houston - TX,2022,7421880.0,2.6306080487744565,-0.0025602922120668598,-0.046591771692037605,-0.014009561389684705,-0.03743827159889042,-0.017879343824461116,-0.011449269177617846
Huntsville - AL,2006,385074.59375,2.377556757077255,0.05923165263042535,0.029545103788375902,0.023182064294815105,-0.0011160661429167017,-0.00019431021064520056,-0.03604958833561024
Huntsville - AL,2007,394529.125,2.4384435628314556,0.025608980972992298,-0.0011160661429167017,-0.00019431021064520056,-0.0533533220291138,-0.0238425177522004,-0.0258032911836375
Huntsville - AL,2008,404833.40625,2.6483531767121575,0.08608344153635465,-0.0533533220291138,-0.0238425177522004,-0.030882411360740703,-0.004315709695220053,-0.10992595928855506
Huntsville - AL,2009,414061.1875,2.546241931802655,-0.038556505909937006,-0.030882411360740703,-0.004315709695220053,-0.0077652029544115105,0.0016949058044701745,0.034240796214716956
Huntsville - AL,2010,421393.1875,2.706617584983708,0.06298523764688486,-0.0077652029544115105,0.0016949058044701745,-0.0162327013611794,0.005051073152571899,-0.06129033184241469
Huntsville - AL,2011,428251.1875,2.425811416253812,-0.10374800277948636,-0.0162327013611794,0.005051073152571899,-0.005352607280015902,0.00008559878915549886,0.10879907593205826
Huntsville - AL,2012,434665.5,2.7003684806713113,0.11318153693970937,-0.005352607280015902,0.0,-0.0127808075491339,-0.0189075788948685,-0.11318153693970937
Huntsville - AL,2013,441219.09375,2.5853438235990875,-0.042595911593379526,-0.0127808075491339,-0.0189075788948685,-0.01988735812157393,-0.02189538162201643,0.023688332698511026
Huntsville - AL,2014,447227.125,2.6004264389785012,0.005833891508641586,-0.01988735812157393,-0.02189538162201643,0.0192279984951019,-0.011035453528165796,-0.027729273130658018
Huntsville - AL,2015,452852.375,2.6570321808664636,0.021767868930835155,0.0192279984951019,-0.011035453528165796,0.010468729108572,-0.0026848278939724003,-0.03280332245900095
Huntsville - AL,2016,459518.09375,2.6132884154465525,-0.0164633931553084,0.010468729108572,-0.0026848278939724003,0.0192255058288574,0.016435932368040102,0.013778565261336001
Huntsville - AL,2017,467325.0,2.357765169160168,-0.09777843301797254,0.0192255058288574,0.016435932368040102,0.0266228655576706,0.017487842589616803,0.11421436538601264
Huntsville - AL,2018,476105.0,2.3067249013389275,-0.02164773171172987,0.0266228655576706,0.017487842589616803,0.039395584881305706,0.0215943902730942,0.039135574301346676
Huntsville - AL,2019,486001.90625,2.253085445010733,-0.023253512500367758,0.039395584881305706,0.0215943902730942,0.0269970913529396,0.008147900924086598,0.044847902773461956
Huntsville - AL,2020,497023.40625,2.236746365786717,-0.007251868436768621,0.0269970913529396,0.008147900924086598,0.023676818490028395,-0.01991279423236851,0.01539976936085522
Huntsville - AL,2021,506618.71875,2.181815395483828,-0.024558426088497662,0.023676818490028395,-0.01991279423236851,-0.052064243629574805,-0.019960736855864504,0.004645631856129151
Huntsville - AL,2022,518390.375,2.527446137521828,0.1584142924068764,-0.052064243629574805,-0.019482033327221905,-0.0689810037463903,-0.049422075971960994,-0.1778963257340983
Indianapolis - IN,2006,1807070.0,2.4675685670878367,0.01103932444362745,-0.0184000016823411,-0.024763041175901897,-0.011670515775680502,-0.010748759843409,-0.03580236561952935
Indianapolis - IN,2007,1832454.0,2.4116904396083285,-0.02264501510709959,-0.011670515775680502,-0.010748759843409,-0.018425463989377,0.011085340287536403,0.01189625526369059
Indianapolis - IN,2008,1856185.0,2.5083429896130105,0.04007668165752603,-0.018425463989377,0.011085340287536403,-0.0085702153891325,0.01799648627638815,-0.028991341369989626
Indianapolis - IN,2009,1878532.0,2.611605007229307,0.041167423292548896,-0.0085702153891325,0.01799648627638815,-0.021764063447713852,-0.012303954688832167,-0.023170937016160745
Indianapolis - IN,2010,1898493.0,2.649844976192122,0.01464232487568425,-0.021764063447713852,-0.012303954688832167,-0.0180651781782508,0.0032185963355004996,-0.026946279564516416
Indianapolis - IN,2011,1919091.0,2.561353495066174,-0.03339496533609005,-0.0180651781782508,0.0032185963355004996,-0.007698524095118002,-0.0022603180259466015,0.03661356167159055
Indianapolis - IN,2012,1942046.0,2.6099345240774956,0.018966936467340937,-0.007698524095118002,-0.0023459168151021004,0.00038748294115070053,-0.0057392884045839,-0.021312853282443037
Indianapolis - IN,2013,1966576.0,2.635782561849126,0.0099037111977998,0.00038748294115070053,-0.0057392884045839,-0.00606104003638029,-0.00806906353682279,-0.0156429996023837
Indianapolis - IN,2014,1986103.0,2.6484128495366304,0.004791854939143174,-0.00606104003638029,-0.00806906353682279,0.0262620376199484,-0.004001414403319296,-0.012860918475965964
Indianapolis - IN,2015,2005012.0,2.668571594329899,0.007611632301510595,0.0262620376199484,-0.004001414403319296,0.015099723160266901,0.001946166157722501,-0.01161304670482989
Indianapolis - IN,2016,2028459.0,2.5742001652530564,-0.035364023688688094,0.015099723160266901,0.001946166157722501,0.009816409736871697,0.0070268362760544,0.037310189846410595
Indianapolis - IN,2017,2052709.0,2.5573704829966064,-0.006537829685359975,0.009816409736871697,0.0070268362760544,0.009135022968053796,0.0,0.013564665961414375
Indianapolis - IN,2018,2078336.0,2.5334521918766804,-0.009352689130868407,0.009135022968053796,0.0,0.0259054034650326,0.008104208856821095,0.009352689130868407
Indianapolis - IN,2019,2100410.0,2.4278760502124186,-0.04167283756243104,0.0259054034650326,0.008104208856821095,0.0283578355908394,0.0095086451619864,0.04977704641925213
Indianapolis - IN,2020,2117928.0,2.2884789572513595,-0.05741524282051508,0.0283578355908394,0.0095086451619864,0.054212784647942006,0.0106231719255451,0.06692388798250148
Indianapolis - IN,2021,2133781.0,2.2988648659300646,0.004538345719018241,0.054212784647942006,0.0106231719255451,-0.0011310744285582958,0.030972432345152005,0.006084826206526859
Indianapolis - IN,2022,2153608.0,2.287897461089651,-0.004770791447098149,-0.0011310744285582958,0.031451135873794604,-0.015544050171971302,0.004014877602458,0.03622192732089275
Inland Empire - CA,2006,4006493.0,3.262863102037063,0.009267082062583011,0.0143862828910351,0.008023243397474303,-0.010869304552674302,-0.0099475486204028,-0.0012438386651087083
Inland Empire - CA,2007,4078843.0,3.3681797738909682,0.03227737988399026,-0.010869304552674302,-0.0099475486204028,-0.06509947153925899,-0.03558866726234559,-0.04222492850439306
Inland Empire - CA,2008,4125432.25,3.503023178993658,0.04003450354638187,-0.06509947153925899,-0.03558866726234559,-0.041042160898447005,-0.014475459232926355,-0.07562317080872746
Inland Empire - CA,2009,4180928.25,3.526226707986562,0.00662385825250808,-0.041042160898447005,-0.014475459232926355,-0.02193498349189758,-0.012474874733015895,-0.021099317485434435
Inland Empire - CA,2010,4251961.0,3.6295418864919564,0.02929907435372644,-0.02193498349189758,-0.012474874733015895,-0.0161761607676744,0.005107613746076899,-0.04177394908674233
Inland Empire - CA,2011,4293112.0,3.561153194922017,-0.018842237866013058,-0.0161761607676744,0.005107613746076899,-0.001576472356915503,0.0038617337122558975,0.023949851612089956
Inland Empire - CA,2012,4324491.0,3.628140280569211,0.01881050378363765,-0.001576472356915503,0.0037761349231003986,0.0128964955359697,0.0067697241902351,-0.015034368860537252
Inland Empire - CA,2013,4353704.0,3.5750074245830037,-0.014644653149373686,0.0128964955359697,0.0067697241902351,0.0148210067451,0.012812983244657499,0.021414377339608784
Inland Empire - CA,2014,4392279.0,3.558645031686702,-0.0045768836125452935,0.0148210067451,0.012812983244657499,0.058898741543293,0.028635289520025302,0.017389866857202792
Inland Empire - CA,2015,4431241.0,3.404318342230654,-0.04336669942686059,0.058898741543293,0.028635289520025302,0.0454523864090443,0.032298829406499904,0.07200198894688589
Inland Empire - CA,2016,4475180.0,3.4838957447530734,0.023375429240931948,0.0454523864090443,0.032298829406499904,0.027132404685020397,0.0243428312242031,0.008923400165567957
Inland Empire - CA,2017,4519626.0,3.467797063440789,-0.004620884920718353,0.027132404685020397,0.0243428312242031,0.021218352228403098,0.012083329260349301,0.02896371614492145
Inland Empire - CA,2018,4555150.0,3.4861946879232137,0.005305277138729195,0.021218352228403098,0.012083329260349301,0.033324628293514305,0.0155234336853028,0.006778052121620106
Inland Empire - CA,2019,4583987.0,3.4020639913516764,-0.02413252962118862,0.033324628293514305,0.0155234336853028,0.0590841342806816,0.0402349438518286,0.03965596330649142
Inland Empire - CA,2020,4617522.0,3.285690191233911,-0.03420682280333259,0.0590841342806816,0.0402349438518286,0.091576284050941,0.04798667132854409,0.0744417666551612
Inland Empire - CA,2021,4652458.0,3.1333631588099857,-0.046360741140576124,0.091576284050941,0.04798667132854409,-0.0447751785814762,-0.012671671807765898,0.0943474124691202
Inland Empire - CA,2022,4681984.0,3.180305316596638,0.014981397114683733,-0.0447751785814762,-0.0121929682791233,-0.03792345317453146,-0.01836452540010216,-0.027174365393807035
Jackson - MS,2006,557414.625,2.641718179406534,0.055616371522939925,0.029861906200647402,0.023498866707086605,-0.003998103454709103,-0.003076347522437602,-0.03211750481585332
Jackson - MS,2007,559814.0,2.7002187673566085,0.02214490115036292,-0.003998103454709103,-0.003076347522437602,-0.052447180554270695,-0.02293637627735729,-0.025221248672800525
Jackson - MS,2008,562476.9375,2.80094826294895,0.03730419801909283,-0.052447180554270695,-0.02293637627735729,-0.027497474759817103,-0.0009307730942964519,-0.06024057429645012
Jackson - MS,2009,565545.25,2.905878406897511,0.037462364205930174,-0.027497474759817103,-0.0009307730942964519,-0.009529340252280239,-0.00006923149339855411,-0.03839313730022663
Jackson - MS,2010,570328.3125,2.8710228131704114,-0.011994856234990815,-0.009529340252280239,-0.00006923149339855411,-0.02327478897571564,-0.001991014461964341,0.01192562474159226
Jackson - MS,2011,575077.875,2.885679971652322,0.005105204463953668,-0.02327478897571564,-0.001991014461964341,-0.0086150330528617,-0.0031768269836903,-0.007096218925918009
Jackson - MS,2012,577272.0,2.9539029461861803,0.02364190596464322,-0.0086150330528617,-0.003262425772845799,0.0019844329357147014,-0.004142338410019899,-0.026904331737489018
Jackson - MS,2013,578309.8125,2.910862149654223,-0.014570822845594078,0.0019844329357147014,-0.004142338410019899,0.011191387489438098,0.009183363988995597,0.01042848443557418
Jackson - MS,2014,579676.375,2.9374272647992554,0.009126201715937657,0.011191387489438098,0.009183363988995597,0.0339684171378613,0.003704965114593603,0.00005716227305794033
Jackson - MS,2015,580845.0625,2.8331223689857556,-0.03550892887236409,0.0339684171378613,0.003704965114593603,0.001382388442754701,-0.0117711685597897,0.039213893986957696
Jackson - MS,2016,582511.75,2.76010254220309,-0.025773622622875476,0.001382388442754701,-0.0117711685597897,-0.013875923402607442,-0.01666549686342474,0.014002454063085777
Jackson - MS,2017,582015.625,2.9209384655202215,0.05827172029223011,-0.013875923402607442,-0.01666549686342474,0.006379949137568501,-0.0027550738304852954,-0.07493721715565485
Jackson - MS,2018,580436.875,2.864609476629437,-0.01928455171367408,0.006379949137568501,-0.0027550738304852954,0.024997464537620504,0.007196269929408999,0.016529477883188783
Jackson - MS,2019,577676.5,2.5988452235497927,-0.0927750380105383,0.024997464537620504,0.007196269929408999,0.026112536072730997,0.007263345643877997,0.0999713079399473
Jackson - MS,2020,572601.0,2.582657618180731,-0.006228768540109943,0.026112536072730997,0.007263345643877997,0.039528971791267395,-0.004060640931129511,0.013492114183987939
Jackson - MS,2021,567647.0,2.4952992926381037,-0.03382497351862066,0.039528971791267395,-0.004060640931129511,-0.026032594889402405,0.006070911884307896,0.02976433258749115
Jackson - MS,2022,565788.5625,2.4783729106197634,-0.0067833073444449315,-0.026032594889402405,0.006549615412950495,-0.0188048638254404,0.0007540639489889006,0.013332922757395426
Jacksonville - FL,2006,1288358.0,2.531821992827293,-0.000017563531938598974,0.013471515506506,0.007108476012945203,-0.0170374781787395,-0.016115722246467998,0.007126039544883802
Jacksonville - FL,2007,1310764.0,2.7261346362569157,0.07674814579386484,-0.0170374781787395,-0.016115722246467998,-0.0614928224235773,-0.0319820181466639,-0.09286386804033284
Jacksonville - FL,2008,1325845.0,2.7463362020092474,0.007410333108150992,-0.0614928224235773,-0.0319820181466639,-0.03220593249797819,-0.005639230832457542,-0.03939235125481489
Jacksonville - FL,2009,1338707.0,2.7589983900117625,0.00461057462420343,-0.03220593249797819,-0.005639230832457542,-0.01411245850287378,-0.004652349743992095,-0.010249805456660974
Jacksonville - FL,2010,1353527.0,2.7703916790741356,0.004129501888663502,-0.01411245850287378,-0.004652349743992095,-0.0185330066531897,0.002750767860561599,-0.008781851632655598
Jacksonville - FL,2011,1369629.0,2.855073250731929,0.030566642362315315,-0.0185330066531897,0.002750767860561599,-0.0043485707640648005,0.0010896353051066,-0.027815874501753716
Jacksonville - FL,2012,1388039.0,2.7737758426989982,-0.02847471882274448,-0.0043485707640648005,0.001004036515951101,0.0009304030239581998,-0.0051963683217764005,0.02947875533869558
Jacksonville - FL,2013,1408009.0,2.8129009192845693,0.014105349099695366,0.0009304030239581998,-0.0051963683217764005,0.009107301771640798,0.007099278271198297,-0.019301717421471767
Jacksonville - FL,2014,1435023.0,2.8110588860134067,-0.0006548518145570211,0.009107301771640798,0.007099278271198297,0.0400683341324329,0.009804882109165206,0.007754130085755318
Jacksonville - FL,2015,1466608.0,2.79350554453773,-0.006244387680035542,0.0400683341324329,0.009804882109165206,0.0224709587991238,0.0093174017965794,0.016049269789200748
Jacksonville - FL,2016,1500427.0,2.790180769606005,-0.0011901801799628433,0.0224709587991238,0.0093174017965794,0.0193932631015778,0.0166036896407605,0.010507581976542245
Jacksonville - FL,2017,1531576.0,2.736784917604777,-0.019137058280552833,0.0193932631015778,0.0166036896407605,0.0171816947162151,0.008046671748161302,0.035740747921313334
Jacksonville - FL,2018,1561516.0,2.688036942179659,-0.017812132444730854,0.0171816947162151,0.008046671748161302,0.01820320931077,0.00040201470255849664,0.025858804192892156
Jacksonville - FL,2019,1591005.0,2.6379284096398252,-0.018641310970675173,0.01820320931077,0.00040201470255849664,0.027563421159982702,0.008714230731129702,0.01904332567323367
Jacksonville - FL,2020,1620148.0,2.557729805329292,-0.030402115545464504,0.027563421159982702,0.008714230731129702,0.11796904194355,0.07437942922115309,0.0391163462765942
Jacksonville - FL,2021,1651216.0,2.47168025889577,-0.03364293845824879,0.11796904194355,0.07437942922115309,-0.05683939337730411,-0.024735886603593805,0.10802236767940188
Jacksonville - FL,2022,1691503.0,2.5002897378584508,0.011574910977952433,-0.05683939337730411,-0.024257183074951207,-0.0708055279999971,-0.051246600225567804,-0.03583209405290364
Kalamazoo - MI,2006,321397.1875,2.196199056226587,-0.0589532163027588,-0.012835996568203,-0.019199036061763798,-0.0091158998161554,-0.0081941438838839,0.039754180240995
Kalamazoo - MI,2007,322391.125,2.3998913352971667,0.092747639833957,-0.0091158998161554,-0.0081941438838839,-0.023170659609139,0.006340144667774404,-0.10094178371784089
Kalamazoo - MI,2008,323937.0,2.245595550255812,-0.06429282141737022,-0.023170659609139,0.006340144667774404,-0.0153928796797991,0.01117382198572155,0.07063296608514463
Kalamazoo - MI,2009,325925.0,2.2188129261214313,-0.011926735485083004,-0.0153928796797991,0.01117382198572155,-0.014904702952131631,-0.005444594193249946,0.023100557470804556
Kalamazoo - MI,2010,327129.0,2.5190768037654148,0.13532636037453416,-0.014904702952131631,-0.005444594193249946,-0.0211691580414772,0.00011461647227409971,-0.1407709545677841
Kalamazoo - MI,2011,328456.09375,2.49653296465768,-0.00894924643585181,-0.0211691580414772,0.00011461647227409971,-0.009112768158316601,-0.003674562089145201,0.00906386290812591
Kalamazoo - MI,2012,330185.90625,2.4214678528676536,-0.030067743087189434,-0.009112768158316601,-0.0037601608783006998,0.008156313225626901,0.0020295418798923007,0.026307582208888736
Kalamazoo - MI,2013,331617.71875,2.3647361951022474,-0.023428623137912424,0.008156313225626901,0.0020295418798923007,0.0104116581529379,0.008403634652495398,0.025458165017804724
Kalamazoo - MI,2014,332559.6875,2.362136739898378,-0.0010992580099434249,0.0104116581529379,0.008403634652495398,0.0455493723750114,0.015285920351743705,0.009502892662438823
Kalamazoo - MI,2015,333043.78125,2.358037617244565,-0.0017353452002060253,0.0455493723750114,0.015285920351743705,0.029011868208646804,0.015858311206102406,0.01702126555194973
Kalamazoo - MI,2016,334564.0,2.453063287773686,0.04029862366664067,0.029011868208646804,0.015858311206102406,0.008863810166716599,0.006074236705899301,-0.024440312460538266
Kalamazoo - MI,2017,335955.1875,2.2015845265995657,-0.10251621408526869,0.008863810166716599,0.006074236705899301,0.0188793393075466,0.009744316339492805,0.108590450791168
Kalamazoo - MI,2018,337065.71875,2.3194521409677265,0.05353762844173506,0.0188793393075466,0.009744316339492805,0.016286379814147902,-0.0015148147940636028,-0.04379331210224226
Kalamazoo - MI,2019,337216.09375,2.2997065739827733,-0.008513030571398135,0.016286379814147902,-0.0015148147940636028,0.03306403952836989,0.014214849099516893,0.006998215777334532
Kalamazoo - MI,2020,337087.1875,2.3631418609126156,0.02758407861572579,0.03306403952836989,0.014214849099516893,0.059621347367764005,0.0160317346453671,-0.013369229516208898
Kalamazoo - MI,2021,336390.28125,1.946254703914978,-0.17641224333296732,0.059621347367764005,0.0160317346453671,-0.0310027058422565,0.001100800931453802,0.1924439779783344
Kalamazoo - MI,2022,337569.6875,1.9693412683065656,0.01186204680463866,-0.0310027058422565,0.0015795044600964009,-0.016685939192771903,0.0028729885816573993,-0.01028254234454226
Kansas City - MO,2006,1937386.0,2.4140433672518284,0.0006733618881156432,-0.0180456380993128,-0.024408677592873598,0.0016906439363955986,0.0026123998686670997,-0.025082039480989242
Kansas City - MO,2007,1959475.0,2.4014119516514563,-0.005232472527928075,0.0016906439363955986,0.0026123998686670997,-0.020879338786006,0.008631465490907403,0.007844872396595174
Kansas City - MO,2008,1979209.0,2.368160632285736,-0.013846570282476295,-0.020879338786006,0.008631465490907403,-0.0135986345857382,0.012968067079782451,0.022478035773383698
Kansas City - MO,2009,1999744.0,2.5889693474216386,0.09324059868471822,-0.0135986345857382,0.012968067079782451,-0.01149082480370998,-0.0020307160448282957,-0.08027253160493578
Kansas City - MO,2010,2017674.0,2.6082935774382854,0.007464062885059566,-0.01149082480370998,-0.0020307160448282957,-0.0215129119977355,-0.00022913748398420072,-0.009494778929887862
Kansas City - MO,2011,2032196.0,2.489981268927685,-0.045360042877842024,-0.0215129119977355,-0.00022913748398420072,-0.005449886716902301,-0.00001168064773090019,0.04513090539385782
Kansas City - MO,2012,2048427.0,2.4928410754721044,0.0011485253243094563,-0.005449886716902301,-0.00009727943688639905,0.0062768670171499015,0.00015009567141530122,-0.0012458047611958554
Kansas City - MO,2013,2065789.0,2.5329481001608536,0.01608888151088955,0.0062768670171499015,0.00015009567141530122,0.0016391471177340002,-0.00036887638270850093,-0.015938785839474248
Kansas City - MO,2014,2084054.0,2.528962089227618,-0.0015736646688427384,0.0016391471177340002,-0.00036887638270850093,0.0305208174288273,0.00025736540555960224,0.0012047882861342374
Kansas City - MO,2015,2104093.0,2.5242394797813037,-0.0018674101388988288,0.0305208174288273,0.00025736540555960224,0.0166333841979504,0.003479827195406,0.0021247755444584312
Kansas City - MO,2016,2127481.0,2.5029531623321266,-0.00843276464839275,0.0166333841979504,0.003479827195406,-0.0043906888961792005,-0.007180262356996498,0.01191259184379875
Kansas City - MO,2017,2149511.0,2.4459929047708133,-0.022757220717722328,-0.0043906888961792005,-0.007180262356996498,0.00040055832266809935,-0.008734464645385697,0.01557695836072583
Kansas City - MO,2018,2168662.0,2.4372067881244672,-0.0035920450256454635,0.00040055832266809935,-0.008734464645385697,0.0181217893660069,0.0003205947577953963,-0.005142419619740234
Kansas City - MO,2019,2184463.0,2.392748962291849,-0.018241302317572494,0.0181217893660069,0.0003205947577953963,0.009792151033878298,-0.009057039394974702,0.01856189707536789
Kansas City - MO,2020,2197301.0,2.3007647001001423,-0.03844292219590026,0.009792151033878298,-0.009057039394974702,0.025074972093105302,-0.018514640629291604,0.029385882800925557
Kansas City - MO,2021,2204588.0,2.262548197853091,-0.016610347961870203,0.025074972093105302,-0.018514640629291604,-0.0214767362177372,0.010626770555973102,-0.0019042926674214013
Kansas City - MO,2022,2213883.0,2.2092964766909233,-0.02353617094773836,-0.0214767362177372,0.0111054740846157,-0.013065927460789703,0.006493000313639599,0.03464164503235406
Kennewick-Richland - WA,2006,225412.796875,2.945714887249998,0.009238109353135458,0.0191849485337734,0.012821909040212603,0.022030691713094696,0.0229524476453662,0.0035837996870771455
Kennewick-Richland - WA,2007,231276.703125,2.9035338519492786,-0.014319456198321357,0.022030691713094696,0.0229524476453662,-0.0228374109715223,0.0066733933053911045,0.03727190384368756
Kennewick-Richland - WA,2008,239421.203125,3.031788633837671,0.04417196024847063,-0.0228374109715223,0.0066733933053911045,-0.0430882691442966,-0.01652156747877595,-0.03749856694307953
Kennewick-Richland - WA,2009,248107.796875,3.096784602618852,0.02143815965788769,-0.0430882691442966,-0.01652156747877595,-0.0006577076241374002,0.008802401134744285,-0.03795972713666364
Kennewick-Richland - WA,2010,257589.390625,3.0114619500642887,-0.027552013944530964,-0.0006577076241374002,0.008802401134744285,-0.02779433118924499,-0.0065105566754936894,0.03635441507927525
Killeen - TX,2006,369275.21875,2.9439126435084972,-0.0008819168696772354,0.007150681346654898,0.000787641853094101,0.0063417992591857965,0.007263555191457298,0.0016695587227713365
Killeen - TX,2007,383659.6875,2.9164078191163005,-0.009342948559579877,0.0063417992591857965,0.007263555191457298,-0.022397236257791497,0.007113568019121906,0.016606503751037175
Killeen - TX,2008,393038.21875,3.02848002596158,0.038428167045320316,-0.022397236257791497,0.007113568019121906,-0.0271041511595249,-0.0005374494940042496,-0.03131459902619841
Killeen - TX,2009,398684.90625,3.1539966237607713,0.041445410477600274,-0.0271041511595249,-0.0005374494940042496,-0.01398157950863242,-0.004521470749750735,-0.04198285997160452
Killeen - TX,2010,409787.8125,3.1867854678047585,0.010395966754362069,-0.01398157950863242,-0.004521470749750735,-0.02377452921867371,-0.00249075470492241,-0.014917437504112804
Knoxville - TN,2006,807719.5,2.312651473726092,-0.011334116157829094,0.031670679926872294,0.025307640433311497,-0.0009794020056725014,-0.000057646073401000295,0.03664175659114059
Knoxville - TN,2007,819129.25,2.32971410121836,0.007377950238553298,-0.0009794020056725014,-0.000057646073401000295,-0.0534039114713669,-0.0238931071944535,-0.007435596311954298
Knoxville - TN,2008,828825.0,2.292943066253066,-0.015783496758707053,-0.0534039114713669,-0.0238931071944535,-0.029409763127565398,-0.002843061462044747,-0.008109610435746446
Knoxville - TN,2009,835159.0,2.4024479577695526,0.047757353040357144,-0.029409763127565398,-0.002843061462044747,-0.00818295142054558,0.001277157338336105,-0.050600414502401894
Knoxville - TN,2010,840165.875,2.432397673021538,0.012466332581785006,-0.00818295142054558,0.001277157338336105,-0.02828871749155223,-0.007004942977800931,-0.0111891752434489
Knoxville - TN,2011,845128.4375,2.4193696413970875,-0.005356045094495975,-0.02828871749155223,-0.007004942977800931,-0.0065537535622716015,-0.001115547493100201,-0.001648897883304956
Knoxville - TN,2012,849873.25,2.403406136579943,-0.0065982082869843845,-0.0065537535622716015,-0.0012011462822556999,0.007037575021386102,0.0009108036756515017,0.005397062004728685
Knoxville - TN,2013,854260.0625,2.4743496444947284,0.029517902461436856,0.007037575021386102,0.0009108036756515017,-0.009411112576723099,-0.0114191360771656,-0.028607098785785354
Knoxville - TN,2014,859060.125,2.579870922634931,0.042646065957161944,-0.009411112576723099,-0.0114191360771656,0.0293949043154716,-0.0008685477077960968,-0.05406520203432755
Knoxville - TN,2015,864952.0,2.544795471630411,-0.013595816246766286,0.0293949043154716,-0.0008685477077960968,0.021058064222335804,0.007904507219791404,0.01272726853897019
Knoxville - TN,2016,873170.6875,2.5345668647373003,-0.004019421995653446,0.021058064222335804,0.007904507219791404,0.014363964736461596,0.011574391275644299,0.01192392921544485
Knoxville - TN,2017,882071.5,2.4860817371984307,-0.019129551566947872,0.014363964736461596,0.011574391275644299,-0.005626693159341802,-0.014761716127395599,0.03070394284259217
Knoxville - TN,2018,890111.3125,2.4283058462248905,-0.02323973910795384,-0.005626693159341802,-0.014761716127395599,0.03206884038448331,0.014267645776271803,0.00847802298055824
Knoxville - TN,2019,898334.75,2.4113732598617297,-0.006973003993498066,0.03206884038448331,0.014267645776271803,0.0350500849187374,0.0162008944898844,0.02124064976976987
Knoxville - TN,2020,908686.875,2.286207840351722,-0.05190628161696737,0.0350500849187374,0.0162008944898844,0.070017902433872,0.026428289711475095,0.06810717610685177
Knoxville - TN,2021,920661.8125,2.3222810591351077,0.015778626136561565,0.070017902433872,0.026428289711475095,0.009929282665252698,0.042032789438963,0.01064966357491353
Knoxville - TN,2022,936869.6875,2.229717788049149,-0.0398587719267849,0.009929282665252698,0.0425114929676056,-0.004528987020254102,0.0150299407541752,0.0823702648943905
Lafayette - LA,2006,451608.3125,2.6514929868190547,0.09136340410417187,0.0324784793257713,0.026115439832210506,-0.0008690384179354006,0.00005271751433610049,-0.06524796427196136
Lafayette - LA,2007,455511.0,2.584999159423617,-0.025077881678732716,-0.0008690384179354006,0.00005271751433610049,-0.0644500267803669,-0.0349392225034535,0.025130599193068814
Lafayette - LA,2008,460352.28125,2.7923542405499657,0.08021475766072719,-0.0644500267803669,-0.0349392225034535,-0.02070812946558,0.00585857219994065,-0.11515398016418069
Lafayette - LA,2009,464861.5,2.5678984138872485,-0.08038228939696052,-0.02070812946558,0.00585857219994065,-0.00665753631293774,0.0028025724459439447,0.08624086159690117
Lafayette - LA,2010,467906.5,2.775890591016775,0.08099704256395054,-0.00665753631293774,0.0028025724459439447,-0.02422132051363587,-0.0029375459998845707,-0.07819447011800659
Lafayette - LA,2011,470056.5,2.5803663487007498,-0.0704365809476688,-0.02422132051363587,-0.0029375459998845707,0.003975853040814398,0.009414059109985799,0.06749903494778423
Lafayette - LA,2012,472852.125,2.6431347243272265,0.02432537366567406,0.003975853040814398,0.0093284603208303,0.007015133872628202,0.0008883625268936018,-0.014996913344843758
Lafayette - LA,2013,477126.0,2.6568370901740748,0.005184134475149011,0.007015133872628202,0.0008883625268936018,0.000733730211853998,-0.001274293288588503,-0.004295771948255409
Lafayette - LA,2014,481024.09375,2.8211108915503575,0.0618305887040743,0.000733730211853998,-0.001274293288588503,-0.0206972861886024,-0.050960738211870096,-0.0631048819926628
Lafayette - LA,2015,483691.0,2.906627693271849,0.030313165631888832,-0.0206972861886024,-0.050960738211870096,-0.02123361519724131,-0.03438717219978571,-0.08127390384375893
Lafayette - LA,2016,483467.40625,2.8989492222251942,-0.002641711239602065,-0.02123361519724131,-0.03438717219978571,-0.019254021862521772,-0.02204359532333907,-0.031745460960183644
Lafayette - LA,2017,481674.1875,2.879352890528971,-0.006759805085920561,-0.019254021862521772,-0.02204359532333907,-0.0113829074203968,-0.020517930388450595,-0.015283790237418509
Lafayette - LA,2018,480062.28125,2.7666919364039733,-0.039127178365518274,-0.0113829074203968,-0.020517930388450595,0.0059458251744509,-0.011855369433760605,0.01860924797706768
Lafayette - LA,2019,478773.1875,2.6737433599315237,-0.033595564164350056,0.0059458251744509,-0.011855369433760605,0.032667087495327,0.013817897066473999,0.02174019473058945
Lafayette - LA,2020,478687.0,2.6143382128865404,-0.02221796898506543,0.032667087495327,0.013817897066473999,0.050971133887767806,0.0073815211653708995,0.036035866051539425
Lafayette - LA,2021,480224.40625,2.534232339368941,-0.030640975648346898,0.050971133887767806,0.0073815211653708995,-0.0600828918814659,-0.0279793851077556,0.0380224968137178
Lafayette - LA,2022,481837.09375,2.449681747347203,-0.03336339399835482,-0.0600828918814659,-0.027500681579113,-0.014241550847888002,0.005317376926541301,0.005862712419241821
Lakeland - FL,2006,572706.1875,2.682807106058729,-0.03991351088430702,0.0286601871550083,0.022297147661447504,-0.0037626613825560012,-0.0028409054502845,0.06221065854575453
Lakeland - FL,2007,588182.9375,2.8360384756190733,0.05711605922553795,-0.0037626613825560012,-0.0028409054502845,-0.0526903041750193,-0.023179499898105894,-0.059956964675822455
Lakeland - FL,2008,595796.8125,3.12445213914362,0.1016959628735606,-0.0526903041750193,-0.023179499898105894,-0.0288406281769276,-0.0022739265114069505,-0.1248754627716665
Lakeland - FL,2009,599738.0,2.9316795490973155,-0.06169804543690063,-0.0288406281769276,-0.0022739265114069505,-0.0040175562575459,0.005442552501335785,0.05942411892549368
Lakeland - FL,2010,604126.5,3.1772698442902647,0.08377119363832522,-0.0040175562575459,0.005442552501335785,-0.0194257361516356,0.0018580383621157014,-0.07832864113698944
Lakeland - FL,2011,609126.5625,3.2255346303487693,0.015190647450117958,-0.0194257361516356,0.0018580383621157014,-0.003018377631902703,0.0024198284372686975,-0.013332609088002257
Lakeland - FL,2012,613669.625,3.1036315091594613,-0.03779315219323096,-0.003018377631902703,0.0023342296481131987,0.012393363416194899,0.006266592070460299,0.040127381841344165
Lakeland - FL,2013,620456.625,3.4939067689104766,0.12574793708571133,0.012393363416194899,0.006266592070460299,0.0106271196305752,0.0086190961301327,-0.11948134501525104
Lakeland - FL,2014,631432.375,3.3691652747919565,-0.03570258234378099,0.0106271196305752,0.0086190961301327,0.0443890487551689,0.014125596731901204,0.04432167847391369
Lakeland - FL,2015,644896.1875,3.212892300309992,-0.04638329133070332,0.0443890487551689,0.014125596731901204,0.023841444671154004,0.010687887668609604,0.06050888806260452
Lakeland - FL,2016,661395.6875,3.179422932339729,-0.010417208185606984,0.023841444671154004,0.010687887668609604,0.017538139313459402,0.014748565852642104,0.021105095854216587
Lakeland - FL,2017,679834.25,3.2350281231802955,0.01748908277504517,0.017538139313459402,0.014748565852642104,0.0097166264653206,0.0005816034972668041,-0.0027405169224030655
Lakeland - FL,2018,698757.0,3.284561393423842,0.015311542390812742,0.0097166264653206,0.0005816034972668041,0.0224020063579082,0.004600811749696697,-0.014729938893545938
Lakeland - FL,2019,715691.0,3.502914496672369,0.06647861832806687,0.0224020063579082,0.004600811749696697,-0.0007642888352275001,-0.0196134792640805,-0.06187780657837017
Lakeland - FL,2020,736539.125,3.5757087670541208,0.020781058301852177,-0.0007642888352275001,-0.0196134792640805,0.08217299568653101,0.038583382964134105,-0.04039453756593268
Lakeland - FL,2021,764246.8125,3.028226630373793,-0.15311150106091442,0.08217299568653101,0.038583382964134105,-0.034768273979425404,-0.002664767205715103,0.19169488402504853
Lakeland - FL,2022,798796.0,2.7395681171602075,-0.09532262556516596,-0.034768273979425404,-0.002186063677072504,-0.047470677442848684,-0.027911749668419382,0.09313656188809347
Lancaster - PA,2006,502323.0,2.2664205044732997,-0.03209082567828249,-0.000983499333262399,-0.007346538826823196,0.0022118586152791997,0.003133614547550701,0.024744286851459293
Lancaster - PA,2007,507965.09375,2.349375195569512,0.03660163280930531,0.0022118586152791997,0.003133614547550701,-0.03178240015357733,-0.0022715958766639233,-0.03346801826175461
Lancaster - PA,2008,513133.78125,2.488852162891464,0.059367685325434544,-0.03178240015357733,-0.0022715958766639233,-0.0248898702710867,0.001676831394433951,-0.06163928120209847
Lancaster - PA,2009,517590.28125,2.465663706793566,-0.009316927876888564,-0.0248898702710867,0.001676831394433951,-0.00009865237772459928,0.009361456381157086,0.010993759271322515
Lancaster - PA,2010,521605.40625,2.378075568989451,-0.03552314841751783,-0.00009865237772459928,0.009361456381157086,-0.0209494003728032,0.0003343741409480988,0.04488460479867491
Lancaster - PA,2011,525712.5,2.4660309106555034,0.036985932160023174,-0.0209494003728032,0.0003343741409480988,-0.003322672381997103,0.0021155336871742977,-0.036651558019075076
Lancaster - PA,2012,529456.125,2.5094813876862685,0.01761959951232541,-0.003322672381997103,0.002029934898018799,0.0037401752918959016,-0.0023865960538386986,-0.015589664614306612
Lancaster - PA,2013,533250.9375,2.532614169935598,0.009218152548506452,0.0037401752918959016,-0.0023865960538386986,-0.0021047407612205006,-0.004112764261663002,-0.011604748602345151
Lancaster - PA,2014,537095.25,2.5988917628178885,0.026169636760729198,-0.0021047407612205006,-0.004112764261663002,0.0283761361390352,-0.0018873158842324968,-0.0302824010223922
Lancaster - PA,2015,540225.25,2.5150943892514,-0.03224350269810003,0.0283761361390352,-0.0018873158842324968,0.017323868617415403,0.0041703116148710025,0.030356186813867533
Lancaster - PA,2016,543450.625,2.571511578454243,0.02243144012564676,0.017323868617415403,0.0041703116148710025,0.0082307380586863,0.005441164597869003,-0.018261128510775756
Lancaster - PA,2017,547039.9375,2.468778491790925,-0.039950466303197346,0.0082307380586863,0.005441164597869003,0.013174105644226101,0.004039082676172305,0.04539163090106635
Lancaster - PA,2018,550020.625,2.358360745438275,-0.04472565955990227,0.013174105644226101,0.004039082676172305,0.010752401471138002,-0.007048793137073503,0.048764742236074576
Lancaster - PA,2019,552077.5,2.303169865063478,-0.023402221429249616,0.010752401471138002,-0.007048793137073503,0.0353757460713387,0.0165265556424857,0.016353428292176113
Lancaster - PA,2020,553699.125,2.127556114391616,-0.07624871848825711,0.0353757460713387,0.0165265556424857,0.021199187517166096,-0.02239042520523081,0.09277527413074281
Lancaster - PA,2021,556397.1875,2.375622610037385,0.11659692262298083,0.021199187517166096,-0.02239042520523081,-0.020407332032918904,0.011696174740791397,-0.13898734782821165
Lancaster - PA,2022,557685.9375,2.2042832786505056,-0.0721239689599448,-0.020407332032918904,0.012174878269433996,-0.0007454741597176032,0.0188134536147117,0.0842988472293788
Lansing - MI,2006,463436.625,2.369018484418737,-0.037860942814467266,-0.011472883045673402,-0.0178359225392342,-0.009211460962891601,-0.0082897050306201,0.020025020275233067
Lansing - MI,2007,463759.40625,2.3318389969098283,-0.01569404702978974,-0.009211460962891601,-0.0082897050306201,-0.022905494377017,0.006605309899896404,0.0074043419991696394
Lansing - MI,2008,463534.90625,2.3425373396501334,0.004587942286960057,-0.022905494377017,0.006605309899896404,-0.0159155211448669,0.010651180520653749,0.0020173676129363475
Lansing - MI,2009,463409.6875,2.327014074515972,-0.006626688450771804,-0.0159155211448669,0.010651180520653749,-0.0151201211232692,-0.005660012364387516,0.017277868971425553
Lansing - MI,2010,464503.28125,2.3918008016750396,0.027841141086584663,-0.0151201211232692,-0.005660012364387516,-0.023244018077850342,-0.001960243564099042,-0.03350115345097218
Lansing - MI,2011,465752.5,2.506837771170049,0.048096383868776266,-0.023244018077850342,-0.001960243564099042,-0.011765417926013471,-0.0063272118568420705,-0.05005662743287531
Lansing - MI,2012,466265.0,2.4496173366129943,-0.02282574294001785,-0.011765417926013471,-0.006412810645997569,-0.0011677251756190988,-0.007294496521353699,0.016412932294020282
Lansing - MI,2013,467114.40625,2.429410265655566,-0.008249072479772747,-0.0011677251756190988,-0.007294496521353699,-0.004264225423336,-0.006272248923778501,0.0009545759584190482
Lansing - MI,2014,468337.5,2.4668801480590905,0.015423447794402722,-0.004264225423336,-0.006272248923778501,0.0332985205352306,0.0030350685119629045,-0.021695696718181223
Lansing - MI,2015,469600.5,2.392380734368138,-0.03019985131809815,0.0332985205352306,0.0030350685119629045,0.019030552625656103,0.005876995623111702,0.03323491983006105
Lansing - MI,2016,472281.71875,2.382364168448368,-0.004186861136221061,0.019030552625656103,0.005876995623111702,-0.0005756842941046017,-0.0033652577549218993,0.010063856759332763
Lansing - MI,2017,474021.21875,2.394571164991318,0.005123900327505464,-0.0005756842941046017,-0.0033652577549218993,0.0065204913020134,-0.0026145316660403962,-0.008489158082427364
Lansing - MI,2018,473832.5,2.4293858221406213,0.01453899456332489,0.0065204913020134,-0.0026145316660403962,0.0154626138210297,-0.0023385807871818057,-0.017153526229365286
Lansing - MI,2019,473743.0,2.4119547610159526,-0.007175089673203692,0.0154626138210297,-0.0023385807871818057,0.017789799824357,-0.0010593906044959987,0.004836508886021887
Lansing - MI,2020,470021.6875,2.0638343875697016,-0.1443312200845829,0.017789799824357,-0.0010593906044959987,0.031900374472141294,-0.011689238250255612,0.1432718294800869
Lansing - MI,2021,463252.09375,1.988282006224344,-0.036607773278904125,0.031900374472141294,-0.011689238250255612,-0.0217038895189762,0.010399617254734102,0.024918535028648513
Lansing - MI,2022,474096.71875,2.0806522433805053,0.04645731182347118,-0.0217038895189762,0.0108783207833767,-0.0098409306108952,0.009717997163534102,-0.03557899104009448
Las Vegas - NV,2006,1819682.0,2.7396543664544497,0.026382080743413538,0.015058466821908999,0.008695427328348201,-0.002958650603890403,-0.002036894671618902,-0.017686653415065336
Las Vegas - NV,2007,1878938.0,2.827405513725651,0.032030006538658874,-0.002958650603890403,-0.002036894671618902,-0.051833861798048,-0.022323057521134594,-0.03406690121027778
Las Vegas - NV,2008,1919195.0,2.9387318630234827,0.039374029921564975,-0.051833861798048,-0.022323057521134594,-0.0753985053896904,-0.048831803724169745,-0.06169708744269957
Las Vegas - NV,2009,1942583.0,2.9952829331797695,0.019243358289280886,-0.0753985053896904,-0.048831803724169745,-0.0373705860078335,-0.027910477248951817,-0.06807516201345062
Las Vegas - NV,2010,1953029.0,3.0593132299700856,0.02137704457933864,-0.0373705860078335,-0.027910477248951817,-0.0274922734759748,-0.006208498962223499,-0.04928752182829046
Las Vegas - NV,2011,1962635.0,3.1006708598955814,0.013518599377253127,-0.0274922734759748,-0.006208498962223499,-0.014615630082786081,-0.00917742401361468,-0.019727098339476626
Las Vegas - NV,2012,1986332.0,3.1084918618758937,0.00252235801015513,-0.014615630082786081,-0.00926302280277018,0.008083798587322201,0.0019570272415876007,-0.011785380812925308
Las Vegas - NV,2013,2012015.0,3.077556747815036,-0.009951807962009285,0.008083798587322201,0.0019570272415876007,0.010052996516227701,0.0080449730157852,0.011908835203596885
Las Vegas - NV,2014,2046114.0,3.0062547146221945,-0.023168389419127255,0.010052996516227701,0.0080449730157852,0.0547709708809853,0.024507518857717604,0.031213362434912455
Las Vegas - NV,2015,2085304.875,3.012128966855141,0.0019540101523581976,0.0547709708809853,0.024507518857717604,0.0405493269562721,0.0273957699537277,0.022553508705359406
Las Vegas - NV,2016,2123796.0,2.9854383973430414,-0.008861031451772888,0.0405493269562721,0.0273957699537277,0.028919623881578396,0.026130050420761098,0.03625680140550059
Las Vegas - NV,2017,2163224.0,2.919012151836757,-0.022250080780565444,0.028919623881578396,0.026130050420761098,0.045440633058548,0.036305610090494204,0.048380131201326546
Las Vegas - NV,2018,2204967.0,2.790678416309752,-0.04396478289624524,0.045440633058548,0.036305610090494204,0.0421249597966671,0.024323765188455592,0.08027039298673944
Las Vegas - NV,2019,2246692.0,2.8535522395596082,0.02252994213965975,0.0421249597966671,0.024323765188455592,0.0383511652350426,0.019501974806189603,0.0017938230487958423
Las Vegas - NV,2020,2281069.0,2.802180226188411,-0.018002829126101974,0.0383511652350426,0.019501974806189603,0.15229124414920803,0.10870163142681112,0.03750480393229158
Las Vegas - NV,2021,2302467.0,2.682207658529096,-0.04281400837036962,0.15229124414920803,0.10870163142681112,-0.08646330835297704,-0.05435980157926674,0.15151563979718075
Las Vegas - NV,2022,2329620.0,2.840099451005409,0.0588663565903393,-0.08646330835297704,-0.05388109805062414,-0.050446386247873315,-0.030887458473444013,-0.11274745464096345
Lehigh Valley - PA,2006,800788.875,2.336896293990275,0.04494063257776902,-0.00005928274989130261,-0.0064223222434521,0.003169442623853696,0.004091198556125197,-0.05136295482122112
Lehigh Valley - PA,2007,809190.625,2.337700632319602,0.00034419085322497876,0.003169442623853696,0.004091198556125197,-0.03202013560757041,-0.0025093313306570053,0.003747007702900218
Lehigh Valley - PA,2008,815016.8125,2.3907340627596843,0.02268615138605644,-0.03202013560757041,-0.0025093313306570053,-0.0236073403656483,0.00295936129987235,-0.025195482716713444
Lehigh Valley - PA,2009,818927.4375,2.4262071880002765,0.014837754559637088,-0.0236073403656483,0.00295936129987235,-0.0017635982334614012,0.007696510525420284,-0.011878393259764738
Lehigh Valley - PA,2010,823360.5,2.4527974204482854,0.010959588521343515,-0.0017635982334614012,0.007696510525420284,-0.021744883961975603,-0.00046110944822430264,-0.0032630779959232307
Lehigh Valley - PA,2011,827474.1875,2.4403797619942633,-0.005062651465016863,-0.021744883961975603,-0.00046110944822430264,-0.005600393101573002,-0.00016218703240160164,0.0046015420167925605
Lehigh Valley - PA,2012,830026.5,2.474421980614225,0.013949557831172351,-0.005600393101573002,-0.0002477858215571005,-0.006647799499332899,-0.0127745708450675,-0.014197343652729452
Lehigh Valley - PA,2013,831915.5625,2.4563644925903088,-0.007297659075689973,-0.006647799499332899,-0.0127745708450675,0.0037373274713754998,0.0017293039709329987,-0.005476911769377526
Lehigh Valley - PA,2014,836138.0,2.550129410463967,0.03817223305275036,0.0037373274713754998,0.0017293039709329987,0.0303364118337631,0.00007295981049540434,-0.03644292908181736
Lehigh Valley - PA,2015,839834.4375,2.5461819881154444,-0.0015479302079043644,0.0303364118337631,0.00007295981049540434,0.015235478326678301,0.0020819213241339007,0.0016208900183997687
Lehigh Valley - PA,2016,845038.8125,2.6096766119089723,0.0249371899141127,0.015235478326678301,0.0020819213241339007,0.013405071288347201,0.010615497827529904,-0.0228552685899788
Lehigh Valley - PA,2017,851444.5625,2.4476512810528788,-0.06208636354278868,0.013405071288347201,0.010615497827529904,0.008695055007934598,-0.00043996796011919886,0.07270186137031859
Lehigh Valley - PA,2018,856768.6875,2.5491991615942644,0.04148788731771624,0.008695055007934598,-0.00043996796011919886,0.018371119320392603,0.0005699247121810982,-0.04192785527783544
Lehigh Valley - PA,2019,859808.75,2.5333191945995956,-0.006229394405079538,0.018371119320392603,0.0005699247121810982,0.040119828760623893,0.021270638331770893,0.006799319117260636
Lehigh Valley - PA,2020,863685.125,2.25612148941442,-0.10942075746952538,0.040119828760623893,0.021270638331770893,0.053667454302311,0.010077841579914093,0.13069139580129627
Lehigh Valley - PA,2021,870253.1875,2.407644567842893,0.06716086839268624,0.053667454302311,0.010077841579914093,-0.0254186074435711,0.006684899330139202,-0.05708302681277215
Lehigh Valley - PA,2022,873024.3125,2.2785838870492428,-0.05360454051956723,-0.0254186074435711,0.007163602858781801,-0.0176054227948189,0.0019535049796104015,0.06076814337834903
Lincoln - NE,2006,289814.21875,2.0333836937454217,-0.027219801230202647,-0.0126067179888487,-0.018969757482409498,-0.0080677297860384,-0.007145973853766899,0.008250043747793149
Lincoln - NE,2007,293439.09375,2.467182147382736,0.21333821795249705,-0.0080677297860384,-0.007145973853766899,-0.02125433768332,0.008256466593593404,-0.22048419180626394
Lincoln - NE,2008,297114.40625,2.087717822128132,-0.15380474670552874,-0.02125433768332,0.008256466593593404,-0.0191821220368147,0.007384579628705951,0.16206121329912215
Lincoln - NE,2009,300505.8125,2.231081528518273,0.06867005917686808,-0.0191821220368147,0.007384579628705951,-0.016253441889071837,-0.006793333130190152,-0.06128547954816213
Lincoln - NE,2010,304054.40625,2.329167624746455,0.04396347465317598,-0.016253441889071837,-0.006793333130190152,-0.021426183514297002,-0.00014240900054570196,-0.05075680778336614
Lincoln - NE,2011,308011.28125,2.2932708613143635,-0.015411842003427755,-0.021426183514297002,-0.00014240900054570196,-0.007236884258687501,-0.0017986781895161005,0.015269433002882053
Lincoln - NE,2012,312094.59375,2.1484737783699135,-0.06313998288953149,-0.007236884258687501,-0.0018842769786715993,0.002633944749832199,-0.0034928265959024013,0.06125570591085989
Lincoln - NE,2013,316583.59375,2.305282038260905,0.07298588489637746,0.002633944749832199,-0.0034928265959024013,0.001051890492439301,-0.0009561330080032002,-0.07647871149227986
Lincoln - NE,2014,321948.6875,2.231074303942913,-0.03219030603907108,0.001051890492439301,-0.0009561330080032002,0.026543818578124,-0.003719633445143696,0.03123417303106788
Lincoln - NE,2015,325922.5,2.2823191012828445,0.02296866457982508,0.026543818578124,-0.003719633445143696,0.0122470877021551,-0.0009064693003893003,-0.026688298024968776
Lincoln - NE,2016,330350.71875,2.376364679920674,0.04120614798560311,0.0122470877021551,-0.0009064693003893003,-0.0008943959176540006,-0.003683969378471298,-0.042112617285992415
Lincoln - NE,2017,333842.59375,2.3403842863740163,-0.01514093937293282,-0.0008943959176540006,-0.003683969378471298,0.0014831593483685991,-0.007651863619685197,0.011456969994461521
Lincoln - NE,2018,336550.6875,2.204551720585171,-0.05803857365633411,0.0014831593483685991,-0.007651863619685197,0.0194451763927937,0.0016439817845821936,0.05038671003664891
Lincoln - NE,2019,338946.28125,2.154261297718988,-0.022812085739060788,0.0194451763927937,0.0016439817845821936,0.0013627383038402,-0.0174864521250128,0.02445606752364298
Lincoln - NE,2020,340815.5,1.931035633040676,-0.10362051479765792,0.0013627383038402,-0.0174864521250128,0.019327854990959195,-0.02426175773143771,0.08613406267264512
Lincoln - NE,2021,341364.40625,2.1438656371877545,0.11021547220853144,0.019327854990959195,-0.02426175773143771,-0.0221953372657299,0.009908169507980402,-0.13447722993996913
Lincoln - NE,2022,343704.0,1.9879855706432137,-0.07270981158549591,-0.0221953372657299,0.010386873036623001,-0.0004861231744288999,0.019072804600000402,0.08309668462211892
Little Rock - AR,2006,664112.125,2.355751763553571,-0.023971405011193953,0.0299126595556736,0.0235496200621128,-0.00022829034924510064,0.0006934655830264005,0.04752102507330676
Little Rock - AR,2007,674048.25,2.604252071750006,0.10548662725888433,-0.00022829034924510064,0.0006934655830264005,-0.0553546466976404,-0.025843842420726994,-0.10479316167585793
Little Rock - AR,2008,684420.75,2.569196471564564,-0.013460909013268211,-0.0553546466976404,-0.025843842420726994,-0.026859587714076,-0.00029288604855534986,-0.012382933407458782
Little Rock - AR,2009,694567.375,2.4507555762403967,-0.046100365088871685,-0.026859587714076,-0.00029288604855534986,-0.00791671051084995,0.0015433982480317354,0.04580747904031633
Little Rock - AR,2010,704585.1875,2.554084402391286,0.04216202837714312,-0.00791671051084995,0.0015433982480317354,-0.02457163144648075,-0.0032878569327294514,-0.040618630129111384
Little Rock - AR,2011,712854.3125,2.587039283543775,0.012902816023477759,-0.02457163144648075,-0.0032878569327294514,-0.010605018869042401,-0.005166812799871001,-0.01619067295620721
Little Rock - AR,2012,719881.3125,2.632067521076475,0.01740531650181187,-0.010605018869042401,-0.0052524115890265,-0.008677037768065929,-0.01480380911380053,-0.02265772809083837
Little Rock - AR,2013,725468.8125,2.8135005147021137,0.06893173984816142,-0.008677037768065929,-0.01480380911380053,-0.006564957261085511,-0.008572980761528012,-0.08373554896196195
Little Rock - AR,2014,730249.0,2.692110632889263,-0.043145498349305596,-0.006564957261085511,-0.008572980761528012,0.0178390091061592,-0.012424442917108498,0.03457251758777759
Little Rock - AR,2015,733232.8125,2.6738517644907493,-0.006782361829951187,0.0178390091061592,-0.012424442917108498,0.006704567268490802,-0.006448989734053598,-0.00564208108715731
Little Rock - AR,2016,736718.8125,2.6385506683421225,-0.013202338520568721,0.006704567268490802,-0.006448989734053598,-0.009240111619234102,-0.0120296850800514,0.006753348786515123
Little Rock - AR,2017,740351.625,2.6454170878158947,0.0026023451268747362,-0.009240111619234102,-0.0120296850800514,-0.0004516074210405008,-0.009586630389094297,-0.014632030206926137
Little Rock - AR,2018,743073.75,2.6118114072794505,-0.01270335807960992,-0.0004516074210405008,-0.009586630389094297,0.012621971935033803,-0.005179222673177702,0.0031167276905156235
Little Rock - AR,2019,745944.1875,2.5807351519337662,-0.011898353479531784,0.012621971935033803,-0.005179222673177702,0.0259578955471516,0.0071087051182986,0.006719130806354083
Little Rock - AR,2020,749692.0625,2.2446854736101347,-0.13021470958452544,0.0259578955471516,0.0071087051182986,0.027534252285957295,-0.01605536043643961,0.13732341470282405
Little Rock - AR,2021,753280.0,2.3711744288192445,0.05635041376450713,0.027534252285957295,-0.01605536043643961,-0.014263661503791797,0.017839845269918504,-0.07240577420094674
Little Rock - AR,2022,759818.1875,2.2469954537524037,-0.05237024048402764,-0.014263661503791797,0.018318548798561103,-0.0134937863647938,0.006065141409635502,0.07068878928258875
Los Angeles - CA,2006,9728008.0,3.0250628719967954,-0.008536709744893433,0.0277992762923241,0.021436236798763303,0.0131293564140797,0.0140511123463512,0.029972946543656738
Los Angeles - CA,2007,9708991.0,3.0385608554180545,0.004462050539911385,0.0131293564140797,0.0140511123463512,-0.0256495087519288,0.003861295524984605,0.009589061806439815
Los Angeles - CA,2008,9748624.0,3.0646836993522144,0.008597110664273929,-0.0256495087519288,0.003861295524984605,-0.0658988810181618,-0.03933217935264115,-0.004735815139289324
Los Angeles - CA,2009,9796896.0,3.0849124577711584,0.006600602347061062,-0.0658988810181618,-0.03933217935264115,-0.02547720743715763,-0.016017098678275946,-0.04593278169970221
Los Angeles - CA,2010,9837448.0,3.02470850123191,-0.019515612635162254,-0.02547720743715763,-0.016017098678275946,-0.0195957248732448,0.001688049640506499,0.003498513956886308
Los Angeles - CA,2011,9894416.0,3.0681051210241406,0.01434737257311101,-0.0195957248732448,0.001688049640506499,-0.0021652563512325022,0.0032729497179388983,-0.012659322932604512
Los Angeles - CA,2012,9957451.0,3.070563833943665,0.0008013783174104129,-0.0021652563512325022,0.0031873509287833994,0.010933399796485901,0.004806628450751301,0.0023859726113729866
Los Angeles - CA,2013,10014050.0,3.0622641490324294,-0.002702983999057958,0.010933399796485901,0.004806628450751301,0.013834419488906898,0.011826395988464397,0.007509612449809259
Los Angeles - CA,2014,10065330.0,3.0739123291748873,0.003803780332319917,0.013834419488906898,0.011826395988464397,0.0506138598322868,0.020350407809019103,0.00802261565614448
Los Angeles - CA,2015,10106460.0,3.053237717010047,-0.00672583013139799,0.0506138598322868,0.020350407809019103,0.0238984714150429,0.0107449144124985,0.027076237940417094
Los Angeles - CA,2016,10124210.0,3.0495707072156195,-0.0012010233510473536,0.0238984714150429,0.0107449144124985,0.010617771834135096,0.007828198373317798,0.011945937763545854
Los Angeles - CA,2017,10118800.0,3.025993194799533,-0.007731420150481976,0.010617771834135096,0.007828198373317798,0.008212175428867298,-0.0009228475391864985,0.015559618523799775
Los Angeles - CA,2018,10087440.0,3.0091483745166245,-0.0055667079198519175,0.008212175428867298,-0.0009228475391864985,0.0062220237851143,-0.011579170823097205,0.004643860380665419
Los Angeles - CA,2019,10041540.0,2.9903979848036144,-0.006231128339100961,0.0062220237851143,-0.011579170823097205,-0.02172934439778328,-0.04057853482663628,-0.005348042483996244
Los Angeles - CA,2020,9949473.0,2.952593236070282,-0.012642045950220011,-0.02172934439778328,-0.04057853482663628,0.015677927315235096,-0.02791168540716181,-0.02793648887641627
Los Angeles - CA,2021,9791866.0,2.819727779879993,-0.04499958022227422,0.015677927315235096,-0.02791168540716181,-0.0475515703856945,-0.015448063611984197,0.017087894815112407
Los Angeles - CA,2022,9742531.0,2.751494359983262,-0.0241985841270234,-0.0475515703856945,-0.014969360083341599,-0.03816514488682151,-0.018606217112392208,0.009229224043681802
Louisville - KY,2006,1191005.0,2.3162172349304777,-0.024844496118536254,0.031407972455024705,0.025044932961463907,-0.004442066788673402,-0.0035203108564019012,0.04988942908000016
Louisville - KY,2007,1206245.0,2.506004482443434,0.08193844888588477,-0.004442066788673402,-0.0035203108564019012,-0.0508999287262559,-0.021389124449342496,-0.08545875974228667
Louisville - KY,2008,1219683.0,2.4089066585130414,-0.03874606953444836,-0.0508999287262559,-0.021389124449342496,-0.027827855855226503,-0.0012611541897058522,0.017356945085105865
Louisville - KY,2009,1230579.0,2.4839756395059247,0.031163092487453005,-0.027827855855226503,-0.0012611541897058522,-0.00682120601087809,0.002638902748003595,-0.03242424667715886
Louisville - KY,2010,1240353.0,2.4503509026842667,-0.01353666126465964,-0.00682120601087809,0.002638902748003595,-0.02345314376801252,-0.0021693692542612206,0.016175564012663235
Louisville - KY,2011,1249306.0,2.5971923527439302,0.05992670270156176,-0.02345314376801252,-0.0021693692542612206,0.005080843061208699,0.0105190491303801,-0.06209607195582298
Louisville - KY,2012,1260417.0,2.4647650714838876,-0.05098863051869586,0.005080843061208699,0.010433450341224601,0.008168332874774902,0.002041561529040302,0.06142208085992046
Louisville - KY,2013,1272802.0,2.470714548775008,0.0024138111010875304,0.008168332874774902,0.002041561529040302,-0.0040968062207103004,-0.0061048297211528015,-0.00037224957204722844
Louisville - KY,2014,1281726.0,2.505769811544271,0.014188309526344593,-0.0040968062207103004,-0.0061048297211528015,0.025861472055315998,-0.004401979967951698,-0.020293139247497392
Louisville - KY,2015,1290165.0,2.531661785131652,0.010332941784235234,0.025861472055315998,-0.004401979967951698,0.0156055691540241,0.0024520121514797003,-0.014734921752186932
Louisville - KY,2016,1298407.0,2.48317682942519,-0.01915143483667997,0.0156055691540241,0.0024520121514797003,-0.0031738004684448012,-0.005963373929262099,0.02160344698815967
Louisville - KY,2017,1306147.0,2.4846124622006927,0.0005781435935171955,-0.0031738004684448012,-0.005963373929262099,0.0060476904958487,-0.003087332472205096,-0.006541517522779294
Louisville - KY,2018,1310495.0,2.51814273177685,0.0134951708108469,0.0060476904958487,-0.003087332472205096,0.014251223921775798,-0.0035499706864357064,-0.016582503283051997
Louisville - KY,2019,1315686.0,2.526067409819897,0.0031470329076443092,0.014251223921775798,-0.0035499706864357064,0.009507432684302299,-0.009341757744550701,-0.006697003594080016
Louisville - KY,2020,1318634.0,2.2741036715373864,-0.09974545307184621,0.009507432684302299,-0.009341757744550701,0.024597583591938005,-0.0189920291304589,0.0904036953272955
Louisville - KY,2021,1318255.0,2.2462791318493642,-0.012235387522685631,0.024597583591938005,-0.0189920291304589,-0.025426333695650102,0.006677173078060199,-0.00675664160777327
Louisville - KY,2022,1324078.0,2.1746680035770964,-0.03187988850402143,-0.025426333695650102,0.007155876606702798,-0.0018833007514477001,0.017675627022981602,0.03903576511072423
Lubbock - TX,2006,275165.3125,2.456979780885639,-0.04664591946187762,0.0095952503681183,0.003232210874557502,0.013139276862144496,0.014061032794415998,0.04987813033643512
Lubbock - TX,2007,278177.875,2.5661502485362626,0.04443279041200427,0.013139276862144496,0.014061032794415998,-0.02837730973213911,0.001133494544774294,-0.03037175761758827
Lubbock - TX,2008,281811.71875,2.3073789492231307,-0.10084027599737606,-0.02837730973213911,0.001133494544774294,-0.027707428395748097,-0.0011407267302274461,0.10197377054215036
Lubbock - TX,2009,287737.0,2.600909708947958,0.12721393675870005,-0.027707428395748097,-0.0011407267302274461,-0.015453238619025797,-0.005993129860144112,-0.1283546634889275
Lubbock - TX,2010,292854.09375,2.681084220919795,0.030825565261266657,-0.015453238619025797,-0.005993129860144112,-0.021844923838973,-0.0005611493252217006,-0.03681869512141077
Lubbock - TX,2011,295364.09375,2.732964701416169,0.01935055978158545,-0.021844923838973,-0.0005611493252217006,-0.003411017641425103,0.0020271884277462977,-0.01991170910680715
Lubbock - TX,2012,297691.40625,2.613735288235779,-0.043626400706385925,-0.003411017641425103,0.0019415896385907988,0.007707674652338001,0.0015809033066034005,0.04556799034497672
Lubbock - TX,2013,301006.59375,2.7004837222094373,0.03318944897140365,0.007707674652338001,0.0015809033066034005,-0.0007941761836410006,-0.0028021996840835017,-0.031608545664800244
Lubbock - TX,2014,305290.59375,2.598537432395814,-0.03775112176207248,-0.0007941761836410006,-0.0028021996840835017,0.0165271034240723,-0.013736348599195397,0.03494892207798898
Lubbock - TX,2015,308768.71875,2.7747172496511103,0.06779960721707247,0.0165271034240723,-0.013736348599195397,-0.004878211498260499,-0.0180317685008049,-0.08153595581626787
Lubbock - TX,2016,312074.40625,2.937489932243427,0.05866279982682331,-0.004878211498260499,-0.0180317685008049,-0.01905546167772263,-0.02184503513853993,-0.07669456832762822
Lubbock - TX,2017,314732.40625,2.5889330939712245,-0.11865805375067343,-0.01905546167772263,-0.02184503513853993,-0.0064946653097868005,-0.015629688277840597,0.0968130186121335
Lubbock - TX,2018,316792.0,2.603668647067642,0.005691747357524134,-0.0064946653097868005,-0.015629688277840597,0.014821577042341199,-0.002979617565870306,-0.021321435635364733
Lubbock - TX,2019,319643.40625,2.7491873020229214,0.05588985185160502,0.014821577042341199,-0.002979617565870306,0.006997129052877398,-0.011852061375975602,-0.058869469417475326
Lubbock - TX,2020,323058.28125,2.565813698317307,-0.06670102236056578,0.006997129052877398,-0.011852061375975602,0.010385571300983401,-0.033204041421413505,0.05484896098459018
Lubbock - TX,2021,326249.5,2.284972936476838,-0.10945485325947392,0.010385571300983401,-0.033204041421413505,-0.035356877297163004,-0.0032533705234527033,0.07625081183806041
Lubbock - TX,2022,330062.8125,2.323483942826592,0.016854031719576196,-0.035356877297163004,-0.0027746669948101044,-0.022373002752661703,-0.002814074978232401,-0.0196286987143863
Manchester - NH,2006,398315.09375,2.4286749465911086,0.022968499986926075,-0.006583359435200702,-0.0129463989287615,0.004765420317649798,0.005687176249921299,-0.035914898915687575
Manchester - NH,2007,399018.59375,2.39391347737096,-0.01431293605961547,0.004765420317649798,0.005687176249921299,-0.03021579823642969,-0.0007049939595162868,0.02000011230953677
Manchester - NH,2008,399721.0,2.4558647717262088,0.025878668941404167,-0.03021579823642969,-0.0007049939595162868,-0.0242020550221205,0.0023646466434001506,-0.026583662900920454
Manchester - NH,2009,400429.6875,2.490274961452916,0.014011435044332837,-0.0242020550221205,0.0023646466434001506,-0.002390328966081101,0.007069779792800584,-0.011646788400932686
Manchester - NH,2010,401737.3125,2.5076090569079836,0.0069607154725414245,-0.002390328966081101,0.007069779792800584,-0.0186883447393775,0.002595429774373801,0.00010906432025915933
Manchester - NH,2011,403845.09375,2.3326981604182264,-0.06975205963940477,-0.0186883447393775,0.002595429774373801,-0.013298825643956663,-0.007860619574785262,0.07234748941377857
Manchester - NH,2012,405768.09375,2.3693445595725984,0.015709876132367538,-0.013298825643956663,-0.007946218363940761,0.005918739959597602,-0.00020803138613699826,-0.0236560944963083
Manchester - NH,2013,407377.5,2.4265171510781682,0.024130129691176328,0.005918739959597602,-0.00020803138613699826,-0.0007899926826358001,-0.002798016183078301,-0.024338161077313326
Manchester - NH,2014,409814.78125,2.4805342947827675,0.022261183557098704,-0.0007899926826358001,-0.002798016183078301,0.0614695867300034,0.0312061347067357,-0.025059199740177007
Manchester - NH,2015,412130.0,2.382082539502996,-0.039689737604854745,0.0614695867300034,0.0312061347067357,0.018336706131696703,0.005183149129152303,0.07089587231159045
Manchester - NH,2016,414837.71875,2.354325953146063,-0.011652235343080977,0.018336706131696703,0.005183149129152303,0.006021413668990099,0.0032318402081728016,0.016835384472233282
Manchester - NH,2017,417052.40625,2.3206761372387095,-0.014292760041313649,0.006021413668990099,0.0032318402081728016,0.0343758279681206,0.025240805000066806,0.01752460024948645
Manchester - NH,2018,419196.59375,2.264299023281005,-0.024293400122942465,0.0343758279681206,0.025240805000066806,0.020527209311723704,0.0027260147035121987,0.04953420512300927
Manchester - NH,2019,422059.0,2.2315798426893894,-0.014450026368074388,0.020527209311723704,0.0027260147035121987,0.03302338171005249,0.014174191281199493,0.017176041071586587
Manchester - NH,2020,423302.1875,2.215478240140563,-0.007215337869973524,0.03302338171005249,0.014174191281199493,0.056797107934952004,0.013207495212555098,0.021389529151173016
McAllen - TX,2006,700290.5625,3.5541120111404454,-0.07809999373927602,0.011274763971567202,0.0049117244780064045,0.011771681815385796,0.012693437747657297,0.08301171821728243
McAllen - TX,2007,720616.6875,3.5673132613845713,0.0037143596495400996,0.011771681815385796,0.012693437747657297,-0.026555738702416398,0.0029550655744970053,0.008979078098117198
McAllen - TX,2008,741919.0,3.328922738032427,-0.06682634966002911,-0.026555738702416398,0.0029550655744970053,-0.0310600779056549,-0.00449337624013425,0.0697814152345261
McAllen - TX,2009,762905.1875,3.3834818877891872,0.016389431071328356,-0.0310600779056549,-0.00449337624013425,-0.015319202557671815,-0.0058590937987901305,-0.020882807311462605
McAllen - TX,2010,783030.5,3.4365687408883585,0.015690006584861294,-0.015319202557671815,-0.0058590937987901305,-0.023733306087553502,-0.0024495315738022015,-0.021549100383651425
McAllen - TX,2011,797951.4375,3.742931740829614,0.089147933022885,-0.023733306087553502,-0.0024495315738022015,0.0006069202870130977,0.006045126356184498,-0.0915974645966872
McAllen - TX,2012,809739.3125,3.5927393973681188,-0.04012692559234476,0.0006069202870130977,0.005959527567028999,-0.00034960485994819934,-0.0064763762056828,0.04608645315937376
McAllen - TX,2013,819658.875,3.736631538749746,0.0400508151209176,-0.00034960485994819934,-0.0064763762056828,-0.00895451445505023,-0.010962537955492731,-0.046527191326600395
McAllen - TX,2014,830119.625,3.701956289642806,-0.009279814920831637,-0.00895451445505023,-0.010962537955492731,0.00821718031167984,-0.022046271711587857,-0.001682723034661094
McAllen - TX,2015,839263.125,3.6745656604952415,-0.007398960712798584,0.00821718031167984,-0.022046271711587857,-0.0068761834055185295,-0.020029740408062928,-0.014647310998789274
McAllen - TX,2016,847511.25,3.679999589492344,0.0014787949105174016,-0.0068761834055185295,-0.020029740408062928,-0.0319322378411889,-0.034721811302006196,-0.02150853531858033
McAllen - TX,2017,853909.75,3.6344707115097914,-0.012371979092756683,-0.0319322378411889,-0.034721811302006196,0.000920944124460199,-0.008214078843593597,-0.022349832209249514
McAllen - TX,2018,859706.5,3.662357165689597,0.007672768992605561,0.000920944124460199,-0.008214078843593597,0.0025732099711895003,-0.015227984637022005,-0.015886847836199158
McAllen - TX,2019,866495.4375,3.5015677512740444,-0.043903258786961274,0.0025732099711895003,-0.015227984637022005,0.0082822256833315,-0.0105669647455215,0.02867527414993927
McAllen - TX,2020,874623.6875,3.5297571392460614,0.008050504795105072,0.0082822256833315,-0.0105669647455215,-0.0042174698114395,-0.047807082533836406,-0.018617469540626572
McAllen - TX,2021,882200.625,3.098056846979263,-0.12230311470069229,-0.0042174698114395,-0.047807082533836406,-0.0408064591884613,-0.008702952414750997,0.07449603216685588
McAllen - TX,2022,892798.5,3.204446634759557,0.034340812010608686,-0.0408064591884613,-0.008224248886108398,-0.03592663517594337,-0.016367707401514067,-0.042565060896717084
Melbourne - FL,2006,536253.125,2.4995164307907403,0.06991513078554072,0.017571648240089402,0.011208608746528605,-0.004450286641717,-0.003528530709445499,-0.05870652203901212
Melbourne - FL,2007,540380.1875,2.558895744572144,0.02375632064263676,-0.004450286641717,-0.003528530709445499,-0.0542473022937775,-0.024736498016864096,-0.027284851352082258
Melbourne - FL,2008,542333.8125,2.7265994606654673,0.06553753369946842,-0.0542473022937775,-0.024736498016864096,-0.028795313745737097,-0.002228612080216446,-0.09027403171633253
Melbourne - FL,2009,542615.5,2.597642078250377,-0.04729604926409561,-0.028795313745737097,-0.002228612080216446,-0.00983395211771131,-0.00037384335882962444,0.045067437183879164
Melbourne - FL,2010,544120.75,2.7499189849738346,0.05862120420609399,-0.00983395211771131,-0.00037384335882962444,-0.019027653492987198,0.002256121020764102,-0.05899504756492362
Melbourne - FL,2011,545026.8125,2.73834276893633,-0.004209657121085962,-0.019027653492987198,0.002256121020764102,-0.002521237641573002,0.0029169684275983983,0.006465778141850064
Melbourne - FL,2012,547905.6875,2.774730470816977,0.013288220267173186,-0.002521237641573002,0.0028313696384428995,0.005709946751594499,-0.00041682459414010137,-0.010456850628730287
Melbourne - FL,2013,551653.625,2.737143290497506,-0.013546245559628628,0.005709946751594499,-0.00041682459414010137,0.009706505402922599,0.007698481902480098,0.013129420965488527
Melbourne - FL,2014,558270.3125,2.62451964730449,-0.04114641845167913,0.009706505402922599,0.007698481902480098,0.0447562282681465,0.014492776244878804,0.048844900354159226
Melbourne - FL,2015,568728.5,2.667534111100781,0.016389461530786784,0.0447562282681465,0.014492776244878804,0.0445187020003796,0.0313651449978352,-0.00189668528590798
Melbourne - FL,2016,579858.0625,2.676705851928464,0.0034382843651428394,0.0445187020003796,0.0313651449978352,0.029290066748857497,0.0265004932880402,0.02792686063269236
Melbourne - FL,2017,589591.9375,2.634695197228607,-0.015694908975369785,0.029290066748857497,0.0265004932880402,0.016187902748584698,0.007052879780530902,0.04219540226340998
Melbourne - FL,2018,596159.125,2.6041562345674456,-0.01159107994476357,0.016187902748584698,0.007052879780530902,0.014260399311780903,-0.0035407952964306016,0.018643959725294472
Melbourne - FL,2019,602639.125,2.695896093022397,0.035228246768454624,0.014260399311780903,-0.0035407952964306016,0.008271996036171899,-0.010577194392681101,-0.038769042064885226
Melbourne - FL,2020,611074.8125,2.519041018780952,-0.06560159150762043,0.008271996036171899,-0.010577194392681101,0.116891956210136,0.07330234348773909,0.05502439711493933
Melbourne - FL,2021,621351.0,2.4102985363258433,-0.04316820633104766,0.116891956210136,0.07330234348773909,-0.022157316952943804,0.009946189820766498,0.11647054981878675
Melbourne - FL,2022,635528.3125,2.5872357826481016,0.07340885108446935,-0.022157316952943804,0.010424893349409096,-0.06446693165600301,-0.044908003881573705,-0.06298395773506024
Memphis - TN,2006,1294396.0,2.8495747260526243,0.021048558785366836,-0.02755761320516467,-0.03392065269872547,-0.017797598518431202,-0.0168758425861597,-0.054969211484092305
Memphis - TN,2007,1304403.0,2.851324777045514,0.0006141446219640249,-0.017797598518431202,-0.0168758425861597,-0.04304707172513008,-0.013536267448216677,-0.017489987208123725
Memphis - TN,2008,1312607.0,2.9546778978445984,0.03624740388437152,-0.04304707172513008,-0.013536267448216677,-0.0352160415649414,-0.008649339899420752,-0.049783671332588195
Memphis - TN,2009,1319861.0,3.0031697870785563,0.016411903737233797,-0.0352160415649414,-0.008649339899420752,-0.020822008777409792,-0.011361900018528107,-0.02506124363665455
Memphis - TN,2010,1327327.0,2.9998971027865653,-0.0010897433458714422,-0.020822008777409792,-0.011361900018528107,-0.027955690741539002,-0.006671916227787702,-0.010272156672656666
Memphis - TN,2011,1332779.0,2.9791023134717554,-0.006931834193744155,-0.027955690741539002,-0.006671916227787702,-0.007819268204271802,-0.002381062135100401,0.000259917965956453
Memphis - TN,2012,1337737.0,3.046696666110978,0.02268950359091562,-0.007819268204271802,-0.0024666609242559,-0.0027943983301519995,-0.0089211696758866,-0.025156164515171518
Memphis - TN,2013,1337228.0,3.057963150690761,0.0036979344563910126,-0.0027943983301519995,-0.0089211696758866,-0.003132951617240901,-0.005140975117683402,-0.012619104132277612
Memphis - TN,2014,1337495.0,2.9688858301970376,-0.029129625212652423,-0.003132951617240901,-0.005140975117683402,0.0271602963805199,-0.0031031556427477958,0.02398865009496902
Memphis - TN,2015,1337680.0,2.8837453015916354,-0.02867760280285064,0.0271602963805199,-0.0031031556427477958,0.0168500154167414,0.003696458414197001,0.025574447160102844
Memphis - TN,2016,1338498.0,2.929534085884391,0.015878234554030556,0.0168500154167414,0.003696458414197001,0.002940075188875197,0.0001505017280578995,-0.012181776139833555
Memphis - TN,2017,1340230.0,2.926962541849505,-0.0008777996635290258,0.002940075188875197,0.0001505017280578995,0.0363337585926056,0.0271987356245518,0.0010283013915869253
Memphis - TN,2018,1342783.0,2.8711588038735183,-0.019065408995881793,0.0363337585926056,0.0271987356245518,0.025485801666975002,0.007684607058763497,0.046264144620433593
Memphis - TN,2019,1344383.0,2.814469197591092,-0.019744503928499454,0.025485801666975002,0.007684607058763497,0.044462846696376804,0.025613656267523804,0.02742911098726295
Memphis - TN,2020,1345232.0,2.493375541316851,-0.11408675445766667,0.044462846696376804,0.025613656267523804,0.055403357625008004,0.011813744902611098,0.13970041072519046
Memphis - TN,2021,1341815.0,2.6984221406621436,0.08223654878598814,0.055403357625008004,0.011813744902611098,-0.0347957889735699,-0.0026922821998595983,-0.07042280388337704
Memphis - TN,2022,1340751.0,2.7047071759969095,0.002329152003334676,-0.0347957889735699,-0.0022135786712169994,-0.032722418926656255,-0.013163491152226953,-0.004542730674551675
Merced - CA,2006,246124.609375,3.553239958410306,0.005073748886319336,0.008975097566842997,0.0026120580732822,0.0030282131433486993,0.0039499690756202,-0.0024616908130371358
Merced - CA,2007,249037.796875,3.4480198461763876,-0.029612442015031538,0.0030282131433486993,0.0039499690756202,-0.0226703447401524,0.006840459536761004,0.033562411090651736
Merced - CA,2008,250989.703125,3.4693125943890504,0.006175355468523469,-0.0226703447401524,0.006840459536761004,-0.034615055382251694,-0.008048353716731044,0.0006651040682375351
Merced - CA,2009,253434.6875,3.5511213903490186,0.023580693216367514,-0.034615055382251694,-0.008048353716731044,-0.007125115193426611,0.002334993565455074,-0.03162904693309856
Merced - CA,2010,257470.890625,3.736154334817831,0.05210549686408405,-0.007125115193426611,0.002334993565455074,-0.0158798567652702,0.005403917748481101,-0.049770503298628976
Merced - CA,2011,259958.5,3.8090678956193615,0.019515671534774934,-0.0158798567652702,0.005403917748481101,0.0005137451887131002,0.005951951257884501,-0.014111753786293833
Merced - CA,2012,261643.0,3.7630665318628918,-0.012076803306492358,0.0005137451887131002,0.005866352468729002,0.020159584134817103,0.014032812789082503,0.01794315577522136
Merced - CA,2013,263257.59375,3.6182556220929185,-0.03848215505727058,0.020159584134817103,0.014032812789082503,-0.0038834448754786997,-0.005891468375921201,0.05251496784635308
Merced - CA,2014,265751.1875,3.6002001365320737,-0.0049901077885704795,-0.0038834448754786997,-0.005891468375921201,0.056940386235714,0.026676934212446303,-0.0009013605873507214
Merced - CA,2015,267688.8125,3.6524131715258488,0.014502814569656049,0.056940386235714,0.026676934212446303,0.0530499036312103,0.0398963466286659,0.012174119642790254
Merced - CA,2016,269728.0,3.665872991204707,0.0036851853957243275,0.0530499036312103,0.0398963466286659,0.0407827288806438,0.0379931554198265,0.036211161232941574
Merced - CA,2017,273270.375,3.678068333312102,0.0033267224851091497,0.0407827288806438,0.0379931554198265,0.0309682974815369,0.021833274513483103,0.03466643293471735
Merced - CA,2018,276506.8125,3.6724009437634577,-0.0015408603198899334,0.0309682974815369,0.021833274513483103,0.032155468285083796,0.014354273676872292,0.023374134833373035
Merced - CA,2019,279912.90625,3.7895785722496496,0.031907634890788586,0.032155468285083796,0.014354273676872292,0.033025490224361395,0.014176299795508395,-0.017553361213916294
Merced - CA,2020,283421.8125,3.358391436688056,-0.11378234474912156,0.033025490224361395,0.014176299795508395,0.031111253678798703,-0.012478359043598203,0.12795864454462996
Merced - CA,2021,286570.40625,3.3569692356948577,-0.00042347684003174837,0.031111253678798703,-0.012478359043598203,-0.0388050469756126,-0.006701540201902299,-0.012054882203566455
Merced - CA,2022,292573.09375,3.407389001132817,0.015019430294994373,-0.0388050469756126,-0.0062228366732597,-0.008222273349762,0.011336654424667303,-0.021242266968254073
Miami - FL,2006,2408192.0,2.6918221101220654,0.02957007044988908,0.038549532771110506,0.03218649327754971,-0.005884717121720302,-0.0049629611894488005,0.0026164228276606277
Miami - FL,2007,2420681.0,2.7548069965375652,0.02339860653445768,-0.005884717121720302,-0.0049629611894488005,-0.0791275774240494,-0.049616773147135994,-0.02836156772390648
Miami - FL,2008,2443136.0,2.77275865188997,0.006516483868005177,-0.0791275774240494,-0.049616773147135994,-0.034366187363863,-0.007799485698342351,-0.05613325701514117
Miami - FL,2009,2474814.0,2.8914574317033943,0.04280891152661869,-0.034366187363863,-0.007799485698342351,-0.0033573565855622,0.006102752173319485,-0.05060839722496104
Miami - FL,2010,2516069.0,2.884415416953248,-0.0024354551005780043,-0.0033573565855622,0.006102752173319485,-0.0226875416636467,-0.0014037671498953984,0.008538207273897489
Miami - FL,2011,2551070.0,2.872100749128827,-0.004269380808340283,-0.0226875416636467,-0.0014037671498953984,0.0073940602093935,0.0128322662785649,0.002865613658444885
Miami - FL,2012,2582776.0,2.9057702201213043,0.011722942171401856,0.0073940602093935,0.012746667489409402,0.015759597197175002,0.009632825851440402,0.0010237253180075453
Miami - FL,2013,2612504.0,2.966206052664641,0.020798558717699984,0.015759597197175002,0.009632825851440402,0.0081907630115747,0.006182739511132199,-0.011165732866259583
Miami - FL,2014,2636661.0,2.9780462789170805,0.0039917072658532384,0.0081907630115747,0.006182739511132199,0.030652912497520397,0.0003894604742527008,0.00219103224527896
Miami - FL,2015,2662323.0,2.965296286289198,-0.004281327902170408,0.030652912497520397,0.0003894604742527008,0.003341883689165102,-0.009811673313379298,0.004670788376423109
Miami - FL,2016,2689186.0,3.0173685893871576,0.01756057340331523,0.003341883689165102,-0.009811673313379298,0.0005795021504163972,-0.0022100713104009004,-0.02737224671669453
Miami - FL,2017,2702797.0,3.0133557999886813,-0.0013298969879219449,0.0005795021504163972,-0.0022100713104009004,-0.00028520615398880053,-0.009420229122042597,-0.0008801743224789555
Miami - FL,2018,2702767.0,2.9735345315218735,-0.013214924194135108,-0.00028520615398880053,-0.009420229122042597,0.010760692104697201,-0.007040502503514304,0.0037946950720925115
Miami - FL,2019,2702903.0,2.9421968422263163,-0.010538868462213023,0.010760692104697201,-0.007040502503514304,-0.00990959781967103,-0.028758788248524028,0.003498365958698719
Miami - FL,2020,2689193.0,2.8862266656630946,-0.019023260361081033,-0.00990959781967103,-0.028758788248524028,0.104445418596268,0.0608558058738711,-0.009735527887442995
Miami - FL,2021,2680202.0,2.5946654212213094,-0.10101813828776356,0.104445418596268,0.0608558058738711,-0.0140414479374886,0.018062058836221702,0.16187394416163464
Miami - FL,2022,2728130.0,2.6159048748380616,0.00818581596033093,-0.0140414479374886,0.0185407623648643,-0.0253820985406637,-0.005823170766234398,0.01035494640453337
Midland - TX,2006,131069.8984375,2.501319444715078,-0.015495732608769942,0.008182195603847496,0.0018191561102866988,0.0114422432184219,0.012363999150693401,0.01731488871905664
Midland - TX,2007,134350.09375,2.48722608862394,-0.005634368741231938,0.0114422432184219,0.012363999150693401,-0.02920561126619577,0.00030519301071763386,0.01799836789192534
Midland - TX,2008,138037.90625,2.4511763533023787,-0.014493951911507064,-0.02920561126619577,0.00030519301071763386,-0.0243236727118492,0.002243028953671452,0.014799144922224698
Midland - TX,2009,141118.390625,2.8231293093248966,0.15174467374466938,-0.0243236727118492,0.002243028953671452,-0.016763854826800526,-0.0073037460679188405,-0.14950164479099792
Midland - TX,2010,142230.109375,2.4859989156662152,-0.1194172695331835,-0.016763854826800526,-0.0073037460679188405,-0.018557150259614,0.002726624254137302,0.11211352346526467
Midland - TX,2011,145703.796875,2.4279106756919813,-0.023366156601346333,-0.018557150259614,0.002726624254137302,0.011406862825155299,0.0168450688943267,0.026092780855483635
Midland - TX,2012,151640.390625,2.5265070922897697,0.04060957331953217,0.011406862825155299,0.0167594701051712,0.0133091347664595,0.0071823634207249,-0.023850103214360967
Midland - TX,2013,155932.09375,2.8895940273189327,0.14371102940387864,0.0133091347664595,0.0071823634207249,0.020019239574670798,0.018011216074228297,-0.13652866598315375
Midland - TX,2014,160009.703125,2.957154460661172,0.023380596963970133,0.020019239574670798,0.018011216074228297,-0.116148648619652,-0.1464121006429197,-0.005369380889741836
Midland - TX,2015,163914.0,2.592179518192507,-0.12342099383846947,-0.116148648619652,-0.1464121006429197,-0.030314009368419596,-0.043467566370963995,-0.02299110680445024
Midland - TX,2016,164606.0,2.9295748163353346,0.1301589244783822,-0.030314009368419596,-0.043467566370963995,0.210086209416389,0.2072966359555717,-0.1736264908493462
Midland - TX,2017,166640.5,2.732314824518695,-0.0673340003869218,0.210086209416389,0.2072966359555717,0.09064849114418,0.0815134681761262,0.2746306363424935
Midland - TX,2018,172262.09375,2.6185542471153487,-0.04163523777805706,0.09064849114418,0.0815134681761262,-0.0722968660593033,-0.0900980606675148,0.12314870595418326
Midland - TX,2019,174837.09375,2.9055127195338346,0.10958660594280416,-0.0722968660593033,-0.0900980606675148,-0.242081155896187,-0.26093034632504003,-0.19968466661031897
Midland - TX,2020,175447.203125,3.629851358551636,0.24929804442019973,-0.242081155896187,-0.26093034632504003,-0.0291666833013296,-0.0727562960237265,-0.5102283907452397
Midland - TX,2021,174833.6875,2.3315118609651577,-0.35768392954375267,-0.0291666833013296,-0.0727562960237265,0.09820690572261799,0.1303104124963283,0.28492763352002615
Midland - TX,2022,179305.09375,2.3897972984035496,0.02499898817339231,0.09820690572261799,0.1307891160249709,0.04683271908760069,0.06639164686203,0.10579012785157858
Milwaukee - WI,2006,1525467.0,2.2200016057169085,-0.03359301543299901,-0.016896665439009702,-0.0232597049325705,-0.014401541925966701,-0.0134797859936952,0.01033331050042851
Milwaukee - WI,2007,1532417.0,2.372095878263993,0.0685108840261259,-0.014401541925966701,-0.0134797859936952,-0.0261922174245119,0.003318586852401502,-0.0819906700198211
Milwaukee - WI,2008,1541143.0,2.3279981005102885,-0.018590217266418897,-0.0261922174245119,0.003318586852401502,-0.0279221280515194,-0.0013554263859987502,0.0219088041188204
Milwaukee - WI,2009,1551467.0,2.421773875459437,0.040281723137399916,-0.0279221280515194,-0.0013554263859987502,-0.030600866474211202,-0.021140757715329517,-0.04163714952339867
Milwaukee - WI,2010,1557787.0,2.3351613876158672,-0.03576406894187771,-0.030600866474211202,-0.021140757715329517,-0.02543779403716326,-0.0041540195234119615,0.014623311226548193
Milwaukee - WI,2011,1562300.0,2.3678933232851613,0.014016990792534677,-0.02543779403716326,-0.0041540195234119615,-0.008909457646310301,-0.0034712515771389008,-0.018171010315946638
Milwaukee - WI,2012,1567789.0,2.3437736783753005,-0.010186119734649956,-0.008909457646310301,-0.0035568503662943996,0.001002539545297599,-0.005124231800437001,0.006629269368355556
Milwaukee - WI,2013,1571478.0,2.3826974018741436,0.01660728757984216,0.001002539545297599,-0.005124231800437001,-0.0009972147494555009,-0.003005238249898002,-0.02173151938027916
Milwaukee - WI,2014,1574201.0,2.3409010622234216,-0.017541606255937682,-0.0009972147494555009,-0.003005238249898002,0.020675184369087198,-0.009588267654180499,0.01453636800603968
Milwaukee - WI,2015,1574763.0,2.4038843158347394,0.0269055598409167,0.020675184369087198,-0.009588267654180499,0.0025821023508906006,-0.0105714546516538,-0.0364938274950972
Milwaukee - WI,2016,1573946.0,2.369606414395766,-0.014259380625423613,0.0025821023508906006,-0.0105714546516538,-0.01257427530735731,-0.015363848768174608,0.003687925973769813
Milwaukee - WI,2017,1572737.0,2.382655884166987,0.005507019938814882,-0.01257427530735731,-0.015363848768174608,0.0030115341991186,-0.006123488768935197,-0.02087086870698949
Milwaukee - WI,2018,1572873.0,2.3132047465738776,-0.02914862278460763,0.0030115341991186,-0.006123488768935197,0.0091325726062059,-0.008668622002005605,0.023025134015672435
Milwaukee - WI,2019,1574277.0,2.2991643102619954,-0.006069690256635403,0.0091325726062059,-0.008668622002005605,0.003034815296530699,-0.0158143751323223,-0.002598931745370202
Milwaukee - WI,2020,1571782.0,2.081167837687723,-0.09481552562436532,0.003034815296530699,-0.0158143751323223,0.010044543325900997,-0.03354506939649591,0.07900115049204302
Milwaukee - WI,2021,1563414.0,2.155971384684024,0.03594306314065049,0.010044543325900997,-0.03354506939649591,-0.0367234814167023,-0.004619974642991999,-0.06948813253714639
Milwaukee - WI,2022,1564803.0,2.16705084161334,0.00513896288606818,-0.0367234814167023,-0.0041412711143494,-0.019680865839123703,-0.00012193806469440113,-0.009280234000417581
Minneapolis - MN,2006,3242996.0,2.236663087178085,-0.01789187513192004,-0.0031334109306335005,-0.009496450424194298,-0.004136628374457402,-0.0032148724421859013,0.008395424707725741
Minneapolis - MN,2007,3277501.0,2.242945941890966,0.0028090304475887258,-0.004136628374457402,-0.0032148724421859013,-0.023556448809802497,0.005954355467110907,-0.006023902889774627
Minneapolis - MN,2008,3308707.0,2.210091926895197,-0.014647707009858069,-0.023556448809802497,0.005954355467110907,-0.0238144106268883,0.0027522910386323512,0.020602062476968976
Minneapolis - MN,2009,3337156.0,2.3264612239512155,0.052653600350234156,-0.0238144106268883,0.0027522910386323512,-0.0027021255195141,0.006757983239367585,-0.049901309311601805
Minneapolis - MN,2010,3365686.0,2.376147622840278,0.02135707158044791,-0.0027021255195141,0.006757983239367585,-0.02399679121375084,-0.0027130166999995396,-0.014599088341080325
Minneapolis - MN,2011,3402280.0,2.356552837840491,-0.00824645102494299,-0.02399679121375084,-0.0027130166999995396,-0.007551430076360702,-0.0021132240071893016,0.005533434324943451
Minneapolis - MN,2012,3439590.0,2.346887485681179,-0.004101479077451601,-0.007551430076360702,-0.0021988227963448004,-0.00007616110146049966,-0.0062029324471951,0.0019026562811068001
Minneapolis - MN,2013,3477883.0,2.330014861118296,-0.007189362364334106,-0.00007616110146049966,-0.0062029324471951,-0.0033571312054992003,-0.005365154705941701,0.0009864299171390058
Minneapolis - MN,2014,3515398.0,2.392976979417165,0.027022196016659866,-0.0033571312054992003,-0.005365154705941701,0.0301453267931938,-0.00011812523007389761,-0.03238735072260157
Minneapolis - MN,2015,3548349.0,2.3729321586361416,-0.008376520523781081,0.0301453267931938,-0.00011812523007389761,0.017620263889431997,0.004466706886887597,0.008258395293707184
Minneapolis - MN,2016,3587930.0,2.330795978198682,-0.017757010154760538,0.017620263889431997,0.004466706886887597,0.0121598669290543,0.009370293468237003,0.022223717041648133
Minneapolis - MN,2017,3627962.0,2.3801803572712164,0.021187774277309543,0.0121598669290543,0.009370293468237003,0.0043866338431835,-0.004748389124870297,-0.01181748080907254
Minneapolis - MN,2018,3663897.0,2.3305932263373452,-0.02083335020490667,0.0043866338431835,-0.004748389124870297,0.013593669205904001,-0.0042075254023075034,0.01608496108003637
Minneapolis - MN,2019,3693365.0,2.31564366625079,-0.006414487057464363,0.013593669205904001,-0.0042075254023075034,-0.01524161536991596,-0.03409080579876896,0.0022069616551568597
Minneapolis - MN,2020,3709596.0,2.162183017259565,-0.06627127101972906,-0.01524161536991596,-0.03409080579876896,-0.010332992047071499,-0.053922604769468405,0.032180465220960096
Minneapolis - MN,2021,3710896.0,2.185210124049618,0.010649934166645227,-0.010332992047071499,-0.053922604769468405,-0.0535944401472807,-0.0214909333735704,-0.06457253893611363
Minneapolis - MN,2022,3717635.0,2.1557419529581363,-0.01348528032483725,-0.0535944401472807,-0.0210122298449278,-0.033014926858246335,-0.013455999083817033,-0.007526949520090552
Mobile - AL,2006,403593.0,2.847704576155367,0.09512123804379288,0.030203895300626803,0.023840855807066005,-0.006185394614934902,-0.005263638682663401,-0.07128038223672688
Mobile - AL,2007,406582.625,2.8111097048763294,-0.012850655782716013,-0.006185394614934902,-0.005263638682663401,-0.0519530608430505,-0.022442256566137096,0.007587017100052612
Mobile - AL,2008,409912.90625,2.6424691677433816,-0.0599907349188163,-0.0519530608430505,-0.022442256566137096,-0.0263182452917099,0.0002484563738107508,0.0375484783526792
Mobile - AL,2009,412365.5,2.640366211823966,-0.0007958298795256463,-0.0263182452917099,0.0002484563738107508,-0.010273797608911991,-0.0008136888500303065,0.0010442862533363972
Mobile - AL,2010,413384.5,2.8400791899796967,0.0756383630654661,-0.010273797608911991,-0.0008136888500303065,-0.021388895221054603,-0.00010512070730330295,-0.07645205191549641
Mobile - AL,2011,413551.59375,2.7885741156225317,-0.018135083887408508,-0.021388895221054603,-0.00010512070730330295,-0.0098210389763117,-0.0043828329071403,0.018029963180105205
Mobile - AL,2012,414382.59375,2.83470667078241,0.016543420847747247,-0.0098210389763117,-0.004468431696295799,-0.002422220408916499,-0.008548991754651099,-0.021011852544043044
Mobile - AL,2013,414664.09375,2.762276063086916,-0.025551358961420183,-0.002422220408916499,-0.008548991754651099,0.0082927335202694,0.0062847100198268994,0.017002367206769085
Mobile - AL,2014,415172.90625,2.890776899422719,0.04651991089992651,0.0082927335202694,0.0062847100198268994,0.0399304685890675,0.009667016565799803,-0.04023520088009962
Mobile - AL,2015,415711.5,2.8103272609263956,-0.027829763864651462,0.0399304685890675,0.009667016565799803,0.003330260783433901,-0.0098232962191105,0.037496780430451265
Mobile - AL,2016,416054.59375,2.6508312568445875,-0.05675353411660387,0.003330260783433901,-0.0098232962191105,-0.003491284608840902,-0.0062808580696582,0.04693023789749337
Mobile - AL,2017,415505.8125,2.7189208015219797,0.025686110536678377,-0.003491284608840902,-0.0062808580696582,0.014838785141706501,0.0057037621736527044,-0.03196696860633658
Mobile - AL,2018,415523.8125,2.74353387964629,0.009052517495372569,0.014838785141706501,0.0057037621736527044,0.018798033863306,0.0009968392550944935,-0.0033487553217198644
Mobile - AL,2019,415012.78125,2.618825111829232,-0.045455523163845914,0.018798033863306,0.0009968392550944935,0.0412861948013306,0.022437004372477597,0.04645236241894041
Mobile - AL,2020,414084.6875,2.7830772939709663,0.06271979804982294,0.0412861948013306,0.022437004372477597,0.0757802708745,0.03219065815210309,-0.040282793677345344
Mobile - AL,2021,412604.09375,2.483603302528471,-0.10760534466335209,0.0757802708745,0.03219065815210309,-0.018077323138713804,0.014026183634996497,0.13979600281545518
Mobile - AL,2022,411330.09375,2.447800475484599,-0.014415678626060273,-0.018077323138713804,0.014504887163639096,-0.005363057166338003,0.014195870608091299,0.02892056578969937
Modesto - CA,2006,505418.3125,3.093332735051306,-0.032405660602331285,0.004262303590774501,-0.0021007359027862965,0.003036192715167998,0.003957948647439499,0.03030492469954499
Modesto - CA,2007,508130.09375,3.356394318206434,0.08504147651958464,0.003036192715167998,0.003957948647439499,-0.0338386248908937,-0.004327820613980293,-0.08108352787214515
Modesto - CA,2008,509679.6875,3.1319118475630283,-0.06688203153774941,-0.0338386248908937,-0.004327820613980293,-0.048778005599975596,-0.022211303934454946,0.06255421092376912
Modesto - CA,2009,512486.03125,3.6022171795131306,0.1501655713317894,-0.048778005599975596,-0.022211303934454946,-0.00972339528053999,-0.0002632865216583048,-0.17237687526624434
Modesto - CA,2010,515883.90625,3.3650613201127344,-0.06583608027555123,-0.00972339528053999,-0.0002632865216583048,-0.019894528545439202,0.001389245968312098,0.06557279375389292
Modesto - CA,2011,518568.46875,3.2853258570681705,-0.023695099571586012,-0.019894528545439202,0.001389245968312098,-0.0057270660102367015,-0.000288859941065301,0.02508434553989811
Modesto - CA,2012,521745.96875,3.469847476565266,0.056165393487561964,-0.0057270660102367015,-0.0003744587302207999,0.0119032213836908,0.0057764500379562,-0.056539852217782766
Modesto - CA,2013,525284.0,3.406312748841451,-0.018310524642053422,0.0119032213836908,0.0057764500379562,0.0232275080084801,0.0212194845080376,0.024086974680009622
Modesto - CA,2014,530252.375,3.267305738193955,-0.04080864585754038,0.0232275080084801,0.0212194845080376,0.0954730829000473,0.06520963087677961,0.06202813036557797
Modesto - CA,2015,535830.0,3.228401974537594,-0.011906985992031991,0.0954730829000473,0.06520963087677961,0.07803143215179441,0.06487787514925,0.0771166168688116
Modesto - CA,2016,542015.1875,3.15087212525567,-0.024014930573516554,0.07803143215179441,0.06487787514925,0.0427464001774788,0.0399568267166615,0.08889280572276656
Modesto - CA,2017,547217.3125,3.289644284787109,0.04404245999674732,0.0427464001774788,0.0399568267166615,0.022710036695003502,0.013575013726949706,-0.004085633280085821
Modesto - CA,2018,550449.5625,3.251361525211054,-0.011637355367901907,0.022710036695003502,0.013575013726949706,0.04415719133615491,0.026355996727943403,0.02521236909485161
Modesto - CA,2019,552409.5,3.2890584784169707,0.011594205354776663,0.04415719133615491,0.026355996727943403,0.05613186407089231,0.03728267364203931,0.01476179137316674
Modesto - CA,2020,553499.8125,3.1252290701602408,-0.04981042730975745,0.05613186407089231,0.03728267364203931,0.056162504732609,0.012572892010212097,0.08709310095179676
Modesto - CA,2021,552684.0,3.1744895822048935,0.01576220844577227,0.056162504732609,0.012572892010212097,-0.0501622929424047,-0.0180587861686944,-0.0031893164355601723
Modesto - CA,2022,552687.6875,3.118118024355514,-0.017757676120715365,-0.0501622929424047,-0.0175800826400518,-0.0224928211271763,-0.002933893352746998,0.0001775934806635647
Montgomery - AL,2006,366818.59375,2.6401728502046815,0.02798525545878536,0.029886120587587398,0.0235230810940266,-0.0062609099745750026,-0.0053391540423035014,-0.004462174364758761
Montgomery - AL,2007,369602.28125,2.8736393104370572,0.0884284755122287,-0.0062609099745750026,-0.0053391540423035014,-0.0535180208384991,-0.0240072165615857,-0.0937676295545322
Montgomery - AL,2008,370667.5,2.941640178604808,0.023663675507490278,-0.0535180208384991,-0.0240072165615857,-0.023293749153614,0.0032729525119066516,-0.047670892069075974
Montgomery - AL,2009,372779.125,2.8372699617095427,-0.03548027989771576,-0.023293749153614,0.0032729525119066516,-0.01081701385229826,-0.001356905093416575,0.03875323240962241
Montgomery - AL,2010,375905.90625,2.9231068925299195,0.03025335339209576,-0.01081701385229826,-0.001356905093416575,-0.0219942278862,-0.0007104533724487001,-0.031610258485512334
Montgomery - AL,2011,377381.8125,2.9584433403575288,0.012088660841624547,-0.0219942278862,-0.0007104533724487001,-0.0035896769762039024,0.001848529092967498,-0.012799114214073247
Montgomery - AL,2012,378083.71875,2.771346082561873,-0.06324179180428205,-0.0035896769762039024,0.0017629303038119992,0.0111813364923,0.005054565146565399,0.06500472210809405
Montgomery - AL,2013,378644.0,2.795226954996016,0.008617066119748927,0.0111813364923,0.005054565146565399,-0.01048980251327157,-0.012497826013714072,-0.0035625009731835282
Montgomery - AL,2014,379530.3125,2.871504282340436,0.027288420071968317,-0.01048980251327157,-0.012497826013714072,0.015279444098472598,-0.014984007924795099,-0.03978624608568239
Montgomery - AL,2015,380932.1875,2.803067549132579,-0.023833059775929536,0.015279444098472598,-0.014984007924795099,0.011014893919229501,-0.002138663083314899,0.008849051851134437
Montgomery - AL,2016,382814.3125,2.70661330955705,-0.03441024445000512,0.011014893919229501,-0.002138663083314899,-0.008231350503861902,-0.0110209239646792,0.03227158136669023
Montgomery - AL,2017,384045.90625,2.7777662740554625,0.026288559302938205,-0.008231350503861902,-0.0110209239646792,-0.0033787300586699993,-0.012513753026723796,-0.037309483267617405
Montgomery - AL,2018,384405.6875,2.7817154017577415,0.0014216918605298406,-0.0033787300586699993,-0.012513753026723796,0.0267998456656933,0.008998651057481794,-0.013935444887253637
Montgomery - AL,2019,385543.90625,2.6747774014486208,-0.038443185180463656,0.0267998456656933,0.008998651057481794,0.041394790738821005,0.022545600309968005,0.04744183623794545
Montgomery - AL,2020,385226.09375,2.435039889165577,-0.08962895833993718,0.041394790738821005,0.022545600309968005,0.05311987388134,0.009530261158943093,0.11217455864990519
Montgomery - AL,2021,384827.09375,2.4717208668866575,0.01506380978984709,0.05311987388134,0.009530261158943093,-0.0481476466357708,-0.0160441398620605,-0.005533548630903997
Montgomery - AL,2022,385780.6875,2.6027080297699947,0.05299431850827342,-0.0481476466357708,-0.0155654363334179,-0.017717516779899602,0.0018414109945296998,-0.06855975484169133
Naples - FL,2006,313057.40625,2.899548569823289,0.009651594755748154,0.0269160546660423,0.020553015172481502,-0.006327378466725302,-0.005405622534453801,0.010901420416733348
Naples - FL,2007,314985.90625,3.196235706268819,0.10232183710708173,-0.006327378466725302,-0.005405622534453801,-0.0591343467235565,-0.029623542446643093,-0.10772745964153553
Naples - FL,2008,317115.5,3.298300808160955,0.03193290835589943,-0.0591343467235565,-0.029623542446643093,-0.0289905040562153,-0.0024238023906946495,-0.061556450802542524
Naples - FL,2009,319430.3125,3.5543958475662905,0.07764453708154273,-0.0289905040562153,-0.0024238023906946495,-0.012138720773160461,-0.0026786120142787764,-0.08006833947223738
Naples - FL,2010,323076.8125,3.479135919878206,-0.021173760862796227,-0.012138720773160461,-0.0026786120142787764,-0.023634405218064793,-0.0023506307043134923,0.01849514884851745
Naples - FL,2011,326446.40625,3.296794508113593,-0.05240997074095224,-0.023634405218064793,-0.0023506307043134923,0.003021839722990999,0.0084600457921624,0.05005934003663874
Naples - FL,2012,330099.90625,3.4592297054893986,0.049270646676959504,0.003021839722990999,0.0083744470030069,0.018273827284574502,0.012147055938839902,-0.0408961996739526
Naples - FL,2013,335642.0,2.9681094414738873,-0.14197388026477686,0.018273827284574502,0.012147055938839902,0.0173863906562328,0.015378367155790298,0.15412093620361678
Naples - FL,2014,342521.09375,3.2468241835505567,0.09390312169158653,0.0173863906562328,0.015378367155790298,0.064372608602047,0.0341091565787793,-0.07852475453579623
Naples - FL,2015,349982.59375,3.465698482254367,0.06741181115155447,0.064372608602047,0.0341091565787793,0.018350109726190604,0.005196552723646204,-0.03330265457277517
Naples - FL,2016,357472.0,3.1141004831604557,-0.10145083332962182,0.018350109726190604,0.005196552723646204,0.006201935648918199,0.0034123621881009016,0.10664738605326803
Naples - FL,2017,362765.40625,3.002460429802553,-0.035849855828865566,0.006201935648918199,0.0034123621881009016,-0.0101550955101848,-0.019290118478238596,0.03926221801696647
Naples - FL,2018,367017.3125,3.2140656556713973,0.07047727382797185,-0.0101550955101848,-0.019290118478238596,-0.019288816449232398,-0.0370900110574439,-0.08976739230621045
Naples - FL,2019,372763.6875,3.1516158082043417,-0.01943017167582106,-0.019288816449232398,-0.0370900110574439,0.0215021466016769,0.002652956172823899,-0.017659839381622845
Naples - FL,2020,379815.3125,3.3424161019903047,0.06054046730228611,0.0215021466016769,0.002652956172823899,0.273791721343994,0.23020210862159707,-0.057887511129462214
Naples - FL,2021,390527.8125,2.728888637740405,-0.1835580746169106,0.273791721343994,0.23020210862159707,-0.012517170906066896,0.019586335867643405,0.41376018323850766
Naples - FL,2022,402825.90625,2.7238899455904177,-0.0018317684645886524,-0.012517170906066896,0.020065039396286004,-0.079371354341507,-0.05981242656707769,0.021896807860874657
Nashville - TN,2006,1563051.0,2.4157742407067113,0.033556168630803865,-0.0084546435326338,-0.014817683026194597,-0.00008301334083080092,0.0008387425914407002,-0.048373851656998465
Nashville - TN,2007,1600994.0,2.545605260345674,0.053743026749462276,-0.00008301334083080092,0.0008387425914407002,-0.0276139455959201,0.0018968586809933047,-0.05290428415802158
Nashville - TN,2008,1633824.0,2.5229196809055243,-0.008911664268429887,-0.0276139455959201,0.0018968586809933047,-0.0217423929870129,0.004824308678507749,0.010808522949423192
Nashville - TN,2009,1659890.0,2.5523639080488603,0.011670695411424214,-0.0217423929870129,0.004824308678507749,0.0033638354539871004,0.012823944212868785,-0.006846386732916465
Nashville - TN,2010,1683245.0,2.606573567504013,0.02123900094504672,0.0033638354539871004,0.012823944212868785,-0.02276403677463531,-0.0014802622608840084,-0.008415056732177933
Nashville - TN,2011,1711519.0,2.5904120805768165,-0.00620028037139672,-0.02276403677463531,-0.0014802622608840084,0.0009474900513886976,0.006385696120560098,0.004720018110512711
Nashville - TN,2012,1744957.0,2.5353347416594847,-0.021261998942294743,0.0009474900513886976,0.006300097331404599,0.010372287258505801,0.004245515912771201,0.027562096273699342
Nashville - TN,2013,1780340.0,2.6329416384465283,0.03849862315346798,0.010372287258505801,0.004245515912771201,0.008005521088838601,0.0059974975883961,-0.03425310724069677
Nashville - TN,2014,1818453.0,2.650693467509519,0.006742203778380974,0.008005521088838601,0.0059974975883961,0.0465650280714035,0.016301576048135806,-0.0007447061899848737
Nashville - TN,2015,1858437.0,2.682244645179057,0.011902989936887062,0.0465650280714035,0.016301576048135806,0.007924709737300901,-0.005228847265243499,0.004398586111248744
Nashville - TN,2016,1898341.0,2.643047440521863,-0.014613582965910756,0.007924709737300901,-0.005228847265243499,-0.013585346102714542,-0.01637491956353184,0.009384735700667257
Nashville - TN,2017,1934555.0,2.6609984784856726,0.006791795594961054,-0.013585346102714542,-0.01637491956353184,0.0097659865617752,0.0006309635937214036,-0.023166715158492897
Nashville - TN,2018,1967478.0,2.6540622697536307,-0.0026066188267755796,0.0097659865617752,0.0006309635937214036,0.0325088679492474,0.014707673341035895,0.0032375824204969833
Nashville - TN,2019,1998345.0,2.5689259914226645,-0.03207772451355074,0.0325088679492474,0.014707673341035895,-0.01420886385068297,-0.03305805427953597,0.04678539785458663
Nashville - TN,2020,2024726.0,2.4842429877846275,-0.032964360951145896,-0.01420886385068297,-0.03305805427953597,0.09161607015132901,0.04802645742893211,-0.00009369332839007094
Nashville - TN,2021,2044290.0,2.398512571381418,-0.0345096743051135,0.09161607015132901,0.04802645742893211,-0.0405131670832634,-0.008409660309553098,0.08253613173404561
Nashville - TN,2022,2086560.0,2.4223065878187993,0.009920321753276121,-0.0405131670832634,-0.007930956780910499,-0.0660276569277048,-0.046468729153275504,-0.01785127853418662
New Haven - CT,2006,851006.75,2.3019647863373978,0.021628400388991956,0.0005433425605297013,-0.005819696933031096,0.0008529062420129969,0.001774662174284498,-0.027448097322023052
New Haven - CT,2007,854348.3125,2.3210624648225315,0.008296251358179827,0.0008529062420129969,0.001774662174284498,-0.03052383783459663,-0.001013033557683226,-0.006521589183895329
New Haven - CT,2008,857509.1875,2.381803122433216,0.026169333454508652,-0.03052383783459663,-0.001013033557683226,-0.0242682273536921,0.002298474311828551,-0.02718236701219188
New Haven - CT,2009,860999.8125,2.4153303380236113,0.014076400889148324,-0.0242682273536921,0.002298474311828551,-0.0014585845023393999,0.008001524256542285,-0.011777926577319773
New Haven - CT,2010,864182.6875,2.394236171926883,-0.008733449733417742,-0.0014585845023393999,0.008001524256542285,-0.0176880875304341,0.003595686983317199,0.016734973989960027
New Haven - CT,2011,865906.5,2.4505400790307568,0.02351643825452697,-0.0176880875304341,0.003595686983317199,-0.014818079587072132,-0.009379873517900731,-0.01992075127120977
New Haven - CT,2012,867355.875,2.442411680804555,-0.003316982364727081,-0.014818079587072132,-0.00946547230705623,0.004520429894328101,-0.0016063414514064997,-0.006148489942329149
New Haven - CT,2013,867186.8125,2.461290319607845,0.007729507253695824,0.004520429894328101,-0.0016063414514064997,-0.01417431659903377,-0.01618234009947627,-0.009335848705102325
New Haven - CT,2014,867898.375,2.4335775038688627,-0.011259466434417935,-0.01417431659903377,-0.01618234009947627,0.0166698267459869,-0.013593625277280797,-0.004922873665058336
New Haven - CT,2015,866464.0,2.4888236010397344,0.022701597579301392,0.0166698267459869,-0.013593625277280797,0.008340243518352502,-0.004813313484191898,-0.03629522285658219
New Haven - CT,2016,865872.6875,2.4620804266256777,-0.010745307302166553,0.008340243518352502,-0.004813313484191898,-0.0012954085171223012,-0.004084981977939599,0.005931993817974655
New Haven - CT,2017,866559.1875,2.3379326326999372,-0.050423939276381446,-0.0012954085171223012,-0.004084981977939599,0.0016765764206648007,-0.007458446547388996,0.04633895729844185
New Haven - CT,2018,866244.5,2.329213630764548,-0.0037293640601270346,0.0016765764206648007,-0.007458446547388996,0.0040118332654238,-0.013789361342787704,-0.003729082487261961
New Haven - CT,2019,865045.25,2.397528959273321,0.02932978220909225,0.0040118332654238,-0.013789361342787704,0.0167975519895554,-0.0020516384392975998,-0.04311914355187996
New Haven - CT,2020,860539.125,2.2025170047841147,-0.08133872741554435,0.0167975519895554,-0.0020516384392975998,0.0120433105826378,-0.031546302139759105,0.07928708897624676
New Haven - CT,2021,865533.6875,2.1585045514605232,-0.01998279842016724,0.0120433105826378,-0.031546302139759105,-0.041399566382169704,-0.009296059608459403,-0.011563503719591865
New Haven - CT,2022,868888.9375,2.242834606448439,0.03906874087008747,-0.041399566382169704,-0.008817356079816804,-0.009848600983619702,0.0097103267908096,-0.047886096949904276
New York - NY,2006,13570790.0,2.606304948056105,0.01030644901987315,0.0369573064446449,0.030594266951084102,0.050660274088382695,0.051582030020654195,0.020287817931210952
New York - NY,2007,13620770.0,2.604205855559293,-0.0008053902128288681,0.050660274088382695,0.051582030020654195,-0.0503422183096409,-0.020831414032727494,0.05238742023348306
New York - NY,2008,13713630.0,2.6182166223661882,0.0053800534919257155,-0.0503422183096409,-0.020831414032727494,-0.08085970646142959,-0.05429300479590894,-0.02621146752465321
New York - NY,2009,13821420.0,2.6394702349974795,0.008117591359603955,-0.08085970646142959,-0.05429300479590894,0.016720223069191,0.026180331828072684,-0.06241059615551289
New York - NY,2010,13957350.0,2.6330401520352775,-0.0024361263396509084,0.016720223069191,0.026180331828072684,-0.020944734446704402,0.00033904006704689807,0.028616458167723593
New York - NY,2011,14141820.0,2.6667407664825804,0.01279912667539578,-0.020944734446704402,0.00033904006704689807,-0.006139400698244601,-0.0007011946290732003,-0.012460086608348882
New York - NY,2012,14308750.0,2.6502308995527843,-0.006191028065908521,-0.006139400698244601,-0.0007867934182286991,0.0035046624392271013,-0.002622108906507499,0.005404234647679822
New York - NY,2013,14449810.0,2.654497755610176,0.0016099940794258856,0.0035046624392271013,-0.002622108906507499,0.0098270911872387,0.007819067686796199,-0.004232102985933385
New York - NY,2014,14579630.0,2.650885952251542,-0.0013606353032321252,0.0098270911872387,0.007819067686796199,0.0287552384436131,-0.0015082135796545965,0.009179702990028325
New York - NY,2015,14693130.0,2.673745767666661,0.008623462429872872,0.0287552384436131,-0.0015082135796545965,0.004212789505720101,-0.0089407674968243,-0.010131676009527468
New York - NY,2016,14781160.0,2.682529020694425,0.0032849993196731094,0.004212789505720101,-0.0089407674968243,-0.0096763161048293,-0.012465889565646598,-0.012225766816497409
New York - NY,2017,14838010.0,2.6592403684345296,-0.008681603099252467,-0.0096763161048293,-0.012465889565646598,-0.00017963515222070223,-0.009314658120274499,-0.003784286466394131
New York - NY,2018,14875710.0,2.5488679063821222,-0.041505259683381916,-0.00017963515222070223,-0.009314658120274499,0.0030703145712614004,-0.014730880036950104,0.03219060156310742
New York - NY,2019,14897850.0,2.5098128960197394,-0.015322492885799522,0.0030703145712614004,-0.014730880036950104,-0.0288643873184919,-0.0477135777473449,0.0005916128488494179
New York - NY,2020,14749930.0,2.5064334857055397,-0.0013464789823811512,-0.0288643873184919,-0.0477135777473449,0.0137658438384533,-0.029823768883943606,-0.04636709876496375
New York - NY,2021,14510080.0,2.4809319549016338,-0.01017442950285492,0.0137658438384533,-0.029823768883943606,-0.0432177650928497,-0.011114258319139397,-0.019649339381088687
New York - NY,2022,14464830.0,2.39431893685231,-0.03491148472581053,-0.0432177650928497,-0.010635554790496798,-0.0187324628084898,0.000826464965939501,0.02427592993531373
Norfolk - VA,2006,1665115.0,2.564329802289374,0.0033970451398142205,0.010846940457820899,0.004483900964260101,0.0025493941307067995,0.0034711500629783006,0.0010868558244458808
Norfolk - VA,2007,1663293.0,2.611571437027575,0.018422604883359766,0.0025493941307067995,0.0034711500629783006,-0.0247221219465137,0.004788682330399703,-0.014951454820381465
Norfolk - VA,2008,1664077.0,2.655425983604116,0.01679239784704305,-0.0247221219465137,0.004788682330399703,0.01083168554678559,0.03739838721230624,-0.012003715516643348
Norfolk - VA,2009,1671540.0,2.591831988060553,-0.023948698226282046,0.01083168554678559,0.03739838721230624,-0.01220286608114839,-0.002742757322266705,0.061347085438588286
Norfolk - VA,2010,1682631.0,2.7373303746762816,0.05613727559732911,-0.01220286608114839,-0.002742757322266705,-0.02807580807060003,-0.00679203355684873,-0.058880032919595815
Norfolk - VA,2011,1692270.0,2.753563982169418,0.005930452401112234,-0.02807580807060003,-0.00679203355684873,-0.018122065629810093,-0.012683859560638692,-0.012722485957960963
Norfolk - VA,2012,1704917.0,2.687955999915096,-0.023826569013526994,-0.018122065629810093,-0.012769458349794191,-0.005718089044094089,-0.011844860389828689,0.011057110663732803
Norfolk - VA,2013,1714862.0,2.7439059513553676,0.020815054800762647,-0.005718089044094089,-0.011844860389828689,-0.01276556559279561,-0.014773589093238112,-0.03265991519059133
Norfolk - VA,2014,1725993.0,2.7647949835587053,0.007612881991461645,-0.01276556559279561,-0.014773589093238112,0.018631166011094998,-0.011632286012172699,-0.022386471084699756
Norfolk - VA,2015,1733087.0,2.698530969222419,-0.02396706255991341,0.018631166011094998,-0.011632286012172699,0.007732777193188699,-0.005420779809355701,0.012334776547740713
Norfolk - VA,2016,1738343.0,2.7717014514220253,0.02711493143274552,0.007732777193188699,-0.005420779809355701,-0.002036404147744201,-0.0048259776085614985,-0.03253571124210122
Norfolk - VA,2017,1743217.0,2.671980660192618,-0.035978186315212796,-0.002036404147744201,-0.0048259776085614985,0.008366640865802799,-0.0007683821022509973,0.031152208706651297
Norfolk - VA,2018,1749649.0,2.550388841686178,-0.04550624947175877,0.008366640865802799,-0.0007683821022509973,0.025881688266992598,0.008080493658781093,0.04473786736950777
Norfolk - VA,2019,1758447.0,2.525699054351373,-0.009680793348547325,0.025881688266992598,0.008080493658781093,0.041948290646076206,0.023099100217223206,0.017761287007328416
Norfolk - VA,2020,1765671.0,2.31591241631338,-0.08306082138985019,0.041948290646076206,0.023099100217223206,0.061978085219859994,0.018388472497463088,0.1061599216070734
Norfolk - VA,2021,1768028.0,2.303351636427587,-0.005423685195223605,0.061978085219859994,0.018388472497463088,-0.027528038173914,0.004575468599796302,0.023812157692686693
Norfolk - VA,2022,1768581.0,2.4097752248077304,0.04620379567628793,-0.027528038173914,0.005054172128438901,-0.0122476171553135,0.007311310619115802,-0.041149623547849026
Northwest Arkansas - AR,2006,427122.71875,2.5081599375971932,0.00003149582211270835,0.034762506961822495,0.028399467468261698,-0.0027011753022671003,-0.0017794193699955992,0.02836797164614899
Northwest Arkansas - AR,2007,439049.28125,2.6467744224477934,0.055265409024670184,-0.0027011753022671003,-0.0017794193699955992,-0.0522946662381291,-0.0227838619612157,-0.057044828394665785
Northwest Arkansas - AR,2008,448748.8125,2.5717220389340127,-0.02835616925917343,-0.0522946662381291,-0.0227838619612157,-0.0298755771517754,-0.003308875486254751,0.00557230729795773
Northwest Arkansas - AR,2009,457742.09375,2.8378690709346808,0.10348981265136525,-0.0298755771517754,-0.003308875486254751,-0.00748674309253693,0.001973365666344755,-0.10679868813762
Northwest Arkansas - AR,2010,468099.0,2.6307920224465713,-0.0729692044671767,-0.00748674309253693,0.001973365666344755,-0.0194918926507235,0.0017918818630278006,0.07494257013352146
Northwest Arkansas - AR,2011,478446.40625,2.6754040406906068,0.016957637800097715,-0.0194918926507235,0.0017918818630278006,-0.0010608400255442026,0.004377366043627198,-0.015165755937069914
Northwest Arkansas - AR,2012,487974.3125,2.581227541991099,-0.0352008508872544,-0.0010608400255442026,0.004291767254471699,-0.0015338234230875998,-0.0076605947688222,0.039492618141726096
Northwest Arkansas - AR,2013,496906.8125,2.799351212632703,0.0845038521762203,-0.0015338234230875998,-0.0076605947688222,0.003412532448768598,0.001404508948326097,-0.0921644469450425
Northwest Arkansas - AR,2014,507121.3125,2.7466642249201336,-0.018821142368562978,0.003412532448768598,0.001404508948326097,0.0245645327270031,-0.005698919296264596,0.020225651316889075
Northwest Arkansas - AR,2015,518669.375,2.6389546076287638,-0.039214701350872905,0.0245645327270031,-0.005698919296264596,0.0116609039604664,-0.0014926530420780008,0.03351578205460831
Northwest Arkansas - AR,2016,530986.875,2.5142638587161295,-0.047250054454205014,0.0116609039604664,-0.0014926530420780008,-0.01431948533654213,-0.01710905879735943,0.045757401412127016
Northwest Arkansas - AR,2017,542506.25,2.7333487862140946,0.08713680815100987,-0.01431948533654213,-0.01710905879735943,0.011096645355224602,0.0019616223871708055,-0.10424586694836929
Northwest Arkansas - AR,2018,552533.3125,2.4948510684567418,-0.0872547692999294,0.011096645355224602,0.0019616223871708055,-0.003232823528349398,-0.021034018136560903,0.0892163916871002
Northwest Arkansas - AR,2019,563359.0625,2.592672875796561,0.039209477702542586,-0.003232823528349398,-0.021034018136560903,0.0086619873642921,-0.0101872030645609,-0.06024349583910349
Northwest Arkansas - AR,2020,576466.625,2.579606991199791,-0.005039542288093485,0.0086619873642921,-0.0101872030645609,0.018007694065570803,-0.025581918656826103,-0.005147660776467416
Northwest Arkansas - AR,2021,590035.1875,2.5802785923597287,0.00026035018598903235,0.018007694065570803,-0.025581918656826103,0.015956228673458098,0.0480597354471684,-0.025842268842815135
Northwest Arkansas - AR,2022,605385.9375,2.521058369690872,-0.02295109638323905,0.015956228673458098,0.048538438975811,-0.016952440872788403,0.002606486901640899,0.07148953535905005
Norwich - CT,2006,270762.5,2.2594759651822005,0.0027555942982402525,-0.0000569469928740976,-0.006419986486434895,0.0021100818216800987,0.0030318377539516,-0.009175580784675147
Norwich - CT,2007,271158.375,2.3103220661994217,0.022503492757056636,0.0021100818216800987,0.0030318377539516,-0.030554835975170138,-0.0010440316982567345,-0.019471655003105034
Norwich - CT,2008,272894.59375,2.3077945285393815,-0.0010940196161473368,-0.030554835975170138,-0.0010440316982567345,-0.0227513040453196,0.003815397620201052,0.00004998791789060232
Norwich - CT,2009,273765.5,2.347270502879828,0.017105497847518983,-0.0227513040453196,0.003815397620201052,-0.00033307558298109954,0.009127033175900585,-0.013290100227317931
Norwich - CT,2010,273961.3125,2.250257315612362,-0.04133021189864657,-0.00033307558298109954,0.009127033175900585,-0.022908566862344742,-0.0016247923485934422,0.05045724507454716
Norwich - CT,2011,273827.59375,2.2295640807285912,-0.00919594161085506,-0.022908566862344742,-0.0016247923485934422,-0.003960775494575502,0.0014774305745958987,0.007571149262261618
Norwich - CT,2012,274730.90625,2.2489693816612086,0.008703630050532568,-0.003960775494575502,0.0013918317854403998,-0.010087153278291228,-0.01621392462402583,-0.007311798265092168
Norwich - CT,2013,273831.59375,2.474766297247683,0.10040017326500413,-0.010087153278291228,-0.01621392462402583,0.0041968755573034006,0.0021888520568608995,-0.11661409788902996
Norwich - CT,2014,272614.90625,2.4173728307310025,-0.02319146926338496,0.0041968755573034006,0.0021888520568608995,0.012268252834677699,-0.017995199188589998,0.02538032132024586
Norwich - CT,2015,271293.625,2.340166112493357,-0.03193827499678596,0.012268252834677699,-0.017995199188589998,0.017927605926990497,0.004774048924446097,0.013943075808195964
Norwich - CT,2016,270546.59375,2.233423989617531,-0.045613053836633846,0.017927605926990497,0.004774048924446097,-0.006417401418089901,-0.009206974878907198,0.050387102761079945
Norwich - CT,2017,270067.28125,2.2835525779893007,0.022444725499860815,-0.006417401418089901,-0.009206974878907198,0.019043680489063297,0.0099086575210095,-0.031651700378768015
Norwich - CT,2018,269501.1875,2.2513384470675244,-0.014107023955691555,0.019043680489063297,0.0099086575210095,0.022211975574493403,0.004410780966281898,0.024015681476701058
Norwich - CT,2019,268684.59375,2.2126487771107146,-0.017185185997780527,0.022211975574493403,0.004410780966281898,0.0239754972159863,0.0051263067871333,0.021595966964062425
Norwich - CT,2020,266543.09375,1.9210738880965115,-0.1317763994134409,0.0239754972159863,0.0051263067871333,0.0395072309970856,-0.004082381725311307,0.1369027062005742
Norwich - CT,2021,267252.40625,2.1194212715101406,0.10324818042795889,0.0395072309970856,-0.004082381725311307,-0.010473886430263507,0.021629620343446794,-0.10733056215327019
Norwich - CT,2022,268483.78125,2.1394611055205024,0.00945533305706747,-0.010473886430263507,0.022108323872089393,0.0291242685317993,0.0486831963062286,0.012652990815021923
Odessa - TX,2006,128214.4921875,2.512790152084367,-0.022949069423659117,0.0107901595830917,0.004427120089530903,0.012993398219346999,0.0139151541516185,0.02737618951319002
Odessa - TX,2007,131109.40625,2.5579733278023444,0.01798127698029128,0.012993398219346999,0.0139151541516185,-0.0275321391522884,0.0019786651246250023,-0.00406612282867278
Odessa - TX,2008,134036.1875,2.69908786039448,0.05516653792218105,-0.0275321391522884,0.0019786651246250023,-0.029270951360464103,-0.0027042496949434523,-0.053187872797556046
Odessa - TX,2009,136957.59375,2.682781305338672,-0.006041505834280208,-0.029270951360464103,-0.0027042496949434523,-0.01539261341933161,-0.0059325046604499256,0.003337256139336756
Odessa - TX,2010,137597.59375,2.5322040248168425,-0.056127303489920795,-0.01539261341933161,-0.0059325046604499256,-0.02517964073270559,-0.00389586621895429,0.050194798829470866
Odessa - TX,2011,140495.296875,2.5156649806102998,-0.006531481683328823,-0.02517964073270559,-0.00389586621895429,0.0166789085566998,0.022117114625871202,0.0026356154643745328
Odessa - TX,2012,145208.09375,2.632355719644266,0.04638564353098283,0.0166789085566998,0.0220315158367157,0.0069359397888184016,0.0008091684430838013,-0.02435412769426713
Odessa - TX,2013,150061.59375,2.9596337055916915,0.12432893605718819,0.0069359397888184016,0.0008091684430838013,0.0204553108811378,0.018447287380695298,-0.12351976761410438
Odessa - TX,2014,154872.296875,2.999891313193946,0.013602226358685963,0.0204553108811378,0.018447287380695298,-0.0884024331569672,-0.11866588518023491,0.004845061022009335
Odessa - TX,2015,158088.0,2.973366821283311,-0.008841817633184456,-0.0884024331569672,-0.11866588518023491,-0.0641211007833481,-0.0772746577858925,-0.10982406754705046
Odessa - TX,2016,156057.0,2.6779272098767586,-0.09936197891622406,-0.0641211007833481,-0.0772746577858925,0.262844947814941,0.2600553743541237,0.022087321130331558
Odessa - TX,2017,156391.40625,2.8328897612259225,0.05786660323612586,0.262844947814941,0.2600553743541237,0.101203981995583,0.0920689590275292,0.20218877111799782
Odessa - TX,2018,161025.296875,2.9437296113761797,0.03912607248871262,0.101203981995583,0.0920689590275292,-0.043832038372755094,-0.061633232980966596,0.05294288653881659
Odessa - TX,2019,164470.703125,3.0990959709785044,0.052778746730645434,-0.043832038372755094,-0.061633232980966596,-0.274355744838715,-0.293204935267568,-0.11441197971161203
Odessa - TX,2020,164330.3125,3.6313105306771454,0.1717321969640715,-0.274355744838715,-0.293204935267568,-0.04346368366666138,-0.08705329638905829,-0.4649371322316395
Odessa - TX,2021,160941.0,2.6010736565032873,-0.28370938411090546,-0.04346368366666138,-0.08705329638905829,0.08976997256279,0.1218734793365003,0.19665608772184717
Odessa - TX,2022,162443.09375,2.232792109284193,-0.1415882807848616,0.08976997256279,0.1223521828651429,0.07411532962322201,0.09367425739765131,0.2639404636500045
Ogden - UT,2006,549720.25,2.6859517663419035,-0.015263595341498362,0.009372481733560596,0.003009442239999799,0.015278297573327996,0.0162000535055995,0.01827303758149816
Ogden - UT,2007,565581.5,2.837062045485604,0.0562594909697516,0.015278297573327996,0.0162000535055995,-0.027275594241917098,0.002235210034996306,-0.0400594374641521
Ogden - UT,2008,579997.9375,2.8439087973511237,0.002413324684391105,-0.027275594241917098,0.002235210034996306,-0.0333406708240509,-0.006773969158530249,-0.00017811464939479927
Ogden - UT,2009,591591.1875,2.9837368204135357,0.04916754826759944,-0.0333406708240509,-0.006773969158530249,-0.01315040065348148,-0.0036902918945997953,-0.05594151742612969
Ogden - UT,2010,601528.0625,2.935198316863275,-0.01626768930093959,-0.01315040065348148,-0.0036902918945997953,-0.02303760439902544,-0.0017538298852741406,0.012577397406339796
Ogden - UT,2011,608084.875,2.8413106931873795,-0.03198680754771938,-0.02303760439902544,-0.0017538298852741406,-0.0089562649875879,-0.0035180589184165,0.030232977662445242
Ogden - UT,2012,615961.1875,3.017775021133643,0.062106663790543144,-0.0089562649875879,-0.003603657707571999,-0.0038099459931254,-0.00993671733886,-0.06571032149811515
Ogden - UT,2013,625626.5625,3.049153730051165,0.010397961643189069,-0.0038099459931254,-0.00993671733886,0.00019578711688519879,-0.0018122363835573023,-0.02033467898204907
Ogden - UT,2014,635833.9375,3.0491304614140593,-7.63117873534217e-6,0.00019578711688519879,-0.0018122363835573023,0.0360859876275063,0.0058225356042386,-0.00180460520482196
Ogden - UT,2015,646580.6875,2.8972872533438934,-0.04979885576944038,0.0360859876275063,0.0058225356042386,0.0099218676686287,-0.0032316893339157,0.05562139137367898
Ogden - UT,2016,659121.0,2.9068365103599114,0.003295930358647322,0.0099218676686287,-0.0032316893339157,0.021980991303920696,0.0191914178431034,-0.006527619692563023
Ogden - UT,2017,670482.8125,3.0326529069062937,0.043282928399301104,0.021980991303920696,0.0191914178431034,0.030139126092195496,0.0210041031241417,-0.024091510556197706
Ogden - UT,2018,680328.5,2.832678491232333,-0.0659404230594793,0.030139126092195496,0.0210041031241417,0.025951775878667798,0.008150581270456293,0.086944526183621
Ogden - UT,2019,690264.125,2.6642945358199435,-0.059443369917754264,0.025951775878667798,0.008150581270456293,0.031419696390628804,0.012570505961775804,0.06759395118821056
Ogden - UT,2020,699431.25,2.956284282303252,0.10959364385493812,0.031419696390628804,0.012570505961775804,0.060932388782501,0.017342776060104093,-0.09702313789316232
Ogden - UT,2021,708395.0,2.7223711612346415,-0.07912402825020871,0.060932388782501,0.017342776060104093,-0.0441748070716858,-0.012071300297975499,0.0964668043103128
Ogden - UT,2022,716642.5625,2.911201964155013,0.06936262241138838,-0.0441748070716858,-0.0115925967693329,-0.04912013167887926,-0.02956120390444996,-0.08095521918072128
Oklahoma City - OK,2006,1186850.0,2.488609050458578,0.01719711698906347,-0.015210040256381,-0.021573079749941798,0.007318626254797001,0.008240382187068502,-0.038770196739005267
Oklahoma City - OK,2007,1203902.0,2.6022692125987144,0.04567216458494839,0.007318626254797001,0.008240382187068502,-0.007750212505459798,0.021760591771453605,-0.037431782397879886
Oklahoma City - OK,2008,1221981.0,2.631576223388729,0.011262097959783291,-0.007750212505459798,0.021760591771453605,-0.0240506741255522,0.002516027539968449,0.010498493811670314
Oklahoma City - OK,2009,1242890.0,2.6819604746249386,0.01914603528805586,-0.0240506741255522,0.002516027539968449,-0.01491176994424313,-0.005451661185361445,-0.01663000774808741
Oklahoma City - OK,2010,1262885.0,2.6803530596406744,-0.0005993432787218797,-0.01491176994424313,-0.005451661185361445,-0.018687958240509,0.002595816273242301,-0.004852317906639566
Oklahoma City - OK,2011,1282842.0,2.6764014801345968,-0.0014742757458255712,-0.018687958240509,0.002595816273242301,0.0039284543097018974,0.009366660378873298,0.004070092019067872
Oklahoma City - OK,2012,1304591.0,2.6501288941440935,-0.00981638449444515,0.0039284543097018974,0.009281061589717799,0.0153896274417639,0.009262856096029299,0.01909744608416295
Oklahoma City - OK,2013,1325571.0,2.6920235403997563,0.015808531557931445,0.0153896274417639,0.009262856096029299,0.002008023500442501,0.0,-0.006545675461902146
Oklahoma City - OK,2014,1343397.0,2.714223684520786,0.008246638184201356,0.002008023500442501,0.0,0.010107862927019599,-0.020155589096248098,-0.008246638184201356
Oklahoma City - OK,2015,1363382.0,2.8507649047545103,0.05030580972836498,0.010107862927019599,-0.020155589096248098,-0.01687748191133142,-0.030031038913875818,-0.07046139882461308
Oklahoma City - OK,2016,1377889.0,2.8416960848531465,-0.003181188279061095,-0.01687748191133142,-0.030031038913875818,-0.008272770144045401,-0.011062343604862699,-0.026849850634814723
Oklahoma City - OK,2017,1387621.0,2.8801864277203717,0.013544848470034156,-0.008272770144045401,-0.011062343604862699,0.008273266464471803,-0.0008617565035819938,-0.024607192074896853
Oklahoma City - OK,2018,1401224.0,2.840192055790984,-0.013886035828952509,0.008273266464471803,-0.0008617565035819938,0.0182672731280327,0.00046607851982119475,0.013024279325370515
Oklahoma City - OK,2019,1417298.0,2.7487921405853237,-0.03218089249256969,0.0182672731280327,0.00046607851982119475,0.0194255319535732,0.0005763415247201989,0.032646971012390884
Oklahoma City - OK,2020,1433498.0,2.507091522910529,-0.08792975434778684,0.0194255319535732,0.0005763415247201989,0.038341550409793895,-0.005248062312603011,0.08850609587250705
Oklahoma City - OK,2021,1448468.0,2.4381570675815767,-0.02749578732926554,0.038341550409793895,-0.005248062312603011,-0.0332974474132061,-0.001193940639495801,0.02224772501666253
Oklahoma City - OK,2022,1467299.0,2.5463137023538045,0.044359994772407776,-0.0332974474132061,-0.0007152371108532021,-0.016604930892586703,0.0029539968818425993,-0.04507523188326098
Olympia - WA,2006,233945.796875,2.4109333572910456,-0.03886026691912963,0.027902258217334698,0.0215392187237739,0.018077387571334796,0.0189991435036063,0.06039948564290353
Olympia - WA,2007,239410.40625,2.476633894361025,0.027251079699606953,0.018077387571334796,0.0189991435036063,-0.02872499573230743,0.0007858085446059739,-0.008251936196000655
Olympia - WA,2008,245743.390625,2.538045667192511,0.0247964678878508,-0.02872499573230743,0.0007858085446059739,-0.056381542891264,-0.02981484122574335,-0.024010659343244825
Olympia - WA,2009,250732.0,2.6630887595327586,0.049267471407859094,-0.056381542891264,-0.02981484122574335,-0.001768813639879201,0.007691295119002484,-0.07908231263360244
Olympia - WA,2010,253966.203125,2.47304981842241,-0.07136034817844043,-0.001768813639879201,0.007691295119002484,-0.02431755547225475,-0.00303378095850345,0.07905164329744292
Olympia - WA,2011,257224.09375,2.6083340448176107,0.054703397152549196,-0.02431755547225475,-0.00303378095850345,-0.012775637492537502,-0.007337431423366101,-0.057737178111052646
Olympia - WA,2012,259898.890625,2.5012335812848656,-0.04106086938731581,-0.012775637492537502,-0.0074230302125216,0.0146832732856274,0.0085565019398928,0.03363783917479421
Olympia - WA,2013,263329.09375,2.57720507386526,0.030373609705563066,0.0146832732856274,0.0085565019398928,0.005707521751523,0.003699498251080499,-0.021817107765670266
Olympia - WA,2014,266626.0,2.6309402930345116,0.02085019143962041,0.005707521751523,0.003699498251080499,0.0579766427874565,0.0277131907641888,-0.01715069318853991
Olympia - WA,2015,270519.09375,2.4914341677318044,-0.0530251962281522,0.0579766427874565,0.0277131907641888,0.041671164602041205,0.028517607599496807,0.08073838699234101
Olympia - WA,2016,276552.1875,2.416359671715067,-0.03013304424779763,0.041671164602041205,0.028517607599496807,0.025790339052677202,0.023000765591859904,0.05865065184729444
Olympia - WA,2017,282887.78125,2.5696667722575843,0.06344548054541237,0.025790339052677202,0.023000765591859904,0.021396942645311397,0.0122619196772576,-0.040444714953552466
Olympia - WA,2018,288109.71875,2.6010717950714324,0.012221437873929904,0.021396942645311397,0.0122619196772576,0.0273681573271751,0.009566962718963595,0.00004048180332769623
Olympia - WA,2019,292440.78125,2.488530711909553,-0.04326719599786699,0.0273681573271751,0.009566962718963595,0.039960591226816194,0.021111400797963194,0.05283415871683059
Olympia - WA,2020,296564.40625,2.331353396074236,-0.06316068959209599,0.039960591226816194,0.021111400797963194,0.024638613939285306,-0.0189509987831116,0.08427209039005919
Olympia - WA,2021,298275.78125,2.339000273232963,0.00328001630795373,0.024638613939285306,-0.0189509987831116,-0.057652145549655004,-0.025548638775944703,-0.02223101509106533
Olympia - WA,2022,298809.375,2.2835372999903836,-0.023712255991282325,-0.057652145549655004,-0.025069935247302104,-0.0180528040826321,0.001506123691797201,-0.0013576792560197788
Omaha - NE,2006,827312.6875,2.3583752575104313,0.024197290445291713,-0.012781452730298001,-0.0191444922238588,-0.005205846294760702,-0.004284090362489201,-0.04334178266915051
Omaha - NE,2007,837189.6875,2.373148500597284,0.006264161328781856,-0.005205846294760702,-0.004284090362489201,-0.0242761264666915,0.0052346778102219035,-0.010548251691271056
Omaha - NE,2008,847933.5,2.2161955893022145,-0.06613699532733287,-0.0242761264666915,0.0052346778102219035,-0.0208026810586452,0.005764020606875451,0.07137167313755477
Omaha - NE,2009,859247.9375,2.394143474440075,0.08029430524852214,-0.0208026810586452,0.005764020606875451,-0.01458788831625134,-0.005127779557369655,-0.0745302846416467
Omaha - NE,2010,870584.625,2.3872594651626105,-0.0028753536916054905,-0.01458788831625134,-0.005127779557369655,-0.02291845098882914,-0.0016346764750778398,-0.002252425865764164
Omaha - NE,2011,880434.5625,2.372766784455575,-0.006070844379728189,-0.02291845098882914,-0.0016346764750778398,-0.010747643470764201,-0.005309437401592801,0.004436167904650349
Omaha - NE,2012,890810.1875,2.476794835521627,0.04384250982758122,-0.010747643470764201,-0.0053950361907483,0.0019167965650557992,-0.004209974780678801,-0.04923754601832952
Omaha - NE,2013,901559.0625,2.357409140515384,-0.04820168925340147,0.0019167965650557992,-0.004209974780678801,-0.0051222780570388,-0.007130301557481301,0.04399171447272267
Omaha - NE,2014,912716.9375,2.351112209904236,-0.0026711233544175306,-0.0051222780570388,-0.007130301557481301,0.0334863757491112,0.003222923725843506,-0.00445917820306377
Omaha - NE,2015,924055.9375,2.410244954066405,0.02515096638649065,0.0334863757491112,0.003222923725843506,0.0063832330405711995,-0.006770323961973201,-0.021928042660647143
Omaha - NE,2016,935453.0,2.4354319629428356,0.010449978884485041,0.0063832330405711995,-0.006770323961973201,-0.004003241941332801,-0.006792815402150099,-0.017220302846458244
Omaha - NE,2017,945558.0,2.4357660584505223,0.00013718121169889013,-0.004003241941332801,-0.006792815402150099,0.004792580589652099,-0.004342442378401697,-0.006929996613848989
Omaha - NE,2018,955356.8125,2.3640559647956487,-0.02944046839230978,0.004792580589652099,-0.004342442378401697,0.015120181411504698,-0.0026810131967068065,0.025098026013908082
Omaha - NE,2019,963872.3125,2.3467997877821327,-0.007299394460404682,0.015120181411504698,-0.0026810131967068065,0.004819858923554399,-0.0140293315052986,0.0046183812636978756
Omaha - NE,2020,970070.3125,2.1472329182314374,-0.08503787608541506,0.004819858923554399,-0.0140293315052986,0.011966610580682803,-0.0316230021417141,0.07100854458011646
Omaha - NE,2021,974037.5,2.174953428745004,0.012909875905031497,0.011966610580682803,-0.0316230021417141,-0.009694294929504396,0.022409211844205905,-0.0445328780467456
Omaha - NE,2022,980831.5,2.178969928333878,0.0018467060194442407,-0.009694294929504396,0.022887915372848504,-0.012463995054364203,0.0070949327200650995,0.021041209353404262
Orlando - FL,2006,2029395.0,2.694131945034841,0.03678003103522506,0.0399133242964745,0.0335502848029137,-0.02205520998314023,-0.02113345405086873,-0.0032297462323113563
Orlando - FL,2007,2065257.125,2.88391499340378,0.07044311571996321,-0.02205520998314023,-0.02113345405086873,-0.0575838082581758,-0.028073003981262397,-0.09157656977083195
Orlando - FL,2008,2093685.0,2.9724610077786555,0.030703406507265975,-0.0575838082581758,-0.028073003981262397,-0.037013624519109695,-0.010446922853589044,-0.05877641048852837
Orlando - FL,2009,2119135.0,3.040007483554544,0.022724091451200096,-0.037013624519109695,-0.010446922853589044,-0.015838259871467017,-0.006378151112585332,-0.03317101430478914
Orlando - FL,2010,2150613.0,2.9454074741940417,-0.031118347527845838,-0.015838259871467017,-0.006378151112585332,-0.015420774340629599,0.005863000173121701,0.024740196415260506
Orlando - FL,2011,2194652.0,2.9035376865749547,-0.014215278526290804,-0.015420774340629599,0.005863000173121701,0.0008709371984004996,0.0063091432675719,0.020078278699412505
Orlando - FL,2012,2247481.0,3.0297640515655497,0.04347330002783365,0.0008709371984004996,0.006223544478416401,0.012577523142099402,0.006450751796364802,-0.03724975554941725
Orlando - FL,2013,2298351.0,3.026471626776557,-0.0010866934629089912,0.012577523142099402,0.006450751796364802,0.0126896713078022,0.010681647807359699,0.007537445259273793
Orlando - FL,2014,2359536.0,3.041816704438413,0.005070286311654532,0.0126896713078022,0.010681647807359699,0.0547907223701477,0.02452727034688,0.005611361495705167
Orlando - FL,2015,2428600.0,2.9282229552444243,-0.03734404805793859,0.0547907223701477,0.02452727034688,0.0211500453650951,0.007996488362550699,0.06187131840481859
Orlando - FL,2016,2499294.0,2.9472163613053644,0.006486325102712203,0.0211500453650951,0.007996488362550699,0.0314281449615955,0.028638571500778205,0.0015101632598384963
Orlando - FL,2017,2564186.0,2.979649944309628,0.011004819133773535,0.0314281449615955,0.028638571500778205,0.015864785969257403,0.006729763001203606,0.017633752367004672
Orlando - FL,2018,2618401.0,3.099483133430638,0.04021720381948244,0.015864785969257403,0.006729763001203606,0.014276082783937504,-0.0035251118242740007,-0.033487440818278834
Orlando - FL,2019,2654677.0,3.1522957840559322,0.01703917987346462,0.014276082783937504,-0.0035251118242740007,-0.01549770579487085,-0.03434689622372385,-0.020564291697738622
Orlando - FL,2020,2685188.0,3.1032418268451125,-0.015561343405314579,-0.01549770579487085,-0.03434689622372385,0.14676006722450302,0.10317045450210612,-0.018785552818409268
Orlando - FL,2021,2719823.0,2.6591294099863303,-0.14311241006643874,0.14676006722450302,0.10317045450210612,-0.018998844474554098,0.013104662299156203,0.24628286456854487
Orlando - FL,2022,2803454.0,2.613573176310546,-0.017132010764387213,-0.018998844474554098,0.013583365827798802,-0.07197074106335641,-0.052411813288927106,0.030715376592186015
Pensacola - FL,2006,443396.3125,2.672838497549345,0.07372271273319779,0.028166783630847902,0.021803744137287105,-0.006835813537240002,-0.005914057604968501,-0.051918968595910685
Pensacola - FL,2007,444008.3125,2.836833183703914,0.06135600273077903,-0.006835813537240002,-0.005914057604968501,-0.0564842403978109,-0.026973436120897497,-0.06727006033574753
Pensacola - FL,2008,445702.6875,2.932516214673941,0.033728818289237066,-0.0564842403978109,-0.026973436120897497,-0.029983893692493397,-0.0034171920269727464,-0.06070225441013456
Pensacola - FL,2009,447697.375,2.775126063860088,-0.05367068390834207,-0.029983893692493397,-0.0034171920269727464,-0.0036278638839721995,0.0058322448749094855,0.05025349188136932
Pensacola - FL,2010,452089.59375,2.7833681450505563,0.002969984426222356,-0.0036278638839721995,0.0058322448749094855,-0.021724712446332,-0.00044093793258069905,0.0028622604486871293
Pensacola - FL,2011,456901.875,3.0133798419418714,0.08263789944579437,-0.021724712446332,-0.00044093793258069905,-0.003594564557075502,0.0018436415120958987,-0.08307883737837507
Pensacola - FL,2012,463281.71875,2.647233980095785,-0.12150670710338861,-0.003594564557075502,0.0017580427229403998,0.006091476082801802,-0.00003529526293279822,0.12326474982632901
Pensacola - FL,2013,468303.40625,2.7125281337543,0.02466504817838295,0.006091476082801802,-0.00003529526293279822,-0.0119102445282042,-0.0139182680286467,-0.024700343441315747
Pensacola - FL,2014,472353.78125,2.620549774943307,-0.033908720675162006,-0.0119102445282042,-0.0139182680286467,0.0497776327431202,0.019514180719852503,0.019990452646515305
Pensacola - FL,2015,477638.21875,2.73043718706654,0.041932961233529804,0.0497776327431202,0.019514180719852503,0.004671864479780201,-0.008481692522764199,-0.0224187805136773
Pensacola - FL,2016,483787.1875,2.649943059760203,-0.029480307288378305,0.004671864479780201,-0.008481692522764199,0.0080591586381197,0.005269585177302402,0.020998614765614106
Pensacola - FL,2017,490131.5,2.6984563985206833,0.018307313654079196,0.0080591586381197,0.005269585177302402,0.0339901859164238,0.02485516294837,-0.013037728476776794
Pensacola - FL,2018,497608.71875,2.6585994828439388,-0.014770264844225181,0.0339901859164238,0.02485516294837,0.028815171837806703,0.011013977229595198,0.03962542779259518
Pensacola - FL,2019,505967.40625,2.6537565447230036,-0.0018216125265151316,0.028815171837806703,0.011013977229595198,0.032209692627191505,0.013360502198338505,0.01283558975611033
Pensacola - FL,2020,513014.09375,2.441655529966897,-0.079924820224323,0.032209692627191505,0.013360502198338505,0.055635085582733,0.012045472860336096,0.0932853224226615
Pensacola - FL,2021,518446.59375,2.42068565276115,-0.008588384785805975,0.055635085582733,0.012045472860336096,-0.04914960257709031,-0.017046095803380006,0.02063385764614207
Pensacola - FL,2022,524748.3125,2.508283909727755,0.03618737396435012,-0.04914960257709031,-0.016567392274737407,-0.0557451441735029,-0.0361862163990736,-0.05275476623908753
Peoria - IL,2006,372289.0,2.3106379070871856,0.02864633869985963,-0.011541925713419901,-0.0179049652069807,-0.006226961404085202,-0.005305205471813701,-0.04655130390684033
Peoria - IL,2007,374627.28125,2.3013817321501686,-0.004005895908063525,-0.006226961404085202,-0.005305205471813701,-0.0239981350600719,0.005512669216841504,-0.0012993095637501761
Peoria - IL,2008,376845.78125,2.10512122962509,-0.08527942139425666,-0.0239981350600719,0.005512669216841504,-0.0159604090303183,0.010606292635202352,0.09079209061109816
Peoria - IL,2009,379329.8125,2.3694819904279347,0.12557982746196797,-0.0159604090303183,0.010606292635202352,-0.0146555278301239,-0.005195419071242215,-0.11497353482676562
Peoria - IL,2010,379447.8125,2.269307463914672,-0.04227697316035348,-0.0146555278301239,-0.005195419071242215,-0.024355546448379763,-0.0030717719346284623,0.03708155408911127
Philadelphia - PA,2006,5862295.0,2.370514085290171,-0.017652612760500272,-0.0101762715429068,-0.016539311036467597,0.005370113164186497,0.006291869096457998,0.0011133017240326747
Philadelphia - PA,2007,5888285.0,2.370514243478851,6.673180341534554e-8,0.005370113164186497,0.006291869096457998,-0.0156784963905811,0.013832307886332305,0.0062918023646545826
Philadelphia - PA,2008,5915824.0,2.3515446603446652,-0.008002307172956188,-0.0156784963905811,0.013832307886332305,0.00206100002024323,0.02862770168576388,0.021834615059288492
Philadelphia - PA,2009,5950187.0,2.478440804771508,0.053962889400639195,0.00206100002024323,0.02862770168576388,0.0093491997718811,0.018809308530762785,-0.025335187714875314
Philadelphia - PA,2010,5984665.0,2.4565006525118323,-0.008852401161825823,0.0093491997718811,0.018809308530762785,-0.02315363694727421,-0.0018698624335229085,0.027661709692588608
Philadelphia - PA,2011,6021996.0,2.4555888539505113,-0.00037117782174762176,-0.02315363694727421,-0.0018698624335229085,-0.008027660012245202,-0.0025894539430738016,-0.0014986846117752868
Philadelphia - PA,2012,6055300.0,2.5398815587459995,0.034326880356978125,-0.008027660012245202,-0.0026750527322293004,-0.0012953359261155001,-0.0074221072718501,-0.03700193308920743
Philadelphia - PA,2013,6082910.0,2.511312227289085,-0.01124829280268478,-0.0012953359261155001,-0.0074221072718501,-0.002735884100198701,-0.004743907600641202,0.0038261855308346793
Philadelphia - PA,2014,6113104.0,2.5432031992669732,0.012698927529339456,-0.002735884100198701,-0.004743907600641202,0.0294668117314577,-0.0007966402918099975,-0.01744283512998066
Philadelphia - PA,2015,6136328.0,2.5524733986594126,0.003645087972172764,0.0294668117314577,-0.0007966402918099975,0.007728634670376799,-0.005424922332167601,-0.004441728263982762
Philadelphia - PA,2016,6160716.0,2.522810956808115,-0.011621058173172912,0.007728634670376799,-0.005424922332167601,0.0001371183395385972,-0.0026524551212787004,0.006196135841005311
Philadelphia - PA,2017,6186663.0,2.4430712044407943,-0.03160750200173873,0.0001371183395385972,-0.0026524551212787004,0.010410394728183697,0.0012753717601299008,0.02895504688046003
Philadelphia - PA,2018,6212725.0,2.4405892662516684,-0.0010159090674944126,0.010410394728183697,0.0012753717601299008,0.0182748131155968,0.00047361850738529554,0.0022912808276243134
Philadelphia - PA,2019,6234104.0,2.3830933982192493,-0.023558190977674438,0.0182748131155968,0.00047361850738529554,0.006588336184620899,-0.012260854244232101,0.024031809485059733
Philadelphia - PA,2020,6245126.0,2.2564013026931744,-0.0531628746152982,0.006588336184620899,-0.012260854244232101,0.0436500518321991,0.00006043910980219058,0.0409020203710661
Philadelphia - PA,2021,6252441.0,2.212618306398947,-0.019403904900236153,0.0436500518321991,0.00006043910980219058,-0.0425570140779018,-0.0104535073041915,0.019464344010038343
Philadelphia - PA,2022,6258111.0,2.1836322329162607,-0.013100349662143665,-0.0425570140779018,-0.0099748037755489,-0.019640610352158503,-0.00008168257772920087,0.003125545886594765
Phoenix - AZ,2006,3939969.0,2.9510024024230552,0.08058405939432073,0.023744357407093,0.0173813179135322,-0.008221476241946201,-0.0072997203096747,-0.06320274148078853
Phoenix - AZ,2007,4040162.0,3.1356848409270346,0.06258295091604718,-0.008221476241946201,-0.0072997203096747,-0.0730752323865891,-0.043564428109675694,-0.06988267122572188
Phoenix - AZ,2008,4118356.0,3.3479727933205017,0.06770066609458948,-0.0730752323865891,-0.043564428109675694,-0.0644971436858177,-0.03793044202029705,-0.11126509420426517
Phoenix - AZ,2009,4165369.25,3.372693824374742,0.007383880509292406,-0.0644971436858177,-0.03793044202029705,0.00039618910849089847,0.009856297867372583,-0.04531432252958946
Phoenix - AZ,2010,4207301.0,3.092234077487446,-0.08315600570095923,0.00039618910849089847,0.009856297867372583,-0.019079500220716,0.0022042742930353,0.09301230356833182
Phoenix - AZ,2011,4243959.0,3.05975938736186,-0.010502015472248143,-0.019079500220716,0.0022042742930353,-0.002919970363378502,0.0025182357057928987,0.012706289765283443
Phoenix - AZ,2012,4301633.0,3.0180423419235303,-0.013634093455400235,-0.002919970363378502,0.0024326369166374,0.008733701556920999,0.0026069302111863986,0.016066730372037635
Phoenix - AZ,2013,4358818.0,3.0756939122047644,0.019102306644409192,0.008733701556920999,0.0026069302111863986,0.012363136574626,0.010355113074183499,-0.016495376433222794
Phoenix - AZ,2014,4427369.0,3.0517768206194127,-0.00777616117470126,0.012363136574626,0.010355113074183499,0.0521927421689034,0.021929290145635702,0.01813127424888476
Phoenix - AZ,2015,4499213.0,3.046413772645011,-0.0017573526144396316,0.0521927421689034,0.021929290145635702,0.0276032837927341,0.0144497267901897,0.023686642760075333
Phoenix - AZ,2016,4572998.0,3.0301654579842396,-0.005333587579819749,0.0276032837927341,0.0144497267901897,0.019579523891210596,0.0167899504303933,0.01978331437000945
Phoenix - AZ,2017,4640609.0,2.936427521712327,-0.030934923380147774,0.019579523891210596,0.0167899504303933,0.044036839365959195,0.0349018163979054,0.04772487381054107
Phoenix - AZ,2018,4715284.0,2.890282694133352,-0.015714614863732816,0.044036839365959195,0.0349018163979054,0.0526645548343658,0.0348633602261543,0.050616431261638214
Phoenix - AZ,2019,4802028.0,2.862869195347241,-0.009484711942452784,0.0526645548343658,0.0348633602261543,0.0431882870495319,0.024339096620678898,0.04434807216860708
Phoenix - AZ,2020,4893875.0,2.667689954592698,-0.0681760944830277,0.0431882870495319,0.024339096620678898,0.12082276332378401,0.07723315060138711,0.0925151911037066
Phoenix - AZ,2021,4968305.0,2.6253178904559595,-0.01588342905583561,0.12082276332378401,0.07723315060138711,-0.076288709808141,-0.044185203034430694,0.09311657965722273
Phoenix - AZ,2022,5047042.0,2.6924514763705822,0.02557160264617063,-0.076288709808141,-0.043706499505788095,-0.0632814437001944,-0.04372251592576509,-0.06927810215195873
Pittsburgh - PA,2006,2362625.0,2.131967458044162,-0.000048972222431526056,-0.011742610827088402,-0.0181056503206492,-0.0056380377113819,-0.004716281779110399,-0.018056678098217673
Pittsburgh - PA,2007,2358370.0,2.161494784205081,0.013849801529338063,-0.0056380377113819,-0.004716281779110399,-0.02873426425457001,0.0007765400223433937,-0.018566083308448462
Pittsburgh - PA,2008,2356560.0,2.1173042682401833,-0.02044442405682211,-0.02873426425457001,0.0007765400223433937,-0.010485134743154,0.01608156692236665,0.021220964079165502
Pittsburgh - PA,2009,2356374.0,2.041829783954099,-0.03564649890816859,-0.010485134743154,0.01608156692236665,0.0022875748723744996,0.011747683631256185,0.05172806583053524
Pittsburgh - PA,2010,2361062.0,2.1059753143183855,0.03141570902157465,0.0022875748723744996,0.011747683631256185,-0.021097380079329,0.00018639443442229967,-0.019668025390318467
Pittsburgh - PA,2011,2369409.0,2.1491457049205906,0.020499001250723393,-0.021097380079329,0.00018639443442229967,-0.011768132731318472,-0.006329926662147071,-0.020312606816301093
Pittsburgh - PA,2012,2375563.0,2.0846375931887935,-0.03001569953312248,-0.011768132731318472,-0.00641552545130257,-0.0027399429678916995,-0.0088667143136263,0.02360017408181991
Pittsburgh - PA,2013,2379831.0,2.101546970311756,0.008111422905454298,-0.0027399429678916995,-0.0088667143136263,-0.01093144219741225,-0.01293946569785475,-0.016978137219080598
Pittsburgh - PA,2014,2381261.0,2.1211561592519694,0.009330835435624022,-0.01093144219741225,-0.01293946569785475,0.019421281456947298,-0.010842170566320398,-0.022270301133478772
Pittsburgh - PA,2015,2378913.0,2.1677164895434844,0.02195044909278842,0.019421281456947298,-0.010842170566320398,0.002832321718335201,-0.0103212352842092,-0.03279261965910882
Pittsburgh - PA,2016,2376518.0,2.1423744366625734,-0.011690667577219902,0.002832321718335201,-0.0103212352842092,-0.010093113690614702,-0.012882687151432,0.0013694322930107028
Pittsburgh - PA,2017,2372210.0,2.0535598674403417,-0.04145613749974937,-0.010093113690614702,-0.012882687151432,0.0125386418998241,0.003403618931770304,0.02857345034831737
Pittsburgh - PA,2018,2371867.0,2.010138560569314,-0.02114440760139615,0.0125386418998241,0.003403618931770304,0.013756460666656502,-0.004044733941555002,0.024548026533166453
Pittsburgh - PA,2019,2371510.0,1.948135903269255,-0.030844966867606724,0.013756460666656502,-0.004044733941555002,-0.00887742372043431,-0.02772661414928731,0.02680023292605172
Pittsburgh - PA,2020,2368314.0,1.9196283717155038,-0.014633235548870742,-0.00887742372043431,-0.02772661414928731,0.0126314705908298,-0.030958142131567105,-0.013093378600416566
Pittsburgh - PA,2021,2360794.0,1.9336917162775216,0.007326076635057144,0.0126314705908298,-0.030958142131567105,-0.0277200359106064,0.004383470863103901,-0.03828421876662425
Pittsburgh - PA,2022,2347724.0,1.9533663799571643,0.010174664096672935,-0.0277200359106064,0.0048621743917465,-0.032867932491004476,-0.013309004716575173,-0.005312489704926435
Portland - ME,2006,510998.0,2.1752341540841313,0.0037161043403022747,-0.0026252086907624997,-0.008988248184323297,0.000909070581197699,0.0018308265134692001,-0.01270435252462557
Portland - ME,2007,512743.09375,2.1614627464686853,-0.006331000085480179,0.000909070581197699,0.0018308265134692001,-0.02852421934902668,0.0009865849278867245,0.00816182659894938
Portland - ME,2008,514347.09375,2.1612157453261123,-0.00011427499408748745,-0.02852421934902668,0.0009865849278867245,-0.0286283797621727,-0.0020616780966520483,0.0011008599219742119
Portland - ME,2009,514618.28125,2.2245401948157664,0.029300383187842678,-0.0286283797621727,-0.0020616780966520483,0.0005124516934155998,0.009972560452297285,-0.03136206128449473
Portland - ME,2010,514966.8125,2.198075630164082,-0.011896644849735388,0.0005124516934155998,0.009972560452297285,-0.0164486592337489,0.004835115280002401,0.021869205302032672
Portland - ME,2011,517916.8125,2.1799383310860403,-0.008251444504067324,-0.0164486592337489,0.004835115280002401,-0.010524990320205702,-0.005086784251034301,0.013086559784069725
Portland - ME,2012,520750.125,2.2274281976343504,0.021784958716997635,-0.010524990320205702,-0.0051723830401898,0.0095059635490179,0.0033791922032832995,-0.026957341757187434
Portland - ME,2013,524441.5,2.196599235119068,-0.013840608890569065,0.0095059635490179,0.0033791922032832995,0.005229140460491201,0.0032211169600487,0.017219801093852363
Portland - ME,2014,528955.5,2.3053370033437504,0.04950277979077415,0.005229140460491201,0.0032211169600487,0.0342044180035591,0.003940965980291401,-0.04628166283072545
Portland - ME,2015,532073.75,2.2251374114480225,-0.03478866290672613,0.0342044180035591,0.003940965980291401,0.004209678888320899,-0.008943878114223501,0.03872962888701753
Portland - ME,2016,536214.5,2.117595977447741,-0.04833024398717835,0.004209678888320899,-0.008943878114223501,-0.009233903422951701,-0.012023476883768999,0.03938636587295485
Portland - ME,2017,540335.875,2.284298914455898,0.07872273029583175,-0.009233903422951701,-0.012023476883768999,0.005970552772283599,-0.0031644701957701978,-0.09074620717960075
Portland - ME,2018,544951.75,1.975294073888937,-0.13527338239818903,0.005970552772283599,-0.0031644701957701978,0.021430309087038,0.003629114478826495,0.13210891220241883
Portland - ME,2019,549594.4375,2.0429032079593794,0.034227376553271495,0.021430309087038,0.003629114478826495,0.025921987473964698,0.007072797045111698,-0.030598262074445
Portland - ME,2020,554025.0625,1.8853101789684732,-0.07714170126950026,0.025921987473964698,0.007072797045111698,-0.0011268534958362997,-0.044716466218233206,0.08421449831461196
Portland - ME,2021,559604.1875,1.9058570698417443,0.010898414012973246,-0.0011268534958362997,-0.044716466218233206,-0.025927638560533504,0.006175868213176797,-0.05561488023120645
Portland - ME,2022,564723.0625,1.9598108070576343,0.028309435198291214,-0.025927638560533504,0.006654571741819396,-0.019558927774429302,0.0,-0.02165486345647182
Portland - OR,2006,2111711.0,2.472870515030174,0.010049414137021928,0.004815017461776698,-0.0015480220317840993,0.021990991294384,0.022912747226655504,-0.011597436168806027
Portland - OR,2007,2146570.0,2.4280818124588204,-0.01811202903634729,0.021990991294384,0.022912747226655504,-0.020343601062893898,0.009167203214019506,0.0410247762630028
Portland - OR,2008,2181417.0,2.438297430092472,0.004207279005688229,-0.020343601062893898,0.009167203214019506,-0.0403444475531578,-0.013777745887637152,0.004959924208331277
Portland - OR,2009,2213304.0,2.5565304147658425,0.048489976331101976,-0.0403444475531578,-0.013777745887637152,0.002166804686188701,0.011626913445070386,-0.06226772221873913
Portland - OR,2010,2240432.0,2.463257319876738,-0.036484250040752036,0.002166804686188701,0.011626913445070386,-0.014776559889316601,0.006507214624434699,0.04811116348582242
Portland - OR,2011,2270517.0,2.5094454367103918,0.01875082901853105,-0.014776559889316601,0.006507214624434699,0.0051332169175148,0.0105714229866862,-0.01224361439409635
Portland - OR,2012,2296577.0,2.599530170150917,0.035898263465977756,0.0051332169175148,0.010485824197530701,0.020221993923187298,0.014095222577452698,-0.025412439268447055
Portland - OR,2013,2322337.0,2.593302145815918,-0.0023958269099979153,0.020221993923187298,0.014095222577452698,0.021704810500145,0.0196967869997025,0.016491049487450612
Portland - OR,2014,2357625.0,2.592292675098096,-0.0003892607421200683,0.021704810500145,0.0196967869997025,0.0756550078988075,0.0453915558755398,0.020086047741822568
Portland - OR,2015,2397875.0,2.5101239068110663,-0.031697334593564136,0.0756550078988075,0.0453915558755398,0.0127686451077461,-0.0003849118947982996,0.07708889046910394
Portland - OR,2016,2439731.0,2.5477669353161065,0.014996482206674405,0.0127686451077461,-0.0003849118947982996,-0.002323888525366802,-0.005113461986184099,-0.015381394101472705
Portland - OR,2017,2466205.0,2.5254651829359185,-0.008753450745847376,-0.002323888525366802,-0.005113461986184099,0.004966464102268201,-0.004168558865785595,0.003639988759663277
Portland - OR,2018,2484526.0,2.5030713259081967,-0.008867220652667382,0.004966464102268201,-0.004168558865785595,0.013452979892492303,-0.004348214715719202,0.004698661786881787
Portland - OR,2019,2502871.0,2.463385829679339,-0.015854720486024633,0.013452979892492303,-0.004348214715719202,0.0023723106011748,-0.0164768798276782,0.01150650577030543
Portland - OR,2020,2517556.0,2.3232203519233163,-0.0568995226274677,0.0023723106011748,-0.0164768798276782,0.0364671258926392,-0.007122486829757704,0.04042264279978949
Portland - OR,2021,2515004.0,2.3096583723241335,-0.0058375778207845445,0.0364671258926392,-0.007122486829757704,-0.0321035067737103,0.0,-0.0012849090089731598
Portland - OR,2022,2512689.0,2.255434344847095,-0.02347707701138269,-0.0321035067737103,0.0004787035286425989,-0.056496877022087603,-0.0369379492476583,0.023955780540025288
Providence - RI,2006,1606248.0,2.328560312841166,-0.01548351870290146,-0.0036080203652382008,-0.009971059858798998,0.0011762744784354975,0.0020980304107069987,0.005512458844102461
Providence - RI,2007,1602306.0,2.3016746613132284,-0.011546040435230647,0.0011762744784354975,0.0020980304107069987,-0.032199142325669526,-0.0026883380487561226,0.013644070845937646
Providence - RI,2008,1601405.0,2.3203548299181445,0.008115903137352186,-0.032199142325669526,-0.0026883380487561226,-0.0248293641060591,0.001737337559461552,-0.010804241186108308
Providence - RI,2009,1601950.0,2.338418440355397,0.007784848336273508,-0.0248293641060591,0.001737337559461552,0.00024344289302830058,0.009703551651909986,-0.006047510776811956
Providence - RI,2010,1605854.0,2.358168107143061,0.008445736847962343,0.00024344289302830058,0.009703551651909986,-0.02586676773428917,-0.00458299322053787,0.0012578148039476423
Providence - RI,2011,1611626.0,2.3479063295615505,-0.0043515886549508175,-0.02586676773428917,-0.00458299322053787,-0.014745720479637382,-0.009307514410465982,-0.00023140456558705218
Providence - RI,2012,1619714.0,2.3582249263971877,0.004394807708348435,-0.014745720479637382,-0.00939311319962148,0.007602232173085199,0.001475460827350599,-0.013787920907969917
Providence - RI,2013,1627078.0,2.3690660354431907,0.004597148017838,0.007602232173085199,0.001475460827350599,-0.002010449007153501,-0.004018472507596002,-0.0031216871904874008
Providence - RI,2014,1635772.0,2.3249735562357294,-0.018611756087758325,-0.002010449007153501,-0.004018472507596002,0.0471060892343521,0.0168426372110844,0.014593283580162323
Providence - RI,2015,1643122.0,2.3552494920025535,0.013022055965162297,0.0471060892343521,0.0168426372110844,0.015701817616820303,0.002548260614275903,0.003820581245922104
Providence - RI,2016,1650556.0,2.345231232171733,-0.004253587513695825,0.015701817616820303,0.002548260614275903,0.013501515328884096,0.010711941868066798,0.006801848127971728
Providence - RI,2017,1658554.0,2.33290103345267,-0.005257562047578956,0.013501515328884096,0.010711941868066798,0.0110609198212624,0.0019258968532086043,0.015969503915645753
Providence - RI,2018,1668074.0,2.347460055313343,0.006240737027376524,0.0110609198212624,0.0019258968532086043,0.014238587737083402,-0.003562606871128103,-0.00431484017416792
Providence - RI,2019,1673045.0,2.2906155924045333,-0.02421530572166526,0.014238587737083402,-0.003562606871128103,0.0166684148013592,-0.0021807756274937994,0.020652698850537155
Providence - RI,2020,1674171.0,2.166001914306934,-0.05440182914619405,0.0166684148013592,-0.0021807756274937994,0.0364252312779427,-0.007164381444454207,0.05222105351870025
Providence - RI,2021,1677533.0,2.152111091111696,-0.0064131167675733226,0.0364252312779427,-0.007164381444454207,-0.0264361146092415,0.0056673921644688,-0.0007512646768808844
Providence - RI,2022,1682340.0,2.1031914632908033,-0.022730995636299985,-0.0264361146092415,0.006146095693111399,0.0091413941383362,0.028700321912765503,0.028877091329411384
Racine - WI,2006,194024.09375,2.3180989295732406,-0.0671968401660479,-0.012296870693564402,-0.0186599101871252,-0.006422554045915602,-0.0055007981136441005,0.048536929978922706
Racine - WI,2007,194477.5,2.482986629437746,0.07113057072799774,-0.006422554045915602,-0.0055007981136441005,-0.023643188469111898,0.005867615807801506,-0.07663136884164183
Racine - WI,2008,194838.296875,2.4126699579734003,-0.028319391909197755,-0.023643188469111898,0.005867615807801506,-0.0176659810394049,0.00890072062611575,0.03418700771699926
Racine - WI,2009,195223.296875,2.6802919654900603,0.11092358763461277,-0.0176659810394049,0.00890072062611575,-0.013534326976165181,-0.004074218217283496,-0.10202286700849703
Racine - WI,2010,195380.703125,2.461642095040269,-0.08157688537853519,-0.013534326976165181,-0.004074218217283496,-0.023319019347429283,-0.002035244833677983,0.07750266716125169
Racine - WI,2011,195084.203125,2.6420216959899188,0.07327612787946704,-0.023319019347429283,-0.002035244833677983,-0.006272871330380401,-0.0008346652612090007,-0.07531137271314502
Racine - WI,2012,195075.390625,2.3726777857955548,-0.10194613867220556,-0.006272871330380401,-0.0009202640503644995,-0.0006169577687978999,-0.0067437291145325,0.10102587462184107
Racine - WI,2013,195325.0,2.5639141232011573,0.08059937112003657,-0.0006169577687978999,-0.0067437291145325,-0.0064385898262262296,-0.00844661332666873,-0.08734310023456907
Racine - WI,2014,195591.59375,2.4294799326065206,-0.052433187749201915,-0.0064385898262262296,-0.00844661332666873,0.0255252143144608,-0.004738237708806898,0.04398657442253318
Racine - WI,2015,195728.609375,2.5747788073940487,0.059806575406301486,0.0255252143144608,-0.004738237708806898,0.012184080004692099,-0.0009694769978523012,-0.06454481311510839
Racine - WI,2016,196335.6875,2.5549529097412806,-0.00770003916291125,0.012184080004692099,-0.0009694769978523012,0.007407637029886199,0.004618063569068902,0.006730562165058949
Racine - WI,2017,197416.90625,2.501091928637023,-0.021081007363737164,0.007407637029886199,0.004618063569068902,0.006702838674187698,-0.0024321842938660986,0.025699070932806066
Racine - WI,2018,197790.6875,2.5597301923314673,0.02344506534247997,0.006702838674187698,-0.0024321842938660986,0.0098792381286621,-0.007921956479549404,-0.025877249636346068
Racine - WI,2019,197788.890625,2.479128227697324,-0.031488461118134116,0.0098792381286621,-0.007921956479549404,-0.00736160286515951,-0.026210793294012512,0.02356650463858471
Racine - WI,2020,197749.796875,2.134550035969878,-0.1389916777509724,-0.00736160286515951,-0.026210793294012512,-0.008503475904464701,-0.05209308862686161,0.11278088445695988
Racine - WI,2021,196755.59375,2.329902599541022,0.09151931801981916,-0.008503475904464701,-0.05209308862686161,-0.046364748775959,-0.014261242002248702,-0.14361240664668076
Racine - WI,2022,196848.609375,2.3541677779682937,0.010414675030643743,-0.046364748775959,-0.013782538473606103,0.00013751649856569986,0.019696444272995002,-0.024197213504249845
Raleigh - NC,2006,1000477.0,2.5385921236236038,0.03560825400520907,0.0026128232777119023,-0.003750216215848895,-0.00024408558011050283,0.0006776703521609983,-0.03935847022105796
Raleigh - NC,2007,1045141.0,2.628403493017341,0.0353784164687079,-0.00024408558011050283,0.0006776703521609983,-0.034575990691781036,-0.005065186414867633,-0.0347007461165469
Raleigh - NC,2008,1085434.0,2.7188745421230305,0.034420532976019894,-0.034575990691781036,-0.005065186414867633,-0.030536428749561303,-0.003969727084040652,-0.039485719390887526
Raleigh - NC,2009,1116966.0,2.8114265449371723,0.03404055662747595,-0.030536428749561303,-0.003969727084040652,0.0133210931122303,0.022781201871111986,-0.0380102837115166
Raleigh - NC,2010,1143674.0,2.6366699231043014,-0.06215941232666145,0.0133210931122303,0.022781201871111986,-0.0037764686793089024,0.017507305834442398,0.08494061419777343
Raleigh - NC,2011,1168675.0,2.6463335026792216,0.0036650699013332597,-0.0037764686793089024,0.017507305834442398,0.0083657202273607,0.0138039262965321,0.013842235933109138
Raleigh - NC,2012,1194577.0,2.659978748339956,0.005156283456684316,0.0083657202273607,0.013718327507376601,0.008382613435387602,0.0022558420896530013,0.008562044050692285
Raleigh - NC,2013,1220689.0,2.6902965516257265,0.011397761468843044,0.008382613435387602,0.0022558420896530013,0.005343208849430101,0.0033351853489876,-0.009141919379190042
Raleigh - NC,2014,1249191.0,2.728628844828331,0.014248352353364363,0.005343208849430101,0.0033351853489876,0.051574094384908696,0.021310642361641,-0.010913167004376763
Raleigh - NC,2015,1279838.0,2.7432976442014465,0.005375886647580491,0.051574094384908696,0.021310642361641,0.0128196797221899,-0.0003338772803544998,0.015934755714060507
Raleigh - NC,2016,1312233.0,2.730712922739654,-0.0045874429588028814,0.0128196797221899,-0.0003338772803544998,-0.003110124081373202,-0.0058996975421905,0.004253565678448382
Raleigh - NC,2017,1342077.0,2.7886032202766997,0.021199701021287078,-0.003110124081373202,-0.0058996975421905,0.0177835973203182,0.008648574352264404,-0.027099398563477577
Raleigh - NC,2018,1370178.0,2.6235434577178633,-0.05919083839487867,0.0177835973203182,0.008648574352264404,0.0339624426960945,0.016161248087882992,0.06783941274714307
Raleigh - NC,2019,1399575.0,2.565850266414288,-0.021990560565655987,0.0339624426960945,0.016161248087882992,0.0115784873366356,-0.0072707030922174,0.03815180865353898
Raleigh - NC,2020,1425645.0,2.4427382388283947,-0.047980986730741484,0.0115784873366356,-0.0072707030922174,0.113177797079086,0.06958818435668909,0.04071028363852408
Raleigh - NC,2021,1458960.0,2.4513345993270614,0.003519149273558594,0.113177797079086,0.06958818435668909,-0.036260938197374304,-0.004157431423664003,0.0660690350831305
Raleigh - NC,2022,1492837.0,2.4399019182535264,-0.004663859873178269,-0.036260938197374304,-0.003678727895021404,-0.0682785294800997,-0.0487196017056704,0.0009851319781568647
Reading - PA,2006,402658.59375,2.5739808103234965,0.04278254257863424,0.0001522727608680996,-0.006210766732692698,0.0034752479791641012,0.004397003911435602,-0.048993309311326935
Reading - PA,2007,405848.78125,2.6355201880473573,0.02390825039450338,0.0034752479791641012,0.004397003911435602,-0.03089841344580054,-0.001387609168887135,-0.019511246483067776
Reading - PA,2008,408296.125,2.4264348510894784,-0.07933361235710704,-0.03089841344580054,-0.001387609168887135,-0.0257554079443216,0.0008112937211990495,0.0779460031882199
Reading - PA,2009,410513.6875,2.31767824709488,-0.04482156359803614,-0.0257554079443216,0.0008112937211990495,0.0011873718500137014,0.010647480608895386,0.04563285731923519
Reading - PA,2010,412694.6875,2.5383473762621533,0.09521128717667068,0.0011873718500137014,0.010647480608895386,-0.0211696637496352,0.00011411076411610085,-0.08456380656777529
Reading - PA,2011,414294.09375,2.6204446467829587,0.03234280354554854,-0.0211696637496352,0.00011411076411610085,-0.010404262043535702,-0.0049660559743643015,-0.032228692781432436
Reading - PA,2012,415620.21875,2.6547121799351125,0.0130769917976413,-0.010404262043535702,-0.0050516547635198,0.0017709942907094996,-0.004355777055025101,-0.018128646561161102
Reading - PA,2013,416818.5,2.821711971492783,0.06290692935373224,0.0017709942907094996,-0.004355777055025101,0.003745796918869001,0.0017377734184264998,-0.06726270640875734
Reading - PA,2014,418274.90625,2.6431086628270366,-0.06329608070212045,0.003745796918869001,0.0017377734184264998,0.0273500105142593,-0.002913441509008397,0.06503385412054695
Reading - PA,2015,419631.8125,2.6240956566619937,-0.007193425844515522,0.0273500105142593,-0.002913441509008397,0.021720540046691904,0.008566983044147504,0.004279984335507124
Reading - PA,2016,421373.90625,2.6626996585278433,0.014711354659592002,0.021720540046691904,0.008566983044147504,0.013705691039562196,0.010916117578744899,-0.006144371615444498
Reading - PA,2017,424099.40625,2.6018155924203503,-0.022865540209350773,0.013705691039562196,0.010916117578744899,0.015096955209970501,0.005961932241916705,0.03378165778809567
Reading - PA,2018,426955.40625,2.6728773004660042,0.027312353824257184,0.015096955209970501,0.005961932241916705,0.0237531058192253,0.005951911211013794,-0.02135042158234048
Reading - PA,2019,427951.0,2.550643998708593,-0.045730981267303315,0.0237531058192253,0.005951911211013794,0.044130506098270406,0.025281315669417406,0.05168289247831711
Reading - PA,2020,428930.78125,2.3434054804995155,-0.08124948770349913,0.044130506098270406,0.025281315669417406,0.023473164319992093,-0.020116448402404813,0.10653080337291654
Reading - PA,2021,430248.1875,2.375098323794511,0.01352426780543335,0.023473164319992093,-0.020116448402404813,-0.0337400007247925,-0.0016364939510822019,-0.033640716207838164
Reading - PA,2022,432953.40625,2.4491506068873212,0.031178617891701628,-0.0337400007247925,-0.001157790422439603,0.0007824611067771964,0.0203413888812065,-0.03233640831414123
Reno - NV,2006,406432.59375,2.485808052700525,0.01481058134413992,0.024422751396894496,0.0180597119033337,0.0075050584077835,0.008426814340055001,0.003249130559193779
Reno - NV,2007,414263.21875,2.5167359814055623,0.012441800834717739,0.0075050584077835,0.008426814340055001,-0.035440071078017346,-0.005929266801103943,-0.004014986494662738
Reno - NV,2008,419633.59375,2.816049780389227,0.11892935977197819,-0.035440071078017346,-0.005929266801103943,-0.061379656851291695,-0.034812955185771044,-0.12485862657308214
Reno - NV,2009,422923.5,2.751127072391288,-0.023054531368747907,-0.061379656851291695,-0.034812955185771044,-0.015063841765746475,-0.00560373300686479,-0.011758423817023137
Reno - NV,2010,426999.5,2.771531667242871,0.00741681293327082,-0.015063841765746475,-0.00560373300686479,-0.0187851780727506,0.0024985964410007,-0.01302054594013561
Reno - NV,2011,430318.78125,2.748395834685087,-0.008347670290485823,-0.0187851780727506,0.0024985964410007,-0.006000041313469401,-0.0005618352442980003,0.010846266731486523
Reno - NV,2012,434845.625,2.7502114243415425,0.0006605997700703735,-0.006000041313469401,-0.0006474340334534992,0.0157242013514042,0.0095974300056696,-0.0013080338035238726
Reno - NV,2013,439916.1875,2.79377817210938,0.015841235834538947,0.0157242013514042,0.0095974300056696,0.012556339442729901,0.0105483159422874,-0.006243805828869346
Reno - NV,2014,446480.8125,2.658644324480597,-0.04836956955918713,0.012556339442729901,0.0105483159422874,0.0510238950848579,0.0207604430615902,0.05891788550147453
Reno - NV,2015,453981.90625,2.646682587049316,-0.004499186792734191,0.0510238950848579,0.0207604430615902,0.0568749050498009,0.043721348047256504,0.025259629854324395
Reno - NV,2016,462373.5,2.5831144390275917,-0.02401804747300429,0.0568749050498009,0.043721348047256504,0.04247307562828059,0.039683502167463296,0.06773939552026079
Reno - NV,2017,470470.3125,2.496642995078767,-0.03347565351435873,0.04247307562828059,0.039683502167463296,0.045071322679519694,0.0359362997114659,0.07315915568182202
Reno - NV,2018,479281.5,2.4111317888489796,-0.03425047409595282,0.045071322679519694,0.0359362997114659,0.0162145003378391,-0.0015866942703724046,0.07018677380741872
Reno - NV,2019,487582.0,2.4274422827679167,0.0067646629663173224,0.0162145003378391,-0.0015866942703724046,0.044474782526493103,0.025625592097640103,-0.008351357236689727
Reno - NV,2020,493489.1875,2.379144501701474,-0.019896572375500864,0.044474782526493103,0.025625592097640103,0.0323084353208542,-0.011281177401542705,0.04552216447314097
Reno - NV,2021,498937.1875,2.455785793532141,0.0322138028084701,0.0323084353208542,-0.011281177401542705,-0.07800294451415539,-0.04589943774044509,-0.04349498021001281
Reno - NV,2022,501459.0,2.506824708354928,0.020783129765311513,-0.07800294451415539,-0.04542073421180249,-0.0572533596158028,-0.0376944318413735,-0.066203863977114
Richmond - VA,2006,1161485.0,2.510704254625136,-0.0027045189063092797,0.0111614741683006,0.004798434674739803,-0.004590560585260403,-0.003668804652988902,0.007502953581049083
Richmond - VA,2007,1178028.0,2.436196500649036,-0.029676037645152593,-0.004590560585260403,-0.003668804652988902,-0.028010789595544337,0.0015000146813690662,0.02600723299216369
Richmond - VA,2008,1192063.0,2.487810847933702,0.02118644668889206,-0.028010789595544337,0.0015000146813690662,-0.0071103821545839,0.01945631951093675,-0.019686432007522993
Richmond - VA,2009,1203214.0,2.5759081367954404,0.03541157035106156,-0.0071103821545839,0.01945631951093675,-0.0286518411561847,-0.019191732397303016,-0.015955250840124807
Richmond - VA,2010,1213024.0,2.6424961660515063,0.02585031209183754,-0.0286518411561847,-0.019191732397303016,-0.02678369764983654,-0.005499923136085241,-0.04504204448914056
Richmond - VA,2011,1224477.0,2.6570255222500694,0.0054983452332774,-0.02678369764983654,-0.005499923136085241,-0.011229812450706962,-0.005791606381535561,-0.01099826836936264
Richmond - VA,2012,1239660.0,2.6553736756801483,-0.0006216901403800881,-0.011229812450706962,-0.00587720517069106,0.008288397118449201,0.002161625772714601,-0.005255515030310972
Richmond - VA,2013,1252997.0,2.64826324222638,-0.0026777524831593106,0.008288397118449201,0.002161625772714601,-0.00045342201739550017,-0.0024614455178380013,0.0048393782558739116
Richmond - VA,2014,1267167.0,2.6736415546779226,0.00958300219060072,-0.00045342201739550017,-0.0024614455178380013,0.0342904573082924,0.004027005285024705,-0.01204444770843872
Richmond - VA,2015,1280443.0,2.6720877404075427,-0.0005811602784454425,0.0342904573082924,0.004027005285024705,0.0131535570025444,0.0,0.004608165563470148
Richmond - VA,2016,1293992.0,2.6131381724724543,-0.02206123962310367,0.0131535570025444,0.0,0.0217469238638878,0.018957350403070502,0.02206123962310367
Richmond - VA,2017,1306965.0,2.7850799380655906,0.06579895675032424,0.0217469238638878,0.018957350403070502,0.0128548706173897,0.003719847649335903,-0.046841606347253734
Richmond - VA,2018,1320107.0,2.707732834064141,-0.027771951154541025,0.0128548706173897,0.003719847649335903,0.0211448214650154,0.003343626856803894,0.031491798803876925
Richmond - VA,2019,1332665.0,2.569995082224248,-0.05086829472505863,0.0211448214650154,0.003343626856803894,0.028068615227937698,0.009219424799084698,0.05421192158186253
Richmond - VA,2020,1343599.0,2.450016007653872,-0.046684554145737085,0.028068615227937698,0.009219424799084698,0.057439564049243996,0.01384995132684709,0.05590397894482178
Richmond - VA,2021,1354333.0,2.3580580826032116,-0.03753360172479812,0.057439564049243996,0.01384995132684709,-0.0382193419337273,-0.006115835160017,0.05138355305164521
Richmond - VA,2022,1368033.0,2.386883132885706,0.012224062882570165,-0.0382193419337273,-0.005637131631374401,-0.025443557448685202,-0.0058846296742559,-0.017861194513944564
Rochester - NY,2006,1070727.0,2.3068590500058757,0.02290606468797183,-0.002222773030400301,-0.008585812523961098,0.002664535403251598,0.003586291335523099,-0.03149187721193293
Rochester - NY,2007,1072848.0,2.2737892013161183,-0.014335443983746273,0.002664535403251598,0.003586291335523099,-0.030556518409401177,-0.001045714132487774,0.017921735319269372
Rochester - NY,2008,1076007.0,2.347845222063639,0.03256943110850183,-0.030556518409401177,-0.001045714132487774,-0.0240844122171402,0.0024822894483804495,-0.0336151452409896
Rochester - NY,2009,1078654.0,2.274648226896554,-0.031176243850839745,-0.0240844122171402,0.0024822894483804495,0.00016806909441949985,0.009628177853301185,0.033658533299220195
Rochester - NY,2010,1081512.0,2.277723170931704,0.0013518327795877217,0.00016806909441949985,0.009628177853301185,-0.02625556184723973,-0.00497178733348843,0.008276345073713463
Rochester - NY,2011,1084784.0,2.267636301287941,-0.0044284879622298445,-0.02625556184723973,-0.00497178733348843,-0.015280122220516201,-0.0098419161513448,-0.0005432993712585852
Rochester - NY,2012,1087154.0,2.28968423768723,0.00972287151461056,-0.015280122220516201,-0.0099275149405003,-0.0005539454147219999,-0.0066807167604566,-0.019650386455110858
Rochester - NY,2013,1088965.0,2.268234367193117,-0.009368047410668042,-0.0005539454147219999,-0.0066807167604566,-0.01477248320262879,-0.01678050670307129,0.002687330650211442
Rochester - NY,2014,1089297.0,2.2899087624528867,0.009555624221755927,-0.01477248320262879,-0.01678050670307129,0.028645211994648,-0.0016182400286196968,-0.026336130924827214
Rochester - NY,2015,1088468.0,2.3338455483055878,0.019187133816474525,0.028645211994648,-0.0016182400286196968,0.0124253372550011,-0.0007282197475433003,-0.020805373845094222
Rochester - NY,2016,1088162.0,2.2912460960518097,-0.018252901219065663,0.0124253372550011,-0.0007282197475433003,0.0094264985024929,0.006636925041675602,0.017524681471522363
Rochester - NY,2017,1089029.0,2.2384045776622123,-0.023062349557584377,0.0094264985024929,0.006636925041675602,0.0022510869652032986,-0.006883936002850498,0.02969927459925998
Rochester - NY,2018,1090687.0,2.1770921696338323,-0.027391119836081924,0.0022510869652032986,-0.006883936002850498,0.006696500971913301,-0.011104693636298204,0.020507183833231427
Rochester - NY,2019,1090230.0,2.175021413102097,-0.000951157034423378,0.006696500971913301,-0.011104693636298204,0.029257884353399297,0.010408693924546297,-0.010153536601874825
Rochester - NY,2020,1087191.0,2.028458362301318,-0.0673846473041134,0.029257884353399297,0.010408693924546297,0.025537496685981806,-0.0180521160364151,0.07779334122865969
Rochester - NY,2021,1084207.0,2.0026944445696917,-0.012701230752598077,0.025537496685981806,-0.0180521160364151,-0.023345997482538204,0.008757509291172097,-0.005350885283817023
Rochester - NY,2022,1079874.0,2.0575719370157572,0.027401829867190138,-0.023345997482538204,0.009236212819814696,0.008145832657813996,0.0277047604322433,-0.018165617047375442
Rockford - IL,2006,342757.90625,2.6420766243879963,0.07780871471466119,-0.011704648256301901,-0.0180676877498627,-0.006597877383232101,-0.0056761214509606,-0.09587640246452389
Rockford - IL,2007,348109.1875,2.510113424176373,-0.049946772547594345,-0.006597877383232101,-0.0056761214509606,-0.0243327415660024,0.005178062710911004,0.044270651096633744
Rockford - IL,2008,349909.09375,2.559744842963385,0.01977258011888334,-0.0243327415660024,0.005178062710911004,-0.0171168192327023,0.00944988243281835,-0.014594517407972334
Rockford - IL,2009,349669.09375,2.5986329758909843,0.015192191141433796,-0.0171168192327023,0.00944988243281835,-0.01253115589171648,-0.0030710471328347956,-0.005742308708615446
Rockford - IL,2010,349058.1875,2.7074598547064124,0.04187851067275669,-0.01253115589171648,-0.0030710471328347956,-0.027509897824376822,-0.006226123310625522,-0.044949557805591484
Rockford - IL,2011,347904.375,2.838442005470112,0.04837824299998824,-0.027509897824376822,-0.006226123310625522,-0.01358726928383112,-0.00814906321465972,-0.05460436631061376
Rockford - IL,2012,346632.0,2.6288377316174905,-0.07384483228781215,-0.01358726928383112,-0.00823466200381522,0.000693772584199899,-0.005432998761534701,0.06561017028399693
Rockford - IL,2013,345592.09375,2.5033328503212102,-0.04774158548730913,0.000693772584199899,-0.005432998761534701,-0.0070586923360824606,-0.009066715836524962,0.04230858672577442
Rockford - IL,2014,343921.90625,2.606790729396743,0.04132805554093933,-0.0070586923360824606,-0.009066715836524962,0.009080149397254,-0.021183302626013697,-0.050394771377464294
Rockford - IL,2015,342790.8125,2.4472487453956018,-0.06120245181248676,0.009080149397254,-0.021183302626013697,0.0157840496748686,0.0026304926723241997,0.04001914918647306
Rockford - IL,2016,342016.21875,2.5449156315463526,0.039908851249594895,0.0157840496748686,0.0026304926723241997,0.0015838925689458973,-0.0012056808918714003,-0.037278358577270694
Rockford - IL,2017,340925.90625,2.452185061198626,-0.036437581347787726,0.0015838925689458973,-0.0012056808918714003,0.014421582430601099,0.005286559462547302,0.03523190045591633
Rockford - IL,2018,340136.1875,2.4580226945206602,0.0023805843263644357,0.014421582430601099,0.005286559462547302,0.0141338027715683,-0.003667391836643205,0.0029059751361828665
Rockford - IL,2019,339353.6875,2.369782874619732,-0.03589870024293486,0.0141338027715683,-0.003667391836643205,0.020047253102064098,0.0011980626732110977,0.03223130840629165
Rockford - IL,2020,337862.40625,2.19570756061341,-0.07345622920591621,0.020047253102064098,0.0011980626732110977,0.015042724341154098,-0.028546888381242808,0.07465429187912731
Rockford - IL,2021,336156.09375,2.4216726081152324,0.10291217808563499,0.015042724341154098,-0.028546888381242808,-0.024576527923345602,0.007526978850364699,-0.1314590664668778
Rockford - IL,2022,335176.3125,2.311788294489172,-0.04537537950333525,-0.024576527923345602,0.008005682379007298,0.0215570863485336,0.0411160141229629,0.05338106188234255
Sacramento - CA,2006,2063852.0,2.70178323723901,0.0020347527695667405,-0.0006767645180225032,-0.0070398040115833005,-0.005379655301570901,-0.0044578993692994,-0.009074556781150041
Sacramento - CA,2007,2088726.125,2.6613044448116145,-0.01498225019293603,-0.005379655301570901,-0.0044578993692994,-0.03644071723055094,-0.006929912953637533,0.010524350823636631
Sacramento - CA,2008,2114487.0,2.847248323065572,0.06986945015496711,-0.03644071723055094,-0.006929912953637533,-0.0410065284967422,-0.014439826831221553,-0.07679936310860463
Sacramento - CA,2009,2138185.0,2.882986458145283,0.012551815305393631,-0.0410065284967422,-0.014439826831221553,-0.015276322952937335,-0.00581621419405565,-0.026991642136615184
Sacramento - CA,2010,2159732.0,2.870634058644842,-0.004284584641576077,-0.015276322952937335,-0.00581621419405565,-0.0199221692681313,0.0013616052456200019,-0.001531629552479573
Sacramento - CA,2011,2180685.0,2.8944773078653085,0.008305917345564623,-0.0199221692681313,0.0013616052456200019,-0.008543017603457001,-0.003104811534285601,-0.006944312099944621
Sacramento - CA,2012,2201384.0,2.952875164550028,0.02017561392726486,-0.008543017603457001,-0.0031904103234410997,0.016648050993681003,0.010521279647946403,-0.023366024250705962
Sacramento - CA,2013,2224895.0,2.849553416145903,-0.034990218904113315,0.016648050993681003,0.010521279647946403,0.0197703380286694,0.017762314528226898,0.045511498552059715
Sacramento - CA,2014,2253184.0,2.9000497243414736,0.017720779652507207,0.0197703380286694,0.017762314528226898,0.0834035297632217,0.053140077739954,0.00004153487571969053
Sacramento - CA,2015,2283229.0,2.816280623813183,-0.02888540145542249,0.0834035297632217,0.053140077739954,0.0627081806659698,0.0495546236634254,0.08202547919537649
Sacramento - CA,2016,2314624.0,2.7706166158545726,-0.016214296108312553,0.0627081806659698,0.0495546236634254,0.04233515793085099,0.039545584470033694,0.06576891977173795
Sacramento - CA,2017,2343988.0,2.8369259450008957,0.023933058354907215,0.04233515793085099,0.039545584470033694,0.0270886572301388,0.017953634262085003,0.01561252611512648
Sacramento - CA,2018,2368392.0,2.8198790000462024,-0.006008949576118701,0.0270886572301388,0.017953634262085003,0.030696521669626203,0.012895327061414698,0.023962583838203703
Sacramento - CA,2019,2389725.0,2.7841562704075793,-0.012668178187091646,0.030696521669626203,0.012895327061414698,0.0456751194894314,0.0268259290605784,0.025563505248506344
Sacramento - CA,2020,2403462.0,2.738988659884473,-0.016223087404678718,0.0456751194894314,0.0268259290605784,0.05956512528657899,0.015975512564182087,0.04304901646525712
Sacramento - CA,2021,2412158.0,2.645983769614515,-0.03395592381674215,0.05956512528657899,0.015975512564182087,-0.06462823964655401,-0.03252473287284371,0.04993143638092424
Sacramento - CA,2022,2425870.0,2.715133065981758,0.026133681227121525,-0.06462823964655401,-0.03204602934420111,-0.0369400468505919,-0.017381119076162597,-0.05817971057132264
Saint Louis - MO,2006,2746939.0,2.394403258692004,-0.0431212726498155,-0.0129971302747726,-0.019360169768333397,-0.010029659509658801,-0.0091079035773873,0.023761102881482105
Saint Louis - MO,2007,2758612.0,2.3736087575654747,-0.008684627809055273,-0.010029659509658801,-0.0091079035773873,-0.03412421845085919,-0.004613414173945785,-0.0004232757683320272
Saint Louis - MO,2008,2770801.0,2.4149915036577516,0.01743452705100468,-0.03412421845085919,-0.004613414173945785,-0.015431296736002,0.011135404929518651,-0.022047941224950466
Saint Louis - MO,2009,2782347.0,2.442499482810386,0.011390507631588281,-0.015431296736002,0.011135404929518651,-0.01254409708455205,-0.003083988325670365,-0.00025510270206962997
Saint Louis - MO,2010,2792278.0,2.4805314670281216,0.015570928258283658,-0.01254409708455205,-0.003083988325670365,-0.02433180284500122,-0.003048028331249921,-0.018654916583954025
Saint Louis - MO,2011,2797845.0,2.458114655442074,-0.009037100268235917,-0.02433180284500122,-0.003048028331249921,-0.010044355228543302,-0.0046061491593719014,0.005989071936985996
Saint Louis - MO,2012,2801635.0,2.5141461350974983,0.02279449395550972,-0.010044355228543302,-0.0046917479485274,0.001928637400269502,-0.004198133945465098,-0.027486241904037118
Saint Louis - MO,2013,2805895.0,2.47853613388905,-0.014163854961067009,0.001928637400269502,-0.004198133945465098,-0.00851568270847201,-0.010523706208914511,0.00996572101560191
Saint Louis - MO,2014,2811750.0,2.4933359675227327,0.005971199463798109,-0.00851568270847201,-0.010523706208914511,0.0334647727906704,0.0032013207674027044,-0.01649490567271262
Saint Louis - MO,2015,2815762.0,2.4797255568844867,-0.0054587150771216245,0.0334647727906704,0.0032013207674027044,0.006957752898335499,-0.006195804104208901,0.008660035844524329
Saint Louis - MO,2016,2816197.0,2.460033500773523,-0.007941224002104856,0.006957752898335499,-0.006195804104208901,-0.0091682600826025,-0.011957833543419798,0.0017454198978959553
Saint Louis - MO,2017,2817256.0,2.4367210139512845,-0.009476491606682598,-0.0091682600826025,-0.011957833543419798,-0.0002663338333367994,-0.009401356801390596,-0.0024813419367371997
Saint Louis - MO,2018,2817125.0,2.3891543356315945,-0.01952077322243708,-0.0002663338333367994,-0.009401356801390596,0.0237116731405258,0.005910478532314294,0.010119416421046485
Saint Louis - MO,2019,2818850.0,2.252262414097945,-0.05729722835065868,0.0237116731405258,0.005910478532314294,0.0110184383690357,-0.0078307520598173,0.06320770688297297
Saint Louis - MO,2020,2818216.0,2.2202173410753847,-0.014227948227513486,0.0110184383690357,-0.0078307520598173,0.025493024170398698,-0.018096588551998208,0.006397196167696186
Saint Louis - MO,2021,2810390.0,2.270450377675093,0.02262527891768346,0.025493024170398698,-0.018096588551998208,-0.029397183954715703,0.0027063228189945984,-0.040721867469681663
Saint Louis - MO,2022,2803398.0,2.2012960467860117,-0.030458419866411783,-0.029397183954715703,0.0031850263476371973,-0.0218240197598934,-0.0022650919854640995,0.03364344621404898
Salinas - CA,2006,401944.625,3.236983789085371,-0.03349138122773436,0.014990282833576202,0.008627243340015404,0.0090917973816395,0.010013553313911001,0.042118624567749764
Salinas - CA,2007,403284.78125,3.028737066716637,-0.06433356974814367,0.0090917973816395,0.010013553313911001,-0.0172196955531836,0.012291108723729804,0.07434712306205467
Salinas - CA,2008,407099.5,3.2568563061458047,0.07531827108269414,-0.0172196955531836,0.012291108723729804,-0.047375236362218895,-0.020808534696698244,-0.06302716235896433
Salinas - CA,2009,411858.71875,3.3211394540335486,0.019737790631548378,-0.047375236362218895,-0.020808534696698244,-0.005848783239722301,0.003611325519159384,-0.04054632532824662
Salinas - CA,2010,417743.71875,3.435792157458837,0.03452209851833884,-0.005848783239722301,0.003611325519159384,-0.023293098777532578,-0.002009324263781278,-0.030910772999179454
Salinas - CA,2011,422396.21875,3.6107435723573373,0.050920255615199146,-0.023293098777532578,-0.002009324263781278,-0.002316715478897103,0.0031214905902742975,-0.05292957987898042
Salinas - CA,2012,426539.09375,3.628560559423968,0.004934437106814083,-0.002316715478897103,0.0030358918011187987,0.008345503956079501,0.0022187326103449007,-0.001898545305695284
Salinas - CA,2013,429112.21875,3.6364313853522736,0.002169131753324046,0.008345503956079501,0.0022187326103449007,0.0156393636167049,0.013631340116262398,0.000049600857020854795
Salinas - CA,2014,431793.5,3.687390823189838,0.014013584318634838,0.0156393636167049,0.013631340116262398,0.0804803838729858,0.0502169318497181,-0.0003822442023724403
Salinas - CA,2015,434943.78125,3.5962339455859973,-0.024721241109176423,0.0804803838729858,0.0502169318497181,0.0461243356466293,0.0329707786440849,0.07493817295889452
Salinas - CA,2016,438227.28125,3.5891031456914697,-0.0019828520620244683,0.0461243356466293,0.0329707786440849,0.0453885250687599,0.0425989516079426,0.03495363070610937
Salinas - CA,2017,439095.40625,3.5813747132554625,-0.002153304634135344,0.0453885250687599,0.0425989516079426,0.0237179661393166,0.014582943171262804,0.044752256242077945
Salinas - CA,2018,439474.3125,3.6031928445799406,0.006092110731592628,0.0237179661393166,0.014582943171262804,0.0208658680021763,0.003064673393964795,0.008490832439670176
Salinas - CA,2019,439754.3125,3.5510863923008658,-0.014461188875154253,0.0208658680021763,0.003064673393964795,0.031525934219360396,0.012676743790507396,0.01752586226911905
Salinas - CA,2020,440176.90625,3.2056235248091647,-0.09728371245506767,0.031525934219360396,0.012676743790507396,0.0342321528792381,-0.009357459843158805,0.10996045624557507
Salinas - CA,2021,438443.125,3.2831136363330615,0.024173179078634924,0.0342321528792381,-0.009357459843158805,-0.0518947503715754,-0.019791243597865098,-0.033530638921793726
Salinas - CA,2022,436150.59375,3.4062202228515903,0.03749690085538057,-0.0518947503715754,-0.0193125400692225,0.0024644669294357005,0.022023394703865003,-0.05680944092460307
Salt Lake City - UT,2006,1023038.0,2.813239120448627,0.07032399630672401,0.012522650539875002,0.006159611046314205,0.0619091755747795,0.062830931507051,-0.0641643852604098
Salt Lake City - UT,2007,1042014.0625,2.8467467474732833,0.011910692831298647,0.0619091755747795,0.062830931507051,-0.0006737162470817973,0.028837088029831606,0.050920238675752356
Salt Lake City - UT,2008,1060145.0,2.92191375516634,0.026404529226132817,-0.0006737162470817973,0.028837088029831606,-0.033968441843986494,-0.007401740178465843,0.0024325588036987894
Salt Lake City - UT,2009,1078579.0,2.8240750133340162,-0.03348447285938256,-0.033968441843986494,-0.007401740178465843,-0.0281617391705513,-0.018701630411669615,0.026082732680916716
Salt Lake City - UT,2010,1096394.0,2.964330079061629,0.04966407233001651,-0.0281617391705513,-0.018701630411669615,-0.0171184422150254,0.004165332298725899,-0.06836570274168613
Salt Lake City - UT,2011,1114066.0,2.8860011222609723,-0.026423830920155905,-0.0171184422150254,0.004165332298725899,0.0023214348554610985,0.007759640924632499,0.030589163218881804
Salt Lake City - UT,2012,1133068.0,2.8942357944051316,0.0028533156417167387,0.0023214348554610985,0.007674042135477,0.0102605229616165,0.004133751615881899,0.004820726493760261
Salt Lake City - UT,2013,1150037.0,3.0159781815641726,0.042063741798226036,0.0102605229616165,0.004133751615881899,0.0015837799906730995,-0.00042424350976940153,-0.03792999018234414
Salt Lake City - UT,2014,1164148.0,2.960290034951841,-0.018464373168459097,0.0015837799906730995,-0.00042424350976940153,0.0361790379285812,0.005915585905313506,0.018040129658689695
Salt Lake City - UT,2015,1181217.0,3.0220877181448826,0.020875550187110944,0.0361790379285812,0.005915585905313506,0.024553213536739303,0.011399656534194903,-0.014959964281797439
Salt Lake City - UT,2016,1203132.0,2.910541567021512,-0.036910295638884955,0.024553213536739303,0.011399656534194903,0.0061276179701089985,0.003338044509291701,0.04830995217307986
Salt Lake City - UT,2017,1223124.0,2.8814420721653367,-0.009997965734587999,0.0061276179701089985,0.003338044509291701,0.0093093330264091,0.00017431005835530367,0.0133360102438797
Salt Lake City - UT,2018,1238612.0,2.897362364228339,0.00552511265688518,0.0093093330264091,0.00017431005835530367,0.010570810332894302,-0.0072303842753172025,-0.005350802598529877
Salt Lake City - UT,2019,1251918.0,2.714307466745671,-0.06317984237757622,0.010570810332894302,-0.0072303842753172025,0.012319749325513801,-0.006529441103339199,0.055949458102259014
Salt Lake City - UT,2020,1261067.0,2.4252239785074843,-0.10650358950851808,0.012319749325513801,-0.006529441103339199,0.08966233420372001,0.0460727214813231,0.09997414840517889
Salt Lake City - UT,2021,1265245.0,2.4356231588780837,0.004287925759747431,0.08966233420372001,0.0460727214813231,-0.0345273408293724,-0.0024238340556620996,0.041784795721575674
Salt Lake City - UT,2022,1274617.0,2.56918049030993,0.054834973524133496,-0.0345273408293724,-0.0019451305270195007,-0.0544732546284795,-0.0349143268540502,-0.056780104051152996
San Antonio - TX,2006,1970046.0,2.8253446384460843,-0.02974012365741553,-0.0034350812137127,-0.009798120707273497,-0.003088598042726501,-0.0021668421104549997,0.01994200295014203
San Antonio - TX,2007,2023963.0,2.7072523193757525,-0.04179749169831599,-0.003088598042726501,-0.0021668421104549997,-0.024368853598833097,0.0051419506780803065,0.039630649587860986
San Antonio - TX,2008,2072461.875,2.8626597354687076,0.057404112273062684,-0.024368853598833097,0.0051419506780803065,-0.0165863025039434,0.009980399161577249,-0.05226216159498238
San Antonio - TX,2009,2117500.0,3.028981093525577,0.05810028904103665,-0.0165863025039434,0.009980399161577249,-0.0054727822393178995,0.0039873265195637855,-0.04811988987945941
San Antonio - TX,2010,2162162.0,2.8643545968081288,-0.05435045371175675,-0.0054727822393178995,0.0039873265195637855,-0.0149466510564089,0.0063371234573424,0.05833778023132054
San Antonio - TX,2011,2200994.0,2.8326583017766067,-0.011065772047512053,-0.0149466510564089,0.0063371234573424,0.0018517018258571993,0.0072899078950286,0.01740289550485445
San Antonio - TX,2012,2241964.0,2.8969374462132085,0.022692163186885873,0.0018517018258571993,0.007204309105873101,0.0061267713457346,0.0,-0.015487854081012772
San Antonio - TX,2013,2283741.0,2.8892841774087143,-0.0026418481401792974,0.0061267713457346,0.0,0.0037126660495995986,0.0017046425491570975,0.0026418481401792974
San Antonio - TX,2014,2330823.0,2.971986818919555,0.0286239208166133,0.0037126660495995986,0.0017046425491570975,0.0356561822593212,0.0053927302360535015,-0.0269192782674562
San Antonio - TX,2015,2377704.0,3.037073558039459,0.02190007664420455,0.0356561822593212,0.0053927302360535015,0.002484577976167201,-0.0106689790263772,-0.016507346408151047
San Antonio - TX,2016,2421845.0,3.097024467744363,0.01973969630936582,0.002484577976167201,-0.0106689790263772,-0.011190810523927211,-0.013980383984744509,-0.03040867533574302
San Antonio - TX,2017,2463738.0,3.0622930154613535,-0.011214458472879068,-0.011190810523927211,-0.013980383984744509,0.006885986983776099,-0.0022490359842776975,-0.0027659255118654413
San Antonio - TX,2018,2501351.0,2.9966263289769755,-0.02144363264809423,0.006885986983776099,-0.0022490359842776975,0.017761348903179205,-0.00003984570503230006,0.019194596663816534
San Antonio - TX,2019,2537946.0,3.0998275227604095,0.03443912668906775,0.017761348903179205,-0.00003984570503230006,0.0026527765318751003,-0.0161964138969779,-0.03447897239410005
San Antonio - TX,2020,2578066.0,2.738156565809488,-0.1166745421464133,0.0026527765318751003,-0.0161964138969779,0.067931158721447,0.0243415459990501,0.1004781282494354
San Antonio - TX,2021,2618813.0,2.6048070007534223,-0.048700489490323726,0.067931158721447,0.0243415459990501,-0.050131883397698404,-0.018028376623988103,0.07304203548937382
San Antonio - TX,2022,2673615.0,2.60350982719015,-0.0004979921978469437,-0.050131883397698404,-0.017549673095345504,-0.0582666478902102,-0.0387077201157809,-0.01705168089749856
San Diego - CA,2006,2954236.0,2.778869006230358,0.012301817504175487,0.026541528880596202,0.020178489387035405,-0.004609213113784802,-0.003687457181513301,0.007876671882859917
San Diego - CA,2007,2987316.0,2.7828341943447694,0.0014269071717743647,-0.004609213113784802,-0.003687457181513301,-0.03431398776546121,-0.004803183488547809,-0.005114364353287665
San Diego - CA,2008,3032017.0,2.8359501660136095,0.01908700553442296,-0.03431398776546121,-0.004803183488547809,-0.0191408514082432,0.0074258502572774505,-0.02389018902297077
San Diego - CA,2009,3071699.0,2.9243202110020707,0.031160648042232616,-0.0191408514082432,0.0074258502572774505,-0.0161024443336064,-0.006642335574724715,-0.023734797784955165
San Diego - CA,2010,3110140.0,2.976641267809019,0.017891698935739785,-0.0161024443336064,-0.006642335574724715,-0.0179806727617979,0.0033031017519534016,-0.0245340345104645
San Diego - CA,2011,3141207.0,3.0225048245586756,0.01540782130707173,-0.0179806727617979,0.0033031017519534016,0.0038515829443931983,0.009289789013564599,-0.012104719555118328
San Diego - CA,2012,3175385.0,2.9790445247595416,-0.014378901712912824,0.0038515829443931983,0.0092041902244091,0.0184230773150921,0.012296305969357501,0.023583091937321922
San Diego - CA,2013,3207751.0,3.001939646531951,0.007685390930589456,0.0184230773150921,0.012296305969357501,0.0182127531766891,0.016204729676246598,0.004610915038768045
San Diego - CA,2014,3241310.0,3.0159716665877405,0.00467431784379826,0.0182127531766891,0.016204729676246598,0.060223439872264896,0.0299599878489972,0.011530411832448337
San Diego - CA,2015,3267324.0,3.0340614427459753,0.005997992739335487,0.060223439872264896,0.0299599878489972,0.027116466581821402,0.013962909579277002,0.023961995109661714
San Diego - CA,2016,3285825.0,3.0290710315914677,-0.0016447956802058145,0.027116466581821402,0.013962909579277002,0.014958178341388701,0.012168604880571404,0.015607705259482817
San Diego - CA,2017,3295678.0,2.9663963591187863,-0.02069105406212686,0.014958178341388701,0.012168604880571404,0.013146836519241298,0.004011813551187501,0.03285965894269827
San Diego - CA,2018,3301613.0,2.9596420506424583,-0.0022769406574967735,0.013146836519241298,0.004011813551187501,0.0183566428422928,0.0005554482340812961,0.006288754208684275
San Diego - CA,2019,3298256.0,2.912971346143205,-0.015769036829680946,0.0183566428422928,0.0005554482340812961,0.011037608712911599,-0.007811581715941401,0.01632448506376224
San Diego - CA,2020,3294344.0,2.7707455340258336,-0.04882499524263409,0.011037608712911599,-0.007811581715941401,0.072999386370182,0.02940977364778509,0.04101341352669269
San Diego - CA,2021,3275894.0,2.727902209898236,-0.015462742284148769,0.072999386370182,0.02940977364778509,-0.0243892426788807,0.007714264094829601,0.04487251593193386
San Diego - CA,2022,3283695.0,2.6610250548529746,-0.024515964979461714,-0.0243892426788807,0.0081929676234722,-0.0267213944196701,-0.007162466645240798,0.032708932602933914
San Francisco - CA,2006,1462168.0,2.469371697630643,0.014049023380594702,0.0471015923023224,0.040738552808761604,0.0391030601263046,0.0400248160585761,0.0266895294281669
San Francisco - CA,2007,1478127.0,2.4988913989612316,0.01195433695093893,0.0391030601263046,0.0400248160585761,-0.005071741819381699,0.024439062457531704,0.028070479107637172
San Francisco - CA,2008,1500185.0,2.5545961748733483,0.022291795447882515,-0.005071741819381699,0.024439062457531704,-0.062360302269458795,-0.035793600603938144,0.002147267009649189
San Francisco - CA,2009,1518167.0,2.665484558829581,0.04340740233110633,-0.062360302269458795,-0.035793600603938144,0.0276006411910057,0.03706074994988738,-0.07920100293504448
San Francisco - CA,2010,1530700.0,2.6192888417003277,-0.01733107662403339,0.0276006411910057,0.03706074994988738,0.0011959910690783962,0.022479765582829696,0.05439182657392077
San Francisco - CA,2011,1551642.0,2.584557424268724,-0.01325986537974089,0.0011959910690783962,0.022479765582829696,0.0217010282874107,0.027139234356582102,0.03573963096257059
San Francisco - CA,2012,1575622.0,2.6506738589492125,0.025581337082961342,0.0217010282874107,0.0270536355674266,0.026049141436815297,0.019922370091080697,0.00147229848446526
San Francisco - CA,2013,1596186.0,2.6477253760079176,-0.0011123522161507078,0.026049141436815297,0.019922370091080697,0.0289098870158195,0.026901863515377,0.021034722307231406
San Francisco - CA,2014,1616925.0,2.6832313435808106,0.013409988775507685,0.0289098870158195,0.026901863515377,0.058913232922554,0.028649780899286305,0.013491874739869314
San Francisco - CA,2015,1635283.0,2.677702769737085,-0.0020604163919565144,0.058913232922554,0.028649780899286305,-0.011593174270354209,-0.024746731272898607,0.03071019729124282
San Francisco - CA,2016,1645736.0,2.7029418183798035,0.009425634886726599,-0.011593174270354209,-0.024746731272898607,-0.0063709870949388014,-0.009160560555756099,-0.034172366159625205
San Francisco - CA,2017,1652028.0,2.7223759606388493,0.007189996516719341,-0.0063709870949388014,-0.009160560555756099,0.0113054963052273,0.0021704733371735035,-0.01635055707247544
San Francisco - CA,2018,1653055.0,2.6858804236092233,-0.013405766711612374,0.0113054963052273,0.0021704733371735035,-0.005576572224497799,-0.023377766832709306,0.015576240048785878
San Francisco - CA,2019,1646510.0,2.692454070498082,0.002447483078947108,-0.005576572224497799,-0.023377766832709306,-0.0992068107128143,-0.1180560011416673,-0.02582524991165641
San Francisco - CA,2020,1616821.0,2.773555440596458,0.030121728347021613,-0.0992068107128143,-0.1180560011416673,0.019754527390003204,-0.023835085332393702,-0.1481777294886889
San Francisco - CA,2021,1552442.0,2.6264151442349206,-0.053051146628565166,0.019754527390003204,-0.023835085332393702,-0.0635318960249424,-0.0314283892512321,0.029216061296171464
San Francisco - CA,2022,1548070.0,2.5206271893364818,-0.04027845907401477,-0.0635318960249424,-0.0309496857225895,-0.04431637216731906,-0.02475744439288976,0.00932877335142527
San Jose - CA,2006,1750388.0,2.79702791404257,0.009177253395040833,0.0434646360874176,0.037101596593856805,0.04862843370437621,0.04955018963664771,0.02792434319881597
San Jose - CA,2007,1773370.0,2.8778484343061983,0.028895142539645827,0.04862843370437621,0.04955018963664771,-0.02856229088455439,0.0009485133923590149,0.02065504709700188
San Jose - CA,2008,1801393.0,2.9503234304870305,0.02518374328434872,-0.02856229088455439,0.0009485133923590149,-0.0791669345498085,-0.05260023288428785,-0.024235229891989705
San Jose - CA,2009,1825334.0,2.9213400446957167,-0.009823799483072023,-0.0791669345498085,-0.05260023288428785,0.029430839061737102,0.03889094782061879,-0.04277643340121583
San Jose - CA,2010,1849427.0,2.9976019970084224,0.02610512680684835,0.029430839061737102,0.03889094782061879,0.0067844480574131005,0.0280682225711644,0.012785821013770439
San Jose - CA,2011,1877995.0,2.958306596018432,-0.013108945426780157,0.0067844480574131005,0.0280682225711644,0.0235928610861301,0.0290310671553015,0.04117716799794456
San Jose - CA,2012,1907603.0,3.0388048328110804,0.027210917523217738,0.0235928610861301,0.028945468366146,0.038673505783081104,0.0325467344373465,0.0017345508429282633
San Jose - CA,2013,1937942.0,3.038384312749125,-0.0001383833727703922,0.038673505783081104,0.0325467344373465,0.0372431155443192,0.0352350920438767,0.03268511781011689
San Jose - CA,2014,1966071.0,3.0282241532169554,-0.003343934962255235,0.0372431155443192,0.0352350920438767,0.062409075140953105,0.03214562311768541,0.03857902700613194
San Jose - CA,2015,1990268.0,3.0630636895118983,0.011504939704655643,0.062409075140953105,0.03214562311768541,-0.017609328694641588,-0.030762885697185986,0.020640683413029763
San Jose - CA,2016,2004057.0,3.0551332713940687,-0.002589047738375105,-0.017609328694641588,-0.030762885697185986,0.011551895827054997,0.0087623223662377,-0.02817383795881088
San Jose - CA,2017,2010347.0,3.090266677038782,0.011499794779388447,0.011551895827054997,0.0087623223662377,0.016213070809841197,0.007078047841787401,-0.0027374724131507475
San Jose - CA,2018,2011313.0,2.999951994380073,-0.02922553038213908,0.016213070809841197,0.007078047841787401,0.0076692599505186025,-0.010131934657692902,0.03630357822392648
San Jose - CA,2019,2005045.0,2.9700489306256808,-0.00996784742236243,0.0076692599505186025,-0.010131934657692902,-0.0946650187373161,-0.1135142091661691,-0.00016408723533047238
San Jose - CA,2020,1978195.0,2.9810734868269075,0.0037119106313525632,-0.0946650187373161,-0.1135142091661691,0.030074863016605405,-0.013514749705791501,-0.11722611979752166
San Jose - CA,2021,1946177.0,2.850962823137131,-0.04364557407414605,0.030074863016605405,-0.013514749705791501,-0.024181732833385504,0.007921773940324797,0.03013082436835455
San Jose - CA,2022,1954542.0,2.76295208754642,-0.030870530782251947,-0.024181732833385504,0.008400477468967396,-0.03658902345597744,-0.01703009568154814,0.03927100825121935
Santa Barbara - CA,2006,408851.5,2.8154245089401826,-0.064482639006947,0.023297549813985796,0.016934510320425,0.015113878160715102,0.016035634092986605,0.08141714932737201
Santa Barbara - CA,2007,412394.28125,2.801897347994569,-0.004804661216331328,0.015113878160715102,0.016035634092986605,-0.0276921729668975,0.001818631310015903,0.020840295309317934
Santa Barbara - CA,2008,417001.0,2.9849243803233723,0.06532253312556331,-0.0276921729668975,0.001818631310015903,-0.050040718823671296,-0.023474017158150645,-0.06350390181554741
Santa Barbara - CA,2009,421367.875,3.057784285468918,0.024409296806927005,-0.050040718823671296,-0.023474017158150645,-0.007617796942591671,0.001842311816290014,-0.047883313965077653
Santa Barbara - CA,2010,424684.28125,3.152076894232979,0.030836906714497285,-0.007617796942591671,0.001842311816290014,-0.019374918535351802,0.0019088559783994978,-0.02899459489820727
Santa Barbara - CA,2011,426883.0,3.1818570495277285,0.00944778832941393,-0.019374918535351802,0.0019088559783994978,-0.004987115323543501,0.0004510907456278992,-0.007538932351014433
Santa Barbara - CA,2012,431625.5,3.1081769289898333,-0.02315632644427922,-0.004987115323543501,0.0003654919564724003,0.0097183311730623,0.0035915598273277005,0.02352181840075162
Santa Barbara - CA,2013,436618.90625,3.186951517677594,0.025344306481730066,0.0097183311730623,0.0035915598273277005,0.0234817031919956,0.0214736796915531,-0.021752746654402366
Santa Barbara - CA,2014,441058.40625,3.2955279952586483,0.03406907101623443,0.0234817031919956,0.0214736796915531,0.0562154000401497,0.025951948016882005,-0.012595391324681331
Santa Barbara - CA,2015,444187.40625,3.276140855131784,-0.005882863126866803,0.0562154000401497,0.025951948016882005,0.0171040410995483,0.0039504840970039,0.03183481114374881
Santa Barbara - CA,2016,446278.90625,3.1980012891107727,-0.02385110087639011,0.0171040410995483,0.0039504840970039,0.0130580306947231,0.010268457233905803,0.02780158497339401
Santa Barbara - CA,2017,447258.5,3.1495683048689385,-0.0151447669538937,0.0130580306947231,0.010268457233905803,0.026874590873718303,0.017739567905664506,0.025413224187799503
Santa Barbara - CA,2018,447727.375,3.0977368782328165,-0.01645667647721607,0.026874590873718303,0.017739567905664506,0.0214938327372074,0.0036926381289958954,0.034196244382880575
Santa Barbara - CA,2019,448261.09375,3.088082355097529,-0.0031166375695520767,0.0214938327372074,0.0036926381289958954,0.0035436079949140997,-0.0153055824339389,0.006809275698547972
Santa Barbara - CA,2020,445327.5,3.072367510399575,-0.005088868394980983,0.0035436079949140997,-0.0153055824339389,0.06353092777729,0.01994131505489309,-0.010216714038957918
Santa Barbara - CA,2021,439061.71875,2.8942627005353163,-0.057969891056781575,0.06353092777729,0.01994131505489309,-0.017957376241684003,0.014146130532026298,0.07791120611167467
Santa Barbara - CA,2022,444764.3125,2.8187184984403797,-0.026101363252535485,-0.017957376241684003,0.014624834060668897,-0.0074396792650223,0.012119248509407002,0.040726197313204385
Santa Rosa - CA,2006,465703.78125,2.7172420842669416,0.030354535233535238,0.0084677428305149,0.002104703336954103,0.0170035018622875,0.017925257794559002,-0.028249831896581135
Santa Rosa - CA,2007,468786.71875,2.6456241497715545,-0.026356847227584516,0.0170035018622875,0.017925257794559002,-0.03164326288923621,-0.0021324586123228073,0.04428210502214352
Santa Rosa - CA,2008,474708.1875,2.5894980057683057,-0.021214708071097394,-0.03164326288923621,-0.0021324586123228073,-0.047236659288406396,-0.020669957622885746,0.019082249458774587
Santa Rosa - CA,2009,480798.3125,2.6889179853301877,0.03839353393608195,-0.047236659288406396,-0.020669957622885746,-0.0031709886938334,0.006289120065048285,-0.059063491558967694
Santa Rosa - CA,2010,485246.875,2.782934181587069,0.034964322738663414,-0.0031709886938334,0.006289120065048285,-0.0180613439232111,0.003222430590540202,-0.02867520267361513
Santa Rosa - CA,2011,487565.5,2.865283931871094,0.029590980206747823,-0.0180613439232111,0.003222430590540202,0.013550618380308199,0.0189888244494796,-0.02636854961620762
Santa Rosa - CA,2012,490377.28125,2.7948044844613253,-0.024597718441028593,0.013550618380308199,0.0189032256603241,0.040481500923633604,0.03435472957789901,0.04350094410135269
Santa Rosa - CA,2013,494300.90625,2.6775685849485056,-0.041947799985520624,0.040481500923633604,0.03435472957789901,0.0410036508142948,0.038995627313852296,0.07630252956341962
Santa Rosa - CA,2014,498074.5,2.676002448733508,-0.0005849098408911829,0.0410036508142948,0.038995627313852296,0.0718538259863853,0.041590373963117606,0.03958053715474348
Santa Rosa - CA,2015,500027.09375,2.830208539202297,0.057625541614048606,0.0718538259863853,0.041590373963117606,0.030157216161489503,0.017003659158945104,-0.016035167650931
Santa Rosa - CA,2016,501196.1875,2.752502691320262,-0.027455873588713132,0.030157216161489503,0.017003659158945104,0.035282602250576,0.0324930287897587,0.04445953274765824
Santa Rosa - CA,2017,499565.40625,2.80905677780096,0.02054642368163181,0.035282602250576,0.0324930287897587,-0.015248852573335171,-0.024383875541388968,0.011946605108126892
Santa Rosa - CA,2018,494401.875,2.7389071129802915,-0.024972676015322284,-0.015248852573335171,-0.024383875541388968,-0.004437553539872199,-0.022238748148083704,0.0005888004739333166
Santa Rosa - CA,2019,490070.1875,2.705234818515236,-0.01229406222119585,-0.004437553539872199,-0.022238748148083704,0.006740383908152601,-0.0121088065207004,-0.009944685926887855
Santa Rosa - CA,2020,487500.6875,2.513757791097555,-0.07078018740080123,0.006740383908152601,-0.0121088065207004,0.024649409830570193,-0.018940202891826713,0.058671380880100835
Santa Rosa - CA,2021,484162.6875,2.5735150169495444,0.023772069872291968,0.024649409830570193,-0.018940202891826713,-0.0579768530279398,-0.025873346254229497,-0.04271227276411868
Santa Rosa - CA,2022,483302.625,2.4728703858437378,-0.039107846833201475,-0.0579768530279398,-0.025394642725586898,-0.0232596032172441,-0.003700675442814799,0.013713204107614577
Sarasota - FL,2006,686744.0625,2.4343407807168194,0.03894613142369456,0.026140303939580896,0.0197772644460201,-0.007416165336966502,-0.006494409404695001,-0.019168866977674462
Sarasota - FL,2007,692782.6875,2.6777660616758054,0.09999638624437238,-0.007416165336966502,-0.006494409404695001,-0.0503403947800398,-0.020829590503126397,-0.10649079564906738
Sarasota - FL,2008,696480.75,2.6808561379872766,0.0011539754557712712,-0.0503403947800398,-0.020829590503126397,-0.039012537062168104,-0.012445835396647453,-0.021983565958897666
Sarasota - FL,2009,699263.4375,2.754700675125971,0.027545132352433853,-0.039012537062168104,-0.012445835396647453,-0.001822425223887,0.007637683534994685,-0.039990967749081306
Sarasota - FL,2010,704182.9375,2.8904381043633345,0.04927483790272657,-0.001822425223887,0.007637683534994685,-0.0186324244067073,0.002651350107043999,-0.04163715436773188
Sarasota - FL,2011,709920.25,2.599821439941083,-0.10054415764293435,-0.0186324244067073,0.002651350107043999,0.0008724031001328993,0.0063106091693043,0.10319550774997835
Sarasota - FL,2012,719144.3125,2.7073239304841765,0.0413499515357215,0.0008724031001328993,0.006225010380148801,0.014884941875934601,0.008758170530200001,-0.0351249411555727
Sarasota - FL,2013,729906.9375,2.7898182057132037,0.03047078123904957,0.014884941875934601,0.008758170530200001,0.0208119664490223,0.0188039429485798,-0.02171261070884957
Sarasota - FL,2014,744946.6875,2.576288611723147,-0.0765388918721565,0.0208119664490223,0.0188039429485798,0.0407887456715107,0.010525293648243006,0.0953428348207363
Sarasota - FL,2015,763556.375,2.821100289374738,0.09502494267823851,0.0407887456715107,0.010525293648243006,0.0018302847519517003,-0.0113232722505927,-0.0844996490299955
Sarasota - FL,2016,781765.375,2.890374047559048,0.02455558153860017,0.0018302847519517003,-0.0113232722505927,0.0068365537524223,0.004046980291605003,-0.03587885378919287
Sarasota - FL,2017,796292.4375,2.7384068220484883,-0.052577010106666815,0.0068365537524223,0.004046980291605003,0.010307155758142499,0.0011721327900887021,0.05662399039827182
Sarasota - FL,2018,810338.375,2.8724537064363402,0.048950683042622956,0.010307155758142499,0.0011721327900887021,0.0089505232572556,-0.008850671350955904,-0.04777855025253425
Sarasota - FL,2019,825770.625,2.9714164636743376,0.034452341918078756,0.0089505232572556,-0.008850671350955904,0.0047246628552675,-0.0141245275735855,-0.04330301326903466
Sarasota - FL,2020,844032.25,2.6677449415799037,-0.102197563285668,0.0047246628552675,-0.0141245275735855,0.19524738776683798,0.15165777504444106,0.0880730357120825
Sarasota - FL,2021,870399.75,2.4155101970704855,-0.09454979768794486,0.19524738776683798,0.15165777504444106,-0.0547410509735346,-0.0226375441998243,0.24620757273238592
Sarasota - FL,2022,900046.375,2.439120690566092,0.009774536875994536,-0.0547410509735346,-0.0221588406711817,-0.072098073348403,-0.0525391455739737,-0.031933377547176234
Scranton - PA,2006,558196.0,2.1059385726427706,0.008958452427761755,-0.0016486014872789008,-0.008011640980839698,0.0013369648754596973,0.0022587208077311984,-0.016970093408601453
Scranton - PA,2007,560407.3125,2.212975285000788,0.05082613222839428,0.0013369648754596973,0.0022587208077311984,-0.03175661183148623,-0.0022458075545728276,-0.04856741142066308
Scranton - PA,2008,561918.0625,2.218638774802828,0.0025592196354050087,-0.03175661183148623,-0.0022458075545728276,-0.020776604026556,0.0057900976389646495,-0.004805027189977836
Scranton - PA,2009,563274.625,2.1547600149650186,-0.028791870296004534,-0.020776604026556,0.0057900976389646495,-0.0011407967507838998,0.008319312008097785,0.034581967934969184
Scranton - PA,2010,564540.5,2.2663834676157215,0.05180319472956022,-0.0011407967507838998,0.008319312008097785,-0.018932459287345403,0.002351315226405897,-0.04348388272146243
Scranton - PA,2011,565941.3125,2.253018599389204,-0.005897002169971526,-0.018932459287345403,0.002351315226405897,-0.006476604662835601,-0.0010383985936642005,0.008248317396377422
Scranton - PA,2012,566960.5625,2.2019503322694636,-0.02266659810690649,-0.006476604662835601,-0.0011239973828196994,0.009372186511755,0.0032454151660204003,0.021542600724086793
Scranton - PA,2013,566364.0625,2.354336206941015,0.06920495546077703,0.009372186511755,0.0032454151660204003,0.0027514964491128988,0.0007434729486703977,-0.06595954029475662
Scranton - PA,2014,566292.5,2.362348638623269,0.003403265709728174,0.0027514964491128988,0.0007434729486703977,0.035845572292804696,0.005582120269537,-0.0026597927610577765
Scranton - PA,2015,565385.0,2.442648872318488,0.03399169469838136,0.035845572292804696,0.005582120269537,0.0155377278923988,0.0023841708898544,-0.028409574428844363
Scranton - PA,2016,565304.0625,2.2933912742927802,-0.06110481114055367,0.0155377278923988,0.0023841708898544,0.0199471988677979,0.0171576254069806,0.06348898203040806
Scranton - PA,2017,566719.8125,2.3755062632997923,0.035805049895959916,0.0199471988677979,0.0171576254069806,-0.0015187149643898015,-0.010653737932443598,-0.018647424488979315
Scranton - PA,2018,567353.8125,2.3152230229738042,-0.025377007527755045,-0.0015187149643898015,-0.010653737932443598,-0.0010117840319871993,-0.018812978640198704,0.014723269595311447
Scranton - PA,2019,567434.0625,2.3088442218542564,-0.002755156223072847,-0.0010117840319871993,-0.018812978640198704,0.061388993740081804,0.04253980331122881,-0.016057822417125858
Scranton - PA,2020,567122.9375,2.2584414178077235,-0.021830318203994708,0.061388993740081804,0.04253980331122881,0.0484049378633499,0.004815325140952995,0.06437012151522352
Scranton - PA,2021,568172.3125,2.1777915665229166,-0.035710402160040934,0.0484049378633499,0.004815325140952995,-0.0614110584557056,-0.0293075516819953,0.04052572730099393
Scranton - PA,2022,569251.5,2.2380419408992616,0.02766581306609672,-0.0614110584557056,-0.028828848153352703,0.0110599037408829,0.030618831515312202,-0.05649466121944942
Seattle - WA,2006,3268743.0,2.2923588343706354,0.003939760093936394,0.0279147044122219,0.021551664918661104,0.03847687608003621,0.039398632012307706,0.01761190482472471
Seattle - WA,2007,3317089.0,2.306364923851278,0.006109902721441947,0.03847687608003621,0.039398632012307706,-0.011796354606747599,0.017714449670165805,0.03328872929086576
Seattle - WA,2008,3370124.0,2.33937997691811,0.014314756838957622,-0.011796354606747599,0.017714449670165805,-0.0795714563727379,-0.053004754707217244,0.003399692831208183
Seattle - WA,2009,3423713.0,2.4201563313574908,0.03452895862851453,-0.0795714563727379,-0.053004754707217244,0.0101062886565924,0.019566397415474085,-0.08753371333573177
Seattle - WA,2010,3463686.0,2.4116323884607627,-0.0035220629288633264,0.0101062886565924,0.019566397415474085,-0.010366388007998502,0.010917386505752798,0.02308846034433741
Seattle - WA,2011,3519204.0,2.473686037702243,0.025730973567280022,-0.010366388007998502,0.010917386505752798,0.007565367683768299,0.0130035737529397,-0.014813587061527224
Seattle - WA,2012,3575419.0,2.466489221756525,-0.002909348978014631,0.007565367683768299,0.0129179749637842,0.0192034548521042,0.013076683506369601,0.01582732394179883
Seattle - WA,2013,3631917.0,2.522723358294895,0.022799263034412456,0.0192034548521042,0.013076683506369601,0.012926411643624298,0.010918388143181797,-0.009722579528042855
Seattle - WA,2014,3696714.0,2.505136476805753,-0.006971387263417251,0.012926411643624298,0.010918388143181797,0.062517726957798,0.03225427493453031,0.01788977540659905
Seattle - WA,2015,3765469.0,2.5099696906825173,0.0019293215844779507,0.062517726957798,0.03225427493453031,0.030733868747949603,0.017580311745405204,0.030324953350052357
Seattle - WA,2016,3842287.0,2.4603059421620976,-0.0197865929237237,0.030733868747949603,0.017580311745405204,0.005205997914075899,0.002416424453258601,0.037366904669128904
Seattle - WA,2017,3906911.0,2.4594096517186403,-0.0003643004018718256,0.005205997914075899,0.002416424453258601,0.008218851149082197,-0.0009161718189715992,0.0027807248551304266
Seattle - WA,2018,3954196.0,2.479444155800404,0.008146062233985143,0.008218851149082197,-0.0009161718189715992,0.0297545671164989,0.011953372508287395,-0.009062234052956742
Seattle - WA,2019,3996570.0,2.3995949925232134,-0.03220446126620429,0.0297545671164989,0.011953372508287395,-0.032613824948668504,-0.0514630153775215,0.04415783377449169
Seattle - WA,2020,4025161.0,2.3495405841531816,-0.020859523597104527,-0.032613824948668504,-0.0514630153775215,0.053791238248348,0.010201625525951094,-0.030603491780416974
Seattle - WA,2021,4022038.0,2.319042666348647,-0.01298037497638144,0.053791238248348,0.010201625525951094,-0.054269853904843304,-0.022166347131133003,0.023182000502332534
Seattle - WA,2022,4049034.0,2.2909162246478174,-0.012128470988899437,-0.054269853904843304,-0.021687643602490404,-0.0283008728027344,-0.008741945028305099,-0.009559172613590967
Shreveport - LA,2006,430988.71875,2.6760954999666238,-0.027912878472831994,0.0292070001661777,0.022843960672616903,-0.0019795288294554014,-0.0010577728971839003,0.0507568391454489
Shreveport - LA,2007,432020.90625,2.7149022156017213,0.014501244681133958,-0.0019795288294554014,-0.0010577728971839003,-0.0517984314933419,-0.022287627216428497,-0.015559017578317859
Shreveport - LA,2008,434217.71875,2.7061246354274187,-0.003233110984204344,-0.0517984314933419,-0.022287627216428497,-0.027900513917207697,-0.0013338122516870464,-0.019054516232224154
Shreveport - LA,2009,437294.71875,2.474230714765224,-0.08569225438708161,-0.027900513917207697,-0.0013338122516870464,-0.008315335664898161,0.001144773093983524,0.08435844213539456
Shreveport - LA,2010,442143.0,2.7413535457920353,0.10796197356727032,-0.008315335664898161,0.001144773093983524,-0.0214213937222958,-0.00013761920854449966,-0.1068172004732868
Shreveport - LA,2011,445844.09375,2.7612473635995913,0.007256932560958062,-0.0214213937222958,-0.00013761920854449966,-0.0125652135387063,-0.0071270074695349,-0.007394551769502562
Shreveport - LA,2012,447894.40625,2.7950238841014245,0.012232341421886153,-0.0125652135387063,-0.007212606258690399,-0.00041324865072969903,-0.006540019996464299,-0.01944494768057655
Shreveport - LA,2013,446147.71875,2.854603645913614,0.021316369477588193,-0.00041324865072969903,-0.006540019996464299,-0.01157661451399326,-0.013584638014435761,-0.027856389474052494
Shreveport - LA,2014,444382.59375,2.899132198791744,0.015598856584476453,-0.01157661451399326,-0.013584638014435761,0.00894398351758718,-0.021319468505680516,-0.029183494598912216
Shreveport - LA,2015,443112.90625,2.776191451269926,-0.04240605087724368,0.00894398351758718,-0.021319468505680516,-0.005124027572572229,-0.018277584575116627,0.021086582371563165
Shreveport - LA,2016,440690.5,2.772779431493629,-0.0012290289903227815,-0.005124027572572229,-0.018277584575116627,-0.0030732083171606007,-0.005862781777977898,-0.017048555584793845
Shreveport - LA,2017,438111.59375,2.8014959648512163,0.010356587700925879,-0.0030732083171606007,-0.005862781777977898,-0.0013124195635319004,-0.010447442531585697,-0.016219369478903775
Shreveport - LA,2018,434805.5,2.71818190475224,-0.029739132643512776,-0.0013124195635319004,-0.010447442531585697,-0.0005220517814158998,-0.018323246389627405,0.01929169011192708
Shreveport - LA,2019,431829.71875,2.723925445956636,0.002113008402548142,-0.0005220517814158998,-0.018323246389627405,0.036044767230749106,0.017195576801896106,-0.02043625479217555
Shreveport - LA,2020,428277.0,2.588723709950221,-0.0496348885785794,0.036044767230749106,0.017195576801896106,0.033935746431350694,-0.009653866291046212,0.0668304653804755
Shreveport - LA,2021,423844.90625,2.5841701382136115,-0.001759002600048501,0.033935746431350694,-0.009653866291046212,-0.0394735726714134,-0.007370065897703101,-0.00789486369099771
Shreveport - LA,2022,420498.40625,2.5970713544417485,0.004992402023906743,-0.0394735726714134,-0.0068913623690605025,-0.013442023456096602,0.0061169043183327,-0.011883764392967245
Spokane - WA,2006,504903.8125,2.2086541264934247,0.012911132833563052,0.028911312699317897,0.0225482732057571,0.0237564249932766,0.024678180925548104,0.009637140372194047
Spokane - WA,2007,513685.90625,2.279475406228685,0.032065355496697846,0.0237564249932766,0.024678180925548104,-0.02944069291651249,0.00007011136040091515,-0.007387174571149742
Spokane - WA,2008,520213.0625,2.2748580719928917,-0.002025612657709074,-0.02944069291651249,0.00007011136040091515,-0.0659942484498024,-0.039427546784281745,0.002095724018109989
Spokane - WA,2009,525860.125,2.364822749315871,0.03954738030938587,-0.0659942484498024,-0.039427546784281745,-0.00637070292979479,0.0030894058290868946,-0.07897492709366762
Spokane - WA,2010,529501.5625,2.411344204857803,0.01967228011291348,-0.00637070292979479,0.0030894058290868946,-0.0208984598219395,0.0003853146918118,-0.016582874283826585
Spokane - WA,2011,532243.875,2.355087676489765,-0.023329945287240948,-0.0208984598219395,0.0003853146918118,-0.010358720369637002,-0.004920514300465601,0.023715259979052748
Spokane - WA,2012,535802.6875,2.413650075929679,0.024866335136703253,-0.010358720369637002,-0.0050061130896211,0.0086704554408789,0.0025436840951442996,-0.02987244822632435
Spokane - WA,2013,540106.8125,2.463034285002086,0.020460384694904552,0.0086704554408789,0.0025436840951442996,0.0025446143150330003,0.0005365908145904992,-0.017916700599760253
Spokane - WA,2014,546514.25,2.594015948772418,0.05317898519233213,0.0025446143150330003,0.0005365908145904992,0.0321669859588146,0.0019035339355469028,-0.052642394377741625
Spokane - WA,2015,554439.0,2.4797359044738654,-0.04405525893263463,0.0321669859588146,0.0019035339355469028,0.020418342471122702,0.007264785468578302,0.04595879286818153
Spokane - WA,2016,564620.0,2.5477147219627447,0.027413732795590853,0.020418342471122702,0.007264785468578302,0.0192603484690189,0.016470775008201603,-0.02014894732701255
Spokane - WA,2017,574911.0625,2.340403581600592,-0.08137141045463736,0.0192603484690189,0.016470775008201603,0.006619764700532001,-0.0025152582675217958,0.09784218546283896
Spokane - WA,2018,584921.875,2.3305694524444625,-0.004201894593497396,0.006619764700532001,-0.0025152582675217958,0.0290108464360237,0.011209651827812195,0.0016866363259755998
Spokane - WA,2019,595017.1875,2.3402165611946613,0.0041393783566845655,0.0290108464360237,0.011209651827812195,0.0378618260025978,0.019012635573744798,0.007070273471127629
Spokane - WA,2020,602715.0,2.210480729366581,-0.055437532568289864,0.0378618260025978,0.019012635573744798,0.0497171266674995,0.0061275139451025945,0.07445016814203466
Spokane - WA,2021,608223.0,2.342322481810092,0.059643927536654325,0.0497171266674995,0.0061275139451025945,-0.052884114831686,-0.0207806080579757,-0.05351641359155173
Spokane - WA,2022,613074.25,2.27088647492727,-0.03049793845107872,-0.052884114831686,-0.0203019045293331,-0.0292502667605877,-0.009691338986158399,0.010196033921745621
Springfield - MA,2006,617716.1875,2.3922589108078864,0.08283488855909692,-0.0015291686803102014,-0.007892208173870999,0.0025202437341213003,0.0034419996663928015,-0.09072709673296792
Springfield - MA,2007,618619.875,2.334130043079117,-0.02429873600476573,0.0025202437341213003,0.0034419996663928015,-0.02958091563731432,-0.00007011136040091515,0.027740735671158534
Springfield - MA,2008,619949.125,2.2750957160288547,-0.025291790071981624,-0.02958091563731432,-0.00007011136040091515,-0.0238908666223288,0.002675835043191851,0.02522167871158071
Springfield - MA,2009,621463.3125,2.3276599306460937,0.023104177220723252,-0.0238908666223288,0.002675835043191851,0.0015229553133249002,0.010983064072206585,-0.0204283421775314
Springfield - MA,2010,624408.625,2.3357739074744663,0.0034858944476998653,0.0015229553133249002,0.010983064072206585,-0.0196213744282722,0.0016624000854791009,0.00749716962450672
Springfield - MA,2011,626918.0,2.4149936689772566,0.033915851722329554,-0.0196213744282722,0.0016624000854791009,-0.002447577476501501,0.0029906285926698997,-0.03225345163685045
Springfield - MA,2012,628354.625,2.4431634112138645,0.011664520117991718,-0.002447577476501501,0.002905029803514401,0.0106983768194914,0.004571605473756801,-0.008759490314477317
Springfield - MA,2013,629885.1875,2.4924132243639776,0.020158214929079907,0.0106983768194914,0.004571605473756801,0.004671542733907699,0.002663519233465198,-0.015586609455323107
Springfield - MA,2014,631391.8125,2.4619520999179665,-0.012221538606939584,0.004671542733907699,0.002663519233465198,0.0219796282947063,-0.008283823728561398,0.014885057840404782
Springfield - MA,2015,631014.5,2.5136445009813415,0.02099650966608873,0.0219796282947063,-0.008283823728561398,0.016437270015478102,0.0032837130129337016,-0.029280333394650127
Springfield - MA,2016,630543.0,2.3960631496596334,-0.04677723969153302,0.016437270015478102,0.0032837130129337016,-0.0003158061802387008,-0.0031053796410559983,0.05006095270446672
Springfield - MA,2017,630207.0625,2.4257364948117908,0.012384208302845662,-0.0003158061802387008,-0.0031053796410559983,0.0237387122809887,0.014603689312934903,-0.01548958794390166
Springfield - MA,2018,630351.0,2.341031901984099,-0.03491912374194783,0.0237387122809887,0.014603689312934903,0.006613693356514003,-0.011187501251697502,0.049522813054882736
Springfield - MA,2019,628780.375,2.2644348513123704,-0.03271935363495482,0.006613693356514003,-0.011187501251697502,0.027492204785347,0.008643014356493998,0.021531852383257315
Springfield - MA,2020,616135.0625,2.175990008361209,-0.03905824135320228,0.027492204785347,0.008643014356493998,0.011950833976268803,-0.0316387787461281,0.04770125570969628
Springfield - MA,2021,627351.6875,2.207332674925252,0.014403865111332922,0.011950833976268803,-0.0316387787461281,-0.020461136400699603,0.011642370373010698,-0.04604264385746103
Springfield - MA,2022,626967.75,2.16590494545461,-0.018768230970007772,-0.020461136400699603,0.012121073901653297,0.013950121790170696,0.0335090495646,0.03088930487166107
Springfield - MO,2006,416082.09375,2.270680805048081,0.0034094222905876447,-0.012164598673582102,-0.0185276381671429,-0.0095958289653063,-0.0086740730330348,-0.021937060457730542
Springfield - MO,2007,424664.71875,2.2030359401771213,-0.02979056533202491,-0.0095958289653063,-0.0086740730330348,-0.0229045164883137,0.006606287788599705,0.02111649229899011
Springfield - MO,2008,430540.0,2.306158297035518,0.04680920314450505,-0.0229045164883137,0.006606287788599705,-0.015604003056883801,0.01096269860863685,-0.04020291535590534
Springfield - MO,2009,435040.3125,2.2638028660716025,-0.018366228813677585,-0.015604003056883801,0.01096269860863685,-0.01725748780556023,-0.0077973790466785466,0.029328927422314435
Springfield - MO,2010,438222.28125,2.503312643064807,0.10579974987346309,-0.01725748780556023,-0.0077973790466785466,-0.02307816815376282,-0.0017943936400115212,-0.11359712892014164
Springfield - MO,2011,441633.59375,2.4569112914864726,-0.01853597939789301,-0.02307816815376282,-0.0017943936400115212,-0.011479968488216401,-0.006041762419045001,0.01674158575788149
Springfield - MO,2012,445805.0,2.3812847884144106,-0.030781128864569903,-0.011479968488216401,-0.0061273612082005,-0.0019830626994370992,-0.0081098340451717,0.024653767656369403
Springfield - MO,2013,449762.3125,2.426611220400396,0.019034444013799046,-0.0019830626994370992,-0.0081098340451717,-0.0038640612587333006,-0.005872084759175802,-0.027144278058970746
Springfield - MO,2014,453326.1875,2.430203653512934,0.0014804320866633662,-0.0038640612587333006,-0.005872084759175802,0.025876162737608,-0.004387289285659696,-0.007352516845839168
Springfield - MO,2015,457080.1875,2.437463181576268,0.0029872097562029347,0.025876162737608,-0.004387289285659696,0.016360659420490302,0.0032071024179459017,-0.007374499041862631
Springfield - MO,2016,460103.59375,2.344364521315168,-0.03819489909213501,0.016360659420490302,0.0032071024179459017,0.0008058768659829976,-0.0019836965948343,0.041402001510080916
Springfield - MO,2017,464471.59375,2.285830265609918,-0.024968069245653386,0.0008058768659829976,-0.0019836965948343,0.00010327643156049851,-0.009031746536493298,0.022984372650819086
Springfield - MO,2018,468854.875,2.2483022006727182,-0.01641769535638998,0.00010327643156049851,-0.009031746536493298,0.009256632223725303,-0.008544562384486202,0.007385948819896682
Springfield - MO,2019,473242.3125,2.1416462022283267,-0.04743846197031646,0.009256632223725303,-0.008544562384486202,0.020427925616502796,0.0015787351876497963,0.038893899585830255
Springfield - MO,2020,477712.5,2.0616116741201296,-0.03737056476691775,0.020427925616502796,0.0015787351876497963,0.021303450942039504,-0.022286161780357402,0.03894929995456754
Springfield - MO,2021,482994.1875,2.008205406878098,-0.025905105172061366,0.021303450942039504,-0.022286161780357402,-0.0161608326435089,0.015942674130201402,0.003618943391703964
Springfield - MO,2022,488169.90625,2.2095373385816166,0.10025465075134106,-0.0161608326435089,0.016421377658844,-0.0147653713673353,0.004793556407094002,-0.08383327309249705
St. Cloud - MN,2006,182544.0,2.2793728412473806,0.027690466686815695,-0.0105658065229654,-0.016928846016526198,-0.007799274191260301,-0.0068775182589888,-0.04461931270334189
St. Cloud - MN,2007,185074.0,2.08830839335551,-0.08382325367503769,-0.007799274191260301,-0.0068775182589888,-0.022528516419231898,0.006982287857681506,0.07694573541604889
St. Cloud - MN,2008,186916.703125,2.18191572746539,0.04482447822731355,-0.022528516419231898,0.006982287857681506,-0.0194813503921032,0.007085351273417452,-0.037842190369632045
St. Cloud - MN,2009,188386.796875,2.150711236667229,-0.014301418888624781,-0.0194813503921032,0.007085351273417452,-0.014951974441297351,-0.005491865682415666,0.021386770162042233
St. Cloud - MN,2010,189304.90625,2.2340342407882825,0.03874206946078533,-0.014951974441297351,-0.005491865682415666,-0.02462354150414467,-0.003339766990393369,-0.044233935143200995
St. Cloud - MN,2011,189746.703125,2.461757675649904,0.10193372630728745,-0.02462354150414467,-0.003339766990393369,-0.0416245105862617,-0.036186304517090304,-0.10527349329768082
St. Cloud - MN,2022,202477.09375,2.0719916644840035,-0.15832834198963236,-0.0416245105862617,-0.009042300283908802,-0.009656335026025802,0.0099025927484035,0.14928604170572357
Stamford - CT,2006,896514.5,2.3931050361637998,-0.032375219778691164,-0.010895993903279302,-0.0172590333968401,-0.007397713974118203,-0.006475958041846702,0.015116186381851065
Stamford - CT,2007,899073.5,2.4548620691049607,0.025806235834996555,-0.007397713974118203,-0.006475958041846702,-0.043999835208058356,-0.014489030931144953,-0.03228219387684326
Stamford - CT,2008,905511.75,2.653110595983905,0.08075750135779547,-0.043999835208058356,-0.014489030931144953,-0.050992128163576095,-0.024425426498055444,-0.09524653228894042
Stamford - CT,2009,912806.0,2.477531477768643,-0.06617858994685027,-0.050992128163576095,-0.024425426498055444,-0.0036346345990896003,0.005825474159792085,0.04175316344879483
Stamford - CT,2010,922296.375,2.6562118089618294,0.07212030716724244,-0.0036346345990896003,0.005825474159792085,-0.02614010113105178,-0.004856326617300479,-0.06629483300745036
Stamford - CT,2011,931935.4375,2.644196451808752,-0.004523493613174388,-0.02614010113105178,-0.004856326617300479,-0.008893121317029,-0.0034549152478576,-0.0003328330041260912
Stamford - CT,2012,940069.0625,2.7595695485629523,0.043632573773132344,-0.008893121317029,-0.003540514037013099,0.0082322160154581,0.0021054446697235003,-0.04717308781014544
Stamford - CT,2013,946088.9375,2.8269450234936437,0.024415211773074257,0.0082322160154581,0.0021054446697235003,0.0007865660041571007,-0.0012214574962854004,-0.022309767103350756
Stamford - CT,2014,951034.1875,2.797516417656649,-0.010410038254166547,0.0007865660041571007,-0.0012214574962854004,0.022317402228713,-0.007946049794554697,0.009188580757881147
Stamford - CT,2015,952905.1875,2.881643936169579,0.030072216192175108,0.022317402228713,-0.007946049794554697,0.0025267072841525014,-0.010626849718391899,-0.038018265986729805
Stamford - CT,2016,953941.0,2.745794594810484,-0.047143000442890465,0.0025267072841525014,-0.010626849718391899,-0.0024656712114811026,-0.0052552446722984,0.03651615072449857
Stamford - CT,2017,954906.625,2.8158625594604687,0.02551828340780195,-0.0024656712114811026,-0.0052552446722984,0.00026546066999439885,-0.008869562298059398,-0.03077352808010035
Stamford - CT,2018,957042.8125,2.720506505321947,-0.03386388792952754,0.00026546066999439885,-0.008869562298059398,0.006235788732767103,-0.011565405875444402,0.024994325631468143
Stamford - CT,2019,957427.625,2.7257786257290126,0.0019379186915202433,0.006235788732767103,-0.011565405875444402,0.0084696208238602,-0.0103795696049928,-0.013503324566964646
Stamford - CT,2020,952591.3125,2.4094860189646705,-0.11603752549044562,0.0084696208238602,-0.0103795696049928,0.012492118656635298,-0.031097494065761608,0.10565795588545282
Stamford - CT,2021,958922.8125,2.484980188165701,0.031332063604780525,0.012492118656635298,-0.031097494065761608,-0.0364851149916649,-0.004381608217954601,-0.06242955767054213
Stamford - CT,2022,962239.3125,2.450476559011315,-0.013884870921186248,-0.0364851149916649,-0.003902904689312002,-0.022167709454894102,-0.0026087816804648,0.009981966231874246
Stockton - CA,2006,664091.625,3.2949165050619205,0.012802239008047127,0.0124526597857475,0.006089620292186702,0.0011770195364951969,0.002098775468766698,-0.006712618715860425
Stockton - CA,2007,668978.5625,3.226845994417207,-0.020659252075170272,0.0011770195364951969,0.002098775468766698,-0.02828391670435667,0.001226887572556734,0.022758027543936972
Stockton - CA,2008,673231.625,3.316760678528157,0.02786457248548957,-0.02828391670435667,0.001226887572556734,-0.050841268807649595,-0.024274567142128944,-0.026637684912932835
Stockton - CA,2009,680202.0625,3.3006044589635626,-0.004871083907013766,-0.050841268807649595,-0.024274567142128944,-0.0022284064292907996,0.007231702329590885,-0.019403483235115176
Stockton - CA,2010,689548.875,3.412160145041645,0.033798562495159605,-0.0022284064292907996,0.007231702329590885,-0.020883656449616,0.00040011806413529916,-0.02656686016556872
Stockton - CA,2011,697354.6875,3.5361644158260557,0.03634186717895013,-0.020883656449616,0.00040011806413529916,-0.011448273718357091,-0.0060100676491856905,-0.03594174911481483
Stockton - CA,2012,703148.375,3.5469762794340314,0.003057511568067184,-0.011448273718357091,-0.006095666438341189,0.011834161952137899,0.005707390606403299,-0.009153178006408373
Stockton - CA,2013,708431.0625,3.5058124407094318,-0.011605332396293291,0.011834161952137899,0.005707390606403299,0.014554670840501799,0.012546647340059298,0.017312723002696588
Stockton - CA,2014,719484.3125,3.3991155971836204,-0.030434270324005207,0.014554670840501799,0.012546647340059298,0.0833696296215057,0.053106177598238,0.042980917664064505
Stockton - CA,2015,731310.3125,3.352291888282462,-0.013775262288800907,0.0833696296215057,0.053106177598238,0.052689101815223696,0.0395355448126793,0.0668814398870389
Stockton - CA,2016,743292.8125,3.3285622072125975,-0.007078644062233565,0.052689101815223696,0.0395355448126793,0.028843691289424902,0.026054117828607604,0.046614188874912865
Stockton - CA,2017,754781.9375,3.3305490034586307,0.0005968932296737614,0.028843691289424902,0.026054117828607604,0.015664331823587396,0.0065293088555336,0.025457224598933844
Stockton - CA,2018,765204.25,3.3301287261328367,-0.0001261886029473015,0.015664331823587396,0.0065293088555336,0.042557693243026704,0.0247564986348152,0.0066554974584809015
Stockton - CA,2019,775080.0625,3.4382035483826368,0.03245364703222856,0.042557693243026704,0.0247564986348152,0.0320630652010441,0.0132138747721911,-0.0076971483974133635
Stockton - CA,2020,782506.4375,3.3006769311096233,-0.039999556552638434,0.0320630652010441,0.0132138747721911,0.0362526385784149,-0.007336974143982003,0.05321343132482953
Stockton - CA,2021,789866.5625,3.3818738144025757,0.024600069921310225,0.0362526385784149,-0.007336974143982003,-0.0646060695126653,-0.032502562738955,-0.03193704406529223
Stockton - CA,2022,798242.8125,3.3024085774421867,-0.02349739857884878,-0.0646060695126653,-0.0320238592103124,-0.028766752950847102,-0.0092078251764178,-0.00852646063146362
Syracuse - NY,2006,655506.125,2.2060185847066505,-0.025871283630021363,-0.0014836642593144996,-0.007846703752875297,0.002450152397155802,0.003371908329427303,0.018024579877146066
Syracuse - NY,2007,656880.625,2.3553339531191884,0.06768545353501335,0.002450152397155802,0.003371908329427303,-0.03116957546398044,-0.0016587711870670353,-0.06431354520558605
Syracuse - NY,2008,659427.0,2.1243177054911717,-0.09808216254093391,-0.03116957546398044,-0.0016587711870670353,-0.0235017917156219,0.003064909949898751,0.09642339135386688
Syracuse - NY,2009,661563.4375,2.252812203461724,0.060487420331904886,-0.0235017917156219,0.003064909949898751,0.00023895391821859846,0.009699062677100283,-0.05742251038200613
Syracuse - NY,2010,663776.5,2.2643121290120103,0.0051046978228435035,0.00023895391821859846,0.009699062677100283,-0.0208802692294121,0.00040350528433919994,0.00459436485425678
Syracuse - NY,2011,664408.5,2.3990118855535343,0.05948815749191684,-0.0208802692294121,0.00040350528433919994,-0.009759612664580301,-0.004321406595408901,-0.05908465220757764
Syracuse - NY,2012,665097.25,2.3107889359174187,-0.03677470302143146,-0.009759612664580301,-0.0044070053845644,0.001636492684483501,-0.004490278661251099,0.03236769763686706
Syracuse - NY,2013,666803.25,2.3459599481505298,0.015220348205080702,0.001636492684483501,-0.004490278661251099,-0.0036749375835061007,-0.005682961083948602,-0.0197106268663318
Syracuse - NY,2014,666530.875,2.32961279379557,-0.0069682154496487035,-0.0036749375835061007,-0.005682961083948602,0.026992932125926,-0.003270519897341697,0.0012852543657001017
Syracuse - NY,2015,665290.5625,2.423270995878661,0.04020333436205772,0.026992932125926,-0.003270519897341697,0.0142351428866386,0.0010815858840942001,-0.04347385425939941
Syracuse - NY,2016,663500.5,2.300203070348056,-0.05078586990060569,0.0142351428866386,0.0010815858840942001,-0.0087637345343828,-0.011553307995200098,0.051867455784699895
Syracuse - NY,2017,662416.3125,2.3891238912585497,0.038657813328211325,-0.0087637345343828,-0.011553307995200098,-0.00017856413125990137,-0.009313587099313698,-0.05021112132341142
Syracuse - NY,2018,662907.3125,2.407132600575777,0.007537787966173876,-0.00017856413125990137,-0.009313587099313698,0.010442762792110403,-0.007358431816101102,-0.016851375065487575
Syracuse - NY,2019,662428.3125,2.235775215234414,-0.07118734767680632,0.010442762792110403,-0.007358431816101102,0.023758998245000797,0.004909807816147797,0.06382891586070522
Syracuse - NY,2020,659036.3125,2.101470438538555,-0.060070786982839644,0.023758998245000797,0.004909807816147797,0.004907978951931,-0.038681633770465906,0.06498059479898743
Syracuse - NY,2021,656783.375,2.0711363453332434,-0.014434698984586854,0.004907978951931,-0.038681633770465906,-0.014969201683998096,0.017134305089712205,-0.024246934785879054
Syracuse - NY,2022,655151.1875,1.997409047989059,-0.03559751027995303,-0.014969201683998096,0.017613008618354804,0.013975207895040496,0.0335341356694698,0.053210518898307836
Tallahassee - FL,2006,352254.40625,2.226160844449014,-0.04803905978153617,0.0223640144169331,0.016000974923372303,-0.002579967394471201,-0.0016582114621997,0.06404003470490847
Tallahassee - FL,2007,358324.875,2.516374398957142,0.130365043133241,-0.002579967394471201,-0.0016582114621997,-0.0513193321526051,-0.021808527875691694,-0.13202325459544068
Tallahassee - FL,2008,362116.40625,2.628603729055194,0.04459961528163822,-0.0513193321526051,-0.021808527875691694,-0.0229191451370716,0.0036475565284490516,-0.06640814315732992
Tallahassee - FL,2009,365848.6875,2.577684953412421,-0.019371035306670125,-0.0229191451370716,0.0036475565284490516,-0.00538665445894,0.004073454299941685,0.023018591835119177
Tallahassee - FL,2010,369608.3125,2.7082462934138136,0.05065061959125427,-0.00538665445894,0.004073454299941685,-0.016579953365027898,0.004703821148723402,-0.04657716529131258
Tampa - FL,2006,2706494.0,2.4238755037750015,0.03090364791307516,0.028061920434236498,0.0216988809406757,-0.007081941604614301,-0.0061601856723428,-0.00920476697239946
Tampa - FL,2007,2731812.0,2.540731590284726,0.0482104325604719,-0.007081941604614301,-0.0061601856723428,-0.0503753435909748,-0.020864539314061396,-0.0543706182328147
Tampa - FL,2008,2751337.0,2.618539824251429,0.030624342321017645,-0.0503753435909748,-0.020864539314061396,-0.0243443219959736,0.0022223796695470498,-0.051488881635079045
Tampa - FL,2009,2769874.0,2.6634165594061745,0.017138076243531832,-0.0243443219959736,0.0022223796695470498,-0.01170001661777496,-0.0022399078588932753,-0.014915696573984782
Tampa - FL,2010,2791902.0,2.589465745232756,-0.027765395507605546,-0.01170001661777496,-0.0022399078588932753,-0.0203277835324407,0.0009559909813105991,0.02552548764871227
Tampa - FL,2011,2812190.0,2.7084138069061385,0.0459353679006442,-0.0203277835324407,0.0009559909813105991,-0.0021936859041452005,0.0032445201650262,-0.044979376919333604
Tampa - FL,2012,2838855.0,2.633295083727882,-0.027735319834329846,-0.0021936859041452005,0.003158921375870701,0.0089125471562147,0.0027857758104801005,0.030894241210200547
Tampa - FL,2013,2872194.0,2.626696527827517,-0.002505817119068685,0.0089125471562147,0.0027857758104801005,0.008007312953472099,0.005999289453029598,0.0052915929295487855
Tampa - FL,2014,2916133.0,2.7039794756925852,0.02942210759649006,0.008007312953472099,0.005999289453029598,0.0578158890604973,0.0275524370372296,-0.023422818143460464
Tampa - FL,2015,2969158.0,2.6538838383113097,-0.018526633738018394,0.0578158890604973,0.0275524370372296,0.021015204757452,0.0078616477549076,0.04607907077524799
Tampa - FL,2016,3027638.0,2.6754630222161544,0.008131171226610933,0.021015204757452,0.0078616477549076,0.0151132584512234,0.012323684990406102,-0.0002695234717033333
Tampa - FL,2017,3077673.0,2.695634743882059,0.007539525494617376,0.0151132584512234,0.012323684990406102,0.018754214257001897,0.0096191912889481,0.0047841594957887265
Tampa - FL,2018,3118283.0,2.6566149055990977,-0.01447519489482757,0.018754214257001897,0.0096191912889481,0.0252160794734955,0.007414884865283994,0.02409438618377567
Tampa - FL,2019,3154971.0,2.657297263282023,0.00025685231287651383,0.0252160794734955,0.007414884865283994,0.034898305416107195,0.016049114987254195,0.00715803255240748
Tampa - FL,2020,3198518.0,2.4764775287992404,-0.06804648353848547,0.034898305416107195,0.016049114987254195,0.153397446751595,0.1098078340291981,0.08409559852573967
Tampa - FL,2021,3248773.0,2.3944658584489344,-0.0331162586361406,0.153397446751595,0.1098078340291981,-0.0443430970609188,-0.012239590287208502,0.1429240926653387
Tampa - FL,2022,3322632.0,2.5133079342376643,0.049631977574202,-0.0443430970609188,-0.011760886758565903,-0.05007372124493122,-0.03051479347050192,-0.0613928643327679
Toledo - OH,2006,614292.9375,2.2357144457883904,-0.044360110770122,-0.0127713348418474,-0.019134374335408197,-0.0069676161706448,-0.006045860238373299,0.025225736434713805
Toledo - OH,2007,613162.1875,2.2990592429813868,0.028333134096049005,-0.0069676161706448,-0.006045860238373299,-0.025677928060293197,0.003832876216620207,-0.034378994334422305
Toledo - OH,2008,611682.5,2.4143073010006306,0.05012835505264834,-0.025677928060293197,0.003832876216620207,-0.0170122969001532,0.009554404765367449,-0.04629547883602814
Toledo - OH,2009,610627.3125,2.4767871724362274,0.02587900529882895,-0.0170122969001532,0.009554404765367449,-0.01332851702719927,-0.0038684082683175854,-0.016324600533461502
Toledo - OH,2010,610011.75,2.5109146556934085,0.013778932496494064,-0.01332851702719927,-0.0038684082683175854,-0.0259625533297658,-0.0046787788160145005,-0.01764734076481165
Toledo - OH,2011,609245.8125,2.5542562956159216,0.017261295529992407,-0.0259625533297658,-0.0046787788160145005,-0.009767679780721702,-0.004329473711550302,-0.021940074346006908
Toledo - OH,2012,608790.375,2.4170470153434938,-0.05371789843796464,-0.009767679780721702,-0.0044150725007058005,0.0025123959779739004,-0.0036143753677607,0.049302825937258835
Toledo - OH,2013,608830.0625,2.438178309452051,0.008742607807963572,0.0025123959779739004,-0.0036143753677607,-0.00902635574713349,-0.011034379247575991,-0.012356983175724272
Toledo - OH,2014,608338.8125,2.447428095919515,0.003793728469983344,-0.00902635574713349,-0.011034379247575991,0.037982663303613697,0.007719211280346,-0.014828107717559335
Toledo - OH,2015,607922.1875,2.3796275335174966,-0.02770278012051065,0.037982663303613697,0.007719211280346,0.0046131743937731,-0.0085403826087713,0.03542199140085665
Toledo - OH,2016,607998.0,2.3873888254307176,0.0032615574512825296,0.0046131743937731,-0.0085403826087713,0.007117127716541299,0.004327554255724002,-0.01180194006005383
Toledo - OH,2017,607230.3125,2.3239299878941,-0.026580855560957392,0.007117127716541299,0.004327554255724002,0.008222144305706003,-0.0009128786623477936,0.030908409816681394
Toledo - OH,2018,606502.375,2.3777244528530845,0.023148057488483996,0.008222144305706003,-0.0009128786623477936,0.007875065475702301,-0.009926129132509204,-0.02406093615083179
Toledo - OH,2019,606270.8125,2.223945875743623,-0.06467468378219317,0.007875065475702301,-0.009926129132509204,0.027577305316925,0.008728114888072,0.054748554649683964
Toledo - OH,2020,604907.5,2.1508164112809,-0.03288275369483567,0.027577305316925,0.008728114888072,0.025642758488655104,-0.017946854233741802,0.04161086858290767
Toledo - OH,2021,601912.125,2.09293470263431,-0.026911505948626728,0.025642758488655104,-0.017946854233741802,-0.0302806402742863,0.0018228664994240015,0.008964651714884926
Toledo - OH,2022,600935.75,2.1188689495057638,0.012391331100206442,-0.0302806402742863,0.0023015700280666004,-0.0175676707029343,0.0019912570714950006,-0.010089761072139842
Trenton - NJ,2006,362881.59375,2.634807734821707,0.08275363366510854,0.003952068865299196,-0.002410970628261601,0.0087384573221207,0.0096602132543922,-0.08516460429337014
Trenton - NJ,2007,363343.40625,2.656906832468453,0.008387366316973987,0.0087384573221207,0.0096602132543922,-0.03335167589783669,-0.0038408716209232877,0.0012728469374182136
Trenton - NJ,2008,364451.6875,2.597068551188278,-0.02252178380849781,-0.03335167589783669,-0.0038408716209232877,-0.024250632807612398,0.0023160688579082524,0.018680912187574523
Trenton - NJ,2009,366116.90625,2.693389832097859,0.037088463015544824,-0.024250632807612398,0.0023160688579082524,-0.0004418130815029009,0.009018295677378784,-0.03477239415763657
Trenton - NJ,2010,368639.3125,2.559341929779536,-0.049769216739752146,-0.0004418130815029009,0.009018295677378784,-0.0169628703668714,0.004320904146879901,0.05878751241713093
Trenton - NJ,2011,370637.90625,2.617132012373095,0.0225800554123446,-0.0169628703668714,0.004320904146879901,-0.0085395623967052,-0.0031013563275338,-0.0182591512654647
Trenton - NJ,2012,373794.90625,2.4946657059411734,-0.046794088281727354,-0.0085395623967052,-0.003186955116689299,0.007509526461362801,0.0013827551156282009,0.04360713316503806
Trenton - NJ,2013,376261.40625,2.702721493823367,0.08340026777403406,0.007509526461362801,0.0013827551156282009,-0.0005906123518943998,-0.002598635852336901,-0.08201751265840586
Trenton - NJ,2014,377697.21875,2.6103790675346583,-0.03416646017717415,-0.0005906123518943998,-0.002598635852336901,0.030853560358285896,0.0005901083350181996,0.03156782432483725
Trenton - NJ,2015,378977.6875,2.7555419849011678,0.05560989940959297,0.030853560358285896,0.0005901083350181996,0.004832517623901399,-0.008321039378643001,-0.05501979107457477
Trenton - NJ,2016,380855.71875,2.8753015951021363,0.04346136290326347,0.004832517623901399,-0.008321039378643001,-0.010768632687628302,-0.0135582061484456,-0.05178240228190647
Trenton - NJ,2017,383283.125,2.8605173472122996,-0.005141807702893033,-0.010768632687628302,-0.0135582061484456,0.008279193401336697,-0.0008558295667170993,-0.008416398445552566
Trenton - NJ,2018,385240.5,2.5985186658478785,-0.09159136252739399,0.008279193401336697,-0.0008558295667170993,0.023223477572202705,0.0054222829639912,0.09073553296067688
Trenton - NJ,2019,386574.0,2.5924306856896857,-0.0023428656635053726,0.023223477572202705,0.0054222829639912,0.013431450456380799,-0.005417739972472201,0.007765148627496572
Trenton - NJ,2020,385414.625,2.1793184393872616,-0.1593532465816036,0.013431450456380799,-0.005417739972472201,0.025745583951473194,-0.01784402877092371,0.1539355066091314
Trenton - NJ,2021,382129.59375,2.4403360270564223,0.1197702836592107,0.025745583951473194,-0.01784402877092371,-0.004758478999137908,0.027345027774572393,-0.13761431243013442
Trenton - NJ,2022,383128.375,2.407651721789359,-0.013393362596251854,-0.004758478999137908,0.027823731303214992,-0.0174919821172953,0.0020669456571340006,0.041217093899466845
Tucson - AZ,2006,944611.5625,2.5167686617194374,0.015057176632730653,0.007719045162200899,0.001356005668640102,0.001934937298297898,0.002856693230569399,-0.01370117096409055
Tucson - AZ,2007,958839.875,2.499512172130346,-0.0068566053970577105,0.001934937298297898,0.002856693230569399,-0.034795374201610677,-0.005284569924697273,0.009713298627627109
Tucson - AZ,2008,969769.6875,2.781508104216435,0.11282038760617137,-0.034795374201610677,-0.005284569924697273,-0.0265261220782995,0.0000405795872211491,-0.11810495753086864
Tucson - AZ,2009,977065.5,2.9884784630290464,0.07440940348110756,-0.0265261220782995,0.0000405795872211491,-0.01093092112243176,-0.0014708123635500756,-0.07436882389388641
Tucson - AZ,2010,982638.6875,2.6066175716860394,-0.1277776955956251,-0.01093092112243176,-0.0014708123635500756,-0.0208947419822216,0.0003890325315296997,0.12630688323207503
Tucson - AZ,2011,987303.3125,2.812592506829004,0.0790200056119985,-0.0208947419822216,0.0003890325315296997,-0.016855965651571752,-0.011417759582400351,-0.07863097308046879
Tucson - AZ,2012,990459.4375,2.632194623362714,-0.06413936004888092,-0.016855965651571752,-0.01150335837155585,0.0070467019826174,0.0009199306368827993,0.05263600167732507
Tucson - AZ,2013,993667.75,2.6668541914280013,0.013167555224700112,0.0070467019826174,0.0009199306368827993,-0.00817546731233597,-0.010183490812778471,-0.012247624587817313
Tucson - AZ,2014,998826.125,2.700312760857799,0.012546081273337896,-0.00817546731233597,-0.010183490812778471,0.0309889262318611,0.0007254742085934032,-0.022729572086116367
Tucson - AZ,2015,1002831.0,2.6349602349074135,-0.024201835764248662,0.0309889262318611,0.0007254742085934032,0.0337883981764317,0.0206348411738873,0.024927309972842066
Tucson - AZ,2016,1009541.0,2.5529232462900247,-0.031134051865595397,0.0337883981764317,0.0206348411738873,0.023813834130764,0.021024260669946702,0.0517688930394827
Tucson - AZ,2017,1018135.0,2.515635075765539,-0.014606067996236864,0.023813834130764,0.021024260669946702,0.0374983923733234,0.028363369405269602,0.03563032866618357
Tucson - AZ,2018,1027405.0,2.565479139073195,0.019813709781609744,0.0374983923733234,0.028363369405269602,0.0386597878932953,0.020858593285083795,0.008549659623659858
Tucson - AZ,2019,1037720.9375,2.497117140538785,-0.02664687367487487,0.0386597878932953,0.020858593285083795,0.0495042112767696,0.0306550208479166,0.047505466959958664
Tucson - AZ,2020,1046157.9375,2.3779246932664324,-0.04773202079203828,0.0495042112767696,0.0306550208479166,0.112343421459198,0.06875380873680109,0.07838704163995489
Tucson - AZ,2021,1051432.0,2.3237451525090385,-0.022784380393043615,0.112343421459198,0.06875380873680109,-0.039776047617197004,-0.007672540843486703,0.09153818912984471
Tucson - AZ,2022,1061512.0,2.3142927934800137,-0.004067726195714133,-0.039776047617197004,-0.007193837314844104,-0.0289434686154127,-0.009384540840983398,-0.0031261111191299706
Tyler - TX,2006,197070.09375,2.843248562665415,0.11349661282974446,0.011380089104175602,0.005017049610614804,0.0096108234524727,0.0105325793847442,-0.10847956321912966
Tyler - TX,2007,200779.203125,2.819643660416216,-0.008302088870862059,0.0096108234524727,0.0105325793847442,-0.0242731965258718,0.005237607751041602,0.018834668255606257
Tyler - TX,2008,204233.703125,2.9076992085194564,0.03122931785296664,-0.0242731965258718,0.005237607751041602,-0.007662714183330499,0.018903987482190153,-0.02599171010192504
Tyler - TX,2009,207938.09375,3.2282869740078906,0.11025478995527573,-0.007662714183330499,0.018903987482190153,-0.010266356807202101,-0.0008062480483204161,-0.09135080247308558
Tyler - TX,2010,210923.09375,2.6681960752988667,-0.17349476772620243,-0.010266356807202101,-0.0008062480483204161,-0.0149001277685165,0.006383646745234801,0.172688519677882
Tyler - TX,2011,213014.09375,2.739863391374681,0.026859838652519792,-0.0149001277685165,0.006383646745234801,0.00012824656069279974,0.0055664526298642,-0.02047619190728499
Tyler - TX,2012,214827.609375,2.787333908597052,0.017325870104258644,0.00012824656069279974,0.005480853840708701,-0.0065893273428082495,-0.01271609868854285,-0.011845016263549942
Tyler - TX,2013,216676.5,2.7410967675039366,-0.016588303593805174,-0.0065893273428082495,-0.01271609868854285,-0.0017928631827235,-0.003800886683166001,0.003872204905262324
Tyler - TX,2014,219605.390625,2.859230684336632,0.043097317188210395,-0.0017928631827235,-0.003800886683166001,0.0273790398389101,-0.002884412184357598,-0.046898203871376394
Tyler - TX,2015,222179.90625,2.7637514821666604,-0.03339331894170812,0.0273790398389101,-0.002884412184357598,-0.01406733595021069,-0.02722089295275509,0.03050890675735052
Tyler - TX,2016,224563.703125,3.2859932630412265,0.18896119432024738,-0.01406733595021069,-0.02722089295275509,0.008273848980665199,0.005484275519847901,-0.21618208727300248
Tyler - TX,2017,226542.203125,3.1015347369037123,-0.056134785245054226,0.008273848980665199,0.005484275519847901,0.0250389950573444,0.015903972089290605,0.06161906076490213
Tyler - TX,2018,229153.3125,2.8408301457363954,-0.08405664075443517,0.0250389950573444,0.015903972089290605,0.009556950226426102,-0.008244244381785403,0.09996061284372577
Tyler - TX,2019,232045.203125,2.764262607334357,-0.02695252249310056,0.009556950226426102,-0.008244244381785403,0.029213370859622997,0.010364180430769997,0.018708278111315157
Tyler - TX,2020,234944.109375,3.1607783274398686,0.14344357842610367,0.029213370859622997,0.010364180430769997,0.060250869274139,0.016661256551742096,-0.13307939799533366
Tyler - TX,2021,238413.796875,2.6556971196386105,-0.15979646640084313,0.060250869274139,0.016661256551742096,-0.0402430090308189,-0.008139502257108598,0.17645772295258522
Tyler - TX,2022,243131.5,2.875855364543236,0.08290035910969579,-0.0402430090308189,-0.007660798728465999,-0.03517749885469675,-0.01561857108026745,-0.0905611578381618
Vallejo-Fairfield - CA,2006,408339.28125,2.9849058950233958,0.05173127646831522,0.0003731899261475019,-0.005989849567413295,0.0004325985014438996,0.0013543544337154007,-0.057721126035728515
Vallejo-Fairfield - CA,2007,408422.5,3.075416570522349,0.030322790292939498,0.0004325985014438996,0.0013543544337154007,-0.0259799792543054,0.0035308250226080036,-0.028968435859224095
Vallejo-Fairfield - CA,2008,409318.90625,3.117736738015391,0.013760791919598019,-0.0259799792543054,0.0035308250226080036,-0.050941039532423,-0.02437433786690235,-0.010229966896990015
Vallejo-Fairfield - CA,2009,411273.71875,3.026944359728178,-0.02912124592822643,-0.050941039532423,-0.02437433786690235,-0.01369986467435956,-0.004239755915477875,0.004746908061324079
Vallejo-Fairfield - CA,2010,414880.3125,3.076183737962922,0.016267024557783987,-0.01369986467435956,-0.004239755915477875,-0.0162640664428473,0.005019708070903999,-0.020506780473261862
Vallejo-Fairfield - CA,2011,418047.90625,3.070860413779018,-0.001730496172322109,-0.0162640664428473,0.005019708070903999,-0.0035022127479315025,0.001935993321239898,0.006750204243226109
Vallejo-Fairfield - CA,2012,422199.1875,3.142612411725352,0.02336543778557357,-0.0035022127479315025,0.001850394532084399,0.017064229249954203,0.010937457904219603,-0.02151504325348917
Vallejo-Fairfield - CA,2013,427077.5,3.03218378566819,-0.03513911726598666,0.017064229249954203,0.010937457904219603,0.0236650023758411,0.021656978875398598,0.04607657517020626
Vallejo-Fairfield - CA,2014,432838.59375,3.1202433589539966,0.02904163451504025,0.0236650023758411,0.021656978875398598,0.105093108654022,0.0748296566307543,-0.0073846556396416525
Vallejo-Fairfield - CA,2015,438088.90625,3.126361223470729,0.0019607010777465362,0.105093108654022,0.0748296566307543,0.05616316598653791,0.04300960898399351,0.07286895555300776
Vallejo-Fairfield - CA,2016,443999.21875,3.137820569895095,0.0036653942411825264,0.05616316598653791,0.04300960898399351,0.0190072671473026,0.0162176936864853,0.03934421474281098
Vallejo-Fairfield - CA,2017,448726.5,3.0163449676055007,-0.038713367951965345,0.0190072671473026,0.0162176936864853,0.0287831800282001,0.019648157060146304,0.05493106163845064
Vallejo-Fairfield - CA,2018,451481.6875,2.87029282994771,-0.04842023681851376,0.0287831800282001,0.019648157060146304,0.023435755789279904,0.0056345611810684,0.06806839387866007
Vallejo-Fairfield - CA,2019,453266.125,2.9135030460369937,0.015054288412123697,0.023435755789279904,0.0056345611810684,0.041440481424331696,0.022591290995478696,-0.009419727231055297
Vallejo-Fairfield - CA,2020,452355.8125,2.853086467738378,-0.02073674794361226,0.041440481424331696,0.022591290995478696,0.0220158158540726,-0.021573796868324308,0.04332803893909096
Vallejo-Fairfield - CA,2021,450445.1875,2.916883882770458,0.02236084175978434,0.0220158158540726,-0.021573796868324308,-0.07422139395028353,-0.04211788717657323,-0.043934638628108647
Vallejo-Fairfield - CA,2022,449976.59375,2.989619363070715,0.024936021872482943,-0.07422139395028353,-0.04163918364793063,-0.03382851535826921,-0.014269587583839907,-0.06657520552041357
Ventura - CA,2006,798599.0,3.059263493916117,-0.023701563866628722,0.025945344597101197,0.0195823051035404,0.0028674482405185962,0.0037892041727900973,0.04328386897016912
Ventura - CA,2007,801603.1875,3.0786556109965963,0.006338818842850254,0.0028674482405185962,0.0037892041727900973,-0.04592588945478201,-0.016415085177868605,-0.002549614670060157
Ventura - CA,2008,808581.625,3.315228649932542,0.07684296940876868,-0.04592588945478201,-0.016415085177868605,-0.0476148097813129,-0.021048108115792247,-0.09325805458663729
Ventura - CA,2009,817695.3125,3.2935742433866437,-0.006531798808609699,-0.0476148097813129,-0.021048108115792247,-0.0017743252068757997,0.007685783552005885,-0.014516309307182548
Ventura - CA,2010,826438.4375,3.33909154633149,0.013820032457517284,-0.0017743252068757997,0.007685783552005885,-0.0135926123410463,0.007691162172705001,-0.006134248905511399
Ventura - CA,2011,830888.3125,3.273798612970696,-0.019554101004666466,-0.0135926123410463,0.007691162172705001,0.011354123890399897,0.0167923299595713,0.027245263177371467
Ventura - CA,2012,834758.625,3.2478896052209203,-0.007914050561059299,0.011354123890399897,0.0167067311704158,0.021804538220167202,0.015677766874432602,0.024620781731475097
Ventura - CA,2013,839192.3125,3.463853224010265,0.06649352196028682,0.021804538220167202,0.015677766874432602,0.030551618725061402,0.0285435952246189,-0.05081575508585422
Ventura - CA,2014,843563.0,3.271645084578193,-0.05548968937244509,0.030551618725061402,0.0285435952246189,0.0646218156218529,0.034358363598585205,0.084033284597064
Ventura - CA,2015,846570.9375,3.3749276947836804,0.0315690142223369,0.0646218156218529,0.034358363598585205,0.022877637565136,0.0097240805625916,0.002789349376248307
Ventura - CA,2016,848069.1875,3.335506521579993,-0.011680597858323618,0.022877637565136,0.0097240805625916,0.019342669934034298,0.016553096473217,0.021404678420915216
Ventura - CA,2017,848905.0,3.2549190782472146,-0.02416048141755845,0.019342669934034298,0.016553096473217,0.014584444671869298,0.005449421703815502,0.040713577890775454
Ventura - CA,2018,847462.8125,3.3343495660868214,0.02440321431351234,0.014584444671869298,0.005449421703815502,0.013228803098201802,-0.004572391510009703,-0.01895379260969684
Ventura - CA,2019,844914.4375,3.3742893478553966,0.011978282713605315,0.013228803098201802,-0.004572391510009703,0.0412853528857231,0.022436162456870103,-0.016550674223615017
Ventura - CA,2020,842831.75,3.0094462948277045,-0.10812441240688977,0.0412853528857231,0.022436162456870103,0.07848935413360601,0.034899741411209106,0.13056057486375988
Ventura - CA,2021,838578.625,3.0546257574738576,0.015012549891254869,0.07848935413360601,0.034899741411209106,-0.07186724796891213,-0.039763741195201825,0.019887191519954238
Ventura - CA,2022,834390.6875,3.0648651229425248,0.003352085093767775,-0.07186724796891213,-0.039285037666559226,-0.011951423048973103,0.0076075047254562,-0.042637122760327
Waco - TX,2006,242897.296875,2.614449370900694,0.0015717061158874509,0.006542948663234696,0.00017990916967389886,0.013231783270835896,0.014153539203107397,-0.001391796946213552
Waco - TX,2007,245021.890625,2.5545319270727807,-0.02291780613340835,0.013231783270835896,0.014153539203107397,-0.02899570047110319,0.0005151038058102131,0.037071345336515744
Waco - TX,2008,247422.0,2.734008888883401,0.0702582574555181,-0.02899570047110319,0.0005151038058102131,-0.029442530781030696,-0.002875829115510046,-0.06974315364970789
Waco - TX,2009,250553.703125,3.010603011923714,0.10116796772861895,-0.029442530781030696,-0.002875829115510046,-0.01138018414750695,-0.0019200753886252642,-0.104043796844129
Waco - TX,2010,254340.1875,2.8288934643123054,-0.06035652887203487,-0.01138018414750695,-0.0019200753886252642,-0.0204208124130964,0.0008629621006548994,0.0584364534834096
Waco - TX,2011,256154.90625,2.9104370393535186,0.028825254846080322,-0.0204208124130964,0.0008629621006548994,-0.006457932576537101,-0.0010197265073657001,-0.027962292745425422
Waco - TX,2012,257662.203125,2.903112423179007,-0.0025166722644989785,-0.006457932576537101,-0.001105325296521199,0.0024107477068901,-0.0037160236388445005,0.0014113469679777795
Waco - TX,2013,259469.78125,2.627312045832568,-0.09500161796849342,0.0024107477068901,-0.0037160236388445005,0.0097422495633364,0.007734226062893899,0.09128559432964892
Waco - TX,2014,261453.890625,2.7482896204121485,0.046046138589237944,0.0097422495633364,0.007734226062893899,0.0212744643688202,-0.008988987654447497,-0.03831191252634404
Waco - TX,2015,263803.8125,2.72993650073001,-0.006678015135605095,0.0212744643688202,-0.008988987654447497,0.011604877457022702,-0.001548679545521698,-0.002310972518842402
Waco - TX,2016,266583.3125,2.8888559655534096,0.05821361221438788,0.011604877457022702,-0.001548679545521698,-0.00022005876898770205,-0.0030096322298049996,-0.059762291759909575
Waco - TX,2017,270387.09375,2.6003019121775894,-0.09988523374530468,-0.00022005876898770205,-0.0030096322298049996,-0.0041766220480204015,-0.013311645016074198,0.09687560151549968
Waco - TX,2018,273054.6875,2.801601580775362,0.07741396014634183,-0.0041766220480204015,-0.013311645016074198,0.0211890555620193,0.003387860953807796,-0.09072560516241603
Waco - TX,2019,276082.78125,2.7364679242395846,-0.023248722081942504,0.0211890555620193,0.003387860953807796,0.0231793579757214,0.004330167546868401,0.0266365830357503
Waco - TX,2020,278822.6875,2.614965299645716,-0.04440126029528814,0.0231793579757214,0.004330167546868401,0.058536743998528,0.014947131276131093,0.04873142784215654
Waco - TX,2021,281388.5,2.462443722087375,-0.05832642505007809,0.058536743998528,0.014947131276131093,-0.006648095250129701,0.0254554115235806,0.07327355632620919
Waco - TX,2022,283969.59375,2.668418101583533,0.08364632972060643,-0.006648095250129701,0.0259341150522232,-0.032166693158447744,-0.012607765384018442,-0.05771221466838323
Washington - DC,2006,5332093.0,2.557290078656255,0.04135976687326801,0.019938604563474696,0.013575565069913899,0.014660588562488596,0.015582344494760097,-0.027784201803354114
Washington - DC,2007,5390914.0,2.5271141353089113,-0.011799968880808307,0.014660588562488596,0.015582344494760097,-0.016009002283215498,0.013501801993697906,0.027382313375568405
Washington - DC,2008,5471019.0,2.5642994433425392,0.014714534462086128,-0.016009002283215498,0.013501801993697906,0.01208622315526009,0.03865292482078074,-0.0012127324683882217
Washington - DC,2009,5578041.0,2.6421283665951782,0.030350949634489557,0.01208622315526009,0.03865292482078074,0.0338227812349796,0.04328288999386129,0.008301975186291184
Washington - DC,2010,5695154.0,2.6253336116179065,-0.0063565249855421,0.0338227812349796,0.04328288999386129,-0.015561269938945802,0.005722504574805498,0.04963941497940339
Washington - DC,2011,5804092.0,2.6771768512606218,0.019747295891574722,-0.015561269938945802,0.005722504574805498,-0.001747926980257001,0.0036902790889143996,-0.014024791316769224
Washington - DC,2012,5905618.0,2.7183617999936724,0.015383723609315393,-0.001747926980257001,0.0036046802997589007,-0.002170670181512799,-0.0082974415272474,-0.011779043309556493
Washington - DC,2013,5992500.0,2.747351830543418,0.01066452248917461,-0.002170670181512799,-0.0082974415272474,-0.00648327840864658,-0.008491301909089082,-0.018961964016422007
Washington - DC,2014,6067520.0,2.7531851142455426,0.002123238690171921,-0.00648327840864658,-0.008491301909089082,0.0360211750268936,0.0057577230036259044,-0.010614540599261002
Washington - DC,2015,6134479.0,2.765223900155149,0.004372675795505045,0.0360211750268936,0.0057577230036259044,0.0005604068636894007,-0.012593150138855,0.0013850472081208594
Washington - DC,2016,6198826.0,2.706166534723072,-0.021357173076929935,0.0005604068636894007,-0.012593150138855,-0.008172815017402201,-0.010962388478219499,0.008764022938074935
Washington - DC,2017,6261232.0,2.761345285370354,0.020390005544477105,-0.008172815017402201,-0.010962388478219499,0.006763531103730201,-0.002371491864323595,-0.0313523940226966
Washington - DC,2018,6306497.0,2.699922858058307,-0.022243660594516674,0.006763531103730201,-0.002371491864323595,0.0139160781800747,-0.0038851164281368047,0.01987216873019308
Washington - DC,2019,6352307.0,2.6579358089383027,-0.015551203248155003,0.0139160781800747,-0.0038851164281368047,-0.04458717805147171,-0.0634363684803247,0.011666086820018198
Washington - DC,2020,6353219.0,2.675914591464346,0.006764189889606427,-0.04458717805147171,-0.0634363684803247,0.0461108295917511,0.0025212168693541925,-0.07020055836993114
Washington - DC,2021,6359818.0,2.4536483731430385,-0.08306177597382747,0.0461108295917511,0.0025212168693541925,-0.0516285038739443,-0.019524997100233997,0.08558299284318166
Washington - DC,2022,6397366.0,2.424151991081754,-0.012021438109936066,-0.0516285038739443,-0.019046293571591398,-0.0098985105603933,0.009660417214036002,-0.007024855461655332
Wichita - KS,2006,603295.75,2.4244403962697803,-0.019905055134172584,-0.0174316636919975,-0.0237947031855583,-0.0029886447787285005,-0.0020668888464569993,-0.003889648051385714
Wichita - KS,2007,610893.375,2.4672659370480052,0.017664093060038074,-0.0029886447787285005,-0.0020668888464569993,-0.0209055424779654,0.008605261798948004,-0.019730981906495075
Wichita - KS,2008,619686.5625,2.245591226873133,-0.08984629781745303,-0.0209055424779654,0.008605261798948004,-0.0163022267669439,0.01026447489857675,0.09845155961640104
Wichita - KS,2009,628421.875,2.445949290549457,0.0892228564480599,-0.0163022267669439,0.01026447489857675,-0.016096957985078916,-0.006636849226197231,-0.07895838154948315
Wichita - KS,2010,632410.5,2.4758636814168056,0.012230176227663545,-0.016096957985078916,-0.006636849226197231,-0.02217661437392235,-0.0008928398601710484,-0.018867025453860778
Wichita - KS,2011,634669.9375,2.498332027902687,0.009074952976822944,-0.02217661437392235,-0.0008928398601710484,-0.007818705685436701,-0.0023804996162653004,-0.009967792836993993
Wichita - KS,2012,637894.5625,2.4781576886247065,-0.00807512334335975,-0.007818705685436701,-0.0024660984054207993,0.005588351413607601,-0.0005384199321269989,0.005609024937938951
Wichita - KS,2013,640549.6875,2.5152990042597843,0.014987470654335113,0.005588351413607601,-0.0005384199321269989,-0.01221535721234977,-0.01422338071279227,-0.015525890586462112
Wichita - KS,2014,643545.875,2.702769496785827,0.07453209030359899,-0.01221535721234977,-0.01422338071279227,0.0240685419887304,-0.006194910034537298,-0.08875547101639125
Wichita - KS,2015,646528.3125,2.6579928406462843,-0.016566953339081227,0.0240685419887304,-0.006194910034537298,-0.004624669171869749,-0.01777822617441415,0.01037204330454393
Wichita - KS,2016,648473.8125,2.675544098641208,0.006603199875683712,-0.004624669171869749,-0.01777822617441415,-0.009326760940253701,-0.012116334401070999,-0.02438142605009786
Wichita - KS,2017,648724.5,2.7372807240543637,0.023074418935763032,-0.009326760940253701,-0.012116334401070999,-0.0034887769967318003,-0.012623799964785597,-0.03519075333683403
Wichita - KS,2018,649856.0625,2.501340518917629,-0.08619510708688592,-0.0034887769967318003,-0.012623799964785597,0.015392671495676,-0.0024085231125355044,0.07357130712210033
Wichita - KS,2019,653167.8125,2.51411878588324,0.005108567533676011,0.015392671495676,-0.0024085231125355044,0.015118071913719201,-0.0037311185151337987,-0.007517090646211515
Wichita - KS,2020,655920.125,2.339998330915078,-0.06925705179319579,0.015118071913719201,-0.0037311185151337987,0.024252174675464602,-0.019337438046932304,0.06552593327806198
Wichita - KS,2021,656012.8125,2.3568973480778985,0.007221807357534301,0.024252174675464602,-0.019337438046932304,-0.0214178095757961,0.0106856971979142,-0.026559245404466605
Wichita - KS,2022,658156.125,2.3987934450424993,0.017775953203378974,-0.0214178095757961,0.011164400726556799,-0.0106105681359768,0.008948359638452502,-0.006611552476822175
Winston-Salem - NC,2006,615852.8125,2.664564890693706,0.000703858498387812,0.032106613397598294,0.025743573904037496,-0.004200636312365502,-0.003278880380094001,0.025039715405649685
Winston-Salem - NC,2007,625343.375,2.699715126100316,0.013191735554790265,-0.004200636312365502,-0.003278880380094001,-0.0561810222566128,-0.026670217979699394,-0.016470615934884268
Winston-Salem - NC,2008,633588.375,2.8017910841450155,0.03780989966602379,-0.0561810222566128,-0.026670217979699394,-0.0261313865929842,0.00043531507253645116,-0.06448011764572319
Winston-Salem - NC,2009,638597.4375,2.741010970783323,-0.021693306722845897,-0.0261313865929842,0.00043531507253645116,-0.007690882481634621,0.0017692262772470643,0.022128621795382348
Winston-Salem - NC,2010,641870.0,2.7008624110837887,-0.014647354617504693,-0.007690882481634621,0.0017692262772470643,-0.020885375671088703,0.00039839884266259715,0.01641658089475176
Winston-Salem - NC,2011,644404.75,2.758912770615571,0.021493267962690524,-0.020885375671088703,0.00039839884266259715,-0.01967428652942181,-0.01423608046025041,-0.021094869120027927
Winston-Salem - NC,2012,646881.6875,2.651641987881436,-0.03888154198880332,-0.01967428652942181,-0.01432167924940591,0.0131249526888132,0.006998181343078599,0.024559862739397413
Winston-Salem - NC,2013,649692.3125,2.72772991191606,0.028694644443843495,0.0131249526888132,0.006998181343078599,0.0008487299233675,-0.001159293577075001,-0.021696463100764896
Winston-Salem - NC,2014,652744.625,2.7061142721948093,-0.007924406161630263,0.0008487299233675,-0.001159293577075001,0.0265408308953047,-0.0037226211279629967,0.006765112584555262
Winston-Salem - NC,2015,655908.3125,2.7623487267436317,0.020780517336842986,0.0265408308953047,-0.0037226211279629967,0.0289503226876259,0.015796765685081503,-0.024503138464805983
Winston-Salem - NC,2016,660708.375,2.678098196931076,-0.030499599488249072,0.0289503226876259,0.015796765685081503,0.006289183810353299,0.003499610349536001,0.04629636517333058
Winston-Salem - NC,2017,665635.9375,2.644156313656869,-0.012673875555833714,0.006289183810353299,0.003499610349536001,0.026985123962163897,0.0178501009941101,0.016173485905369715
Winston-Salem - NC,2018,669788.875,2.5280077972200483,-0.04392649399618411,0.026985123962163897,0.0178501009941101,0.0262593321204185,0.008458137512206997,0.06177659499029421
Winston-Salem - NC,2019,674204.5,2.525466517532276,-0.001005249940513217,0.0262593321204185,0.008458137512206997,0.0383959134221077,0.0195467229932547,0.009463387452720214
Winston-Salem - NC,2020,677761.25,2.247690296402171,-0.10999006290589425,0.0383959134221077,0.0195467229932547,0.09019569146633101,0.046606078743934104,0.12953678589914894
Winston-Salem - NC,2021,683454.5,2.3137971015288747,0.029410993690954332,0.09019569146633101,0.046606078743934104,-0.029108719825744603,0.0029947869479656983,0.017195085052979772
Winston-Salem - NC,2022,690568.8125,2.38680957668487,0.03155526260610805,-0.029108719825744603,0.003473490476608297,-0.0239438999295235,-0.004384972155094199,-0.028081772129499756
Worcester - MA,2006,902922.4375,2.3097908955726165,-0.011138622013718123,-0.0071628190279007,-0.013525858521461497,0.0017907108217477992,0.0027124667540193003,-0.0023872365077433743
Worcester - MA,2007,906320.6875,2.317302358704922,0.003252010018181012,0.0017907108217477992,0.0027124667540193003,-0.03031701530516148,-0.0008062110282480751,-0.0005395432641617116
Worcester - MA,2008,909930.75,2.2951781202548958,-0.009547411181331919,-0.03031701530516148,-0.0008062110282480751,-0.0262052665501833,0.000361435115337351,0.008741200153083844
Worcester - MA,2009,915020.625,2.3892834230163627,0.041001307014470766,-0.0262052665501833,0.000361435115337351,0.0025452494770288013,0.012005358235910486,-0.040639871899133415
Worcester - MA,2010,921476.9375,2.369652340970604,-0.00821630529750013,0.0025452494770288013,0.012005358235910486,-0.0211005046665668,0.00018326984718449943,0.020221663533410615
Worcester - MA,2011,927860.75,2.359916707619997,-0.0041084648504258765,-0.0211005046665668,0.00018326984718449943,-0.005471265226602601,-0.000033059157431200234,0.004291734697610376
Worcester - MA,2012,934013.625,2.4526117017732516,0.03927892618156792,-0.005471265226602601,-0.00011865794658669909,0.006437484771013302,0.0003107134252787018,-0.03939758412815462
Worcester - MA,2013,940767.25,2.4633125360256147,0.004363036449930644,0.006437484771013302,0.0003107134252787018,0.014029121786356,0.012021098285913499,-0.004052323024651942
Worcester - MA,2014,947693.0,2.439247222661715,-0.00976949250732417,0.014029121786356,0.012021098285913499,0.0420976003408432,0.011834148317575503,0.02179059079323767
Worcester - MA,2015,953126.0,2.429364652933202,-0.004051483439931556,0.0420976003408432,0.011834148317575503,0.0150242078006268,0.0018706507980824003,0.01588563175750706
Worcester - MA,2016,959015.625,2.263012794922923,-0.06847545830940885,0.0150242078006268,0.0018706507980824003,-0.0009511991441249999,-0.0037407726049422975,0.07034610910749126
Worcester - MA,2017,967248.75,2.3258628206630996,0.027772722222861923,-0.0009511991441249999,-0.0037407726049422975,0.016521778166294097,0.007386755198240301,-0.03151349482780422
Worcester - MA,2018,973308.6875,2.293237917408247,-0.014027010950521644,0.016521778166294097,0.007386755198240301,0.025981816619634602,0.008180622011423097,0.021413766148761944
Worcester - MA,2019,976917.125,2.2946888583758014,0.0006327040716272837,0.025981816619634602,0.008180622011423097,0.015274528518319098,-0.0035746619105339016,0.0075479179397958136
Worcester - MA,2020,974156.1875,2.0822327444036577,-0.09258602236929053,0.015274528518319098,-0.0035746619105339016,0.030728502452373505,-0.012861110270023401,0.08901136045875663
Worcester - MA,2021,979171.8125,2.249585039409443,0.08037156050665904,0.030728502452373505,-0.012861110270023401,-0.0348219554126263,-0.0027184486389160017,-0.09323267077668244
Worcester - MA,2022,984471.5,2.1649617241779153,-0.037617299968238954,-0.0348219554126263,-0.002239745110273403,0.008707498401403398,0.0282664261758327,0.03537755485796555
York - PA,2006,419738.40625,2.495873576528488,0.07205172742630998,-0.006283702671527901,-0.012646742165088699,0.006040948539972297,0.006962704472243798,-0.08469846959139868
York - PA,2007,426036.1875,2.259447028799182,-0.0947269725328604,0.006040948539972297,0.006962704472243798,-0.03047605912387371,-0.0009652548469603062,0.1016896770051042
York - PA,2008,430323.0,2.4113191715001885,0.06721650951105562,-0.03047605912387371,-0.0009652548469603062,-0.0250317516773939,0.0015349499881267513,-0.06818176435801593
York - PA,2009,433688.1875,2.478485533759196,0.027854612965740388,-0.0250317516773939,0.0015349499881267513,-0.0008391953855753,0.008620913373306385,-0.026319662977613636
York - PA,2010,436078.875,2.485287076359852,0.0027442333263651073,-0.0008391953855753,0.008620913373306385,-0.02601118652895093,-0.00472741201519963,0.005876680046941278
York - PA,2011,437839.28125,2.4845872420871262,-0.00028159091936799804,-0.02601118652895093,-0.00472741201519963,-0.0097225423008204,-0.004284336231649,-0.004445821095831632
York - PA,2012,439478.90625,2.487603995459224,0.0012141869365647885,-0.0097225423008204,-0.004369935020804499,-0.0015287365391849998,-0.0076555078849196,-0.005584121957369287
York - PA,2013,441540.09375,2.6087681953281,0.04870718976575226,-0.0015287365391849998,-0.0076555078849196,-0.0031125379577279007,-0.005120561458170402,-0.05636269765067186
York - PA,2014,443701.8125,2.5043289570484326,-0.040033928068696094,-0.0031125379577279007,-0.005120561458170402,0.0316278582215309,0.001364406198263203,0.034913366610525694
York - PA,2015,445776.875,2.6135158327354358,0.043599254554676906,0.0316278582215309,0.001364406198263203,0.015791530057787898,0.0026379730552434973,-0.0422348483564137
York - PA,2016,448468.5,2.6148229881033047,0.0005001520754136117,0.015791530057787898,0.0026379730552434973,0.013782115370035198,0.0109925419092179,0.0021378209798298855
York - PA,2017,451118.40625,2.6625621966756587,0.01825714734402816,0.013782115370035198,0.0109925419092179,0.015329245686531101,0.006194222718477305,-0.007264605434810261
York - PA,2018,453814.6875,2.4614210258935816,-0.07554421490442999,0.015329245686531101,0.006194222718477305,-0.001850874006748198,-0.019652068614959703,0.08173843762290729
York - PA,2019,455449.5,2.4290193914794616,-0.013163792001962406,-0.001850874006748198,-0.019652068614959703,0.0396193769872189,0.0207701865583659,-0.0064882766129972964
York - PA,2020,457367.09375,2.2284178483427333,-0.08258540209287764,0.0396193769872189,0.0207701865583659,0.039169265210628496,-0.0044203475117684105,0.10335558865124354
York - PA,2021,459692.1875,2.5635881385856623,0.150407290307872,0.039169265210628496,-0.0044203475117684105,-0.0693052112311125,-0.037201704457402195,-0.15482763781964043
York - PA,2022,462449.3125,2.3249200180858742,-0.09309924511956191,-0.0693052112311125,-0.036723000928759596,-0.009859728425741201,0.009699199348688101,0.05637624419080232
Youngstown - OH,2006,579168.1875,2.3871801175851437,0.008335492953414975,-0.008378904655575801,-0.014741944149136599,-0.006670704945921903,-0.005748949013650402,-0.023077437102551574
Youngstown - OH,2007,574391.4375,2.3767435214465906,-0.004371934929279938,-0.006670704945921903,-0.005748949013650402,-0.023132165253162397,0.0063786390237510066,-0.001377014084370464
Youngstown - OH,2008,570277.25,2.09849232242538,-0.11707245502529223,-0.023132165253162397,0.0063786390237510066,-0.017644426509738,0.008922275155782651,0.12345109404904324
Youngstown - OH,2009,567399.125,2.18888978200334,0.04307733633901556,-0.017644426509738,0.008922275155782651,-0.01486240984778851,-0.005402301088906825,-0.03415506118323291
Youngstown - OH,2010,564621.25,2.4217948942635603,0.10640330736390864,-0.01486240984778851,-0.005402301088906825,-0.02665653020888567,-0.00537275569513437,-0.11180560845281547
Youngstown - OH,2011,562686.1875,2.329228052306162,-0.038222411888248146,-0.02665653020888567,-0.00537275569513437,-0.015247361086308961,-0.00980915501713756,0.03284965619311378
Youngstown - OH,2012,560176.0,2.4031425112441585,0.031733457299217144,-0.015247361086308961,-0.00989475380629306,-0.00528234556317329,-0.01140911690890789,-0.0416282111055102
Youngstown - OH,2013,558345.8125,2.304524801684902,-0.04103697932928669,-0.00528234556317329,-0.01140911690890789,-0.012978382347151641,-0.014986405847594142,0.0296278624203788
Youngstown - OH,2014,556195.375,2.298526100317124,-0.002603010114446245,-0.012978382347151641,-0.014986405847594142,0.024271976366639098,-0.005991475656628598,-0.012383395733147897
Youngstown - OH,2015,552832.6875,2.1702639518760547,-0.055801910808571185,0.024271976366639098,-0.005991475656628598,-0.0014777488186954995,-0.0146313058212399,0.049810435151942584
Youngstown - OH,2016,549637.8125,2.3419604022691023,0.07911316512658609,-0.0014777488186954995,-0.0146313058212399,-0.0055060389488935015,-0.008295612409710799,-0.09374447094782598
Youngstown - OH,2017,547141.125,2.301924147915386,-0.017095188422027018,-0.0055060389488935015,-0.008295612409710799,0.0012414010465145002,-0.007893621921539296,0.00879957601231622
Youngstown - OH,2018,544739.6875,2.318178079230704,0.007061019508413233,0.0012414010465145002,-0.007893621921539296,0.004883672267198602,-0.012917522341012903,-0.01495464142995253
Youngstown - OH,2019,542408.8125,2.1515874694823505,-0.07186273187590364,0.004883672267198602,-0.012917522341012903,0.0181282629370689,-0.0007209274917840992,0.05894520953489074
Youngstown - OH,2020,539697.5,2.07295993793659,-0.036543962381727975,0.0181282629370689,-0.0007209274917840992,0.001197910189628601,-0.042391702532768305,0.03582303488994387
Youngstown - OH,2021,537452.0625,2.0807568891463366,0.0037612647823321997,0.001197910189628601,-0.042391702532768305,-0.004667030572891195,0.027436476200819106,-0.046152967315100504
Youngstown - OH,2022,535569.5625,2.0832575562451536,0.0012018064733371903,-0.004667030572891195,0.027915179729461705,0.011523758262395899,0.0310826860368252,0.026713373256124516
